2026-07-01 19:08:16 INFO: Warehouse initialization | grid=25x24, physical=54x29, num_skus=12000, num_robots=20, num_ws=4
2026-07-01 19:08:17 INFO: Warehouse initialized | 600 pods  (average number of skus per pod = 21.94), 4 workstations, 20 robots
2026-07-01 19:08:17 INFO: [OptManager] Building time-space network ...
2026-07-01 19:08:18 INFO: [OptManager] Network ready: 60400 nodes, 455968 travelling arcs, 59796 idle arcs.
2026-07-01 19:08:18 INFO: 
=============================================
2026-07-01 19:08:18 INFO:   START SIMULATION  {TIME HORIZON = 01:00:00}
2026-07-01 19:08:18 DEBUG:    EVENT NUM 1     current_time = 00:00:00   ARRIVAL_ORDER         [queue size = 1]
2026-07-01 19:08:18 DEBUG: Order 0 arrived: items_required = [5093, 6591].     [orders_in_system = 1]
2026-07-01 19:08:18 DEBUG: Order 1 arrived: items_required = [7435].     [orders_in_system = 2]
2026-07-01 19:08:18 DEBUG: Order 2 arrived: items_required = [1644].     [orders_in_system = 3]
2026-07-01 19:08:18 DEBUG: Order 3 arrived: items_required = [2328].     [orders_in_system = 4]
2026-07-01 19:08:18 DEBUG: Order 4 arrived: items_required = [2692].     [orders_in_system = 5]
2026-07-01 19:08:18 DEBUG: Order 5 arrived: items_required = [6858].     [orders_in_system = 6]
2026-07-01 19:08:18 DEBUG: Order 6 arrived: items_required = [4940, 8436].     [orders_in_system = 7]
2026-07-01 19:08:18 DEBUG: Order 7 arrived: items_required = [6812, 6160, 6745, 5149, 8365].     [orders_in_system = 8]
2026-07-01 19:08:18 DEBUG: Order 8 arrived: items_required = [6773].     [orders_in_system = 9]
2026-07-01 19:08:18 DEBUG: Order 9 arrived: items_required = [9821].     [orders_in_system = 10]
2026-07-01 19:08:18 DEBUG: Order 10 arrived: items_required = [7791].     [orders_in_system = 11]
2026-07-01 19:08:18 DEBUG: Order 11 arrived: items_required = [5107, 5155].     [orders_in_system = 12]
2026-07-01 19:08:18 DEBUG: Order 12 arrived: items_required = [1913].     [orders_in_system = 13]
2026-07-01 19:08:18 DEBUG: Order 13 arrived: items_required = [5948].     [orders_in_system = 14]
2026-07-01 19:08:18 DEBUG: Order 14 arrived: items_required = [4253].     [orders_in_system = 15]
2026-07-01 19:08:18 DEBUG: Order 15 arrived: items_required = [1787].     [orders_in_system = 16]
2026-07-01 19:08:18 DEBUG: Order 16 arrived: items_required = [3383].     [orders_in_system = 17]
2026-07-01 19:08:18 DEBUG: Order 17 arrived: items_required = [5834].     [orders_in_system = 18]
2026-07-01 19:08:18 DEBUG: Order 18 arrived: items_required = [5182].     [orders_in_system = 19]
2026-07-01 19:08:18 DEBUG: Order 19 arrived: items_required = [3217].     [orders_in_system = 20]
2026-07-01 19:08:18 DEBUG: Order 20 arrived: items_required = [4806, 2578].     [orders_in_system = 21]
2026-07-01 19:08:18 DEBUG: Order 21 arrived: items_required = [5090].     [orders_in_system = 22]
2026-07-01 19:08:18 DEBUG: Order 22 arrived: items_required = [3057].     [orders_in_system = 23]
2026-07-01 19:08:18 DEBUG: Order 23 arrived: items_required = [4497, 7893, 6942, 6446].     [orders_in_system = 24]
2026-07-01 19:08:18 DEBUG: Order 24 arrived: items_required = [7731].     [orders_in_system = 25]
2026-07-01 19:08:18 DEBUG: Order 25 arrived: items_required = [2403].     [orders_in_system = 26]
2026-07-01 19:08:18 DEBUG: Order 26 arrived: items_required = [4985].     [orders_in_system = 27]
2026-07-01 19:08:18 DEBUG: Order 27 arrived: items_required = [10122, 5686].     [orders_in_system = 28]
2026-07-01 19:08:18 DEBUG: Order 28 arrived: items_required = [10461, 8685, 6149].     [orders_in_system = 29]
2026-07-01 19:08:18 DEBUG: Order 29 arrived: items_required = [6506, 2180, 4849].     [orders_in_system = 30]
2026-07-01 19:08:18 DEBUG: Order 30 arrived: items_required = [6039, 5305].     [orders_in_system = 31]
2026-07-01 19:08:18 DEBUG: Order 31 arrived: items_required = [6222].     [orders_in_system = 32]
2026-07-01 19:08:18 DEBUG: Order 32 arrived: items_required = [8001].     [orders_in_system = 33]
2026-07-01 19:08:18 DEBUG: Order 33 arrived: items_required = [2544].     [orders_in_system = 34]
2026-07-01 19:08:18 DEBUG: Order 34 arrived: items_required = [5925, 8393, 3412].     [orders_in_system = 35]
2026-07-01 19:08:18 DEBUG: Order 35 arrived: items_required = [7487].     [orders_in_system = 36]
2026-07-01 19:08:18 DEBUG: Order 36 arrived: items_required = [6291].     [orders_in_system = 37]
2026-07-01 19:08:18 DEBUG: Order 37 arrived: items_required = [5925].     [orders_in_system = 38]
2026-07-01 19:08:18 DEBUG: Order 38 arrived: items_required = [5510, 4598, 7928, 9707].     [orders_in_system = 39]
2026-07-01 19:08:18 DEBUG: Order 39 arrived: items_required = [3233].     [orders_in_system = 40]
2026-07-01 19:08:18 DEBUG: Order 40 arrived: items_required = [1421, 7328].     [orders_in_system = 41]
2026-07-01 19:08:18 DEBUG: Order 41 arrived: items_required = [689, 6019, 4637, 7277, 6290, 5373, 4137].     [orders_in_system = 42]
2026-07-01 19:08:18 DEBUG: Order 42 arrived: items_required = [8501, 4185].     [orders_in_system = 43]
2026-07-01 19:08:18 DEBUG: Order 43 arrived: items_required = [3899, 4637, 6784, 8657].     [orders_in_system = 44]
2026-07-01 19:08:18 DEBUG: Order 44 arrived: items_required = [5168, 5741, 7534, 9365, 7849, 1571].     [orders_in_system = 45]
2026-07-01 19:08:18 DEBUG: Order 45 arrived: items_required = [7452].     [orders_in_system = 46]
2026-07-01 19:08:18 DEBUG: Order 46 arrived: items_required = [6426].     [orders_in_system = 47]
2026-07-01 19:08:18 DEBUG: Order 47 arrived: items_required = [9989, 11281, 4845, 4021, 5117].     [orders_in_system = 48]
2026-07-01 19:08:18 DEBUG: Order 48 arrived: items_required = [5114, 9208, 4974, 9320].     [orders_in_system = 49]
2026-07-01 19:08:18 DEBUG: Order 49 arrived: items_required = [6644].     [orders_in_system = 50]
2026-07-01 19:08:18 DEBUG: Order 50 arrived: items_required = [4645].     [orders_in_system = 51]
2026-07-01 19:08:18 DEBUG: Order 51 arrived: items_required = [3785, 8349, 7579].     [orders_in_system = 52]
2026-07-01 19:08:18 DEBUG: Order 52 arrived: items_required = [10353].     [orders_in_system = 53]
2026-07-01 19:08:18 DEBUG: Order 53 arrived: items_required = [2424, 3792, 2756, 5039, 4817, 5973, 3640, 5866, 5131, 6603, 3119].     [orders_in_system = 54]
2026-07-01 19:08:18 DEBUG: Order 54 arrived: items_required = [4574].     [orders_in_system = 55]
2026-07-01 19:08:18 DEBUG: Order 55 arrived: items_required = [6484].     [orders_in_system = 56]
2026-07-01 19:08:18 DEBUG: Order 56 arrived: items_required = [6091].     [orders_in_system = 57]
2026-07-01 19:08:18 DEBUG: Order 57 arrived: items_required = [3010].     [orders_in_system = 58]
2026-07-01 19:08:18 DEBUG: Order 58 arrived: items_required = [5696, 4886, 7137].     [orders_in_system = 59]
2026-07-01 19:08:18 DEBUG: Order 59 arrived: items_required = [6779].     [orders_in_system = 60]
2026-07-01 19:08:18 DEBUG: Order 60 arrived: items_required = [3973, 5760].     [orders_in_system = 61]
2026-07-01 19:08:18 DEBUG: Order 61 arrived: items_required = [9222].     [orders_in_system = 62]
2026-07-01 19:08:18 DEBUG: Order 62 arrived: items_required = [3054].     [orders_in_system = 63]
2026-07-01 19:08:18 DEBUG: Order 63 arrived: items_required = [6384, 3672, 7048].     [orders_in_system = 64]
2026-07-01 19:08:18 DEBUG: Order 64 arrived: items_required = [4008].     [orders_in_system = 65]
2026-07-01 19:08:18 DEBUG: Order 65 arrived: items_required = [5087].     [orders_in_system = 66]
2026-07-01 19:08:18 DEBUG: Order 66 arrived: items_required = [4529, 8028, 6580, 7678].     [orders_in_system = 67]
2026-07-01 19:08:18 DEBUG: Order 67 arrived: items_required = [7131, 6786].     [orders_in_system = 68]
2026-07-01 19:08:18 DEBUG: Order 68 arrived: items_required = [3924, 7537, 3726, 4177, 4900, 6580, 2349].     [orders_in_system = 69]
2026-07-01 19:08:18 DEBUG: Order 69 arrived: items_required = [7318].     [orders_in_system = 70]
2026-07-01 19:08:18 DEBUG: Order 70 arrived: items_required = [3321].     [orders_in_system = 71]
2026-07-01 19:08:18 DEBUG: Order 71 arrived: items_required = [7508].     [orders_in_system = 72]
2026-07-01 19:08:18 DEBUG: Order 72 arrived: items_required = [4233].     [orders_in_system = 73]
2026-07-01 19:08:18 DEBUG: Order 73 arrived: items_required = [2879].     [orders_in_system = 74]
2026-07-01 19:08:18 DEBUG: Order 74 arrived: items_required = [4273, 6643].     [orders_in_system = 75]
2026-07-01 19:08:18 DEBUG: Order 75 arrived: items_required = [7130].     [orders_in_system = 76]
2026-07-01 19:08:18 DEBUG: Order 76 arrived: items_required = [5666].     [orders_in_system = 77]
2026-07-01 19:08:18 DEBUG: Order 77 arrived: items_required = [3700, 7892, 7591, 7854].     [orders_in_system = 78]
2026-07-01 19:08:18 DEBUG: Order 78 arrived: items_required = [5879, 10318, 5810].     [orders_in_system = 79]
2026-07-01 19:08:18 DEBUG: Order 79 arrived: items_required = [4923, 5925].     [orders_in_system = 80]
2026-07-01 19:08:18 DEBUG: Order 80 arrived: items_required = [8985].     [orders_in_system = 81]
2026-07-01 19:08:18 DEBUG: Order 81 arrived: items_required = [6125, 3434].     [orders_in_system = 82]
2026-07-01 19:08:18 DEBUG: Order 82 arrived: items_required = [8897].     [orders_in_system = 83]
2026-07-01 19:08:18 DEBUG: Order 83 arrived: items_required = [5187, 4443, 6584].     [orders_in_system = 84]
2026-07-01 19:08:18 DEBUG: Order 84 arrived: items_required = [9323].     [orders_in_system = 85]
2026-07-01 19:08:18 DEBUG: Order 85 arrived: items_required = [4764].     [orders_in_system = 86]
2026-07-01 19:08:18 DEBUG: Order 86 arrived: items_required = [8331].     [orders_in_system = 87]
2026-07-01 19:08:18 DEBUG: Order 87 arrived: items_required = [7426, 7761, 6024].     [orders_in_system = 88]
2026-07-01 19:08:18 DEBUG: Order 88 arrived: items_required = [6269, 3705].     [orders_in_system = 89]
2026-07-01 19:08:18 DEBUG: Order 89 arrived: items_required = [6464, 8180].     [orders_in_system = 90]
2026-07-01 19:08:18 DEBUG: Order 90 arrived: items_required = [3881].     [orders_in_system = 91]
2026-07-01 19:08:18 DEBUG: Order 91 arrived: items_required = [6659].     [orders_in_system = 92]
2026-07-01 19:08:18 DEBUG: Order 92 arrived: items_required = [6458].     [orders_in_system = 93]
2026-07-01 19:08:18 DEBUG: Order 93 arrived: items_required = [5177, 8050, 6983].     [orders_in_system = 94]
2026-07-01 19:08:18 DEBUG: Order 94 arrived: items_required = [4692].     [orders_in_system = 95]
2026-07-01 19:08:18 DEBUG: Order 95 arrived: items_required = [6000, 3701].     [orders_in_system = 96]
2026-07-01 19:08:18 DEBUG: Order 96 arrived: items_required = [6024].     [orders_in_system = 97]
2026-07-01 19:08:18 DEBUG: Order 97 arrived: items_required = [8927, 6249].     [orders_in_system = 98]
2026-07-01 19:08:18 DEBUG: Order 98 arrived: items_required = [5119, 2719].     [orders_in_system = 99]
2026-07-01 19:08:18 DEBUG: Order 99 arrived: items_required = [6598].     [orders_in_system = 100]
2026-07-01 19:08:18 DEBUG:    EVENT NUM 2     current_time = 00:00:01   RUN_OPTIMIZER         [queue size = 1]
2026-07-01 19:08:18 INFO: Solving stage 1 ... 
2026-07-01 19:08:18 INFO: 
[ls_stage1] Building initial solution ...
2026-07-01 19:08:18 INFO: [ls_stage1] Feasible initial solution: obj = 179.0000
2026-07-01 19:08:20 INFO: [ls_stage1] Iter 1: Improved with move ('swap', 29, 73) → 177.0000
2026-07-01 19:08:21 INFO: [ls_stage1] Iter 2: Improved with move ('swap', 47, 60) → 175.0000
2026-07-01 19:08:23 INFO: [ls_stage1] Iter 3: Improved with move ('swap', 40, 66) → 173.0000
2026-07-01 19:08:25 INFO: [ls_stage1] Iter 4: Improved with move ('swap', 22, 80) → 171.0000
2026-07-01 19:08:26 INFO: [ls_stage1] Iter 5: Improved with move ('swap', 20, 72) → 170.0000
2026-07-01 19:08:28 INFO: [ls_stage1] Iter 6: Improved with move ('swap', 30, 77) → 169.0000
2026-07-01 19:08:30 INFO: [ls_stage1] Iter 7: Improved with move ('swap', 11, 99) → 168.0000
2026-07-01 19:08:31 INFO: [ls_stage1] Iter 8: Improved with move ('swap', 32, 88) → 167.0000
2026-07-01 19:08:33 INFO: [ls_stage1] Iter 9: No improvement
2026-07-01 19:08:35 INFO: [ls_stage1] Iter 10: Improved with move ('swap', 79, 94) → 166.0000
2026-07-01 19:08:37 INFO: [ls_stage1] Iter 11: No improvement
2026-07-01 19:08:38 INFO: [ls_stage1] Iter 12: No improvement
2026-07-01 19:08:40 INFO: [ls_stage1] Converged after 3 iters without improvement
2026-07-01 19:08:40 INFO: Stage 1 solved.
2026-07-01 19:08:40 INFO: Solving stage 2 ... 
2026-07-01 19:08:41 INFO: [ls_stage2] Building initial solution ...
2026-07-01 19:12:38 INFO: [ls_stage2] Feasible initial solution: obj = -105.5445
2026-07-01 19:20:38 INFO: [ls_stage2] Iter 1: no improvement
2026-07-01 19:28:32 INFO: [ls_stage2] Iter 2: no improvement
2026-07-01 19:36:21 INFO: [ls_stage2] Iter 3: no improvement
2026-07-01 19:44:10 INFO: [ls_stage2] Iter 4: no improvement
2026-07-01 19:44:10 INFO: [ls_stage2] Converged after 5 iters without improvement
2026-07-01 19:44:10 INFO: Stage 2 solved.
2026-07-01 19:44:24 DEBUG: Order 30 will be opened at workstation 0. [opened orders = 0 / 4]
2026-07-01 19:44:24 DEBUG: Order 33 will be opened at workstation 0. [opened orders = 0 / 4]
2026-07-01 19:44:24 DEBUG: Order 41 will be opened at workstation 0. [opened orders = 0 / 4]
2026-07-01 19:44:24 DEBUG: Order 40 will be opened at workstation 0. [opened orders = 0 / 4]
2026-07-01 19:44:24 DEBUG: Order 11 queued at workstation 0. [order_queue len = 1]
2026-07-01 19:44:24 DEBUG: Order 64 queued at workstation 0. [order_queue len = 2]
2026-07-01 19:44:24 DEBUG: Order 19 queued at workstation 0. [order_queue len = 3]
2026-07-01 19:44:24 DEBUG: Order 18 queued at workstation 0. [order_queue len = 4]
2026-07-01 19:44:24 DEBUG: Order 36 queued at workstation 0. [order_queue len = 5]
2026-07-01 19:44:24 DEBUG: Order 13 queued at workstation 0. [order_queue len = 6]
2026-07-01 19:44:24 DEBUG: Order 50 queued at workstation 0. [order_queue len = 7]
2026-07-01 19:44:24 DEBUG: Order 12 queued at workstation 0. [order_queue len = 8]
2026-07-01 19:44:24 DEBUG: Order 25 queued at workstation 0. [order_queue len = 9]
2026-07-01 19:44:24 DEBUG: Order 65 queued at workstation 0. [order_queue len = 10]
2026-07-01 19:44:24 DEBUG: Order 14 queued at workstation 0. [order_queue len = 11]
2026-07-01 19:44:24 DEBUG: Order 35 queued at workstation 0. [order_queue len = 12]
2026-07-01 19:44:24 DEBUG: Order 2 queued at workstation 0. [order_queue len = 13]
2026-07-01 19:44:24 DEBUG: Order 27 queued at workstation 0. [order_queue len = 14]
2026-07-01 19:44:24 DEBUG: Order 21 queued at workstation 0. [order_queue len = 15]
2026-07-01 19:44:24 DEBUG: Order 8 queued at workstation 0. [order_queue len = 16]
2026-07-01 19:44:24 DEBUG: Order 51 queued at workstation 0. [order_queue len = 17]
2026-07-01 19:44:24 DEBUG: Order 60 queued at workstation 0. [order_queue len = 18]
2026-07-01 19:44:24 DEBUG: Order 59 queued at workstation 0. [order_queue len = 19]
2026-07-01 19:44:24 DEBUG: Order 71 queued at workstation 0. [order_queue len = 20]
2026-07-01 19:44:24 DEBUG: Order 53 queued at workstation 0. [order_queue len = 21]
2026-07-01 19:44:24 DEBUG: Order 42 queued at workstation 0. [order_queue len = 22]
2026-07-01 19:44:24 DEBUG: Order 24 queued at workstation 0. [order_queue len = 23]
2026-07-01 19:44:24 DEBUG: Order 80 queued at workstation 0. [order_queue len = 24]
2026-07-01 19:44:24 DEBUG: Order 28 will be opened at workstation 1. [opened orders = 0 / 4]
2026-07-01 19:44:24 DEBUG: Order 44 will be opened at workstation 1. [opened orders = 0 / 4]
2026-07-01 19:44:24 DEBUG: Order 77 will be opened at workstation 1. [opened orders = 0 / 4]
2026-07-01 19:44:24 DEBUG: Order 20 will be opened at workstation 1. [opened orders = 0 / 4]
2026-07-01 19:44:24 DEBUG: Order 97 queued at workstation 1. [order_queue len = 1]
2026-07-01 19:44:24 DEBUG: Order 54 queued at workstation 1. [order_queue len = 2]
2026-07-01 19:44:24 DEBUG: Order 99 queued at workstation 1. [order_queue len = 3]
2026-07-01 19:44:24 DEBUG: Order 98 queued at workstation 1. [order_queue len = 4]
2026-07-01 19:44:24 DEBUG: Order 31 queued at workstation 1. [order_queue len = 5]
2026-07-01 19:44:24 DEBUG: Order 6 queued at workstation 1. [order_queue len = 6]
2026-07-01 19:44:24 DEBUG: Order 67 queued at workstation 1. [order_queue len = 7]
2026-07-01 19:44:24 DEBUG: Order 34 queued at workstation 1. [order_queue len = 8]
2026-07-01 19:44:24 DEBUG: Order 47 queued at workstation 1. [order_queue len = 9]
2026-07-01 19:44:24 DEBUG: Order 82 queued at workstation 1. [order_queue len = 10]
2026-07-01 19:44:24 DEBUG: Order 90 queued at workstation 1. [order_queue len = 11]
2026-07-01 19:44:24 DEBUG: Order 49 queued at workstation 1. [order_queue len = 12]
2026-07-01 19:44:24 DEBUG: Order 58 queued at workstation 1. [order_queue len = 13]
2026-07-01 19:44:24 DEBUG: Order 37 queued at workstation 1. [order_queue len = 14]
2026-07-01 19:44:24 DEBUG: Order 32 queued at workstation 1. [order_queue len = 15]
2026-07-01 19:44:24 DEBUG: Order 4 queued at workstation 1. [order_queue len = 16]
2026-07-01 19:44:24 DEBUG: Order 61 queued at workstation 1. [order_queue len = 17]
2026-07-01 19:44:24 DEBUG: Order 79 queued at workstation 1. [order_queue len = 18]
2026-07-01 19:44:24 DEBUG: Order 74 queued at workstation 1. [order_queue len = 19]
2026-07-01 19:44:24 DEBUG: Order 16 queued at workstation 1. [order_queue len = 20]
2026-07-01 19:44:24 DEBUG: Order 62 queued at workstation 1. [order_queue len = 21]
2026-07-01 19:44:24 DEBUG: Order 22 queued at workstation 1. [order_queue len = 22]
2026-07-01 19:44:24 DEBUG: Order 85 queued at workstation 1. [order_queue len = 23]
2026-07-01 19:44:24 DEBUG: Order 9 queued at workstation 1. [order_queue len = 24]
2026-07-01 19:44:24 DEBUG: Order 52 will be opened at workstation 2. [opened orders = 0 / 4]
2026-07-01 19:44:24 DEBUG: Order 63 will be opened at workstation 2. [opened orders = 0 / 4]
2026-07-01 19:44:24 DEBUG: Order 72 will be opened at workstation 2. [opened orders = 0 / 4]
2026-07-01 19:44:24 DEBUG: Order 84 will be opened at workstation 2. [opened orders = 0 / 4]
2026-07-01 19:44:24 DEBUG: Order 69 queued at workstation 2. [order_queue len = 1]
2026-07-01 19:44:24 DEBUG: Order 83 queued at workstation 2. [order_queue len = 2]
2026-07-01 19:44:24 DEBUG: Order 23 queued at workstation 2. [order_queue len = 3]
2026-07-01 19:44:24 DEBUG: Order 95 queued at workstation 2. [order_queue len = 4]
2026-07-01 19:44:24 DEBUG: Order 96 queued at workstation 2. [order_queue len = 5]
2026-07-01 19:44:24 DEBUG: Order 88 queued at workstation 2. [order_queue len = 6]
2026-07-01 19:44:24 DEBUG: Order 48 queued at workstation 2. [order_queue len = 7]
2026-07-01 19:44:24 DEBUG: Order 43 queued at workstation 2. [order_queue len = 8]
2026-07-01 19:44:24 DEBUG: Order 75 queued at workstation 2. [order_queue len = 9]
2026-07-01 19:44:24 DEBUG: Order 1 queued at workstation 2. [order_queue len = 10]
2026-07-01 19:44:24 DEBUG: Order 15 queued at workstation 2. [order_queue len = 11]
2026-07-01 19:44:24 DEBUG: Order 92 queued at workstation 2. [order_queue len = 12]
2026-07-01 19:44:24 DEBUG: Order 29 queued at workstation 2. [order_queue len = 13]
2026-07-01 19:44:24 DEBUG: Order 93 queued at workstation 2. [order_queue len = 14]
2026-07-01 19:44:24 DEBUG: Order 55 queued at workstation 2. [order_queue len = 15]
2026-07-01 19:44:24 DEBUG: Order 5 will be opened at workstation 3. [opened orders = 0 / 4]
2026-07-01 19:44:24 DEBUG: Order 86 will be opened at workstation 3. [opened orders = 0 / 4]
2026-07-01 19:44:24 DEBUG: Order 17 will be opened at workstation 3. [opened orders = 0 / 4]
2026-07-01 19:44:24 DEBUG: Order 70 will be opened at workstation 3. [opened orders = 0 / 4]
2026-07-01 19:44:24 WARNING: Task designing ended. Optimizer designed 133 tasks.
2026-07-01 19:44:24 DEBUG:    EVENT NUM 3     current_time = 00:00:01   RELEASE_TASK          [queue size = 150]
2026-07-01 19:44:24 DEBUG: Task 0 released: pod 583 required by workstation(s) [3].  [released tasks = 1]
2026-07-01 19:44:24 DEBUG:    EVENT NUM 4     current_time = 00:00:01   OPEN_ORDER            [queue size = 150]
2026-07-01 19:44:24 DEBUG: Order 30 (skus required = {5305, 6039}) opened at workstation 0.   [open_orders = 1/4]
2026-07-01 19:44:24 DEBUG:    EVENT NUM 5     current_time = 00:00:01   OPEN_ORDER            [queue size = 150]
2026-07-01 19:44:24 DEBUG: Order 33 (skus required = {2544}) opened at workstation 0.   [open_orders = 2/4]
2026-07-01 19:44:24 DEBUG:    EVENT NUM 6     current_time = 00:00:01   OPEN_ORDER            [queue size = 150]
2026-07-01 19:44:24 DEBUG: Order 41 (skus required = {6019, 4137, 7277, 689, 6290, 5373, 4637}) opened at workstation 0.   [open_orders = 3/4]
2026-07-01 19:44:24 DEBUG:    EVENT NUM 7     current_time = 00:00:01   OPEN_ORDER            [queue size = 150]
2026-07-01 19:44:24 DEBUG: Order 40 (skus required = {7328, 1421}) opened at workstation 0.   [open_orders = 4/4]
2026-07-01 19:44:24 DEBUG:    EVENT NUM 8     current_time = 00:00:01   OPEN_ORDER            [queue size = 150]
2026-07-01 19:44:24 DEBUG: Order 28 (skus required = {8685, 6149, 10461}) opened at workstation 1.   [open_orders = 1/4]
2026-07-01 19:44:24 DEBUG:    EVENT NUM 9     current_time = 00:00:01   OPEN_ORDER            [queue size = 150]
2026-07-01 19:44:24 DEBUG: Order 44 (skus required = {1571, 7849, 5741, 7534, 5168, 9365}) opened at workstation 1.   [open_orders = 2/4]
2026-07-01 19:44:24 DEBUG:    EVENT NUM 10    current_time = 00:00:01   OPEN_ORDER            [queue size = 150]
2026-07-01 19:44:24 DEBUG: Order 77 (skus required = {7892, 3700, 7854, 7591}) opened at workstation 1.   [open_orders = 3/4]
2026-07-01 19:44:24 DEBUG:    EVENT NUM 11    current_time = 00:00:01   OPEN_ORDER            [queue size = 150]
2026-07-01 19:44:24 DEBUG: Order 20 (skus required = {2578, 4806}) opened at workstation 1.   [open_orders = 4/4]
2026-07-01 19:44:24 DEBUG:    EVENT NUM 12    current_time = 00:00:01   OPEN_ORDER            [queue size = 150]
2026-07-01 19:44:24 DEBUG: Order 52 (skus required = {10353}) opened at workstation 2.   [open_orders = 1/4]
2026-07-01 19:44:24 DEBUG:    EVENT NUM 13    current_time = 00:00:01   OPEN_ORDER            [queue size = 150]
2026-07-01 19:44:24 DEBUG: Order 63 (skus required = {6384, 3672, 7048}) opened at workstation 2.   [open_orders = 2/4]
2026-07-01 19:44:24 DEBUG:    EVENT NUM 14    current_time = 00:00:01   OPEN_ORDER            [queue size = 150]
2026-07-01 19:44:24 DEBUG: Order 72 (skus required = {4233}) opened at workstation 2.   [open_orders = 3/4]
2026-07-01 19:44:24 DEBUG:    EVENT NUM 15    current_time = 00:00:01   OPEN_ORDER            [queue size = 150]
2026-07-01 19:44:24 DEBUG: Order 84 (skus required = {9323}) opened at workstation 2.   [open_orders = 4/4]
2026-07-01 19:44:24 DEBUG:    EVENT NUM 16    current_time = 00:00:01   OPEN_ORDER            [queue size = 150]
2026-07-01 19:44:24 DEBUG: Order 5 (skus required = {6858}) opened at workstation 3.   [open_orders = 1/4]
2026-07-01 19:44:24 DEBUG:    EVENT NUM 17    current_time = 00:00:01   OPEN_ORDER            [queue size = 150]
2026-07-01 19:44:24 DEBUG: Order 86 (skus required = {8331}) opened at workstation 3.   [open_orders = 2/4]
2026-07-01 19:44:24 DEBUG:    EVENT NUM 18    current_time = 00:00:01   OPEN_ORDER            [queue size = 150]
2026-07-01 19:44:24 DEBUG: Order 17 (skus required = {5834}) opened at workstation 3.   [open_orders = 3/4]
2026-07-01 19:44:24 DEBUG:    EVENT NUM 19    current_time = 00:00:01   OPEN_ORDER            [queue size = 150]
2026-07-01 19:44:24 DEBUG: Order 70 (skus required = {3321}) opened at workstation 3.   [open_orders = 4/4]
2026-07-01 19:44:24 DEBUG:    EVENT NUM 20    current_time = 00:00:01   START_TASK            [queue size = 150]
2026-07-01 19:44:24 DEBUG: Task 0 started: robot 4 → pod 583 → workstation 3 for orders {5} (arrival = 42.3 s).   [idle robots = 19/20]
2026-07-01 19:44:24 DEBUG:    EVENT NUM 21    current_time = 00:00:01   START_TASK            [queue size = 150]
2026-07-01 19:44:24 DEBUG:    EVENT NUM 22    current_time = 00:00:01   START_TASK            [queue size = 149]
2026-07-01 19:44:24 DEBUG:    EVENT NUM 23    current_time = 00:00:01   START_TASK            [queue size = 148]
2026-07-01 19:44:24 DEBUG:    EVENT NUM 24    current_time = 00:00:01   START_TASK            [queue size = 147]
2026-07-01 19:44:24 DEBUG:    EVENT NUM 25    current_time = 00:00:01   START_TASK            [queue size = 146]
2026-07-01 19:44:24 DEBUG:    EVENT NUM 26    current_time = 00:00:01   START_TASK            [queue size = 145]
2026-07-01 19:44:24 DEBUG:    EVENT NUM 27    current_time = 00:00:01   START_TASK            [queue size = 144]
2026-07-01 19:44:24 DEBUG:    EVENT NUM 28    current_time = 00:00:01   START_TASK            [queue size = 143]
2026-07-01 19:44:24 DEBUG:    EVENT NUM 29    current_time = 00:00:01   START_TASK            [queue size = 142]
2026-07-01 19:44:24 DEBUG:    EVENT NUM 30    current_time = 00:00:01   START_TASK            [queue size = 141]
2026-07-01 19:44:24 DEBUG:    EVENT NUM 31    current_time = 00:00:01   START_TASK            [queue size = 140]
2026-07-01 19:44:24 DEBUG:    EVENT NUM 32    current_time = 00:00:01   START_TASK            [queue size = 139]
2026-07-01 19:44:24 DEBUG:    EVENT NUM 33    current_time = 00:00:01   START_TASK            [queue size = 138]
2026-07-01 19:44:24 DEBUG:    EVENT NUM 34    current_time = 00:00:01   START_TASK            [queue size = 137]
2026-07-01 19:44:24 DEBUG:    EVENT NUM 35    current_time = 00:00:01   START_TASK            [queue size = 136]
2026-07-01 19:44:24 DEBUG:    EVENT NUM 36    current_time = 00:00:01   START_TASK            [queue size = 135]
2026-07-01 19:44:24 DEBUG:    EVENT NUM 37    current_time = 00:00:03   RELEASE_TASK          [queue size = 134]
2026-07-01 19:44:24 DEBUG: Task 1 released: pod 552 required by workstation(s) [0].  [released tasks = 1]
2026-07-01 19:44:24 DEBUG:    EVENT NUM 38    current_time = 00:00:03   START_TASK            [queue size = 134]
2026-07-01 19:44:24 DEBUG: Task 1 started: robot 18 → pod 552 → workstation 0 for orders {33, 30, 41} (arrival = 69.0 s).   [idle robots = 18/20]
2026-07-01 19:44:24 DEBUG:    EVENT NUM 39    current_time = 00:00:05   ARRIVAL_ORDER         [queue size = 134]
2026-07-01 19:44:24 DEBUG: Order 100 arrived: items_required = [8310, 3470, 8493, 6712].     [orders_in_system = 101]
2026-07-01 19:44:24 DEBUG:    EVENT NUM 40    current_time = 00:00:05   RELEASE_TASK          [queue size = 134]
2026-07-01 19:44:24 DEBUG: Task 2 released: pod 466 required by workstation(s) [1].  [released tasks = 1]
2026-07-01 19:44:24 DEBUG:    EVENT NUM 41    current_time = 00:00:05   START_TASK            [queue size = 134]
2026-07-01 19:44:24 DEBUG: Task 2 started: robot 6 → pod 466 → workstation 1 for orders {28, 44} (arrival = 62.3 s).   [idle robots = 17/20]
2026-07-01 19:44:24 DEBUG:    EVENT NUM 42    current_time = 00:00:07   RELEASE_TASK          [queue size = 134]
2026-07-01 19:44:24 DEBUG: Task 3 released: pod 330 required by workstation(s) [1].  [released tasks = 1]
2026-07-01 19:44:24 DEBUG:    EVENT NUM 43    current_time = 00:00:07   START_TASK            [queue size = 134]
2026-07-01 19:44:24 DEBUG: Task 3 started: robot 19 → pod 330 → workstation 1 for orders {44, 77} (arrival = 88.3 s).   [idle robots = 16/20]
2026-07-01 19:44:24 DEBUG:    EVENT NUM 44    current_time = 00:00:10   ARRIVAL_ORDER         [queue size = 134]
2026-07-01 19:44:24 DEBUG: Order 101 arrived: items_required = [4511].     [orders_in_system = 102]
2026-07-01 19:44:24 DEBUG:    EVENT NUM 45    current_time = 00:00:10   RELEASE_TASK          [queue size = 134]
2026-07-01 19:44:24 DEBUG: Task 4 released: pod 593 required by workstation(s) [0].  [released tasks = 1]
2026-07-01 19:44:24 DEBUG:    EVENT NUM 46    current_time = 00:00:10   START_TASK            [queue size = 134]
2026-07-01 19:44:24 DEBUG: Task 4 started: robot 5 → pod 593 → workstation 0 for orders {40, 41} (arrival = 68.3 s).   [idle robots = 15/20]
2026-07-01 19:44:24 DEBUG:    EVENT NUM 47    current_time = 00:00:12   RELEASE_TASK          [queue size = 134]
2026-07-01 19:44:24 DEBUG: Task 5 released: pod 230 required by workstation(s) [1].  [released tasks = 1]
2026-07-01 19:44:24 DEBUG:    EVENT NUM 48    current_time = 00:00:12   START_TASK            [queue size = 134]
2026-07-01 19:44:24 DEBUG: Task 5 started: robot 3 → pod 230 → workstation 1 for orders {20, 44} (arrival = 108.8 s).   [idle robots = 14/20]
2026-07-01 19:44:24 DEBUG:    EVENT NUM 49    current_time = 00:00:14   RELEASE_TASK          [queue size = 134]
2026-07-01 19:44:24 DEBUG: Task 6 released: pod 391 required by workstation(s) [0].  [released tasks = 1]
2026-07-01 19:44:24 DEBUG:    EVENT NUM 50    current_time = 00:00:14   START_TASK            [queue size = 134]
2026-07-01 19:44:24 DEBUG: Task 6 started: robot 11 → pod 391 → workstation 0 for orders {41} (arrival = 93.6 s).   [idle robots = 13/20]
2026-07-01 19:44:24 DEBUG:    EVENT NUM 51    current_time = 00:00:15   ARRIVAL_ORDER         [queue size = 134]
2026-07-01 19:44:24 DEBUG: Order 102 arrived: items_required = [7999, 6387].     [orders_in_system = 103]
2026-07-01 19:44:24 DEBUG:    EVENT NUM 52    current_time = 00:00:16   RELEASE_TASK          [queue size = 134]
2026-07-01 19:44:24 DEBUG: Task 7 released: pod 206 required by workstation(s) [0].  [released tasks = 1]
2026-07-01 19:44:24 DEBUG:    EVENT NUM 53    current_time = 00:00:16   START_TASK            [queue size = 134]
2026-07-01 19:44:24 DEBUG: Task 7 started: robot 2 → pod 206 → workstation 0 for orders {41} (arrival = 102.2 s).   [idle robots = 12/20]
2026-07-01 19:44:24 DEBUG:    EVENT NUM 54    current_time = 00:00:19   RELEASE_TASK          [queue size = 134]
2026-07-01 19:44:24 DEBUG: Task 8 released: pod 514 required by workstation(s) [1].  [released tasks = 1]
2026-07-01 19:44:24 DEBUG:    EVENT NUM 55    current_time = 00:00:19   START_TASK            [queue size = 134]
2026-07-01 19:44:24 DEBUG: Task 8 started: robot 17 → pod 514 → workstation 1 for orders {44} (arrival = 58.2 s).   [idle robots = 11/20]
2026-07-01 19:44:24 DEBUG:    EVENT NUM 56    current_time = 00:00:20   ARRIVAL_ORDER         [queue size = 134]
2026-07-01 19:44:24 DEBUG: Order 103 arrived: items_required = [7505].     [orders_in_system = 104]
2026-07-01 19:44:24 DEBUG:    EVENT NUM 57    current_time = 00:00:21   RELEASE_TASK          [queue size = 134]
2026-07-01 19:44:24 DEBUG: Task 9 released: pod 139 required by workstation(s) [0].  [released tasks = 1]
2026-07-01 19:44:24 DEBUG:    EVENT NUM 58    current_time = 00:00:21   START_TASK            [queue size = 134]
2026-07-01 19:44:24 DEBUG: Task 9 started: robot 10 → pod 139 → workstation 0 for orders {41} (arrival = 119.2 s).   [idle robots = 10/20]
2026-07-01 19:44:24 DEBUG:    EVENT NUM 59    current_time = 00:00:23   RELEASE_TASK          [queue size = 134]
2026-07-01 19:44:24 DEBUG: Task 10 released: pod 581 required by workstation(s) [1].  [released tasks = 1]
2026-07-01 19:44:24 DEBUG:    EVENT NUM 60    current_time = 00:00:23   START_TASK            [queue size = 134]
2026-07-01 19:44:24 DEBUG: Task 10 started: robot 1 → pod 581 → workstation 1 for orders {20} (arrival = 65.7 s).   [idle robots = 9/20]
2026-07-01 19:44:24 DEBUG:    EVENT NUM 61    current_time = 00:00:25   ARRIVAL_ORDER         [queue size = 134]
2026-07-01 19:44:24 DEBUG: Order 104 arrived: items_required = [4935].     [orders_in_system = 105]
2026-07-01 19:44:24 DEBUG:    EVENT NUM 62    current_time = 00:00:26   RELEASE_TASK          [queue size = 134]
2026-07-01 19:44:24 DEBUG: Task 11 released: pod 180 required by workstation(s) [0].  [released tasks = 1]
2026-07-01 19:44:24 DEBUG:    EVENT NUM 63    current_time = 00:00:26   START_TASK            [queue size = 134]
2026-07-01 19:44:24 DEBUG: Task 11 started: robot 16 → pod 180 → workstation 0 for orders {30} (arrival = 125.0 s).   [idle robots = 8/20]
2026-07-01 19:44:24 DEBUG:    EVENT NUM 64    current_time = 00:00:28   RELEASE_TASK          [queue size = 134]
2026-07-01 19:44:24 DEBUG: Task 12 released: pod 569 required by workstation(s) [1].  [released tasks = 1]
2026-07-01 19:44:24 DEBUG:    EVENT NUM 65    current_time = 00:00:28   START_TASK            [queue size = 134]
2026-07-01 19:44:24 DEBUG: Task 12 started: robot 14 → pod 569 → workstation 1 for orders {44} (arrival = 87.1 s).   [idle robots = 7/20]
2026-07-01 19:44:24 DEBUG:    EVENT NUM 66    current_time = 00:00:30   ARRIVAL_ORDER         [queue size = 134]
2026-07-01 19:44:24 DEBUG: Order 105 arrived: items_required = [6572].     [orders_in_system = 106]
2026-07-01 19:44:24 DEBUG:    EVENT NUM 67    current_time = 00:00:30   RELEASE_TASK          [queue size = 134]
2026-07-01 19:44:24 DEBUG: Task 13 released: pod 227 required by workstation(s) [0].  [released tasks = 1]
2026-07-01 19:44:24 DEBUG:    EVENT NUM 68    current_time = 00:00:30   START_TASK            [queue size = 134]
2026-07-01 19:44:24 DEBUG: Task 13 started: robot 8 → pod 227 → workstation 0 for orders {40} (arrival = 133.8 s).   [idle robots = 6/20]
2026-07-01 19:44:24 DEBUG:    EVENT NUM 69    current_time = 00:00:32   RELEASE_TASK          [queue size = 134]
2026-07-01 19:44:24 DEBUG: Task 14 released: pod 262 required by workstation(s) [1].  [released tasks = 1]
2026-07-01 19:44:24 DEBUG:    EVENT NUM 70    current_time = 00:00:32   START_TASK            [queue size = 134]
2026-07-01 19:44:24 DEBUG: Task 14 started: robot 12 → pod 262 → workstation 1 for orders {28} (arrival = 88.6 s).   [idle robots = 5/20]
2026-07-01 19:44:24 DEBUG:    EVENT NUM 71    current_time = 00:00:35   ARRIVAL_ORDER         [queue size = 134]
2026-07-01 19:44:24 DEBUG: Order 106 arrived: items_required = [5877, 5944, 7385, 7934, 4988, 4192].     [orders_in_system = 107]
2026-07-01 19:44:24 DEBUG:    EVENT NUM 72    current_time = 00:00:35   RELEASE_TASK          [queue size = 134]
2026-07-01 19:44:24 DEBUG: Task 15 released: pod 225 required by workstation(s) [0].  [released tasks = 1]
2026-07-01 19:44:24 DEBUG:    EVENT NUM 73    current_time = 00:00:35   START_TASK            [queue size = 134]
2026-07-01 19:44:24 DEBUG: Task 15 started: robot 13 → pod 225 → workstation 0 for orders {41} (arrival = 148.6 s).   [idle robots = 4/20]
2026-07-01 19:44:24 DEBUG:    EVENT NUM 74    current_time = 00:00:37   RELEASE_TASK          [queue size = 134]
2026-07-01 19:44:24 DEBUG: Task 16 released: pod 23 required by workstation(s) [0].  [released tasks = 1]
2026-07-01 19:44:24 DEBUG:    EVENT NUM 75    current_time = 00:00:37   START_TASK            [queue size = 134]
2026-07-01 19:44:24 DEBUG: Task 16 started: robot 7 → pod 23 → workstation 0 for orders {41} (arrival = 207.3 s).   [idle robots = 3/20]
2026-07-01 19:44:24 DEBUG:    EVENT NUM 76    current_time = 00:00:39   RELEASE_TASK          [queue size = 134]
2026-07-01 19:44:24 DEBUG: Task 17 released: pod 161 required by workstation(s) [1].  [released tasks = 1]
2026-07-01 19:44:24 DEBUG:    EVENT NUM 77    current_time = 00:00:39   START_TASK            [queue size = 134]
2026-07-01 19:44:24 DEBUG: Task 17 started: robot 0 → pod 161 → workstation 1 for orders {28} (arrival = 103.0 s).   [idle robots = 2/20]
2026-07-01 19:44:24 DEBUG:    EVENT NUM 78    current_time = 00:00:40   ARRIVAL_ORDER         [queue size = 134]
2026-07-01 19:44:24 DEBUG: Order 107 arrived: items_required = [5889, 8389].     [orders_in_system = 108]
2026-07-01 19:44:24 DEBUG:    EVENT NUM 79    current_time = 00:00:41   RELEASE_TASK          [queue size = 134]
2026-07-01 19:44:24 DEBUG: Task 18 released: pod 457 required by workstation(s) [0].  [released tasks = 1]
2026-07-01 19:44:24 DEBUG:    EVENT NUM 80    current_time = 00:00:41   START_TASK            [queue size = 134]
2026-07-01 19:44:24 DEBUG: Task 18 started: robot 15 → pod 457 → workstation 0 for orders {11} (arrival = 86.4 s).   [idle robots = 1/20]
2026-07-01 19:44:24 DEBUG:    EVENT NUM 81    current_time = 00:00:42   ARRIVAL_POD_WST       [queue size = 134]
2026-07-01 19:44:24 DEBUG: Pod 583 arrived at workstation 3 - status = IDLE
2026-07-01 19:44:24 DEBUG: Pod queued at workstation.    [picking_buffer = {0: 42.25643949611614}]
2026-07-01 19:44:24 DEBUG:    EVENT NUM 82    current_time = 00:00:42   START_PICKING         [queue size = 134]
2026-07-01 19:44:24 DEBUG: Processing task 0 at workstation 3: picking items {6858} for orders {5}
2026-07-01 19:44:24 DEBUG:    EVENT NUM 83    current_time = 00:00:44   RELEASE_TASK          [queue size = 134]
2026-07-01 19:44:24 DEBUG: Task 19 released: pod 340 required by workstation(s) [0].  [released tasks = 1]
2026-07-01 19:44:24 DEBUG:    EVENT NUM 84    current_time = 00:00:44   START_TASK            [queue size = 134]
2026-07-01 19:44:24 DEBUG: Task 19 blocked: no orders in {0: [64]} is open yet.  [released tasks = 0]
2026-07-01 19:44:24 DEBUG:    EVENT NUM 85    current_time = 00:00:45   ARRIVAL_ORDER         [queue size = 133]
2026-07-01 19:44:24 DEBUG: Order 108 arrived: items_required = [4388, 4493, 2999].     [orders_in_system = 109]
2026-07-01 19:44:24 DEBUG:    EVENT NUM 86    current_time = 00:00:46   RELEASE_TASK          [queue size = 133]
2026-07-01 19:44:24 DEBUG: Task 20 released: pod 426 required by workstation(s) [0].  [released tasks = 2]
2026-07-01 19:44:24 DEBUG:    EVENT NUM 87    current_time = 00:00:46   START_TASK            [queue size = 133]
2026-07-01 19:44:24 DEBUG: Task 19 blocked: no orders in {0: [64]} is open yet.  [released tasks = 1]
2026-07-01 19:44:24 DEBUG: Task 20 started: robot 9 → pod 426 → workstation 0 for orders {11} (arrival = 136.9 s).   [idle robots = 0/20]
2026-07-01 19:44:24 DEBUG:    EVENT NUM 88    current_time = 00:00:48   RELEASE_TASK          [queue size = 133]
2026-07-01 19:44:24 DEBUG: Task 21 released: pod 427 required by workstation(s) [0].  [released tasks = 2]
2026-07-01 19:44:24 DEBUG:    EVENT NUM 89    current_time = 00:00:50   ARRIVAL_ORDER         [queue size = 132]
2026-07-01 19:44:24 DEBUG: Order 109 arrived: items_required = [9241].     [orders_in_system = 110]
2026-07-01 19:44:24 DEBUG:    EVENT NUM 90    current_time = 00:00:51   RELEASE_TASK          [queue size = 132]
2026-07-01 19:44:24 DEBUG: Task 22 released: pod 306 required by workstation(s) [1].  [released tasks = 3]
2026-07-01 19:44:24 DEBUG:    EVENT NUM 91    current_time = 00:00:52   END_PICKING           [queue size = 131]
2026-07-01 19:44:24 DEBUG: Ended picking at workstation 3.    [picking_buffer len = {}]
2026-07-01 19:44:24 DEBUG: Task should have served orders {5}, found open orders {17, 5, 86, 70}.
2026-07-01 19:44:24 DEBUG: Task 0 completed: pod 583 returning to storage.
2026-07-01 19:44:24 DEBUG:    EVENT NUM 92    current_time = 00:00:52   CLOSE_ORDER           [queue size = 132]
2026-07-01 19:44:24 DEBUG: Order 5 closed at workstation 3: flow_time = 52.3 s.     [order_buffer = 0] [open_orders = 3/4]
2026-07-01 19:44:24 DEBUG:    EVENT NUM 93    current_time = 00:00:53   RELEASE_TASK          [queue size = 131]
2026-07-01 19:44:24 DEBUG: Task 23 released: pod 475 required by workstation(s) [0].  [released tasks = 4]
2026-07-01 19:44:24 DEBUG:    EVENT NUM 94    current_time = 00:00:55   ARRIVAL_ORDER         [queue size = 130]
2026-07-01 19:44:24 DEBUG: Order 110 arrived: items_required = [4336].     [orders_in_system = 110]
2026-07-01 19:44:24 DEBUG:    EVENT NUM 95    current_time = 00:00:55   RELEASE_TASK          [queue size = 130]
2026-07-01 19:44:24 DEBUG: Task 24 released: pod 553 required by workstation(s) [0].  [released tasks = 5]
2026-07-01 19:44:24 DEBUG:    EVENT NUM 96    current_time = 00:00:57   RELEASE_TASK          [queue size = 129]
2026-07-01 19:44:24 DEBUG: Task 25 released: pod 595 required by workstation(s) [0].  [released tasks = 6]
2026-07-01 19:44:24 DEBUG:    EVENT NUM 97    current_time = 00:00:58   ARRIVAL_POD_WST       [queue size = 128]
2026-07-01 19:44:24 DEBUG: Pod 514 arrived at workstation 1 - status = IDLE
2026-07-01 19:44:24 DEBUG: Pod queued at workstation.    [picking_buffer = {8: 58.16097154503149}]
2026-07-01 19:44:24 DEBUG:    EVENT NUM 98    current_time = 00:00:58   START_PICKING         [queue size = 128]
2026-07-01 19:44:24 DEBUG: Processing task 8 at workstation 1: picking items {9365} for orders {44}
2026-07-01 19:44:24 DEBUG:    EVENT NUM 99    current_time = 00:01:00   ARRIVAL_ORDER         [queue size = 128]
2026-07-01 19:44:24 DEBUG: Order 111 arrived: items_required = [10124].     [orders_in_system = 111]
2026-07-01 19:44:24 DEBUG:    EVENT NUM 100   current_time = 00:01:00   RELEASE_TASK          [queue size = 128]
2026-07-01 19:44:24 DEBUG: Task 26 released: pod 523 required by workstation(s) [0].  [released tasks = 7]
2026-07-01 19:44:24 DEBUG:    EVENT NUM 101   current_time = 00:01:02   ARRIVAL_POD_WST       [queue size = 127]
2026-07-01 19:44:24 DEBUG: Pod 466 arrived at workstation 1 - status = BUSY
2026-07-01 19:44:24 DEBUG: Pod queued at workstation.    [picking_buffer = {2: 62.310462219946515}]
2026-07-01 19:44:24 DEBUG:    EVENT NUM 102   current_time = 00:01:02   RELEASE_TASK          [queue size = 126]
2026-07-01 19:44:24 DEBUG: Task 27 released: pod 96 required by workstation(s) [2].  [released tasks = 8]
2026-07-01 19:44:24 DEBUG:    EVENT NUM 103   current_time = 00:01:04   RELEASE_TASK          [queue size = 125]
2026-07-01 19:44:24 DEBUG: Task 28 released: pod 65 required by workstation(s) [0].  [released tasks = 9]
2026-07-01 19:44:24 DEBUG:    EVENT NUM 104   current_time = 00:01:05   ARRIVAL_ORDER         [queue size = 124]
2026-07-01 19:44:24 DEBUG: Order 112 arrived: items_required = [5568].     [orders_in_system = 112]
2026-07-01 19:44:24 DEBUG:    EVENT NUM 105   current_time = 00:01:05   ARRIVAL_POD_WST       [queue size = 124]
2026-07-01 19:44:24 DEBUG: Pod 581 arrived at workstation 1 - status = BUSY
2026-07-01 19:44:24 DEBUG: Pod queued at workstation.    [picking_buffer = {2: 62.310462219946515, 10: 65.70724798417778}]
2026-07-01 19:44:24 DEBUG:    EVENT NUM 106   current_time = 00:01:06   RELEASE_TASK          [queue size = 123]
2026-07-01 19:44:24 DEBUG: Task 29 released: pod 431 required by workstation(s) [0].  [released tasks = 10]
2026-07-01 19:44:24 DEBUG:    EVENT NUM 107   current_time = 00:01:08   END_PICKING           [queue size = 122]
2026-07-01 19:44:24 DEBUG: Ended picking at workstation 1.    [picking_buffer len = {2: 62.310462219946515, 10: 65.70724798417778}]
2026-07-01 19:44:24 DEBUG: Task should have served orders {44}, found open orders {20, 28, 77, 44}.
2026-07-01 19:44:24 DEBUG: Task 8 completed: pod 514 returning to storage.
2026-07-01 19:44:24 DEBUG:    EVENT NUM 108   current_time = 00:01:08   START_PICKING         [queue size = 123]
2026-07-01 19:44:24 DEBUG: Processing task 2 at workstation 1: picking items {5168, 6149} for orders {28, 44}
2026-07-01 19:44:24 DEBUG:    EVENT NUM 109   current_time = 00:01:08   ARRIVAL_POD_WST       [queue size = 123]
2026-07-01 19:44:24 DEBUG: Pod 593 arrived at workstation 0 - status = IDLE
2026-07-01 19:44:24 DEBUG: Pod queued at workstation.    [picking_buffer = {4: 68.285249481275}]
2026-07-01 19:44:24 DEBUG:    EVENT NUM 110   current_time = 00:01:08   START_PICKING         [queue size = 123]
2026-07-01 19:44:24 DEBUG: Processing task 4 at workstation 0: picking items {7328, 5373} for orders {40, 41}
2026-07-01 19:44:24 DEBUG:    EVENT NUM 111   current_time = 00:01:09   ARRIVAL_POD_WST       [queue size = 123]
2026-07-01 19:44:24 DEBUG: Pod 552 arrived at workstation 0 - status = BUSY
2026-07-01 19:44:24 DEBUG: Pod queued at workstation.    [picking_buffer = {1: 69.02105071405029}]
2026-07-01 19:44:24 DEBUG:    EVENT NUM 112   current_time = 00:01:09   RELEASE_TASK          [queue size = 122]
2026-07-01 19:44:24 DEBUG: Task 30 released: pod 312 required by workstation(s) [2].  [released tasks = 11]
2026-07-01 19:44:24 DEBUG:    EVENT NUM 113   current_time = 00:01:10   ARRIVAL_ORDER         [queue size = 121]
2026-07-01 19:44:24 DEBUG: Order 113 arrived: items_required = [5974].     [orders_in_system = 113]
2026-07-01 19:44:24 DEBUG:    EVENT NUM 114   current_time = 00:01:11   RELEASE_TASK          [queue size = 121]
2026-07-01 19:44:24 DEBUG: Task 31 released: pod 133 required by workstation(s) [0].  [released tasks = 12]
2026-07-01 19:44:24 DEBUG:    EVENT NUM 115   current_time = 00:01:13   RELEASE_TASK          [queue size = 120]
2026-07-01 19:44:24 DEBUG: Task 32 released: pod 411 required by workstation(s) [2].  [released tasks = 13]
2026-07-01 19:44:24 DEBUG:    EVENT NUM 116   current_time = 00:01:15   ARRIVAL_ORDER         [queue size = 119]
2026-07-01 19:44:24 DEBUG: Order 114 arrived: items_required = [7406, 6233, 3517, 5648, 6090, 7050].     [orders_in_system = 114]
2026-07-01 19:44:24 DEBUG:    EVENT NUM 117   current_time = 00:01:16   RELEASE_TASK          [queue size = 119]
2026-07-01 19:44:24 DEBUG: Task 33 released: pod 159 required by workstation(s) [0].  [released tasks = 14]
2026-07-01 19:44:24 DEBUG:    EVENT NUM 118   current_time = 00:01:18   RELEASE_TASK          [queue size = 118]
2026-07-01 19:44:24 DEBUG: Task 34 released: pod 325 required by workstation(s) [0].  [released tasks = 15]
2026-07-01 19:44:24 DEBUG:    EVENT NUM 119   current_time = 00:01:20   ARRIVAL_ORDER         [queue size = 117]
2026-07-01 19:44:24 DEBUG: Order 115 arrived: items_required = [8976].     [orders_in_system = 115]
2026-07-01 19:44:24 DEBUG:    EVENT NUM 120   current_time = 00:01:20   RELEASE_TASK          [queue size = 117]
2026-07-01 19:44:24 DEBUG: Task 35 released: pod 430 required by workstation(s) [0].  [released tasks = 16]
2026-07-01 19:44:24 DEBUG:    EVENT NUM 121   current_time = 00:01:22   RELEASE_TASK          [queue size = 116]
2026-07-01 19:44:24 DEBUG: Task 36 released: pod 550 required by workstation(s) [0].  [released tasks = 17]
2026-07-01 19:44:24 DEBUG:    EVENT NUM 122   current_time = 00:01:23   END_PICKING           [queue size = 115]
2026-07-01 19:44:24 DEBUG: Ended picking at workstation 1.    [picking_buffer len = {10: 65.70724798417778}]
2026-07-01 19:44:24 DEBUG: Task should have served orders {28, 44}, found open orders {20, 28, 77, 44}.
2026-07-01 19:44:24 DEBUG: Task 2 completed: pod 466 returning to storage.
2026-07-01 19:44:24 DEBUG:    EVENT NUM 123   current_time = 00:01:23   START_PICKING         [queue size = 116]
2026-07-01 19:44:24 DEBUG: Processing task 10 at workstation 1: picking items {2578} for orders {20}
2026-07-01 19:44:24 DEBUG:    EVENT NUM 124   current_time = 00:01:23   END_PICKING           [queue size = 116]
2026-07-01 19:44:24 DEBUG: Ended picking at workstation 0.    [picking_buffer len = {1: 69.02105071405029}]
2026-07-01 19:44:24 DEBUG: Task should have served orders {40, 41}, found open orders {40, 33, 30, 41}.
2026-07-01 19:44:24 DEBUG: Task 4 completed: pod 593 returning to storage.
2026-07-01 19:44:24 DEBUG:    EVENT NUM 125   current_time = 00:01:23   START_PICKING         [queue size = 117]
2026-07-01 19:44:24 DEBUG: Processing task 1 at workstation 0: picking items {2544, 5305, 6290} for orders {33, 30, 41}
2026-07-01 19:44:24 DEBUG:    EVENT NUM 126   current_time = 00:01:25   ARRIVAL_ORDER         [queue size = 117]
2026-07-01 19:44:24 DEBUG: Order 116 arrived: items_required = [6987].     [orders_in_system = 116]
2026-07-01 19:44:24 DEBUG:    EVENT NUM 127   current_time = 00:01:25   RELEASE_TASK          [queue size = 117]
2026-07-01 19:44:24 DEBUG: Task 37 released: pod 85 required by workstation(s) [0].  [released tasks = 18]
2026-07-01 19:44:24 DEBUG:    EVENT NUM 128   current_time = 00:01:26   ARRIVAL_POD_WST       [queue size = 116]
2026-07-01 19:44:24 DEBUG: Pod 457 arrived at workstation 0 - status = BUSY
2026-07-01 19:44:24 DEBUG: Pod queued at workstation.    [picking_buffer = {18: 86.38289508443094}]
2026-07-01 19:44:24 DEBUG:    EVENT NUM 129   current_time = 00:01:27   ARRIVAL_POD_WST       [queue size = 115]
2026-07-01 19:44:24 DEBUG: Pod 569 arrived at workstation 1 - status = BUSY
2026-07-01 19:44:24 DEBUG: Pod queued at workstation.    [picking_buffer = {12: 87.08975003123304}]
2026-07-01 19:44:24 DEBUG:    EVENT NUM 130   current_time = 00:01:27   RELEASE_TASK          [queue size = 114]
2026-07-01 19:44:24 DEBUG: Task 38 released: pod 573 required by workstation(s) [0].  [released tasks = 19]
2026-07-01 19:44:24 DEBUG:    EVENT NUM 131   current_time = 00:01:28   ARRIVAL_POD_WST       [queue size = 113]
2026-07-01 19:44:24 DEBUG: Pod 330 arrived at workstation 1 - status = BUSY
2026-07-01 19:44:24 DEBUG: Pod queued at workstation.    [picking_buffer = {12: 87.08975003123304, 3: 88.27093062651683}]
2026-07-01 19:44:24 DEBUG:    EVENT NUM 132   current_time = 00:01:28   ARRIVAL_POD_WST       [queue size = 112]
2026-07-01 19:44:24 DEBUG: Pod 262 arrived at workstation 1 - status = BUSY
2026-07-01 19:44:24 DEBUG: Pod queued at workstation.    [picking_buffer = {12: 87.08975003123304, 3: 88.27093062651683, 14: 88.57300685816203}]
2026-07-01 19:44:24 DEBUG:    EVENT NUM 133   current_time = 00:01:29   RELEASE_TASK          [queue size = 111]
2026-07-01 19:44:24 DEBUG: Task 39 released: pod 479 required by workstation(s) [2].  [released tasks = 20]
2026-07-01 19:44:24 DEBUG:    EVENT NUM 134   current_time = 00:01:30   ARRIVAL_ORDER         [queue size = 110]
2026-07-01 19:44:24 DEBUG: Order 117 arrived: items_required = [6025, 4527, 7939].     [orders_in_system = 117]
2026-07-01 19:44:24 DEBUG:    EVENT NUM 135   current_time = 00:01:31   RETURN_POD            [queue size = 110]
2026-07-01 19:44:24 DEBUG: Pod 583 returned. Robot 4 idle.   [idle robots = 1/20, released tasks = 20]
2026-07-01 19:44:24 DEBUG:    EVENT NUM 136   current_time = 00:01:31   START_TASK            [queue size = 110]
2026-07-01 19:44:24 DEBUG: Task 19 blocked: no orders in {0: [64]} is open yet.  [released tasks = 19]
2026-07-01 19:44:24 DEBUG: Task 21 blocked: no orders in {0: [19]} is open yet.  [released tasks = 18]
2026-07-01 19:44:24 DEBUG: Task 22 started: robot 4 → pod 306 → workstation 1 for orders {77} (arrival = 168.0 s).   [idle robots = 0/20]
2026-07-01 19:44:24 DEBUG:    EVENT NUM 137   current_time = 00:01:31   RELEASE_TASK          [queue size = 110]
2026-07-01 19:44:24 DEBUG: Task 40 released: pod 199 required by workstation(s) [0].  [released tasks = 20]
2026-07-01 19:44:24 DEBUG:    EVENT NUM 138   current_time = 00:01:33   END_PICKING           [queue size = 109]
2026-07-01 19:44:24 DEBUG: Ended picking at workstation 1.    [picking_buffer len = {12: 87.08975003123304, 3: 88.27093062651683, 14: 88.57300685816203}]
2026-07-01 19:44:24 DEBUG: Task should have served orders {20}, found open orders {20, 28, 77, 44}.
2026-07-01 19:44:24 DEBUG: Task 10 completed: pod 581 returning to storage.
2026-07-01 19:44:24 DEBUG:    EVENT NUM 139   current_time = 00:01:33   START_PICKING         [queue size = 110]
2026-07-01 19:44:24 DEBUG: Processing task 12 at workstation 1: picking items {5741} for orders {44}
2026-07-01 19:44:24 DEBUG:    EVENT NUM 140   current_time = 00:01:33   ARRIVAL_POD_WST       [queue size = 110]
2026-07-01 19:44:24 DEBUG: Pod 391 arrived at workstation 0 - status = BUSY
2026-07-01 19:44:24 DEBUG: Pod queued at workstation.    [picking_buffer = {18: 86.38289508443094, 6: 93.6396271800029}]
2026-07-01 19:44:24 DEBUG:    EVENT NUM 141   current_time = 00:01:34   RELEASE_TASK          [queue size = 109]
2026-07-01 19:44:24 DEBUG: Task 41 released: pod 41 required by workstation(s) [2].  [released tasks = 21]
2026-07-01 19:44:24 DEBUG:    EVENT NUM 142   current_time = 00:01:35   ARRIVAL_ORDER         [queue size = 108]
2026-07-01 19:44:24 DEBUG: Order 118 arrived: items_required = [5615, 7493].     [orders_in_system = 118]
2026-07-01 19:44:24 DEBUG:    EVENT NUM 143   current_time = 00:01:36   RELEASE_TASK          [queue size = 108]
2026-07-01 19:44:24 DEBUG: Task 42 released: pod 412 required by workstation(s) [0].  [released tasks = 22]
2026-07-01 19:44:24 DEBUG:    EVENT NUM 144   current_time = 00:01:38   RELEASE_TASK          [queue size = 107]
2026-07-01 19:44:24 DEBUG: Task 43 released: pod 587 required by workstation(s) [2].  [released tasks = 23]
2026-07-01 19:44:24 DEBUG:    EVENT NUM 145   current_time = 00:01:40   ARRIVAL_ORDER         [queue size = 106]
2026-07-01 19:44:24 DEBUG: Order 119 arrived: items_required = [4014].     [orders_in_system = 119]
2026-07-01 19:44:24 DEBUG:    EVENT NUM 146   current_time = 00:01:41   RELEASE_TASK          [queue size = 106]
2026-07-01 19:44:24 DEBUG: Task 44 released: pod 314 required by workstation(s) [0].  [released tasks = 24]
2026-07-01 19:44:24 DEBUG:    EVENT NUM 147   current_time = 00:01:42   ARRIVAL_POD_WST       [queue size = 105]
2026-07-01 19:44:24 DEBUG: Pod 206 arrived at workstation 0 - status = BUSY
2026-07-01 19:44:24 DEBUG: Pod queued at workstation.    [picking_buffer = {18: 86.38289508443094, 6: 93.6396271800029, 7: 102.18251099537207}]
2026-07-01 19:44:24 DEBUG:    EVENT NUM 148   current_time = 00:01:43   ARRIVAL_POD_WST       [queue size = 104]
2026-07-01 19:44:24 DEBUG: Pod 161 arrived at workstation 1 - status = BUSY
2026-07-01 19:44:24 DEBUG: Pod queued at workstation.    [picking_buffer = {3: 88.27093062651683, 14: 88.57300685816203, 17: 103.03429317107938}]
2026-07-01 19:44:24 DEBUG:    EVENT NUM 149   current_time = 00:01:43   END_PICKING           [queue size = 103]
2026-07-01 19:44:24 DEBUG: Ended picking at workstation 1.    [picking_buffer len = {3: 88.27093062651683, 14: 88.57300685816203, 17: 103.03429317107938}]
2026-07-01 19:44:24 DEBUG: Task should have served orders {44}, found open orders {20, 28, 77, 44}.
2026-07-01 19:44:24 DEBUG: Task 12 completed: pod 569 returning to storage.
2026-07-01 19:44:24 DEBUG:    EVENT NUM 150   current_time = 00:01:43   START_PICKING         [queue size = 104]
2026-07-01 19:44:24 DEBUG: Processing task 3 at workstation 1: picking items {7849, 7892} for orders {44, 77}
2026-07-01 19:44:24 DEBUG:    EVENT NUM 151   current_time = 00:01:43   RELEASE_TASK          [queue size = 104]
2026-07-01 19:44:24 DEBUG: Task 45 released: pod 480 required by workstation(s) [2].  [released tasks = 25]
2026-07-01 19:44:24 DEBUG:    EVENT NUM 152   current_time = 00:01:43   END_PICKING           [queue size = 103]
2026-07-01 19:44:24 DEBUG: Ended picking at workstation 0.    [picking_buffer len = {18: 86.38289508443094, 6: 93.6396271800029, 7: 102.18251099537207}]
2026-07-01 19:44:24 DEBUG: Task should have served orders {33, 30, 41}, found open orders {40, 33, 30, 41}.
2026-07-01 19:44:24 DEBUG: Task 1 completed: pod 552 returning to storage.
2026-07-01 19:44:24 DEBUG:    EVENT NUM 153   current_time = 00:01:43   CLOSE_ORDER           [queue size = 105]
2026-07-01 19:44:24 DEBUG: Order 33 closed at workstation 0: flow_time = 103.3 s.     [order_buffer = 24] [open_orders = 3/4]
2026-07-01 19:44:24 DEBUG: Next order in buffer: 11
2026-07-01 19:44:24 DEBUG:    EVENT NUM 154   current_time = 00:01:43   START_PICKING         [queue size = 105]
2026-07-01 19:44:24 DEBUG: Processing task 6 at workstation 0: picking items {6019} for orders {41}
2026-07-01 19:44:24 DEBUG:    EVENT NUM 155   current_time = 00:01:43   OPEN_ORDER            [queue size = 105]
2026-07-01 19:44:24 DEBUG: Order 11 (skus required = {5155, 5107}) opened at workstation 0.   [open_orders = 4/4]
2026-07-01 19:44:24 DEBUG:    EVENT NUM 156   current_time = 00:01:43   START_TASK            [queue size = 105]
2026-07-01 19:44:24 DEBUG: Task 19 blocked: no idle robots.
2026-07-01 19:44:24 DEBUG:    EVENT NUM 157   current_time = 00:01:45   ARRIVAL_ORDER         [queue size = 104]
2026-07-01 19:44:24 DEBUG: Order 120 arrived: items_required = [8254, 4999].     [orders_in_system = 119]
2026-07-01 19:44:24 DEBUG:    EVENT NUM 158   current_time = 00:01:45   RELEASE_TASK          [queue size = 104]
2026-07-01 19:44:24 DEBUG: Task 46 released: pod 256 required by workstation(s) [0].  [released tasks = 26]
2026-07-01 19:44:24 DEBUG:    EVENT NUM 159   current_time = 00:01:46   RETURN_POD            [queue size = 103]
2026-07-01 19:44:24 DEBUG: Pod 514 returned. Robot 17 idle.   [idle robots = 1/20, released tasks = 26]
2026-07-01 19:44:24 DEBUG:    EVENT NUM 160   current_time = 00:01:46   START_TASK            [queue size = 103]
2026-07-01 19:44:24 DEBUG: Task 19 started: robot 17 → pod 340 → workstation 0 for orders {64} (arrival = 176.5 s).   [idle robots = 0/20]
2026-07-01 19:44:24 DEBUG:    EVENT NUM 161   current_time = 00:01:47   RELEASE_TASK          [queue size = 103]
2026-07-01 19:44:24 DEBUG: Task 47 released: pod 281 required by workstation(s) [0].  [released tasks = 26]
2026-07-01 19:44:24 DEBUG:    EVENT NUM 162   current_time = 00:01:48   ARRIVAL_POD_WST       [queue size = 102]
2026-07-01 19:44:24 DEBUG: Pod 230 arrived at workstation 1 - status = BUSY
2026-07-01 19:44:24 DEBUG: Pod queued at workstation.    [picking_buffer = {14: 88.57300685816203, 17: 103.03429317107938, 5: 108.78875806140833}]
2026-07-01 19:44:24 DEBUG:    EVENT NUM 163   current_time = 00:01:50   ARRIVAL_ORDER         [queue size = 101]
2026-07-01 19:44:24 DEBUG: Order 121 arrived: items_required = [3898].     [orders_in_system = 120]
2026-07-01 19:44:24 DEBUG:    EVENT NUM 164   current_time = 00:01:50   RELEASE_TASK          [queue size = 101]
2026-07-01 19:44:24 DEBUG: Task 48 released: pod 141 required by workstation(s) [0].  [released tasks = 27]
2026-07-01 19:44:24 DEBUG:    EVENT NUM 165   current_time = 00:01:52   RELEASE_TASK          [queue size = 100]
2026-07-01 19:44:24 DEBUG: Task 49 released: pod 102 required by workstation(s) [0, 0].  [released tasks = 28]
2026-07-01 19:44:24 DEBUG:    EVENT NUM 166   current_time = 00:01:53   END_PICKING           [queue size = 99]
2026-07-01 19:44:24 DEBUG: Ended picking at workstation 0.    [picking_buffer len = {18: 86.38289508443094, 7: 102.18251099537207}]
2026-07-01 19:44:24 DEBUG: Task should have served orders {41}, found open orders {40, 41, 11, 30}.
2026-07-01 19:44:24 DEBUG: Task 6 completed: pod 391 returning to storage.
2026-07-01 19:44:24 DEBUG:    EVENT NUM 167   current_time = 00:01:53   START_PICKING         [queue size = 100]
2026-07-01 19:44:24 DEBUG: Processing task 18 at workstation 0: picking items {5155} for orders {11}
2026-07-01 19:44:24 DEBUG:    EVENT NUM 168   current_time = 00:01:54   RELEASE_TASK          [queue size = 100]
2026-07-01 19:44:24 DEBUG: Task 50 released: pod 140 required by workstation(s) [2].  [released tasks = 29]
2026-07-01 19:44:24 DEBUG:    EVENT NUM 169   current_time = 00:01:55   ARRIVAL_ORDER         [queue size = 99]
2026-07-01 19:44:24 DEBUG: Order 122 arrived: items_required = [4795, 10885].     [orders_in_system = 121]
2026-07-01 19:44:24 DEBUG:    EVENT NUM 170   current_time = 00:01:56   RELEASE_TASK          [queue size = 99]
2026-07-01 19:44:24 DEBUG: Task 51 released: pod 245 required by workstation(s) [0].  [released tasks = 30]
2026-07-01 19:44:24 DEBUG:    EVENT NUM 171   current_time = 00:01:58   END_PICKING           [queue size = 98]
2026-07-01 19:44:24 DEBUG: Ended picking at workstation 1.    [picking_buffer len = {14: 88.57300685816203, 17: 103.03429317107938, 5: 108.78875806140833}]
2026-07-01 19:44:24 DEBUG: Task should have served orders {44, 77}, found open orders {20, 28, 77, 44}.
2026-07-01 19:44:24 DEBUG: Task 3 completed: pod 330 returning to storage.
2026-07-01 19:44:24 DEBUG:    EVENT NUM 172   current_time = 00:01:58   START_PICKING         [queue size = 99]
2026-07-01 19:44:24 DEBUG: Processing task 14 at workstation 1: picking items {8685} for orders {28}
2026-07-01 19:44:24 DEBUG:    EVENT NUM 173   current_time = 00:01:59   ARRIVAL_POD_WST       [queue size = 99]
2026-07-01 19:44:24 DEBUG: Pod 139 arrived at workstation 0 - status = BUSY
2026-07-01 19:44:24 DEBUG: Pod queued at workstation.    [picking_buffer = {7: 102.18251099537207, 9: 119.17219759632292}]
2026-07-01 19:44:24 DEBUG:    EVENT NUM 174   current_time = 00:01:59   RELEASE_TASK          [queue size = 98]
2026-07-01 19:44:24 DEBUG: Task 52 released: pod 397 required by workstation(s) [2].  [released tasks = 31]
2026-07-01 19:44:24 DEBUG:    EVENT NUM 175   current_time = 00:02:00   ARRIVAL_ORDER         [queue size = 97]
2026-07-01 19:44:24 DEBUG: Order 123 arrived: items_required = [8258].     [orders_in_system = 122]
2026-07-01 19:44:24 DEBUG:    EVENT NUM 176   current_time = 00:02:01   RELEASE_TASK          [queue size = 97]
2026-07-01 19:44:24 DEBUG: Task 53 released: pod 359 required by workstation(s) [0].  [released tasks = 32]
2026-07-01 19:44:24 DEBUG:    EVENT NUM 177   current_time = 00:02:03   END_PICKING           [queue size = 96]
2026-07-01 19:44:24 DEBUG: Ended picking at workstation 0.    [picking_buffer len = {7: 102.18251099537207, 9: 119.17219759632292}]
2026-07-01 19:44:24 DEBUG: Task should have served orders {11}, found open orders {40, 41, 11, 30}.
2026-07-01 19:44:24 DEBUG: Task 18 completed: pod 457 returning to storage.
2026-07-01 19:44:24 DEBUG:    EVENT NUM 178   current_time = 00:02:03   START_PICKING         [queue size = 97]
2026-07-01 19:44:24 DEBUG: Processing task 7 at workstation 0: picking items {7277} for orders {41}
2026-07-01 19:44:24 DEBUG:    EVENT NUM 179   current_time = 00:02:03   RELEASE_TASK          [queue size = 97]
2026-07-01 19:44:24 DEBUG: Task 54 released: pod 455 required by workstation(s) [0].  [released tasks = 33]
2026-07-01 19:44:24 DEBUG:    EVENT NUM 180   current_time = 00:02:04   ARRIVAL_POD_WST       [queue size = 96]
2026-07-01 19:44:24 DEBUG: Pod 180 arrived at workstation 0 - status = BUSY
2026-07-01 19:44:24 DEBUG: Pod queued at workstation.    [picking_buffer = {9: 119.17219759632292, 11: 124.95036954445595}]
2026-07-01 19:44:24 DEBUG:    EVENT NUM 181   current_time = 00:02:05   ARRIVAL_ORDER         [queue size = 95]
2026-07-01 19:44:24 DEBUG: Order 124 arrived: items_required = [4720].     [orders_in_system = 123]
2026-07-01 19:44:24 DEBUG:    EVENT NUM 182   current_time = 00:02:06   RELEASE_TASK          [queue size = 95]
2026-07-01 19:44:24 DEBUG: Task 55 released: pod 238 required by workstation(s) [0].  [released tasks = 34]
2026-07-01 19:44:24 DEBUG:    EVENT NUM 183   current_time = 00:02:08   END_PICKING           [queue size = 94]
2026-07-01 19:44:24 DEBUG: Ended picking at workstation 1.    [picking_buffer len = {17: 103.03429317107938, 5: 108.78875806140833}]
2026-07-01 19:44:24 DEBUG: Task should have served orders {28}, found open orders {20, 28, 77, 44}.
2026-07-01 19:44:24 DEBUG: Task 14 completed: pod 262 returning to storage.
2026-07-01 19:44:24 DEBUG:    EVENT NUM 184   current_time = 00:02:08   START_PICKING         [queue size = 95]
2026-07-01 19:44:24 DEBUG: Processing task 17 at workstation 1: picking items {10461} for orders {28}
2026-07-01 19:44:24 DEBUG:    EVENT NUM 185   current_time = 00:02:08   RELEASE_TASK          [queue size = 95]
2026-07-01 19:44:24 DEBUG: Task 56 released: pod 232 required by workstation(s) [0].  [released tasks = 35]
2026-07-01 19:44:24 DEBUG:    EVENT NUM 186   current_time = 00:02:10   ARRIVAL_ORDER         [queue size = 94]
2026-07-01 19:44:24 DEBUG: Order 125 arrived: items_required = [6305].     [orders_in_system = 124]
2026-07-01 19:44:24 DEBUG:    EVENT NUM 187   current_time = 00:02:10   RELEASE_TASK          [queue size = 94]
2026-07-01 19:44:24 DEBUG: Task 57 released: pod 521 required by workstation(s) [0].  [released tasks = 36]
2026-07-01 19:44:24 DEBUG:    EVENT NUM 188   current_time = 00:02:12   RELEASE_TASK          [queue size = 93]
2026-07-01 19:44:24 DEBUG: Task 58 released: pod 450 required by workstation(s) [0].  [released tasks = 37]
2026-07-01 19:44:24 DEBUG:    EVENT NUM 189   current_time = 00:02:13   END_PICKING           [queue size = 92]
2026-07-01 19:44:24 DEBUG: Ended picking at workstation 0.    [picking_buffer len = {9: 119.17219759632292, 11: 124.95036954445595}]
2026-07-01 19:44:24 DEBUG: Task should have served orders {41}, found open orders {40, 41, 11, 30}.
2026-07-01 19:44:24 DEBUG: Task 7 completed: pod 206 returning to storage.
2026-07-01 19:44:24 DEBUG:    EVENT NUM 190   current_time = 00:02:13   START_PICKING         [queue size = 93]
2026-07-01 19:44:24 DEBUG: Processing task 9 at workstation 0: picking items {4637} for orders {41}
2026-07-01 19:44:24 DEBUG:    EVENT NUM 191   current_time = 00:02:13   ARRIVAL_POD_WST       [queue size = 93]
2026-07-01 19:44:24 DEBUG: Pod 227 arrived at workstation 0 - status = BUSY
2026-07-01 19:44:24 DEBUG: Pod queued at workstation.    [picking_buffer = {11: 124.95036954445595, 13: 133.77896163021342}]
2026-07-01 19:44:24 DEBUG:    EVENT NUM 192   current_time = 00:02:15   ARRIVAL_ORDER         [queue size = 92]
2026-07-01 19:44:24 DEBUG: Order 126 arrived: items_required = [4711, 3704].     [orders_in_system = 125]
2026-07-01 19:44:24 DEBUG:    EVENT NUM 193   current_time = 00:02:15   RELEASE_TASK          [queue size = 92]
2026-07-01 19:44:24 DEBUG: Task 59 released: pod 550 required by workstation(s) [0].  [released tasks = 38]
2026-07-01 19:44:24 DEBUG:    EVENT NUM 194   current_time = 00:02:16   ARRIVAL_POD_WST       [queue size = 91]
2026-07-01 19:44:24 DEBUG: Pod 426 arrived at workstation 0 - status = BUSY
2026-07-01 19:44:24 DEBUG: Pod queued at workstation.    [picking_buffer = {11: 124.95036954445595, 13: 133.77896163021342, 20: 136.93662255204487}]
2026-07-01 19:44:24 DEBUG:    EVENT NUM 195   current_time = 00:02:17   RELEASE_TASK          [queue size = 90]
2026-07-01 19:44:24 DEBUG: Task 60 released: pod 204 required by workstation(s) [0].  [released tasks = 39]
2026-07-01 19:44:24 DEBUG:    EVENT NUM 196   current_time = 00:02:18   END_PICKING           [queue size = 89]
2026-07-01 19:44:24 DEBUG: Ended picking at workstation 1.    [picking_buffer len = {5: 108.78875806140833}]
2026-07-01 19:44:24 DEBUG: Task should have served orders {28}, found open orders {20, 28, 77, 44}.
2026-07-01 19:44:24 DEBUG: Task 17 completed: pod 161 returning to storage.
2026-07-01 19:44:24 DEBUG:    EVENT NUM 197   current_time = 00:02:18   CLOSE_ORDER           [queue size = 91]
2026-07-01 19:44:24 DEBUG: Order 28 closed at workstation 1: flow_time = 138.2 s.     [order_buffer = 24] [open_orders = 3/4]
2026-07-01 19:44:24 DEBUG: Next order in buffer: 97
2026-07-01 19:44:24 DEBUG:    EVENT NUM 198   current_time = 00:02:18   START_PICKING         [queue size = 91]
2026-07-01 19:44:24 DEBUG: Processing task 5 at workstation 1: picking items {1571, 4806} for orders {20, 44}
2026-07-01 19:44:24 DEBUG:    EVENT NUM 199   current_time = 00:02:18   OPEN_ORDER            [queue size = 91]
2026-07-01 19:44:24 DEBUG: Order 97 (skus required = {6249, 8927}) opened at workstation 1.   [open_orders = 4/4]
2026-07-01 19:44:24 DEBUG:    EVENT NUM 200   current_time = 00:02:18   START_TASK            [queue size = 91]
2026-07-01 19:44:24 DEBUG: Task 21 blocked: no orders in {0: [19]} is open yet.  [released tasks = 38]
2026-07-01 19:44:24 DEBUG: Task 23 blocked: no orders in {0: [18]} is open yet.  [released tasks = 37]
2026-07-01 19:44:24 DEBUG: Task 24 blocked: no orders in {0: [36]} is open yet.  [released tasks = 36]
2026-07-01 19:44:24 DEBUG: Task 25 blocked: no orders in {0: [13]} is open yet.  [released tasks = 35]
2026-07-01 19:44:24 DEBUG: Task 26 blocked: no orders in {0: [50]} is open yet.  [released tasks = 34]
2026-07-01 19:44:24 DEBUG: Task 27 blocked: no idle robots.
2026-07-01 19:44:24 DEBUG:    EVENT NUM 201   current_time = 00:02:18   RETURN_POD            [queue size = 90]
2026-07-01 19:44:24 DEBUG: Pod 581 returned. Robot 1 idle.   [idle robots = 1/20, released tasks = 39]
2026-07-01 19:44:24 DEBUG:    EVENT NUM 202   current_time = 00:02:18   START_TASK            [queue size = 90]
2026-07-01 19:44:24 DEBUG: Task 21 blocked: no orders in {0: [19]} is open yet.  [released tasks = 38]
2026-07-01 19:44:24 DEBUG: Task 23 blocked: no orders in {0: [18]} is open yet.  [released tasks = 37]
2026-07-01 19:44:24 DEBUG: Task 24 blocked: no orders in {0: [36]} is open yet.  [released tasks = 36]
2026-07-01 19:44:24 DEBUG: Task 25 blocked: no orders in {0: [13]} is open yet.  [released tasks = 35]
2026-07-01 19:44:24 DEBUG: Task 26 blocked: no orders in {0: [50]} is open yet.  [released tasks = 34]
2026-07-01 19:44:24 DEBUG: Task 27 started: robot 1 → pod 96 → workstation 2 for orders {52, 63} (arrival = 262.4 s).   [idle robots = 0/20]
2026-07-01 19:44:24 DEBUG:    EVENT NUM 203   current_time = 00:02:19   RELEASE_TASK          [queue size = 90]
2026-07-01 19:44:24 DEBUG: Task 61 released: pod 115 required by workstation(s) [0, 1].  [released tasks = 39]
2026-07-01 19:44:24 DEBUG:    EVENT NUM 204   current_time = 00:02:20   ARRIVAL_ORDER         [queue size = 89]
2026-07-01 19:44:24 DEBUG: Order 127 arrived: items_required = [7562].     [orders_in_system = 125]
2026-07-01 19:44:24 DEBUG:    EVENT NUM 205   current_time = 00:02:20   RETURN_POD            [queue size = 89]
2026-07-01 19:44:24 DEBUG: Pod 593 returned. Robot 5 idle.   [idle robots = 1/20, released tasks = 39]
2026-07-01 19:44:24 DEBUG:    EVENT NUM 206   current_time = 00:02:20   START_TASK            [queue size = 89]
2026-07-01 19:44:24 DEBUG: Task 21 blocked: no orders in {0: [19]} is open yet.  [released tasks = 38]
2026-07-01 19:44:24 DEBUG: Task 23 blocked: no orders in {0: [18]} is open yet.  [released tasks = 37]
2026-07-01 19:44:24 DEBUG: Task 24 blocked: no orders in {0: [36]} is open yet.  [released tasks = 36]
2026-07-01 19:44:24 DEBUG: Task 25 blocked: no orders in {0: [13]} is open yet.  [released tasks = 35]
2026-07-01 19:44:24 DEBUG: Task 26 blocked: no orders in {0: [50]} is open yet.  [released tasks = 34]
2026-07-01 19:44:24 DEBUG: Task 28 blocked: no orders in {0: [12]} is open yet.  [released tasks = 33]
2026-07-01 19:44:24 DEBUG: Task 29 blocked: no orders in {0: [25]} is open yet.  [released tasks = 32]
2026-07-01 19:44:24 DEBUG: Task 30 started: robot 5 → pod 312 → workstation 2 for orders {63} (arrival = 184.6 s).   [idle robots = 0/20]
2026-07-01 19:44:24 DEBUG:    EVENT NUM 207   current_time = 00:02:21   RELEASE_TASK          [queue size = 89]
2026-07-01 19:44:24 DEBUG: Task 62 released: pod 293 required by workstation(s) [0].  [released tasks = 39]
2026-07-01 19:44:24 DEBUG:    EVENT NUM 208   current_time = 00:02:23   RETURN_POD            [queue size = 88]
2026-07-01 19:44:24 DEBUG: Pod 466 returned. Robot 6 idle.   [idle robots = 1/20, released tasks = 39]
2026-07-01 19:44:24 DEBUG:    EVENT NUM 209   current_time = 00:02:23   START_TASK            [queue size = 88]
2026-07-01 19:44:24 DEBUG: Task 21 blocked: no orders in {0: [19]} is open yet.  [released tasks = 38]
2026-07-01 19:44:24 DEBUG: Task 23 blocked: no orders in {0: [18]} is open yet.  [released tasks = 37]
2026-07-01 19:44:24 DEBUG: Task 24 blocked: no orders in {0: [36]} is open yet.  [released tasks = 36]
2026-07-01 19:44:24 DEBUG: Task 25 blocked: no orders in {0: [13]} is open yet.  [released tasks = 35]
2026-07-01 19:44:24 DEBUG: Task 26 blocked: no orders in {0: [50]} is open yet.  [released tasks = 34]
2026-07-01 19:44:24 DEBUG: Task 28 blocked: no orders in {0: [12]} is open yet.  [released tasks = 33]
2026-07-01 19:44:24 DEBUG: Task 29 blocked: no orders in {0: [25]} is open yet.  [released tasks = 32]
2026-07-01 19:44:24 DEBUG: Task 31 blocked: no orders in {0: [65]} is open yet.  [released tasks = 31]
2026-07-01 19:44:24 DEBUG: Task 32 started: robot 6 → pod 411 → workstation 2 for orders {63} (arrival = 188.5 s).   [idle robots = 0/20]
2026-07-01 19:44:24 DEBUG:    EVENT NUM 210   current_time = 00:02:23   END_PICKING           [queue size = 88]
2026-07-01 19:44:24 DEBUG: Ended picking at workstation 0.    [picking_buffer len = {11: 124.95036954445595, 13: 133.77896163021342, 20: 136.93662255204487}]
2026-07-01 19:44:24 DEBUG: Task should have served orders {41}, found open orders {40, 41, 11, 30}.
2026-07-01 19:44:24 DEBUG: Task 9 completed: pod 139 returning to storage.
2026-07-01 19:44:24 DEBUG:    EVENT NUM 211   current_time = 00:02:23   START_PICKING         [queue size = 89]
2026-07-01 19:44:24 DEBUG: Processing task 11 at workstation 0: picking items {6039} for orders {30}
2026-07-01 19:44:24 DEBUG:    EVENT NUM 212   current_time = 00:02:24   RELEASE_TASK          [queue size = 89]
2026-07-01 19:44:24 DEBUG: Task 63 released: pod 147 required by workstation(s) [1, 1].  [released tasks = 39]
2026-07-01 19:44:24 DEBUG:    EVENT NUM 213   current_time = 00:02:25   ARRIVAL_ORDER         [queue size = 88]
2026-07-01 19:44:24 DEBUG: Order 128 arrived: items_required = [3690].     [orders_in_system = 126]
2026-07-01 19:44:24 DEBUG:    EVENT NUM 214   current_time = 00:02:26   RELEASE_TASK          [queue size = 88]
2026-07-01 19:44:24 DEBUG: Task 64 released: pod 201 required by workstation(s) [0].  [released tasks = 40]
2026-07-01 19:44:24 DEBUG:    EVENT NUM 215   current_time = 00:02:28   ARRIVAL_POD_WST       [queue size = 87]
2026-07-01 19:44:24 DEBUG: Pod 225 arrived at workstation 0 - status = BUSY
2026-07-01 19:44:24 DEBUG: Pod queued at workstation.    [picking_buffer = {13: 133.77896163021342, 20: 136.93662255204487, 15: 148.63880623931064}]
2026-07-01 19:44:24 DEBUG:    EVENT NUM 216   current_time = 00:02:28   RELEASE_TASK          [queue size = 86]
2026-07-01 19:44:24 DEBUG: Task 65 released: pod 149 required by workstation(s) [1].  [released tasks = 41]
2026-07-01 19:44:24 DEBUG:    EVENT NUM 217   current_time = 00:02:30   ARRIVAL_ORDER         [queue size = 85]
2026-07-01 19:44:24 DEBUG: Order 129 arrived: items_required = [2343].     [orders_in_system = 127]
2026-07-01 19:44:24 DEBUG:    EVENT NUM 218   current_time = 00:02:31   RELEASE_TASK          [queue size = 85]
2026-07-01 19:44:24 DEBUG: Task 66 released: pod 121 required by workstation(s) [0].  [released tasks = 42]
2026-07-01 19:44:24 DEBUG:    EVENT NUM 219   current_time = 00:02:33   END_PICKING           [queue size = 84]
2026-07-01 19:44:24 DEBUG: Ended picking at workstation 1.    [picking_buffer len = {}]
2026-07-01 19:44:24 DEBUG: Task should have served orders {20, 44}, found open orders {97, 44, 77, 20}.
2026-07-01 19:44:24 DEBUG: Task 5 completed: pod 230 returning to storage.
2026-07-01 19:44:24 DEBUG:    EVENT NUM 220   current_time = 00:02:33   CLOSE_ORDER           [queue size = 85]
2026-07-01 19:44:24 DEBUG: Order 20 closed at workstation 1: flow_time = 153.2 s.     [order_buffer = 23] [open_orders = 3/4]
2026-07-01 19:44:24 DEBUG: Next order in buffer: 54
2026-07-01 19:44:24 DEBUG:    EVENT NUM 221   current_time = 00:02:33   OPEN_ORDER            [queue size = 85]
2026-07-01 19:44:24 DEBUG: Order 54 (skus required = {4574}) opened at workstation 1.   [open_orders = 4/4]
2026-07-01 19:44:24 DEBUG:    EVENT NUM 222   current_time = 00:02:33   START_TASK            [queue size = 85]
2026-07-01 19:44:24 DEBUG: Task 21 blocked: no orders in {0: [19]} is open yet.  [released tasks = 41]
2026-07-01 19:44:24 DEBUG: Task 23 blocked: no orders in {0: [18]} is open yet.  [released tasks = 40]
2026-07-01 19:44:24 DEBUG: Task 24 blocked: no orders in {0: [36]} is open yet.  [released tasks = 39]
2026-07-01 19:44:24 DEBUG: Task 25 blocked: no orders in {0: [13]} is open yet.  [released tasks = 38]
2026-07-01 19:44:24 DEBUG: Task 26 blocked: no orders in {0: [50]} is open yet.  [released tasks = 37]
2026-07-01 19:44:24 DEBUG: Task 28 blocked: no orders in {0: [12]} is open yet.  [released tasks = 36]
2026-07-01 19:44:24 DEBUG: Task 29 blocked: no orders in {0: [25]} is open yet.  [released tasks = 35]
2026-07-01 19:44:24 DEBUG: Task 31 blocked: no orders in {0: [65]} is open yet.  [released tasks = 34]
2026-07-01 19:44:24 DEBUG: Task 33 blocked: no orders in {0: [14]} is open yet.  [released tasks = 33]
2026-07-01 19:44:24 DEBUG: Task 34 blocked: no orders in {0: [35]} is open yet.  [released tasks = 32]
2026-07-01 19:44:24 DEBUG: Task 35 blocked: no orders in {0: [2]} is open yet.  [released tasks = 31]
2026-07-01 19:44:24 DEBUG: Task 36 blocked: no orders in {0: [27]} is open yet.  [released tasks = 30]
2026-07-01 19:44:24 DEBUG: Task 37 blocked: no orders in {0: [27]} is open yet.  [released tasks = 29]
2026-07-01 19:44:24 DEBUG: Task 38 blocked: no orders in {0: [21]} is open yet.  [released tasks = 28]
2026-07-01 19:44:24 DEBUG: Task 39 blocked: no idle robots.
2026-07-01 19:44:24 DEBUG:    EVENT NUM 223   current_time = 00:02:33   RELEASE_TASK          [queue size = 84]
2026-07-01 19:44:24 DEBUG: Task 67 released: pod 353 required by workstation(s) [2].  [released tasks = 43]
2026-07-01 19:44:24 DEBUG:    EVENT NUM 224   current_time = 00:02:33   END_PICKING           [queue size = 83]
2026-07-01 19:44:24 DEBUG: Ended picking at workstation 0.    [picking_buffer len = {13: 133.77896163021342, 20: 136.93662255204487, 15: 148.63880623931064}]
2026-07-01 19:44:24 DEBUG: Task should have served orders {30}, found open orders {40, 41, 11, 30}.
2026-07-01 19:44:24 DEBUG: Task 11 completed: pod 180 returning to storage.
2026-07-01 19:44:24 DEBUG:    EVENT NUM 225   current_time = 00:02:33   CLOSE_ORDER           [queue size = 85]
2026-07-01 19:44:24 DEBUG: Order 30 closed at workstation 0: flow_time = 153.3 s.     [order_buffer = 23] [open_orders = 3/4]
2026-07-01 19:44:24 DEBUG: Next order in buffer: 64
2026-07-01 19:44:24 DEBUG:    EVENT NUM 226   current_time = 00:02:33   START_PICKING         [queue size = 85]
2026-07-01 19:44:24 DEBUG: Processing task 13 at workstation 0: picking items {1421} for orders {40}
2026-07-01 19:44:24 DEBUG:    EVENT NUM 227   current_time = 00:02:33   OPEN_ORDER            [queue size = 85]
2026-07-01 19:44:24 DEBUG: Order 64 (skus required = {4008}) opened at workstation 0.   [open_orders = 4/4]
2026-07-01 19:44:24 DEBUG:    EVENT NUM 228   current_time = 00:02:33   START_TASK            [queue size = 85]
2026-07-01 19:44:24 DEBUG: Task 21 blocked: no idle robots.
2026-07-01 19:44:24 DEBUG:    EVENT NUM 229   current_time = 00:02:35   ARRIVAL_ORDER         [queue size = 84]
2026-07-01 19:44:24 DEBUG: Order 130 arrived: items_required = [6425].     [orders_in_system = 126]
2026-07-01 19:44:24 DEBUG:    EVENT NUM 230   current_time = 00:02:35   RELEASE_TASK          [queue size = 84]
2026-07-01 19:44:24 DEBUG: Task 68 released: pod 124 required by workstation(s) [0].  [released tasks = 44]
2026-07-01 19:44:24 DEBUG:    EVENT NUM 231   current_time = 00:02:37   RELEASE_TASK          [queue size = 83]
2026-07-01 19:44:24 DEBUG: Task 69 released: pod 47 required by workstation(s) [0].  [released tasks = 45]
2026-07-01 19:44:24 DEBUG:    EVENT NUM 232   current_time = 00:02:40   ARRIVAL_ORDER         [queue size = 82]
2026-07-01 19:44:24 DEBUG: Order 131 arrived: items_required = [5231, 6533].     [orders_in_system = 127]
2026-07-01 19:44:24 DEBUG:    EVENT NUM 233   current_time = 00:02:40   RELEASE_TASK          [queue size = 82]
2026-07-01 19:44:24 DEBUG: Task 70 released: pod 16 required by workstation(s) [2].  [released tasks = 46]
2026-07-01 19:44:24 DEBUG:    EVENT NUM 234   current_time = 00:02:42   RELEASE_TASK          [queue size = 81]
2026-07-01 19:44:24 DEBUG: Task 71 released: pod 474 required by workstation(s) [1].  [released tasks = 47]
2026-07-01 19:44:24 DEBUG:    EVENT NUM 235   current_time = 00:02:43   RETURN_POD            [queue size = 80]
2026-07-01 19:44:24 DEBUG: Pod 569 returned. Robot 14 idle.   [idle robots = 1/20, released tasks = 47]
2026-07-01 19:44:24 DEBUG:    EVENT NUM 236   current_time = 00:02:43   START_TASK            [queue size = 80]
2026-07-01 19:44:24 DEBUG: Task 21 started: robot 14 → pod 427 → workstation 0 for orders {19} (arrival = 241.6 s).   [idle robots = 0/20]
2026-07-01 19:44:24 DEBUG:    EVENT NUM 237   current_time = 00:02:43   END_PICKING           [queue size = 80]
2026-07-01 19:44:24 DEBUG: Ended picking at workstation 0.    [picking_buffer len = {20: 136.93662255204487, 15: 148.63880623931064}]
2026-07-01 19:44:24 DEBUG: Task should have served orders {40}, found open orders {64, 40, 41, 11}.
2026-07-01 19:44:24 DEBUG: Task 13 completed: pod 227 returning to storage.
2026-07-01 19:44:24 DEBUG:    EVENT NUM 238   current_time = 00:02:43   CLOSE_ORDER           [queue size = 82]
2026-07-01 19:44:24 DEBUG: Order 40 closed at workstation 0: flow_time = 163.3 s.     [order_buffer = 22] [open_orders = 3/4]
2026-07-01 19:44:24 DEBUG: Next order in buffer: 19
2026-07-01 19:44:24 DEBUG:    EVENT NUM 239   current_time = 00:02:43   START_PICKING         [queue size = 82]
2026-07-01 19:44:24 DEBUG: Processing task 20 at workstation 0: picking items {5107} for orders {11}
2026-07-01 19:44:24 DEBUG:    EVENT NUM 240   current_time = 00:02:43   OPEN_ORDER            [queue size = 82]
2026-07-01 19:44:24 DEBUG: Order 19 (skus required = {3217}) opened at workstation 0.   [open_orders = 4/4]
2026-07-01 19:44:24 DEBUG:    EVENT NUM 241   current_time = 00:02:43   START_TASK            [queue size = 82]
2026-07-01 19:44:24 DEBUG: Task 23 blocked: no idle robots.
2026-07-01 19:44:24 DEBUG:    EVENT NUM 242   current_time = 00:02:44   RELEASE_TASK          [queue size = 81]
2026-07-01 19:44:24 DEBUG: Task 72 released: pod 584 required by workstation(s) [1].  [released tasks = 47]
2026-07-01 19:44:24 DEBUG:    EVENT NUM 243   current_time = 00:02:45   ARRIVAL_ORDER         [queue size = 80]
2026-07-01 19:44:24 DEBUG: Order 132 arrived: items_required = [5526, 2705, 4272, 5168].     [orders_in_system = 127]
2026-07-01 19:44:24 DEBUG:    EVENT NUM 244   current_time = 00:02:46   RELEASE_TASK          [queue size = 80]
2026-07-01 19:44:24 DEBUG: Task 73 released: pod 97 required by workstation(s) [1].  [released tasks = 48]
2026-07-01 19:44:24 DEBUG:    EVENT NUM 245   current_time = 00:02:47   ARRIVAL_POD_WST       [queue size = 79]
2026-07-01 19:44:24 DEBUG: Pod 306 arrived at workstation 1 - status = IDLE
2026-07-01 19:44:24 DEBUG: Pod queued at workstation.    [picking_buffer = {22: 167.98757030490424}]
2026-07-01 19:44:24 DEBUG:    EVENT NUM 246   current_time = 00:02:47   START_PICKING         [queue size = 79]
2026-07-01 19:44:24 DEBUG: Processing task 22 at workstation 1: picking items {7854} for orders {77}
2026-07-01 19:44:24 DEBUG:    EVENT NUM 247   current_time = 00:02:48   RETURN_POD            [queue size = 79]
2026-07-01 19:44:24 DEBUG: Pod 552 returned. Robot 18 idle.   [idle robots = 1/20, released tasks = 48]
2026-07-01 19:44:24 DEBUG:    EVENT NUM 248   current_time = 00:02:48   START_TASK            [queue size = 79]
2026-07-01 19:44:24 DEBUG: Task 23 started: robot 18 → pod 475 → workstation 0 for orders {18} (arrival = 250.7 s).   [idle robots = 0/20]
2026-07-01 19:44:24 DEBUG:    EVENT NUM 249   current_time = 00:02:49   RELEASE_TASK          [queue size = 79]
2026-07-01 19:44:24 DEBUG: Task 74 released: pod 76 required by workstation(s) [1].  [released tasks = 48]
2026-07-01 19:44:24 DEBUG:    EVENT NUM 250   current_time = 00:02:50   ARRIVAL_ORDER         [queue size = 78]
2026-07-01 19:44:24 DEBUG: Order 133 arrived: items_required = [2526].     [orders_in_system = 128]
2026-07-01 19:44:24 DEBUG:    EVENT NUM 251   current_time = 00:02:50   RETURN_POD            [queue size = 78]
2026-07-01 19:44:24 DEBUG: Pod 457 returned. Robot 15 idle.   [idle robots = 1/20, released tasks = 48]
2026-07-01 19:44:24 DEBUG:    EVENT NUM 252   current_time = 00:02:50   START_TASK            [queue size = 78]
2026-07-01 19:44:24 DEBUG: Task 24 blocked: no orders in {0: [36]} is open yet.  [released tasks = 47]
2026-07-01 19:44:24 DEBUG: Task 25 blocked: no orders in {0: [13]} is open yet.  [released tasks = 46]
2026-07-01 19:44:24 DEBUG: Task 26 blocked: no orders in {0: [50]} is open yet.  [released tasks = 45]
2026-07-01 19:44:24 DEBUG: Task 28 blocked: no orders in {0: [12]} is open yet.  [released tasks = 44]
2026-07-01 19:44:24 DEBUG: Task 29 blocked: no orders in {0: [25]} is open yet.  [released tasks = 43]
2026-07-01 19:44:24 DEBUG: Task 31 blocked: no orders in {0: [65]} is open yet.  [released tasks = 42]
2026-07-01 19:44:24 DEBUG: Task 33 blocked: no orders in {0: [14]} is open yet.  [released tasks = 41]
2026-07-01 19:44:24 DEBUG: Task 34 blocked: no orders in {0: [35]} is open yet.  [released tasks = 40]
2026-07-01 19:44:24 DEBUG: Task 35 blocked: no orders in {0: [2]} is open yet.  [released tasks = 39]
2026-07-01 19:44:24 DEBUG: Task 36 blocked: no orders in {0: [27]} is open yet.  [released tasks = 38]
2026-07-01 19:44:24 DEBUG: Task 37 blocked: no orders in {0: [27]} is open yet.  [released tasks = 37]
2026-07-01 19:44:24 DEBUG: Task 38 blocked: no orders in {0: [21]} is open yet.  [released tasks = 36]
2026-07-01 19:44:24 DEBUG: Task 39 started: robot 15 → pod 479 → workstation 2 for orders {72} (arrival = 240.0 s).   [idle robots = 0/20]
2026-07-01 19:44:24 DEBUG:    EVENT NUM 253   current_time = 00:02:51   RELEASE_TASK          [queue size = 78]
2026-07-01 19:44:24 DEBUG: Task 75 released: pod 148 required by workstation(s) [1].  [released tasks = 48]
2026-07-01 19:44:24 DEBUG:    EVENT NUM 254   current_time = 00:02:53   END_PICKING           [queue size = 77]
2026-07-01 19:44:24 DEBUG: Ended picking at workstation 0.    [picking_buffer len = {15: 148.63880623931064}]
2026-07-01 19:44:24 DEBUG: Task should have served orders {11}, found open orders {64, 41, 11, 19}.
2026-07-01 19:44:24 DEBUG: Task 20 completed: pod 426 returning to storage.
2026-07-01 19:44:24 DEBUG:    EVENT NUM 255   current_time = 00:02:53   CLOSE_ORDER           [queue size = 79]
2026-07-01 19:44:24 DEBUG: Order 11 closed at workstation 0: flow_time = 173.3 s.     [order_buffer = 21] [open_orders = 3/4]
2026-07-01 19:44:24 DEBUG: Next order in buffer: 18
2026-07-01 19:44:24 DEBUG:    EVENT NUM 256   current_time = 00:02:53   START_PICKING         [queue size = 79]
2026-07-01 19:44:24 DEBUG: Processing task 15 at workstation 0: picking items {4137} for orders {41}
2026-07-01 19:44:24 DEBUG:    EVENT NUM 257   current_time = 00:02:53   OPEN_ORDER            [queue size = 79]
2026-07-01 19:44:24 DEBUG: Order 18 (skus required = {5182}) opened at workstation 0.   [open_orders = 4/4]
2026-07-01 19:44:24 DEBUG:    EVENT NUM 258   current_time = 00:02:53   START_TASK            [queue size = 79]
2026-07-01 19:44:24 DEBUG: Task 24 blocked: no idle robots.
2026-07-01 19:44:24 DEBUG:    EVENT NUM 259   current_time = 00:02:53   RELEASE_TASK          [queue size = 78]
2026-07-01 19:44:24 DEBUG: Task 76 released: pod 510 required by workstation(s) [1].  [released tasks = 49]
2026-07-01 19:44:24 DEBUG:    EVENT NUM 260   current_time = 00:02:55   ARRIVAL_ORDER         [queue size = 77]
2026-07-01 19:44:24 DEBUG: Order 134 arrived: items_required = [7344].     [orders_in_system = 128]
2026-07-01 19:44:24 DEBUG:    EVENT NUM 261   current_time = 00:02:56   RELEASE_TASK          [queue size = 77]
2026-07-01 19:44:24 DEBUG: Task 77 released: pod 315 required by workstation(s) [1].  [released tasks = 50]
2026-07-01 19:44:24 DEBUG:    EVENT NUM 262   current_time = 00:02:56   ARRIVAL_POD_WST       [queue size = 76]
2026-07-01 19:44:24 DEBUG: Pod 340 arrived at workstation 0 - status = BUSY
2026-07-01 19:44:24 DEBUG: Pod queued at workstation.    [picking_buffer = {19: 176.53264279211317}]
2026-07-01 19:44:24 DEBUG:    EVENT NUM 263   current_time = 00:02:57   END_PICKING           [queue size = 75]
2026-07-01 19:44:24 DEBUG: Ended picking at workstation 1.    [picking_buffer len = {}]
2026-07-01 19:44:24 DEBUG: Task should have served orders {77}, found open orders {97, 44, 77, 54}.
2026-07-01 19:44:24 DEBUG: Task 22 completed: pod 306 returning to storage.
2026-07-01 19:44:24 DEBUG:    EVENT NUM 264   current_time = 00:02:58   RELEASE_TASK          [queue size = 75]
2026-07-01 19:44:24 DEBUG: Task 78 released: pod 468 required by workstation(s) [1, 1].  [released tasks = 51]
2026-07-01 19:44:24 DEBUG:    EVENT NUM 265   current_time = 00:03:00   ARRIVAL_ORDER         [queue size = 74]
2026-07-01 19:44:24 DEBUG: Order 135 arrived: items_required = [8801, 4178].     [orders_in_system = 129]
2026-07-01 19:44:24 DEBUG:    EVENT NUM 266   current_time = 00:03:00   RELEASE_TASK          [queue size = 74]
2026-07-01 19:44:24 DEBUG: Task 79 released: pod 379 required by workstation(s) [1].  [released tasks = 52]
2026-07-01 19:44:24 DEBUG:    EVENT NUM 267   current_time = 00:03:02   RELEASE_TASK          [queue size = 73]
2026-07-01 19:44:24 DEBUG: Task 80 released: pod 329 required by workstation(s) [1].  [released tasks = 53]
2026-07-01 19:44:24 DEBUG:    EVENT NUM 268   current_time = 00:03:03   END_PICKING           [queue size = 72]
2026-07-01 19:44:24 DEBUG: Ended picking at workstation 0.    [picking_buffer len = {19: 176.53264279211317}]
2026-07-01 19:44:24 DEBUG: Task should have served orders {41}, found open orders {64, 41, 18, 19}.
2026-07-01 19:44:24 DEBUG: Task 15 completed: pod 225 returning to storage.
2026-07-01 19:44:24 DEBUG:    EVENT NUM 269   current_time = 00:03:03   START_PICKING         [queue size = 73]
2026-07-01 19:44:24 DEBUG: Processing task 19 at workstation 0: picking items {4008} for orders {64}
2026-07-01 19:44:24 DEBUG:    EVENT NUM 270   current_time = 00:03:03   RETURN_POD            [queue size = 73]
2026-07-01 19:44:24 DEBUG: Pod 262 returned. Robot 12 idle.   [idle robots = 1/20, released tasks = 53]
2026-07-01 19:44:24 DEBUG:    EVENT NUM 271   current_time = 00:03:03   START_TASK            [queue size = 73]
2026-07-01 19:44:24 DEBUG: Task 24 started: robot 12 → pod 553 → workstation 0 for orders {36} (arrival = 242.9 s).   [idle robots = 0/20]
2026-07-01 19:44:24 DEBUG:    EVENT NUM 272   current_time = 00:03:04   ARRIVAL_POD_WST       [queue size = 73]
2026-07-01 19:44:24 DEBUG: Pod 312 arrived at workstation 2 - status = IDLE
2026-07-01 19:44:24 DEBUG: Pod queued at workstation.    [picking_buffer = {30: 184.59393593057592}]
2026-07-01 19:44:24 DEBUG:    EVENT NUM 273   current_time = 00:03:04   START_PICKING         [queue size = 73]
2026-07-01 19:44:24 DEBUG: Processing task 30 at workstation 2: picking items {3672} for orders {63}
2026-07-01 19:44:24 DEBUG:    EVENT NUM 274   current_time = 00:03:05   ARRIVAL_ORDER         [queue size = 73]
2026-07-01 19:44:24 DEBUG: Order 136 arrived: items_required = [7515, 8960].     [orders_in_system = 130]
2026-07-01 19:44:24 DEBUG:    EVENT NUM 275   current_time = 00:03:05   RELEASE_TASK          [queue size = 73]
2026-07-01 19:44:24 DEBUG: Task 81 released: pod 473 required by workstation(s) [1].  [released tasks = 53]
2026-07-01 19:44:24 DEBUG:    EVENT NUM 276   current_time = 00:03:07   RELEASE_TASK          [queue size = 72]
2026-07-01 19:44:24 DEBUG: Task 82 released: pod 66 required by workstation(s) [1].  [released tasks = 54]
2026-07-01 19:44:24 DEBUG:    EVENT NUM 277   current_time = 00:03:08   ARRIVAL_POD_WST       [queue size = 71]
2026-07-01 19:44:24 DEBUG: Pod 411 arrived at workstation 2 - status = BUSY
2026-07-01 19:44:24 DEBUG: Pod queued at workstation.    [picking_buffer = {32: 188.4637653878135}]
2026-07-01 19:44:24 DEBUG:    EVENT NUM 278   current_time = 00:03:09   RELEASE_TASK          [queue size = 70]
2026-07-01 19:44:24 DEBUG: Task 83 released: pod 218 required by workstation(s) [1].  [released tasks = 55]
2026-07-01 19:44:24 DEBUG:    EVENT NUM 279   current_time = 00:03:10   ARRIVAL_ORDER         [queue size = 69]
2026-07-01 19:44:24 DEBUG: Order 137 arrived: items_required = [1360].     [orders_in_system = 131]
2026-07-01 19:44:24 DEBUG:    EVENT NUM 280   current_time = 00:03:11   RETURN_POD            [queue size = 69]
2026-07-01 19:44:24 DEBUG: Pod 391 returned. Robot 11 idle.   [idle robots = 1/20, released tasks = 55]
2026-07-01 19:44:24 DEBUG:    EVENT NUM 281   current_time = 00:03:11   START_TASK            [queue size = 69]
2026-07-01 19:44:24 DEBUG: Task 25 blocked: no orders in {0: [13]} is open yet.  [released tasks = 54]
2026-07-01 19:44:24 DEBUG: Task 26 blocked: no orders in {0: [50]} is open yet.  [released tasks = 53]
2026-07-01 19:44:24 DEBUG: Task 28 blocked: no orders in {0: [12]} is open yet.  [released tasks = 52]
2026-07-01 19:44:24 DEBUG: Task 29 blocked: no orders in {0: [25]} is open yet.  [released tasks = 51]
2026-07-01 19:44:24 DEBUG: Task 31 blocked: no orders in {0: [65]} is open yet.  [released tasks = 50]
2026-07-01 19:44:24 DEBUG: Task 33 blocked: no orders in {0: [14]} is open yet.  [released tasks = 49]
2026-07-01 19:44:24 DEBUG: Task 34 blocked: no orders in {0: [35]} is open yet.  [released tasks = 48]
2026-07-01 19:44:24 DEBUG: Task 35 blocked: no orders in {0: [2]} is open yet.  [released tasks = 47]
2026-07-01 19:44:24 DEBUG: Task 36 blocked: no orders in {0: [27]} is open yet.  [released tasks = 46]
2026-07-01 19:44:24 DEBUG: Task 37 blocked: no orders in {0: [27]} is open yet.  [released tasks = 45]
2026-07-01 19:44:24 DEBUG: Task 38 blocked: no orders in {0: [21]} is open yet.  [released tasks = 44]
2026-07-01 19:44:24 DEBUG: Task 40 blocked: no orders in {0: [8]} is open yet.  [released tasks = 43]
2026-07-01 19:44:24 DEBUG: Task 41 started: robot 11 → pod 41 → workstation 2 for orders {84} (arrival = 313.4 s).   [idle robots = 0/20]
2026-07-01 19:44:24 DEBUG:    EVENT NUM 282   current_time = 00:03:11   RELEASE_TASK          [queue size = 69]
2026-07-01 19:44:24 DEBUG: Task 84 released: pod 285 required by workstation(s) [1].  [released tasks = 55]
2026-07-01 19:44:24 DEBUG:    EVENT NUM 283   current_time = 00:03:13   END_PICKING           [queue size = 68]
2026-07-01 19:44:24 DEBUG: Ended picking at workstation 0.    [picking_buffer len = {}]
2026-07-01 19:44:24 DEBUG: Task should have served orders {64}, found open orders {64, 41, 18, 19}.
2026-07-01 19:44:24 DEBUG: Task 19 completed: pod 340 returning to storage.
2026-07-01 19:44:24 DEBUG:    EVENT NUM 284   current_time = 00:03:13   CLOSE_ORDER           [queue size = 69]
2026-07-01 19:44:24 DEBUG: Order 64 closed at workstation 0: flow_time = 193.3 s.     [order_buffer = 20] [open_orders = 3/4]
2026-07-01 19:44:24 DEBUG: Next order in buffer: 36
2026-07-01 19:44:24 DEBUG:    EVENT NUM 285   current_time = 00:03:13   OPEN_ORDER            [queue size = 69]
2026-07-01 19:44:24 DEBUG: Order 36 (skus required = {6291}) opened at workstation 0.   [open_orders = 4/4]
2026-07-01 19:44:24 DEBUG:    EVENT NUM 286   current_time = 00:03:13   START_TASK            [queue size = 69]
2026-07-01 19:44:24 DEBUG: Task 25 blocked: no idle robots.
2026-07-01 19:44:24 DEBUG:    EVENT NUM 287   current_time = 00:03:14   RELEASE_TASK          [queue size = 68]
2026-07-01 19:44:24 DEBUG: Task 85 released: pod 145 required by workstation(s) [2].  [released tasks = 56]
2026-07-01 19:44:24 DEBUG:    EVENT NUM 288   current_time = 00:03:14   END_PICKING           [queue size = 67]
2026-07-01 19:44:24 DEBUG: Ended picking at workstation 2.    [picking_buffer len = {32: 188.4637653878135}]
2026-07-01 19:44:24 DEBUG: Task should have served orders {63}, found open orders {72, 52, 84, 63}.
2026-07-01 19:44:24 DEBUG: Task 30 completed: pod 312 returning to storage.
2026-07-01 19:44:24 DEBUG:    EVENT NUM 289   current_time = 00:03:14   START_PICKING         [queue size = 68]
2026-07-01 19:44:24 DEBUG: Processing task 32 at workstation 2: picking items {7048} for orders {63}
2026-07-01 19:44:24 DEBUG:    EVENT NUM 290   current_time = 00:03:15   ARRIVAL_ORDER         [queue size = 68]
2026-07-01 19:44:24 DEBUG: Order 138 arrived: items_required = [4767, 10058, 9985].     [orders_in_system = 131]
2026-07-01 19:44:24 DEBUG:    EVENT NUM 291   current_time = 00:03:16   RELEASE_TASK          [queue size = 68]
2026-07-01 19:44:24 DEBUG: Task 86 released: pod 365 required by workstation(s) [1].  [released tasks = 57]
2026-07-01 19:44:24 DEBUG:    EVENT NUM 292   current_time = 00:03:16   RETURN_POD            [queue size = 67]
2026-07-01 19:44:24 DEBUG: Pod 330 returned. Robot 19 idle.   [idle robots = 1/20, released tasks = 57]
2026-07-01 19:44:24 DEBUG:    EVENT NUM 293   current_time = 00:03:16   START_TASK            [queue size = 67]
2026-07-01 19:44:24 DEBUG: Task 25 started: robot 19 → pod 595 → workstation 0 for orders {13} (arrival = 266.4 s).   [idle robots = 0/20]
2026-07-01 19:44:24 DEBUG:    EVENT NUM 294   current_time = 00:03:18   RELEASE_TASK          [queue size = 67]
2026-07-01 19:44:24 DEBUG: Task 87 released: pod 44 required by workstation(s) [2].  [released tasks = 57]
2026-07-01 19:44:24 DEBUG:    EVENT NUM 295   current_time = 00:03:20   ARRIVAL_ORDER         [queue size = 66]
2026-07-01 19:44:24 DEBUG: Order 139 arrived: items_required = [4672, 4891].     [orders_in_system = 132]
2026-07-01 19:44:24 DEBUG:    EVENT NUM 296   current_time = 00:03:21   RELEASE_TASK          [queue size = 66]
2026-07-01 19:44:24 DEBUG: Task 88 released: pod 31 required by workstation(s) [2].  [released tasks = 58]
2026-07-01 19:44:24 DEBUG:    EVENT NUM 297   current_time = 00:03:23   RELEASE_TASK          [queue size = 65]
2026-07-01 19:44:24 DEBUG: Task 89 released: pod 257 required by workstation(s) [1].  [released tasks = 59]
2026-07-01 19:44:24 DEBUG:    EVENT NUM 298   current_time = 00:03:24   END_PICKING           [queue size = 64]
2026-07-01 19:44:24 DEBUG: Ended picking at workstation 2.    [picking_buffer len = {}]
2026-07-01 19:44:24 DEBUG: Task should have served orders {63}, found open orders {72, 52, 84, 63}.
2026-07-01 19:44:24 DEBUG: Task 32 completed: pod 411 returning to storage.
2026-07-01 19:44:24 DEBUG:    EVENT NUM 299   current_time = 00:03:25   ARRIVAL_ORDER         [queue size = 64]
2026-07-01 19:44:24 DEBUG: Order 140 arrived: items_required = [6348, 2875, 7398].     [orders_in_system = 133]
2026-07-01 19:44:24 DEBUG:    EVENT NUM 300   current_time = 00:03:25   RELEASE_TASK          [queue size = 64]
2026-07-01 19:44:24 DEBUG: Task 90 released: pod 21 required by workstation(s) [2].  [released tasks = 60]
2026-07-01 19:44:24 DEBUG:    EVENT NUM 301   current_time = 00:03:27   ARRIVAL_POD_WST       [queue size = 63]
2026-07-01 19:44:24 DEBUG: Pod 23 arrived at workstation 0 - status = IDLE
2026-07-01 19:44:24 DEBUG: Pod queued at workstation.    [picking_buffer = {16: 207.28525023984267}]
2026-07-01 19:44:24 DEBUG:    EVENT NUM 302   current_time = 00:03:27   START_PICKING         [queue size = 63]
2026-07-01 19:44:24 DEBUG: Processing task 16 at workstation 0: picking items {689} for orders {41}
2026-07-01 19:44:24 DEBUG:    EVENT NUM 303   current_time = 00:03:27   RETURN_POD            [queue size = 63]
2026-07-01 19:44:24 DEBUG: Pod 161 returned. Robot 0 idle.   [idle robots = 1/20, released tasks = 60]
2026-07-01 19:44:24 DEBUG:    EVENT NUM 304   current_time = 00:03:27   START_TASK            [queue size = 63]
2026-07-01 19:44:24 DEBUG: Task 26 blocked: no orders in {0: [50]} is open yet.  [released tasks = 59]
2026-07-01 19:44:24 DEBUG: Task 28 blocked: no orders in {0: [12]} is open yet.  [released tasks = 58]
2026-07-01 19:44:24 DEBUG: Task 29 blocked: no orders in {0: [25]} is open yet.  [released tasks = 57]
2026-07-01 19:44:24 DEBUG: Task 31 blocked: no orders in {0: [65]} is open yet.  [released tasks = 56]
2026-07-01 19:44:24 DEBUG: Task 33 blocked: no orders in {0: [14]} is open yet.  [released tasks = 55]
2026-07-01 19:44:24 DEBUG: Task 34 blocked: no orders in {0: [35]} is open yet.  [released tasks = 54]
2026-07-01 19:44:24 DEBUG: Task 35 blocked: no orders in {0: [2]} is open yet.  [released tasks = 53]
2026-07-01 19:44:24 DEBUG: Task 36 blocked: no orders in {0: [27]} is open yet.  [released tasks = 52]
2026-07-01 19:44:24 DEBUG: Task 37 blocked: no orders in {0: [27]} is open yet.  [released tasks = 51]
2026-07-01 19:44:24 DEBUG: Task 38 blocked: no orders in {0: [21]} is open yet.  [released tasks = 50]
2026-07-01 19:44:24 DEBUG: Task 40 blocked: no orders in {0: [8]} is open yet.  [released tasks = 49]
2026-07-01 19:44:24 DEBUG: Task 42 blocked: no orders in {0: [51]} is open yet.  [released tasks = 48]
2026-07-01 19:44:24 DEBUG: Task 43 started: robot 0 → pod 587 → workstation 2 for orders {69} (arrival = 217.7 s).   [idle robots = 0/20]
2026-07-01 19:44:24 DEBUG:    EVENT NUM 305   current_time = 00:03:27   RELEASE_TASK          [queue size = 63]
2026-07-01 19:44:24 DEBUG: Task 91 released: pod 231 required by workstation(s) [1].  [released tasks = 60]
2026-07-01 19:44:24 DEBUG:    EVENT NUM 306   current_time = 00:03:30   ARRIVAL_ORDER         [queue size = 62]
2026-07-01 19:44:24 DEBUG: Order 141 arrived: items_required = [6592].     [orders_in_system = 134]
2026-07-01 19:44:24 DEBUG:    EVENT NUM 307   current_time = 00:03:30   RELEASE_TASK          [queue size = 62]
2026-07-01 19:44:24 DEBUG: Task 92 released: pod 252 required by workstation(s) [1].  [released tasks = 61]
2026-07-01 19:44:24 DEBUG:    EVENT NUM 308   current_time = 00:03:32   RELEASE_TASK          [queue size = 61]
2026-07-01 19:44:24 DEBUG: Task 93 released: pod 350 required by workstation(s) [1].  [released tasks = 62]
2026-07-01 19:44:24 DEBUG:    EVENT NUM 309   current_time = 00:03:34   RELEASE_TASK          [queue size = 60]
2026-07-01 19:44:24 DEBUG: Task 94 released: pod 585 required by workstation(s) [2].  [released tasks = 63]
2026-07-01 19:44:24 DEBUG:    EVENT NUM 310   current_time = 00:03:35   ARRIVAL_ORDER         [queue size = 59]
2026-07-01 19:44:24 DEBUG: Order 142 arrived: items_required = [4827].     [orders_in_system = 135]
2026-07-01 19:44:24 DEBUG:    EVENT NUM 311   current_time = 00:03:36   RETURN_POD            [queue size = 59]
2026-07-01 19:44:24 DEBUG: Pod 206 returned. Robot 2 idle.   [idle robots = 1/20, released tasks = 63]
2026-07-01 19:44:24 DEBUG:    EVENT NUM 312   current_time = 00:03:36   START_TASK            [queue size = 59]
2026-07-01 19:44:24 DEBUG: Task 26 blocked: no orders in {0: [50]} is open yet.  [released tasks = 62]
2026-07-01 19:44:24 DEBUG: Task 28 blocked: no orders in {0: [12]} is open yet.  [released tasks = 61]
2026-07-01 19:44:24 DEBUG: Task 29 blocked: no orders in {0: [25]} is open yet.  [released tasks = 60]
2026-07-01 19:44:24 DEBUG: Task 31 blocked: no orders in {0: [65]} is open yet.  [released tasks = 59]
2026-07-01 19:44:24 DEBUG: Task 33 blocked: no orders in {0: [14]} is open yet.  [released tasks = 58]
2026-07-01 19:44:24 DEBUG: Task 34 blocked: no orders in {0: [35]} is open yet.  [released tasks = 57]
2026-07-01 19:44:24 DEBUG: Task 35 blocked: no orders in {0: [2]} is open yet.  [released tasks = 56]
2026-07-01 19:44:24 DEBUG: Task 36 blocked: no orders in {0: [27]} is open yet.  [released tasks = 55]
2026-07-01 19:44:24 DEBUG: Task 37 blocked: no orders in {0: [27]} is open yet.  [released tasks = 54]
2026-07-01 19:44:24 DEBUG: Task 38 blocked: no orders in {0: [21]} is open yet.  [released tasks = 53]
2026-07-01 19:44:24 DEBUG: Task 40 blocked: no orders in {0: [8]} is open yet.  [released tasks = 52]
2026-07-01 19:44:24 DEBUG: Task 42 blocked: no orders in {0: [51]} is open yet.  [released tasks = 51]
2026-07-01 19:44:24 DEBUG: Task 44 blocked: no orders in {0: [60]} is open yet.  [released tasks = 50]
2026-07-01 19:44:24 DEBUG: Task 45 blocked: no orders in {2: [83]} is open yet.  [released tasks = 49]
2026-07-01 19:44:24 DEBUG: Task 46 blocked: no orders in {0: [59]} is open yet.  [released tasks = 48]
2026-07-01 19:44:24 DEBUG: Task 47 blocked: no orders in {0: [60]} is open yet.  [released tasks = 47]
2026-07-01 19:44:24 DEBUG: Task 48 blocked: no orders in {0: [51]} is open yet.  [released tasks = 46]
2026-07-01 19:44:24 DEBUG: Task 49 blocked: no orders in {0: [53]} is open yet.  [released tasks = 45]
2026-07-01 19:44:24 DEBUG: Task 50 blocked: no orders in {2: [83]} is open yet.  [released tasks = 44]
2026-07-01 19:44:24 DEBUG: Task 51 blocked: no orders in {0: [51]} is open yet.  [released tasks = 43]
2026-07-01 19:44:24 DEBUG: Task 52 blocked: no orders in {2: [23]} is open yet.  [released tasks = 42]
2026-07-01 19:44:24 DEBUG: Task 53 blocked: no orders in {0: [53]} is open yet.  [released tasks = 41]
2026-07-01 19:44:24 DEBUG: Task 54 blocked: no orders in {0: [42]} is open yet.  [released tasks = 40]
2026-07-01 19:44:24 DEBUG: Task 55 blocked: no orders in {0: [53]} is open yet.  [released tasks = 39]
2026-07-01 19:44:24 DEBUG: Task 56 blocked: no orders in {0: [24]} is open yet.  [released tasks = 38]
2026-07-01 19:44:24 DEBUG: Task 57 blocked: no orders in {0: [53]} is open yet.  [released tasks = 37]
2026-07-01 19:44:24 DEBUG: Task 58 blocked: no orders in {0: [53]} is open yet.  [released tasks = 36]
2026-07-01 19:44:24 DEBUG: Task 59 blocked: no orders in {0: [80]} is open yet.  [released tasks = 35]
2026-07-01 19:44:24 DEBUG: Task 60 blocked: no orders in {0: [42]} is open yet.  [released tasks = 34]
2026-07-01 19:44:24 DEBUG: Task 61 started: robot 2 → pod 115 → workstation 0 for orders {53} (arrival = 312.2 s).   [idle robots = 0/20]
2026-07-01 19:44:24 DEBUG:    EVENT NUM 313   current_time = 00:03:36   RELEASE_TASK          [queue size = 59]
2026-07-01 19:44:24 DEBUG: Task 95 released: pod 410 required by workstation(s) [2].  [released tasks = 63]
2026-07-01 19:44:24 DEBUG:    EVENT NUM 314   current_time = 00:03:37   END_PICKING           [queue size = 58]
2026-07-01 19:44:24 DEBUG: Ended picking at workstation 0.    [picking_buffer len = {}]
2026-07-01 19:44:24 DEBUG: Task should have served orders {41}, found open orders {36, 41, 18, 19}.
2026-07-01 19:44:24 DEBUG: Task 16 completed: pod 23 returning to storage.
2026-07-01 19:44:24 DEBUG:    EVENT NUM 315   current_time = 00:03:37   CLOSE_ORDER           [queue size = 59]
2026-07-01 19:44:24 DEBUG: Order 41 closed at workstation 0: flow_time = 217.3 s.     [order_buffer = 19] [open_orders = 3/4]
2026-07-01 19:44:24 DEBUG: Next order in buffer: 13
2026-07-01 19:44:24 DEBUG:    EVENT NUM 316   current_time = 00:03:37   OPEN_ORDER            [queue size = 59]
2026-07-01 19:44:24 DEBUG: Order 13 (skus required = {5948}) opened at workstation 0.   [open_orders = 4/4]
2026-07-01 19:44:24 DEBUG:    EVENT NUM 317   current_time = 00:03:37   START_TASK            [queue size = 59]
2026-07-01 19:44:24 DEBUG: Task 26 blocked: no idle robots.
2026-07-01 19:44:24 DEBUG:    EVENT NUM 318   current_time = 00:03:37   ARRIVAL_POD_WST       [queue size = 58]
2026-07-01 19:44:24 DEBUG: Pod 587 arrived at workstation 2 - status = IDLE
2026-07-01 19:44:24 DEBUG: Pod queued at workstation.    [picking_buffer = {43: 217.7230985220879}]
2026-07-01 19:44:24 DEBUG:    EVENT NUM 319   current_time = 00:03:37   START_PICKING         [queue size = 58]
2026-07-01 19:44:24 DEBUG: start_picking: WS 2 has no actionable task in buffer.
2026-07-01 19:44:24 DEBUG:    EVENT NUM 320   current_time = 00:03:39   RELEASE_TASK          [queue size = 57]
2026-07-01 19:44:24 DEBUG: Task 96 released: pod 106 required by workstation(s) [1].  [released tasks = 64]
2026-07-01 19:44:24 DEBUG:    EVENT NUM 321   current_time = 00:03:40   ARRIVAL_ORDER         [queue size = 56]
2026-07-01 19:44:24 DEBUG: Order 143 arrived: items_required = [7833].     [orders_in_system = 135]
2026-07-01 19:44:24 DEBUG:    EVENT NUM 322   current_time = 00:03:41   RELEASE_TASK          [queue size = 56]
2026-07-01 19:44:24 DEBUG: Task 97 released: pod 567 required by workstation(s) [2].  [released tasks = 65]
2026-07-01 19:44:24 DEBUG:    EVENT NUM 323   current_time = 00:03:43   RELEASE_TASK          [queue size = 55]
2026-07-01 19:44:24 DEBUG: Task 98 released: pod 338 required by workstation(s) [2].  [released tasks = 66]
2026-07-01 19:44:24 DEBUG:    EVENT NUM 324   current_time = 00:03:45   ARRIVAL_ORDER         [queue size = 54]
2026-07-01 19:44:24 DEBUG: Order 144 arrived: items_required = [7371, 6835].     [orders_in_system = 136]
2026-07-01 19:44:24 DEBUG:    EVENT NUM 325   current_time = 00:03:46   RELEASE_TASK          [queue size = 54]
2026-07-01 19:44:24 DEBUG: Task 99 released: pod 486 required by workstation(s) [1].  [released tasks = 67]
2026-07-01 19:44:24 DEBUG:    EVENT NUM 326   current_time = 00:03:48   RELEASE_TASK          [queue size = 53]
2026-07-01 19:44:24 DEBUG: Task 100 released: pod 285 required by workstation(s) [1].  [released tasks = 68]
2026-07-01 19:44:24 DEBUG:    EVENT NUM 327   current_time = 00:03:50   ARRIVAL_ORDER         [queue size = 52]
2026-07-01 19:44:24 DEBUG: Order 145 arrived: items_required = [7763, 5386, 5054].     [orders_in_system = 137]
2026-07-01 19:44:24 DEBUG:    EVENT NUM 328   current_time = 00:03:50   RELEASE_TASK          [queue size = 52]
2026-07-01 19:44:24 DEBUG: Task 101 released: pod 112 required by workstation(s) [1].  [released tasks = 69]
2026-07-01 19:44:24 DEBUG:    EVENT NUM 329   current_time = 00:03:52   RELEASE_TASK          [queue size = 51]
2026-07-01 19:44:24 DEBUG: Task 102 released: pod 329 required by workstation(s) [1, 1].  [released tasks = 70]
2026-07-01 19:44:24 DEBUG:    EVENT NUM 330   current_time = 00:03:55   ARRIVAL_ORDER         [queue size = 50]
2026-07-01 19:44:24 DEBUG: Order 146 arrived: items_required = [6077, 5383].     [orders_in_system = 138]
2026-07-01 19:44:24 DEBUG:    EVENT NUM 331   current_time = 00:03:55   RELEASE_TASK          [queue size = 50]
2026-07-01 19:44:24 DEBUG: Task 103 released: pod 395 required by workstation(s) [1].  [released tasks = 71]
2026-07-01 19:44:24 DEBUG:    EVENT NUM 332   current_time = 00:03:55   RETURN_POD            [queue size = 49]
2026-07-01 19:44:24 DEBUG: Pod 139 returned. Robot 10 idle.   [idle robots = 1/20, released tasks = 71]
2026-07-01 19:44:24 DEBUG:    EVENT NUM 333   current_time = 00:03:55   START_TASK            [queue size = 49]
2026-07-01 19:44:24 DEBUG: Task 26 started: robot 10 → pod 523 → workstation 0 for orders {50} (arrival = 327.8 s).   [idle robots = 0/20]
2026-07-01 19:44:24 DEBUG:    EVENT NUM 334   current_time = 00:03:57   RELEASE_TASK          [queue size = 49]
2026-07-01 19:44:24 DEBUG: Task 104 released: pod 56 required by workstation(s) [1].  [released tasks = 71]
2026-07-01 19:44:24 DEBUG:    EVENT NUM 335   current_time = 00:03:59   RELEASE_TASK          [queue size = 48]
2026-07-01 19:44:24 DEBUG: Task 105 released: pod 212 required by workstation(s) [1, 1].  [released tasks = 72]
2026-07-01 19:44:24 DEBUG:    EVENT NUM 336   current_time = 00:03:59   ARRIVAL_POD_WST       [queue size = 47]
2026-07-01 19:44:24 DEBUG: Pod 479 arrived at workstation 2 - status = IDLE
2026-07-01 19:44:24 DEBUG: Pod queued at workstation.    [picking_buffer = {43: 217.7230985220879, 39: 239.95637675888412}]
2026-07-01 19:44:24 DEBUG:    EVENT NUM 337   current_time = 00:03:59   START_PICKING         [queue size = 47]
2026-07-01 19:44:24 DEBUG: Processing task 39 at workstation 2: picking items {4233} for orders {72}
2026-07-01 19:44:24 DEBUG:    EVENT NUM 338   current_time = 00:04:00   ARRIVAL_ORDER         [queue size = 47]
2026-07-01 19:44:24 DEBUG: Order 147 arrived: items_required = [4637, 6553].     [orders_in_system = 139]
2026-07-01 19:44:24 DEBUG:    EVENT NUM 339   current_time = 00:04:01   ARRIVAL_POD_WST       [queue size = 47]
2026-07-01 19:44:24 DEBUG: Pod 427 arrived at workstation 0 - status = IDLE
2026-07-01 19:44:24 DEBUG: Pod queued at workstation.    [picking_buffer = {21: 241.55892301164377}]
2026-07-01 19:44:24 DEBUG:    EVENT NUM 340   current_time = 00:04:01   START_PICKING         [queue size = 47]
2026-07-01 19:44:24 DEBUG: Processing task 21 at workstation 0: picking items {3217} for orders {19}
2026-07-01 19:44:24 DEBUG:    EVENT NUM 341   current_time = 00:04:01   RETURN_POD            [queue size = 47]
2026-07-01 19:44:24 DEBUG: Pod 312 returned. Robot 5 idle.   [idle robots = 1/20, released tasks = 72]
2026-07-01 19:44:24 DEBUG:    EVENT NUM 342   current_time = 00:04:01   START_TASK            [queue size = 47]
2026-07-01 19:44:24 DEBUG: Task 28 blocked: no orders in {0: [12]} is open yet.  [released tasks = 71]
2026-07-01 19:44:24 DEBUG: Task 29 blocked: no orders in {0: [25]} is open yet.  [released tasks = 70]
2026-07-01 19:44:24 DEBUG: Task 31 blocked: no orders in {0: [65]} is open yet.  [released tasks = 69]
2026-07-01 19:44:24 DEBUG: Task 33 blocked: no orders in {0: [14]} is open yet.  [released tasks = 68]
2026-07-01 19:44:24 DEBUG: Task 34 blocked: no orders in {0: [35]} is open yet.  [released tasks = 67]
2026-07-01 19:44:24 DEBUG: Task 35 blocked: no orders in {0: [2]} is open yet.  [released tasks = 66]
2026-07-01 19:44:24 DEBUG: Task 36 blocked: no orders in {0: [27]} is open yet.  [released tasks = 65]
2026-07-01 19:44:24 DEBUG: Task 37 blocked: no orders in {0: [27]} is open yet.  [released tasks = 64]
2026-07-01 19:44:24 DEBUG: Task 38 blocked: no orders in {0: [21]} is open yet.  [released tasks = 63]
2026-07-01 19:44:24 DEBUG: Task 40 blocked: no orders in {0: [8]} is open yet.  [released tasks = 62]
2026-07-01 19:44:24 DEBUG: Task 42 blocked: no orders in {0: [51]} is open yet.  [released tasks = 61]
2026-07-01 19:44:24 DEBUG: Task 44 blocked: no orders in {0: [60]} is open yet.  [released tasks = 60]
2026-07-01 19:44:24 DEBUG: Task 45 blocked: no orders in {2: [83]} is open yet.  [released tasks = 59]
2026-07-01 19:44:24 DEBUG: Task 46 blocked: no orders in {0: [59]} is open yet.  [released tasks = 58]
2026-07-01 19:44:24 DEBUG: Task 47 blocked: no orders in {0: [60]} is open yet.  [released tasks = 57]
2026-07-01 19:44:24 DEBUG: Task 48 blocked: no orders in {0: [51]} is open yet.  [released tasks = 56]
2026-07-01 19:44:24 DEBUG: Task 49 blocked: no orders in {0: [53]} is open yet.  [released tasks = 55]
2026-07-01 19:44:24 DEBUG: Task 50 blocked: no orders in {2: [83]} is open yet.  [released tasks = 54]
2026-07-01 19:44:24 DEBUG: Task 51 blocked: no orders in {0: [51]} is open yet.  [released tasks = 53]
2026-07-01 19:44:24 DEBUG: Task 52 blocked: no orders in {2: [23]} is open yet.  [released tasks = 52]
2026-07-01 19:44:24 DEBUG: Task 53 blocked: no orders in {0: [53]} is open yet.  [released tasks = 51]
2026-07-01 19:44:24 DEBUG: Task 54 blocked: no orders in {0: [42]} is open yet.  [released tasks = 50]
2026-07-01 19:44:24 DEBUG: Task 55 blocked: no orders in {0: [53]} is open yet.  [released tasks = 49]
2026-07-01 19:44:24 DEBUG: Task 56 blocked: no orders in {0: [24]} is open yet.  [released tasks = 48]
2026-07-01 19:44:24 DEBUG: Task 57 blocked: no orders in {0: [53]} is open yet.  [released tasks = 47]
2026-07-01 19:44:24 DEBUG: Task 58 blocked: no orders in {0: [53]} is open yet.  [released tasks = 46]
2026-07-01 19:44:24 DEBUG: Task 59 blocked: no orders in {0: [80]} is open yet.  [released tasks = 45]
2026-07-01 19:44:24 DEBUG: Task 60 blocked: no orders in {0: [42]} is open yet.  [released tasks = 44]
2026-07-01 19:44:24 DEBUG: Task 62 blocked: no orders in {0: [53]} is open yet.  [released tasks = 43]
2026-07-01 19:44:24 DEBUG: Task 63 started: robot 5 → pod 147 → workstation 1 for orders {77} (arrival = 387.4 s).   [idle robots = 0/20]
2026-07-01 19:44:24 DEBUG:    EVENT NUM 343   current_time = 00:04:01   RELEASE_TASK          [queue size = 47]
2026-07-01 19:44:24 DEBUG: Task 106 released: pod 456 required by workstation(s) [1].  [released tasks = 72]
2026-07-01 19:44:24 DEBUG:    EVENT NUM 344   current_time = 00:04:02   ARRIVAL_POD_WST       [queue size = 46]
2026-07-01 19:44:24 DEBUG: Pod 553 arrived at workstation 0 - status = BUSY
2026-07-01 19:44:24 DEBUG: Pod queued at workstation.    [picking_buffer = {24: 242.87740493476096}]
2026-07-01 19:44:24 DEBUG:    EVENT NUM 345   current_time = 00:04:04   RELEASE_TASK          [queue size = 45]
2026-07-01 19:44:24 DEBUG: Task 107 released: pod 598 required by workstation(s) [1].  [released tasks = 73]
2026-07-01 19:44:24 DEBUG:    EVENT NUM 346   current_time = 00:04:05   ARRIVAL_ORDER         [queue size = 44]
2026-07-01 19:44:24 DEBUG: Order 148 arrived: items_required = [3593, 10084].     [orders_in_system = 140]
2026-07-01 19:44:24 DEBUG:    EVENT NUM 347   current_time = 00:04:06   RELEASE_TASK          [queue size = 44]
2026-07-01 19:44:24 DEBUG: Task 108 released: pod 261 required by workstation(s) [2].  [released tasks = 74]
2026-07-01 19:44:24 DEBUG:    EVENT NUM 348   current_time = 00:04:08   RETURN_POD            [queue size = 43]
2026-07-01 19:44:24 DEBUG: Pod 230 returned. Robot 3 idle.   [idle robots = 1/20, released tasks = 74]
2026-07-01 19:44:24 DEBUG:    EVENT NUM 349   current_time = 00:04:08   START_TASK            [queue size = 43]
2026-07-01 19:44:24 DEBUG: Task 28 blocked: no orders in {0: [12]} is open yet.  [released tasks = 73]
2026-07-01 19:44:24 DEBUG: Task 29 blocked: no orders in {0: [25]} is open yet.  [released tasks = 72]
2026-07-01 19:44:24 DEBUG: Task 31 blocked: no orders in {0: [65]} is open yet.  [released tasks = 71]
2026-07-01 19:44:24 DEBUG: Task 33 blocked: no orders in {0: [14]} is open yet.  [released tasks = 70]
2026-07-01 19:44:24 DEBUG: Task 34 blocked: no orders in {0: [35]} is open yet.  [released tasks = 69]
2026-07-01 19:44:24 DEBUG: Task 35 blocked: no orders in {0: [2]} is open yet.  [released tasks = 68]
2026-07-01 19:44:24 DEBUG: Task 36 blocked: no orders in {0: [27]} is open yet.  [released tasks = 67]
2026-07-01 19:44:24 DEBUG: Task 37 blocked: no orders in {0: [27]} is open yet.  [released tasks = 66]
2026-07-01 19:44:24 DEBUG: Task 38 blocked: no orders in {0: [21]} is open yet.  [released tasks = 65]
2026-07-01 19:44:24 DEBUG: Task 40 blocked: no orders in {0: [8]} is open yet.  [released tasks = 64]
2026-07-01 19:44:24 DEBUG: Task 42 blocked: no orders in {0: [51]} is open yet.  [released tasks = 63]
2026-07-01 19:44:24 DEBUG: Task 44 blocked: no orders in {0: [60]} is open yet.  [released tasks = 62]
2026-07-01 19:44:24 DEBUG: Task 45 blocked: no orders in {2: [83]} is open yet.  [released tasks = 61]
2026-07-01 19:44:24 DEBUG: Task 46 blocked: no orders in {0: [59]} is open yet.  [released tasks = 60]
2026-07-01 19:44:24 DEBUG: Task 47 blocked: no orders in {0: [60]} is open yet.  [released tasks = 59]
2026-07-01 19:44:24 DEBUG: Task 48 blocked: no orders in {0: [51]} is open yet.  [released tasks = 58]
2026-07-01 19:44:24 DEBUG: Task 49 blocked: no orders in {0: [53]} is open yet.  [released tasks = 57]
2026-07-01 19:44:24 DEBUG: Task 50 blocked: no orders in {2: [83]} is open yet.  [released tasks = 56]
2026-07-01 19:44:24 DEBUG: Task 51 blocked: no orders in {0: [51]} is open yet.  [released tasks = 55]
2026-07-01 19:44:24 DEBUG: Task 52 blocked: no orders in {2: [23]} is open yet.  [released tasks = 54]
2026-07-01 19:44:24 DEBUG: Task 53 blocked: no orders in {0: [53]} is open yet.  [released tasks = 53]
2026-07-01 19:44:24 DEBUG: Task 54 blocked: no orders in {0: [42]} is open yet.  [released tasks = 52]
2026-07-01 19:44:24 DEBUG: Task 55 blocked: no orders in {0: [53]} is open yet.  [released tasks = 51]
2026-07-01 19:44:24 DEBUG: Task 56 blocked: no orders in {0: [24]} is open yet.  [released tasks = 50]
2026-07-01 19:44:24 DEBUG: Task 57 blocked: no orders in {0: [53]} is open yet.  [released tasks = 49]
2026-07-01 19:44:24 DEBUG: Task 58 blocked: no orders in {0: [53]} is open yet.  [released tasks = 48]
2026-07-01 19:44:24 DEBUG: Task 59 blocked: no orders in {0: [80]} is open yet.  [released tasks = 47]
2026-07-01 19:44:24 DEBUG: Task 60 blocked: no orders in {0: [42]} is open yet.  [released tasks = 46]
2026-07-01 19:44:24 DEBUG: Task 62 blocked: no orders in {0: [53]} is open yet.  [released tasks = 45]
2026-07-01 19:44:24 DEBUG: Task 64 blocked: no orders in {0: [53]} is open yet.  [released tasks = 44]
2026-07-01 19:44:24 DEBUG: Task 65 started: robot 3 → pod 149 → workstation 1 for orders {77} (arrival = 389.0 s).   [idle robots = 0/20]
2026-07-01 19:44:24 DEBUG:    EVENT NUM 350   current_time = 00:04:08   RELEASE_TASK          [queue size = 43]
2026-07-01 19:44:24 DEBUG: Task 109 released: pod 432 required by workstation(s) [2].  [released tasks = 74]
2026-07-01 19:44:24 DEBUG:    EVENT NUM 351   current_time = 00:04:09   END_PICKING           [queue size = 42]
2026-07-01 19:44:24 DEBUG: Ended picking at workstation 2.    [picking_buffer len = {43: 217.7230985220879}]
2026-07-01 19:44:24 DEBUG: Task should have served orders {72}, found open orders {72, 52, 84, 63}.
2026-07-01 19:44:24 DEBUG: Task 39 completed: pod 479 returning to storage.
2026-07-01 19:44:24 DEBUG:    EVENT NUM 352   current_time = 00:04:09   CLOSE_ORDER           [queue size = 44]
2026-07-01 19:44:24 DEBUG: Order 72 closed at workstation 2: flow_time = 250.0 s.     [order_buffer = 15] [open_orders = 3/4]
2026-07-01 19:44:24 DEBUG: Next order in buffer: 69
2026-07-01 19:44:24 DEBUG:    EVENT NUM 353   current_time = 00:04:09   START_PICKING         [queue size = 44]
2026-07-01 19:44:24 DEBUG: start_picking: WS 2 has no actionable task in buffer.
2026-07-01 19:44:24 DEBUG:    EVENT NUM 354   current_time = 00:04:09   OPEN_ORDER            [queue size = 43]
2026-07-01 19:44:24 DEBUG: Order 69 (skus required = {7318}) opened at workstation 2.   [open_orders = 4/4]
2026-07-01 19:44:24 DEBUG:    EVENT NUM 355   current_time = 00:04:09   START_TASK            [queue size = 44]
2026-07-01 19:44:24 DEBUG: Task 28 blocked: no orders in {0: [12]} is open yet.  [released tasks = 73]
2026-07-01 19:44:24 DEBUG: Task 29 blocked: no orders in {0: [25]} is open yet.  [released tasks = 72]
2026-07-01 19:44:24 DEBUG: Task 31 blocked: no orders in {0: [65]} is open yet.  [released tasks = 71]
2026-07-01 19:44:24 DEBUG: Task 33 blocked: no orders in {0: [14]} is open yet.  [released tasks = 70]
2026-07-01 19:44:24 DEBUG: Task 34 blocked: no orders in {0: [35]} is open yet.  [released tasks = 69]
2026-07-01 19:44:24 DEBUG: Task 35 blocked: no orders in {0: [2]} is open yet.  [released tasks = 68]
2026-07-01 19:44:24 DEBUG: Task 36 blocked: no orders in {0: [27]} is open yet.  [released tasks = 67]
2026-07-01 19:44:24 DEBUG: Task 37 blocked: no orders in {0: [27]} is open yet.  [released tasks = 66]
2026-07-01 19:44:24 DEBUG: Task 38 blocked: no orders in {0: [21]} is open yet.  [released tasks = 65]
2026-07-01 19:44:24 DEBUG: Task 40 blocked: no orders in {0: [8]} is open yet.  [released tasks = 64]
2026-07-01 19:44:24 DEBUG: Task 42 blocked: no orders in {0: [51]} is open yet.  [released tasks = 63]
2026-07-01 19:44:24 DEBUG: Task 44 blocked: no orders in {0: [60]} is open yet.  [released tasks = 62]
2026-07-01 19:44:24 DEBUG: Task 45 blocked: no idle robots.
2026-07-01 19:44:24 DEBUG:    EVENT NUM 356   current_time = 00:04:09   START_PICKING         [queue size = 43]
2026-07-01 19:44:24 DEBUG: Processing task 43 at workstation 2: picking items {7318} for orders {69}
2026-07-01 19:44:24 DEBUG:    EVENT NUM 357   current_time = 00:04:10   ARRIVAL_ORDER         [queue size = 43]
2026-07-01 19:44:24 DEBUG: Order 149 arrived: items_required = [7678].     [orders_in_system = 140]
2026-07-01 19:44:24 DEBUG:    EVENT NUM 358   current_time = 00:04:10   RETURN_POD            [queue size = 43]
2026-07-01 19:44:24 DEBUG: Pod 411 returned. Robot 6 idle.   [idle robots = 1/20, released tasks = 74]
2026-07-01 19:44:24 DEBUG:    EVENT NUM 359   current_time = 00:04:10   START_TASK            [queue size = 43]
2026-07-01 19:44:24 DEBUG: Task 28 blocked: no orders in {0: [12]} is open yet.  [released tasks = 73]
2026-07-01 19:44:24 DEBUG: Task 29 blocked: no orders in {0: [25]} is open yet.  [released tasks = 72]
2026-07-01 19:44:24 DEBUG: Task 31 blocked: no orders in {0: [65]} is open yet.  [released tasks = 71]
2026-07-01 19:44:24 DEBUG: Task 33 blocked: no orders in {0: [14]} is open yet.  [released tasks = 70]
2026-07-01 19:44:24 DEBUG: Task 34 blocked: no orders in {0: [35]} is open yet.  [released tasks = 69]
2026-07-01 19:44:24 DEBUG: Task 35 blocked: no orders in {0: [2]} is open yet.  [released tasks = 68]
2026-07-01 19:44:24 DEBUG: Task 36 blocked: no orders in {0: [27]} is open yet.  [released tasks = 67]
2026-07-01 19:44:24 DEBUG: Task 37 blocked: no orders in {0: [27]} is open yet.  [released tasks = 66]
2026-07-01 19:44:24 DEBUG: Task 38 blocked: no orders in {0: [21]} is open yet.  [released tasks = 65]
2026-07-01 19:44:24 DEBUG: Task 40 blocked: no orders in {0: [8]} is open yet.  [released tasks = 64]
2026-07-01 19:44:24 DEBUG: Task 42 blocked: no orders in {0: [51]} is open yet.  [released tasks = 63]
2026-07-01 19:44:24 DEBUG: Task 44 blocked: no orders in {0: [60]} is open yet.  [released tasks = 62]
2026-07-01 19:44:24 DEBUG: Task 45 started: robot 6 → pod 480 → workstation 2 for orders {83} (arrival = 317.2 s).   [idle robots = 0/20]
2026-07-01 19:44:24 DEBUG:    EVENT NUM 360   current_time = 00:04:10   ARRIVAL_POD_WST       [queue size = 43]
2026-07-01 19:44:24 DEBUG: Pod 475 arrived at workstation 0 - status = BUSY
2026-07-01 19:44:24 DEBUG: Pod queued at workstation.    [picking_buffer = {24: 242.87740493476096, 23: 250.71830021454653}]
2026-07-01 19:44:24 DEBUG:    EVENT NUM 361   current_time = 00:04:10   RETURN_POD            [queue size = 42]
2026-07-01 19:44:24 DEBUG: Pod 180 returned. Robot 16 idle.   [idle robots = 1/20, released tasks = 73]
2026-07-01 19:44:24 DEBUG:    EVENT NUM 362   current_time = 00:04:10   START_TASK            [queue size = 42]
2026-07-01 19:44:24 DEBUG: Task 28 blocked: no orders in {0: [12]} is open yet.  [released tasks = 72]
2026-07-01 19:44:24 DEBUG: Task 29 blocked: no orders in {0: [25]} is open yet.  [released tasks = 71]
2026-07-01 19:44:24 DEBUG: Task 31 blocked: no orders in {0: [65]} is open yet.  [released tasks = 70]
2026-07-01 19:44:24 DEBUG: Task 33 blocked: no orders in {0: [14]} is open yet.  [released tasks = 69]
2026-07-01 19:44:24 DEBUG: Task 34 blocked: no orders in {0: [35]} is open yet.  [released tasks = 68]
2026-07-01 19:44:24 DEBUG: Task 35 blocked: no orders in {0: [2]} is open yet.  [released tasks = 67]
2026-07-01 19:44:24 DEBUG: Task 36 blocked: no orders in {0: [27]} is open yet.  [released tasks = 66]
2026-07-01 19:44:24 DEBUG: Task 37 blocked: no orders in {0: [27]} is open yet.  [released tasks = 65]
2026-07-01 19:44:24 DEBUG: Task 38 blocked: no orders in {0: [21]} is open yet.  [released tasks = 64]
2026-07-01 19:44:24 DEBUG: Task 40 blocked: no orders in {0: [8]} is open yet.  [released tasks = 63]
2026-07-01 19:44:24 DEBUG: Task 42 blocked: no orders in {0: [51]} is open yet.  [released tasks = 62]
2026-07-01 19:44:24 DEBUG: Task 44 blocked: no orders in {0: [60]} is open yet.  [released tasks = 61]
2026-07-01 19:44:24 DEBUG: Task 46 blocked: no orders in {0: [59]} is open yet.  [released tasks = 60]
2026-07-01 19:44:24 DEBUG: Task 47 blocked: no orders in {0: [60]} is open yet.  [released tasks = 59]
2026-07-01 19:44:24 DEBUG: Task 48 blocked: no orders in {0: [51]} is open yet.  [released tasks = 58]
2026-07-01 19:44:24 DEBUG: Task 49 blocked: no orders in {0: [53]} is open yet.  [released tasks = 57]
2026-07-01 19:44:24 DEBUG: Task 50 started: robot 16 → pod 140 → workstation 2 for orders {83} (arrival = 333.5 s).   [idle robots = 0/20]
2026-07-01 19:44:24 DEBUG:    EVENT NUM 363   current_time = 00:04:11   RELEASE_TASK          [queue size = 42]
2026-07-01 19:44:24 DEBUG: Task 110 released: pod 549 required by workstation(s) [1].  [released tasks = 73]
2026-07-01 19:44:24 DEBUG:    EVENT NUM 364   current_time = 00:04:11   END_PICKING           [queue size = 41]
2026-07-01 19:44:24 DEBUG: Ended picking at workstation 0.    [picking_buffer len = {24: 242.87740493476096, 23: 250.71830021454653}]
2026-07-01 19:44:24 DEBUG: Task should have served orders {19}, found open orders {36, 13, 18, 19}.
2026-07-01 19:44:24 DEBUG: Task 21 completed: pod 427 returning to storage.
2026-07-01 19:44:24 DEBUG:    EVENT NUM 365   current_time = 00:04:11   CLOSE_ORDER           [queue size = 43]
2026-07-01 19:44:24 DEBUG: Order 19 closed at workstation 0: flow_time = 251.6 s.     [order_buffer = 18] [open_orders = 3/4]
2026-07-01 19:44:24 DEBUG: Next order in buffer: 50
2026-07-01 19:44:24 DEBUG:    EVENT NUM 366   current_time = 00:04:11   START_PICKING         [queue size = 43]
2026-07-01 19:44:24 DEBUG: Processing task 24 at workstation 0: picking items {6291} for orders {36}
2026-07-01 19:44:24 DEBUG:    EVENT NUM 367   current_time = 00:04:11   OPEN_ORDER            [queue size = 43]
2026-07-01 19:44:24 DEBUG: Order 50 (skus required = {4645}) opened at workstation 0.   [open_orders = 4/4]
2026-07-01 19:44:24 DEBUG:    EVENT NUM 368   current_time = 00:04:11   START_TASK            [queue size = 43]
2026-07-01 19:44:24 DEBUG: Task 28 blocked: no idle robots.
2026-07-01 19:44:24 DEBUG:    EVENT NUM 369   current_time = 00:04:13   RELEASE_TASK          [queue size = 42]
2026-07-01 19:44:24 DEBUG: Task 111 released: pod 266 required by workstation(s) [2].  [released tasks = 74]
2026-07-01 19:44:24 DEBUG:    EVENT NUM 370   current_time = 00:04:14   RETURN_POD            [queue size = 41]
2026-07-01 19:44:24 DEBUG: Pod 306 returned. Robot 4 idle.   [idle robots = 1/20, released tasks = 74]
2026-07-01 19:44:24 DEBUG:    EVENT NUM 371   current_time = 00:04:14   START_TASK            [queue size = 41]
2026-07-01 19:44:24 DEBUG: Task 28 started: robot 4 → pod 65 → workstation 0 for orders {12} (arrival = 361.8 s).   [idle robots = 0/20]
2026-07-01 19:44:24 DEBUG:    EVENT NUM 372   current_time = 00:04:15   ARRIVAL_ORDER         [queue size = 41]
2026-07-01 19:44:24 DEBUG: Order 150 arrived: items_required = [8941, 1149].     [orders_in_system = 140]
2026-07-01 19:44:24 DEBUG:    EVENT NUM 373   current_time = 00:04:15   RELEASE_TASK          [queue size = 41]
2026-07-01 19:44:24 DEBUG: Task 112 released: pod 45 required by workstation(s) [1].  [released tasks = 74]
2026-07-01 19:44:24 DEBUG:    EVENT NUM 374   current_time = 00:04:17   RELEASE_TASK          [queue size = 40]
2026-07-01 19:44:24 DEBUG: Task 113 released: pod 139 required by workstation(s) [2].  [released tasks = 75]
2026-07-01 19:44:24 DEBUG:    EVENT NUM 375   current_time = 00:04:19   RETURN_POD            [queue size = 39]
2026-07-01 19:44:24 DEBUG: Pod 340 returned. Robot 17 idle.   [idle robots = 1/20, released tasks = 75]
2026-07-01 19:44:24 DEBUG:    EVENT NUM 376   current_time = 00:04:19   START_TASK            [queue size = 39]
2026-07-01 19:44:24 DEBUG: Task 29 blocked: no orders in {0: [25]} is open yet.  [released tasks = 74]
2026-07-01 19:44:24 DEBUG: Task 31 blocked: no orders in {0: [65]} is open yet.  [released tasks = 73]
2026-07-01 19:44:24 DEBUG: Task 33 blocked: no orders in {0: [14]} is open yet.  [released tasks = 72]
2026-07-01 19:44:24 DEBUG: Task 34 blocked: no orders in {0: [35]} is open yet.  [released tasks = 71]
2026-07-01 19:44:24 DEBUG: Task 35 blocked: no orders in {0: [2]} is open yet.  [released tasks = 70]
2026-07-01 19:44:24 DEBUG: Task 36 blocked: no orders in {0: [27]} is open yet.  [released tasks = 69]
2026-07-01 19:44:24 DEBUG: Task 37 blocked: no orders in {0: [27]} is open yet.  [released tasks = 68]
2026-07-01 19:44:24 DEBUG: Task 38 blocked: no orders in {0: [21]} is open yet.  [released tasks = 67]
2026-07-01 19:44:24 DEBUG: Task 40 blocked: no orders in {0: [8]} is open yet.  [released tasks = 66]
2026-07-01 19:44:24 DEBUG: Task 42 blocked: no orders in {0: [51]} is open yet.  [released tasks = 65]
2026-07-01 19:44:24 DEBUG: Task 44 blocked: no orders in {0: [60]} is open yet.  [released tasks = 64]
2026-07-01 19:44:24 DEBUG: Task 46 blocked: no orders in {0: [59]} is open yet.  [released tasks = 63]
2026-07-01 19:44:24 DEBUG: Task 47 blocked: no orders in {0: [60]} is open yet.  [released tasks = 62]
2026-07-01 19:44:24 DEBUG: Task 48 blocked: no orders in {0: [51]} is open yet.  [released tasks = 61]
2026-07-01 19:44:24 DEBUG: Task 49 blocked: no orders in {0: [53]} is open yet.  [released tasks = 60]
2026-07-01 19:44:24 DEBUG: Task 51 blocked: no orders in {0: [51]} is open yet.  [released tasks = 59]
2026-07-01 19:44:24 DEBUG: Task 52 blocked: no orders in {2: [23]} is open yet.  [released tasks = 58]
2026-07-01 19:44:24 DEBUG: Task 53 blocked: no orders in {0: [53]} is open yet.  [released tasks = 57]
2026-07-01 19:44:24 DEBUG: Task 54 blocked: no orders in {0: [42]} is open yet.  [released tasks = 56]
2026-07-01 19:44:24 DEBUG: Task 55 blocked: no orders in {0: [53]} is open yet.  [released tasks = 55]
2026-07-01 19:44:24 DEBUG: Task 56 blocked: no orders in {0: [24]} is open yet.  [released tasks = 54]
2026-07-01 19:44:24 DEBUG: Task 57 blocked: no orders in {0: [53]} is open yet.  [released tasks = 53]
2026-07-01 19:44:24 DEBUG: Task 58 blocked: no orders in {0: [53]} is open yet.  [released tasks = 52]
2026-07-01 19:44:24 DEBUG: Task 59 blocked: no orders in {0: [80]} is open yet.  [released tasks = 51]
2026-07-01 19:44:24 DEBUG: Task 60 blocked: no orders in {0: [42]} is open yet.  [released tasks = 50]
2026-07-01 19:44:24 DEBUG: Task 62 blocked: no orders in {0: [53]} is open yet.  [released tasks = 49]
2026-07-01 19:44:24 DEBUG: Task 64 blocked: no orders in {0: [53]} is open yet.  [released tasks = 48]
2026-07-01 19:44:24 DEBUG: Task 66 blocked: no orders in {0: [53]} is open yet.  [released tasks = 47]
2026-07-01 19:44:24 DEBUG: Task 67 blocked: no orders in {2: [23]} is open yet.  [released tasks = 46]
2026-07-01 19:44:24 DEBUG: Task 68 blocked: no orders in {0: [53]} is open yet.  [released tasks = 45]
2026-07-01 19:44:24 DEBUG: Task 69 blocked: no orders in {0: [53]} is open yet.  [released tasks = 44]
2026-07-01 19:44:24 DEBUG: Task 70 started: robot 17 → pod 16 → workstation 2 for orders {83} (arrival = 370.5 s).   [idle robots = 0/20]
2026-07-01 19:44:24 DEBUG:    EVENT NUM 377   current_time = 00:04:19   END_PICKING           [queue size = 39]
2026-07-01 19:44:24 DEBUG: Ended picking at workstation 2.    [picking_buffer len = {}]
2026-07-01 19:44:24 DEBUG: Task should have served orders {69}, found open orders {69, 52, 84, 63}.
2026-07-01 19:44:24 DEBUG: Task 43 completed: pod 587 returning to storage.
2026-07-01 19:44:24 DEBUG:    EVENT NUM 378   current_time = 00:04:19   CLOSE_ORDER           [queue size = 40]
2026-07-01 19:44:24 DEBUG: Order 69 closed at workstation 2: flow_time = 260.0 s.     [order_buffer = 14] [open_orders = 3/4]
2026-07-01 19:44:24 DEBUG: Next order in buffer: 83
2026-07-01 19:44:24 DEBUG:    EVENT NUM 379   current_time = 00:04:19   OPEN_ORDER            [queue size = 40]
2026-07-01 19:44:24 DEBUG: Order 83 (skus required = {6584, 4443, 5187}) opened at workstation 2.   [open_orders = 4/4]
2026-07-01 19:44:24 DEBUG:    EVENT NUM 380   current_time = 00:04:19   START_TASK            [queue size = 40]
2026-07-01 19:44:24 DEBUG: Task 29 blocked: no orders in {0: [25]} is open yet.  [released tasks = 73]
2026-07-01 19:44:24 DEBUG: Task 31 blocked: no orders in {0: [65]} is open yet.  [released tasks = 72]
2026-07-01 19:44:24 DEBUG: Task 33 blocked: no orders in {0: [14]} is open yet.  [released tasks = 71]
2026-07-01 19:44:24 DEBUG: Task 34 blocked: no orders in {0: [35]} is open yet.  [released tasks = 70]
2026-07-01 19:44:24 DEBUG: Task 35 blocked: no orders in {0: [2]} is open yet.  [released tasks = 69]
2026-07-01 19:44:24 DEBUG: Task 36 blocked: no orders in {0: [27]} is open yet.  [released tasks = 68]
2026-07-01 19:44:24 DEBUG: Task 37 blocked: no orders in {0: [27]} is open yet.  [released tasks = 67]
2026-07-01 19:44:24 DEBUG: Task 38 blocked: no orders in {0: [21]} is open yet.  [released tasks = 66]
2026-07-01 19:44:24 DEBUG: Task 40 blocked: no orders in {0: [8]} is open yet.  [released tasks = 65]
2026-07-01 19:44:24 DEBUG: Task 42 blocked: no orders in {0: [51]} is open yet.  [released tasks = 64]
2026-07-01 19:44:24 DEBUG: Task 44 blocked: no orders in {0: [60]} is open yet.  [released tasks = 63]
2026-07-01 19:44:24 DEBUG: Task 46 blocked: no orders in {0: [59]} is open yet.  [released tasks = 62]
2026-07-01 19:44:24 DEBUG: Task 47 blocked: no orders in {0: [60]} is open yet.  [released tasks = 61]
2026-07-01 19:44:24 DEBUG: Task 48 blocked: no orders in {0: [51]} is open yet.  [released tasks = 60]
2026-07-01 19:44:24 DEBUG: Task 49 blocked: no orders in {0: [53]} is open yet.  [released tasks = 59]
2026-07-01 19:44:24 DEBUG: Task 51 blocked: no orders in {0: [51]} is open yet.  [released tasks = 58]
2026-07-01 19:44:24 DEBUG: Task 52 blocked: no idle robots.
2026-07-01 19:44:24 DEBUG:    EVENT NUM 381   current_time = 00:04:20   ARRIVAL_ORDER         [queue size = 39]
2026-07-01 19:44:24 DEBUG: Order 151 arrived: items_required = [5681].     [orders_in_system = 140]
2026-07-01 19:44:24 DEBUG:    EVENT NUM 382   current_time = 00:04:20   RELEASE_TASK          [queue size = 39]
2026-07-01 19:44:24 DEBUG: Task 114 released: pod 279 required by workstation(s) [2].  [released tasks = 75]
2026-07-01 19:44:24 DEBUG:    EVENT NUM 383   current_time = 00:04:21   END_PICKING           [queue size = 38]
2026-07-01 19:44:24 DEBUG: Ended picking at workstation 0.    [picking_buffer len = {23: 250.71830021454653}]
2026-07-01 19:44:24 DEBUG: Task should have served orders {36}, found open orders {36, 13, 18, 50}.
2026-07-01 19:44:24 DEBUG: Task 24 completed: pod 553 returning to storage.
2026-07-01 19:44:24 DEBUG:    EVENT NUM 384   current_time = 00:04:21   CLOSE_ORDER           [queue size = 40]
2026-07-01 19:44:24 DEBUG: Order 36 closed at workstation 0: flow_time = 261.6 s.     [order_buffer = 17] [open_orders = 3/4]
2026-07-01 19:44:24 DEBUG: Next order in buffer: 12
2026-07-01 19:44:24 DEBUG:    EVENT NUM 385   current_time = 00:04:21   START_PICKING         [queue size = 40]
2026-07-01 19:44:24 DEBUG: Processing task 23 at workstation 0: picking items {5182} for orders {18}
2026-07-01 19:44:24 DEBUG:    EVENT NUM 386   current_time = 00:04:21   OPEN_ORDER            [queue size = 40]
2026-07-01 19:44:24 DEBUG: Order 12 (skus required = {1913}) opened at workstation 0.   [open_orders = 4/4]
2026-07-01 19:44:24 DEBUG:    EVENT NUM 387   current_time = 00:04:21   START_TASK            [queue size = 40]
2026-07-01 19:44:24 DEBUG: Task 29 blocked: no idle robots.
2026-07-01 19:44:24 DEBUG:    EVENT NUM 388   current_time = 00:04:22   RELEASE_TASK          [queue size = 39]
2026-07-01 19:44:24 DEBUG: Task 115 released: pod 313 required by workstation(s) [1].  [released tasks = 76]
2026-07-01 19:44:24 DEBUG:    EVENT NUM 389   current_time = 00:04:22   ARRIVAL_POD_WST       [queue size = 38]
2026-07-01 19:44:24 DEBUG: Pod 96 arrived at workstation 2 - status = IDLE
2026-07-01 19:44:24 DEBUG: Pod queued at workstation.    [picking_buffer = {27: 262.4435978703682}]
2026-07-01 19:44:24 DEBUG:    EVENT NUM 390   current_time = 00:04:22   START_PICKING         [queue size = 38]
2026-07-01 19:44:24 DEBUG: Processing task 27 at workstation 2: picking items {6384, 10353} for orders {52, 63}
2026-07-01 19:44:24 DEBUG:    EVENT NUM 391   current_time = 00:04:23   RETURN_POD            [queue size = 38]
2026-07-01 19:44:24 DEBUG: Pod 426 returned. Robot 9 idle.   [idle robots = 1/20, released tasks = 76]
2026-07-01 19:44:24 DEBUG:    EVENT NUM 392   current_time = 00:04:23   START_TASK            [queue size = 38]
2026-07-01 19:44:24 DEBUG: Task 29 started: robot 9 → pod 431 → workstation 0 for orders {25} (arrival = 315.3 s).   [idle robots = 0/20]
2026-07-01 19:44:24 DEBUG:    EVENT NUM 393   current_time = 00:04:24   RELEASE_TASK          [queue size = 38]
2026-07-01 19:44:24 DEBUG: Task 116 released: pod 145 required by workstation(s) [2].  [released tasks = 76]
2026-07-01 19:44:24 DEBUG:    EVENT NUM 394   current_time = 00:04:25   ARRIVAL_ORDER         [queue size = 37]
2026-07-01 19:44:24 DEBUG: Order 152 arrived: items_required = [6100, 6590, 6211].     [orders_in_system = 140]
2026-07-01 19:44:24 DEBUG:    EVENT NUM 395   current_time = 00:04:26   ARRIVAL_POD_WST       [queue size = 37]
2026-07-01 19:44:24 DEBUG: Pod 595 arrived at workstation 0 - status = BUSY
2026-07-01 19:44:24 DEBUG: Pod queued at workstation.    [picking_buffer = {25: 266.4300928039404}]
2026-07-01 19:44:24 DEBUG:    EVENT NUM 396   current_time = 00:04:26   RELEASE_TASK          [queue size = 36]
2026-07-01 19:44:24 DEBUG: Task 117 released: pod 22 required by workstation(s) [2].  [released tasks = 77]
2026-07-01 19:44:24 DEBUG:    EVENT NUM 397   current_time = 00:04:29   RELEASE_TASK          [queue size = 35]
2026-07-01 19:44:24 DEBUG: Task 118 released: pod 315 required by workstation(s) [1].  [released tasks = 78]
2026-07-01 19:44:24 DEBUG:    EVENT NUM 398   current_time = 00:04:29   RETURN_POD            [queue size = 34]
2026-07-01 19:44:24 DEBUG: Pod 587 returned. Robot 0 idle.   [idle robots = 1/20, released tasks = 78]
2026-07-01 19:44:24 DEBUG:    EVENT NUM 399   current_time = 00:04:29   START_TASK            [queue size = 34]
2026-07-01 19:44:24 DEBUG: Task 31 blocked: no orders in {0: [65]} is open yet.  [released tasks = 77]
2026-07-01 19:44:24 DEBUG: Task 33 blocked: no orders in {0: [14]} is open yet.  [released tasks = 76]
2026-07-01 19:44:24 DEBUG: Task 34 blocked: no orders in {0: [35]} is open yet.  [released tasks = 75]
2026-07-01 19:44:24 DEBUG: Task 35 blocked: no orders in {0: [2]} is open yet.  [released tasks = 74]
2026-07-01 19:44:24 DEBUG: Task 36 blocked: no orders in {0: [27]} is open yet.  [released tasks = 73]
2026-07-01 19:44:24 DEBUG: Task 37 blocked: no orders in {0: [27]} is open yet.  [released tasks = 72]
2026-07-01 19:44:24 DEBUG: Task 38 blocked: no orders in {0: [21]} is open yet.  [released tasks = 71]
2026-07-01 19:44:24 DEBUG: Task 40 blocked: no orders in {0: [8]} is open yet.  [released tasks = 70]
2026-07-01 19:44:24 DEBUG: Task 42 blocked: no orders in {0: [51]} is open yet.  [released tasks = 69]
2026-07-01 19:44:24 DEBUG: Task 44 blocked: no orders in {0: [60]} is open yet.  [released tasks = 68]
2026-07-01 19:44:24 DEBUG: Task 46 blocked: no orders in {0: [59]} is open yet.  [released tasks = 67]
2026-07-01 19:44:24 DEBUG: Task 47 blocked: no orders in {0: [60]} is open yet.  [released tasks = 66]
2026-07-01 19:44:24 DEBUG: Task 48 blocked: no orders in {0: [51]} is open yet.  [released tasks = 65]
2026-07-01 19:44:24 DEBUG: Task 49 blocked: no orders in {0: [53]} is open yet.  [released tasks = 64]
2026-07-01 19:44:24 DEBUG: Task 51 blocked: no orders in {0: [51]} is open yet.  [released tasks = 63]
2026-07-01 19:44:24 DEBUG: Task 52 started: robot 0 → pod 397 → workstation 2 for orders {23} (arrival = 379.0 s).   [idle robots = 0/20]
2026-07-01 19:44:24 DEBUG:    EVENT NUM 400   current_time = 00:04:30   ARRIVAL_ORDER         [queue size = 34]
2026-07-01 19:44:24 DEBUG: Order 153 arrived: items_required = [9049].     [orders_in_system = 141]
2026-07-01 19:44:24 DEBUG:    EVENT NUM 401   current_time = 00:04:31   RELEASE_TASK          [queue size = 34]
2026-07-01 19:44:24 DEBUG: Task 119 released: pod 368 required by workstation(s) [1].  [released tasks = 78]
2026-07-01 19:44:24 DEBUG:    EVENT NUM 402   current_time = 00:04:31   END_PICKING           [queue size = 33]
2026-07-01 19:44:24 DEBUG: Ended picking at workstation 0.    [picking_buffer len = {25: 266.4300928039404}]
2026-07-01 19:44:24 DEBUG: Task should have served orders {18}, found open orders {12, 13, 18, 50}.
2026-07-01 19:44:24 DEBUG: Task 23 completed: pod 475 returning to storage.
2026-07-01 19:44:24 DEBUG:    EVENT NUM 403   current_time = 00:04:31   CLOSE_ORDER           [queue size = 35]
2026-07-01 19:44:24 DEBUG: Order 18 closed at workstation 0: flow_time = 271.6 s.     [order_buffer = 16] [open_orders = 3/4]
2026-07-01 19:44:24 DEBUG: Next order in buffer: 25
2026-07-01 19:44:24 DEBUG:    EVENT NUM 404   current_time = 00:04:31   START_PICKING         [queue size = 35]
2026-07-01 19:44:24 DEBUG: Processing task 25 at workstation 0: picking items {5948} for orders {13}
2026-07-01 19:44:24 DEBUG:    EVENT NUM 405   current_time = 00:04:31   OPEN_ORDER            [queue size = 35]
2026-07-01 19:44:24 DEBUG: Order 25 (skus required = {2403}) opened at workstation 0.   [open_orders = 4/4]
2026-07-01 19:44:24 DEBUG:    EVENT NUM 406   current_time = 00:04:31   START_TASK            [queue size = 35]
2026-07-01 19:44:24 DEBUG: Task 31 blocked: no idle robots.
2026-07-01 19:44:24 DEBUG:    EVENT NUM 407   current_time = 00:04:33   RELEASE_TASK          [queue size = 34]
2026-07-01 19:44:24 DEBUG: Task 120 released: pod 214 required by workstation(s) [2].  [released tasks = 79]
2026-07-01 19:44:24 DEBUG:    EVENT NUM 408   current_time = 00:04:34   RETURN_POD            [queue size = 33]
2026-07-01 19:44:24 DEBUG: Pod 227 returned. Robot 8 idle.   [idle robots = 1/20, released tasks = 79]
2026-07-01 19:44:24 DEBUG:    EVENT NUM 409   current_time = 00:04:34   START_TASK            [queue size = 33]
2026-07-01 19:44:24 DEBUG: Task 31 started: robot 8 → pod 133 → workstation 0 for orders {65} (arrival = 357.7 s).   [idle robots = 0/20]
2026-07-01 19:44:24 DEBUG:    EVENT NUM 410   current_time = 00:04:35   ARRIVAL_ORDER         [queue size = 33]
2026-07-01 19:44:24 DEBUG: Order 154 arrived: items_required = [6795, 5803, 6730].     [orders_in_system = 141]
2026-07-01 19:44:24 DEBUG:    EVENT NUM 411   current_time = 00:04:36   RELEASE_TASK          [queue size = 33]
2026-07-01 19:44:24 DEBUG: Task 121 released: pod 497 required by workstation(s) [2].  [released tasks = 79]
2026-07-01 19:44:24 DEBUG:    EVENT NUM 412   current_time = 00:04:37   END_PICKING           [queue size = 32]
2026-07-01 19:44:24 DEBUG: Ended picking at workstation 2.    [picking_buffer len = {}]
2026-07-01 19:44:24 DEBUG: Task should have served orders {52, 63}, found open orders {83, 52, 84, 63}.
2026-07-01 19:44:24 DEBUG: Task 27 completed: pod 96 returning to storage.
2026-07-01 19:44:24 DEBUG:    EVENT NUM 413   current_time = 00:04:37   CLOSE_ORDER           [queue size = 34]
2026-07-01 19:44:24 DEBUG: Order 52 closed at workstation 2: flow_time = 277.4 s.     [order_buffer = 13] [open_orders = 3/4]
2026-07-01 19:44:24 DEBUG: Next order in buffer: 23
2026-07-01 19:44:24 DEBUG:    EVENT NUM 414   current_time = 00:04:37   CLOSE_ORDER           [queue size = 34]
2026-07-01 19:44:24 DEBUG: Order 63 closed at workstation 2: flow_time = 277.4 s.     [order_buffer = 12] [open_orders = 2/4]
2026-07-01 19:44:24 DEBUG: Next order in buffer: 95
2026-07-01 19:44:24 DEBUG:    EVENT NUM 415   current_time = 00:04:37   OPEN_ORDER            [queue size = 34]
2026-07-01 19:44:24 DEBUG: Order 23 (skus required = {6446, 4497, 7893, 6942}) opened at workstation 2.   [open_orders = 3/4]
2026-07-01 19:44:24 DEBUG:    EVENT NUM 416   current_time = 00:04:37   OPEN_ORDER            [queue size = 34]
2026-07-01 19:44:24 DEBUG: Order 95 (skus required = {6000, 3701}) opened at workstation 2.   [open_orders = 4/4]
2026-07-01 19:44:24 DEBUG:    EVENT NUM 417   current_time = 00:04:37   START_TASK            [queue size = 34]
2026-07-01 19:44:24 DEBUG: Task 33 blocked: no orders in {0: [14]} is open yet.  [released tasks = 78]
2026-07-01 19:44:24 DEBUG: Task 34 blocked: no orders in {0: [35]} is open yet.  [released tasks = 77]
2026-07-01 19:44:24 DEBUG: Task 35 blocked: no orders in {0: [2]} is open yet.  [released tasks = 76]
2026-07-01 19:44:24 DEBUG: Task 36 blocked: no orders in {0: [27]} is open yet.  [released tasks = 75]
2026-07-01 19:44:24 DEBUG: Task 37 blocked: no orders in {0: [27]} is open yet.  [released tasks = 74]
2026-07-01 19:44:24 DEBUG: Task 38 blocked: no orders in {0: [21]} is open yet.  [released tasks = 73]
2026-07-01 19:44:24 DEBUG: Task 40 blocked: no orders in {0: [8]} is open yet.  [released tasks = 72]
2026-07-01 19:44:24 DEBUG: Task 42 blocked: no orders in {0: [51]} is open yet.  [released tasks = 71]
2026-07-01 19:44:24 DEBUG: Task 44 blocked: no orders in {0: [60]} is open yet.  [released tasks = 70]
2026-07-01 19:44:24 DEBUG: Task 46 blocked: no orders in {0: [59]} is open yet.  [released tasks = 69]
2026-07-01 19:44:24 DEBUG: Task 47 blocked: no orders in {0: [60]} is open yet.  [released tasks = 68]
2026-07-01 19:44:24 DEBUG: Task 48 blocked: no orders in {0: [51]} is open yet.  [released tasks = 67]
2026-07-01 19:44:24 DEBUG: Task 49 blocked: no orders in {0: [53]} is open yet.  [released tasks = 66]
2026-07-01 19:44:24 DEBUG: Task 51 blocked: no orders in {0: [51]} is open yet.  [released tasks = 65]
2026-07-01 19:44:24 DEBUG: Task 53 blocked: no orders in {0: [53]} is open yet.  [released tasks = 64]
2026-07-01 19:44:24 DEBUG: Task 54 blocked: no orders in {0: [42]} is open yet.  [released tasks = 63]
2026-07-01 19:44:24 DEBUG: Task 55 blocked: no orders in {0: [53]} is open yet.  [released tasks = 62]
2026-07-01 19:44:24 DEBUG: Task 56 blocked: no orders in {0: [24]} is open yet.  [released tasks = 61]
2026-07-01 19:44:24 DEBUG: Task 57 blocked: no orders in {0: [53]} is open yet.  [released tasks = 60]
2026-07-01 19:44:24 DEBUG: Task 58 blocked: no orders in {0: [53]} is open yet.  [released tasks = 59]
2026-07-01 19:44:24 DEBUG: Task 59 blocked: no orders in {0: [80]} is open yet.  [released tasks = 58]
2026-07-01 19:44:24 DEBUG: Task 60 blocked: no orders in {0: [42]} is open yet.  [released tasks = 57]
2026-07-01 19:44:24 DEBUG: Task 62 blocked: no orders in {0: [53]} is open yet.  [released tasks = 56]
2026-07-01 19:44:24 DEBUG: Task 64 blocked: no orders in {0: [53]} is open yet.  [released tasks = 55]
2026-07-01 19:44:24 DEBUG: Task 66 blocked: no orders in {0: [53]} is open yet.  [released tasks = 54]
2026-07-01 19:44:24 DEBUG: Task 67 blocked: no idle robots.
2026-07-01 19:44:24 DEBUG:    EVENT NUM 418   current_time = 00:04:37   START_TASK            [queue size = 33]
2026-07-01 19:44:24 DEBUG: Task 33 blocked: no orders in {0: [14]} is open yet.  [released tasks = 78]
2026-07-01 19:44:24 DEBUG: Task 34 blocked: no orders in {0: [35]} is open yet.  [released tasks = 77]
2026-07-01 19:44:24 DEBUG: Task 35 blocked: no orders in {0: [2]} is open yet.  [released tasks = 76]
2026-07-01 19:44:24 DEBUG: Task 36 blocked: no orders in {0: [27]} is open yet.  [released tasks = 75]
2026-07-01 19:44:24 DEBUG: Task 37 blocked: no orders in {0: [27]} is open yet.  [released tasks = 74]
2026-07-01 19:44:24 DEBUG: Task 38 blocked: no orders in {0: [21]} is open yet.  [released tasks = 73]
2026-07-01 19:44:24 DEBUG: Task 40 blocked: no orders in {0: [8]} is open yet.  [released tasks = 72]
2026-07-01 19:44:24 DEBUG: Task 42 blocked: no orders in {0: [51]} is open yet.  [released tasks = 71]
2026-07-01 19:44:24 DEBUG: Task 44 blocked: no orders in {0: [60]} is open yet.  [released tasks = 70]
2026-07-01 19:44:24 DEBUG: Task 46 blocked: no orders in {0: [59]} is open yet.  [released tasks = 69]
2026-07-01 19:44:24 DEBUG: Task 47 blocked: no orders in {0: [60]} is open yet.  [released tasks = 68]
2026-07-01 19:44:24 DEBUG: Task 48 blocked: no orders in {0: [51]} is open yet.  [released tasks = 67]
2026-07-01 19:44:24 DEBUG: Task 49 blocked: no orders in {0: [53]} is open yet.  [released tasks = 66]
2026-07-01 19:44:24 DEBUG: Task 51 blocked: no orders in {0: [51]} is open yet.  [released tasks = 65]
2026-07-01 19:44:24 DEBUG: Task 53 blocked: no orders in {0: [53]} is open yet.  [released tasks = 64]
2026-07-01 19:44:24 DEBUG: Task 54 blocked: no orders in {0: [42]} is open yet.  [released tasks = 63]
2026-07-01 19:44:24 DEBUG: Task 55 blocked: no orders in {0: [53]} is open yet.  [released tasks = 62]
2026-07-01 19:44:24 DEBUG: Task 56 blocked: no orders in {0: [24]} is open yet.  [released tasks = 61]
2026-07-01 19:44:24 DEBUG: Task 57 blocked: no orders in {0: [53]} is open yet.  [released tasks = 60]
2026-07-01 19:44:24 DEBUG: Task 58 blocked: no orders in {0: [53]} is open yet.  [released tasks = 59]
2026-07-01 19:44:24 DEBUG: Task 59 blocked: no orders in {0: [80]} is open yet.  [released tasks = 58]
2026-07-01 19:44:24 DEBUG: Task 60 blocked: no orders in {0: [42]} is open yet.  [released tasks = 57]
2026-07-01 19:44:24 DEBUG: Task 62 blocked: no orders in {0: [53]} is open yet.  [released tasks = 56]
2026-07-01 19:44:24 DEBUG: Task 64 blocked: no orders in {0: [53]} is open yet.  [released tasks = 55]
2026-07-01 19:44:24 DEBUG: Task 66 blocked: no orders in {0: [53]} is open yet.  [released tasks = 54]
2026-07-01 19:44:24 DEBUG: Task 67 blocked: no idle robots.
2026-07-01 19:44:24 DEBUG:    EVENT NUM 419   current_time = 00:04:38   RELEASE_TASK          [queue size = 32]
2026-07-01 19:44:24 DEBUG: Task 122 released: pod 478 required by workstation(s) [2].  [released tasks = 80]
2026-07-01 19:44:24 DEBUG:    EVENT NUM 420   current_time = 00:04:40   ARRIVAL_ORDER         [queue size = 31]
2026-07-01 19:44:24 DEBUG: Order 155 arrived: items_required = [6482, 7801].     [orders_in_system = 140]
2026-07-01 19:44:24 DEBUG:    EVENT NUM 421   current_time = 00:04:40   RELEASE_TASK          [queue size = 31]
2026-07-01 19:44:24 DEBUG: Task 123 released: pod 52 required by workstation(s) [2].  [released tasks = 81]
2026-07-01 19:44:24 DEBUG:    EVENT NUM 422   current_time = 00:04:41   END_PICKING           [queue size = 30]
2026-07-01 19:44:24 DEBUG: Ended picking at workstation 0.    [picking_buffer len = {}]
2026-07-01 19:44:24 DEBUG: Task should have served orders {13}, found open orders {12, 13, 50, 25}.
2026-07-01 19:44:24 DEBUG: Task 25 completed: pod 595 returning to storage.
2026-07-01 19:44:24 DEBUG:    EVENT NUM 423   current_time = 00:04:41   CLOSE_ORDER           [queue size = 31]
2026-07-01 19:44:24 DEBUG: Order 13 closed at workstation 0: flow_time = 281.6 s.     [order_buffer = 15] [open_orders = 3/4]
2026-07-01 19:44:24 DEBUG: Next order in buffer: 65
2026-07-01 19:44:24 DEBUG:    EVENT NUM 424   current_time = 00:04:41   OPEN_ORDER            [queue size = 31]
2026-07-01 19:44:24 DEBUG: Order 65 (skus required = {5087}) opened at workstation 0.   [open_orders = 4/4]
2026-07-01 19:44:24 DEBUG:    EVENT NUM 425   current_time = 00:04:41   START_TASK            [queue size = 31]
2026-07-01 19:44:24 DEBUG: Task 33 blocked: no idle robots.
2026-07-01 19:44:24 DEBUG:    EVENT NUM 426   current_time = 00:04:42   RELEASE_TASK          [queue size = 30]
2026-07-01 19:44:24 DEBUG: Task 124 released: pod 260 required by workstation(s) [2].  [released tasks = 82]
2026-07-01 19:44:24 DEBUG:    EVENT NUM 427   current_time = 00:04:45   ARRIVAL_ORDER         [queue size = 29]
2026-07-01 19:44:24 DEBUG: Order 156 arrived: items_required = [6862, 7610].     [orders_in_system = 140]
2026-07-01 19:44:24 DEBUG:    EVENT NUM 428   current_time = 00:04:45   RELEASE_TASK          [queue size = 29]
2026-07-01 19:44:24 DEBUG: Task 125 released: pod 531 required by workstation(s) [2].  [released tasks = 83]
2026-07-01 19:44:24 DEBUG:    EVENT NUM 429   current_time = 00:04:47   RELEASE_TASK          [queue size = 28]
2026-07-01 19:44:24 DEBUG: Task 126 released: pod 1 required by workstation(s) [3].  [released tasks = 84]
2026-07-01 19:44:24 DEBUG:    EVENT NUM 430   current_time = 00:04:49   RELEASE_TASK          [queue size = 27]
2026-07-01 19:44:24 DEBUG: Task 127 released: pod 470 required by workstation(s) [2].  [released tasks = 85]
2026-07-01 19:44:24 DEBUG:    EVENT NUM 431   current_time = 00:04:50   ARRIVAL_ORDER         [queue size = 26]
2026-07-01 19:44:24 DEBUG: Order 157 arrived: items_required = [5389].     [orders_in_system = 141]
2026-07-01 19:44:24 DEBUG:    EVENT NUM 432   current_time = 00:04:51   RELEASE_TASK          [queue size = 26]
2026-07-01 19:44:24 DEBUG: Task 128 released: pod 88 required by workstation(s) [2].  [released tasks = 86]
2026-07-01 19:44:24 DEBUG:    EVENT NUM 433   current_time = 00:04:54   RELEASE_TASK          [queue size = 25]
2026-07-01 19:44:24 DEBUG: Task 129 released: pod 266 required by workstation(s) [2].  [released tasks = 87]
2026-07-01 19:44:24 DEBUG:    EVENT NUM 434   current_time = 00:04:55   ARRIVAL_ORDER         [queue size = 24]
2026-07-01 19:44:24 DEBUG: Order 158 arrived: items_required = [5425].     [orders_in_system = 142]
2026-07-01 19:44:24 DEBUG:    EVENT NUM 435   current_time = 00:04:56   RELEASE_TASK          [queue size = 24]
2026-07-01 19:44:24 DEBUG: Task 130 released: pod 138 required by workstation(s) [3].  [released tasks = 88]
2026-07-01 19:44:24 DEBUG:    EVENT NUM 436   current_time = 00:04:57   RETURN_POD            [queue size = 23]
2026-07-01 19:44:24 DEBUG: Pod 225 returned. Robot 13 idle.   [idle robots = 1/20, released tasks = 88]
2026-07-01 19:44:24 DEBUG:    EVENT NUM 437   current_time = 00:04:57   START_TASK            [queue size = 23]
2026-07-01 19:44:24 DEBUG: Task 33 started: robot 13 → pod 159 → workstation 0 for orders {14} (arrival = 367.8 s).   [idle robots = 0/20]
2026-07-01 19:44:24 DEBUG:    EVENT NUM 438   current_time = 00:04:58   RELEASE_TASK          [queue size = 23]
2026-07-01 19:44:24 DEBUG: Task 131 released: pod 104 required by workstation(s) [2].  [released tasks = 88]
2026-07-01 19:44:24 DEBUG:    EVENT NUM 439   current_time = 00:05:00   ARRIVAL_ORDER         [queue size = 22]
2026-07-01 19:44:24 DEBUG: Order 159 arrived: items_required = [5400].     [orders_in_system = 143]
2026-07-01 19:44:24 DEBUG:    EVENT NUM 440   current_time = 00:05:01   RELEASE_TASK          [queue size = 22]
2026-07-01 19:44:24 DEBUG: Task 132 released: pod 505 required by workstation(s) [3].  [released tasks = 89]
2026-07-01 19:44:24 DEBUG:    EVENT NUM 441   current_time = 00:05:05   ARRIVAL_ORDER         [queue size = 21]
2026-07-01 19:44:24 DEBUG: Order 160 arrived: items_required = [5869, 10735, 5547, 6962].     [orders_in_system = 144]
2026-07-01 19:44:24 DEBUG:    EVENT NUM 442   current_time = 00:05:10   ARRIVAL_ORDER         [queue size = 21]
2026-07-01 19:44:24 DEBUG: Order 161 arrived: items_required = [6529].     [orders_in_system = 145]
2026-07-01 19:44:24 DEBUG:    EVENT NUM 443   current_time = 00:05:12   ARRIVAL_POD_WST       [queue size = 21]
2026-07-01 19:44:24 DEBUG: Pod 115 arrived at workstation 0 - status = IDLE
2026-07-01 19:44:24 DEBUG: Pod queued at workstation.    [picking_buffer = {61: 312.2091659716468}]
2026-07-01 19:44:24 DEBUG:    EVENT NUM 444   current_time = 00:05:12   START_PICKING         [queue size = 21]
2026-07-01 19:44:24 DEBUG: start_picking: WS 0 has no actionable task in buffer.
2026-07-01 19:44:24 DEBUG:    EVENT NUM 445   current_time = 00:05:13   ARRIVAL_POD_WST       [queue size = 20]
2026-07-01 19:44:24 DEBUG: Pod 41 arrived at workstation 2 - status = IDLE
2026-07-01 19:44:24 DEBUG: Pod queued at workstation.    [picking_buffer = {41: 313.40154224316115}]
2026-07-01 19:44:24 DEBUG:    EVENT NUM 446   current_time = 00:05:13   START_PICKING         [queue size = 20]
2026-07-01 19:44:24 DEBUG: Processing task 41 at workstation 2: picking items {9323} for orders {84}
2026-07-01 19:44:24 DEBUG:    EVENT NUM 447   current_time = 00:05:15   ARRIVAL_ORDER         [queue size = 20]
2026-07-01 19:44:24 DEBUG: Order 162 arrived: items_required = [4945].     [orders_in_system = 146]
2026-07-01 19:44:24 DEBUG:    EVENT NUM 448   current_time = 00:05:15   ARRIVAL_POD_WST       [queue size = 20]
2026-07-01 19:44:24 DEBUG: Pod 431 arrived at workstation 0 - status = IDLE
2026-07-01 19:44:24 DEBUG: Pod queued at workstation.    [picking_buffer = {61: 312.2091659716468, 29: 315.28774268165995}]
2026-07-01 19:44:24 DEBUG:    EVENT NUM 449   current_time = 00:05:15   START_PICKING         [queue size = 20]
2026-07-01 19:44:24 DEBUG: Processing task 29 at workstation 0: picking items {2403} for orders {25}
2026-07-01 19:44:24 DEBUG:    EVENT NUM 450   current_time = 00:05:17   ARRIVAL_POD_WST       [queue size = 20]
2026-07-01 19:44:24 DEBUG: Pod 480 arrived at workstation 2 - status = BUSY
2026-07-01 19:44:24 DEBUG: Pod queued at workstation.    [picking_buffer = {45: 317.21782211676003}]
2026-07-01 19:44:24 DEBUG:    EVENT NUM 451   current_time = 00:05:20   ARRIVAL_ORDER         [queue size = 19]
2026-07-01 19:44:24 DEBUG: Order 163 arrived: items_required = [5016].     [orders_in_system = 147]
2026-07-01 19:44:24 DEBUG:    EVENT NUM 452   current_time = 00:05:20   RETURN_POD            [queue size = 19]
2026-07-01 19:44:24 DEBUG: Pod 553 returned. Robot 12 idle.   [idle robots = 1/20, released tasks = 89]
2026-07-01 19:44:24 DEBUG:    EVENT NUM 453   current_time = 00:05:20   START_TASK            [queue size = 19]
2026-07-01 19:44:24 DEBUG: Task 34 blocked: no orders in {0: [35]} is open yet.  [released tasks = 88]
2026-07-01 19:44:24 DEBUG: Task 35 blocked: no orders in {0: [2]} is open yet.  [released tasks = 87]
2026-07-01 19:44:24 DEBUG: Task 36 blocked: no orders in {0: [27]} is open yet.  [released tasks = 86]
2026-07-01 19:44:24 DEBUG: Task 37 blocked: no orders in {0: [27]} is open yet.  [released tasks = 85]
2026-07-01 19:44:24 DEBUG: Task 38 blocked: no orders in {0: [21]} is open yet.  [released tasks = 84]
2026-07-01 19:44:24 DEBUG: Task 40 blocked: no orders in {0: [8]} is open yet.  [released tasks = 83]
2026-07-01 19:44:24 DEBUG: Task 42 blocked: no orders in {0: [51]} is open yet.  [released tasks = 82]
2026-07-01 19:44:24 DEBUG: Task 44 blocked: no orders in {0: [60]} is open yet.  [released tasks = 81]
2026-07-01 19:44:24 DEBUG: Task 46 blocked: no orders in {0: [59]} is open yet.  [released tasks = 80]
2026-07-01 19:44:24 DEBUG: Task 47 blocked: no orders in {0: [60]} is open yet.  [released tasks = 79]
2026-07-01 19:44:24 DEBUG: Task 48 blocked: no orders in {0: [51]} is open yet.  [released tasks = 78]
2026-07-01 19:44:24 DEBUG: Task 49 blocked: no orders in {0: [53]} is open yet.  [released tasks = 77]
2026-07-01 19:44:24 DEBUG: Task 51 blocked: no orders in {0: [51]} is open yet.  [released tasks = 76]
2026-07-01 19:44:24 DEBUG: Task 53 blocked: no orders in {0: [53]} is open yet.  [released tasks = 75]
2026-07-01 19:44:24 DEBUG: Task 54 blocked: no orders in {0: [42]} is open yet.  [released tasks = 74]
2026-07-01 19:44:24 DEBUG: Task 55 blocked: no orders in {0: [53]} is open yet.  [released tasks = 73]
2026-07-01 19:44:24 DEBUG: Task 56 blocked: no orders in {0: [24]} is open yet.  [released tasks = 72]
2026-07-01 19:44:24 DEBUG: Task 57 blocked: no orders in {0: [53]} is open yet.  [released tasks = 71]
2026-07-01 19:44:24 DEBUG: Task 58 blocked: no orders in {0: [53]} is open yet.  [released tasks = 70]
2026-07-01 19:44:24 DEBUG: Task 59 blocked: no orders in {0: [80]} is open yet.  [released tasks = 69]
2026-07-01 19:44:24 DEBUG: Task 60 blocked: no orders in {0: [42]} is open yet.  [released tasks = 68]
2026-07-01 19:44:24 DEBUG: Task 62 blocked: no orders in {0: [53]} is open yet.  [released tasks = 67]
2026-07-01 19:44:24 DEBUG: Task 64 blocked: no orders in {0: [53]} is open yet.  [released tasks = 66]
2026-07-01 19:44:24 DEBUG: Task 66 blocked: no orders in {0: [53]} is open yet.  [released tasks = 65]
2026-07-01 19:44:24 DEBUG: Task 67 started: robot 12 → pod 353 → workstation 2 for orders {23} (arrival = 427.2 s).   [idle robots = 0/20]
2026-07-01 19:44:24 DEBUG:    EVENT NUM 454   current_time = 00:05:23   END_PICKING           [queue size = 19]
2026-07-01 19:44:24 DEBUG: Ended picking at workstation 2.    [picking_buffer len = {45: 317.21782211676003}]
2026-07-01 19:44:24 DEBUG: Task should have served orders {84}, found open orders {83, 84, 23, 95}.
2026-07-01 19:44:24 DEBUG: Task 41 completed: pod 41 returning to storage.
2026-07-01 19:44:24 DEBUG:    EVENT NUM 455   current_time = 00:05:23   CLOSE_ORDER           [queue size = 21]
2026-07-01 19:44:24 DEBUG: Order 84 closed at workstation 2: flow_time = 323.4 s.     [order_buffer = 11] [open_orders = 3/4]
2026-07-01 19:44:24 DEBUG: Next order in buffer: 96
2026-07-01 19:44:24 DEBUG:    EVENT NUM 456   current_time = 00:05:23   START_PICKING         [queue size = 21]
2026-07-01 19:44:24 DEBUG: Processing task 45 at workstation 2: picking items {5187} for orders {83}
2026-07-01 19:44:24 DEBUG:    EVENT NUM 457   current_time = 00:05:23   OPEN_ORDER            [queue size = 21]
2026-07-01 19:44:24 DEBUG: Order 96 (skus required = {6024}) opened at workstation 2.   [open_orders = 4/4]
2026-07-01 19:44:24 DEBUG:    EVENT NUM 458   current_time = 00:05:23   START_TASK            [queue size = 21]
2026-07-01 19:44:24 DEBUG: Task 34 blocked: no orders in {0: [35]} is open yet.  [released tasks = 87]
2026-07-01 19:44:24 DEBUG: Task 35 blocked: no orders in {0: [2]} is open yet.  [released tasks = 86]
2026-07-01 19:44:24 DEBUG: Task 36 blocked: no orders in {0: [27]} is open yet.  [released tasks = 85]
2026-07-01 19:44:24 DEBUG: Task 37 blocked: no orders in {0: [27]} is open yet.  [released tasks = 84]
2026-07-01 19:44:24 DEBUG: Task 38 blocked: no orders in {0: [21]} is open yet.  [released tasks = 83]
2026-07-01 19:44:24 DEBUG: Task 40 blocked: no orders in {0: [8]} is open yet.  [released tasks = 82]
2026-07-01 19:44:24 DEBUG: Task 42 blocked: no orders in {0: [51]} is open yet.  [released tasks = 81]
2026-07-01 19:44:24 DEBUG: Task 44 blocked: no orders in {0: [60]} is open yet.  [released tasks = 80]
2026-07-01 19:44:24 DEBUG: Task 46 blocked: no orders in {0: [59]} is open yet.  [released tasks = 79]
2026-07-01 19:44:24 DEBUG: Task 47 blocked: no orders in {0: [60]} is open yet.  [released tasks = 78]
2026-07-01 19:44:24 DEBUG: Task 48 blocked: no orders in {0: [51]} is open yet.  [released tasks = 77]
2026-07-01 19:44:24 DEBUG: Task 49 blocked: no orders in {0: [53]} is open yet.  [released tasks = 76]
2026-07-01 19:44:24 DEBUG: Task 51 blocked: no orders in {0: [51]} is open yet.  [released tasks = 75]
2026-07-01 19:44:24 DEBUG: Task 53 blocked: no orders in {0: [53]} is open yet.  [released tasks = 74]
2026-07-01 19:44:24 DEBUG: Task 54 blocked: no orders in {0: [42]} is open yet.  [released tasks = 73]
2026-07-01 19:44:24 DEBUG: Task 55 blocked: no orders in {0: [53]} is open yet.  [released tasks = 72]
2026-07-01 19:44:24 DEBUG: Task 56 blocked: no orders in {0: [24]} is open yet.  [released tasks = 71]
2026-07-01 19:44:24 DEBUG: Task 57 blocked: no orders in {0: [53]} is open yet.  [released tasks = 70]
2026-07-01 19:44:24 DEBUG: Task 58 blocked: no orders in {0: [53]} is open yet.  [released tasks = 69]
2026-07-01 19:44:24 DEBUG: Task 59 blocked: no orders in {0: [80]} is open yet.  [released tasks = 68]
2026-07-01 19:44:24 DEBUG: Task 60 blocked: no orders in {0: [42]} is open yet.  [released tasks = 67]
2026-07-01 19:44:24 DEBUG: Task 62 blocked: no orders in {0: [53]} is open yet.  [released tasks = 66]
2026-07-01 19:44:24 DEBUG: Task 64 blocked: no orders in {0: [53]} is open yet.  [released tasks = 65]
2026-07-01 19:44:24 DEBUG: Task 66 blocked: no orders in {0: [53]} is open yet.  [released tasks = 64]
2026-07-01 19:44:24 DEBUG: Task 68 blocked: no orders in {0: [53]} is open yet.  [released tasks = 63]
2026-07-01 19:44:24 DEBUG: Task 69 blocked: no orders in {0: [53]} is open yet.  [released tasks = 62]
2026-07-01 19:44:24 DEBUG: Task 71 blocked: no idle robots.
2026-07-01 19:44:24 DEBUG:    EVENT NUM 459   current_time = 00:05:25   ARRIVAL_ORDER         [queue size = 20]
2026-07-01 19:44:24 DEBUG: Order 164 arrived: items_required = [3705, 4566].     [orders_in_system = 147]
2026-07-01 19:44:24 DEBUG:    EVENT NUM 460   current_time = 00:05:25   END_PICKING           [queue size = 20]
2026-07-01 19:44:24 DEBUG: Ended picking at workstation 0.    [picking_buffer len = {61: 312.2091659716468}]
2026-07-01 19:44:24 DEBUG: Task should have served orders {25}, found open orders {65, 12, 50, 25}.
2026-07-01 19:44:24 DEBUG: Task 29 completed: pod 431 returning to storage.
2026-07-01 19:44:24 DEBUG:    EVENT NUM 461   current_time = 00:05:25   CLOSE_ORDER           [queue size = 22]
2026-07-01 19:44:24 DEBUG: Order 25 closed at workstation 0: flow_time = 325.3 s.     [order_buffer = 14] [open_orders = 3/4]
2026-07-01 19:44:24 DEBUG: Next order in buffer: 14
2026-07-01 19:44:24 DEBUG:    EVENT NUM 462   current_time = 00:05:25   START_PICKING         [queue size = 22]
2026-07-01 19:44:24 DEBUG: start_picking: WS 0 has no actionable task in buffer.
2026-07-01 19:44:24 DEBUG:    EVENT NUM 463   current_time = 00:05:25   OPEN_ORDER            [queue size = 21]
2026-07-01 19:44:24 DEBUG: Order 14 (skus required = {4253}) opened at workstation 0.   [open_orders = 4/4]
2026-07-01 19:44:24 DEBUG:    EVENT NUM 464   current_time = 00:05:25   START_TASK            [queue size = 22]
2026-07-01 19:44:24 DEBUG: Task 34 blocked: no idle robots.
2026-07-01 19:44:24 DEBUG:    EVENT NUM 465   current_time = 00:05:25   START_PICKING         [queue size = 21]
2026-07-01 19:44:24 DEBUG: start_picking: WS 0 has no actionable task in buffer.
2026-07-01 19:44:24 DEBUG:    EVENT NUM 466   current_time = 00:05:27   RETURN_POD            [queue size = 20]
2026-07-01 19:44:24 DEBUG: Pod 479 returned. Robot 15 idle.   [idle robots = 1/20, released tasks = 88]
2026-07-01 19:44:24 DEBUG:    EVENT NUM 467   current_time = 00:05:27   START_TASK            [queue size = 20]
2026-07-01 19:44:24 DEBUG: Task 34 started: robot 15 → pod 325 → workstation 0 for orders {35} (arrival = 425.6 s).   [idle robots = 0/20]
2026-07-01 19:44:24 DEBUG:    EVENT NUM 468   current_time = 00:05:27   ARRIVAL_POD_WST       [queue size = 20]
2026-07-01 19:44:24 DEBUG: Pod 523 arrived at workstation 0 - status = IDLE
2026-07-01 19:44:24 DEBUG: Pod queued at workstation.    [picking_buffer = {61: 312.2091659716468, 26: 327.843649103747}]
2026-07-01 19:44:24 DEBUG:    EVENT NUM 469   current_time = 00:05:27   START_PICKING         [queue size = 20]
2026-07-01 19:44:24 DEBUG: Processing task 26 at workstation 0: picking items {4645} for orders {50}
2026-07-01 19:44:24 DEBUG:    EVENT NUM 470   current_time = 00:05:29   RETURN_POD            [queue size = 20]
2026-07-01 19:44:24 DEBUG: Pod 427 returned. Robot 14 idle.   [idle robots = 1/20, released tasks = 87]
2026-07-01 19:44:24 DEBUG:    EVENT NUM 471   current_time = 00:05:29   START_TASK            [queue size = 20]
2026-07-01 19:44:24 DEBUG: Task 35 blocked: no orders in {0: [2]} is open yet.  [released tasks = 86]
2026-07-01 19:44:24 DEBUG: Task 36 blocked: no orders in {0: [27]} is open yet.  [released tasks = 85]
2026-07-01 19:44:24 DEBUG: Task 37 blocked: no orders in {0: [27]} is open yet.  [released tasks = 84]
2026-07-01 19:44:24 DEBUG: Task 38 blocked: no orders in {0: [21]} is open yet.  [released tasks = 83]
2026-07-01 19:44:24 DEBUG: Task 40 blocked: no orders in {0: [8]} is open yet.  [released tasks = 82]
2026-07-01 19:44:24 DEBUG: Task 42 blocked: no orders in {0: [51]} is open yet.  [released tasks = 81]
2026-07-01 19:44:24 DEBUG: Task 44 blocked: no orders in {0: [60]} is open yet.  [released tasks = 80]
2026-07-01 19:44:24 DEBUG: Task 46 blocked: no orders in {0: [59]} is open yet.  [released tasks = 79]
2026-07-01 19:44:24 DEBUG: Task 47 blocked: no orders in {0: [60]} is open yet.  [released tasks = 78]
2026-07-01 19:44:24 DEBUG: Task 48 blocked: no orders in {0: [51]} is open yet.  [released tasks = 77]
2026-07-01 19:44:24 DEBUG: Task 49 blocked: no orders in {0: [53]} is open yet.  [released tasks = 76]
2026-07-01 19:44:24 DEBUG: Task 51 blocked: no orders in {0: [51]} is open yet.  [released tasks = 75]
2026-07-01 19:44:24 DEBUG: Task 53 blocked: no orders in {0: [53]} is open yet.  [released tasks = 74]
2026-07-01 19:44:24 DEBUG: Task 54 blocked: no orders in {0: [42]} is open yet.  [released tasks = 73]
2026-07-01 19:44:24 DEBUG: Task 55 blocked: no orders in {0: [53]} is open yet.  [released tasks = 72]
2026-07-01 19:44:24 DEBUG: Task 56 blocked: no orders in {0: [24]} is open yet.  [released tasks = 71]
2026-07-01 19:44:24 DEBUG: Task 57 blocked: no orders in {0: [53]} is open yet.  [released tasks = 70]
2026-07-01 19:44:24 DEBUG: Task 58 blocked: no orders in {0: [53]} is open yet.  [released tasks = 69]
2026-07-01 19:44:24 DEBUG: Task 59 blocked: no orders in {0: [80]} is open yet.  [released tasks = 68]
2026-07-01 19:44:24 DEBUG: Task 60 blocked: no orders in {0: [42]} is open yet.  [released tasks = 67]
2026-07-01 19:44:24 DEBUG: Task 62 blocked: no orders in {0: [53]} is open yet.  [released tasks = 66]
2026-07-01 19:44:24 DEBUG: Task 64 blocked: no orders in {0: [53]} is open yet.  [released tasks = 65]
2026-07-01 19:44:24 DEBUG: Task 66 blocked: no orders in {0: [53]} is open yet.  [released tasks = 64]
2026-07-01 19:44:24 DEBUG: Task 68 blocked: no orders in {0: [53]} is open yet.  [released tasks = 63]
2026-07-01 19:44:24 DEBUG: Task 69 blocked: no orders in {0: [53]} is open yet.  [released tasks = 62]
2026-07-01 19:44:24 DEBUG: Task 71 started: robot 14 → pod 474 → workstation 1 for orders {97} (arrival = 437.4 s).   [idle robots = 0/20]
2026-07-01 19:44:24 DEBUG:    EVENT NUM 472   current_time = 00:05:30   ARRIVAL_ORDER         [queue size = 20]
2026-07-01 19:44:24 DEBUG: Order 165 arrived: items_required = [5058, 7472, 7247].     [orders_in_system = 147]
2026-07-01 19:44:24 DEBUG:    EVENT NUM 473   current_time = 00:05:33   END_PICKING           [queue size = 20]
2026-07-01 19:44:24 DEBUG: Ended picking at workstation 2.    [picking_buffer len = {}]
2026-07-01 19:44:24 DEBUG: Task should have served orders {83}, found open orders {96, 83, 23, 95}.
2026-07-01 19:44:24 DEBUG: Task 45 completed: pod 480 returning to storage.
2026-07-01 19:44:24 DEBUG:    EVENT NUM 474   current_time = 00:05:33   ARRIVAL_POD_WST       [queue size = 20]
2026-07-01 19:44:24 DEBUG: Pod 140 arrived at workstation 2 - status = IDLE
2026-07-01 19:44:24 DEBUG: Pod queued at workstation.    [picking_buffer = {50: 333.46710299305795}]
2026-07-01 19:44:24 DEBUG:    EVENT NUM 475   current_time = 00:05:33   START_PICKING         [queue size = 20]
2026-07-01 19:44:24 DEBUG: Processing task 50 at workstation 2: picking items {6584} for orders {83}
2026-07-01 19:44:24 DEBUG:    EVENT NUM 476   current_time = 00:05:35   ARRIVAL_ORDER         [queue size = 20]
2026-07-01 19:44:24 DEBUG: Order 166 arrived: items_required = [6640].     [orders_in_system = 148]
2026-07-01 19:44:24 DEBUG:    EVENT NUM 477   current_time = 00:05:37   END_PICKING           [queue size = 20]
2026-07-01 19:44:24 DEBUG: Ended picking at workstation 0.    [picking_buffer len = {61: 312.2091659716468}]
2026-07-01 19:44:24 DEBUG: Task should have served orders {50}, found open orders {65, 12, 14, 50}.
2026-07-01 19:44:24 DEBUG: Task 26 completed: pod 523 returning to storage.
2026-07-01 19:44:24 DEBUG:    EVENT NUM 478   current_time = 00:05:37   CLOSE_ORDER           [queue size = 22]
2026-07-01 19:44:24 DEBUG: Order 50 closed at workstation 0: flow_time = 337.8 s.     [order_buffer = 13] [open_orders = 3/4]
2026-07-01 19:44:24 DEBUG: Next order in buffer: 35
2026-07-01 19:44:24 DEBUG:    EVENT NUM 479   current_time = 00:05:37   START_PICKING         [queue size = 22]
2026-07-01 19:44:24 DEBUG: start_picking: WS 0 has no actionable task in buffer.
2026-07-01 19:44:24 DEBUG:    EVENT NUM 480   current_time = 00:05:37   OPEN_ORDER            [queue size = 21]
2026-07-01 19:44:24 DEBUG: Order 35 (skus required = {7487}) opened at workstation 0.   [open_orders = 4/4]
2026-07-01 19:44:24 DEBUG:    EVENT NUM 481   current_time = 00:05:37   START_TASK            [queue size = 22]
2026-07-01 19:44:24 DEBUG: Task 35 blocked: no idle robots.
2026-07-01 19:44:24 DEBUG:    EVENT NUM 482   current_time = 00:05:37   START_PICKING         [queue size = 21]
2026-07-01 19:44:24 DEBUG: start_picking: WS 0 has no actionable task in buffer.
2026-07-01 19:44:24 DEBUG:    EVENT NUM 483   current_time = 00:05:40   ARRIVAL_ORDER         [queue size = 20]
2026-07-01 19:44:24 DEBUG: Order 167 arrived: items_required = [1721].     [orders_in_system = 148]
2026-07-01 19:44:24 DEBUG:    EVENT NUM 484   current_time = 00:05:43   END_PICKING           [queue size = 20]
2026-07-01 19:44:24 DEBUG: Ended picking at workstation 2.    [picking_buffer len = {}]
2026-07-01 19:44:24 DEBUG: Task should have served orders {83}, found open orders {96, 83, 23, 95}.
2026-07-01 19:44:24 DEBUG: Task 50 completed: pod 140 returning to storage.
2026-07-01 19:44:24 DEBUG:    EVENT NUM 485   current_time = 00:05:45   ARRIVAL_ORDER         [queue size = 20]
2026-07-01 19:44:24 DEBUG: Order 168 arrived: items_required = [6420, 8912].     [orders_in_system = 149]
2026-07-01 19:44:24 DEBUG:    EVENT NUM 486   current_time = 00:05:50   ARRIVAL_ORDER         [queue size = 20]
2026-07-01 19:44:24 DEBUG: Order 169 arrived: items_required = [4871].     [orders_in_system = 150]
2026-07-01 19:44:24 DEBUG:    EVENT NUM 487   current_time = 00:05:54   RETURN_POD            [queue size = 20]
2026-07-01 19:44:24 DEBUG: Pod 475 returned. Robot 18 idle.   [idle robots = 1/20, released tasks = 86]
2026-07-01 19:44:24 DEBUG:    EVENT NUM 488   current_time = 00:05:54   START_TASK            [queue size = 20]
2026-07-01 19:44:24 DEBUG: Task 35 started: robot 18 → pod 430 → workstation 0 for orders {2} (arrival = 417.3 s).   [idle robots = 0/20]
2026-07-01 19:44:24 DEBUG:    EVENT NUM 489   current_time = 00:05:54   RETURN_POD            [queue size = 20]
2026-07-01 19:44:24 DEBUG: Pod 595 returned. Robot 19 idle.   [idle robots = 1/20, released tasks = 85]
2026-07-01 19:44:24 DEBUG:    EVENT NUM 490   current_time = 00:05:54   START_TASK            [queue size = 20]
2026-07-01 19:44:24 DEBUG: Task 36 blocked: no orders in {0: [27]} is open yet.  [released tasks = 84]
2026-07-01 19:44:24 DEBUG: Task 37 blocked: no orders in {0: [27]} is open yet.  [released tasks = 83]
2026-07-01 19:44:24 DEBUG: Task 38 blocked: no orders in {0: [21]} is open yet.  [released tasks = 82]
2026-07-01 19:44:24 DEBUG: Task 40 blocked: no orders in {0: [8]} is open yet.  [released tasks = 81]
2026-07-01 19:44:24 DEBUG: Task 42 blocked: no orders in {0: [51]} is open yet.  [released tasks = 80]
2026-07-01 19:44:24 DEBUG: Task 44 blocked: no orders in {0: [60]} is open yet.  [released tasks = 79]
2026-07-01 19:44:24 DEBUG: Task 46 blocked: no orders in {0: [59]} is open yet.  [released tasks = 78]
2026-07-01 19:44:24 DEBUG: Task 47 blocked: no orders in {0: [60]} is open yet.  [released tasks = 77]
2026-07-01 19:44:24 DEBUG: Task 48 blocked: no orders in {0: [51]} is open yet.  [released tasks = 76]
2026-07-01 19:44:24 DEBUG: Task 49 blocked: no orders in {0: [53]} is open yet.  [released tasks = 75]
2026-07-01 19:44:24 DEBUG: Task 51 blocked: no orders in {0: [51]} is open yet.  [released tasks = 74]
2026-07-01 19:44:24 DEBUG: Task 53 blocked: no orders in {0: [53]} is open yet.  [released tasks = 73]
2026-07-01 19:44:24 DEBUG: Task 54 blocked: no orders in {0: [42]} is open yet.  [released tasks = 72]
2026-07-01 19:44:24 DEBUG: Task 55 blocked: no orders in {0: [53]} is open yet.  [released tasks = 71]
2026-07-01 19:44:24 DEBUG: Task 56 blocked: no orders in {0: [24]} is open yet.  [released tasks = 70]
2026-07-01 19:44:24 DEBUG: Task 57 blocked: no orders in {0: [53]} is open yet.  [released tasks = 69]
2026-07-01 19:44:24 DEBUG: Task 58 blocked: no orders in {0: [53]} is open yet.  [released tasks = 68]
2026-07-01 19:44:24 DEBUG: Task 59 blocked: no orders in {0: [80]} is open yet.  [released tasks = 67]
2026-07-01 19:44:24 DEBUG: Task 60 blocked: no orders in {0: [42]} is open yet.  [released tasks = 66]
2026-07-01 19:44:24 DEBUG: Task 62 blocked: no orders in {0: [53]} is open yet.  [released tasks = 65]
2026-07-01 19:44:24 DEBUG: Task 64 blocked: no orders in {0: [53]} is open yet.  [released tasks = 64]
2026-07-01 19:44:24 DEBUG: Task 66 blocked: no orders in {0: [53]} is open yet.  [released tasks = 63]
2026-07-01 19:44:24 DEBUG: Task 68 blocked: no orders in {0: [53]} is open yet.  [released tasks = 62]
2026-07-01 19:44:24 DEBUG: Task 69 blocked: no orders in {0: [53]} is open yet.  [released tasks = 61]
2026-07-01 19:44:24 DEBUG: Task 72 started: robot 19 → pod 584 → workstation 1 for orders {97} (arrival = 379.9 s).   [idle robots = 0/20]
2026-07-01 19:44:24 DEBUG:    EVENT NUM 491   current_time = 00:05:55   ARRIVAL_ORDER         [queue size = 20]
2026-07-01 19:44:24 DEBUG: Order 170 arrived: items_required = [6710, 7480].     [orders_in_system = 151]
2026-07-01 19:44:24 DEBUG:    EVENT NUM 492   current_time = 00:05:57   ARRIVAL_POD_WST       [queue size = 20]
2026-07-01 19:44:24 DEBUG: Pod 133 arrived at workstation 0 - status = IDLE
2026-07-01 19:44:24 DEBUG: Pod queued at workstation.    [picking_buffer = {61: 312.2091659716468, 31: 357.66217013618865}]
2026-07-01 19:44:24 DEBUG:    EVENT NUM 493   current_time = 00:05:57   START_PICKING         [queue size = 20]
2026-07-01 19:44:24 DEBUG: Processing task 31 at workstation 0: picking items {5087} for orders {65}
2026-07-01 19:44:24 DEBUG:    EVENT NUM 494   current_time = 00:06:00   ARRIVAL_ORDER         [queue size = 20]
2026-07-01 19:44:24 DEBUG: Order 171 arrived: items_required = [7381].     [orders_in_system = 152]
2026-07-01 19:44:24 DEBUG:    EVENT NUM 495   current_time = 00:06:01   ARRIVAL_POD_WST       [queue size = 20]
2026-07-01 19:44:24 DEBUG: Pod 65 arrived at workstation 0 - status = BUSY
2026-07-01 19:44:24 DEBUG: Pod queued at workstation.    [picking_buffer = {61: 312.2091659716468, 28: 361.83836020533687}]
2026-07-01 19:44:24 DEBUG:    EVENT NUM 496   current_time = 00:06:05   ARRIVAL_ORDER         [queue size = 19]
2026-07-01 19:44:24 DEBUG: Order 172 arrived: items_required = [9603, 4431, 5837, 5351].     [orders_in_system = 153]
2026-07-01 19:44:24 DEBUG:    EVENT NUM 497   current_time = 00:06:07   END_PICKING           [queue size = 19]
2026-07-01 19:44:24 DEBUG: Ended picking at workstation 0.    [picking_buffer len = {61: 312.2091659716468, 28: 361.83836020533687}]
2026-07-01 19:44:24 DEBUG: Task should have served orders {65}, found open orders {65, 35, 12, 14}.
2026-07-01 19:44:24 DEBUG: Task 31 completed: pod 133 returning to storage.
2026-07-01 19:44:24 DEBUG:    EVENT NUM 498   current_time = 00:06:07   CLOSE_ORDER           [queue size = 21]
2026-07-01 19:44:24 DEBUG: Order 65 closed at workstation 0: flow_time = 367.7 s.     [order_buffer = 12] [open_orders = 3/4]
2026-07-01 19:44:24 DEBUG: Next order in buffer: 2
2026-07-01 19:44:24 DEBUG:    EVENT NUM 499   current_time = 00:06:07   START_PICKING         [queue size = 21]
2026-07-01 19:44:24 DEBUG: Processing task 28 at workstation 0: picking items {1913} for orders {12}
2026-07-01 19:44:24 DEBUG:    EVENT NUM 500   current_time = 00:06:07   OPEN_ORDER            [queue size = 21]
2026-07-01 19:44:24 DEBUG: Order 2 (skus required = {1644}) opened at workstation 0.   [open_orders = 4/4]
2026-07-01 19:44:24 DEBUG:    EVENT NUM 501   current_time = 00:06:07   START_TASK            [queue size = 21]
2026-07-01 19:44:24 DEBUG: Task 36 blocked: no idle robots.
2026-07-01 19:44:24 DEBUG:    EVENT NUM 502   current_time = 00:06:07   ARRIVAL_POD_WST       [queue size = 20]
2026-07-01 19:44:24 DEBUG: Pod 159 arrived at workstation 0 - status = BUSY
2026-07-01 19:44:24 DEBUG: Pod queued at workstation.    [picking_buffer = {61: 312.2091659716468, 33: 367.76728711343884}]
2026-07-01 19:44:24 DEBUG:    EVENT NUM 503   current_time = 00:06:10   ARRIVAL_ORDER         [queue size = 19]
2026-07-01 19:44:24 DEBUG: Order 173 arrived: items_required = [8377].     [orders_in_system = 153]
2026-07-01 19:44:24 DEBUG:    EVENT NUM 504   current_time = 00:06:10   ARRIVAL_POD_WST       [queue size = 19]
2026-07-01 19:44:24 DEBUG: Pod 16 arrived at workstation 2 - status = IDLE
2026-07-01 19:44:24 DEBUG: Pod queued at workstation.    [picking_buffer = {70: 370.5410420580359}]
2026-07-01 19:44:24 DEBUG:    EVENT NUM 505   current_time = 00:06:10   START_PICKING         [queue size = 19]
2026-07-01 19:44:24 DEBUG: Processing task 70 at workstation 2: picking items {4443} for orders {83}
2026-07-01 19:44:24 DEBUG:    EVENT NUM 506   current_time = 00:06:15   ARRIVAL_ORDER         [queue size = 19]
2026-07-01 19:44:24 DEBUG: Order 174 arrived: items_required = [4732, 6690, 4729, 3655, 5919, 4287, 3037].     [orders_in_system = 154]
2026-07-01 19:44:24 DEBUG:    EVENT NUM 507   current_time = 00:06:16   RETURN_POD            [queue size = 19]
2026-07-01 19:44:24 DEBUG: Pod 431 returned. Robot 9 idle.   [idle robots = 1/20, released tasks = 84]
2026-07-01 19:44:24 DEBUG:    EVENT NUM 508   current_time = 00:06:16   START_TASK            [queue size = 19]
2026-07-01 19:44:24 DEBUG: Task 36 started: robot 9 → pod 550 → workstation 0 for orders {27} (arrival = 453.8 s).   [idle robots = 0/20]
2026-07-01 19:44:24 DEBUG:    EVENT NUM 509   current_time = 00:06:17   END_PICKING           [queue size = 19]
2026-07-01 19:44:24 DEBUG: Ended picking at workstation 0.    [picking_buffer len = {61: 312.2091659716468, 33: 367.76728711343884}]
2026-07-01 19:44:24 DEBUG: Task should have served orders {12}, found open orders {2, 35, 12, 14}.
2026-07-01 19:44:24 DEBUG: Task 28 completed: pod 65 returning to storage.
2026-07-01 19:44:24 DEBUG:    EVENT NUM 510   current_time = 00:06:17   CLOSE_ORDER           [queue size = 21]
2026-07-01 19:44:24 DEBUG: Order 12 closed at workstation 0: flow_time = 377.7 s.     [order_buffer = 11] [open_orders = 3/4]
2026-07-01 19:44:24 DEBUG: Next order in buffer: 27
2026-07-01 19:44:24 DEBUG:    EVENT NUM 511   current_time = 00:06:17   START_PICKING         [queue size = 21]
2026-07-01 19:44:24 DEBUG: Processing task 33 at workstation 0: picking items {4253} for orders {14}
2026-07-01 19:44:24 DEBUG:    EVENT NUM 512   current_time = 00:06:17   OPEN_ORDER            [queue size = 21]
2026-07-01 19:44:24 DEBUG: Order 27 (skus required = {10122, 5686}) opened at workstation 0.   [open_orders = 4/4]
2026-07-01 19:44:24 DEBUG:    EVENT NUM 513   current_time = 00:06:17   START_TASK            [queue size = 21]
2026-07-01 19:44:24 DEBUG: Task 37 blocked: no idle robots.
2026-07-01 19:44:24 DEBUG:    EVENT NUM 514   current_time = 00:06:19   ARRIVAL_POD_WST       [queue size = 20]
2026-07-01 19:44:24 DEBUG: Pod 397 arrived at workstation 2 - status = BUSY
2026-07-01 19:44:24 DEBUG: Pod queued at workstation.    [picking_buffer = {52: 379.0259186090044}]
2026-07-01 19:44:24 DEBUG:    EVENT NUM 515   current_time = 00:06:19   ARRIVAL_POD_WST       [queue size = 19]
2026-07-01 19:44:24 DEBUG: Pod 584 arrived at workstation 1 - status = IDLE
2026-07-01 19:44:24 DEBUG: Pod queued at workstation.    [picking_buffer = {72: 379.9341659399683}]
2026-07-01 19:44:24 DEBUG:    EVENT NUM 516   current_time = 00:06:19   START_PICKING         [queue size = 19]
2026-07-01 19:44:24 DEBUG: Processing task 72 at workstation 1: picking items {8927} for orders {97}
2026-07-01 19:44:24 DEBUG:    EVENT NUM 517   current_time = 00:06:20   ARRIVAL_ORDER         [queue size = 19]
2026-07-01 19:44:24 DEBUG: Order 175 arrived: items_required = [6971, 6019, 5197, 6938].     [orders_in_system = 154]
2026-07-01 19:44:24 DEBUG:    EVENT NUM 518   current_time = 00:06:20   RETURN_POD            [queue size = 19]
2026-07-01 19:44:24 DEBUG: Pod 23 returned. Robot 7 idle.   [idle robots = 1/20, released tasks = 83]
2026-07-01 19:44:24 DEBUG:    EVENT NUM 519   current_time = 00:06:20   START_TASK            [queue size = 19]
2026-07-01 19:44:24 DEBUG: Task 37 started: robot 7 → pod 85 → workstation 0 for orders {27} (arrival = 449.5 s).   [idle robots = 0/20]
2026-07-01 19:44:24 DEBUG:    EVENT NUM 520   current_time = 00:06:20   END_PICKING           [queue size = 19]
2026-07-01 19:44:24 DEBUG: Ended picking at workstation 2.    [picking_buffer len = {52: 379.0259186090044}]
2026-07-01 19:44:24 DEBUG: Task should have served orders {83}, found open orders {96, 83, 23, 95}.
2026-07-01 19:44:24 DEBUG: Task 70 completed: pod 16 returning to storage.
2026-07-01 19:44:24 DEBUG:    EVENT NUM 521   current_time = 00:06:20   CLOSE_ORDER           [queue size = 21]
2026-07-01 19:44:24 DEBUG: Order 83 closed at workstation 2: flow_time = 380.5 s.     [order_buffer = 10] [open_orders = 3/4]
2026-07-01 19:44:24 DEBUG: Next order in buffer: 88
2026-07-01 19:44:24 DEBUG:    EVENT NUM 522   current_time = 00:06:20   START_PICKING         [queue size = 21]
2026-07-01 19:44:24 DEBUG: Processing task 52 at workstation 2: picking items {7893} for orders {23}
2026-07-01 19:44:24 DEBUG:    EVENT NUM 523   current_time = 00:06:20   OPEN_ORDER            [queue size = 21]
2026-07-01 19:44:24 DEBUG: Order 88 (skus required = {3705, 6269}) opened at workstation 2.   [open_orders = 4/4]
2026-07-01 19:44:24 DEBUG:    EVENT NUM 524   current_time = 00:06:20   START_TASK            [queue size = 21]
2026-07-01 19:44:24 DEBUG: Task 38 blocked: no idle robots.
2026-07-01 19:44:24 DEBUG:    EVENT NUM 525   current_time = 00:06:25   ARRIVAL_ORDER         [queue size = 20]
2026-07-01 19:44:24 DEBUG: Order 176 arrived: items_required = [5260].     [orders_in_system = 154]
2026-07-01 19:44:24 DEBUG:    EVENT NUM 526   current_time = 00:06:27   ARRIVAL_POD_WST       [queue size = 20]
2026-07-01 19:44:24 DEBUG: Pod 147 arrived at workstation 1 - status = BUSY
2026-07-01 19:44:24 DEBUG: Pod queued at workstation.    [picking_buffer = {63: 387.3626797348004}]
2026-07-01 19:44:24 DEBUG:    EVENT NUM 527   current_time = 00:06:27   END_PICKING           [queue size = 19]
2026-07-01 19:44:24 DEBUG: Ended picking at workstation 0.    [picking_buffer len = {61: 312.2091659716468}]
2026-07-01 19:44:24 DEBUG: Task should have served orders {14}, found open orders {2, 35, 14, 27}.
2026-07-01 19:44:24 DEBUG: Task 33 completed: pod 159 returning to storage.
2026-07-01 19:44:24 DEBUG:    EVENT NUM 528   current_time = 00:06:27   CLOSE_ORDER           [queue size = 21]
2026-07-01 19:44:24 DEBUG: Order 14 closed at workstation 0: flow_time = 387.7 s.     [order_buffer = 10] [open_orders = 3/4]
2026-07-01 19:44:24 DEBUG: Next order in buffer: 21
2026-07-01 19:44:24 DEBUG:    EVENT NUM 529   current_time = 00:06:27   START_PICKING         [queue size = 21]
2026-07-01 19:44:24 DEBUG: start_picking: WS 0 has no actionable task in buffer.
2026-07-01 19:44:24 DEBUG:    EVENT NUM 530   current_time = 00:06:27   OPEN_ORDER            [queue size = 20]
2026-07-01 19:44:24 DEBUG: Order 21 (skus required = {5090}) opened at workstation 0.   [open_orders = 4/4]
2026-07-01 19:44:24 DEBUG:    EVENT NUM 531   current_time = 00:06:27   START_TASK            [queue size = 21]
2026-07-01 19:44:24 DEBUG: Task 38 blocked: no idle robots.
2026-07-01 19:44:24 DEBUG:    EVENT NUM 532   current_time = 00:06:27   START_PICKING         [queue size = 20]
2026-07-01 19:44:24 DEBUG: start_picking: WS 0 has no actionable task in buffer.
2026-07-01 19:44:24 DEBUG:    EVENT NUM 533   current_time = 00:06:29   ARRIVAL_POD_WST       [queue size = 19]
2026-07-01 19:44:24 DEBUG: Pod 149 arrived at workstation 1 - status = BUSY
2026-07-01 19:44:24 DEBUG: Pod queued at workstation.    [picking_buffer = {63: 387.3626797348004, 65: 389.01793883906316}]
2026-07-01 19:44:24 DEBUG:    EVENT NUM 534   current_time = 00:06:29   END_PICKING           [queue size = 18]
2026-07-01 19:44:24 DEBUG: Ended picking at workstation 1.    [picking_buffer len = {63: 387.3626797348004, 65: 389.01793883906316}]
2026-07-01 19:44:24 DEBUG: Task should have served orders {97}, found open orders {97, 44, 77, 54}.
2026-07-01 19:44:24 DEBUG: Task 72 completed: pod 584 returning to storage.
2026-07-01 19:44:24 DEBUG:    EVENT NUM 535   current_time = 00:06:29   START_PICKING         [queue size = 19]
2026-07-01 19:44:24 DEBUG: Processing task 63 at workstation 1: picking items {7591} for orders {77}
2026-07-01 19:44:24 DEBUG:    EVENT NUM 536   current_time = 00:06:30   ARRIVAL_ORDER         [queue size = 19]
2026-07-01 19:44:24 DEBUG: Order 177 arrived: items_required = [4832, 7679].     [orders_in_system = 154]
2026-07-01 19:44:24 DEBUG:    EVENT NUM 537   current_time = 00:06:30   END_PICKING           [queue size = 19]
2026-07-01 19:44:24 DEBUG: Ended picking at workstation 2.    [picking_buffer len = {}]
2026-07-01 19:44:24 DEBUG: Task should have served orders {23}, found open orders {96, 23, 88, 95}.
2026-07-01 19:44:24 DEBUG: Task 52 completed: pod 397 returning to storage.
2026-07-01 19:44:24 DEBUG:    EVENT NUM 538   current_time = 00:06:35   ARRIVAL_ORDER         [queue size = 19]
2026-07-01 19:44:24 DEBUG: Order 178 arrived: items_required = [5087, 3980, 7711, 5215].     [orders_in_system = 155]
2026-07-01 19:44:24 DEBUG:    EVENT NUM 539   current_time = 00:06:39   END_PICKING           [queue size = 19]
2026-07-01 19:44:24 DEBUG: Ended picking at workstation 1.    [picking_buffer len = {65: 389.01793883906316}]
2026-07-01 19:44:24 DEBUG: Task should have served orders {77}, found open orders {97, 44, 77, 54}.
2026-07-01 19:44:24 DEBUG: Task 63 heading to workstation 1.
2026-07-01 19:44:24 DEBUG:    EVENT NUM 540   current_time = 00:06:39   ARRIVAL_POD_WST       [queue size = 20]
2026-07-01 19:44:24 DEBUG: Pod 147 arrived at workstation 1 - status = IDLE
2026-07-01 19:44:24 DEBUG: Pod queued at workstation.    [picking_buffer = {65: 389.01793883906316, 63: 399.9341659399683}]
2026-07-01 19:44:24 DEBUG:    EVENT NUM 541   current_time = 00:06:39   START_PICKING         [queue size = 20]
2026-07-01 19:44:24 DEBUG: Processing task 65 at workstation 1: picking items {3700} for orders {77}
2026-07-01 19:44:24 DEBUG:    EVENT NUM 542   current_time = 00:06:39   START_PICKING         [queue size = 20]
2026-07-01 19:44:24 DEBUG:    EVENT NUM 543   current_time = 00:06:40   ARRIVAL_ORDER         [queue size = 19]
2026-07-01 19:44:24 DEBUG: Order 179 arrived: items_required = [1275].     [orders_in_system = 156]
2026-07-01 19:44:24 DEBUG:    EVENT NUM 544   current_time = 00:06:41   RETURN_POD            [queue size = 19]
2026-07-01 19:44:24 DEBUG: Pod 480 returned. Robot 6 idle.   [idle robots = 1/20, released tasks = 82]
2026-07-01 19:44:24 DEBUG:    EVENT NUM 545   current_time = 00:06:41   START_TASK            [queue size = 19]
2026-07-01 19:44:24 DEBUG: Task 38 started: robot 6 → pod 573 → workstation 0 for orders {21} (arrival = 498.8 s).   [idle robots = 0/20]
2026-07-01 19:44:24 DEBUG:    EVENT NUM 546   current_time = 00:06:43   RETURN_POD            [queue size = 19]
2026-07-01 19:44:24 DEBUG: Pod 96 returned. Robot 1 idle.   [idle robots = 1/20, released tasks = 81]
2026-07-01 19:44:24 DEBUG:    EVENT NUM 547   current_time = 00:06:43   START_TASK            [queue size = 19]
2026-07-01 19:44:24 DEBUG: Task 40 started: robot 1 → pod 199 → workstation 0 for orders {8} (arrival = 563.0 s).   [idle robots = 0/20]
2026-07-01 19:44:24 DEBUG:    EVENT NUM 548   current_time = 00:06:45   ARRIVAL_ORDER         [queue size = 19]
2026-07-01 19:44:24 DEBUG: Order 180 arrived: items_required = [7354].     [orders_in_system = 157]
2026-07-01 19:44:24 DEBUG:    EVENT NUM 549   current_time = 00:06:49   END_PICKING           [queue size = 19]
2026-07-01 19:44:24 DEBUG: Ended picking at workstation 1.    [picking_buffer len = {63: 399.9341659399683}]
2026-07-01 19:44:24 DEBUG: Task should have served orders {77}, found open orders {97, 44, 77, 54}.
2026-07-01 19:44:24 DEBUG: Task 65 completed: pod 149 returning to storage.
2026-07-01 19:44:24 DEBUG:    EVENT NUM 550   current_time = 00:06:49   CLOSE_ORDER           [queue size = 21]
2026-07-01 19:44:24 DEBUG: Order 77 closed at workstation 1: flow_time = 409.9 s.     [order_buffer = 22] [open_orders = 3/4]
2026-07-01 19:44:24 DEBUG: Next order in buffer: 99
2026-07-01 19:44:24 DEBUG:    EVENT NUM 551   current_time = 00:06:49   START_PICKING         [queue size = 21]
2026-07-01 19:44:24 DEBUG: start_picking: WS 1 has no actionable task in buffer.
2026-07-01 19:44:24 DEBUG:    EVENT NUM 552   current_time = 00:06:49   OPEN_ORDER            [queue size = 20]
2026-07-01 19:44:24 DEBUG: Order 99 (skus required = {6598}) opened at workstation 1.   [open_orders = 4/4]
2026-07-01 19:44:24 DEBUG:    EVENT NUM 553   current_time = 00:06:49   START_TASK            [queue size = 21]
2026-07-01 19:44:24 DEBUG: Task 42 blocked: no orders in {0: [51]} is open yet.  [released tasks = 79]
2026-07-01 19:44:24 DEBUG: Task 44 blocked: no orders in {0: [60]} is open yet.  [released tasks = 78]
2026-07-01 19:44:24 DEBUG: Task 46 blocked: no orders in {0: [59]} is open yet.  [released tasks = 77]
2026-07-01 19:44:24 DEBUG: Task 47 blocked: no orders in {0: [60]} is open yet.  [released tasks = 76]
2026-07-01 19:44:24 DEBUG: Task 48 blocked: no orders in {0: [51]} is open yet.  [released tasks = 75]
2026-07-01 19:44:24 DEBUG: Task 49 blocked: no orders in {0: [53]} is open yet.  [released tasks = 74]
2026-07-01 19:44:24 DEBUG: Task 51 blocked: no orders in {0: [51]} is open yet.  [released tasks = 73]
2026-07-01 19:44:24 DEBUG: Task 53 blocked: no orders in {0: [53]} is open yet.  [released tasks = 72]
2026-07-01 19:44:24 DEBUG: Task 54 blocked: no orders in {0: [42]} is open yet.  [released tasks = 71]
2026-07-01 19:44:24 DEBUG: Task 55 blocked: no orders in {0: [53]} is open yet.  [released tasks = 70]
2026-07-01 19:44:24 DEBUG: Task 56 blocked: no orders in {0: [24]} is open yet.  [released tasks = 69]
2026-07-01 19:44:24 DEBUG: Task 57 blocked: no orders in {0: [53]} is open yet.  [released tasks = 68]
2026-07-01 19:44:24 DEBUG: Task 58 blocked: no orders in {0: [53]} is open yet.  [released tasks = 67]
2026-07-01 19:44:24 DEBUG: Task 59 blocked: no orders in {0: [80]} is open yet.  [released tasks = 66]
2026-07-01 19:44:24 DEBUG: Task 60 blocked: no orders in {0: [42]} is open yet.  [released tasks = 65]
2026-07-01 19:44:24 DEBUG: Task 62 blocked: no orders in {0: [53]} is open yet.  [released tasks = 64]
2026-07-01 19:44:24 DEBUG: Task 64 blocked: no orders in {0: [53]} is open yet.  [released tasks = 63]
2026-07-01 19:44:24 DEBUG: Task 66 blocked: no orders in {0: [53]} is open yet.  [released tasks = 62]
2026-07-01 19:44:24 DEBUG: Task 68 blocked: no orders in {0: [53]} is open yet.  [released tasks = 61]
2026-07-01 19:44:24 DEBUG: Task 69 blocked: no orders in {0: [53]} is open yet.  [released tasks = 60]
2026-07-01 19:44:24 DEBUG: Task 73 blocked: no idle robots.
2026-07-01 19:44:24 DEBUG:    EVENT NUM 554   current_time = 00:06:49   START_PICKING         [queue size = 20]
2026-07-01 19:44:24 DEBUG: Processing task 63 at workstation 1: picking items {6598} for orders {99}
2026-07-01 19:44:24 DEBUG:    EVENT NUM 555   current_time = 00:06:50   ARRIVAL_ORDER         [queue size = 20]
2026-07-01 19:44:24 DEBUG: Order 181 arrived: items_required = [8556].     [orders_in_system = 157]
2026-07-01 19:44:24 DEBUG:    EVENT NUM 556   current_time = 00:06:54   RETURN_POD            [queue size = 20]
2026-07-01 19:44:24 DEBUG: Pod 584 returned. Robot 19 idle.   [idle robots = 1/20, released tasks = 80]
2026-07-01 19:44:24 DEBUG:    EVENT NUM 557   current_time = 00:06:54   START_TASK            [queue size = 20]
2026-07-01 19:44:24 DEBUG: Task 42 blocked: no orders in {0: [51]} is open yet.  [released tasks = 79]
2026-07-01 19:44:24 DEBUG: Task 44 blocked: no orders in {0: [60]} is open yet.  [released tasks = 78]
2026-07-01 19:44:24 DEBUG: Task 46 blocked: no orders in {0: [59]} is open yet.  [released tasks = 77]
2026-07-01 19:44:24 DEBUG: Task 47 blocked: no orders in {0: [60]} is open yet.  [released tasks = 76]
2026-07-01 19:44:24 DEBUG: Task 48 blocked: no orders in {0: [51]} is open yet.  [released tasks = 75]
2026-07-01 19:44:24 DEBUG: Task 49 blocked: no orders in {0: [53]} is open yet.  [released tasks = 74]
2026-07-01 19:44:24 DEBUG: Task 51 blocked: no orders in {0: [51]} is open yet.  [released tasks = 73]
2026-07-01 19:44:24 DEBUG: Task 53 blocked: no orders in {0: [53]} is open yet.  [released tasks = 72]
2026-07-01 19:44:24 DEBUG: Task 54 blocked: no orders in {0: [42]} is open yet.  [released tasks = 71]
2026-07-01 19:44:24 DEBUG: Task 55 blocked: no orders in {0: [53]} is open yet.  [released tasks = 70]
2026-07-01 19:44:24 DEBUG: Task 56 blocked: no orders in {0: [24]} is open yet.  [released tasks = 69]
2026-07-01 19:44:24 DEBUG: Task 57 blocked: no orders in {0: [53]} is open yet.  [released tasks = 68]
2026-07-01 19:44:24 DEBUG: Task 58 blocked: no orders in {0: [53]} is open yet.  [released tasks = 67]
2026-07-01 19:44:24 DEBUG: Task 60 blocked: no orders in {0: [42]} is open yet.  [released tasks = 66]
2026-07-01 19:44:24 DEBUG: Task 62 blocked: no orders in {0: [53]} is open yet.  [released tasks = 65]
2026-07-01 19:44:24 DEBUG: Task 64 blocked: no orders in {0: [53]} is open yet.  [released tasks = 64]
2026-07-01 19:44:24 DEBUG: Task 66 blocked: no orders in {0: [53]} is open yet.  [released tasks = 63]
2026-07-01 19:44:24 DEBUG: Task 68 blocked: no orders in {0: [53]} is open yet.  [released tasks = 62]
2026-07-01 19:44:24 DEBUG: Task 69 blocked: no orders in {0: [53]} is open yet.  [released tasks = 61]
2026-07-01 19:44:24 DEBUG: Task 73 started: robot 19 → pod 97 → workstation 1 for orders {54} (arrival = 557.2 s).   [idle robots = 0/20]
2026-07-01 19:44:24 DEBUG:    EVENT NUM 558   current_time = 00:06:55   ARRIVAL_ORDER         [queue size = 20]
2026-07-01 19:44:24 DEBUG: Order 182 arrived: items_required = [6564, 2890].     [orders_in_system = 158]
2026-07-01 19:44:24 DEBUG:    EVENT NUM 559   current_time = 00:06:57   ARRIVAL_POD_WST       [queue size = 20]
2026-07-01 19:44:24 DEBUG: Pod 430 arrived at workstation 0 - status = IDLE
2026-07-01 19:44:24 DEBUG: Pod queued at workstation.    [picking_buffer = {61: 312.2091659716468, 35: 417.30622576154116}]
2026-07-01 19:44:24 DEBUG:    EVENT NUM 560   current_time = 00:06:57   START_PICKING         [queue size = 20]
2026-07-01 19:44:24 DEBUG: Processing task 35 at workstation 0: picking items {1644} for orders {2}
2026-07-01 19:44:24 DEBUG:    EVENT NUM 561   current_time = 00:06:59   END_PICKING           [queue size = 20]
2026-07-01 19:44:24 DEBUG: Ended picking at workstation 1.    [picking_buffer len = {}]
2026-07-01 19:44:24 DEBUG: Task should have served orders {99}, found open orders {97, 99, 44, 54}.
2026-07-01 19:44:24 DEBUG: Task 63 completed: pod 147 returning to storage.
2026-07-01 19:44:24 DEBUG:    EVENT NUM 562   current_time = 00:06:59   CLOSE_ORDER           [queue size = 21]
2026-07-01 19:44:24 DEBUG: Order 99 closed at workstation 1: flow_time = 419.9 s.     [order_buffer = 21] [open_orders = 3/4]
2026-07-01 19:44:24 DEBUG: Next order in buffer: 98
2026-07-01 19:44:24 DEBUG:    EVENT NUM 563   current_time = 00:06:59   OPEN_ORDER            [queue size = 21]
2026-07-01 19:44:24 DEBUG: Order 98 (skus required = {2719, 5119}) opened at workstation 1.   [open_orders = 4/4]
2026-07-01 19:44:24 DEBUG:    EVENT NUM 564   current_time = 00:06:59   START_TASK            [queue size = 21]
2026-07-01 19:44:24 DEBUG: Task 42 blocked: no orders in {0: [51]} is open yet.  [released tasks = 78]
2026-07-01 19:44:24 DEBUG: Task 44 blocked: no orders in {0: [60]} is open yet.  [released tasks = 77]
2026-07-01 19:44:24 DEBUG: Task 46 blocked: no orders in {0: [59]} is open yet.  [released tasks = 76]
2026-07-01 19:44:24 DEBUG: Task 47 blocked: no orders in {0: [60]} is open yet.  [released tasks = 75]
2026-07-01 19:44:24 DEBUG: Task 48 blocked: no orders in {0: [51]} is open yet.  [released tasks = 74]
2026-07-01 19:44:24 DEBUG: Task 49 blocked: no orders in {0: [53]} is open yet.  [released tasks = 73]
2026-07-01 19:44:24 DEBUG: Task 51 blocked: no orders in {0: [51]} is open yet.  [released tasks = 72]
2026-07-01 19:44:24 DEBUG: Task 53 blocked: no orders in {0: [53]} is open yet.  [released tasks = 71]
2026-07-01 19:44:24 DEBUG: Task 54 blocked: no orders in {0: [42]} is open yet.  [released tasks = 70]
2026-07-01 19:44:24 DEBUG: Task 55 blocked: no orders in {0: [53]} is open yet.  [released tasks = 69]
2026-07-01 19:44:24 DEBUG: Task 56 blocked: no orders in {0: [24]} is open yet.  [released tasks = 68]
2026-07-01 19:44:24 DEBUG: Task 57 blocked: no orders in {0: [53]} is open yet.  [released tasks = 67]
2026-07-01 19:44:24 DEBUG: Task 58 blocked: no orders in {0: [53]} is open yet.  [released tasks = 66]
2026-07-01 19:44:24 DEBUG: Task 60 blocked: no orders in {0: [42]} is open yet.  [released tasks = 65]
2026-07-01 19:44:24 DEBUG: Task 62 blocked: no orders in {0: [53]} is open yet.  [released tasks = 64]
2026-07-01 19:44:24 DEBUG: Task 64 blocked: no orders in {0: [53]} is open yet.  [released tasks = 63]
2026-07-01 19:44:24 DEBUG: Task 66 blocked: no orders in {0: [53]} is open yet.  [released tasks = 62]
2026-07-01 19:44:24 DEBUG: Task 68 blocked: no orders in {0: [53]} is open yet.  [released tasks = 61]
2026-07-01 19:44:24 DEBUG: Task 69 blocked: no orders in {0: [53]} is open yet.  [released tasks = 60]
2026-07-01 19:44:24 DEBUG: Task 74 blocked: no idle robots.
2026-07-01 19:44:24 DEBUG:    EVENT NUM 565   current_time = 00:07:00   ARRIVAL_ORDER         [queue size = 20]
2026-07-01 19:44:24 DEBUG: Order 183 arrived: items_required = [7950].     [orders_in_system = 158]
2026-07-01 19:44:24 DEBUG:    EVENT NUM 566   current_time = 00:07:05   ARRIVAL_ORDER         [queue size = 20]
2026-07-01 19:44:24 DEBUG: Order 184 arrived: items_required = [5989, 6362].     [orders_in_system = 159]
2026-07-01 19:44:24 DEBUG:    EVENT NUM 567   current_time = 00:07:05   ARRIVAL_POD_WST       [queue size = 20]
2026-07-01 19:44:24 DEBUG: Pod 325 arrived at workstation 0 - status = BUSY
2026-07-01 19:44:24 DEBUG: Pod queued at workstation.    [picking_buffer = {61: 312.2091659716468, 34: 425.5720106460311}]
2026-07-01 19:44:24 DEBUG:    EVENT NUM 568   current_time = 00:07:07   ARRIVAL_POD_WST       [queue size = 19]
2026-07-01 19:44:24 DEBUG: Pod 353 arrived at workstation 2 - status = IDLE
2026-07-01 19:44:24 DEBUG: Pod queued at workstation.    [picking_buffer = {67: 427.23316587499994}]
2026-07-01 19:44:24 DEBUG:    EVENT NUM 569   current_time = 00:07:07   START_PICKING         [queue size = 19]
2026-07-01 19:44:24 DEBUG: Processing task 67 at workstation 2: picking items {6942} for orders {23}
2026-07-01 19:44:24 DEBUG:    EVENT NUM 570   current_time = 00:07:07   END_PICKING           [queue size = 19]
2026-07-01 19:44:24 DEBUG: Ended picking at workstation 0.    [picking_buffer len = {61: 312.2091659716468, 34: 425.5720106460311}]
2026-07-01 19:44:24 DEBUG: Task should have served orders {2}, found open orders {2, 35, 21, 27}.
2026-07-01 19:44:24 DEBUG: Task 35 completed: pod 430 returning to storage.
2026-07-01 19:44:24 DEBUG:    EVENT NUM 571   current_time = 00:07:07   CLOSE_ORDER           [queue size = 21]
2026-07-01 19:44:24 DEBUG: Order 2 closed at workstation 0: flow_time = 427.3 s.     [order_buffer = 9] [open_orders = 3/4]
2026-07-01 19:44:24 DEBUG: Next order in buffer: 8
2026-07-01 19:44:24 DEBUG:    EVENT NUM 572   current_time = 00:07:07   START_PICKING         [queue size = 21]
2026-07-01 19:44:24 DEBUG: Processing task 34 at workstation 0: picking items {7487} for orders {35}
2026-07-01 19:44:24 DEBUG:    EVENT NUM 573   current_time = 00:07:07   OPEN_ORDER            [queue size = 21]
2026-07-01 19:44:24 DEBUG: Order 8 (skus required = {6773}) opened at workstation 0.   [open_orders = 4/4]
2026-07-01 19:44:24 DEBUG:    EVENT NUM 574   current_time = 00:07:07   START_TASK            [queue size = 21]
2026-07-01 19:44:24 DEBUG: Task 42 blocked: no idle robots.
2026-07-01 19:44:24 DEBUG:    EVENT NUM 575   current_time = 00:07:08   RETURN_POD            [queue size = 20]
2026-07-01 19:44:24 DEBUG: Pod 140 returned. Robot 16 idle.   [idle robots = 1/20, released tasks = 79]
2026-07-01 19:44:24 DEBUG:    EVENT NUM 576   current_time = 00:07:08   START_TASK            [queue size = 20]
2026-07-01 19:44:24 DEBUG: Task 42 started: robot 16 → pod 412 → workstation 0 for orders {51} (arrival = 470.9 s).   [idle robots = 0/20]
2026-07-01 19:44:24 DEBUG:    EVENT NUM 577   current_time = 00:07:10   ARRIVAL_ORDER         [queue size = 20]
2026-07-01 19:44:24 DEBUG: Order 185 arrived: items_required = [6696].     [orders_in_system = 159]
2026-07-01 19:44:24 DEBUG:    EVENT NUM 578   current_time = 00:07:12   RETURN_POD            [queue size = 20]
2026-07-01 19:44:24 DEBUG: Pod 41 returned. Robot 11 idle.   [idle robots = 1/20, released tasks = 78]
2026-07-01 19:44:24 DEBUG:    EVENT NUM 579   current_time = 00:07:12   START_TASK            [queue size = 20]
2026-07-01 19:44:24 DEBUG: Task 44 blocked: no orders in {0: [60]} is open yet.  [released tasks = 77]
2026-07-01 19:44:24 DEBUG: Task 46 blocked: no orders in {0: [59]} is open yet.  [released tasks = 76]
2026-07-01 19:44:24 DEBUG: Task 47 blocked: no orders in {0: [60]} is open yet.  [released tasks = 75]
2026-07-01 19:44:24 DEBUG: Task 48 started: robot 11 → pod 141 → workstation 0 for orders {51} (arrival = 536.8 s).   [idle robots = 0/20]
2026-07-01 19:44:24 DEBUG:    EVENT NUM 580   current_time = 00:07:14   RETURN_POD            [queue size = 20]
2026-07-01 19:44:24 DEBUG: Pod 523 returned. Robot 10 idle.   [idle robots = 1/20, released tasks = 77]
2026-07-01 19:44:24 DEBUG:    EVENT NUM 581   current_time = 00:07:14   START_TASK            [queue size = 20]
2026-07-01 19:44:24 DEBUG: Task 44 blocked: no orders in {0: [60]} is open yet.  [released tasks = 76]
2026-07-01 19:44:24 DEBUG: Task 46 blocked: no orders in {0: [59]} is open yet.  [released tasks = 75]
2026-07-01 19:44:24 DEBUG: Task 47 blocked: no orders in {0: [60]} is open yet.  [released tasks = 74]
2026-07-01 19:44:24 DEBUG: Task 49 blocked: no orders in {0: [53]} is open yet.  [released tasks = 73]
2026-07-01 19:44:24 DEBUG: Task 51 started: robot 10 → pod 245 → workstation 0 for orders {51} (arrival = 571.2 s).   [idle robots = 0/20]
2026-07-01 19:44:24 DEBUG:    EVENT NUM 582   current_time = 00:07:15   ARRIVAL_ORDER         [queue size = 20]
2026-07-01 19:44:24 DEBUG: Order 186 arrived: items_required = [3100].     [orders_in_system = 160]
2026-07-01 19:44:24 DEBUG:    EVENT NUM 583   current_time = 00:07:17   END_PICKING           [queue size = 20]
2026-07-01 19:44:24 DEBUG: Ended picking at workstation 2.    [picking_buffer len = {}]
2026-07-01 19:44:24 DEBUG: Task should have served orders {23}, found open orders {96, 23, 88, 95}.
2026-07-01 19:44:24 DEBUG: Task 67 completed: pod 353 returning to storage.
2026-07-01 19:44:24 DEBUG:    EVENT NUM 584   current_time = 00:07:17   END_PICKING           [queue size = 20]
2026-07-01 19:44:24 DEBUG: Ended picking at workstation 0.    [picking_buffer len = {61: 312.2091659716468}]
2026-07-01 19:44:24 DEBUG: Task should have served orders {35}, found open orders {35, 8, 21, 27}.
2026-07-01 19:44:24 DEBUG: Task 34 completed: pod 325 returning to storage.
2026-07-01 19:44:24 DEBUG:    EVENT NUM 585   current_time = 00:07:17   CLOSE_ORDER           [queue size = 22]
2026-07-01 19:44:24 DEBUG: Order 35 closed at workstation 0: flow_time = 437.3 s.     [order_buffer = 8] [open_orders = 3/4]
2026-07-01 19:44:24 DEBUG: Next order in buffer: 51
2026-07-01 19:44:24 DEBUG:    EVENT NUM 586   current_time = 00:07:17   START_PICKING         [queue size = 22]
2026-07-01 19:44:24 DEBUG: start_picking: WS 0 has no actionable task in buffer.
2026-07-01 19:44:24 DEBUG:    EVENT NUM 587   current_time = 00:07:17   OPEN_ORDER            [queue size = 21]
2026-07-01 19:44:24 DEBUG: Order 51 (skus required = {3785, 7579, 8349}) opened at workstation 0.   [open_orders = 4/4]
2026-07-01 19:44:24 DEBUG:    EVENT NUM 588   current_time = 00:07:17   START_TASK            [queue size = 22]
2026-07-01 19:44:24 DEBUG: Task 44 blocked: no idle robots.
2026-07-01 19:44:24 DEBUG:    EVENT NUM 589   current_time = 00:07:17   START_PICKING         [queue size = 21]
2026-07-01 19:44:24 DEBUG: start_picking: WS 0 has no actionable task in buffer.
2026-07-01 19:44:24 DEBUG:    EVENT NUM 590   current_time = 00:07:17   ARRIVAL_POD_WST       [queue size = 20]
2026-07-01 19:44:24 DEBUG: Pod 474 arrived at workstation 1 - status = IDLE
2026-07-01 19:44:24 DEBUG: Pod queued at workstation.    [picking_buffer = {71: 437.4017631863268}]
2026-07-01 19:44:24 DEBUG:    EVENT NUM 591   current_time = 00:07:17   START_PICKING         [queue size = 20]
2026-07-01 19:44:24 DEBUG: Processing task 71 at workstation 1: picking items {6249} for orders {97}
2026-07-01 19:44:24 DEBUG:    EVENT NUM 592   current_time = 00:07:20   ARRIVAL_ORDER         [queue size = 20]
2026-07-01 19:44:24 DEBUG: Order 187 arrived: items_required = [7723, 7237].     [orders_in_system = 160]
2026-07-01 19:44:24 DEBUG:    EVENT NUM 593   current_time = 00:07:22   RETURN_POD            [queue size = 20]
2026-07-01 19:44:24 DEBUG: Pod 133 returned. Robot 8 idle.   [idle robots = 1/20, released tasks = 76]
2026-07-01 19:44:24 DEBUG:    EVENT NUM 594   current_time = 00:07:22   START_TASK            [queue size = 20]
2026-07-01 19:44:24 DEBUG: Task 44 started: robot 8 → pod 314 → workstation 0 for orders {60} (arrival = 513.5 s).   [idle robots = 0/20]
2026-07-01 19:44:24 DEBUG:    EVENT NUM 595   current_time = 00:07:25   ARRIVAL_ORDER         [queue size = 20]
2026-07-01 19:44:24 DEBUG: Order 188 arrived: items_required = [1420, 5783].     [orders_in_system = 161]
2026-07-01 19:44:24 DEBUG:    EVENT NUM 596   current_time = 00:07:27   END_PICKING           [queue size = 20]
2026-07-01 19:44:24 DEBUG: Ended picking at workstation 1.    [picking_buffer len = {}]
2026-07-01 19:44:24 DEBUG: Task should have served orders {97}, found open orders {97, 98, 44, 54}.
2026-07-01 19:44:24 DEBUG: Task 71 completed: pod 474 returning to storage.
2026-07-01 19:44:24 DEBUG:    EVENT NUM 597   current_time = 00:07:27   CLOSE_ORDER           [queue size = 21]
2026-07-01 19:44:24 DEBUG: Order 97 closed at workstation 1: flow_time = 447.4 s.     [order_buffer = 20] [open_orders = 3/4]
2026-07-01 19:44:24 DEBUG: Next order in buffer: 31
2026-07-01 19:44:24 DEBUG:    EVENT NUM 598   current_time = 00:07:27   OPEN_ORDER            [queue size = 21]
2026-07-01 19:44:24 DEBUG: Order 31 (skus required = {6222}) opened at workstation 1.   [open_orders = 4/4]
2026-07-01 19:44:24 DEBUG:    EVENT NUM 599   current_time = 00:07:27   START_TASK            [queue size = 21]
2026-07-01 19:44:24 DEBUG: Task 46 blocked: no orders in {0: [59]} is open yet.  [released tasks = 74]
2026-07-01 19:44:24 DEBUG: Task 47 blocked: no idle robots.
2026-07-01 19:44:24 DEBUG:    EVENT NUM 600   current_time = 00:07:29   ARRIVAL_POD_WST       [queue size = 20]
2026-07-01 19:44:24 DEBUG: Pod 85 arrived at workstation 0 - status = IDLE
2026-07-01 19:44:24 DEBUG: Pod queued at workstation.    [picking_buffer = {61: 312.2091659716468, 37: 449.4945486902271}]
2026-07-01 19:44:24 DEBUG:    EVENT NUM 601   current_time = 00:07:29   START_PICKING         [queue size = 20]
2026-07-01 19:44:24 DEBUG: Processing task 37 at workstation 0: picking items {5686} for orders {27}
2026-07-01 19:44:24 DEBUG:    EVENT NUM 602   current_time = 00:07:30   ARRIVAL_ORDER         [queue size = 20]
2026-07-01 19:44:24 DEBUG: Order 189 arrived: items_required = [6240].     [orders_in_system = 161]
2026-07-01 19:44:24 DEBUG:    EVENT NUM 603   current_time = 00:07:33   ARRIVAL_POD_WST       [queue size = 20]
2026-07-01 19:44:24 DEBUG: Pod 550 arrived at workstation 0 - status = BUSY
2026-07-01 19:44:24 DEBUG: Pod queued at workstation.    [picking_buffer = {61: 312.2091659716468, 36: 453.82069069177055}]
2026-07-01 19:44:24 DEBUG:    EVENT NUM 604   current_time = 00:07:35   ARRIVAL_ORDER         [queue size = 19]
2026-07-01 19:44:24 DEBUG: Order 190 arrived: items_required = [9477].     [orders_in_system = 162]
2026-07-01 19:44:24 DEBUG:    EVENT NUM 605   current_time = 00:07:36   RETURN_POD            [queue size = 19]
2026-07-01 19:44:24 DEBUG: Pod 159 returned. Robot 13 idle.   [idle robots = 1/20, released tasks = 75]
2026-07-01 19:44:24 DEBUG:    EVENT NUM 606   current_time = 00:07:36   START_TASK            [queue size = 19]
2026-07-01 19:44:24 DEBUG: Task 46 blocked: no orders in {0: [59]} is open yet.  [released tasks = 74]
2026-07-01 19:44:24 DEBUG: Task 47 started: robot 13 → pod 281 → workstation 0 for orders {60} (arrival = 525.1 s).   [idle robots = 0/20]
2026-07-01 19:44:24 DEBUG:    EVENT NUM 607   current_time = 00:07:39   END_PICKING           [queue size = 19]
2026-07-01 19:44:24 DEBUG: Ended picking at workstation 0.    [picking_buffer len = {61: 312.2091659716468, 36: 453.82069069177055}]
2026-07-01 19:44:24 DEBUG: Task should have served orders {27}, found open orders {8, 51, 21, 27}.
2026-07-01 19:44:24 DEBUG: Task 37 completed: pod 85 returning to storage.
2026-07-01 19:44:24 DEBUG:    EVENT NUM 608   current_time = 00:07:39   START_PICKING         [queue size = 20]
2026-07-01 19:44:24 DEBUG: Processing task 36 at workstation 0: picking items {10122} for orders {27}
2026-07-01 19:44:24 DEBUG:    EVENT NUM 609   current_time = 00:07:40   ARRIVAL_ORDER         [queue size = 20]
2026-07-01 19:44:24 DEBUG: Order 191 arrived: items_required = [4146, 5790].     [orders_in_system = 163]
2026-07-01 19:44:24 DEBUG:    EVENT NUM 610   current_time = 00:07:45   ARRIVAL_ORDER         [queue size = 20]
2026-07-01 19:44:24 DEBUG: Order 192 arrived: items_required = [6394].     [orders_in_system = 164]
2026-07-01 19:44:24 DEBUG:    EVENT NUM 611   current_time = 00:07:49   END_PICKING           [queue size = 20]
2026-07-01 19:44:24 DEBUG: Ended picking at workstation 0.    [picking_buffer len = {61: 312.2091659716468}]
2026-07-01 19:44:24 DEBUG: Task should have served orders {27}, found open orders {8, 51, 21, 27}.
2026-07-01 19:44:24 DEBUG: Task 36 completed: pod 550 returning to storage.
2026-07-01 19:44:24 DEBUG:    EVENT NUM 612   current_time = 00:07:49   CLOSE_ORDER           [queue size = 22]
2026-07-01 19:44:24 DEBUG: Order 27 closed at workstation 0: flow_time = 469.5 s.     [order_buffer = 7] [open_orders = 3/4]
2026-07-01 19:44:24 DEBUG: Next order in buffer: 60
2026-07-01 19:44:24 DEBUG:    EVENT NUM 613   current_time = 00:07:49   START_PICKING         [queue size = 22]
2026-07-01 19:44:24 DEBUG: start_picking: WS 0 has no actionable task in buffer.
2026-07-01 19:44:24 DEBUG:    EVENT NUM 614   current_time = 00:07:49   OPEN_ORDER            [queue size = 21]
2026-07-01 19:44:24 DEBUG: Order 60 (skus required = {5760, 3973}) opened at workstation 0.   [open_orders = 4/4]
2026-07-01 19:44:24 DEBUG:    EVENT NUM 615   current_time = 00:07:49   START_TASK            [queue size = 22]
2026-07-01 19:44:24 DEBUG: Task 46 blocked: no idle robots.
2026-07-01 19:44:24 DEBUG:    EVENT NUM 616   current_time = 00:07:49   START_PICKING         [queue size = 21]
2026-07-01 19:44:24 DEBUG: start_picking: WS 0 has no actionable task in buffer.
2026-07-01 19:44:24 DEBUG:    EVENT NUM 617   current_time = 00:07:50   ARRIVAL_ORDER         [queue size = 20]
2026-07-01 19:44:24 DEBUG: Order 193 arrived: items_required = [5754].     [orders_in_system = 164]
2026-07-01 19:44:24 DEBUG:    EVENT NUM 618   current_time = 00:07:50   ARRIVAL_POD_WST       [queue size = 20]
2026-07-01 19:44:24 DEBUG: Pod 412 arrived at workstation 0 - status = IDLE
2026-07-01 19:44:24 DEBUG: Pod queued at workstation.    [picking_buffer = {61: 312.2091659716468, 42: 470.8649522795368}]
2026-07-01 19:44:24 DEBUG:    EVENT NUM 619   current_time = 00:07:50   START_PICKING         [queue size = 20]
2026-07-01 19:44:24 DEBUG: Processing task 42 at workstation 0: picking items {8349} for orders {51}
2026-07-01 19:44:24 DEBUG:    EVENT NUM 620   current_time = 00:07:55   ARRIVAL_ORDER         [queue size = 20]
2026-07-01 19:44:24 DEBUG: Order 194 arrived: items_required = [9373, 6331, 6717].     [orders_in_system = 165]
2026-07-01 19:44:24 DEBUG:    EVENT NUM 621   current_time = 00:08:00   ARRIVAL_ORDER         [queue size = 20]
2026-07-01 19:44:24 DEBUG: Order 195 arrived: items_required = [8116, 7644].     [orders_in_system = 166]
2026-07-01 19:44:24 DEBUG:    EVENT NUM 622   current_time = 00:08:00   END_PICKING           [queue size = 20]
2026-07-01 19:44:24 DEBUG: Ended picking at workstation 0.    [picking_buffer len = {61: 312.2091659716468}]
2026-07-01 19:44:24 DEBUG: Task should have served orders {51}, found open orders {8, 51, 21, 60}.
2026-07-01 19:44:24 DEBUG: Task 42 completed: pod 412 returning to storage.
2026-07-01 19:44:24 DEBUG:    EVENT NUM 623   current_time = 00:08:00   START_PICKING         [queue size = 21]
2026-07-01 19:44:24 DEBUG: start_picking: WS 0 has no actionable task in buffer.
2026-07-01 19:44:24 DEBUG:    EVENT NUM 624   current_time = 00:08:03   RETURN_POD            [queue size = 20]
2026-07-01 19:44:24 DEBUG: Pod 397 returned. Robot 0 idle.   [idle robots = 1/20, released tasks = 74]
2026-07-01 19:44:24 DEBUG:    EVENT NUM 625   current_time = 00:08:03   START_TASK            [queue size = 20]
2026-07-01 19:44:24 DEBUG: Task 46 started: robot 0 → pod 256 → workstation 0 for orders {59} (arrival = 560.0 s).   [idle robots = 0/20]
2026-07-01 19:44:24 DEBUG:    EVENT NUM 626   current_time = 00:08:05   ARRIVAL_ORDER         [queue size = 20]
2026-07-01 19:44:24 DEBUG: Order 196 arrived: items_required = [4664, 8518].     [orders_in_system = 167]
2026-07-01 19:44:24 DEBUG:    EVENT NUM 627   current_time = 00:08:05   RETURN_POD            [queue size = 20]
2026-07-01 19:44:24 DEBUG: Pod 65 returned. Robot 4 idle.   [idle robots = 1/20, released tasks = 73]
2026-07-01 19:44:24 DEBUG:    EVENT NUM 628   current_time = 00:08:05   START_TASK            [queue size = 20]
2026-07-01 19:44:24 DEBUG: Task 49 blocked: no orders in {0: [53]} is open yet.  [released tasks = 72]
2026-07-01 19:44:24 DEBUG: Task 53 blocked: no orders in {0: [53]} is open yet.  [released tasks = 71]
2026-07-01 19:44:24 DEBUG: Task 54 blocked: no orders in {0: [42]} is open yet.  [released tasks = 70]
2026-07-01 19:44:24 DEBUG: Task 55 blocked: no orders in {0: [53]} is open yet.  [released tasks = 69]
2026-07-01 19:44:24 DEBUG: Task 56 blocked: no orders in {0: [24]} is open yet.  [released tasks = 68]
2026-07-01 19:44:24 DEBUG: Task 57 blocked: no orders in {0: [53]} is open yet.  [released tasks = 67]
2026-07-01 19:44:24 DEBUG: Task 58 blocked: no orders in {0: [53]} is open yet.  [released tasks = 66]
2026-07-01 19:44:24 DEBUG: Task 60 blocked: no orders in {0: [42]} is open yet.  [released tasks = 65]
2026-07-01 19:44:24 DEBUG: Task 62 blocked: no orders in {0: [53]} is open yet.  [released tasks = 64]
2026-07-01 19:44:24 DEBUG: Task 64 blocked: no orders in {0: [53]} is open yet.  [released tasks = 63]
2026-07-01 19:44:24 DEBUG: Task 66 blocked: no orders in {0: [53]} is open yet.  [released tasks = 62]
2026-07-01 19:44:24 DEBUG: Task 68 blocked: no orders in {0: [53]} is open yet.  [released tasks = 61]
2026-07-01 19:44:24 DEBUG: Task 69 blocked: no orders in {0: [53]} is open yet.  [released tasks = 60]
2026-07-01 19:44:24 DEBUG: Task 74 started: robot 4 → pod 76 → workstation 1 for orders {98} (arrival = 623.4 s).   [idle robots = 0/20]
2026-07-01 19:44:24 DEBUG:    EVENT NUM 629   current_time = 00:08:09   RETURN_POD            [queue size = 20]
2026-07-01 19:44:24 DEBUG: Pod 16 returned. Robot 17 idle.   [idle robots = 1/20, released tasks = 72]
2026-07-01 19:44:24 DEBUG:    EVENT NUM 630   current_time = 00:08:09   START_TASK            [queue size = 20]
2026-07-01 19:44:24 DEBUG: Task 49 blocked: no orders in {0: [53]} is open yet.  [released tasks = 71]
2026-07-01 19:44:24 DEBUG: Task 53 blocked: no orders in {0: [53]} is open yet.  [released tasks = 70]
2026-07-01 19:44:24 DEBUG: Task 54 blocked: no orders in {0: [42]} is open yet.  [released tasks = 69]
2026-07-01 19:44:24 DEBUG: Task 55 blocked: no orders in {0: [53]} is open yet.  [released tasks = 68]
2026-07-01 19:44:24 DEBUG: Task 56 blocked: no orders in {0: [24]} is open yet.  [released tasks = 67]
2026-07-01 19:44:24 DEBUG: Task 57 blocked: no orders in {0: [53]} is open yet.  [released tasks = 66]
2026-07-01 19:44:24 DEBUG: Task 58 blocked: no orders in {0: [53]} is open yet.  [released tasks = 65]
2026-07-01 19:44:24 DEBUG: Task 60 blocked: no orders in {0: [42]} is open yet.  [released tasks = 64]
2026-07-01 19:44:24 DEBUG: Task 62 blocked: no orders in {0: [53]} is open yet.  [released tasks = 63]
2026-07-01 19:44:24 DEBUG: Task 64 blocked: no orders in {0: [53]} is open yet.  [released tasks = 62]
2026-07-01 19:44:24 DEBUG: Task 66 blocked: no orders in {0: [53]} is open yet.  [released tasks = 61]
2026-07-01 19:44:24 DEBUG: Task 68 blocked: no orders in {0: [53]} is open yet.  [released tasks = 60]
2026-07-01 19:44:24 DEBUG: Task 69 blocked: no orders in {0: [53]} is open yet.  [released tasks = 59]
2026-07-01 19:44:24 DEBUG: Task 75 started: robot 17 → pod 148 → workstation 1 for orders {98} (arrival = 635.8 s).   [idle robots = 0/20]
2026-07-01 19:44:24 DEBUG:    EVENT NUM 631   current_time = 00:08:10   ARRIVAL_ORDER         [queue size = 20]
2026-07-01 19:44:24 DEBUG: Order 197 arrived: items_required = [7407, 5249, 8258, 5202].     [orders_in_system = 168]
2026-07-01 19:44:24 DEBUG:    EVENT NUM 632   current_time = 00:08:13   RETURN_POD            [queue size = 20]
2026-07-01 19:44:24 DEBUG: Pod 430 returned. Robot 18 idle.   [idle robots = 1/20, released tasks = 71]
2026-07-01 19:44:24 DEBUG:    EVENT NUM 633   current_time = 00:08:13   START_TASK            [queue size = 20]
2026-07-01 19:44:24 DEBUG: Task 49 blocked: no orders in {0: [53]} is open yet.  [released tasks = 70]
2026-07-01 19:44:24 DEBUG: Task 53 blocked: no orders in {0: [53]} is open yet.  [released tasks = 69]
2026-07-01 19:44:24 DEBUG: Task 54 blocked: no orders in {0: [42]} is open yet.  [released tasks = 68]
2026-07-01 19:44:24 DEBUG: Task 55 blocked: no orders in {0: [53]} is open yet.  [released tasks = 67]
2026-07-01 19:44:24 DEBUG: Task 56 blocked: no orders in {0: [24]} is open yet.  [released tasks = 66]
2026-07-01 19:44:24 DEBUG: Task 57 blocked: no orders in {0: [53]} is open yet.  [released tasks = 65]
2026-07-01 19:44:24 DEBUG: Task 58 blocked: no orders in {0: [53]} is open yet.  [released tasks = 64]
2026-07-01 19:44:24 DEBUG: Task 60 blocked: no orders in {0: [42]} is open yet.  [released tasks = 63]
2026-07-01 19:44:24 DEBUG: Task 62 blocked: no orders in {0: [53]} is open yet.  [released tasks = 62]
2026-07-01 19:44:24 DEBUG: Task 64 blocked: no orders in {0: [53]} is open yet.  [released tasks = 61]
2026-07-01 19:44:24 DEBUG: Task 66 blocked: no orders in {0: [53]} is open yet.  [released tasks = 60]
2026-07-01 19:44:24 DEBUG: Task 68 blocked: no orders in {0: [53]} is open yet.  [released tasks = 59]
2026-07-01 19:44:24 DEBUG: Task 69 blocked: no orders in {0: [53]} is open yet.  [released tasks = 58]
2026-07-01 19:44:24 DEBUG: Task 76 started: robot 18 → pod 510 → workstation 1 for orders {31} (arrival = 521.2 s).   [idle robots = 0/20]
2026-07-01 19:44:24 DEBUG:    EVENT NUM 634   current_time = 00:08:15   ARRIVAL_ORDER         [queue size = 20]
2026-07-01 19:44:24 DEBUG: Order 198 arrived: items_required = [7264].     [orders_in_system = 169]
2026-07-01 19:44:24 DEBUG:    EVENT NUM 635   current_time = 00:08:18   ARRIVAL_POD_WST       [queue size = 20]
2026-07-01 19:44:24 DEBUG: Pod 573 arrived at workstation 0 - status = IDLE
2026-07-01 19:44:24 DEBUG: Pod queued at workstation.    [picking_buffer = {61: 312.2091659716468, 38: 498.77951737468345}]
2026-07-01 19:44:24 DEBUG:    EVENT NUM 636   current_time = 00:08:18   START_PICKING         [queue size = 20]
2026-07-01 19:44:24 DEBUG: Processing task 38 at workstation 0: picking items {5090} for orders {21}
2026-07-01 19:44:24 DEBUG:    EVENT NUM 637   current_time = 00:08:20   ARRIVAL_ORDER         [queue size = 20]
2026-07-01 19:44:24 DEBUG: Order 199 arrived: items_required = [5302, 2010, 8306, 7504].     [orders_in_system = 170]
2026-07-01 19:44:24 DEBUG:    EVENT NUM 638   current_time = 00:08:25   ARRIVAL_ORDER         [queue size = 20]
2026-07-01 19:44:24 DEBUG: Order 200 arrived: items_required = [3515, 9602, 8858].     [orders_in_system = 171]
2026-07-01 19:44:24 DEBUG:    EVENT NUM 639   current_time = 00:08:28   END_PICKING           [queue size = 20]
2026-07-01 19:44:24 DEBUG: Ended picking at workstation 0.    [picking_buffer len = {61: 312.2091659716468}]
2026-07-01 19:44:24 DEBUG: Task should have served orders {21}, found open orders {8, 51, 21, 60}.
2026-07-01 19:44:24 DEBUG: Task 38 completed: pod 573 returning to storage.
2026-07-01 19:44:24 DEBUG:    EVENT NUM 640   current_time = 00:08:28   CLOSE_ORDER           [queue size = 22]
2026-07-01 19:44:24 DEBUG: Order 21 closed at workstation 0: flow_time = 508.8 s.     [order_buffer = 6] [open_orders = 3/4]
2026-07-01 19:44:24 DEBUG: Next order in buffer: 59
2026-07-01 19:44:24 DEBUG:    EVENT NUM 641   current_time = 00:08:28   START_PICKING         [queue size = 22]
2026-07-01 19:44:24 DEBUG: start_picking: WS 0 has no actionable task in buffer.
2026-07-01 19:44:24 DEBUG:    EVENT NUM 642   current_time = 00:08:28   OPEN_ORDER            [queue size = 21]
2026-07-01 19:44:24 DEBUG: Order 59 (skus required = {6779}) opened at workstation 0.   [open_orders = 4/4]
2026-07-01 19:44:24 DEBUG:    EVENT NUM 643   current_time = 00:08:28   START_TASK            [queue size = 22]
2026-07-01 19:44:24 DEBUG: Task 49 blocked: no idle robots.
2026-07-01 19:44:24 DEBUG:    EVENT NUM 644   current_time = 00:08:28   START_PICKING         [queue size = 21]
2026-07-01 19:44:24 DEBUG: start_picking: WS 0 has no actionable task in buffer.
2026-07-01 19:44:24 DEBUG:    EVENT NUM 645   current_time = 00:08:30   ARRIVAL_ORDER         [queue size = 20]
2026-07-01 19:44:24 DEBUG: Order 201 arrived: items_required = [4244].     [orders_in_system = 171]
2026-07-01 19:44:24 DEBUG:    EVENT NUM 646   current_time = 00:08:33   ARRIVAL_POD_WST       [queue size = 20]
2026-07-01 19:44:24 DEBUG: Pod 314 arrived at workstation 0 - status = IDLE
2026-07-01 19:44:24 DEBUG: Pod queued at workstation.    [picking_buffer = {61: 312.2091659716468, 44: 513.5209502390646}]
2026-07-01 19:44:24 DEBUG:    EVENT NUM 647   current_time = 00:08:33   START_PICKING         [queue size = 20]
2026-07-01 19:44:24 DEBUG: Processing task 44 at workstation 0: picking items {3973} for orders {60}
2026-07-01 19:44:24 DEBUG:    EVENT NUM 648   current_time = 00:08:35   ARRIVAL_ORDER         [queue size = 20]
2026-07-01 19:44:24 DEBUG: Order 202 arrived: items_required = [3777, 4563].     [orders_in_system = 172]
2026-07-01 19:44:24 DEBUG:    EVENT NUM 649   current_time = 00:08:40   ARRIVAL_ORDER         [queue size = 20]
2026-07-01 19:44:24 DEBUG: Order 203 arrived: items_required = [8933, 3988, 5974].     [orders_in_system = 173]
2026-07-01 19:44:24 DEBUG:    EVENT NUM 650   current_time = 00:08:41   ARRIVAL_POD_WST       [queue size = 20]
2026-07-01 19:44:24 DEBUG: Pod 510 arrived at workstation 1 - status = IDLE
2026-07-01 19:44:24 DEBUG: Pod queued at workstation.    [picking_buffer = {76: 521.2113280312948}]
2026-07-01 19:44:24 DEBUG:    EVENT NUM 651   current_time = 00:08:41   START_PICKING         [queue size = 20]
2026-07-01 19:44:24 DEBUG: Processing task 76 at workstation 1: picking items {6222} for orders {31}
2026-07-01 19:44:24 DEBUG:    EVENT NUM 652   current_time = 00:08:42   RETURN_POD            [queue size = 20]
2026-07-01 19:44:24 DEBUG: Pod 412 returned. Robot 16 idle.   [idle robots = 1/20, released tasks = 70]
2026-07-01 19:44:24 DEBUG:    EVENT NUM 653   current_time = 00:08:42   START_TASK            [queue size = 20]
2026-07-01 19:44:24 DEBUG: Task 49 started: robot 16 → pod 102 → workstation 0 for orders {71} (arrival = 639.2 s).   [idle robots = 0/20]
2026-07-01 19:44:24 DEBUG:    EVENT NUM 654   current_time = 00:08:43   END_PICKING           [queue size = 20]
2026-07-01 19:44:24 DEBUG: Ended picking at workstation 0.    [picking_buffer len = {61: 312.2091659716468}]
2026-07-01 19:44:24 DEBUG: Task should have served orders {60}, found open orders {8, 51, 59, 60}.
2026-07-01 19:44:24 DEBUG: Task 44 completed: pod 314 returning to storage.
2026-07-01 19:44:24 DEBUG:    EVENT NUM 655   current_time = 00:08:43   START_PICKING         [queue size = 21]
2026-07-01 19:44:24 DEBUG: start_picking: WS 0 has no actionable task in buffer.
2026-07-01 19:44:24 DEBUG:    EVENT NUM 656   current_time = 00:08:45   ARRIVAL_ORDER         [queue size = 20]
2026-07-01 19:44:24 DEBUG: Order 204 arrived: items_required = [2162].     [orders_in_system = 174]
2026-07-01 19:44:24 DEBUG:    EVENT NUM 657   current_time = 00:08:45   ARRIVAL_POD_WST       [queue size = 20]
2026-07-01 19:44:24 DEBUG: Pod 281 arrived at workstation 0 - status = IDLE
2026-07-01 19:44:24 DEBUG: Pod queued at workstation.    [picking_buffer = {61: 312.2091659716468, 47: 525.1481299213269}]
2026-07-01 19:44:24 DEBUG:    EVENT NUM 658   current_time = 00:08:45   START_PICKING         [queue size = 20]
2026-07-01 19:44:24 DEBUG: Processing task 47 at workstation 0: picking items {5760} for orders {60}
2026-07-01 19:44:24 DEBUG:    EVENT NUM 659   current_time = 00:08:50   ARRIVAL_ORDER         [queue size = 20]
2026-07-01 19:44:24 DEBUG: Order 205 arrived: items_required = [5581].     [orders_in_system = 175]
2026-07-01 19:44:24 DEBUG:    EVENT NUM 660   current_time = 00:08:50   RETURN_POD            [queue size = 20]
2026-07-01 19:44:24 DEBUG: Pod 353 returned. Robot 12 idle.   [idle robots = 1/20, released tasks = 69]
2026-07-01 19:44:24 DEBUG:    EVENT NUM 661   current_time = 00:08:50   START_TASK            [queue size = 20]
2026-07-01 19:44:24 DEBUG: Task 53 blocked: no orders in {0: [53]} is open yet.  [released tasks = 68]
2026-07-01 19:44:24 DEBUG: Task 54 blocked: no orders in {0: [42]} is open yet.  [released tasks = 67]
2026-07-01 19:44:24 DEBUG: Task 55 blocked: no orders in {0: [53]} is open yet.  [released tasks = 66]
2026-07-01 19:44:24 DEBUG: Task 56 blocked: no orders in {0: [24]} is open yet.  [released tasks = 65]
2026-07-01 19:44:24 DEBUG: Task 57 blocked: no orders in {0: [53]} is open yet.  [released tasks = 64]
2026-07-01 19:44:24 DEBUG: Task 58 blocked: no orders in {0: [53]} is open yet.  [released tasks = 63]
2026-07-01 19:44:24 DEBUG: Task 60 blocked: no orders in {0: [42]} is open yet.  [released tasks = 62]
2026-07-01 19:44:24 DEBUG: Task 62 blocked: no orders in {0: [53]} is open yet.  [released tasks = 61]
2026-07-01 19:44:24 DEBUG: Task 64 blocked: no orders in {0: [53]} is open yet.  [released tasks = 60]
2026-07-01 19:44:24 DEBUG: Task 66 blocked: no orders in {0: [53]} is open yet.  [released tasks = 59]
2026-07-01 19:44:24 DEBUG: Task 68 blocked: no orders in {0: [53]} is open yet.  [released tasks = 58]
2026-07-01 19:44:24 DEBUG: Task 69 blocked: no orders in {0: [53]} is open yet.  [released tasks = 57]
2026-07-01 19:44:24 DEBUG: Task 77 started: robot 12 → pod 315 → workstation 1 for orders {6} (arrival = 601.3 s).   [idle robots = 0/20]
2026-07-01 19:44:24 DEBUG:    EVENT NUM 662   current_time = 00:08:51   END_PICKING           [queue size = 20]
2026-07-01 19:44:24 DEBUG: Ended picking at workstation 1.    [picking_buffer len = {}]
2026-07-01 19:44:24 DEBUG: Task should have served orders {31}, found open orders {98, 44, 54, 31}.
2026-07-01 19:44:24 DEBUG: Task 76 completed: pod 510 returning to storage.
2026-07-01 19:44:24 DEBUG:    EVENT NUM 663   current_time = 00:08:51   CLOSE_ORDER           [queue size = 21]
2026-07-01 19:44:24 DEBUG: Order 31 closed at workstation 1: flow_time = 531.2 s.     [order_buffer = 19] [open_orders = 3/4]
2026-07-01 19:44:24 DEBUG: Next order in buffer: 6
2026-07-01 19:44:24 DEBUG:    EVENT NUM 664   current_time = 00:08:51   OPEN_ORDER            [queue size = 21]
2026-07-01 19:44:24 DEBUG: Order 6 (skus required = {4940, 8436}) opened at workstation 1.   [open_orders = 4/4]
2026-07-01 19:44:24 DEBUG:    EVENT NUM 665   current_time = 00:08:51   START_TASK            [queue size = 21]
2026-07-01 19:44:24 DEBUG: Task 53 blocked: no orders in {0: [53]} is open yet.  [released tasks = 67]
2026-07-01 19:44:24 DEBUG: Task 54 blocked: no orders in {0: [42]} is open yet.  [released tasks = 66]
2026-07-01 19:44:24 DEBUG: Task 55 blocked: no orders in {0: [53]} is open yet.  [released tasks = 65]
2026-07-01 19:44:24 DEBUG: Task 56 blocked: no orders in {0: [24]} is open yet.  [released tasks = 64]
2026-07-01 19:44:24 DEBUG: Task 57 blocked: no orders in {0: [53]} is open yet.  [released tasks = 63]
2026-07-01 19:44:24 DEBUG: Task 58 blocked: no orders in {0: [53]} is open yet.  [released tasks = 62]
2026-07-01 19:44:24 DEBUG: Task 60 blocked: no orders in {0: [42]} is open yet.  [released tasks = 61]
2026-07-01 19:44:24 DEBUG: Task 62 blocked: no orders in {0: [53]} is open yet.  [released tasks = 60]
2026-07-01 19:44:24 DEBUG: Task 64 blocked: no orders in {0: [53]} is open yet.  [released tasks = 59]
2026-07-01 19:44:24 DEBUG: Task 66 blocked: no orders in {0: [53]} is open yet.  [released tasks = 58]
2026-07-01 19:44:24 DEBUG: Task 68 blocked: no orders in {0: [53]} is open yet.  [released tasks = 57]
2026-07-01 19:44:24 DEBUG: Task 69 blocked: no orders in {0: [53]} is open yet.  [released tasks = 56]
2026-07-01 19:44:24 DEBUG: Task 78 blocked: no idle robots.
2026-07-01 19:44:24 DEBUG:    EVENT NUM 666   current_time = 00:08:55   ARRIVAL_ORDER         [queue size = 20]
2026-07-01 19:44:24 DEBUG: Order 206 arrived: items_required = [8555, 4597].     [orders_in_system = 175]
2026-07-01 19:44:24 DEBUG:    EVENT NUM 667   current_time = 00:08:55   END_PICKING           [queue size = 20]
2026-07-01 19:44:24 DEBUG: Ended picking at workstation 0.    [picking_buffer len = {61: 312.2091659716468}]
2026-07-01 19:44:24 DEBUG: Task should have served orders {60}, found open orders {8, 51, 59, 60}.
2026-07-01 19:44:24 DEBUG: Task 47 completed: pod 281 returning to storage.
2026-07-01 19:44:24 DEBUG:    EVENT NUM 668   current_time = 00:08:55   CLOSE_ORDER           [queue size = 22]
2026-07-01 19:44:24 DEBUG: Order 60 closed at workstation 0: flow_time = 535.1 s.     [order_buffer = 5] [open_orders = 3/4]
2026-07-01 19:44:24 DEBUG: Next order in buffer: 71
2026-07-01 19:44:24 DEBUG:    EVENT NUM 669   current_time = 00:08:55   START_PICKING         [queue size = 22]
2026-07-01 19:44:24 DEBUG: start_picking: WS 0 has no actionable task in buffer.
2026-07-01 19:44:24 DEBUG:    EVENT NUM 670   current_time = 00:08:55   OPEN_ORDER            [queue size = 21]
2026-07-01 19:44:24 DEBUG: Order 71 (skus required = {7508}) opened at workstation 0.   [open_orders = 4/4]
2026-07-01 19:44:24 DEBUG:    EVENT NUM 671   current_time = 00:08:55   START_TASK            [queue size = 22]
2026-07-01 19:44:24 DEBUG: Task 53 blocked: no idle robots.
2026-07-01 19:44:24 DEBUG:    EVENT NUM 672   current_time = 00:08:55   START_PICKING         [queue size = 21]
2026-07-01 19:44:24 DEBUG: start_picking: WS 0 has no actionable task in buffer.
2026-07-01 19:44:24 DEBUG:    EVENT NUM 673   current_time = 00:08:56   ARRIVAL_POD_WST       [queue size = 20]
2026-07-01 19:44:24 DEBUG: Pod 141 arrived at workstation 0 - status = IDLE
2026-07-01 19:44:24 DEBUG: Pod queued at workstation.    [picking_buffer = {61: 312.2091659716468, 48: 536.7953602952227}]
2026-07-01 19:44:24 DEBUG:    EVENT NUM 674   current_time = 00:08:56   START_PICKING         [queue size = 20]
2026-07-01 19:44:24 DEBUG: Processing task 48 at workstation 0: picking items {7579} for orders {51}
2026-07-01 19:44:24 DEBUG:    EVENT NUM 675   current_time = 00:08:58   RETURN_POD            [queue size = 20]
2026-07-01 19:44:24 DEBUG: Pod 85 returned. Robot 7 idle.   [idle robots = 1/20, released tasks = 68]
2026-07-01 19:44:24 DEBUG:    EVENT NUM 676   current_time = 00:08:58   START_TASK            [queue size = 20]
2026-07-01 19:44:24 DEBUG: Task 53 started: robot 7 → pod 359 → workstation 0 for orders {53} (arrival = 584.2 s).   [idle robots = 0/20]
2026-07-01 19:44:24 DEBUG:    EVENT NUM 677   current_time = 00:09:00   ARRIVAL_ORDER         [queue size = 20]
2026-07-01 19:44:24 DEBUG: Order 207 arrived: items_required = [4661, 7047].     [orders_in_system = 175]
2026-07-01 19:44:24 DEBUG:    EVENT NUM 678   current_time = 00:09:00   RETURN_POD            [queue size = 20]
2026-07-01 19:44:24 DEBUG: Pod 325 returned. Robot 15 idle.   [idle robots = 1/20, released tasks = 67]
2026-07-01 19:44:24 DEBUG:    EVENT NUM 679   current_time = 00:09:00   START_TASK            [queue size = 20]
2026-07-01 19:44:24 DEBUG: Task 54 blocked: no orders in {0: [42]} is open yet.  [released tasks = 66]
2026-07-01 19:44:24 DEBUG: Task 55 started: robot 15 → pod 238 → workstation 0 for orders {53} (arrival = 611.5 s).   [idle robots = 0/20]
2026-07-01 19:44:24 DEBUG:    EVENT NUM 680   current_time = 00:09:05   ARRIVAL_ORDER         [queue size = 20]
2026-07-01 19:44:24 DEBUG: Order 208 arrived: items_required = [3867].     [orders_in_system = 176]
2026-07-01 19:44:24 DEBUG:    EVENT NUM 681   current_time = 00:09:05   RETURN_POD            [queue size = 20]
2026-07-01 19:44:24 DEBUG: Pod 550 returned. Robot 9 idle.   [idle robots = 1/20, released tasks = 66]
2026-07-01 19:44:24 DEBUG:    EVENT NUM 682   current_time = 00:09:05   START_TASK            [queue size = 20]
2026-07-01 19:44:24 DEBUG: Task 54 blocked: no orders in {0: [42]} is open yet.  [released tasks = 65]
2026-07-01 19:44:24 DEBUG: Task 56 blocked: no orders in {0: [24]} is open yet.  [released tasks = 64]
2026-07-01 19:44:24 DEBUG: Task 57 started: robot 9 → pod 521 → workstation 0 for orders {53} (arrival = 626.9 s).   [idle robots = 0/20]
2026-07-01 19:44:24 DEBUG:    EVENT NUM 683   current_time = 00:09:06   END_PICKING           [queue size = 20]
2026-07-01 19:44:24 DEBUG: Ended picking at workstation 0.    [picking_buffer len = {61: 312.2091659716468}]
2026-07-01 19:44:24 DEBUG: Task should have served orders {51}, found open orders {71, 8, 51, 59}.
2026-07-01 19:44:24 DEBUG: Task 48 completed: pod 141 returning to storage.
2026-07-01 19:44:24 DEBUG:    EVENT NUM 684   current_time = 00:09:06   START_PICKING         [queue size = 21]
2026-07-01 19:44:24 DEBUG: start_picking: WS 0 has no actionable task in buffer.
2026-07-01 19:44:24 DEBUG:    EVENT NUM 685   current_time = 00:09:10   ARRIVAL_ORDER         [queue size = 20]
2026-07-01 19:44:24 DEBUG: Order 209 arrived: items_required = [7887].     [orders_in_system = 177]
2026-07-01 19:44:24 DEBUG:    EVENT NUM 686   current_time = 00:09:11   RETURN_POD            [queue size = 20]
2026-07-01 19:44:24 DEBUG: Pod 149 returned. Robot 3 idle.   [idle robots = 1/20, released tasks = 65]
2026-07-01 19:44:24 DEBUG:    EVENT NUM 687   current_time = 00:09:11   START_TASK            [queue size = 20]
2026-07-01 19:44:24 DEBUG: Task 54 blocked: no orders in {0: [42]} is open yet.  [released tasks = 64]
2026-07-01 19:44:24 DEBUG: Task 56 blocked: no orders in {0: [24]} is open yet.  [released tasks = 63]
2026-07-01 19:44:24 DEBUG: Task 58 started: robot 3 → pod 450 → workstation 0 for orders {53} (arrival = 635.0 s).   [idle robots = 0/20]
2026-07-01 19:44:24 DEBUG:    EVENT NUM 688   current_time = 00:09:14   RETURN_POD            [queue size = 20]
2026-07-01 19:44:24 DEBUG: Pod 474 returned. Robot 14 idle.   [idle robots = 1/20, released tasks = 64]
2026-07-01 19:44:24 DEBUG:    EVENT NUM 689   current_time = 00:09:14   START_TASK            [queue size = 20]
2026-07-01 19:44:24 DEBUG: Task 54 blocked: no orders in {0: [42]} is open yet.  [released tasks = 63]
2026-07-01 19:44:24 DEBUG: Task 56 blocked: no orders in {0: [24]} is open yet.  [released tasks = 62]
2026-07-01 19:44:24 DEBUG: Task 60 blocked: no orders in {0: [42]} is open yet.  [released tasks = 61]
2026-07-01 19:44:24 DEBUG: Task 62 started: robot 14 → pod 293 → workstation 0 for orders {53} (arrival = 648.6 s).   [idle robots = 0/20]
2026-07-01 19:44:24 DEBUG:    EVENT NUM 690   current_time = 00:09:15   ARRIVAL_ORDER         [queue size = 20]
2026-07-01 19:44:24 DEBUG: Order 210 arrived: items_required = [5428].     [orders_in_system = 178]
2026-07-01 19:44:24 DEBUG:    EVENT NUM 691   current_time = 00:09:15   RETURN_POD            [queue size = 20]
2026-07-01 19:44:24 DEBUG: Pod 510 returned. Robot 18 idle.   [idle robots = 1/20, released tasks = 63]
2026-07-01 19:44:24 DEBUG:    EVENT NUM 692   current_time = 00:09:15   START_TASK            [queue size = 20]
2026-07-01 19:44:24 DEBUG: Task 54 blocked: no orders in {0: [42]} is open yet.  [released tasks = 62]
2026-07-01 19:44:24 DEBUG: Task 56 blocked: no orders in {0: [24]} is open yet.  [released tasks = 61]
2026-07-01 19:44:24 DEBUG: Task 60 blocked: no orders in {0: [42]} is open yet.  [released tasks = 60]
2026-07-01 19:44:24 DEBUG: Task 64 started: robot 18 → pod 201 → workstation 0 for orders {53} (arrival = 677.2 s).   [idle robots = 0/20]
2026-07-01 19:44:24 DEBUG:    EVENT NUM 693   current_time = 00:09:16   RETURN_POD            [queue size = 20]
2026-07-01 19:44:24 DEBUG: Pod 147 returned. Robot 5 idle.   [idle robots = 1/20, released tasks = 62]
2026-07-01 19:44:24 DEBUG:    EVENT NUM 694   current_time = 00:09:16   START_TASK            [queue size = 20]
2026-07-01 19:44:24 DEBUG: Task 54 blocked: no orders in {0: [42]} is open yet.  [released tasks = 61]
2026-07-01 19:44:24 DEBUG: Task 56 blocked: no orders in {0: [24]} is open yet.  [released tasks = 60]
2026-07-01 19:44:24 DEBUG: Task 60 blocked: no orders in {0: [42]} is open yet.  [released tasks = 59]
2026-07-01 19:44:24 DEBUG: Task 66 started: robot 5 → pod 121 → workstation 0 for orders {53} (arrival = 695.2 s).   [idle robots = 0/20]
2026-07-01 19:44:24 DEBUG:    EVENT NUM 695   current_time = 00:09:17   ARRIVAL_POD_WST       [queue size = 20]
2026-07-01 19:44:24 DEBUG: Pod 97 arrived at workstation 1 - status = IDLE
2026-07-01 19:44:24 DEBUG: Pod queued at workstation.    [picking_buffer = {73: 557.1923475785159}]
2026-07-01 19:44:24 DEBUG:    EVENT NUM 696   current_time = 00:09:17   START_PICKING         [queue size = 20]
2026-07-01 19:44:24 DEBUG: Processing task 73 at workstation 1: picking items {4574} for orders {54}
2026-07-01 19:44:24 DEBUG:    EVENT NUM 697   current_time = 00:09:19   ARRIVAL_POD_WST       [queue size = 20]
2026-07-01 19:44:24 DEBUG: Pod 256 arrived at workstation 0 - status = IDLE
2026-07-01 19:44:24 DEBUG: Pod queued at workstation.    [picking_buffer = {61: 312.2091659716468, 46: 559.9838942050764}]
2026-07-01 19:44:24 DEBUG:    EVENT NUM 698   current_time = 00:09:19   START_PICKING         [queue size = 20]
2026-07-01 19:44:24 DEBUG: Processing task 46 at workstation 0: picking items {6779} for orders {59}
2026-07-01 19:44:24 DEBUG:    EVENT NUM 699   current_time = 00:09:20   ARRIVAL_ORDER         [queue size = 20]
2026-07-01 19:44:24 DEBUG: Order 211 arrived: items_required = [4016, 7197, 6379, 7865].     [orders_in_system = 179]
2026-07-01 19:44:24 DEBUG:    EVENT NUM 700   current_time = 00:09:23   ARRIVAL_POD_WST       [queue size = 20]
2026-07-01 19:44:24 DEBUG: Pod 199 arrived at workstation 0 - status = BUSY
2026-07-01 19:44:24 DEBUG: Pod queued at workstation.    [picking_buffer = {61: 312.2091659716468, 40: 563.0061303269252}]
2026-07-01 19:44:24 DEBUG:    EVENT NUM 701   current_time = 00:09:25   ARRIVAL_ORDER         [queue size = 19]
2026-07-01 19:44:24 DEBUG: Order 212 arrived: items_required = [4883, 2859].     [orders_in_system = 180]
2026-07-01 19:44:24 DEBUG:    EVENT NUM 702   current_time = 00:09:27   END_PICKING           [queue size = 19]
2026-07-01 19:44:24 DEBUG: Ended picking at workstation 1.    [picking_buffer len = {}]
2026-07-01 19:44:24 DEBUG: Task should have served orders {54}, found open orders {98, 6, 44, 54}.
2026-07-01 19:44:24 DEBUG: Task 73 completed: pod 97 returning to storage.
2026-07-01 19:44:24 DEBUG:    EVENT NUM 703   current_time = 00:09:27   CLOSE_ORDER           [queue size = 20]
2026-07-01 19:44:24 DEBUG: Order 54 closed at workstation 1: flow_time = 567.2 s.     [order_buffer = 18] [open_orders = 3/4]
2026-07-01 19:44:24 DEBUG: Next order in buffer: 67
2026-07-01 19:44:24 DEBUG:    EVENT NUM 704   current_time = 00:09:27   OPEN_ORDER            [queue size = 20]
2026-07-01 19:44:24 DEBUG: Order 67 (skus required = {6786, 7131}) opened at workstation 1.   [open_orders = 4/4]
2026-07-01 19:44:24 DEBUG:    EVENT NUM 705   current_time = 00:09:27   START_TASK            [queue size = 20]
2026-07-01 19:44:24 DEBUG: Task 54 blocked: no orders in {0: [42]} is open yet.  [released tasks = 60]
2026-07-01 19:44:24 DEBUG: Task 56 blocked: no orders in {0: [24]} is open yet.  [released tasks = 59]
2026-07-01 19:44:24 DEBUG: Task 60 blocked: no orders in {0: [42]} is open yet.  [released tasks = 58]
2026-07-01 19:44:24 DEBUG: Task 68 blocked: no idle robots.
2026-07-01 19:44:24 DEBUG:    EVENT NUM 706   current_time = 00:09:29   END_PICKING           [queue size = 19]
2026-07-01 19:44:24 DEBUG: Ended picking at workstation 0.    [picking_buffer len = {61: 312.2091659716468, 40: 563.0061303269252}]
2026-07-01 19:44:24 DEBUG: Task should have served orders {59}, found open orders {71, 8, 51, 59}.
2026-07-01 19:44:24 DEBUG: Task 46 completed: pod 256 returning to storage.
2026-07-01 19:44:24 DEBUG:    EVENT NUM 707   current_time = 00:09:29   CLOSE_ORDER           [queue size = 21]
2026-07-01 19:44:24 DEBUG: Order 59 closed at workstation 0: flow_time = 570.0 s.     [order_buffer = 4] [open_orders = 3/4]
2026-07-01 19:44:24 DEBUG: Next order in buffer: 53
2026-07-01 19:44:24 DEBUG:    EVENT NUM 708   current_time = 00:09:29   START_PICKING         [queue size = 21]
2026-07-01 19:44:24 DEBUG: Processing task 40 at workstation 0: picking items {6773} for orders {8}
2026-07-01 19:44:24 DEBUG:    EVENT NUM 709   current_time = 00:09:29   OPEN_ORDER            [queue size = 21]
2026-07-01 19:44:24 DEBUG: Order 53 (skus required = {2756, 3640, 5866, 5131, 6603, 5039, 3792, 4817, 3119, 5973, 2424}) opened at workstation 0.   [open_orders = 4/4]
2026-07-01 19:44:24 DEBUG:    EVENT NUM 710   current_time = 00:09:29   START_TASK            [queue size = 21]
2026-07-01 19:44:24 DEBUG: Task 54 blocked: no idle robots.
2026-07-01 19:44:24 DEBUG:    EVENT NUM 711   current_time = 00:09:30   ARRIVAL_ORDER         [queue size = 20]
2026-07-01 19:44:24 DEBUG: Order 213 arrived: items_required = [7392].     [orders_in_system = 179]
2026-07-01 19:44:24 DEBUG:    EVENT NUM 712   current_time = 00:09:31   ARRIVAL_POD_WST       [queue size = 20]
2026-07-01 19:44:24 DEBUG: Pod 245 arrived at workstation 0 - status = BUSY
2026-07-01 19:44:24 DEBUG: Pod queued at workstation.    [picking_buffer = {61: 312.2091659716468, 51: 571.1648832150872}]
2026-07-01 19:44:24 DEBUG:    EVENT NUM 713   current_time = 00:09:35   ARRIVAL_ORDER         [queue size = 19]
2026-07-01 19:44:24 DEBUG: Order 214 arrived: items_required = [9494].     [orders_in_system = 180]
2026-07-01 19:44:24 DEBUG:    EVENT NUM 714   current_time = 00:09:39   END_PICKING           [queue size = 19]
2026-07-01 19:44:24 DEBUG: Ended picking at workstation 0.    [picking_buffer len = {61: 312.2091659716468, 51: 571.1648832150872}]
2026-07-01 19:44:24 DEBUG: Task should have served orders {8}, found open orders {71, 8, 51, 53}.
2026-07-01 19:44:24 DEBUG: Task 40 completed: pod 199 returning to storage.
2026-07-01 19:44:24 DEBUG:    EVENT NUM 715   current_time = 00:09:39   CLOSE_ORDER           [queue size = 21]
2026-07-01 19:44:24 DEBUG: Order 8 closed at workstation 0: flow_time = 580.0 s.     [order_buffer = 3] [open_orders = 3/4]
2026-07-01 19:44:24 DEBUG: Next order in buffer: 42
2026-07-01 19:44:24 DEBUG:    EVENT NUM 716   current_time = 00:09:39   START_PICKING         [queue size = 21]
2026-07-01 19:44:24 DEBUG: Processing task 61 at workstation 0: picking items {3640} for orders {53}
2026-07-01 19:44:24 DEBUG:    EVENT NUM 717   current_time = 00:09:39   OPEN_ORDER            [queue size = 21]
2026-07-01 19:44:24 DEBUG: Order 42 (skus required = {4185, 8501}) opened at workstation 0.   [open_orders = 4/4]
2026-07-01 19:44:24 DEBUG:    EVENT NUM 718   current_time = 00:09:39   START_TASK            [queue size = 21]
2026-07-01 19:44:24 DEBUG: Task 54 blocked: no idle robots.
2026-07-01 19:44:24 DEBUG:    EVENT NUM 719   current_time = 00:09:40   ARRIVAL_ORDER         [queue size = 20]
2026-07-01 19:44:24 DEBUG: Order 215 arrived: items_required = [7634].     [orders_in_system = 180]
2026-07-01 19:44:24 DEBUG:    EVENT NUM 720   current_time = 00:09:44   ARRIVAL_POD_WST       [queue size = 20]
2026-07-01 19:44:24 DEBUG: Pod 359 arrived at workstation 0 - status = BUSY
2026-07-01 19:44:24 DEBUG: Pod queued at workstation.    [picking_buffer = {51: 571.1648832150872, 53: 584.177065149754}]
2026-07-01 19:44:24 DEBUG:    EVENT NUM 721   current_time = 00:09:45   ARRIVAL_ORDER         [queue size = 19]
2026-07-01 19:44:24 DEBUG: Order 216 arrived: items_required = [7007].     [orders_in_system = 181]
2026-07-01 19:44:24 DEBUG:    EVENT NUM 722   current_time = 00:09:49   END_PICKING           [queue size = 19]
2026-07-01 19:44:24 DEBUG: Ended picking at workstation 0.    [picking_buffer len = {51: 571.1648832150872, 53: 584.177065149754}]
2026-07-01 19:44:24 DEBUG: Task should have served orders {53}, found open orders {71, 42, 51, 53}.
2026-07-01 19:44:24 DEBUG: Task 61 heading to workstation 1.
2026-07-01 19:44:24 DEBUG:    EVENT NUM 723   current_time = 00:09:49   START_PICKING         [queue size = 20]
2026-07-01 19:44:24 DEBUG: Processing task 51 at workstation 0: picking items {3785} for orders {51}
2026-07-01 19:44:24 DEBUG:    EVENT NUM 724   current_time = 00:09:50   ARRIVAL_ORDER         [queue size = 20]
2026-07-01 19:44:24 DEBUG: Order 217 arrived: items_required = [8730].     [orders_in_system = 182]
2026-07-01 19:44:24 DEBUG:    EVENT NUM 725   current_time = 00:09:54   RETURN_POD            [queue size = 20]
2026-07-01 19:44:24 DEBUG: Pod 314 returned. Robot 8 idle.   [idle robots = 1/20, released tasks = 61]
2026-07-01 19:44:24 DEBUG:    EVENT NUM 726   current_time = 00:09:54   START_TASK            [queue size = 20]
2026-07-01 19:44:24 DEBUG: Task 54 started: robot 8 → pod 455 → workstation 0 for orders {42} (arrival = 655.7 s).   [idle robots = 0/20]
2026-07-01 19:44:24 DEBUG:    EVENT NUM 727   current_time = 00:09:55   ARRIVAL_ORDER         [queue size = 20]
2026-07-01 19:44:24 DEBUG: Order 218 arrived: items_required = [6681, 5730, 5281, 4262, 6666].     [orders_in_system = 183]
2026-07-01 19:44:24 DEBUG:    EVENT NUM 728   current_time = 00:09:56   ARRIVAL_POD_WST       [queue size = 20]
2026-07-01 19:44:24 DEBUG: Pod 115 arrived at workstation 1 - status = IDLE
2026-07-01 19:44:24 DEBUG: Pod queued at workstation.    [picking_buffer = {61: 596.5202368629286}]
2026-07-01 19:44:24 DEBUG:    EVENT NUM 729   current_time = 00:09:56   START_PICKING         [queue size = 20]
2026-07-01 19:44:24 DEBUG: Processing task 61 at workstation 1: picking items {7534} for orders {44}
2026-07-01 19:44:24 DEBUG:    EVENT NUM 730   current_time = 00:09:57   RETURN_POD            [queue size = 20]
2026-07-01 19:44:24 DEBUG: Pod 573 returned. Robot 6 idle.   [idle robots = 1/20, released tasks = 60]
2026-07-01 19:44:24 DEBUG:    EVENT NUM 731   current_time = 00:09:57   START_TASK            [queue size = 20]
2026-07-01 19:44:24 DEBUG: Task 56 started: robot 6 → pod 232 → workstation 0 for orders {24} (arrival = 672.2 s).   [idle robots = 0/20]
2026-07-01 19:44:24 DEBUG:    EVENT NUM 732   current_time = 00:09:59   END_PICKING           [queue size = 20]
2026-07-01 19:44:24 DEBUG: Ended picking at workstation 0.    [picking_buffer len = {53: 584.177065149754}]
2026-07-01 19:44:24 DEBUG: Task should have served orders {51}, found open orders {71, 42, 51, 53}.
2026-07-01 19:44:24 DEBUG: Task 51 completed: pod 245 returning to storage.
2026-07-01 19:44:24 DEBUG:    EVENT NUM 733   current_time = 00:09:59   CLOSE_ORDER           [queue size = 22]
2026-07-01 19:44:24 DEBUG: Order 51 closed at workstation 0: flow_time = 600.0 s.     [order_buffer = 2] [open_orders = 3/4]
2026-07-01 19:44:24 DEBUG: Next order in buffer: 24
2026-07-01 19:44:24 DEBUG:    EVENT NUM 734   current_time = 00:09:59   START_PICKING         [queue size = 22]
2026-07-01 19:44:24 DEBUG: Processing task 53 at workstation 0: picking items {5973} for orders {53}
2026-07-01 19:44:24 DEBUG:    EVENT NUM 735   current_time = 00:09:59   OPEN_ORDER            [queue size = 22]
2026-07-01 19:44:24 DEBUG: Order 24 (skus required = {7731}) opened at workstation 0.   [open_orders = 4/4]
2026-07-01 19:44:24 DEBUG:    EVENT NUM 736   current_time = 00:09:59   START_TASK            [queue size = 22]
2026-07-01 19:44:24 DEBUG: Task 60 blocked: no idle robots.
2026-07-01 19:44:24 DEBUG:    EVENT NUM 737   current_time = 00:10:00   ARRIVAL_ORDER         [queue size = 21]
2026-07-01 19:44:24 DEBUG: Order 219 arrived: items_required = [2937, 6268].     [orders_in_system = 183]
2026-07-01 19:44:24 DEBUG:    EVENT NUM 738   current_time = 00:10:01   ARRIVAL_POD_WST       [queue size = 21]
2026-07-01 19:44:24 DEBUG: Pod 315 arrived at workstation 1 - status = BUSY
2026-07-01 19:44:24 DEBUG: Pod queued at workstation.    [picking_buffer = {77: 601.2821312347777}]
2026-07-01 19:44:24 DEBUG:    EVENT NUM 739   current_time = 00:10:05   ARRIVAL_ORDER         [queue size = 20]
2026-07-01 19:44:24 DEBUG: Order 220 arrived: items_required = [6502, 6930, 4817].     [orders_in_system = 184]
2026-07-01 19:44:24 DEBUG:    EVENT NUM 740   current_time = 00:10:06   END_PICKING           [queue size = 20]
2026-07-01 19:44:24 DEBUG: Ended picking at workstation 1.    [picking_buffer len = {77: 601.2821312347777}]
2026-07-01 19:44:24 DEBUG: Task should have served orders {44}, found open orders {98, 67, 6, 44}.
2026-07-01 19:44:24 DEBUG: Task 61 completed: pod 115 returning to storage.
2026-07-01 19:44:24 DEBUG:    EVENT NUM 741   current_time = 00:10:06   CLOSE_ORDER           [queue size = 22]
2026-07-01 19:44:24 DEBUG: Order 44 closed at workstation 1: flow_time = 606.5 s.     [order_buffer = 17] [open_orders = 3/4]
2026-07-01 19:44:24 DEBUG: Next order in buffer: 34
2026-07-01 19:44:24 DEBUG:    EVENT NUM 742   current_time = 00:10:06   START_PICKING         [queue size = 22]
2026-07-01 19:44:24 DEBUG: Processing task 77 at workstation 1: picking items {4940} for orders {6}
2026-07-01 19:44:24 DEBUG:    EVENT NUM 743   current_time = 00:10:06   OPEN_ORDER            [queue size = 22]
2026-07-01 19:44:24 DEBUG: Order 34 (skus required = {8393, 3412, 5925}) opened at workstation 1.   [open_orders = 4/4]
2026-07-01 19:44:24 DEBUG:    EVENT NUM 744   current_time = 00:10:06   START_TASK            [queue size = 22]
2026-07-01 19:44:24 DEBUG: Task 60 blocked: no idle robots.
2026-07-01 19:44:24 DEBUG:    EVENT NUM 745   current_time = 00:10:08   RETURN_POD            [queue size = 21]
2026-07-01 19:44:24 DEBUG: Pod 281 returned. Robot 13 idle.   [idle robots = 1/20, released tasks = 59]
2026-07-01 19:44:24 DEBUG:    EVENT NUM 746   current_time = 00:10:08   START_TASK            [queue size = 21]
2026-07-01 19:44:24 DEBUG: Task 60 started: robot 13 → pod 204 → workstation 0 for orders {42} (arrival = 699.3 s).   [idle robots = 0/20]
2026-07-01 19:44:24 DEBUG:    EVENT NUM 747   current_time = 00:10:09   END_PICKING           [queue size = 21]
2026-07-01 19:44:24 DEBUG: Ended picking at workstation 0.    [picking_buffer len = {}]
2026-07-01 19:44:24 DEBUG: Task should have served orders {53}, found open orders {71, 42, 53, 24}.
2026-07-01 19:44:24 DEBUG: Task 53 completed: pod 359 returning to storage.
2026-07-01 19:44:24 DEBUG:    EVENT NUM 748   current_time = 00:10:10   ARRIVAL_ORDER         [queue size = 21]
2026-07-01 19:44:24 DEBUG: Order 221 arrived: items_required = [8235].     [orders_in_system = 184]
2026-07-01 19:44:24 DEBUG:    EVENT NUM 749   current_time = 00:10:11   ARRIVAL_POD_WST       [queue size = 21]
2026-07-01 19:44:24 DEBUG: Pod 238 arrived at workstation 0 - status = IDLE
2026-07-01 19:44:24 DEBUG: Pod queued at workstation.    [picking_buffer = {55: 611.4786189296235}]
2026-07-01 19:44:24 DEBUG:    EVENT NUM 750   current_time = 00:10:11   START_PICKING         [queue size = 21]
2026-07-01 19:44:24 DEBUG: Processing task 55 at workstation 0: picking items {4817} for orders {53}
2026-07-01 19:44:24 DEBUG:    EVENT NUM 751   current_time = 00:10:15   ARRIVAL_ORDER         [queue size = 21]
2026-07-01 19:44:24 DEBUG: Order 222 arrived: items_required = [8302, 2692].     [orders_in_system = 185]
2026-07-01 19:44:24 DEBUG:    EVENT NUM 752   current_time = 00:10:16   END_PICKING           [queue size = 21]
2026-07-01 19:44:24 DEBUG: Ended picking at workstation 1.    [picking_buffer len = {}]
2026-07-01 19:44:24 DEBUG: Task should have served orders {6}, found open orders {98, 67, 34, 6}.
2026-07-01 19:44:24 DEBUG: Task 77 completed: pod 315 returning to storage.
2026-07-01 19:44:24 DEBUG:    EVENT NUM 753   current_time = 00:10:20   ARRIVAL_ORDER         [queue size = 21]
2026-07-01 19:44:24 DEBUG: Order 223 arrived: items_required = [7945, 8528].     [orders_in_system = 186]
2026-07-01 19:44:24 DEBUG:    EVENT NUM 754   current_time = 00:10:21   END_PICKING           [queue size = 21]
2026-07-01 19:44:24 DEBUG: Ended picking at workstation 0.    [picking_buffer len = {}]
2026-07-01 19:44:24 DEBUG: Task should have served orders {53}, found open orders {71, 42, 53, 24}.
2026-07-01 19:44:24 DEBUG: Task 55 completed: pod 238 returning to storage.
2026-07-01 19:44:24 DEBUG:    EVENT NUM 755   current_time = 00:10:23   ARRIVAL_POD_WST       [queue size = 21]
2026-07-01 19:44:24 DEBUG: Pod 76 arrived at workstation 1 - status = IDLE
2026-07-01 19:44:24 DEBUG: Pod queued at workstation.    [picking_buffer = {74: 623.3611631874112}]
2026-07-01 19:44:24 DEBUG:    EVENT NUM 756   current_time = 00:10:23   START_PICKING         [queue size = 21]
2026-07-01 19:44:24 DEBUG: Processing task 74 at workstation 1: picking items {2719} for orders {98}
2026-07-01 19:44:24 DEBUG:    EVENT NUM 757   current_time = 00:10:25   ARRIVAL_ORDER         [queue size = 21]
2026-07-01 19:44:24 DEBUG: Order 224 arrived: items_required = [7043, 4645, 7565].     [orders_in_system = 187]
2026-07-01 19:44:24 DEBUG:    EVENT NUM 758   current_time = 00:10:26   ARRIVAL_POD_WST       [queue size = 21]
2026-07-01 19:44:24 DEBUG: Pod 521 arrived at workstation 0 - status = IDLE
2026-07-01 19:44:24 DEBUG: Pod queued at workstation.    [picking_buffer = {57: 626.8686118030333}]
2026-07-01 19:44:24 DEBUG:    EVENT NUM 759   current_time = 00:10:26   START_PICKING         [queue size = 21]
2026-07-01 19:44:24 DEBUG: Processing task 57 at workstation 0: picking items {6603} for orders {53}
2026-07-01 19:44:24 DEBUG:    EVENT NUM 760   current_time = 00:10:30   ARRIVAL_ORDER         [queue size = 21]
2026-07-01 19:44:24 DEBUG: Order 225 arrived: items_required = [4721].     [orders_in_system = 188]
2026-07-01 19:44:24 DEBUG:    EVENT NUM 761   current_time = 00:10:33   END_PICKING           [queue size = 21]
2026-07-01 19:44:24 DEBUG: Ended picking at workstation 1.    [picking_buffer len = {}]
2026-07-01 19:44:24 DEBUG: Task should have served orders {98}, found open orders {98, 67, 34, 6}.
2026-07-01 19:44:24 DEBUG: Task 74 completed: pod 76 returning to storage.
2026-07-01 19:44:24 DEBUG:    EVENT NUM 762   current_time = 00:10:35   ARRIVAL_ORDER         [queue size = 21]
2026-07-01 19:44:24 DEBUG: Order 226 arrived: items_required = [11129].     [orders_in_system = 189]
2026-07-01 19:44:24 DEBUG:    EVENT NUM 763   current_time = 00:10:35   ARRIVAL_POD_WST       [queue size = 21]
2026-07-01 19:44:24 DEBUG: Pod 450 arrived at workstation 0 - status = BUSY
2026-07-01 19:44:24 DEBUG: Pod queued at workstation.    [picking_buffer = {58: 635.0179378379988}]
2026-07-01 19:44:24 DEBUG:    EVENT NUM 764   current_time = 00:10:35   ARRIVAL_POD_WST       [queue size = 20]
2026-07-01 19:44:24 DEBUG: Pod 148 arrived at workstation 1 - status = IDLE
2026-07-01 19:44:24 DEBUG: Pod queued at workstation.    [picking_buffer = {75: 635.7539445816612}]
2026-07-01 19:44:24 DEBUG:    EVENT NUM 765   current_time = 00:10:35   START_PICKING         [queue size = 20]
2026-07-01 19:44:24 DEBUG: Processing task 75 at workstation 1: picking items {5119} for orders {98}
2026-07-01 19:44:24 DEBUG:    EVENT NUM 766   current_time = 00:10:36   END_PICKING           [queue size = 20]
2026-07-01 19:44:24 DEBUG: Ended picking at workstation 0.    [picking_buffer len = {58: 635.0179378379988}]
2026-07-01 19:44:24 DEBUG: Task should have served orders {53}, found open orders {71, 42, 53, 24}.
2026-07-01 19:44:24 DEBUG: Task 57 completed: pod 521 returning to storage.
2026-07-01 19:44:24 DEBUG:    EVENT NUM 767   current_time = 00:10:36   START_PICKING         [queue size = 21]
2026-07-01 19:44:24 DEBUG: Processing task 58 at workstation 0: picking items {2424} for orders {53}
2026-07-01 19:44:24 DEBUG:    EVENT NUM 768   current_time = 00:10:39   ARRIVAL_POD_WST       [queue size = 21]
2026-07-01 19:44:24 DEBUG: Pod 102 arrived at workstation 0 - status = BUSY
2026-07-01 19:44:24 DEBUG: Pod queued at workstation.    [picking_buffer = {49: 639.1935005692535}]
2026-07-01 19:44:24 DEBUG:    EVENT NUM 769   current_time = 00:10:40   ARRIVAL_ORDER         [queue size = 20]
2026-07-01 19:44:24 DEBUG: Order 227 arrived: items_required = [5637].     [orders_in_system = 190]
2026-07-01 19:44:24 DEBUG:    EVENT NUM 770   current_time = 00:10:43   RETURN_POD            [queue size = 20]
2026-07-01 19:44:24 DEBUG: Pod 256 returned. Robot 0 idle.   [idle robots = 1/20, released tasks = 58]
2026-07-01 19:44:24 DEBUG:    EVENT NUM 771   current_time = 00:10:43   START_TASK            [queue size = 20]
2026-07-01 19:44:24 DEBUG: Task 68 started: robot 0 → pod 124 → workstation 0 for orders {53} (arrival = 803.3 s).   [idle robots = 0/20]
2026-07-01 19:44:24 DEBUG:    EVENT NUM 772   current_time = 00:10:45   ARRIVAL_ORDER         [queue size = 20]
2026-07-01 19:44:24 DEBUG: Order 228 arrived: items_required = [6383, 7264, 5518].     [orders_in_system = 191]
2026-07-01 19:44:24 DEBUG:    EVENT NUM 773   current_time = 00:10:45   END_PICKING           [queue size = 20]
2026-07-01 19:44:24 DEBUG: Ended picking at workstation 1.    [picking_buffer len = {}]
2026-07-01 19:44:24 DEBUG: Task should have served orders {98}, found open orders {98, 67, 34, 6}.
2026-07-01 19:44:24 DEBUG: Task 75 completed: pod 148 returning to storage.
2026-07-01 19:44:24 DEBUG:    EVENT NUM 774   current_time = 00:10:45   CLOSE_ORDER           [queue size = 21]
2026-07-01 19:44:24 DEBUG: Order 98 closed at workstation 1: flow_time = 645.8 s.     [order_buffer = 16] [open_orders = 3/4]
2026-07-01 19:44:24 DEBUG: Next order in buffer: 47
2026-07-01 19:44:24 DEBUG:    EVENT NUM 775   current_time = 00:10:45   OPEN_ORDER            [queue size = 21]
2026-07-01 19:44:24 DEBUG: Order 47 (skus required = {9989, 4845, 11281, 4021, 5117}) opened at workstation 1.   [open_orders = 4/4]
2026-07-01 19:44:24 DEBUG:    EVENT NUM 776   current_time = 00:10:45   START_TASK            [queue size = 21]
2026-07-01 19:44:24 DEBUG: Task 69 blocked: no idle robots.
2026-07-01 19:44:24 DEBUG:    EVENT NUM 777   current_time = 00:10:46   END_PICKING           [queue size = 20]
2026-07-01 19:44:24 DEBUG: Ended picking at workstation 0.    [picking_buffer len = {49: 639.1935005692535}]
2026-07-01 19:44:24 DEBUG: Task should have served orders {53}, found open orders {71, 42, 53, 24}.
2026-07-01 19:44:24 DEBUG: Task 58 completed: pod 450 returning to storage.
2026-07-01 19:44:24 DEBUG:    EVENT NUM 778   current_time = 00:10:46   START_PICKING         [queue size = 21]
2026-07-01 19:44:24 DEBUG: Processing task 49 at workstation 0: picking items {7508} for orders {71}
2026-07-01 19:44:24 DEBUG:    EVENT NUM 779   current_time = 00:10:48   RETURN_POD            [queue size = 21]
2026-07-01 19:44:24 DEBUG: Pod 141 returned. Robot 11 idle.   [idle robots = 1/20, released tasks = 57]
2026-07-01 19:44:24 DEBUG:    EVENT NUM 780   current_time = 00:10:48   START_TASK            [queue size = 21]
2026-07-01 19:44:24 DEBUG: Task 69 started: robot 11 → pod 47 → workstation 0 for orders {53} (arrival = 805.9 s).   [idle robots = 0/20]
2026-07-01 19:44:24 DEBUG:    EVENT NUM 781   current_time = 00:10:48   ARRIVAL_POD_WST       [queue size = 21]
2026-07-01 19:44:24 DEBUG: Pod 293 arrived at workstation 0 - status = BUSY
2026-07-01 19:44:24 DEBUG: Pod queued at workstation.    [picking_buffer = {62: 648.5701212670406}]
2026-07-01 19:44:24 DEBUG:    EVENT NUM 782   current_time = 00:10:50   ARRIVAL_ORDER         [queue size = 20]
2026-07-01 19:44:24 DEBUG: Order 229 arrived: items_required = [2463].     [orders_in_system = 191]
2026-07-01 19:44:24 DEBUG:    EVENT NUM 783   current_time = 00:10:55   ARRIVAL_ORDER         [queue size = 20]
2026-07-01 19:44:24 DEBUG: Order 230 arrived: items_required = [4222].     [orders_in_system = 192]
2026-07-01 19:44:24 DEBUG:    EVENT NUM 784   current_time = 00:10:55   ARRIVAL_POD_WST       [queue size = 20]
2026-07-01 19:44:24 DEBUG: Pod 455 arrived at workstation 0 - status = BUSY
2026-07-01 19:44:24 DEBUG: Pod queued at workstation.    [picking_buffer = {62: 648.5701212670406, 54: 655.7276086669128}]
2026-07-01 19:44:24 DEBUG:    EVENT NUM 785   current_time = 00:10:56   END_PICKING           [queue size = 19]
2026-07-01 19:44:24 DEBUG: Ended picking at workstation 0.    [picking_buffer len = {62: 648.5701212670406, 54: 655.7276086669128}]
2026-07-01 19:44:24 DEBUG: Task should have served orders {71}, found open orders {71, 42, 53, 24}.
2026-07-01 19:44:24 DEBUG: Task 49 heading to workstation 0.
2026-07-01 19:44:24 DEBUG:    EVENT NUM 786   current_time = 00:10:56   CLOSE_ORDER           [queue size = 21]
2026-07-01 19:44:24 DEBUG: Order 71 closed at workstation 0: flow_time = 656.9 s.     [order_buffer = 1] [open_orders = 3/4]
2026-07-01 19:44:24 DEBUG: Next order in buffer: 80
2026-07-01 19:44:24 DEBUG:    EVENT NUM 787   current_time = 00:10:56   ARRIVAL_POD_WST       [queue size = 21]
2026-07-01 19:44:24 DEBUG: Pod 102 arrived at workstation 0 - status = IDLE
2026-07-01 19:44:24 DEBUG: Pod queued at workstation.    [picking_buffer = {62: 648.5701212670406, 54: 655.7276086669128, 49: 656.8686118030333}]
2026-07-01 19:44:24 DEBUG:    EVENT NUM 788   current_time = 00:10:56   START_PICKING         [queue size = 21]
2026-07-01 19:44:24 DEBUG: Processing task 62 at workstation 0: picking items {5866} for orders {53}
2026-07-01 19:44:24 DEBUG:    EVENT NUM 789   current_time = 00:10:56   OPEN_ORDER            [queue size = 21]
2026-07-01 19:44:24 DEBUG: Order 80 (skus required = {8985}) opened at workstation 0.   [open_orders = 4/4]
2026-07-01 19:44:24 DEBUG:    EVENT NUM 790   current_time = 00:10:56   START_PICKING         [queue size = 21]
2026-07-01 19:44:24 DEBUG:    EVENT NUM 791   current_time = 00:10:56   START_TASK            [queue size = 20]
2026-07-01 19:44:24 DEBUG: Task 78 blocked: no idle robots.
2026-07-01 19:44:24 DEBUG:    EVENT NUM 792   current_time = 00:11:00   ARRIVAL_ORDER         [queue size = 19]
2026-07-01 19:44:24 DEBUG: Order 231 arrived: items_required = [4195].     [orders_in_system = 192]
2026-07-01 19:44:24 DEBUG:    EVENT NUM 793   current_time = 00:11:04   RETURN_POD            [queue size = 19]
2026-07-01 19:44:24 DEBUG: Pod 359 returned. Robot 7 idle.   [idle robots = 1/20, released tasks = 56]
2026-07-01 19:44:24 DEBUG:    EVENT NUM 794   current_time = 00:11:04   START_TASK            [queue size = 19]
2026-07-01 19:44:24 DEBUG: Task 78 started: robot 7 → pod 468 → workstation 1 for orders {67} (arrival = 737.0 s).   [idle robots = 0/20]
2026-07-01 19:44:24 DEBUG:    EVENT NUM 795   current_time = 00:11:05   ARRIVAL_ORDER         [queue size = 19]
2026-07-01 19:44:24 DEBUG: Order 232 arrived: items_required = [5734, 4368].     [orders_in_system = 193]
2026-07-01 19:44:24 DEBUG:    EVENT NUM 796   current_time = 00:11:06   END_PICKING           [queue size = 19]
2026-07-01 19:44:24 DEBUG: Ended picking at workstation 0.    [picking_buffer len = {54: 655.7276086669128, 49: 656.8686118030333}]
2026-07-01 19:44:24 DEBUG: Task should have served orders {53}, found open orders {42, 80, 53, 24}.
2026-07-01 19:44:24 DEBUG: Task 62 completed: pod 293 returning to storage.
2026-07-01 19:44:24 DEBUG:    EVENT NUM 797   current_time = 00:11:06   START_PICKING         [queue size = 20]
2026-07-01 19:44:24 DEBUG: Processing task 54 at workstation 0: picking items {4185} for orders {42}
2026-07-01 19:44:24 DEBUG:    EVENT NUM 798   current_time = 00:11:10   ARRIVAL_ORDER         [queue size = 20]
2026-07-01 19:44:24 DEBUG: Order 233 arrived: items_required = [6945].     [orders_in_system = 194]
2026-07-01 19:44:24 DEBUG:    EVENT NUM 799   current_time = 00:11:12   ARRIVAL_POD_WST       [queue size = 20]
2026-07-01 19:44:24 DEBUG: Pod 232 arrived at workstation 0 - status = BUSY
2026-07-01 19:44:24 DEBUG: Pod queued at workstation.    [picking_buffer = {49: 656.8686118030333, 56: 672.2133832776997}]
2026-07-01 19:44:24 DEBUG:    EVENT NUM 800   current_time = 00:11:15   ARRIVAL_ORDER         [queue size = 19]
2026-07-01 19:44:24 DEBUG: Order 234 arrived: items_required = [3360].     [orders_in_system = 195]
2026-07-01 19:44:24 DEBUG:    EVENT NUM 801   current_time = 00:11:16   END_PICKING           [queue size = 19]
2026-07-01 19:44:24 DEBUG: Ended picking at workstation 0.    [picking_buffer len = {49: 656.8686118030333, 56: 672.2133832776997}]
2026-07-01 19:44:24 DEBUG: Task should have served orders {42}, found open orders {42, 80, 53, 24}.
2026-07-01 19:44:24 DEBUG: Task 54 completed: pod 455 returning to storage.
2026-07-01 19:44:24 DEBUG:    EVENT NUM 802   current_time = 00:11:16   START_PICKING         [queue size = 20]
2026-07-01 19:44:24 DEBUG: Processing task 49 at workstation 0: picking items {2756} for orders {53}
2026-07-01 19:44:24 DEBUG:    EVENT NUM 803   current_time = 00:11:17   ARRIVAL_POD_WST       [queue size = 20]
2026-07-01 19:44:24 DEBUG: Pod 201 arrived at workstation 0 - status = BUSY
2026-07-01 19:44:24 DEBUG: Pod queued at workstation.    [picking_buffer = {56: 672.2133832776997, 64: 677.2080060071331}]
2026-07-01 19:44:24 DEBUG:    EVENT NUM 804   current_time = 00:11:20   ARRIVAL_ORDER         [queue size = 19]
2026-07-01 19:44:24 DEBUG: Order 235 arrived: items_required = [3806, 6514].     [orders_in_system = 196]
2026-07-01 19:44:24 DEBUG:    EVENT NUM 805   current_time = 00:11:25   ARRIVAL_ORDER         [queue size = 19]
2026-07-01 19:44:24 DEBUG: Order 236 arrived: items_required = [5622].     [orders_in_system = 197]
2026-07-01 19:44:24 DEBUG:    EVENT NUM 806   current_time = 00:11:25   RETURN_POD            [queue size = 19]
2026-07-01 19:44:24 DEBUG: Pod 315 returned. Robot 12 idle.   [idle robots = 1/20, released tasks = 55]
2026-07-01 19:44:24 DEBUG:    EVENT NUM 807   current_time = 00:11:25   START_TASK            [queue size = 19]
2026-07-01 19:44:24 DEBUG: Task 79 started: robot 12 → pod 379 → workstation 1 for orders {34} (arrival = 761.5 s).   [idle robots = 0/20]
2026-07-01 19:44:24 DEBUG:    EVENT NUM 808   current_time = 00:11:26   END_PICKING           [queue size = 19]
2026-07-01 19:44:24 DEBUG: Ended picking at workstation 0.    [picking_buffer len = {56: 672.2133832776997, 64: 677.2080060071331}]
2026-07-01 19:44:24 DEBUG: Task should have served orders {53}, found open orders {42, 80, 53, 24}.
2026-07-01 19:44:24 DEBUG: Task 49 completed: pod 102 returning to storage.
2026-07-01 19:44:24 DEBUG:    EVENT NUM 809   current_time = 00:11:26   START_PICKING         [queue size = 20]
2026-07-01 19:44:24 DEBUG: Processing task 56 at workstation 0: picking items {7731} for orders {24}
2026-07-01 19:44:24 DEBUG:    EVENT NUM 810   current_time = 00:11:27   RETURN_POD            [queue size = 20]
2026-07-01 19:44:24 DEBUG: Pod 238 returned. Robot 15 idle.   [idle robots = 1/20, released tasks = 54]
2026-07-01 19:44:24 DEBUG:    EVENT NUM 811   current_time = 00:11:27   START_TASK            [queue size = 20]
2026-07-01 19:44:24 DEBUG: Task 80 started: robot 15 → pod 329 → workstation 1 for orders {34} (arrival = 772.4 s).   [idle robots = 0/20]
2026-07-01 19:44:24 DEBUG:    EVENT NUM 812   current_time = 00:11:30   ARRIVAL_ORDER         [queue size = 20]
2026-07-01 19:44:24 DEBUG: Order 237 arrived: items_required = [4130, 8146, 7222, 7334].     [orders_in_system = 198]
2026-07-01 19:44:24 DEBUG:    EVENT NUM 813   current_time = 00:11:35   ARRIVAL_ORDER         [queue size = 20]
2026-07-01 19:44:24 DEBUG: Order 238 arrived: items_required = [9517].     [orders_in_system = 199]
2026-07-01 19:44:24 DEBUG:    EVENT NUM 814   current_time = 00:11:35   ARRIVAL_POD_WST       [queue size = 20]
2026-07-01 19:44:24 DEBUG: Pod 121 arrived at workstation 0 - status = BUSY
2026-07-01 19:44:24 DEBUG: Pod queued at workstation.    [picking_buffer = {64: 677.2080060071331, 66: 695.2362959030897}]
2026-07-01 19:44:24 DEBUG:    EVENT NUM 815   current_time = 00:11:36   END_PICKING           [queue size = 19]
2026-07-01 19:44:24 DEBUG: Ended picking at workstation 0.    [picking_buffer len = {64: 677.2080060071331, 66: 695.2362959030897}]
2026-07-01 19:44:24 DEBUG: Task should have served orders {24}, found open orders {42, 80, 53, 24}.
2026-07-01 19:44:24 DEBUG: Task 56 completed: pod 232 returning to storage.
2026-07-01 19:44:24 DEBUG:    EVENT NUM 816   current_time = 00:11:36   CLOSE_ORDER           [queue size = 21]
2026-07-01 19:44:24 DEBUG: Order 24 closed at workstation 0: flow_time = 696.9 s.     [order_buffer = 0] [open_orders = 3/4]
2026-07-01 19:44:24 DEBUG:    EVENT NUM 817   current_time = 00:11:36   START_PICKING         [queue size = 20]
2026-07-01 19:44:24 DEBUG: Processing task 64 at workstation 0: picking items {3792} for orders {53}
2026-07-01 19:44:24 DEBUG:    EVENT NUM 818   current_time = 00:11:36   RETURN_POD            [queue size = 20]
2026-07-01 19:44:24 DEBUG: Pod 115 returned. Robot 2 idle.   [idle robots = 1/20, released tasks = 53]
2026-07-01 19:44:24 DEBUG:    EVENT NUM 819   current_time = 00:11:36   START_TASK            [queue size = 20]
2026-07-01 19:44:24 DEBUG: Task 81 started: robot 2 → pod 473 → workstation 1 for orders {34} (arrival = 796.7 s).   [idle robots = 0/20]
2026-07-01 19:44:24 DEBUG:    EVENT NUM 820   current_time = 00:11:39   ARRIVAL_POD_WST       [queue size = 20]
2026-07-01 19:44:24 DEBUG: Pod 204 arrived at workstation 0 - status = BUSY
2026-07-01 19:44:24 DEBUG: Pod queued at workstation.    [picking_buffer = {66: 695.2362959030897, 60: 699.3268563228909}]
2026-07-01 19:44:24 DEBUG:    EVENT NUM 821   current_time = 00:11:40   ARRIVAL_ORDER         [queue size = 19]
2026-07-01 19:44:24 DEBUG: Order 239 arrived: items_required = [6451].     [orders_in_system = 199]
2026-07-01 19:44:24 DEBUG:    EVENT NUM 822   current_time = 00:11:45   ARRIVAL_ORDER         [queue size = 19]
2026-07-01 19:44:24 DEBUG: Order 240 arrived: items_required = [7537, 6501].     [orders_in_system = 200]
2026-07-01 19:44:24 DEBUG:    EVENT NUM 823   current_time = 00:11:46   END_PICKING           [queue size = 19]
2026-07-01 19:44:24 DEBUG: Ended picking at workstation 0.    [picking_buffer len = {66: 695.2362959030897, 60: 699.3268563228909}]
2026-07-01 19:44:24 DEBUG: Task should have served orders {53}, found open orders {42, 80, 53}.
2026-07-01 19:44:24 DEBUG: Task 64 completed: pod 201 returning to storage.
2026-07-01 19:44:24 DEBUG:    EVENT NUM 824   current_time = 00:11:46   START_PICKING         [queue size = 20]
2026-07-01 19:44:24 DEBUG: Processing task 66 at workstation 0: picking items {3119} for orders {53}
2026-07-01 19:44:24 DEBUG:    EVENT NUM 825   current_time = 00:11:50   ARRIVAL_ORDER         [queue size = 20]
2026-07-01 19:44:24 DEBUG: Order 241 arrived: items_required = [5825].     [orders_in_system = 201]
2026-07-01 19:44:24 DEBUG:    EVENT NUM 826   current_time = 00:11:50   RETURN_POD            [queue size = 20]
2026-07-01 19:44:24 DEBUG: Pod 245 returned. Robot 10 idle.   [idle robots = 1/20, released tasks = 52]
2026-07-01 19:44:24 DEBUG:    EVENT NUM 827   current_time = 00:11:50   START_TASK            [queue size = 20]
2026-07-01 19:44:24 DEBUG: Task 82 started: robot 10 → pod 66 → workstation 1 for orders {6} (arrival = 815.6 s).   [idle robots = 0/20]
2026-07-01 19:44:24 DEBUG:    EVENT NUM 828   current_time = 00:11:52   RETURN_POD            [queue size = 20]
2026-07-01 19:44:24 DEBUG: Pod 97 returned. Robot 19 idle.   [idle robots = 1/20, released tasks = 51]
2026-07-01 19:44:24 DEBUG:    EVENT NUM 829   current_time = 00:11:52   START_TASK            [queue size = 20]
2026-07-01 19:44:24 DEBUG: Task 83 started: robot 19 → pod 218 → workstation 1 for orders {67} (arrival = 810.6 s).   [idle robots = 0/20]
2026-07-01 19:44:24 DEBUG:    EVENT NUM 830   current_time = 00:11:55   ARRIVAL_ORDER         [queue size = 20]
2026-07-01 19:44:24 DEBUG: Order 242 arrived: items_required = [4901, 8445, 8406, 5815].     [orders_in_system = 202]
2026-07-01 19:44:24 DEBUG:    EVENT NUM 831   current_time = 00:11:56   END_PICKING           [queue size = 20]
2026-07-01 19:44:24 DEBUG: Ended picking at workstation 0.    [picking_buffer len = {60: 699.3268563228909}]
2026-07-01 19:44:24 DEBUG: Task should have served orders {53}, found open orders {42, 80, 53}.
2026-07-01 19:44:24 DEBUG: Task 66 completed: pod 121 returning to storage.
2026-07-01 19:44:24 DEBUG:    EVENT NUM 832   current_time = 00:11:56   START_PICKING         [queue size = 21]
2026-07-01 19:44:24 DEBUG: Processing task 60 at workstation 0: picking items {8501} for orders {42}
2026-07-01 19:44:24 DEBUG:    EVENT NUM 833   current_time = 00:12:00   ARRIVAL_ORDER         [queue size = 21]
2026-07-01 19:44:24 DEBUG: Order 243 arrived: items_required = [9164].     [orders_in_system = 203]
2026-07-01 19:44:24 DEBUG:    EVENT NUM 834   current_time = 00:12:00   RETURN_POD            [queue size = 21]
2026-07-01 19:44:24 DEBUG: Pod 521 returned. Robot 9 idle.   [idle robots = 1/20, released tasks = 50]
2026-07-01 19:44:24 DEBUG:    EVENT NUM 835   current_time = 00:12:00   START_TASK            [queue size = 21]
2026-07-01 19:44:24 DEBUG: Task 84 started: robot 9 → pod 285 → workstation 1 for orders {47} (arrival = 773.3 s).   [idle robots = 0/20]
2026-07-01 19:44:24 DEBUG:    EVENT NUM 836   current_time = 00:12:05   ARRIVAL_ORDER         [queue size = 21]
2026-07-01 19:44:24 DEBUG: Order 244 arrived: items_required = [7346].     [orders_in_system = 204]
2026-07-01 19:44:24 DEBUG:    EVENT NUM 837   current_time = 00:12:06   END_PICKING           [queue size = 21]
2026-07-01 19:44:24 DEBUG: Ended picking at workstation 0.    [picking_buffer len = {}]
2026-07-01 19:44:24 DEBUG: Task should have served orders {42}, found open orders {42, 80, 53}.
2026-07-01 19:44:24 DEBUG: Task 60 completed: pod 204 returning to storage.
2026-07-01 19:44:24 DEBUG:    EVENT NUM 838   current_time = 00:12:06   CLOSE_ORDER           [queue size = 22]
2026-07-01 19:44:24 DEBUG: Order 42 closed at workstation 0: flow_time = 726.9 s.     [order_buffer = 0] [open_orders = 2/4]
2026-07-01 19:44:24 DEBUG:    EVENT NUM 839   current_time = 00:12:08   RETURN_POD            [queue size = 21]
2026-07-01 19:44:24 DEBUG: Pod 199 returned. Robot 1 idle.   [idle robots = 1/20, released tasks = 49]
2026-07-01 19:44:24 DEBUG:    EVENT NUM 840   current_time = 00:12:08   START_TASK            [queue size = 21]
2026-07-01 19:44:24 DEBUG: Task 85 started: robot 1 → pod 145 → workstation 2 for orders {23} (arrival = 842.2 s).   [idle robots = 0/20]
2026-07-01 19:44:24 DEBUG:    EVENT NUM 841   current_time = 00:12:10   ARRIVAL_ORDER         [queue size = 21]
2026-07-01 19:44:24 DEBUG: Order 245 arrived: items_required = [8025].     [orders_in_system = 204]
2026-07-01 19:44:24 DEBUG:    EVENT NUM 842   current_time = 00:12:11   RETURN_POD            [queue size = 21]
2026-07-01 19:44:24 DEBUG: Pod 450 returned. Robot 3 idle.   [idle robots = 1/20, released tasks = 48]
2026-07-01 19:44:24 DEBUG:    EVENT NUM 843   current_time = 00:12:11   START_TASK            [queue size = 21]
2026-07-01 19:44:24 DEBUG: Task 86 started: robot 3 → pod 365 → workstation 1 for orders {82} (arrival = 796.9 s).   [idle robots = 0/20]
2026-07-01 19:44:24 DEBUG:    EVENT NUM 844   current_time = 00:12:14   RETURN_POD            [queue size = 21]
2026-07-01 19:44:24 DEBUG: Pod 455 returned. Robot 8 idle.   [idle robots = 1/20, released tasks = 47]
2026-07-01 19:44:24 DEBUG:    EVENT NUM 845   current_time = 00:12:14   START_TASK            [queue size = 21]
2026-07-01 19:44:24 DEBUG: Task 87 started: robot 8 → pod 44 → workstation 2 for orders {23} (arrival = 858.6 s).   [idle robots = 0/20]
2026-07-01 19:44:24 DEBUG:    EVENT NUM 846   current_time = 00:12:15   ARRIVAL_ORDER         [queue size = 21]
2026-07-01 19:44:24 DEBUG: Order 246 arrived: items_required = [5780, 6870].     [orders_in_system = 205]
2026-07-01 19:44:24 DEBUG:    EVENT NUM 847   current_time = 00:12:17   ARRIVAL_POD_WST       [queue size = 21]
2026-07-01 19:44:24 DEBUG: Pod 468 arrived at workstation 1 - status = IDLE
2026-07-01 19:44:24 DEBUG: Pod queued at workstation.    [picking_buffer = {78: 737.0337027732793}]
2026-07-01 19:44:24 DEBUG:    EVENT NUM 848   current_time = 00:12:17   START_PICKING         [queue size = 21]
2026-07-01 19:44:24 DEBUG: Processing task 78 at workstation 1: picking items {7131} for orders {67}
2026-07-01 19:44:24 DEBUG:    EVENT NUM 849   current_time = 00:12:20   ARRIVAL_ORDER         [queue size = 21]
2026-07-01 19:44:24 DEBUG: Order 247 arrived: items_required = [6501].     [orders_in_system = 206]
2026-07-01 19:44:24 DEBUG:    EVENT NUM 850   current_time = 00:12:25   ARRIVAL_ORDER         [queue size = 21]
2026-07-01 19:44:24 DEBUG: Order 248 arrived: items_required = [7863, 10161].     [orders_in_system = 207]
2026-07-01 19:44:24 DEBUG:    EVENT NUM 851   current_time = 00:12:27   END_PICKING           [queue size = 21]
2026-07-01 19:44:24 DEBUG: Ended picking at workstation 1.    [picking_buffer len = {}]
2026-07-01 19:44:24 DEBUG: Task should have served orders {67}, found open orders {67, 34, 6, 47}.
2026-07-01 19:44:24 DEBUG: Task 78 heading to workstation 1.
2026-07-01 19:44:24 DEBUG:    EVENT NUM 852   current_time = 00:12:27   ARRIVAL_POD_WST       [queue size = 21]
2026-07-01 19:44:24 DEBUG: Pod 468 arrived at workstation 1 - status = IDLE
2026-07-01 19:44:24 DEBUG: Pod queued at workstation.    [picking_buffer = {78: 747.0337027732793}]
2026-07-01 19:44:24 DEBUG:    EVENT NUM 853   current_time = 00:12:27   START_PICKING         [queue size = 21]
2026-07-01 19:44:24 DEBUG: Processing task 78 at workstation 1: picking items {9989} for orders {47}
2026-07-01 19:44:24 DEBUG:    EVENT NUM 854   current_time = 00:12:30   ARRIVAL_ORDER         [queue size = 21]
2026-07-01 19:44:24 DEBUG: Order 249 arrived: items_required = [7512, 10311].     [orders_in_system = 208]
2026-07-01 19:44:24 DEBUG:    EVENT NUM 855   current_time = 00:12:35   ARRIVAL_ORDER         [queue size = 21]
2026-07-01 19:44:24 DEBUG: Order 250 arrived: items_required = [7017, 7164].     [orders_in_system = 209]
2026-07-01 19:44:24 DEBUG:    EVENT NUM 856   current_time = 00:12:37   END_PICKING           [queue size = 21]
2026-07-01 19:44:24 DEBUG: Ended picking at workstation 1.    [picking_buffer len = {}]
2026-07-01 19:44:24 DEBUG: Task should have served orders {47}, found open orders {67, 34, 6, 47}.
2026-07-01 19:44:24 DEBUG: Task 78 completed: pod 468 returning to storage.
2026-07-01 19:44:24 DEBUG:    EVENT NUM 857   current_time = 00:12:40   ARRIVAL_ORDER         [queue size = 21]
2026-07-01 19:44:24 DEBUG: Order 251 arrived: items_required = [640].     [orders_in_system = 210]
2026-07-01 19:44:24 DEBUG:    EVENT NUM 858   current_time = 00:12:41   ARRIVAL_POD_WST       [queue size = 21]
2026-07-01 19:44:24 DEBUG: Pod 379 arrived at workstation 1 - status = IDLE
2026-07-01 19:44:24 DEBUG: Pod queued at workstation.    [picking_buffer = {79: 761.4552365052828}]
2026-07-01 19:44:24 DEBUG:    EVENT NUM 859   current_time = 00:12:41   START_PICKING         [queue size = 21]
2026-07-01 19:44:24 DEBUG: Processing task 79 at workstation 1: picking items {3412} for orders {34}
2026-07-01 19:44:24 DEBUG:    EVENT NUM 860   current_time = 00:12:44   RETURN_POD            [queue size = 21]
2026-07-01 19:44:24 DEBUG: Pod 293 returned. Robot 14 idle.   [idle robots = 1/20, released tasks = 46]
2026-07-01 19:44:24 DEBUG:    EVENT NUM 861   current_time = 00:12:44   START_TASK            [queue size = 21]
2026-07-01 19:44:24 DEBUG: Task 88 started: robot 14 → pod 31 → workstation 2 for orders {95} (arrival = 880.1 s).   [idle robots = 0/20]
2026-07-01 19:44:24 DEBUG:    EVENT NUM 862   current_time = 00:12:45   ARRIVAL_ORDER         [queue size = 21]
2026-07-01 19:44:24 DEBUG: Order 252 arrived: items_required = [6010].     [orders_in_system = 211]
2026-07-01 19:44:24 DEBUG:    EVENT NUM 863   current_time = 00:12:47   RETURN_POD            [queue size = 21]
2026-07-01 19:44:24 DEBUG: Pod 232 returned. Robot 6 idle.   [idle robots = 1/20, released tasks = 45]
2026-07-01 19:44:24 DEBUG:    EVENT NUM 864   current_time = 00:12:47   START_TASK            [queue size = 21]
2026-07-01 19:44:24 DEBUG: Task 89 started: robot 6 → pod 257 → workstation 1 for orders {47} (arrival = 848.6 s).   [idle robots = 0/20]
2026-07-01 19:44:24 DEBUG:    EVENT NUM 865   current_time = 00:12:50   ARRIVAL_ORDER         [queue size = 21]
2026-07-01 19:44:24 DEBUG: Order 253 arrived: items_required = [5671].     [orders_in_system = 212]
2026-07-01 19:44:24 DEBUG:    EVENT NUM 866   current_time = 00:12:51   END_PICKING           [queue size = 21]
2026-07-01 19:44:24 DEBUG: Ended picking at workstation 1.    [picking_buffer len = {}]
2026-07-01 19:44:24 DEBUG: Task should have served orders {34}, found open orders {67, 34, 6, 47}.
2026-07-01 19:44:24 DEBUG: Task 79 completed: pod 379 returning to storage.
2026-07-01 19:44:24 DEBUG:    EVENT NUM 867   current_time = 00:12:52   ARRIVAL_POD_WST       [queue size = 21]
2026-07-01 19:44:24 DEBUG: Pod 329 arrived at workstation 1 - status = IDLE
2026-07-01 19:44:24 DEBUG: Pod queued at workstation.    [picking_buffer = {80: 772.3603354189879}]
2026-07-01 19:44:24 DEBUG:    EVENT NUM 868   current_time = 00:12:52   START_PICKING         [queue size = 21]
2026-07-01 19:44:24 DEBUG: Processing task 80 at workstation 1: picking items {5925} for orders {34}
2026-07-01 19:44:24 DEBUG:    EVENT NUM 869   current_time = 00:12:52   RETURN_POD            [queue size = 21]
2026-07-01 19:44:24 DEBUG: Pod 76 returned. Robot 4 idle.   [idle robots = 1/20, released tasks = 44]
2026-07-01 19:44:24 DEBUG:    EVENT NUM 870   current_time = 00:12:52   START_TASK            [queue size = 21]
2026-07-01 19:44:24 DEBUG: Task 90 started: robot 4 → pod 21 → workstation 2 for orders {95} (arrival = 923.0 s).   [idle robots = 0/20]
2026-07-01 19:44:24 DEBUG:    EVENT NUM 871   current_time = 00:12:53   ARRIVAL_POD_WST       [queue size = 21]
2026-07-01 19:44:24 DEBUG: Pod 285 arrived at workstation 1 - status = BUSY
2026-07-01 19:44:24 DEBUG: Pod queued at workstation.    [picking_buffer = {84: 773.3194054782496}]
2026-07-01 19:44:24 DEBUG:    EVENT NUM 872   current_time = 00:12:55   ARRIVAL_ORDER         [queue size = 20]
2026-07-01 19:44:24 DEBUG: Order 254 arrived: items_required = [6214].     [orders_in_system = 213]
2026-07-01 19:44:24 DEBUG:    EVENT NUM 873   current_time = 00:13:00   ARRIVAL_ORDER         [queue size = 20]
2026-07-01 19:44:24 DEBUG: Order 255 arrived: items_required = [6267, 2928].     [orders_in_system = 214]
2026-07-01 19:44:24 DEBUG:    EVENT NUM 874   current_time = 00:13:00   RETURN_POD            [queue size = 20]
2026-07-01 19:44:24 DEBUG: Pod 148 returned. Robot 17 idle.   [idle robots = 1/20, released tasks = 43]
2026-07-01 19:44:24 DEBUG:    EVENT NUM 875   current_time = 00:13:00   START_TASK            [queue size = 20]
2026-07-01 19:44:24 DEBUG: Task 91 started: robot 17 → pod 231 → workstation 1 for orders {47} (arrival = 863.1 s).   [idle robots = 0/20]
2026-07-01 19:44:24 DEBUG:    EVENT NUM 876   current_time = 00:13:02   END_PICKING           [queue size = 20]
2026-07-01 19:44:24 DEBUG: Ended picking at workstation 1.    [picking_buffer len = {84: 773.3194054782496}]
2026-07-01 19:44:24 DEBUG: Task should have served orders {34}, found open orders {67, 34, 6, 47}.
2026-07-01 19:44:24 DEBUG: Task 80 completed: pod 329 returning to storage.
2026-07-01 19:44:24 DEBUG:    EVENT NUM 877   current_time = 00:13:02   START_PICKING         [queue size = 21]
2026-07-01 19:44:24 DEBUG: Processing task 84 at workstation 1: picking items {5117} for orders {47}
2026-07-01 19:44:24 DEBUG:    EVENT NUM 878   current_time = 00:13:05   ARRIVAL_ORDER         [queue size = 21]
2026-07-01 19:44:24 DEBUG: Order 256 arrived: items_required = [3547].     [orders_in_system = 215]
2026-07-01 19:44:24 DEBUG:    EVENT NUM 879   current_time = 00:13:10   ARRIVAL_ORDER         [queue size = 21]
2026-07-01 19:44:24 DEBUG: Order 257 arrived: items_required = [9808, 8420, 1343].     [orders_in_system = 216]
2026-07-01 19:44:24 DEBUG:    EVENT NUM 880   current_time = 00:13:12   END_PICKING           [queue size = 21]
2026-07-01 19:44:24 DEBUG: Ended picking at workstation 1.    [picking_buffer len = {}]
2026-07-01 19:44:24 DEBUG: Task should have served orders {47}, found open orders {67, 34, 6, 47}.
2026-07-01 19:44:24 DEBUG: Task 84 completed: pod 285 returning to storage.
2026-07-01 19:44:24 DEBUG:    EVENT NUM 881   current_time = 00:13:15   ARRIVAL_ORDER         [queue size = 21]
2026-07-01 19:44:24 DEBUG: Order 258 arrived: items_required = [9012].     [orders_in_system = 217]
2026-07-01 19:44:24 DEBUG:    EVENT NUM 882   current_time = 00:13:16   ARRIVAL_POD_WST       [queue size = 21]
2026-07-01 19:44:24 DEBUG: Pod 473 arrived at workstation 1 - status = IDLE
2026-07-01 19:44:24 DEBUG: Pod queued at workstation.    [picking_buffer = {81: 796.6999248811034}]
2026-07-01 19:44:24 DEBUG:    EVENT NUM 883   current_time = 00:13:16   START_PICKING         [queue size = 21]
2026-07-01 19:44:24 DEBUG: Processing task 81 at workstation 1: picking items {8393} for orders {34}
2026-07-01 19:44:24 DEBUG:    EVENT NUM 884   current_time = 00:13:16   ARRIVAL_POD_WST       [queue size = 21]
2026-07-01 19:44:24 DEBUG: Pod 365 arrived at workstation 1 - status = BUSY
2026-07-01 19:44:24 DEBUG: Pod queued at workstation.    [picking_buffer = {86: 796.9446333613424}]
2026-07-01 19:44:24 DEBUG:    EVENT NUM 885   current_time = 00:13:20   ARRIVAL_ORDER         [queue size = 20]
2026-07-01 19:44:24 DEBUG: Order 259 arrived: items_required = [11792, 7155, 2456, 8895, 3565].     [orders_in_system = 218]
2026-07-01 19:44:24 DEBUG:    EVENT NUM 886   current_time = 00:13:22   RETURN_POD            [queue size = 20]
2026-07-01 19:44:24 DEBUG: Pod 102 returned. Robot 16 idle.   [idle robots = 1/20, released tasks = 42]
2026-07-01 19:44:24 DEBUG:    EVENT NUM 887   current_time = 00:13:22   START_TASK            [queue size = 20]
2026-07-01 19:44:24 DEBUG: Task 92 blocked: no orders in {1: [90]} is open yet.  [released tasks = 41]
2026-07-01 19:44:24 DEBUG: Task 93 started: robot 16 → pod 350 → workstation 1 for orders {47} (arrival = 917.1 s).   [idle robots = 0/20]
2026-07-01 19:44:24 DEBUG:    EVENT NUM 888   current_time = 00:13:23   ARRIVAL_POD_WST       [queue size = 20]
2026-07-01 19:44:24 DEBUG: Pod 124 arrived at workstation 0 - status = IDLE
2026-07-01 19:44:24 DEBUG: Pod queued at workstation.    [picking_buffer = {68: 803.3234802833472}]
2026-07-01 19:44:24 DEBUG:    EVENT NUM 889   current_time = 00:13:23   START_PICKING         [queue size = 20]
2026-07-01 19:44:24 DEBUG: Processing task 68 at workstation 0: picking items {5131} for orders {53}
2026-07-01 19:44:24 DEBUG:    EVENT NUM 890   current_time = 00:13:25   ARRIVAL_ORDER         [queue size = 20]
2026-07-01 19:44:24 DEBUG: Order 260 arrived: items_required = [7324].     [orders_in_system = 219]
2026-07-01 19:44:24 DEBUG:    EVENT NUM 891   current_time = 00:13:25   ARRIVAL_POD_WST       [queue size = 20]
2026-07-01 19:44:24 DEBUG: Pod 47 arrived at workstation 0 - status = BUSY
2026-07-01 19:44:24 DEBUG: Pod queued at workstation.    [picking_buffer = {69: 805.932623248335}]
2026-07-01 19:44:24 DEBUG:    EVENT NUM 892   current_time = 00:13:26   END_PICKING           [queue size = 19]
2026-07-01 19:44:24 DEBUG: Ended picking at workstation 1.    [picking_buffer len = {86: 796.9446333613424}]
2026-07-01 19:44:24 DEBUG: Task should have served orders {34}, found open orders {67, 34, 6, 47}.
2026-07-01 19:44:24 DEBUG: Task 81 completed: pod 473 returning to storage.
2026-07-01 19:44:24 DEBUG:    EVENT NUM 893   current_time = 00:13:26   CLOSE_ORDER           [queue size = 21]
2026-07-01 19:44:24 DEBUG: Order 34 closed at workstation 1: flow_time = 806.7 s.     [order_buffer = 15] [open_orders = 3/4]
2026-07-01 19:44:24 DEBUG: Next order in buffer: 82
2026-07-01 19:44:24 DEBUG:    EVENT NUM 894   current_time = 00:13:26   START_PICKING         [queue size = 21]
2026-07-01 19:44:24 DEBUG: start_picking: WS 1 has no actionable task in buffer.
2026-07-01 19:44:24 DEBUG:    EVENT NUM 895   current_time = 00:13:26   OPEN_ORDER            [queue size = 20]
2026-07-01 19:44:24 DEBUG: Order 82 (skus required = {8897}) opened at workstation 1.   [open_orders = 4/4]
2026-07-01 19:44:24 DEBUG:    EVENT NUM 896   current_time = 00:13:26   START_TASK            [queue size = 21]
2026-07-01 19:44:24 DEBUG: Task 92 blocked: no idle robots.
2026-07-01 19:44:24 DEBUG:    EVENT NUM 897   current_time = 00:13:26   START_PICKING         [queue size = 20]
2026-07-01 19:44:24 DEBUG: Processing task 86 at workstation 1: picking items {8897} for orders {82}
2026-07-01 19:44:24 DEBUG:    EVENT NUM 898   current_time = 00:13:30   ARRIVAL_ORDER         [queue size = 20]
2026-07-01 19:44:24 DEBUG: Order 261 arrived: items_required = [4542].     [orders_in_system = 219]
2026-07-01 19:44:24 DEBUG:    EVENT NUM 899   current_time = 00:13:30   ARRIVAL_POD_WST       [queue size = 20]
2026-07-01 19:44:24 DEBUG: Pod 218 arrived at workstation 1 - status = BUSY
2026-07-01 19:44:24 DEBUG: Pod queued at workstation.    [picking_buffer = {83: 810.6360493104189}]
2026-07-01 19:44:24 DEBUG:    EVENT NUM 900   current_time = 00:13:33   END_PICKING           [queue size = 19]
2026-07-01 19:44:24 DEBUG: Ended picking at workstation 0.    [picking_buffer len = {69: 805.932623248335}]
2026-07-01 19:44:24 DEBUG: Task should have served orders {53}, found open orders {80, 53}.
2026-07-01 19:44:24 DEBUG: Task 68 completed: pod 124 returning to storage.
2026-07-01 19:44:24 DEBUG:    EVENT NUM 901   current_time = 00:13:33   START_PICKING         [queue size = 20]
2026-07-01 19:44:24 DEBUG: Processing task 69 at workstation 0: picking items {5039} for orders {53}
2026-07-01 19:44:24 DEBUG:    EVENT NUM 902   current_time = 00:13:35   ARRIVAL_ORDER         [queue size = 20]
2026-07-01 19:44:24 DEBUG: Order 262 arrived: items_required = [7762].     [orders_in_system = 220]
2026-07-01 19:44:24 DEBUG:    EVENT NUM 903   current_time = 00:13:35   ARRIVAL_POD_WST       [queue size = 20]
2026-07-01 19:44:24 DEBUG: Pod 66 arrived at workstation 1 - status = BUSY
2026-07-01 19:44:24 DEBUG: Pod queued at workstation.    [picking_buffer = {83: 810.6360493104189, 82: 815.6395550793271}]
2026-07-01 19:44:24 DEBUG:    EVENT NUM 904   current_time = 00:13:36   END_PICKING           [queue size = 19]
2026-07-01 19:44:24 DEBUG: Ended picking at workstation 1.    [picking_buffer len = {83: 810.6360493104189, 82: 815.6395550793271}]
2026-07-01 19:44:24 DEBUG: Task should have served orders {82}, found open orders {67, 6, 47, 82}.
2026-07-01 19:44:24 DEBUG: Task 86 completed: pod 365 returning to storage.
2026-07-01 19:44:24 DEBUG:    EVENT NUM 905   current_time = 00:13:36   CLOSE_ORDER           [queue size = 21]
2026-07-01 19:44:24 DEBUG: Order 82 closed at workstation 1: flow_time = 816.7 s.     [order_buffer = 14] [open_orders = 3/4]
2026-07-01 19:44:24 DEBUG: Next order in buffer: 90
2026-07-01 19:44:24 DEBUG:    EVENT NUM 906   current_time = 00:13:36   START_PICKING         [queue size = 21]
2026-07-01 19:44:24 DEBUG: Processing task 83 at workstation 1: picking items {6786} for orders {67}
2026-07-01 19:44:24 DEBUG:    EVENT NUM 907   current_time = 00:13:36   OPEN_ORDER            [queue size = 21]
2026-07-01 19:44:24 DEBUG: Order 90 (skus required = {3881}) opened at workstation 1.   [open_orders = 4/4]
2026-07-01 19:44:24 DEBUG:    EVENT NUM 908   current_time = 00:13:36   START_TASK            [queue size = 21]
2026-07-01 19:44:24 DEBUG: Task 92 blocked: no idle robots.
2026-07-01 19:44:24 DEBUG:    EVENT NUM 909   current_time = 00:13:40   ARRIVAL_ORDER         [queue size = 20]
2026-07-01 19:44:24 DEBUG: Order 263 arrived: items_required = [6913].     [orders_in_system = 220]
2026-07-01 19:44:24 DEBUG:    EVENT NUM 910   current_time = 00:13:43   END_PICKING           [queue size = 20]
2026-07-01 19:44:24 DEBUG: Ended picking at workstation 0.    [picking_buffer len = {}]
2026-07-01 19:44:24 DEBUG: Task should have served orders {53}, found open orders {80, 53}.
2026-07-01 19:44:24 DEBUG: Task 69 completed: pod 47 returning to storage.
2026-07-01 19:44:24 DEBUG:    EVENT NUM 911   current_time = 00:13:43   CLOSE_ORDER           [queue size = 21]
2026-07-01 19:44:24 DEBUG: Order 53 closed at workstation 0: flow_time = 823.3 s.     [order_buffer = 0] [open_orders = 1/4]
2026-07-01 19:44:24 DEBUG:    EVENT NUM 912   current_time = 00:13:44   RETURN_POD            [queue size = 20]
2026-07-01 19:44:24 DEBUG: Pod 201 returned. Robot 18 idle.   [idle robots = 1/20, released tasks = 41]
2026-07-01 19:44:24 DEBUG:    EVENT NUM 913   current_time = 00:13:44   START_TASK            [queue size = 20]
2026-07-01 19:44:24 DEBUG: Task 92 started: robot 18 → pod 252 → workstation 1 for orders {90} (arrival = 926.0 s).   [idle robots = 0/20]
2026-07-01 19:44:24 DEBUG:    EVENT NUM 914   current_time = 00:13:44   RETURN_POD            [queue size = 20]
2026-07-01 19:44:24 DEBUG: Pod 204 returned. Robot 13 idle.   [idle robots = 1/20, released tasks = 40]
2026-07-01 19:44:24 DEBUG:    EVENT NUM 915   current_time = 00:13:44   START_TASK            [queue size = 20]
2026-07-01 19:44:24 DEBUG: Task 94 started: robot 13 → pod 585 → workstation 2 for orders {96} (arrival = 847.2 s).   [idle robots = 0/20]
2026-07-01 19:44:24 DEBUG:    EVENT NUM 916   current_time = 00:13:45   ARRIVAL_ORDER         [queue size = 20]
2026-07-01 19:44:24 DEBUG: Order 264 arrived: items_required = [6236].     [orders_in_system = 220]
2026-07-01 19:44:24 DEBUG:    EVENT NUM 917   current_time = 00:13:45   RETURN_POD            [queue size = 20]
2026-07-01 19:44:24 DEBUG: Pod 468 returned. Robot 7 idle.   [idle robots = 1/20, released tasks = 39]
2026-07-01 19:44:24 DEBUG:    EVENT NUM 918   current_time = 00:13:45   START_TASK            [queue size = 20]
2026-07-01 19:44:24 DEBUG: Task 95 started: robot 7 → pod 410 → workstation 2 for orders {88} (arrival = 867.9 s).   [idle robots = 0/20]
2026-07-01 19:44:24 DEBUG:    EVENT NUM 919   current_time = 00:13:46   END_PICKING           [queue size = 20]
2026-07-01 19:44:24 DEBUG: Ended picking at workstation 1.    [picking_buffer len = {82: 815.6395550793271}]
2026-07-01 19:44:24 DEBUG: Task should have served orders {67}, found open orders {67, 6, 47, 90}.
2026-07-01 19:44:24 DEBUG: Task 83 completed: pod 218 returning to storage.
2026-07-01 19:44:24 DEBUG:    EVENT NUM 920   current_time = 00:13:46   CLOSE_ORDER           [queue size = 22]
2026-07-01 19:44:24 DEBUG: Order 67 closed at workstation 1: flow_time = 826.7 s.     [order_buffer = 13] [open_orders = 3/4]
2026-07-01 19:44:24 DEBUG: Next order in buffer: 49
2026-07-01 19:44:24 DEBUG:    EVENT NUM 921   current_time = 00:13:46   START_PICKING         [queue size = 22]
2026-07-01 19:44:24 DEBUG: Processing task 82 at workstation 1: picking items {8436} for orders {6}
2026-07-01 19:44:24 DEBUG:    EVENT NUM 922   current_time = 00:13:46   OPEN_ORDER            [queue size = 22]
2026-07-01 19:44:24 DEBUG: Order 49 (skus required = {6644}) opened at workstation 1.   [open_orders = 4/4]
2026-07-01 19:44:24 DEBUG:    EVENT NUM 923   current_time = 00:13:46   START_TASK            [queue size = 22]
2026-07-01 19:44:24 DEBUG: Task 96 blocked: no idle robots.
2026-07-01 19:44:24 DEBUG:    EVENT NUM 924   current_time = 00:13:50   ARRIVAL_ORDER         [queue size = 21]
2026-07-01 19:44:24 DEBUG: Order 265 arrived: items_required = [3233].     [orders_in_system = 220]
2026-07-01 19:44:24 DEBUG:    EVENT NUM 925   current_time = 00:13:55   ARRIVAL_ORDER         [queue size = 21]
2026-07-01 19:44:24 DEBUG: Order 266 arrived: items_required = [5058].     [orders_in_system = 221]
2026-07-01 19:44:24 DEBUG:    EVENT NUM 926   current_time = 00:13:56   END_PICKING           [queue size = 21]
2026-07-01 19:44:24 DEBUG: Ended picking at workstation 1.    [picking_buffer len = {}]
2026-07-01 19:44:24 DEBUG: Task should have served orders {6}, found open orders {6, 47, 49, 90}.
2026-07-01 19:44:24 DEBUG: Task 82 completed: pod 66 returning to storage.
2026-07-01 19:44:24 DEBUG:    EVENT NUM 927   current_time = 00:13:56   CLOSE_ORDER           [queue size = 22]
2026-07-01 19:44:24 DEBUG: Order 6 closed at workstation 1: flow_time = 836.7 s.     [order_buffer = 12] [open_orders = 3/4]
2026-07-01 19:44:24 DEBUG: Next order in buffer: 58
2026-07-01 19:44:24 DEBUG:    EVENT NUM 928   current_time = 00:13:56   OPEN_ORDER            [queue size = 22]
2026-07-01 19:44:24 DEBUG: Order 58 (skus required = {5696, 7137, 4886}) opened at workstation 1.   [open_orders = 4/4]
2026-07-01 19:44:24 DEBUG:    EVENT NUM 929   current_time = 00:13:56   START_TASK            [queue size = 22]
2026-07-01 19:44:24 DEBUG: Task 96 blocked: no idle robots.
2026-07-01 19:44:24 DEBUG:    EVENT NUM 930   current_time = 00:14:00   ARRIVAL_ORDER         [queue size = 21]
2026-07-01 19:44:24 DEBUG: Order 267 arrived: items_required = [6948].     [orders_in_system = 221]
2026-07-01 19:44:24 DEBUG:    EVENT NUM 931   current_time = 00:14:02   ARRIVAL_POD_WST       [queue size = 21]
2026-07-01 19:44:24 DEBUG: Pod 145 arrived at workstation 2 - status = IDLE
2026-07-01 19:44:24 DEBUG: Pod queued at workstation.    [picking_buffer = {85: 842.2133007988648}]
2026-07-01 19:44:24 DEBUG:    EVENT NUM 932   current_time = 00:14:02   START_PICKING         [queue size = 21]
2026-07-01 19:44:24 DEBUG: Processing task 85 at workstation 2: picking items {6446} for orders {23}
2026-07-01 19:44:24 DEBUG:    EVENT NUM 933   current_time = 00:14:03   RETURN_POD            [queue size = 21]
2026-07-01 19:44:24 DEBUG: Pod 285 returned. Robot 9 idle.   [idle robots = 1/20, released tasks = 38]
2026-07-01 19:44:24 DEBUG:    EVENT NUM 934   current_time = 00:14:03   START_TASK            [queue size = 21]
2026-07-01 19:44:24 DEBUG: Task 96 started: robot 9 → pod 106 → workstation 1 for orders {49} (arrival = 944.2 s).   [idle robots = 0/20]
2026-07-01 19:44:24 DEBUG:    EVENT NUM 935   current_time = 00:14:05   ARRIVAL_ORDER         [queue size = 21]
2026-07-01 19:44:24 DEBUG: Order 268 arrived: items_required = [5625].     [orders_in_system = 222]
2026-07-01 19:44:24 DEBUG:    EVENT NUM 936   current_time = 00:14:05   RETURN_POD            [queue size = 21]
2026-07-01 19:44:24 DEBUG: Pod 121 returned. Robot 5 idle.   [idle robots = 1/20, released tasks = 37]
2026-07-01 19:44:24 DEBUG:    EVENT NUM 937   current_time = 00:14:05   START_TASK            [queue size = 21]
2026-07-01 19:44:24 DEBUG: Task 97 started: robot 5 → pod 567 → workstation 2 for orders {48} (arrival = 888.2 s).   [idle robots = 0/20]
2026-07-01 19:44:24 DEBUG:    EVENT NUM 938   current_time = 00:14:07   ARRIVAL_POD_WST       [queue size = 21]
2026-07-01 19:44:24 DEBUG: Pod 585 arrived at workstation 2 - status = BUSY
2026-07-01 19:44:24 DEBUG: Pod queued at workstation.    [picking_buffer = {94: 847.194230491677}]
2026-07-01 19:44:24 DEBUG:    EVENT NUM 939   current_time = 00:14:08   RETURN_POD            [queue size = 20]
2026-07-01 19:44:24 DEBUG: Pod 379 returned. Robot 12 idle.   [idle robots = 1/20, released tasks = 36]
2026-07-01 19:44:24 DEBUG:    EVENT NUM 940   current_time = 00:14:08   START_TASK            [queue size = 20]
2026-07-01 19:44:24 DEBUG: Task 98 started: robot 12 → pod 338 → workstation 2 for orders {48} (arrival = 891.0 s).   [idle robots = 0/20]
2026-07-01 19:44:24 DEBUG:    EVENT NUM 941   current_time = 00:14:08   ARRIVAL_POD_WST       [queue size = 20]
2026-07-01 19:44:24 DEBUG: Pod 257 arrived at workstation 1 - status = IDLE
2026-07-01 19:44:24 DEBUG: Pod queued at workstation.    [picking_buffer = {89: 848.5720599432948}]
2026-07-01 19:44:24 DEBUG:    EVENT NUM 942   current_time = 00:14:08   START_PICKING         [queue size = 20]
2026-07-01 19:44:24 DEBUG: Processing task 89 at workstation 1: picking items {4845} for orders {47}
2026-07-01 19:44:24 DEBUG:    EVENT NUM 943   current_time = 00:14:10   ARRIVAL_ORDER         [queue size = 20]
2026-07-01 19:44:24 DEBUG: Order 269 arrived: items_required = [5026].     [orders_in_system = 223]
2026-07-01 19:44:24 DEBUG:    EVENT NUM 944   current_time = 00:14:12   END_PICKING           [queue size = 20]
2026-07-01 19:44:24 DEBUG: Ended picking at workstation 2.    [picking_buffer len = {94: 847.194230491677}]
2026-07-01 19:44:24 DEBUG: Task should have served orders {23}, found open orders {96, 23, 88, 95}.
2026-07-01 19:44:24 DEBUG: Task 85 completed: pod 145 returning to storage.
2026-07-01 19:44:24 DEBUG:    EVENT NUM 945   current_time = 00:14:12   START_PICKING         [queue size = 21]
2026-07-01 19:44:24 DEBUG: Processing task 94 at workstation 2: picking items {6024} for orders {96}
2026-07-01 19:44:24 DEBUG:    EVENT NUM 946   current_time = 00:14:15   ARRIVAL_ORDER         [queue size = 21]
2026-07-01 19:44:24 DEBUG: Order 270 arrived: items_required = [5907, 10490].     [orders_in_system = 224]
2026-07-01 19:44:24 DEBUG:    EVENT NUM 947   current_time = 00:14:18   END_PICKING           [queue size = 21]
2026-07-01 19:44:24 DEBUG: Ended picking at workstation 1.    [picking_buffer len = {}]
2026-07-01 19:44:24 DEBUG: Task should have served orders {47}, found open orders {58, 47, 49, 90}.
2026-07-01 19:44:24 DEBUG: Task 89 completed: pod 257 returning to storage.
2026-07-01 19:44:24 DEBUG:    EVENT NUM 948   current_time = 00:14:18   ARRIVAL_POD_WST       [queue size = 21]
2026-07-01 19:44:24 DEBUG: Pod 44 arrived at workstation 2 - status = BUSY
2026-07-01 19:44:24 DEBUG: Pod queued at workstation.    [picking_buffer = {87: 858.5739027020517}]
2026-07-01 19:44:24 DEBUG:    EVENT NUM 949   current_time = 00:14:20   ARRIVAL_ORDER         [queue size = 20]
2026-07-01 19:44:24 DEBUG: Order 271 arrived: items_required = [5617].     [orders_in_system = 225]
2026-07-01 19:44:24 DEBUG:    EVENT NUM 950   current_time = 00:14:22   END_PICKING           [queue size = 20]
2026-07-01 19:44:24 DEBUG: Ended picking at workstation 2.    [picking_buffer len = {87: 858.5739027020517}]
2026-07-01 19:44:24 DEBUG: Task should have served orders {96}, found open orders {96, 23, 88, 95}.
2026-07-01 19:44:24 DEBUG: Task 94 completed: pod 585 returning to storage.
2026-07-01 19:44:24 DEBUG:    EVENT NUM 951   current_time = 00:14:22   CLOSE_ORDER           [queue size = 22]
2026-07-01 19:44:24 DEBUG: Order 96 closed at workstation 2: flow_time = 862.2 s.     [order_buffer = 9] [open_orders = 3/4]
2026-07-01 19:44:24 DEBUG: Next order in buffer: 48
2026-07-01 19:44:24 DEBUG:    EVENT NUM 952   current_time = 00:14:22   START_PICKING         [queue size = 22]
2026-07-01 19:44:24 DEBUG: Processing task 87 at workstation 2: picking items {4497} for orders {23}
2026-07-01 19:44:24 DEBUG:    EVENT NUM 953   current_time = 00:14:22   OPEN_ORDER            [queue size = 22]
2026-07-01 19:44:24 DEBUG: Order 48 (skus required = {9208, 5114, 9320, 4974}) opened at workstation 2.   [open_orders = 4/4]
2026-07-01 19:44:24 DEBUG:    EVENT NUM 954   current_time = 00:14:22   START_TASK            [queue size = 22]
2026-07-01 19:44:24 DEBUG: Task 99 blocked: no idle robots.
2026-07-01 19:44:24 DEBUG:    EVENT NUM 955   current_time = 00:14:23   ARRIVAL_POD_WST       [queue size = 21]
2026-07-01 19:44:24 DEBUG: Pod 231 arrived at workstation 1 - status = IDLE
2026-07-01 19:44:24 DEBUG: Pod queued at workstation.    [picking_buffer = {91: 863.0539027430889}]
2026-07-01 19:44:24 DEBUG:    EVENT NUM 956   current_time = 00:14:23   START_PICKING         [queue size = 21]
2026-07-01 19:44:24 DEBUG: Processing task 91 at workstation 1: picking items {11281} for orders {47}
2026-07-01 19:44:24 DEBUG:    EVENT NUM 957   current_time = 00:14:23   RETURN_POD            [queue size = 21]
2026-07-01 19:44:24 DEBUG: Pod 329 returned. Robot 15 idle.   [idle robots = 1/20, released tasks = 35]
2026-07-01 19:44:24 DEBUG:    EVENT NUM 958   current_time = 00:14:23   START_TASK            [queue size = 21]
2026-07-01 19:44:24 DEBUG: Task 99 started: robot 15 → pod 486 → workstation 1 for orders {58} (arrival = 890.4 s).   [idle robots = 0/20]
2026-07-01 19:44:24 DEBUG:    EVENT NUM 959   current_time = 00:14:25   ARRIVAL_ORDER         [queue size = 21]
2026-07-01 19:44:24 DEBUG: Order 272 arrived: items_required = [4781].     [orders_in_system = 225]
2026-07-01 19:44:24 DEBUG:    EVENT NUM 960   current_time = 00:14:27   ARRIVAL_POD_WST       [queue size = 21]
2026-07-01 19:44:24 DEBUG: Pod 410 arrived at workstation 2 - status = BUSY
2026-07-01 19:44:24 DEBUG: Pod queued at workstation.    [picking_buffer = {95: 867.8743473596588}]
2026-07-01 19:44:24 DEBUG:    EVENT NUM 961   current_time = 00:14:30   ARRIVAL_ORDER         [queue size = 20]
2026-07-01 19:44:24 DEBUG: Order 273 arrived: items_required = [6039, 8203, 5465].     [orders_in_system = 226]
2026-07-01 19:44:24 DEBUG:    EVENT NUM 962   current_time = 00:14:32   END_PICKING           [queue size = 20]
2026-07-01 19:44:24 DEBUG: Ended picking at workstation 2.    [picking_buffer len = {95: 867.8743473596588}]
2026-07-01 19:44:24 DEBUG: Task should have served orders {23}, found open orders {48, 23, 88, 95}.
2026-07-01 19:44:24 DEBUG: Task 87 completed: pod 44 returning to storage.
2026-07-01 19:44:24 DEBUG:    EVENT NUM 963   current_time = 00:14:32   CLOSE_ORDER           [queue size = 22]
2026-07-01 19:44:24 DEBUG: Order 23 closed at workstation 2: flow_time = 872.2 s.     [order_buffer = 8] [open_orders = 3/4]
2026-07-01 19:44:24 DEBUG: Next order in buffer: 43
2026-07-01 19:44:24 DEBUG:    EVENT NUM 964   current_time = 00:14:32   START_PICKING         [queue size = 22]
2026-07-01 19:44:24 DEBUG: Processing task 95 at workstation 2: picking items {3705} for orders {88}
2026-07-01 19:44:24 DEBUG:    EVENT NUM 965   current_time = 00:14:32   OPEN_ORDER            [queue size = 22]
2026-07-01 19:44:24 DEBUG: Order 43 (skus required = {6784, 8657, 3899, 4637}) opened at workstation 2.   [open_orders = 4/4]
2026-07-01 19:44:24 DEBUG:    EVENT NUM 966   current_time = 00:14:32   START_TASK            [queue size = 22]
2026-07-01 19:44:24 DEBUG: Task 100 blocked: no idle robots.
2026-07-01 19:44:24 DEBUG:    EVENT NUM 967   current_time = 00:14:33   END_PICKING           [queue size = 21]
2026-07-01 19:44:24 DEBUG: Ended picking at workstation 1.    [picking_buffer len = {}]
2026-07-01 19:44:24 DEBUG: Task should have served orders {47}, found open orders {58, 47, 49, 90}.
2026-07-01 19:44:24 DEBUG: Task 91 completed: pod 231 returning to storage.
2026-07-01 19:44:24 DEBUG:    EVENT NUM 968   current_time = 00:14:35   ARRIVAL_ORDER         [queue size = 21]
2026-07-01 19:44:24 DEBUG: Order 274 arrived: items_required = [5699].     [orders_in_system = 226]
2026-07-01 19:44:24 DEBUG:    EVENT NUM 969   current_time = 00:14:40   ARRIVAL_ORDER         [queue size = 21]
2026-07-01 19:44:24 DEBUG: Order 275 arrived: items_required = [6449].     [orders_in_system = 227]
2026-07-01 19:44:24 DEBUG:    EVENT NUM 970   current_time = 00:14:40   ARRIVAL_POD_WST       [queue size = 21]
2026-07-01 19:44:24 DEBUG: Pod 31 arrived at workstation 2 - status = BUSY
2026-07-01 19:44:24 DEBUG: Pod queued at workstation.    [picking_buffer = {88: 880.0917444174484}]
2026-07-01 19:44:24 DEBUG:    EVENT NUM 971   current_time = 00:14:40   RETURN_POD            [queue size = 20]
2026-07-01 19:44:24 DEBUG: Pod 365 returned. Robot 3 idle.   [idle robots = 1/20, released tasks = 34]
2026-07-01 19:44:24 DEBUG:    EVENT NUM 972   current_time = 00:14:40   START_TASK            [queue size = 20]
2026-07-01 19:44:24 DEBUG: Task 100 started: robot 3 → pod 285 → workstation 1 for orders {58} (arrival = 933.7 s).   [idle robots = 0/20]
2026-07-01 19:44:24 DEBUG:    EVENT NUM 973   current_time = 00:14:42   END_PICKING           [queue size = 20]
2026-07-01 19:44:24 DEBUG: Ended picking at workstation 2.    [picking_buffer len = {88: 880.0917444174484}]
2026-07-01 19:44:24 DEBUG: Task should have served orders {88}, found open orders {43, 48, 88, 95}.
2026-07-01 19:44:24 DEBUG: Task 95 completed: pod 410 returning to storage.
2026-07-01 19:44:24 DEBUG:    EVENT NUM 974   current_time = 00:14:42   START_PICKING         [queue size = 21]
2026-07-01 19:44:24 DEBUG: Processing task 88 at workstation 2: picking items {3701} for orders {95}
2026-07-01 19:44:24 DEBUG:    EVENT NUM 975   current_time = 00:14:44   RETURN_POD            [queue size = 21]
2026-07-01 19:44:24 DEBUG: Pod 585 returned. Robot 13 idle.   [idle robots = 1/20, released tasks = 33]
2026-07-01 19:44:24 DEBUG:    EVENT NUM 976   current_time = 00:14:44   START_TASK            [queue size = 21]
2026-07-01 19:44:24 DEBUG: Task 101 started: robot 13 → pod 112 → workstation 1 for orders {58} (arrival = 959.3 s).   [idle robots = 0/20]
2026-07-01 19:44:24 DEBUG:    EVENT NUM 977   current_time = 00:14:45   ARRIVAL_ORDER         [queue size = 21]
2026-07-01 19:44:24 DEBUG: Order 276 arrived: items_required = [3044].     [orders_in_system = 228]
2026-07-01 19:44:24 DEBUG:    EVENT NUM 978   current_time = 00:14:48   ARRIVAL_POD_WST       [queue size = 21]
2026-07-01 19:44:24 DEBUG: Pod 567 arrived at workstation 2 - status = BUSY
2026-07-01 19:44:24 DEBUG: Pod queued at workstation.    [picking_buffer = {97: 888.2157003218227}]
2026-07-01 19:44:24 DEBUG:    EVENT NUM 979   current_time = 00:14:50   ARRIVAL_ORDER         [queue size = 20]
2026-07-01 19:44:24 DEBUG: Order 277 arrived: items_required = [7120].     [orders_in_system = 229]
2026-07-01 19:44:24 DEBUG:    EVENT NUM 980   current_time = 00:14:50   ARRIVAL_POD_WST       [queue size = 20]
2026-07-01 19:44:24 DEBUG: Pod 486 arrived at workstation 1 - status = IDLE
2026-07-01 19:44:24 DEBUG: Pod queued at workstation.    [picking_buffer = {99: 890.4125696144042}]
2026-07-01 19:44:24 DEBUG:    EVENT NUM 981   current_time = 00:14:50   START_PICKING         [queue size = 20]
2026-07-01 19:44:24 DEBUG: Processing task 99 at workstation 1: picking items {5696} for orders {58}
2026-07-01 19:44:24 DEBUG:    EVENT NUM 982   current_time = 00:14:51   ARRIVAL_POD_WST       [queue size = 20]
2026-07-01 19:44:24 DEBUG: Pod 338 arrived at workstation 2 - status = BUSY
2026-07-01 19:44:24 DEBUG: Pod queued at workstation.    [picking_buffer = {97: 888.2157003218227, 98: 891.0330432396471}]
2026-07-01 19:44:24 DEBUG:    EVENT NUM 983   current_time = 00:14:52   END_PICKING           [queue size = 19]
2026-07-01 19:44:24 DEBUG: Ended picking at workstation 2.    [picking_buffer len = {97: 888.2157003218227, 98: 891.0330432396471}]
2026-07-01 19:44:24 DEBUG: Task should have served orders {95}, found open orders {43, 48, 88, 95}.
2026-07-01 19:44:24 DEBUG: Task 88 completed: pod 31 returning to storage.
2026-07-01 19:44:24 DEBUG:    EVENT NUM 984   current_time = 00:14:52   START_PICKING         [queue size = 20]
2026-07-01 19:44:24 DEBUG: Processing task 97 at workstation 2: picking items {9208} for orders {48}
2026-07-01 19:44:24 DEBUG:    EVENT NUM 985   current_time = 00:14:55   ARRIVAL_ORDER         [queue size = 20]
2026-07-01 19:44:24 DEBUG: Order 278 arrived: items_required = [5041].     [orders_in_system = 230]
2026-07-01 19:44:24 DEBUG:    EVENT NUM 986   current_time = 00:15:00   ARRIVAL_ORDER         [queue size = 20]
2026-07-01 19:44:24 DEBUG: Order 279 arrived: items_required = [4667].     [orders_in_system = 231]
2026-07-01 19:44:24 DEBUG:    EVENT NUM 987   current_time = 00:15:00   END_PICKING           [queue size = 20]
2026-07-01 19:44:24 DEBUG: Ended picking at workstation 1.    [picking_buffer len = {}]
2026-07-01 19:44:24 DEBUG: Task should have served orders {58}, found open orders {58, 47, 49, 90}.
2026-07-01 19:44:24 DEBUG: Task 99 completed: pod 486 returning to storage.
2026-07-01 19:44:24 DEBUG:    EVENT NUM 988   current_time = 00:15:01   RUN_OPTIMIZER         [queue size = 20]
2026-07-01 19:44:24 INFO: Solving stage 1 ... 
2026-07-01 19:44:24 INFO: 
[ls_stage1] Building initial solution ...
2026-07-01 19:44:24 INFO: [ls_stage1] Feasible initial solution: obj = 344.0000
2026-07-01 19:44:27 INFO: [ls_stage1] Iter 1: Improved with move ('swap', 52, 197) → 341.0000
2026-07-01 19:44:30 INFO: [ls_stage1] Iter 2: Improved with move ('swap', 37, 96) → 338.0000
2026-07-01 19:44:34 INFO: [ls_stage1] Iter 3: Improved with move ('moveto', 149, 3) → 336.0000
2026-07-01 19:44:37 INFO: [ls_stage1] Iter 4: Improved with move ('swap', 125, 145) → 334.0000
2026-07-01 19:44:41 INFO: [ls_stage1] Iter 5: Improved with move ('swap', 117, 126) → 332.0000
2026-07-01 19:44:44 INFO: [ls_stage1] Iter 6: Improved with move ('swap', 2, 144) → 330.0000
2026-07-01 19:44:47 INFO: [ls_stage1] Iter 7: Improved with move ('swap', 6, 182) → 328.0000
2026-07-01 19:44:51 INFO: [ls_stage1] Iter 8: Improved with move ('swap', 87, 106) → 326.0000
2026-07-01 19:44:54 INFO: [ls_stage1] Iter 9: Improved with move ('swap', 14, 146) → 324.0000
2026-07-01 19:44:57 INFO: [ls_stage1] Iter 10: Improved with move ('swap', 17, 190) → 322.0000
2026-07-01 19:45:01 INFO: [ls_stage1] Iter 11: Improved with move ('swap', 35, 76) → 321.0000
2026-07-01 19:45:04 INFO: [ls_stage1] Iter 12: Improved with move ('swap', 100, 185) → 320.0000
2026-07-01 19:45:07 INFO: [ls_stage1] Iter 13: Improved with move ('swap', 136, 219) → 318.0000
2026-07-01 19:45:11 INFO: [ls_stage1] Iter 14: Improved with move ('swap', 18, 125) → 317.0000
2026-07-01 19:45:14 INFO: [ls_stage1] Iter 15: Improved with move ('swap', 124, 189) → 315.0000
2026-07-01 19:45:18 INFO: [ls_stage1] Iter 16: Improved with move ('swap', 175, 215) → 314.0000
2026-07-01 19:45:21 INFO: [ls_stage1] Iter 17: Improved with move ('swap', 16, 110) → 312.0000
2026-07-01 19:45:24 INFO: [ls_stage1] Iter 18: Improved with move ('swap', 35, 140) → 311.0000
2026-07-01 19:45:28 INFO: [ls_stage1] Iter 19: Improved with move ('swap', 11, 115) → 310.0000
2026-07-01 19:45:31 INFO: [ls_stage1] Iter 20: Improved with move ('swap', 39, 143) → 309.0000
2026-07-01 19:45:34 INFO: [ls_stage1] Iter 21: Improved with move ('swap', 34, 160) → 308.0000
2026-07-01 19:45:38 INFO: [ls_stage1] Iter 22: Improved with move ('swap', 121, 138) → 307.0000
2026-07-01 19:45:41 INFO: [ls_stage1] Iter 23: Improved with move ('swap', 13, 104) → 306.0000
2026-07-01 19:45:45 INFO: [ls_stage1] Iter 24: Improved with move ('swap', 82, 85) → 305.0000
2026-07-01 19:45:48 INFO: [ls_stage1] Iter 25: Improved with move ('moveto', 41, 2) → 304.0000
2026-07-01 19:45:51 INFO: [ls_stage1] Iter 26: Improved with move ('swap', 133, 192) → 303.0000
2026-07-01 19:45:55 INFO: [ls_stage1] Iter 27: Improved with move ('swap', 118, 192) → 302.0000
2026-07-01 19:45:58 INFO: [ls_stage1] Iter 28: Improved with move ('swap', 64, 223) → 301.0000
2026-07-01 19:46:01 INFO: [ls_stage1] Iter 29: No improvement
2026-07-01 19:46:05 INFO: [ls_stage1] Iter 30: Improved with move ('swap', 148, 195) → 300.0000
2026-07-01 19:46:08 INFO: [ls_stage1] Iter 31: Improved with move ('swap', 58, 135) → 299.0000
2026-07-01 19:46:12 INFO: [ls_stage1] Iter 32: Improved with move ('moveto', 206, 0) → 298.0000
2026-07-01 19:46:15 INFO: [ls_stage1] Iter 33: No improvement
2026-07-01 19:46:18 INFO: [ls_stage1] Iter 34: No improvement
2026-07-01 19:46:22 INFO: [ls_stage1] Converged after 3 iters without improvement
2026-07-01 19:46:22 INFO: Stage 1 solved.
2026-07-01 19:46:22 INFO: Solving stage 2 ... 
2026-07-01 19:46:22 INFO: [ls_stage2] Building initial solution ...
2026-07-01 19:53:21 INFO: [ls_stage2] violated = ['EC13'] (attempt 1/10)
2026-07-01 20:00:17 INFO: [ls_stage2] violated = ['EC13'] (attempt 2/10)
2026-07-01 20:07:14 INFO: [ls_stage2] violated = ['EC13'] (attempt 3/10)
2026-07-01 20:14:11 INFO: [ls_stage2] violated = ['EC13'] (attempt 4/10)
2026-07-01 20:21:09 INFO: [ls_stage2] violated = ['EC13'] (attempt 5/10)
2026-07-01 20:28:07 INFO: [ls_stage2] violated = ['EC13'] (attempt 6/10)
2026-07-01 20:35:04 INFO: [ls_stage2] violated = ['EC13'] (attempt 7/10)
2026-07-01 20:42:02 INFO: [ls_stage2] violated = ['EC13'] (attempt 8/10)
2026-07-01 20:49:00 INFO: [ls_stage2] violated = ['EC13'] (attempt 9/10)
2026-07-01 20:55:58 INFO: [ls_stage2] violated = ['EC13'] (attempt 10/10)
2026-07-01 20:55:58 ERROR: [ls_stage2] Failed to find a feasible initial solution after 10 attempts.
