2026-07-12 10:53:35 INFO: Warehouse initialization | grid=30x30, physical=63x35, num_skus=13500, num_robots=40, num_ws=12
2026-07-12 10:53:36 INFO: Warehouse initialized | 900 pods  (average number of skus per pod = 20.94), 12 workstations, 40 robots
2026-07-12 10:53:36 INFO: [OptManager] Building time-space network ...
2026-07-12 10:53:41 INFO: [OptManager] Network ready: 91200 nodes, 2035798 travelling arcs, 90288 idle arcs.
2026-07-12 10:53:41 INFO: 
=============================================
2026-07-12 10:53:41 INFO:   START SIMULATION  {TIME HORIZON = 01:00:00}
2026-07-12 10:53:41 DEBUG:    EVENT NUM 1     current_time = 00:00:00   ARRIVAL_ORDER         [queue size = 1]
2026-07-12 10:53:41 DEBUG: Order 0 arrived: items_required = [3082, 5462].     [orders_in_system = 1]
2026-07-12 10:53:41 DEBUG: Order 1 arrived: items_required = [8729, 7407, 1704, 5981, 4378].     [orders_in_system = 2]
2026-07-12 10:53:41 DEBUG: Order 2 arrived: items_required = [4760, 5499].     [orders_in_system = 3]
2026-07-12 10:53:41 DEBUG: Order 3 arrived: items_required = [5626, 11344, 12200].     [orders_in_system = 4]
2026-07-12 10:53:41 DEBUG: Order 4 arrived: items_required = [8425].     [orders_in_system = 5]
2026-07-12 10:53:41 DEBUG: Order 5 arrived: items_required = [4951, 2281].     [orders_in_system = 6]
2026-07-12 10:53:41 DEBUG: Order 6 arrived: items_required = [7292].     [orders_in_system = 7]
2026-07-12 10:53:41 DEBUG: Order 7 arrived: items_required = [12759].     [orders_in_system = 8]
2026-07-12 10:53:41 DEBUG: Order 8 arrived: items_required = [6918, 11893].     [orders_in_system = 9]
2026-07-12 10:53:41 DEBUG: Order 9 arrived: items_required = [2593, 6036].     [orders_in_system = 10]
2026-07-12 10:53:41 DEBUG: Order 10 arrived: items_required = [4361].     [orders_in_system = 11]
2026-07-12 10:53:41 DEBUG: Order 11 arrived: items_required = [3493, 12054].     [orders_in_system = 12]
2026-07-12 10:53:41 DEBUG: Order 12 arrived: items_required = [9801, 9100].     [orders_in_system = 13]
2026-07-12 10:53:41 DEBUG: Order 13 arrived: items_required = [8076, 7583, 2521].     [orders_in_system = 14]
2026-07-12 10:53:41 DEBUG: Order 14 arrived: items_required = [10388].     [orders_in_system = 15]
2026-07-12 10:53:41 DEBUG: Order 15 arrived: items_required = [8279].     [orders_in_system = 16]
2026-07-12 10:53:41 DEBUG: Order 16 arrived: items_required = [2403, 10434, 4225].     [orders_in_system = 17]
2026-07-12 10:53:41 DEBUG: Order 17 arrived: items_required = [8842, 8525, 13250].     [orders_in_system = 18]
2026-07-12 10:53:41 DEBUG: Order 18 arrived: items_required = [3669].     [orders_in_system = 19]
2026-07-12 10:53:41 DEBUG: Order 19 arrived: items_required = [4411].     [orders_in_system = 20]
2026-07-12 10:53:41 DEBUG: Order 20 arrived: items_required = [2310, 8337, 11602].     [orders_in_system = 21]
2026-07-12 10:53:41 DEBUG: Order 21 arrived: items_required = [4220].     [orders_in_system = 22]
2026-07-12 10:53:41 DEBUG: Order 22 arrived: items_required = [5496, 5160, 9407, 1865].     [orders_in_system = 23]
2026-07-12 10:53:41 DEBUG: Order 23 arrived: items_required = [1359].     [orders_in_system = 24]
2026-07-12 10:53:41 DEBUG: Order 24 arrived: items_required = [7156].     [orders_in_system = 25]
2026-07-12 10:53:41 DEBUG: Order 25 arrived: items_required = [12204, 7250].     [orders_in_system = 26]
2026-07-12 10:53:41 DEBUG: Order 26 arrived: items_required = [6996, 6720, 10034].     [orders_in_system = 27]
2026-07-12 10:53:41 DEBUG: Order 27 arrived: items_required = [7699, 461, 3929, 6947].     [orders_in_system = 28]
2026-07-12 10:53:41 DEBUG: Order 28 arrived: items_required = [8541].     [orders_in_system = 29]
2026-07-12 10:53:41 DEBUG: Order 29 arrived: items_required = [4108].     [orders_in_system = 30]
2026-07-12 10:53:41 DEBUG: Order 30 arrived: items_required = [7510].     [orders_in_system = 31]
2026-07-12 10:53:41 DEBUG: Order 31 arrived: items_required = [6524, 9541].     [orders_in_system = 32]
2026-07-12 10:53:41 DEBUG: Order 32 arrived: items_required = [4511, 9180].     [orders_in_system = 33]
2026-07-12 10:53:41 DEBUG: Order 33 arrived: items_required = [9036].     [orders_in_system = 34]
2026-07-12 10:53:41 DEBUG: Order 34 arrived: items_required = [970, 8416, 4031].     [orders_in_system = 35]
2026-07-12 10:53:41 DEBUG: Order 35 arrived: items_required = [6177, 6863, 11889].     [orders_in_system = 36]
2026-07-12 10:53:41 DEBUG: Order 36 arrived: items_required = [5920].     [orders_in_system = 37]
2026-07-12 10:53:41 DEBUG: Order 37 arrived: items_required = [2271, 9274].     [orders_in_system = 38]
2026-07-12 10:53:41 DEBUG: Order 38 arrived: items_required = [2882, 2920, 9272].     [orders_in_system = 39]
2026-07-12 10:53:41 DEBUG: Order 39 arrived: items_required = [9745, 8092].     [orders_in_system = 40]
2026-07-12 10:53:41 DEBUG: Order 40 arrived: items_required = [8273, 8347].     [orders_in_system = 41]
2026-07-12 10:53:41 DEBUG: Order 41 arrived: items_required = [8402].     [orders_in_system = 42]
2026-07-12 10:53:41 DEBUG: Order 42 arrived: items_required = [3554].     [orders_in_system = 43]
2026-07-12 10:53:41 DEBUG: Order 43 arrived: items_required = [5412, 3136, 1534, 5283].     [orders_in_system = 44]
2026-07-12 10:53:41 DEBUG: Order 44 arrived: items_required = [3794, 3814].     [orders_in_system = 45]
2026-07-12 10:53:41 DEBUG: Order 45 arrived: items_required = [8892, 6732, 1723, 7050, 10263, 8901].     [orders_in_system = 46]
2026-07-12 10:53:41 DEBUG: Order 46 arrived: items_required = [6082].     [orders_in_system = 47]
2026-07-12 10:53:41 DEBUG: Order 47 arrived: items_required = [7736, 8816].     [orders_in_system = 48]
2026-07-12 10:53:41 DEBUG: Order 48 arrived: items_required = [2848, 6803].     [orders_in_system = 49]
2026-07-12 10:53:41 DEBUG: Order 49 arrived: items_required = [2876, 7911].     [orders_in_system = 50]
2026-07-12 10:53:41 DEBUG: Order 50 arrived: items_required = [2650, 7384, 7576, 8972].     [orders_in_system = 51]
2026-07-12 10:53:41 DEBUG: Order 51 arrived: items_required = [10302, 11846, 9893].     [orders_in_system = 52]
2026-07-12 10:53:41 DEBUG: Order 52 arrived: items_required = [9687].     [orders_in_system = 53]
2026-07-12 10:53:41 DEBUG: Order 53 arrived: items_required = [5782, 5599].     [orders_in_system = 54]
2026-07-12 10:53:41 DEBUG: Order 54 arrived: items_required = [1296].     [orders_in_system = 55]
2026-07-12 10:53:41 DEBUG: Order 55 arrived: items_required = [5710].     [orders_in_system = 56]
2026-07-12 10:53:41 DEBUG: Order 56 arrived: items_required = [7484].     [orders_in_system = 57]
2026-07-12 10:53:41 DEBUG: Order 57 arrived: items_required = [5255, 2948].     [orders_in_system = 58]
2026-07-12 10:53:41 DEBUG: Order 58 arrived: items_required = [1852].     [orders_in_system = 59]
2026-07-12 10:53:41 DEBUG: Order 59 arrived: items_required = [5251].     [orders_in_system = 60]
2026-07-12 10:53:41 DEBUG: Order 60 arrived: items_required = [5316].     [orders_in_system = 61]
2026-07-12 10:53:41 DEBUG: Order 61 arrived: items_required = [6190].     [orders_in_system = 62]
2026-07-12 10:53:41 DEBUG: Order 62 arrived: items_required = [4944, 7970, 5612, 5376, 2935, 3615, 10077, 6674].     [orders_in_system = 63]
2026-07-12 10:53:41 DEBUG: Order 63 arrived: items_required = [11495].     [orders_in_system = 64]
2026-07-12 10:53:41 DEBUG: Order 64 arrived: items_required = [1597, 2545].     [orders_in_system = 65]
2026-07-12 10:53:41 DEBUG: Order 65 arrived: items_required = [3181].     [orders_in_system = 66]
2026-07-12 10:53:41 DEBUG: Order 66 arrived: items_required = [6023].     [orders_in_system = 67]
2026-07-12 10:53:41 DEBUG: Order 67 arrived: items_required = [6519].     [orders_in_system = 68]
2026-07-12 10:53:41 DEBUG: Order 68 arrived: items_required = [5187, 5349, 7712, 5231].     [orders_in_system = 69]
2026-07-12 10:53:41 DEBUG: Order 69 arrived: items_required = [8677, 10336, 12448].     [orders_in_system = 70]
2026-07-12 10:53:41 DEBUG: Order 70 arrived: items_required = [8518].     [orders_in_system = 71]
2026-07-12 10:53:41 DEBUG: Order 71 arrived: items_required = [8331].     [orders_in_system = 72]
2026-07-12 10:53:41 DEBUG: Order 72 arrived: items_required = [514].     [orders_in_system = 73]
2026-07-12 10:53:41 DEBUG: Order 73 arrived: items_required = [4604, 8892, 8193, 6518, 6514].     [orders_in_system = 74]
2026-07-12 10:53:41 DEBUG: Order 74 arrived: items_required = [10370].     [orders_in_system = 75]
2026-07-12 10:53:41 DEBUG: Order 75 arrived: items_required = [11191, 2570, 4368, 10946, 6670].     [orders_in_system = 76]
2026-07-12 10:53:41 DEBUG: Order 76 arrived: items_required = [4091, 9136].     [orders_in_system = 77]
2026-07-12 10:53:41 DEBUG: Order 77 arrived: items_required = [12394].     [orders_in_system = 78]
2026-07-12 10:53:41 DEBUG: Order 78 arrived: items_required = [6166].     [orders_in_system = 79]
2026-07-12 10:53:41 DEBUG: Order 79 arrived: items_required = [5981, 1102, 2450].     [orders_in_system = 80]
2026-07-12 10:53:41 DEBUG: Order 80 arrived: items_required = [3611, 7522].     [orders_in_system = 81]
2026-07-12 10:53:41 DEBUG: Order 81 arrived: items_required = [8635, 3750].     [orders_in_system = 82]
2026-07-12 10:53:41 DEBUG: Order 82 arrived: items_required = [8857, 4958].     [orders_in_system = 83]
2026-07-12 10:53:41 DEBUG: Order 83 arrived: items_required = [6295, 6820].     [orders_in_system = 84]
2026-07-12 10:53:41 DEBUG: Order 84 arrived: items_required = [7455].     [orders_in_system = 85]
2026-07-12 10:53:41 DEBUG: Order 85 arrived: items_required = [3439, 6533, 4651, 7706, 7368].     [orders_in_system = 86]
2026-07-12 10:53:41 DEBUG: Order 86 arrived: items_required = [2877].     [orders_in_system = 87]
2026-07-12 10:53:41 DEBUG: Order 87 arrived: items_required = [8944].     [orders_in_system = 88]
2026-07-12 10:53:41 DEBUG: Order 88 arrived: items_required = [4949].     [orders_in_system = 89]
2026-07-12 10:53:41 DEBUG: Order 89 arrived: items_required = [4365].     [orders_in_system = 90]
2026-07-12 10:53:41 DEBUG: Order 90 arrived: items_required = [3322].     [orders_in_system = 91]
2026-07-12 10:53:41 DEBUG: Order 91 arrived: items_required = [3034].     [orders_in_system = 92]
2026-07-12 10:53:41 DEBUG: Order 92 arrived: items_required = [9197].     [orders_in_system = 93]
2026-07-12 10:53:41 DEBUG: Order 93 arrived: items_required = [5938].     [orders_in_system = 94]
2026-07-12 10:53:41 DEBUG: Order 94 arrived: items_required = [12321, 5662, 7219].     [orders_in_system = 95]
2026-07-12 10:53:41 DEBUG: Order 95 arrived: items_required = [1248].     [orders_in_system = 96]
2026-07-12 10:53:41 DEBUG: Order 96 arrived: items_required = [2664, 3981, 8890, 9272, 4055, 4420, 8624, 4673].     [orders_in_system = 97]
2026-07-12 10:53:41 DEBUG: Order 97 arrived: items_required = [10743].     [orders_in_system = 98]
2026-07-12 10:53:41 DEBUG: Order 98 arrived: items_required = [6992].     [orders_in_system = 99]
2026-07-12 10:53:41 DEBUG: Order 99 arrived: items_required = [1194].     [orders_in_system = 100]
2026-07-12 10:53:41 DEBUG:    EVENT NUM 2     current_time = 00:00:01   RUN_OPTIMIZER         [queue size = 1]
2026-07-12 10:53:41 INFO: Solving stage 1 ... 
2026-07-12 10:53:41 INFO: [ls_stage1] Building initial solution ...
2026-07-12 10:53:41 INFO: [ls_stage1] Initial objective = 258.3100
2026-07-12 10:53:41 WARNING: 
Variables size:
  shape x = (201, 900)
  shape y = (12, 900)
  shape z = (100, 12)
  constraints_satisfied = 2171125

2026-07-12 10:53:44 INFO: [ls_stage1] Iter 1: IMPROVEMENT move=('swap', 9, 80) obj=256.6500
2026-07-12 10:53:47 INFO: [ls_stage1] Iter 2: IMPROVEMENT move=('swap', 12, 25) obj=255.1400
2026-07-12 10:53:50 INFO: [ls_stage1] Iter 3: IMPROVEMENT move=('swap', 40, 47) obj=253.5900
2026-07-12 10:53:53 INFO: [ls_stage1] Iter 4: IMPROVEMENT move=('swap', 65, 98) obj=252.1300
2026-07-12 10:53:57 INFO: [ls_stage1] Iter 5: IMPROVEMENT move=('swap', 48, 53) obj=249.0800
2026-07-12 10:54:00 INFO: [ls_stage1] Iter 6: IMPROVEMENT move=('swap', 70, 93) obj=247.6600
2026-07-12 10:54:03 INFO: [ls_stage1] Iter 7: IMPROVEMENT move=('swap', 8, 30) obj=246.2800
2026-07-12 10:54:06 INFO: [ls_stage1] Iter 8: IMPROVEMENT move=('swap', 52, 88) obj=244.9300
2026-07-12 10:54:09 INFO: [ls_stage1] Iter 9: IMPROVEMENT move=('swap', 79, 84) obj=243.6800
2026-07-12 10:54:12 INFO: [ls_stage1] Iter 10: IMPROVEMENT move=('moveto', 90, 7) obj=242.2800
2026-07-12 10:54:15 INFO: [ls_stage1] Iter 11: IMPROVEMENT move=('swap', 5, 32) obj=241.1200
2026-07-12 10:54:18 INFO: [ls_stage1] Iter 12: IMPROVEMENT move=('swap', 60, 98) obj=239.5100
2026-07-12 10:54:21 INFO: [ls_stage1] Iter 13: IMPROVEMENT move=('swap', 38, 69) obj=238.4800
2026-07-12 10:54:25 INFO: [ls_stage1] Iter 14: IMPROVEMENT move=('swap', 66, 83) obj=238.0800
2026-07-12 10:54:28 INFO: [ls_stage1] Iter 15: IMPROVEMENT move=('swap', 36, 41) obj=236.8500
2026-07-12 10:54:31 INFO: [ls_stage1] Iter 16: IMPROVEMENT move=('swap', 25, 46) obj=236.2500
2026-07-12 10:54:34 INFO: [ls_stage1] Iter 17: IMPROVEMENT move=('swap', 82, 84) obj=235.7700
2026-07-12 10:54:37 INFO: [ls_stage1] Iter 18: IMPROVEMENT move=('moveto', 57, 4) obj=234.6500
2026-07-12 10:54:40 INFO: [ls_stage1] Iter 19: IMPROVEMENT move=('swap', 21, 91) obj=234.2900
2026-07-12 10:54:43 INFO: [ls_stage1] Iter 20: IMPROVEMENT move=('swap', 69, 94) obj=233.7900
2026-07-12 10:54:46 INFO: [ls_stage1] Iter 21: IMPROVEMENT move=('swap', 60, 78) obj=233.3900
2026-07-12 10:54:49 INFO: [ls_stage1] Iter 22: IMPROVEMENT move=('swap', 63, 71) obj=233.0700
2026-07-12 10:54:52 INFO: [ls_stage1] Iter 23: IMPROVEMENT move=('swap', 10, 44) obj=232.7900
2026-07-12 10:54:55 INFO: [ls_stage1] Iter 24: IMPROVEMENT move=('swap', 3, 50) obj=232.5300
2026-07-12 10:54:58 INFO: [ls_stage1] Iter 25: IMPROVEMENT move=('repod', 136, 375) obj=232.2500
2026-07-12 10:55:02 INFO: [ls_stage1] Iter 26: IMPROVEMENT move=('repod', 134, 892) obj=231.8500
2026-07-12 10:55:05 INFO: [ls_stage1] Iter 27: IMPROVEMENT move=('swap', 13, 87) obj=231.6100
2026-07-12 10:55:08 INFO: [ls_stage1] Iter 28: IMPROVEMENT move=('repod', 85, 613) obj=231.2900
2026-07-12 10:55:11 INFO: [ls_stage1] Iter 29: IMPROVEMENT move=('moveto', 92, 11) obj=231.0700
2026-07-12 10:55:14 INFO: [ls_stage1] Iter 30: IMPROVEMENT move=('repod', 43, 729) obj=230.8100
2026-07-12 10:55:17 INFO: [ls_stage1] Iter 31: IMPROVEMENT move=('swap', 42, 76) obj=230.6100
2026-07-12 10:55:20 INFO: [ls_stage1] Iter 32: IMPROVEMENT move=('repod', 155, 788) obj=230.4800
2026-07-12 10:55:23 INFO: [ls_stage1] Iter 33: IMPROVEMENT move=('repod', 138, 712) obj=230.2800
2026-07-12 10:55:27 INFO: [ls_stage1] Iter 34: IMPROVEMENT move=('swap', 10, 20) obj=230.1400
2026-07-12 10:55:30 INFO: [ls_stage1] Iter 35: IMPROVEMENT move=('swap', 61, 95) obj=229.9800
2026-07-12 10:55:33 INFO: [ls_stage1] Iter 36: IMPROVEMENT move=('repod', 115, 878) obj=229.7600
2026-07-12 10:55:36 INFO: [ls_stage1] Iter 37: IMPROVEMENT move=('moveto', 6, 11) obj=229.5800
2026-07-12 10:55:39 INFO: [ls_stage1] Iter 38: IMPROVEMENT move=('repod', 91, 710) obj=229.3300
2026-07-12 10:55:42 INFO: [ls_stage1] Iter 39: IMPROVEMENT move=('moveto', 54, 11) obj=229.1900
2026-07-12 10:55:45 INFO: [ls_stage1] Iter 40: IMPROVEMENT move=('moveto', 49, 6) obj=229.0200
2026-07-12 10:55:48 INFO: [ls_stage1] Iter 41: IMPROVEMENT move=('repod', 55, 823) obj=228.7600
2026-07-12 10:55:51 INFO: [ls_stage1] Iter 42: IMPROVEMENT move=('swap', 69, 99) obj=227.6600
2026-07-12 10:55:54 INFO: [ls_stage1] Iter 43: IMPROVEMENT move=('repod', 110, 782) obj=227.5000
2026-07-12 10:55:57 INFO: [ls_stage1] Iter 44: IMPROVEMENT move=('swap', 4, 9) obj=227.3400
2026-07-12 10:56:00 INFO: [ls_stage1] Iter 45: IMPROVEMENT move=('repod', 36, 411) obj=227.2000
2026-07-12 10:56:04 INFO: [ls_stage1] Iter 46: IMPROVEMENT move=('swap', 15, 76) obj=227.1000
2026-07-12 10:56:07 INFO: [ls_stage1] Iter 47: IMPROVEMENT move=('moveto', 66, 11) obj=227.0200
2026-07-12 10:56:10 INFO: [ls_stage1] Iter 48: IMPROVEMENT move=('repod', 40, 853) obj=226.8600
2026-07-12 10:56:13 INFO: [ls_stage1] Iter 49: IMPROVEMENT move=('repod', 109, 761) obj=226.7800
2026-07-12 10:56:16 INFO: [ls_stage1] Iter 50: IMPROVEMENT move=('swap', 26, 61) obj=226.6800
2026-07-12 10:56:19 INFO: [ls_stage1] Iter 51: IMPROVEMENT move=('repod', 183, 759) obj=226.5400
2026-07-12 10:56:22 INFO: [ls_stage1] Iter 52: IMPROVEMENT move=('repod', 5, 784) obj=226.4200
2026-07-12 10:56:25 INFO: [ls_stage1] Iter 53: IMPROVEMENT move=('swap', 44, 54) obj=226.3600
2026-07-12 10:56:28 INFO: [ls_stage1] Iter 54: IMPROVEMENT move=('moveto', 23, 9) obj=226.3000
2026-07-12 10:56:32 INFO: [ls_stage1] Iter 55: IMPROVEMENT move=('moveto', 55, 11) obj=226.1800
2026-07-12 10:56:35 INFO: [ls_stage1] Iter 56: IMPROVEMENT move=('repod', 139, 853) obj=226.0600
2026-07-12 10:56:38 INFO: [ls_stage1] Iter 57: IMPROVEMENT move=('moveto', 72, 0) obj=225.9800
2026-07-12 10:56:41 INFO: [ls_stage1] Iter 58: IMPROVEMENT move=('moveto', 84, 0) obj=225.9200
2026-07-12 10:56:44 INFO: [ls_stage1] Iter 59: IMPROVEMENT move=('swap', 3, 58) obj=225.8800
2026-07-12 10:56:47 INFO: [ls_stage1] Iter 60: IMPROVEMENT move=('swap', 20, 26) obj=224.9100
2026-07-12 10:56:50 INFO: [ls_stage1] Iter 61: IMPROVEMENT move=('repod', 20, 332) obj=224.6900
2026-07-12 10:56:53 INFO: [ls_stage1] Iter 62: IMPROVEMENT move=('swap', 2, 99) obj=223.2600
2026-07-12 10:56:56 INFO: [ls_stage1] Iter 63: IMPROVEMENT move=('repod', 100, 884) obj=223.1000
2026-07-12 10:56:59 INFO: [ls_stage1] Iter 64: IMPROVEMENT move=('swap', 37, 70) obj=223.0200
2026-07-12 10:57:02 INFO: [ls_stage1] Iter 65: IMPROVEMENT move=('repod', 58, 772) obj=222.8100
2026-07-12 10:57:05 INFO: [ls_stage1] Iter 66: IMPROVEMENT move=('moveto', 26, 7) obj=222.7300
2026-07-12 10:57:09 INFO: [ls_stage1] Iter 67: IMPROVEMENT move=('swap', 67, 76) obj=222.7100
2026-07-12 10:57:12 INFO: [ls_stage1] Iter 68: IMPROVEMENT move=('repod', 103, 728) obj=222.4300
2026-07-12 10:57:15 INFO: [ls_stage1] Iter 69: IMPROVEMENT move=('moveto', 50, 1) obj=222.3700
2026-07-12 10:57:18 INFO: [ls_stage1] Iter 70: IMPROVEMENT move=('repod', 66, 866) obj=222.3100
2026-07-12 10:57:21 INFO: [ls_stage1] Iter 71: IMPROVEMENT move=('swap', 58, 91) obj=222.2900
2026-07-12 10:57:24 INFO: [ls_stage1] Iter 72: IMPROVEMENT move=('repod', 64, 791) obj=222.2200
2026-07-12 10:57:27 INFO: [ls_stage1] Iter 73: IMPROVEMENT move=('swap', 3, 50) obj=222.1800
2026-07-12 10:57:30 INFO: [ls_stage1] Iter 74: IMPROVEMENT move=('repod', 10, 372) obj=222.1500
2026-07-12 10:57:33 INFO: [ls_stage1] Iter 75: IMPROVEMENT move=('moveto', 52, 0) obj=222.0900
2026-07-12 10:57:36 INFO: [ls_stage1] Iter 76: IMPROVEMENT move=('repod', 106, 841) obj=221.9600
2026-07-12 10:57:39 INFO: [ls_stage1] Iter 77: IMPROVEMENT move=('moveto', 3, 4) obj=221.9000
2026-07-12 10:57:42 INFO: [ls_stage1] Iter 78: IMPROVEMENT move=('moveto', 71, 10) obj=221.8600
2026-07-12 10:57:45 INFO: [ls_stage1] Iter 79: IMPROVEMENT move=('repod', 106, 490) obj=221.7900
2026-07-12 10:57:48 INFO: [ls_stage1] Iter 80: IMPROVEMENT move=('moveto', 60, 11) obj=221.7700
2026-07-12 10:57:52 INFO: [ls_stage1] Iter 81: PLATEAU move=('swap', 60, 82) obj=221.7700
2026-07-12 10:57:55 INFO: [ls_stage1] Iter 82: IMPROVEMENT move=('moveto', 21, 11) obj=221.7300
2026-07-12 10:57:58 INFO: [ls_stage1] Iter 83: IMPROVEMENT move=('repod', 148, 842) obj=221.6600
2026-07-12 10:58:01 INFO: [ls_stage1] Iter 84: IMPROVEMENT move=('swap', 11, 50) obj=221.6200
2026-07-12 10:58:04 INFO: [ls_stage1] Iter 85: PLATEAU move=('swap', 68, 79) obj=221.6200
2026-07-12 10:58:07 INFO: [ls_stage1] Iter 86: IMPROVEMENT move=('moveto', 95, 4) obj=221.5800
2026-07-12 10:58:10 INFO: [ls_stage1] Iter 87: IMPROVEMENT move=('swap', 5, 13) obj=221.5600
2026-07-12 10:58:13 INFO: [ls_stage1] Iter 88: IMPROVEMENT move=('swap', 50, 73) obj=221.4600
2026-07-12 10:58:16 INFO: [ls_stage1] Iter 89: PLATEAU move=('swap', 58, 87) obj=221.4600
2026-07-12 10:58:19 INFO: [ls_stage1] Iter 90: PLATEAU move=('swap', 30, 78) obj=221.4600
2026-07-12 10:58:23 INFO: [ls_stage1] Iter 91: PLATEAU move=('swap', 15, 63) obj=221.4600
2026-07-12 10:58:26 INFO: [ls_stage1] Iter 92: IMPROVEMENT move=('repod', 78, 162) obj=221.4500
2026-07-12 10:58:29 INFO: [ls_stage1] Iter 93: PLATEAU move=('moveto', 5, 7) obj=221.4500
2026-07-12 10:58:32 INFO: [ls_stage1] Iter 94: IMPROVEMENT move=('swap', 3, 50) obj=221.3500
2026-07-12 10:58:35 INFO: [ls_stage1] Iter 95: PLATEAU move=('swap', 1, 20) obj=221.3500
2026-07-12 10:58:38 INFO: [ls_stage1] Iter 96: PLATEAU move=('moveto', 35, 1) obj=221.3500
2026-07-12 10:58:41 INFO: [ls_stage1] Iter 97: PLATEAU move=('swap', 10, 26) obj=221.3500
2026-07-12 10:58:44 INFO: [ls_stage1] Iter 98: PLATEAU move=('moveto', 98, 5) obj=221.3500
2026-07-12 10:58:47 INFO: [ls_stage1] Iter 99: IMPROVEMENT move=('moveto', 23, 10) obj=221.3300
2026-07-12 10:58:50 INFO: [ls_stage1] Iter 100: PLATEAU move=('swap', 13, 75) obj=221.3300
2026-07-12 10:58:50 INFO: [ls_stage1] Final objective = 221.3300
2026-07-12 10:58:50 INFO: Stage 1 solved.
2026-07-12 10:58:50 INFO: Solving stage 2 ... 
2026-07-12 10:58:51 INFO: [ls_stage2] Building initial solution ...
2026-07-12 11:00:12 INFO: [ls_stage2] Feasible initial solution: obj = -12.1871
2026-07-12 11:00:12 WARNING: 
Variables size:
  x shape = (201, 100)
  f0 = (100, 100)
  g0 = (100, 100)
  v0 = (100, 100)
  y shape = (171, 2126086)
  num constraints satisfied = 3260570

2026-07-12 11:01:34 INFO: [ls_stage2] Iter 1: improved move=('multi_item', (np.int64(42), np.int64(58), np.int64(111)), -2) obj=-9.9099
2026-07-12 11:02:56 INFO: [ls_stage2] Iter 2: improved move=('order', 44, -1) obj=-7.9099
2026-07-12 11:04:18 INFO: [ls_stage2] Iter 3: improved move=('order', 0, -2) obj=-5.8109
2026-07-12 11:04:20 WARNING: _rebuild_pod_row: pod 514 cannot reach ws 25 by t=5 from 956 t=0 — staying put
2026-07-12 11:05:40 INFO: [ls_stage2] Candidate rejected: move=('multi_item', (np.int64(23), np.int64(182), np.int64(178)), -2) obj=-3.6128 violations=['EC18']
2026-07-12 11:07:02 INFO: [ls_stage2] Iter 4: improved move=('order', 25, -2) obj=-3.7118
2026-07-12 11:08:23 INFO: [ls_stage2] Iter 5: improved move=('order', 43, -1) obj=0.2882
2026-07-12 11:09:45 INFO: [ls_stage2] Candidate rejected: move=('multi_item', (np.int64(185), np.int64(141), np.int64(178)), -2) obj=2.4863 violations=['EC11']
2026-07-12 11:11:06 INFO: [ls_stage2] Candidate rejected: move=('order', 5, -1) obj=2.2882 violations=['EC11']
2026-07-12 11:12:27 INFO: [ls_stage2] Iter 6: improved move=('item', 21, -8) obj=1.9605
2026-07-12 11:13:49 INFO: [ls_stage2] Candidate rejected: move=('order', 94, -2) obj=5.0596 violations=['EC11']
2026-07-12 11:13:50 WARNING: _rebuild_pod_row: pod 814 cannot reach ws 19 by t=1 from 326 t=0 — staying put
2026-07-12 11:15:10 INFO: [ls_stage2] Candidate rejected: move=('multi_item', (np.int64(47), np.int64(130), np.int64(182)), -4) obj=4.5630 violations=['EC18']
2026-07-12 11:16:31 INFO: [ls_stage2] Iter 7: improved move=('item', 114, -8) obj=3.6329
2026-07-12 11:17:53 INFO: [ls_stage2] Iter 8: improved move=('item', 185, -8) obj=5.3052
2026-07-12 11:17:55 WARNING: _rebuild_pod_row: pod 873 cannot reach ws 19 by t=0 from 197 t=0 — staying put
2026-07-12 11:19:15 INFO: [ls_stage2] Candidate rejected: move=('multi_item', (np.int64(12), np.int64(15), np.int64(172)), -4) obj=7.9037 violations=['EC18']
2026-07-12 11:20:37 INFO: [ls_stage2] Iter 9: improved move=('multi_item', (np.int64(12), np.int64(15)), -4) obj=7.8935
2026-07-12 11:21:58 INFO: [ls_stage2] Iter 10: improved move=('order', 94, -1) obj=10.8935
2026-07-12 11:23:20 INFO: [ls_stage2] Iter 11: improved move=('item', 83, -8) obj=12.5659
2026-07-12 11:24:42 INFO: [ls_stage2] Iter 12: improved move=('item', 178, -8) obj=14.2382
2026-07-12 11:26:04 INFO: [ls_stage2] Iter 13: improved move=('order', 26, -2) obj=17.3373
2026-07-12 11:27:26 INFO: [ls_stage2] Candidate rejected: move=('order', 5, -1) obj=19.3373 violations=['EC11']
2026-07-12 11:28:48 INFO: [ls_stage2] Iter 14: improved move=('item', 121, -6) obj=18.8225
2026-07-12 11:30:10 INFO: [ls_stage2] Candidate rejected: move=('order', 51, -1) obj=21.8225 violations=['EC11']
2026-07-12 11:31:31 INFO: [ls_stage2] Candidate rejected: move=('order', 37, -1) obj=20.8225 violations=['EC11']
2026-07-12 11:32:52 INFO: [ls_stage2] Iter 15: improved move=('order', 82, -1) obj=20.8225
2026-07-12 11:34:14 INFO: [ls_stage2] Iter 16: improved move=('item', 47, -8) obj=22.4949
2026-07-12 11:35:36 INFO: [ls_stage2] Candidate rejected: move=('order', 51, -1) obj=25.4949 violations=['EC11']
2026-07-12 11:36:58 INFO: [ls_stage2] Iter 17: improved move=('multi_item', (np.int64(8), np.int64(121), np.int64(59)), -4) obj=24.1713
2026-07-12 11:38:19 INFO: [ls_stage2] Candidate rejected: move=('order', 37, -2) obj=26.2703 violations=['EC11']
2026-07-12 11:39:40 INFO: [ls_stage2] Iter 18: improved move=('multi_item', (np.int64(182), np.int64(11), np.int64(121)), -4) obj=25.8517
2026-07-12 11:41:02 INFO: [ls_stage2] Candidate rejected: move=('order', 51, -2) obj=28.9507 violations=['EC11']
2026-07-12 11:42:24 INFO: [ls_stage2] Candidate rejected: move=('order', 51, -1) obj=28.8517 violations=['EC11']
2026-07-12 11:43:46 INFO: [ls_stage2] Candidate rejected: move=('order', 5, -2) obj=27.9507 violations=['EC11']
2026-07-12 11:43:46 INFO: [ls_stage2] Iter 19: no accepted move (1/5)
2026-07-12 11:45:08 INFO: [ls_stage2] Candidate rejected: move=('multi_item', (np.int64(130), np.int64(74), np.int64(109)), -1) obj=27.8567 violations=['EC11']
2026-07-12 11:46:29 INFO: [ls_stage2] Candidate rejected: move=('multi_item', (np.int64(162), np.int64(113), np.int64(65)), -2) obj=26.9658 violations=['EC11']
2026-07-12 11:47:51 INFO: [ls_stage2] Candidate rejected: move=('multi_item', (np.int64(162), np.int64(113)), -2) obj=26.9507 violations=['EC11']
2026-07-12 11:47:51 INFO: [ls_stage2] Iter 20: no accepted move (2/5)
2026-07-12 11:49:13 INFO: [ls_stage2] Candidate rejected: move=('item', 113, -2) obj=26.9507 violations=['EC11']
2026-07-12 11:50:35 INFO: [ls_stage2] Candidate rejected: move=('item', 73, -1) obj=26.8517 violations=['EC11']
2026-07-12 11:51:56 INFO: [ls_stage2] Candidate rejected: move=('item', 14, -1) obj=26.8517 violations=['EC11']
2026-07-12 11:51:56 INFO: [ls_stage2] Iter 21: no accepted move (3/5)
2026-07-12 11:53:19 INFO: [ls_stage2] Candidate rejected: move=('multi_item', (np.int64(82), np.int64(16), np.int64(13)), -1) obj=27.8587 violations=['EC11']
2026-07-12 11:54:40 INFO: [ls_stage2] Iter 22: improved move=('item', 16, -2) obj=26.9507
2026-07-12 11:56:02 INFO: [ls_stage2] Candidate rejected: move=('order', 51, -1) obj=29.9507 violations=['EC11']
2026-07-12 11:57:23 INFO: [ls_stage2] Iter 23: improved move=('item', 120, -6) obj=28.4360
2026-07-12 11:58:45 INFO: [ls_stage2] Iter 24: improved move=('multi_item', (np.int64(119), np.int64(44), np.int64(9)), -4) obj=29.7912
2026-07-12 12:00:07 INFO: [ls_stage2] Iter 25: improved move=('multi_item', (np.int64(143), np.int64(189)), -4) obj=31.1836
2026-07-12 12:01:28 INFO: [ls_stage2] Candidate rejected: move=('order', 51, -2) obj=34.2826 violations=['EC11']
2026-07-12 12:02:50 INFO: [ls_stage2] Candidate rejected: move=('order', 5, -2) obj=33.2826 violations=['EC11']
2026-07-12 12:04:11 INFO: [ls_stage2] Iter 26: improved move=('item', 113, -6) obj=32.6688
2026-07-12 12:05:33 INFO: [ls_stage2] Iter 27: improved move=('item', 113, -8) obj=33.3932
2026-07-12 12:06:54 INFO: [ls_stage2] Candidate rejected: move=('order', 51, -1) obj=36.3932 violations=['EC11']
2026-07-12 12:08:15 INFO: [ls_stage2] Candidate rejected: move=('order', 37, -2) obj=35.4923 violations=['EC11']
2026-07-12 12:09:37 INFO: [ls_stage2] Iter 28: improved move=('item', 15, -8) obj=34.1336
2026-07-12 12:10:58 INFO: [ls_stage2] Iter 29: improved move=('item', 16, -8) obj=34.8900
2026-07-12 12:12:20 INFO: [ls_stage2] Iter 30: improved move=('item', 59, -8) obj=35.6304
2026-07-12 12:13:42 INFO: [ls_stage2] Candidate rejected: move=('order', 51, -2) obj=38.7295 violations=['EC11']
2026-07-12 12:15:03 INFO: [ls_stage2] Iter 31: improved move=('item', 58, -8) obj=36.3868
2026-07-12 12:16:24 INFO: [ls_stage2] Iter 32: improved move=('item', 182, -8) obj=37.1272
2026-07-12 12:17:46 INFO: [ls_stage2] Candidate rejected: move=('order', 37, -2) obj=39.2263 violations=['EC11']
2026-07-12 12:19:07 INFO: [ls_stage2] Iter 33: improved move=('item', 120, -8) obj=37.8516
2026-07-12 12:20:29 INFO: [ls_stage2] Candidate rejected: move=('order', 37, -2) obj=39.9507 violations=['EC11']
2026-07-12 12:21:50 INFO: [ls_stage2] Iter 34: improved move=('item', 119, -8) obj=38.5920
2026-07-12 12:23:12 INFO: [ls_stage2] Iter 35: improved move=('multi_item', (np.int64(178), np.int64(182), np.int64(78)), -4) obj=39.3515
2026-07-12 12:24:33 INFO: [ls_stage2] Candidate rejected: move=('order', 37, -1) obj=41.3515 violations=['EC11']
2026-07-12 12:25:55 INFO: [ls_stage2] Iter 36: improved move=('item', 83, -8) obj=40.0599
2026-07-12 12:27:16 INFO: [ls_stage2] Candidate rejected: move=('order', 5, -1) obj=42.0599 violations=['EC11']
2026-07-12 12:28:37 INFO: [ls_stage2] Iter 37: improved move=('multi_item', (np.int64(12), np.int64(2), np.int64(185)), -5) obj=40.9804
2026-07-12 12:29:59 INFO: [ls_stage2] Iter 38: improved move=('order', 51, -2) obj=44.0794
2026-07-12 12:31:20 INFO: [ls_stage2] Candidate rejected: move=('order', 37, -1) obj=46.0794 violations=['EC11']
2026-07-12 12:32:41 INFO: [ls_stage2] Iter 39: improved move=('item', 58, -8) obj=44.7718
2026-07-12 12:34:02 INFO: [ls_stage2] Candidate rejected: move=('order', 5, -1) obj=46.7718 violations=['EC11']
2026-07-12 12:35:24 INFO: [ls_stage2] Iter 40: improved move=('item', 143, -8) obj=45.5122
2026-07-12 12:36:45 INFO: [ls_stage2] Iter 41: improved move=('item', 21, -8) obj=46.2206
2026-07-12 12:38:07 INFO: [ls_stage2] Candidate rejected: move=('order', 37, -1) obj=48.2206 violations=['EC11']
2026-07-12 12:39:28 INFO: [ls_stage2] Candidate rejected: move=('order', 5, -1) obj=48.2206 violations=['EC11']
2026-07-12 12:39:29 WARNING: _rebuild_pod_row: pod 470 cannot reach ws 25 by t=5 from 1114 t=0 — staying put
2026-07-12 12:40:50 INFO: [ls_stage2] Candidate rejected: move=('multi_item', (np.int64(22), np.int64(119), np.int64(120)), -5) obj=47.0983 violations=['EC18']
2026-07-12 12:40:50 INFO: [ls_stage2] Iter 42: no accepted move (1/5)
2026-07-12 12:42:11 INFO: [ls_stage2] Iter 43: improved move=('item', 14, -1) obj=47.2206
2026-07-12 12:43:33 INFO: [ls_stage2] Iter 44: improved move=('multi_item', (np.int64(13), np.int64(199)), -5) obj=48.3759
2026-07-12 12:44:55 INFO: [ls_stage2] Iter 45: improved move=('item', 114, -8) obj=49.0843
2026-07-12 12:46:16 INFO: [ls_stage2] Iter 46: improved move=('multi_item', (np.int64(120), np.int64(42), np.int64(158)), -5) obj=50.0198
2026-07-12 12:47:38 INFO: [ls_stage2] Candidate rejected: move=('order', 37, -2) obj=52.1189 violations=['EC11']
2026-07-12 12:48:59 INFO: [ls_stage2] Iter 47: improved move=('multi_item', (np.int64(178), np.int64(87), np.int64(185)), -5) obj=50.8753
2026-07-12 12:50:21 INFO: [ls_stage2] Candidate rejected: move=('order', 37, -2) obj=52.9744 violations=['EC11']
2026-07-12 12:51:42 INFO: [ls_stage2] Candidate rejected: move=('order', 37, -1) obj=52.8753 violations=['EC11']
2026-07-12 12:53:04 INFO: [ls_stage2] Iter 48: improved move=('item', 15, -8) obj=51.5517
2026-07-12 12:54:25 INFO: [ls_stage2] Iter 49: improved move=('item', 16, -8) obj=52.2441
2026-07-12 12:55:47 INFO: [ls_stage2] Iter 50: improved move=('multi_item', (np.int64(73), np.int64(42), np.int64(74)), -4) obj=54.9045
2026-07-12 12:57:08 INFO: [ls_stage2] Iter 51: improved move=('multi_item', (np.int64(185), np.int64(121), np.int64(128)), -5) obj=55.7560
2026-07-12 12:58:30 INFO: [ls_stage2] Iter 52: improved move=('item', 12, -8) obj=56.4564
2026-07-12 12:59:51 INFO: [ls_stage2] Iter 53: improved move=('item', 21, -8) obj=57.1008
2026-07-12 13:01:13 INFO: [ls_stage2] Iter 54: improved move=('multi_item', (np.int64(58), np.int64(143), np.int64(97)), -5) obj=57.9313
2026-07-12 13:02:35 INFO: [ls_stage2] Iter 55: improved move=('item', 21, -8) obj=58.5117
2026-07-12 13:02:36 WARNING: _rebuild_pod_row: pod 353 cannot reach ws 23 by t=5 from 1371 t=0 — staying put
2026-07-12 13:02:36 WARNING: _rebuild_pod_row: pod 353 cannot reach ws 23 by t=10 from 1371 t=6 — staying put
2026-07-12 13:03:56 INFO: [ls_stage2] Candidate rejected: move=('multi_item', (np.int64(173), np.int64(59), np.int64(14)), -5) obj=59.3322 violations=['EC18']
2026-07-12 13:05:18 INFO: [ls_stage2] Iter 56: improved move=('item', 113, -8) obj=59.1721
2026-07-12 13:06:40 INFO: [ls_stage2] Iter 57: improved move=('item', 121, -8) obj=59.7925
2026-07-12 13:08:01 INFO: [ls_stage2] Iter 58: improved move=('multi_item', (np.int64(178), np.int64(121), np.int64(49)), -5) obj=60.5530
2026-07-12 13:09:23 INFO: [ls_stage2] Iter 59: improved move=('multi_item', (np.int64(121), np.int64(21), np.int64(62)), -5) obj=61.2886
2026-07-12 13:10:44 INFO: [ls_stage2] Iter 60: improved move=('item', 42, -8) obj=61.9730
2026-07-12 13:12:06 INFO: [ls_stage2] Iter 61: improved move=('item', 47, -8) obj=62.6814
2026-07-12 13:12:07 WARNING: _rebuild_pod_row: pod 814 cannot reach ws 19 by t=0 from 326 t=0 — staying put
2026-07-12 13:13:28 INFO: [ls_stage2] Candidate rejected: move=('multi_item', (np.int64(130), np.int64(185), np.int64(181)), -5) obj=63.3272 violations=['EC18']
2026-07-12 13:14:49 INFO: [ls_stage2] Iter 62: improved move=('multi_item', (np.int64(47), np.int64(15)), -4) obj=63.3258
2026-07-12 13:16:10 INFO: [ls_stage2] Iter 63: improved move=('multi_item', (np.int64(187), np.int64(121), np.int64(14)), -5) obj=64.0213
2026-07-12 13:17:32 INFO: [ls_stage2] Iter 64: improved move=('multi_item', (np.int64(192), np.int64(116), np.int64(119)), -5) obj=64.6789
2026-07-12 13:18:53 INFO: [ls_stage2] Iter 65: improved move=('item', 83, -8) obj=65.3233
2026-07-12 13:20:15 INFO: [ls_stage2] Iter 66: improved move=('item', 12, -8) obj=65.9597
2026-07-12 13:21:37 INFO: [ls_stage2] Iter 67: improved move=('multi_item', (np.int64(16), np.int64(120)), -5) obj=66.7552
2026-07-12 13:22:58 INFO: [ls_stage2] Iter 68: improved move=('item', 114, -8) obj=67.3996
2026-07-12 13:24:20 INFO: [ls_stage2] Iter 69: improved move=('multi_item', (np.int64(121), np.int64(50)), -5) obj=68.1601
2026-07-12 13:25:42 INFO: [ls_stage2] Iter 70: improved move=('item', 119, -8) obj=68.7965
2026-07-12 13:27:03 INFO: [ls_stage2] Iter 71: improved move=('multi_item', (np.int64(114), np.int64(161), np.int64(120)), -4) obj=69.4449
2026-07-12 13:28:25 INFO: [ls_stage2] Iter 72: improved move=('multi_item', (np.int64(83), np.int64(71), np.int64(58)), -5) obj=70.1904
2026-07-12 13:29:47 INFO: [ls_stage2] Iter 73: improved move=('multi_item', (np.int64(59), np.int64(58), np.int64(103)), -5) obj=70.9709
2026-07-12 13:31:08 INFO: [ls_stage2] Iter 74: improved move=('multi_item', (np.int64(42), np.int64(125), np.int64(143)), -4) obj=71.6153
2026-07-12 13:32:30 INFO: [ls_stage2] Iter 75: improved move=('item', 143, -8) obj=72.2197
2026-07-12 13:33:51 INFO: [ls_stage2] Iter 76: improved move=('multi_item', (np.int64(178), np.int64(197), np.int64(119)), -4) obj=72.8572
2026-07-12 13:35:13 INFO: [ls_stage2] Iter 77: improved move=('item', 42, -8) obj=73.4456
2026-07-12 13:36:35 INFO: [ls_stage2] Iter 78: improved move=('item', 120, -8) obj=73.9940
2026-07-12 13:37:56 INFO: [ls_stage2] Iter 79: improved move=('item', 58, -8) obj=74.5024
2026-07-12 13:39:18 INFO: [ls_stage2] Iter 80: improved move=('multi_item', (np.int64(58), np.int64(179), np.int64(119)), -4) obj=75.0930
2026-07-12 13:40:39 INFO: [ls_stage2] Iter 81: improved move=('item', 16, -8) obj=75.6814
2026-07-12 13:42:01 INFO: [ls_stage2] Iter 82: improved move=('item', 182, -8) obj=76.3258
2026-07-12 13:43:23 INFO: [ls_stage2] Iter 83: improved move=('item', 59, -8) obj=76.9622
2026-07-12 13:44:44 INFO: [ls_stage2] Iter 84: improved move=('item', 59, -8) obj=77.5346
2026-07-12 13:46:05 INFO: [ls_stage2] Iter 85: improved move=('multi_item', (np.int64(62), np.int64(83), np.int64(120)), -5) obj=78.1901
2026-07-12 13:47:27 INFO: [ls_stage2] Iter 86: improved move=('item', 15, -8) obj=78.7705
2026-07-12 13:48:49 INFO: [ls_stage2] Iter 87: improved move=('item', 185, -8) obj=79.3589
2026-07-12 13:50:10 INFO: [ls_stage2] Iter 88: improved move=('item', 119, -8) obj=79.8673
2026-07-12 13:51:32 INFO: [ls_stage2] Iter 89: improved move=('item', 113, -8) obj=80.4637
2026-07-12 13:52:54 INFO: [ls_stage2] Iter 90: improved move=('item', 182, -8) obj=81.0441
2026-07-12 13:54:16 INFO: [ls_stage2] Iter 91: improved move=('multi_item', (np.int64(119), np.int64(43), np.int64(12)), -4) obj=81.5685
2026-07-12 13:55:37 INFO: [ls_stage2] Iter 92: improved move=('item', 114, -8) obj=82.1169
2026-07-12 13:56:59 INFO: [ls_stage2] Iter 93: improved move=('item', 16, -8) obj=82.6413
2026-07-12 13:58:21 INFO: [ls_stage2] Iter 94: improved move=('item', 42, -8) obj=83.1657
2026-07-12 13:59:42 INFO: [ls_stage2] Iter 95: improved move=('item', 113, -8) obj=83.6981
2026-07-12 14:01:04 INFO: [ls_stage2] Iter 96: improved move=('item', 12, -8) obj=84.2385
2026-07-12 14:01:06 WARNING: _rebuild_pod_row: pod 866 cannot reach ws 25 by t=3 from 307 t=0 — staying put
2026-07-12 14:02:26 INFO: [ls_stage2] Candidate rejected: move=('multi_item', (np.int64(66), np.int64(111), np.int64(15)), -5) obj=84.7701 violations=['EC18']
2026-07-12 14:03:47 INFO: [ls_stage2] Iter 97: improved move=('multi_item', (np.int64(182), np.int64(48), np.int64(24)), -5) obj=84.7392
2026-07-12 14:05:09 INFO: [ls_stage2] Iter 98: improved move=('item', 178, -8) obj=85.3036
2026-07-12 14:06:31 INFO: [ls_stage2] Iter 99: improved move=('item', 143, -8) obj=85.8440
2026-07-12 14:07:52 INFO: [ls_stage2] Iter 100: improved move=('multi_item', (np.int64(152), np.int64(143), np.int64(181)), -5) obj=86.4045
2026-07-12 14:07:52 INFO: Stage 2 solved.
2026-07-12 14:08:51 DEBUG: Order 84 will be opened at workstation 0. [opened orders = 0 / 4]
2026-07-12 14:08:51 DEBUG: Order 63 will be opened at workstation 0. [opened orders = 0 / 4]
2026-07-12 14:08:51 DEBUG: Order 72 will be opened at workstation 0. [opened orders = 0 / 4]
2026-07-12 14:08:51 DEBUG: Order 41 will be opened at workstation 0. [opened orders = 0 / 4]
2026-07-12 14:08:51 DEBUG: Order 33 queued at workstation 0. [order_queue len = 1]
2026-07-12 14:08:51 DEBUG: Order 48 queued at workstation 0. [order_queue len = 2]
2026-07-12 14:08:51 DEBUG: Order 58 queued at workstation 0. [order_queue len = 3]
2026-07-12 14:08:51 DEBUG: Order 78 queued at workstation 0. [order_queue len = 4]
2026-07-12 14:08:51 DEBUG: Order 14 queued at workstation 0. [order_queue len = 5]
2026-07-12 14:08:51 DEBUG: Order 56 queued at workstation 0. [order_queue len = 6]
2026-07-12 14:08:51 DEBUG: Order 77 queued at workstation 0. [order_queue len = 7]
2026-07-12 14:08:51 DEBUG: Order 15 queued at workstation 0. [order_queue len = 8]
2026-07-12 14:08:51 DEBUG: Order 30 queued at workstation 0. [order_queue len = 9]
2026-07-12 14:08:51 DEBUG: Order 18 queued at workstation 0. [order_queue len = 10]
2026-07-12 14:08:51 DEBUG: Order 87 queued at workstation 0. [order_queue len = 11]
2026-07-12 14:08:51 DEBUG: Order 52 queued at workstation 0. [order_queue len = 12]
2026-07-12 14:08:51 DEBUG: Order 46 queued at workstation 0. [order_queue len = 13]
2026-07-12 14:08:51 DEBUG: Order 83 queued at workstation 0. [order_queue len = 14]
2026-07-12 14:08:51 DEBUG: Order 22 will be opened at workstation 1. [opened orders = 0 / 4]
2026-07-12 14:08:51 DEBUG: Order 35 will be opened at workstation 1. [opened orders = 0 / 4]
2026-07-12 14:08:51 DEBUG: Order 12 will be opened at workstation 1. [opened orders = 0 / 4]
2026-07-12 14:08:51 DEBUG: Order 91 will be opened at workstation 1. [opened orders = 0 / 4]
2026-07-12 14:08:51 DEBUG: Order 64 queued at workstation 1. [order_queue len = 1]
2026-07-12 14:08:51 DEBUG: Order 36 queued at workstation 1. [order_queue len = 2]
2026-07-12 14:08:51 DEBUG: Order 19 queued at workstation 1. [order_queue len = 3]
2026-07-12 14:08:51 DEBUG: Order 99 queued at workstation 1. [order_queue len = 4]
2026-07-12 14:08:51 DEBUG: Order 40 queued at workstation 1. [order_queue len = 5]
2026-07-12 14:08:51 DEBUG: Order 69 will be opened at workstation 2. [opened orders = 0 / 4]
2026-07-12 14:08:51 DEBUG: Order 27 will be opened at workstation 2. [opened orders = 0 / 4]
2026-07-12 14:08:51 DEBUG: Order 65 will be opened at workstation 2. [opened orders = 0 / 4]
2026-07-12 14:08:51 DEBUG: Order 85 will be opened at workstation 2. [opened orders = 0 / 4]
2026-07-12 14:08:51 DEBUG: Order 88 queued at workstation 2. [order_queue len = 1]
2026-07-12 14:08:51 DEBUG: Order 24 queued at workstation 2. [order_queue len = 2]
2026-07-12 14:08:51 DEBUG: Order 73 queued at workstation 2. [order_queue len = 3]
2026-07-12 14:08:51 DEBUG: Order 34 will be opened at workstation 3. [opened orders = 0 / 4]
2026-07-12 14:08:51 DEBUG: Order 11 will be opened at workstation 3. [opened orders = 0 / 4]
2026-07-12 14:08:51 DEBUG: Order 2 will be opened at workstation 3. [opened orders = 0 / 4]
2026-07-12 14:08:51 DEBUG: Order 8 will be opened at workstation 3. [opened orders = 0 / 4]
2026-07-12 14:08:51 DEBUG: Order 74 queued at workstation 3. [order_queue len = 1]
2026-07-12 14:08:51 DEBUG: Order 76 queued at workstation 3. [order_queue len = 2]
2026-07-12 14:08:51 DEBUG: Order 16 queued at workstation 3. [order_queue len = 3]
2026-07-12 14:08:51 DEBUG: Order 9 queued at workstation 3. [order_queue len = 4]
2026-07-12 14:08:51 DEBUG: Order 57 will be opened at workstation 4. [opened orders = 0 / 4]
2026-07-12 14:08:51 DEBUG: Order 62 will be opened at workstation 4. [opened orders = 0 / 4]
2026-07-12 14:08:51 DEBUG: Order 80 will be opened at workstation 4. [opened orders = 0 / 4]
2026-07-12 14:08:51 DEBUG: Order 95 will be opened at workstation 4. [opened orders = 0 / 4]
2026-07-12 14:08:51 DEBUG: Order 31 queued at workstation 4. [order_queue len = 1]
2026-07-12 14:08:51 DEBUG: Order 50 queued at workstation 4. [order_queue len = 2]
2026-07-12 14:08:51 DEBUG: Order 96 will be opened at workstation 5. [opened orders = 0 / 4]
2026-07-12 14:08:51 DEBUG: Order 98 will be opened at workstation 5. [opened orders = 0 / 4]
2026-07-12 14:08:51 DEBUG: Order 53 will be opened at workstation 5. [opened orders = 0 / 4]
2026-07-12 14:08:51 DEBUG: Order 38 will be opened at workstation 5. [opened orders = 0 / 4]
2026-07-12 14:08:51 DEBUG: Order 67 queued at workstation 5. [order_queue len = 1]
2026-07-12 14:08:51 DEBUG: Order 3 will be opened at workstation 6. [opened orders = 0 / 4]
2026-07-12 14:08:51 DEBUG: Order 13 will be opened at workstation 6. [opened orders = 0 / 4]
2026-07-12 14:08:51 DEBUG: Order 75 will be opened at workstation 6. [opened orders = 0 / 4]
2026-07-12 14:08:51 DEBUG: Order 49 will be opened at workstation 6. [opened orders = 0 / 4]
2026-07-12 14:08:51 DEBUG: Order 59 will be opened at workstation 7. [opened orders = 0 / 4]
2026-07-12 14:08:51 DEBUG: Order 10 will be opened at workstation 7. [opened orders = 0 / 4]
2026-07-12 14:08:51 DEBUG: Order 90 will be opened at workstation 7. [opened orders = 0 / 4]
2026-07-12 14:08:51 DEBUG: Order 5 will be opened at workstation 7. [opened orders = 0 / 4]
2026-07-12 14:08:51 DEBUG: Order 43 queued at workstation 7. [order_queue len = 1]
2026-07-12 14:08:51 DEBUG: Order 37 queued at workstation 7. [order_queue len = 2]
2026-07-12 14:08:51 DEBUG: Order 26 queued at workstation 7. [order_queue len = 3]
2026-07-12 14:08:51 DEBUG: Order 32 will be opened at workstation 8. [opened orders = 0 / 4]
2026-07-12 14:08:51 DEBUG: Order 20 will be opened at workstation 8. [opened orders = 0 / 4]
2026-07-12 14:08:51 DEBUG: Order 1 will be opened at workstation 8. [opened orders = 0 / 4]
2026-07-12 14:08:51 DEBUG: Order 79 will be opened at workstation 8. [opened orders = 0 / 4]
2026-07-12 14:08:51 DEBUG: Order 68 queued at workstation 8. [order_queue len = 1]
2026-07-12 14:08:51 DEBUG: Order 97 will be opened at workstation 9. [opened orders = 0 / 4]
2026-07-12 14:08:51 DEBUG: Order 17 will be opened at workstation 9. [opened orders = 0 / 4]
2026-07-12 14:08:51 DEBUG: Order 45 will be opened at workstation 9. [opened orders = 0 / 4]
2026-07-12 14:08:51 DEBUG: Order 47 will be opened at workstation 9. [opened orders = 0 / 4]
2026-07-12 14:08:51 DEBUG: Order 39 queued at workstation 9. [order_queue len = 1]
2026-07-12 14:08:51 DEBUG: Order 89 queued at workstation 9. [order_queue len = 2]
2026-07-12 14:08:51 DEBUG: Order 81 queued at workstation 9. [order_queue len = 3]
2026-07-12 14:08:51 DEBUG: Order 71 will be opened at workstation 10. [opened orders = 0 / 4]
2026-07-12 14:08:51 DEBUG: Order 54 will be opened at workstation 10. [opened orders = 0 / 4]
2026-07-12 14:08:51 DEBUG: Order 42 will be opened at workstation 10. [opened orders = 0 / 4]
2026-07-12 14:08:51 DEBUG: Order 86 will be opened at workstation 10. [opened orders = 0 / 4]
2026-07-12 14:08:51 DEBUG: Order 29 queued at workstation 10. [order_queue len = 1]
2026-07-12 14:08:51 DEBUG: Order 93 queued at workstation 10. [order_queue len = 2]
2026-07-12 14:08:51 DEBUG: Order 23 queued at workstation 10. [order_queue len = 3]
2026-07-12 14:08:51 DEBUG: Order 25 queued at workstation 10. [order_queue len = 4]
2026-07-12 14:08:51 DEBUG: Order 94 queued at workstation 10. [order_queue len = 5]
2026-07-12 14:08:51 DEBUG: Order 0 queued at workstation 10. [order_queue len = 6]
2026-07-12 14:08:51 DEBUG: Order 66 will be opened at workstation 11. [opened orders = 0 / 4]
2026-07-12 14:08:51 DEBUG: Order 92 will be opened at workstation 11. [opened orders = 0 / 4]
2026-07-12 14:08:51 DEBUG: Order 61 will be opened at workstation 11. [opened orders = 0 / 4]
2026-07-12 14:08:51 DEBUG: Order 28 will be opened at workstation 11. [opened orders = 0 / 4]
2026-07-12 14:08:51 DEBUG: Order 70 queued at workstation 11. [order_queue len = 1]
2026-07-12 14:08:51 DEBUG: Order 60 queued at workstation 11. [order_queue len = 2]
2026-07-12 14:08:51 DEBUG: Order 7 queued at workstation 11. [order_queue len = 3]
2026-07-12 14:08:51 DEBUG: Order 21 queued at workstation 11. [order_queue len = 4]
2026-07-12 14:08:51 DEBUG: Order 4 queued at workstation 11. [order_queue len = 5]
2026-07-12 14:08:51 DEBUG: Order 55 queued at workstation 11. [order_queue len = 6]
2026-07-12 14:08:51 DEBUG: Order 6 queued at workstation 11. [order_queue len = 7]
2026-07-12 14:08:51 DEBUG: Order 51 queued at workstation 11. [order_queue len = 8]
2026-07-12 14:08:51 DEBUG: Order 44 queued at workstation 11. [order_queue len = 9]
2026-07-12 14:08:51 DEBUG: Order 82 queued at workstation 11. [order_queue len = 10]
2026-07-12 14:08:51 WARNING: Task designing ended. Optimizer designed 185 tasks.
2026-07-12 14:08:51 DEBUG:    EVENT NUM 3     current_time = 00:00:01   RELEASE_TASK          [queue size = 234]
2026-07-12 14:08:51 DEBUG: Task 0 released: pod 823 required by workstation(s) [2].  [released tasks = 1]
2026-07-12 14:08:51 DEBUG:    EVENT NUM 4     current_time = 00:00:01   OPEN_ORDER            [queue size = 234]
2026-07-12 14:08:51 DEBUG: Order 84 (skus required = {7455}) opened at workstation 0.   [open_orders = 1/4]
2026-07-12 14:08:51 DEBUG:    EVENT NUM 5     current_time = 00:00:01   OPEN_ORDER            [queue size = 234]
2026-07-12 14:08:51 DEBUG: Order 63 (skus required = {11495}) opened at workstation 0.   [open_orders = 2/4]
2026-07-12 14:08:51 DEBUG:    EVENT NUM 6     current_time = 00:00:01   OPEN_ORDER            [queue size = 234]
2026-07-12 14:08:51 DEBUG: Order 72 (skus required = {514}) opened at workstation 0.   [open_orders = 3/4]
2026-07-12 14:08:51 DEBUG:    EVENT NUM 7     current_time = 00:00:01   OPEN_ORDER            [queue size = 234]
2026-07-12 14:08:51 DEBUG: Order 41 (skus required = {8402}) opened at workstation 0.   [open_orders = 4/4]
2026-07-12 14:08:51 DEBUG:    EVENT NUM 8     current_time = 00:00:01   OPEN_ORDER            [queue size = 234]
2026-07-12 14:08:51 DEBUG: Order 22 (skus required = {5496, 1865, 5160, 9407}) opened at workstation 1.   [open_orders = 1/4]
2026-07-12 14:08:51 DEBUG:    EVENT NUM 9     current_time = 00:00:01   OPEN_ORDER            [queue size = 234]
2026-07-12 14:08:51 DEBUG: Order 35 (skus required = {6177, 11889, 6863}) opened at workstation 1.   [open_orders = 2/4]
2026-07-12 14:08:51 DEBUG:    EVENT NUM 10    current_time = 00:00:01   OPEN_ORDER            [queue size = 234]
2026-07-12 14:08:51 DEBUG: Order 12 (skus required = {9801, 9100}) opened at workstation 1.   [open_orders = 3/4]
2026-07-12 14:08:51 DEBUG:    EVENT NUM 11    current_time = 00:00:01   OPEN_ORDER            [queue size = 234]
2026-07-12 14:08:51 DEBUG: Order 91 (skus required = {3034}) opened at workstation 1.   [open_orders = 4/4]
2026-07-12 14:08:51 DEBUG:    EVENT NUM 12    current_time = 00:00:01   OPEN_ORDER            [queue size = 234]
2026-07-12 14:08:51 DEBUG: Order 69 (skus required = {10336, 8677, 12448}) opened at workstation 2.   [open_orders = 1/4]
2026-07-12 14:08:51 DEBUG:    EVENT NUM 13    current_time = 00:00:01   OPEN_ORDER            [queue size = 234]
2026-07-12 14:08:51 DEBUG: Order 27 (skus required = {3929, 7699, 6947, 461}) opened at workstation 2.   [open_orders = 2/4]
2026-07-12 14:08:51 DEBUG:    EVENT NUM 14    current_time = 00:00:01   OPEN_ORDER            [queue size = 234]
2026-07-12 14:08:51 DEBUG: Order 65 (skus required = {3181}) opened at workstation 2.   [open_orders = 3/4]
2026-07-12 14:08:51 DEBUG:    EVENT NUM 15    current_time = 00:00:01   OPEN_ORDER            [queue size = 234]
2026-07-12 14:08:51 DEBUG: Order 85 (skus required = {6533, 7368, 4651, 3439, 7706}) opened at workstation 2.   [open_orders = 4/4]
2026-07-12 14:08:51 DEBUG:    EVENT NUM 16    current_time = 00:00:01   OPEN_ORDER            [queue size = 234]
2026-07-12 14:08:51 DEBUG: Order 34 (skus required = {8416, 970, 4031}) opened at workstation 3.   [open_orders = 1/4]
2026-07-12 14:08:51 DEBUG:    EVENT NUM 17    current_time = 00:00:01   OPEN_ORDER            [queue size = 234]
2026-07-12 14:08:51 DEBUG: Order 11 (skus required = {3493, 12054}) opened at workstation 3.   [open_orders = 2/4]
2026-07-12 14:08:51 DEBUG:    EVENT NUM 18    current_time = 00:00:01   OPEN_ORDER            [queue size = 234]
2026-07-12 14:08:51 DEBUG: Order 2 (skus required = {4760, 5499}) opened at workstation 3.   [open_orders = 3/4]
2026-07-12 14:08:51 DEBUG:    EVENT NUM 19    current_time = 00:00:01   OPEN_ORDER            [queue size = 234]
2026-07-12 14:08:51 DEBUG: Order 8 (skus required = {11893, 6918}) opened at workstation 3.   [open_orders = 4/4]
2026-07-12 14:08:51 DEBUG:    EVENT NUM 20    current_time = 00:00:01   OPEN_ORDER            [queue size = 234]
2026-07-12 14:08:51 DEBUG: Order 57 (skus required = {2948, 5255}) opened at workstation 4.   [open_orders = 1/4]
2026-07-12 14:08:51 DEBUG:    EVENT NUM 21    current_time = 00:00:01   OPEN_ORDER            [queue size = 234]
2026-07-12 14:08:51 DEBUG: Order 62 (skus required = {5376, 7970, 5612, 4944, 6674, 2935, 10077, 3615}) opened at workstation 4.   [open_orders = 2/4]
2026-07-12 14:08:51 DEBUG:    EVENT NUM 22    current_time = 00:00:01   OPEN_ORDER            [queue size = 234]
2026-07-12 14:08:51 DEBUG: Order 80 (skus required = {7522, 3611}) opened at workstation 4.   [open_orders = 3/4]
2026-07-12 14:08:51 DEBUG:    EVENT NUM 23    current_time = 00:00:01   OPEN_ORDER            [queue size = 234]
2026-07-12 14:08:51 DEBUG: Order 95 (skus required = {1248}) opened at workstation 4.   [open_orders = 4/4]
2026-07-12 14:08:51 DEBUG:    EVENT NUM 24    current_time = 00:00:01   OPEN_ORDER            [queue size = 234]
2026-07-12 14:08:51 DEBUG: Order 96 (skus required = {4673, 4420, 2664, 3981, 8624, 4055, 9272, 8890}) opened at workstation 5.   [open_orders = 1/4]
2026-07-12 14:08:51 DEBUG:    EVENT NUM 25    current_time = 00:00:01   OPEN_ORDER            [queue size = 234]
2026-07-12 14:08:51 DEBUG: Order 98 (skus required = {6992}) opened at workstation 5.   [open_orders = 2/4]
2026-07-12 14:08:51 DEBUG:    EVENT NUM 26    current_time = 00:00:01   OPEN_ORDER            [queue size = 234]
2026-07-12 14:08:51 DEBUG: Order 53 (skus required = {5782, 5599}) opened at workstation 5.   [open_orders = 3/4]
2026-07-12 14:08:51 DEBUG:    EVENT NUM 27    current_time = 00:00:01   OPEN_ORDER            [queue size = 234]
2026-07-12 14:08:51 DEBUG: Order 38 (skus required = {2920, 2882, 9272}) opened at workstation 5.   [open_orders = 4/4]
2026-07-12 14:08:51 DEBUG:    EVENT NUM 28    current_time = 00:00:01   OPEN_ORDER            [queue size = 234]
2026-07-12 14:08:51 DEBUG: Order 3 (skus required = {11344, 5626, 12200}) opened at workstation 6.   [open_orders = 1/4]
2026-07-12 14:08:51 DEBUG:    EVENT NUM 29    current_time = 00:00:01   OPEN_ORDER            [queue size = 234]
2026-07-12 14:08:51 DEBUG: Order 13 (skus required = {2521, 8076, 7583}) opened at workstation 6.   [open_orders = 2/4]
2026-07-12 14:08:51 DEBUG:    EVENT NUM 30    current_time = 00:00:01   OPEN_ORDER            [queue size = 234]
2026-07-12 14:08:51 DEBUG: Order 75 (skus required = {10946, 2570, 6670, 4368, 11191}) opened at workstation 6.   [open_orders = 3/4]
2026-07-12 14:08:51 DEBUG:    EVENT NUM 31    current_time = 00:00:01   OPEN_ORDER            [queue size = 234]
2026-07-12 14:08:51 DEBUG: Order 49 (skus required = {2876, 7911}) opened at workstation 6.   [open_orders = 4/4]
2026-07-12 14:08:51 DEBUG:    EVENT NUM 32    current_time = 00:00:01   OPEN_ORDER            [queue size = 234]
2026-07-12 14:08:51 DEBUG: Order 59 (skus required = {5251}) opened at workstation 7.   [open_orders = 1/4]
2026-07-12 14:08:51 DEBUG:    EVENT NUM 33    current_time = 00:00:01   OPEN_ORDER            [queue size = 234]
2026-07-12 14:08:51 DEBUG: Order 10 (skus required = {4361}) opened at workstation 7.   [open_orders = 2/4]
2026-07-12 14:08:51 DEBUG:    EVENT NUM 34    current_time = 00:00:01   OPEN_ORDER            [queue size = 234]
2026-07-12 14:08:51 DEBUG: Order 90 (skus required = {3322}) opened at workstation 7.   [open_orders = 3/4]
2026-07-12 14:08:51 DEBUG:    EVENT NUM 35    current_time = 00:00:01   OPEN_ORDER            [queue size = 234]
2026-07-12 14:08:51 DEBUG: Order 5 (skus required = {2281, 4951}) opened at workstation 7.   [open_orders = 4/4]
2026-07-12 14:08:51 DEBUG:    EVENT NUM 36    current_time = 00:00:01   OPEN_ORDER            [queue size = 234]
2026-07-12 14:08:51 DEBUG: Order 32 (skus required = {9180, 4511}) opened at workstation 8.   [open_orders = 1/4]
2026-07-12 14:08:51 DEBUG:    EVENT NUM 37    current_time = 00:00:01   OPEN_ORDER            [queue size = 234]
2026-07-12 14:08:51 DEBUG: Order 20 (skus required = {8337, 11602, 2310}) opened at workstation 8.   [open_orders = 2/4]
2026-07-12 14:08:51 DEBUG:    EVENT NUM 38    current_time = 00:00:01   OPEN_ORDER            [queue size = 234]
2026-07-12 14:08:51 DEBUG: Order 1 (skus required = {1704, 7407, 8729, 4378, 5981}) opened at workstation 8.   [open_orders = 3/4]
2026-07-12 14:08:51 DEBUG:    EVENT NUM 39    current_time = 00:00:01   OPEN_ORDER            [queue size = 234]
2026-07-12 14:08:51 DEBUG: Order 79 (skus required = {2450, 5981, 1102}) opened at workstation 8.   [open_orders = 4/4]
2026-07-12 14:08:51 DEBUG:    EVENT NUM 40    current_time = 00:00:01   OPEN_ORDER            [queue size = 234]
2026-07-12 14:08:51 DEBUG: Order 97 (skus required = {10743}) opened at workstation 9.   [open_orders = 1/4]
2026-07-12 14:08:51 DEBUG:    EVENT NUM 41    current_time = 00:00:01   OPEN_ORDER            [queue size = 234]
2026-07-12 14:08:51 DEBUG: Order 17 (skus required = {13250, 8842, 8525}) opened at workstation 9.   [open_orders = 2/4]
2026-07-12 14:08:51 DEBUG:    EVENT NUM 42    current_time = 00:00:01   OPEN_ORDER            [queue size = 234]
2026-07-12 14:08:51 DEBUG: Order 45 (skus required = {8901, 7050, 6732, 10263, 1723, 8892}) opened at workstation 9.   [open_orders = 3/4]
2026-07-12 14:08:51 DEBUG:    EVENT NUM 43    current_time = 00:00:01   OPEN_ORDER            [queue size = 234]
2026-07-12 14:08:51 DEBUG: Order 47 (skus required = {7736, 8816}) opened at workstation 9.   [open_orders = 4/4]
2026-07-12 14:08:51 DEBUG:    EVENT NUM 44    current_time = 00:00:01   OPEN_ORDER            [queue size = 234]
2026-07-12 14:08:51 DEBUG: Order 71 (skus required = {8331}) opened at workstation 10.   [open_orders = 1/4]
2026-07-12 14:08:51 DEBUG:    EVENT NUM 45    current_time = 00:00:01   OPEN_ORDER            [queue size = 234]
2026-07-12 14:08:51 DEBUG: Order 54 (skus required = {1296}) opened at workstation 10.   [open_orders = 2/4]
2026-07-12 14:08:51 DEBUG:    EVENT NUM 46    current_time = 00:00:01   OPEN_ORDER            [queue size = 234]
2026-07-12 14:08:51 DEBUG: Order 42 (skus required = {3554}) opened at workstation 10.   [open_orders = 3/4]
2026-07-12 14:08:51 DEBUG:    EVENT NUM 47    current_time = 00:00:01   OPEN_ORDER            [queue size = 234]
2026-07-12 14:08:51 DEBUG: Order 86 (skus required = {2877}) opened at workstation 10.   [open_orders = 4/4]
2026-07-12 14:08:51 DEBUG:    EVENT NUM 48    current_time = 00:00:01   OPEN_ORDER            [queue size = 234]
2026-07-12 14:08:51 DEBUG: Order 66 (skus required = {6023}) opened at workstation 11.   [open_orders = 1/4]
2026-07-12 14:08:51 DEBUG:    EVENT NUM 49    current_time = 00:00:01   OPEN_ORDER            [queue size = 234]
2026-07-12 14:08:51 DEBUG: Order 92 (skus required = {9197}) opened at workstation 11.   [open_orders = 2/4]
2026-07-12 14:08:51 DEBUG:    EVENT NUM 50    current_time = 00:00:01   OPEN_ORDER            [queue size = 234]
2026-07-12 14:08:51 DEBUG: Order 61 (skus required = {6190}) opened at workstation 11.   [open_orders = 3/4]
2026-07-12 14:08:51 DEBUG:    EVENT NUM 51    current_time = 00:00:01   OPEN_ORDER            [queue size = 234]
2026-07-12 14:08:51 DEBUG: Order 28 (skus required = {8541}) opened at workstation 11.   [open_orders = 4/4]
2026-07-12 14:08:51 DEBUG:    EVENT NUM 52    current_time = 00:00:01   START_TASK            [queue size = 234]
2026-07-12 14:08:51 DEBUG: Task 0 started: robot 16 → pod 823 → workstation 2 for orders {27, 69} (arrival = 33.2 s).   [idle robots = 39/40]
2026-07-12 14:08:51 DEBUG:    EVENT NUM 53    current_time = 00:00:01   START_TASK            [queue size = 234]
2026-07-12 14:08:51 DEBUG:    EVENT NUM 54    current_time = 00:00:01   START_TASK            [queue size = 233]
2026-07-12 14:08:51 DEBUG:    EVENT NUM 55    current_time = 00:00:01   START_TASK            [queue size = 232]
2026-07-12 14:08:51 DEBUG:    EVENT NUM 56    current_time = 00:00:01   START_TASK            [queue size = 231]
2026-07-12 14:08:51 DEBUG:    EVENT NUM 57    current_time = 00:00:01   START_TASK            [queue size = 230]
2026-07-12 14:08:51 DEBUG:    EVENT NUM 58    current_time = 00:00:01   START_TASK            [queue size = 229]
2026-07-12 14:08:51 DEBUG:    EVENT NUM 59    current_time = 00:00:01   START_TASK            [queue size = 228]
2026-07-12 14:08:51 DEBUG:    EVENT NUM 60    current_time = 00:00:01   START_TASK            [queue size = 227]
2026-07-12 14:08:51 DEBUG:    EVENT NUM 61    current_time = 00:00:01   START_TASK            [queue size = 226]
2026-07-12 14:08:51 DEBUG:    EVENT NUM 62    current_time = 00:00:01   START_TASK            [queue size = 225]
2026-07-12 14:08:51 DEBUG:    EVENT NUM 63    current_time = 00:00:01   START_TASK            [queue size = 224]
2026-07-12 14:08:51 DEBUG:    EVENT NUM 64    current_time = 00:00:01   START_TASK            [queue size = 223]
2026-07-12 14:08:51 DEBUG:    EVENT NUM 65    current_time = 00:00:01   START_TASK            [queue size = 222]
2026-07-12 14:08:51 DEBUG:    EVENT NUM 66    current_time = 00:00:01   START_TASK            [queue size = 221]
2026-07-12 14:08:51 DEBUG:    EVENT NUM 67    current_time = 00:00:01   START_TASK            [queue size = 220]
2026-07-12 14:08:51 DEBUG:    EVENT NUM 68    current_time = 00:00:01   START_TASK            [queue size = 219]
2026-07-12 14:08:51 DEBUG:    EVENT NUM 69    current_time = 00:00:01   START_TASK            [queue size = 218]
2026-07-12 14:08:51 DEBUG:    EVENT NUM 70    current_time = 00:00:01   START_TASK            [queue size = 217]
2026-07-12 14:08:51 DEBUG:    EVENT NUM 71    current_time = 00:00:01   START_TASK            [queue size = 216]
2026-07-12 14:08:51 DEBUG:    EVENT NUM 72    current_time = 00:00:01   START_TASK            [queue size = 215]
2026-07-12 14:08:51 DEBUG:    EVENT NUM 73    current_time = 00:00:01   START_TASK            [queue size = 214]
2026-07-12 14:08:51 DEBUG:    EVENT NUM 74    current_time = 00:00:01   START_TASK            [queue size = 213]
2026-07-12 14:08:51 DEBUG:    EVENT NUM 75    current_time = 00:00:01   START_TASK            [queue size = 212]
2026-07-12 14:08:51 DEBUG:    EVENT NUM 76    current_time = 00:00:01   START_TASK            [queue size = 211]
2026-07-12 14:08:51 DEBUG:    EVENT NUM 77    current_time = 00:00:01   START_TASK            [queue size = 210]
2026-07-12 14:08:51 DEBUG:    EVENT NUM 78    current_time = 00:00:01   START_TASK            [queue size = 209]
2026-07-12 14:08:51 DEBUG:    EVENT NUM 79    current_time = 00:00:01   START_TASK            [queue size = 208]
2026-07-12 14:08:51 DEBUG:    EVENT NUM 80    current_time = 00:00:01   START_TASK            [queue size = 207]
2026-07-12 14:08:51 DEBUG:    EVENT NUM 81    current_time = 00:00:01   START_TASK            [queue size = 206]
2026-07-12 14:08:51 DEBUG:    EVENT NUM 82    current_time = 00:00:01   START_TASK            [queue size = 205]
2026-07-12 14:08:51 DEBUG:    EVENT NUM 83    current_time = 00:00:01   START_TASK            [queue size = 204]
2026-07-12 14:08:51 DEBUG:    EVENT NUM 84    current_time = 00:00:01   START_TASK            [queue size = 203]
2026-07-12 14:08:51 DEBUG:    EVENT NUM 85    current_time = 00:00:01   START_TASK            [queue size = 202]
2026-07-12 14:08:51 DEBUG:    EVENT NUM 86    current_time = 00:00:01   START_TASK            [queue size = 201]
2026-07-12 14:08:51 DEBUG:    EVENT NUM 87    current_time = 00:00:01   START_TASK            [queue size = 200]
2026-07-12 14:08:51 DEBUG:    EVENT NUM 88    current_time = 00:00:01   START_TASK            [queue size = 199]
2026-07-12 14:08:51 DEBUG:    EVENT NUM 89    current_time = 00:00:01   START_TASK            [queue size = 198]
2026-07-12 14:08:51 DEBUG:    EVENT NUM 90    current_time = 00:00:01   START_TASK            [queue size = 197]
2026-07-12 14:08:51 DEBUG:    EVENT NUM 91    current_time = 00:00:01   START_TASK            [queue size = 196]
2026-07-12 14:08:51 DEBUG:    EVENT NUM 92    current_time = 00:00:01   START_TASK            [queue size = 195]
2026-07-12 14:08:51 DEBUG:    EVENT NUM 93    current_time = 00:00:01   START_TASK            [queue size = 194]
2026-07-12 14:08:51 DEBUG:    EVENT NUM 94    current_time = 00:00:01   START_TASK            [queue size = 193]
2026-07-12 14:08:51 DEBUG:    EVENT NUM 95    current_time = 00:00:01   START_TASK            [queue size = 192]
2026-07-12 14:08:51 DEBUG:    EVENT NUM 96    current_time = 00:00:01   START_TASK            [queue size = 191]
2026-07-12 14:08:51 DEBUG:    EVENT NUM 97    current_time = 00:00:01   START_TASK            [queue size = 190]
2026-07-12 14:08:51 DEBUG:    EVENT NUM 98    current_time = 00:00:01   START_TASK            [queue size = 189]
2026-07-12 14:08:51 DEBUG:    EVENT NUM 99    current_time = 00:00:01   START_TASK            [queue size = 188]
2026-07-12 14:08:51 DEBUG:    EVENT NUM 100   current_time = 00:00:01   START_TASK            [queue size = 187]
2026-07-12 14:08:51 DEBUG:    EVENT NUM 101   current_time = 00:00:02   RELEASE_TASK          [queue size = 186]
2026-07-12 14:08:51 DEBUG: Task 1 released: pod 892 required by workstation(s) [11].  [released tasks = 1]
2026-07-12 14:08:51 DEBUG:    EVENT NUM 102   current_time = 00:00:02   START_TASK            [queue size = 186]
2026-07-12 14:08:51 DEBUG: Task 1 started: robot 2 → pod 892 → workstation 11 for orders {66} (arrival = 33.2 s).   [idle robots = 38/40]
2026-07-12 14:08:51 DEBUG:    EVENT NUM 103   current_time = 00:00:04   RELEASE_TASK          [queue size = 186]
2026-07-12 14:08:51 DEBUG: Task 2 released: pod 559 required by workstation(s) [9].  [released tasks = 1]
2026-07-12 14:08:51 DEBUG:    EVENT NUM 104   current_time = 00:00:04   START_TASK            [queue size = 186]
2026-07-12 14:08:51 DEBUG: Task 2 started: robot 14 → pod 559 → workstation 9 for orders {97} (arrival = 56.7 s).   [idle robots = 37/40]
2026-07-12 14:08:51 DEBUG:    EVENT NUM 105   current_time = 00:00:05   RELEASE_TASK          [queue size = 186]
2026-07-12 14:08:51 DEBUG: Task 3 released: pod 703 required by workstation(s) [8].  [released tasks = 1]
2026-07-12 14:08:51 DEBUG:    EVENT NUM 106   current_time = 00:00:05   START_TASK            [queue size = 186]
2026-07-12 14:08:51 DEBUG: Task 3 started: robot 13 → pod 703 → workstation 8 for orders {32} (arrival = 56.3 s).   [idle robots = 36/40]
2026-07-12 14:08:51 DEBUG:    EVENT NUM 107   current_time = 00:00:07   RELEASE_TASK          [queue size = 186]
2026-07-12 14:08:51 DEBUG: Task 4 released: pod 734 required by workstation(s) [3].  [released tasks = 1]
2026-07-12 14:08:51 DEBUG:    EVENT NUM 108   current_time = 00:00:07   START_TASK            [queue size = 186]
2026-07-12 14:08:51 DEBUG: Task 4 started: robot 4 → pod 734 → workstation 3 for orders {34} (arrival = 49.0 s).   [idle robots = 35/40]
2026-07-12 14:08:51 DEBUG:    EVENT NUM 109   current_time = 00:00:09   RELEASE_TASK          [queue size = 186]
2026-07-12 14:08:51 DEBUG: Task 5 released: pod 873 required by workstation(s) [0].  [released tasks = 1]
2026-07-12 14:08:51 DEBUG:    EVENT NUM 110   current_time = 00:00:09   START_TASK            [queue size = 186]
2026-07-12 14:08:51 DEBUG: Task 5 started: robot 32 → pod 873 → workstation 0 for orders {84} (arrival = 52.4 s).   [idle robots = 34/40]
2026-07-12 14:08:51 DEBUG:    EVENT NUM 111   current_time = 00:00:10   ARRIVAL_ORDER         [queue size = 186]
2026-07-12 14:08:51 DEBUG: Order 100 arrived: items_required = [12185].     [orders_in_system = 101]
2026-07-12 14:08:51 DEBUG:    EVENT NUM 112   current_time = 00:00:10   RELEASE_TASK          [queue size = 186]
2026-07-12 14:08:51 DEBUG: Task 6 released: pod 618 required by workstation(s) [10].  [released tasks = 1]
2026-07-12 14:08:51 DEBUG:    EVENT NUM 113   current_time = 00:00:10   START_TASK            [queue size = 186]
2026-07-12 14:08:51 DEBUG: Task 6 started: robot 31 → pod 618 → workstation 10 for orders {71} (arrival = 48.9 s).   [idle robots = 33/40]
2026-07-12 14:08:51 DEBUG:    EVENT NUM 114   current_time = 00:00:12   RELEASE_TASK          [queue size = 186]
2026-07-12 14:08:51 DEBUG: Task 7 released: pod 831 required by workstation(s) [11].  [released tasks = 1]
2026-07-12 14:08:51 DEBUG:    EVENT NUM 115   current_time = 00:00:12   START_TASK            [queue size = 186]
2026-07-12 14:08:51 DEBUG: Task 7 started: robot 6 → pod 831 → workstation 11 for orders {92} (arrival = 39.3 s).   [idle robots = 32/40]
2026-07-12 14:08:51 DEBUG:    EVENT NUM 116   current_time = 00:00:14   RELEASE_TASK          [queue size = 186]
2026-07-12 14:08:51 DEBUG: Task 8 released: pod 494 required by workstation(s) [4].  [released tasks = 1]
2026-07-12 14:08:51 DEBUG:    EVENT NUM 117   current_time = 00:00:14   START_TASK            [queue size = 186]
2026-07-12 14:08:51 DEBUG: Task 8 started: robot 34 → pod 494 → workstation 4 for orders {57, 62} (arrival = 73.4 s).   [idle robots = 31/40]
2026-07-12 14:08:51 DEBUG:    EVENT NUM 118   current_time = 00:00:15   RELEASE_TASK          [queue size = 186]
2026-07-12 14:08:51 DEBUG: Task 9 released: pod 814 required by workstation(s) [0].  [released tasks = 1]
2026-07-12 14:08:51 DEBUG:    EVENT NUM 119   current_time = 00:00:15   START_TASK            [queue size = 186]
2026-07-12 14:08:51 DEBUG: Task 9 started: robot 18 → pod 814 → workstation 0 for orders {63} (arrival = 54.4 s).   [idle robots = 30/40]
2026-07-12 14:08:51 DEBUG:    EVENT NUM 120   current_time = 00:00:17   RELEASE_TASK          [queue size = 186]
2026-07-12 14:08:51 DEBUG: Task 10 released: pod 886 required by workstation(s) [3].  [released tasks = 1]
2026-07-12 14:08:51 DEBUG:    EVENT NUM 121   current_time = 00:00:17   START_TASK            [queue size = 186]
2026-07-12 14:08:51 DEBUG: Task 10 started: robot 35 → pod 886 → workstation 3 for orders {34} (arrival = 62.6 s).   [idle robots = 29/40]
2026-07-12 14:08:51 DEBUG:    EVENT NUM 122   current_time = 00:00:18   RELEASE_TASK          [queue size = 186]
2026-07-12 14:08:51 DEBUG: Task 11 released: pod 306 required by workstation(s) [0].  [released tasks = 1]
2026-07-12 14:08:51 DEBUG:    EVENT NUM 123   current_time = 00:00:18   START_TASK            [queue size = 186]
2026-07-12 14:08:51 DEBUG: Task 11 started: robot 24 → pod 306 → workstation 0 for orders {72} (arrival = 104.2 s).   [idle robots = 28/40]
2026-07-12 14:08:51 DEBUG:    EVENT NUM 124   current_time = 00:00:20   ARRIVAL_ORDER         [queue size = 186]
2026-07-12 14:08:51 DEBUG: Order 101 arrived: items_required = [8284, 6615].     [orders_in_system = 102]
2026-07-12 14:08:51 DEBUG:    EVENT NUM 125   current_time = 00:00:20   RELEASE_TASK          [queue size = 186]
2026-07-12 14:08:51 DEBUG: Task 12 released: pod 816 required by workstation(s) [4].  [released tasks = 1]
2026-07-12 14:08:51 DEBUG:    EVENT NUM 126   current_time = 00:00:20   START_TASK            [queue size = 186]
2026-07-12 14:08:51 DEBUG: Task 12 started: robot 12 → pod 816 → workstation 4 for orders {62} (arrival = 73.1 s).   [idle robots = 27/40]
2026-07-12 14:08:51 DEBUG:    EVENT NUM 127   current_time = 00:00:22   RELEASE_TASK          [queue size = 186]
2026-07-12 14:08:51 DEBUG: Task 13 released: pod 514 required by workstation(s) [3].  [released tasks = 1]
2026-07-12 14:08:51 DEBUG:    EVENT NUM 128   current_time = 00:00:22   START_TASK            [queue size = 186]
2026-07-12 14:08:51 DEBUG: Task 13 started: robot 38 → pod 514 → workstation 3 for orders {11} (arrival = 125.3 s).   [idle robots = 26/40]
2026-07-12 14:08:51 DEBUG:    EVENT NUM 129   current_time = 00:00:23   RELEASE_TASK          [queue size = 186]
2026-07-12 14:08:51 DEBUG: Task 14 released: pod 630 required by workstation(s) [0].  [released tasks = 1]
2026-07-12 14:08:51 DEBUG:    EVENT NUM 130   current_time = 00:00:23   START_TASK            [queue size = 186]
2026-07-12 14:08:51 DEBUG: Task 14 started: robot 25 → pod 630 → workstation 0 for orders {41} (arrival = 107.2 s).   [idle robots = 25/40]
2026-07-12 14:08:51 DEBUG:    EVENT NUM 131   current_time = 00:00:25   RELEASE_TASK          [queue size = 186]
2026-07-12 14:08:51 DEBUG: Task 15 released: pod 520 required by workstation(s) [4].  [released tasks = 1]
2026-07-12 14:08:51 DEBUG:    EVENT NUM 132   current_time = 00:00:25   START_TASK            [queue size = 186]
2026-07-12 14:08:51 DEBUG: Task 15 started: robot 33 → pod 520 → workstation 4 for orders {80} (arrival = 86.5 s).   [idle robots = 24/40]
2026-07-12 14:08:51 DEBUG:    EVENT NUM 133   current_time = 00:00:27   RELEASE_TASK          [queue size = 186]
2026-07-12 14:08:51 DEBUG: Task 16 released: pod 443 required by workstation(s) [3].  [released tasks = 1]
2026-07-12 14:08:51 DEBUG:    EVENT NUM 134   current_time = 00:00:27   START_TASK            [queue size = 186]
2026-07-12 14:08:51 DEBUG: Task 16 started: robot 0 → pod 443 → workstation 3 for orders {2} (arrival = 153.8 s).   [idle robots = 23/40]
2026-07-12 14:08:51 DEBUG:    EVENT NUM 135   current_time = 00:00:28   RELEASE_TASK          [queue size = 186]
2026-07-12 14:08:51 DEBUG: Task 17 released: pod 866 required by workstation(s) [3].  [released tasks = 1]
2026-07-12 14:08:51 DEBUG:    EVENT NUM 136   current_time = 00:00:28   START_TASK            [queue size = 186]
2026-07-12 14:08:51 DEBUG: Task 17 started: robot 3 → pod 866 → workstation 3 for orders {34} (arrival = 144.8 s).   [idle robots = 22/40]
2026-07-12 14:08:51 DEBUG:    EVENT NUM 137   current_time = 00:00:30   ARRIVAL_ORDER         [queue size = 186]
2026-07-12 14:08:51 DEBUG: Order 102 arrived: items_required = [13060].     [orders_in_system = 103]
2026-07-12 14:08:51 DEBUG:    EVENT NUM 138   current_time = 00:00:30   RELEASE_TASK          [queue size = 186]
2026-07-12 14:08:51 DEBUG: Task 18 released: pod 524 required by workstation(s) [4].  [released tasks = 1]
2026-07-12 14:08:51 DEBUG:    EVENT NUM 139   current_time = 00:00:30   START_TASK            [queue size = 186]
2026-07-12 14:08:51 DEBUG: Task 18 started: robot 9 → pod 524 → workstation 4 for orders {62} (arrival = 93.5 s).   [idle robots = 21/40]
2026-07-12 14:08:51 DEBUG:    EVENT NUM 140   current_time = 00:00:31   RELEASE_TASK          [queue size = 186]
2026-07-12 14:08:51 DEBUG: Task 19 released: pod 694 required by workstation(s) [0].  [released tasks = 1]
2026-07-12 14:08:51 DEBUG:    EVENT NUM 141   current_time = 00:00:31   START_TASK            [queue size = 186]
2026-07-12 14:08:51 DEBUG: Task 19 started: robot 21 → pod 694 → workstation 0 for orders {33} (arrival = 85.3 s).   [idle robots = 20/40]
2026-07-12 14:08:51 DEBUG:    EVENT NUM 142   current_time = 00:00:33   ARRIVAL_POD_WST       [queue size = 186]
2026-07-12 14:08:51 DEBUG: Pod 823 arrived at workstation 2 - status = IDLE
2026-07-12 14:08:51 DEBUG: Pod queued at workstation.    [picking_buffer = {0: 33.17258399744182}]
2026-07-12 14:08:51 DEBUG:    EVENT NUM 143   current_time = 00:00:33   START_PICKING         [queue size = 186]
2026-07-12 14:08:51 DEBUG: Processing task 0 at workstation 2: picking items {12448, 7699} for orders {27, 69}
2026-07-12 14:08:51 DEBUG:    EVENT NUM 144   current_time = 00:00:33   ARRIVAL_POD_WST       [queue size = 186]
2026-07-12 14:08:51 DEBUG: Pod 892 arrived at workstation 11 - status = IDLE
2026-07-12 14:08:51 DEBUG: Pod queued at workstation.    [picking_buffer = {1: 33.242068475642185}]
2026-07-12 14:08:51 DEBUG:    EVENT NUM 145   current_time = 00:00:33   START_PICKING         [queue size = 186]
2026-07-12 14:08:51 DEBUG: Processing task 1 at workstation 11: picking items {6023} for orders {66}
2026-07-12 14:08:51 DEBUG:    EVENT NUM 146   current_time = 00:00:33   RELEASE_TASK          [queue size = 186]
2026-07-12 14:08:51 DEBUG: Task 20 released: pod 729 required by workstation(s) [1].  [released tasks = 1]
2026-07-12 14:08:51 DEBUG:    EVENT NUM 147   current_time = 00:00:33   START_TASK            [queue size = 186]
2026-07-12 14:08:51 DEBUG: Task 20 started: robot 36 → pod 729 → workstation 1 for orders {22} (arrival = 61.6 s).   [idle robots = 19/40]
2026-07-12 14:08:51 DEBUG:    EVENT NUM 148   current_time = 00:00:35   RELEASE_TASK          [queue size = 186]
2026-07-12 14:08:51 DEBUG: Task 21 released: pod 395 required by workstation(s) [3].  [released tasks = 1]
2026-07-12 14:08:51 DEBUG:    EVENT NUM 149   current_time = 00:00:35   START_TASK            [queue size = 186]
2026-07-12 14:08:51 DEBUG: Task 21 started: robot 27 → pod 395 → workstation 3 for orders {8} (arrival = 135.1 s).   [idle robots = 18/40]
2026-07-12 14:08:51 DEBUG:    EVENT NUM 150   current_time = 00:00:36   RELEASE_TASK          [queue size = 186]
2026-07-12 14:08:51 DEBUG: Task 22 released: pod 316 required by workstation(s) [4].  [released tasks = 1]
2026-07-12 14:08:51 DEBUG:    EVENT NUM 151   current_time = 00:00:36   START_TASK            [queue size = 186]
2026-07-12 14:08:51 DEBUG: Task 22 started: robot 10 → pod 316 → workstation 4 for orders {62} (arrival = 135.1 s).   [idle robots = 17/40]
2026-07-12 14:08:51 DEBUG:    EVENT NUM 152   current_time = 00:00:38   RELEASE_TASK          [queue size = 186]
2026-07-12 14:08:51 DEBUG: Task 23 released: pod 232 required by workstation(s) [1].  [released tasks = 1]
2026-07-12 14:08:51 DEBUG:    EVENT NUM 153   current_time = 00:00:38   START_TASK            [queue size = 186]
2026-07-12 14:08:51 DEBUG: Task 23 started: robot 7 → pod 232 → workstation 1 for orders {35, 12} (arrival = 205.3 s).   [idle robots = 16/40]
2026-07-12 14:08:51 DEBUG:    EVENT NUM 154   current_time = 00:00:39   ARRIVAL_POD_WST       [queue size = 186]
2026-07-12 14:08:51 DEBUG: Pod 831 arrived at workstation 11 - status = BUSY
2026-07-12 14:08:51 DEBUG: Pod queued at workstation.    [picking_buffer = {7: 39.33985738418561}]
2026-07-12 14:08:51 DEBUG:    EVENT NUM 155   current_time = 00:00:40   ARRIVAL_ORDER         [queue size = 185]
2026-07-12 14:08:51 DEBUG: Order 103 arrived: items_required = [10047].     [orders_in_system = 104]
2026-07-12 14:08:51 DEBUG:    EVENT NUM 156   current_time = 00:00:40   RELEASE_TASK          [queue size = 185]
2026-07-12 14:08:51 DEBUG: Task 24 released: pod 353 required by workstation(s) [2].  [released tasks = 1]
2026-07-12 14:08:51 DEBUG:    EVENT NUM 157   current_time = 00:00:40   START_TASK            [queue size = 185]
2026-07-12 14:08:51 DEBUG: Task 24 started: robot 37 → pod 353 → workstation 2 for orders {65, 85} (arrival = 187.1 s).   [idle robots = 15/40]
2026-07-12 14:08:51 DEBUG:    EVENT NUM 158   current_time = 00:00:41   RELEASE_TASK          [queue size = 185]
2026-07-12 14:08:51 DEBUG: Task 25 released: pod 460 required by workstation(s) [1].  [released tasks = 1]
2026-07-12 14:08:51 DEBUG:    EVENT NUM 159   current_time = 00:00:41   START_TASK            [queue size = 185]
2026-07-12 14:08:51 DEBUG: Task 25 started: robot 29 → pod 460 → workstation 1 for orders {22} (arrival = 105.5 s).   [idle robots = 14/40]
2026-07-12 14:08:51 DEBUG:    EVENT NUM 160   current_time = 00:00:43   END_PICKING           [queue size = 185]
2026-07-12 14:08:51 DEBUG: Ended picking at workstation 11.    [picking_buffer len = {7: 39.33985738418561}]
2026-07-12 14:08:51 DEBUG: Task should have served orders {66}, found open orders {66, 28, 92, 61}.
2026-07-12 14:08:51 DEBUG: Task 1 completed: pod 892 returning to storage.
2026-07-12 14:08:51 DEBUG:    EVENT NUM 161   current_time = 00:00:43   CLOSE_ORDER           [queue size = 187]
2026-07-12 14:08:51 DEBUG: Order 66 closed at workstation 11: flow_time = 43.2 s.     [order_buffer = 10] [open_orders = 3/4]
2026-07-12 14:08:51 DEBUG: Next order in buffer: 70
2026-07-12 14:08:51 DEBUG:    EVENT NUM 162   current_time = 00:00:43   START_PICKING         [queue size = 187]
2026-07-12 14:08:51 DEBUG: Processing task 7 at workstation 11: picking items {9197} for orders {92}
2026-07-12 14:08:51 DEBUG:    EVENT NUM 163   current_time = 00:00:43   OPEN_ORDER            [queue size = 187]
2026-07-12 14:08:51 DEBUG: Order 70 (skus required = {8518}) opened at workstation 11.   [open_orders = 4/4]
2026-07-12 14:08:51 DEBUG:    EVENT NUM 164   current_time = 00:00:43   RELEASE_TASK          [queue size = 186]
2026-07-12 14:08:51 DEBUG: Task 26 released: pod 884 required by workstation(s) [0].  [released tasks = 1]
2026-07-12 14:08:51 DEBUG:    EVENT NUM 165   current_time = 00:00:43   START_TASK            [queue size = 186]
2026-07-12 14:08:51 DEBUG: Task 26 blocked: no orders in {0: [48]} is open yet.  [released tasks = 0]
2026-07-12 14:08:51 DEBUG:    EVENT NUM 166   current_time = 00:00:45   RELEASE_TASK          [queue size = 185]
2026-07-12 14:08:51 DEBUG: Task 27 released: pod 470 required by workstation(s) [3].  [released tasks = 2]
2026-07-12 14:08:51 DEBUG:    EVENT NUM 167   current_time = 00:00:45   START_TASK            [queue size = 185]
2026-07-12 14:08:51 DEBUG: Task 26 blocked: no orders in {0: [48]} is open yet.  [released tasks = 1]
2026-07-12 14:08:51 DEBUG: Task 27 started: robot 17 → pod 470 → workstation 3 for orders {11} (arrival = 159.2 s).   [idle robots = 13/40]
2026-07-12 14:08:51 DEBUG:    EVENT NUM 168   current_time = 00:00:46   RELEASE_TASK          [queue size = 185]
2026-07-12 14:08:51 DEBUG: Task 28 released: pod 253 required by workstation(s) [1].  [released tasks = 2]
2026-07-12 14:08:51 DEBUG:    EVENT NUM 169   current_time = 00:00:46   START_TASK            [queue size = 185]
2026-07-12 14:08:51 DEBUG: Task 26 blocked: no orders in {0: [48]} is open yet.  [released tasks = 1]
2026-07-12 14:08:51 DEBUG: Task 28 started: robot 5 → pod 253 → workstation 1 for orders {12} (arrival = 148.5 s).   [idle robots = 12/40]
2026-07-12 14:08:51 DEBUG:    EVENT NUM 170   current_time = 00:00:48   END_PICKING           [queue size = 185]
2026-07-12 14:08:51 DEBUG: Ended picking at workstation 2.    [picking_buffer len = {}]
2026-07-12 14:08:51 DEBUG: Task should have served orders {27, 69}, found open orders {65, 27, 85, 69}.
2026-07-12 14:08:51 DEBUG: Task 0 completed: pod 823 returning to storage.
2026-07-12 14:08:51 DEBUG:    EVENT NUM 171   current_time = 00:00:48   RELEASE_TASK          [queue size = 185]
2026-07-12 14:08:51 DEBUG: Task 29 released: pod 544 required by workstation(s) [0].  [released tasks = 2]
2026-07-12 14:08:51 DEBUG:    EVENT NUM 172   current_time = 00:00:48   START_TASK            [queue size = 185]
2026-07-12 14:08:51 DEBUG: Task 26 blocked: no orders in {0: [48]} is open yet.  [released tasks = 1]
2026-07-12 14:08:51 DEBUG: Task 29 blocked: no orders in {0: [58]} is open yet.  [released tasks = 0]
2026-07-12 14:08:51 DEBUG:    EVENT NUM 173   current_time = 00:00:48   ARRIVAL_POD_WST       [queue size = 184]
2026-07-12 14:08:51 DEBUG: Pod 618 arrived at workstation 10 - status = IDLE
2026-07-12 14:08:51 DEBUG: Pod queued at workstation.    [picking_buffer = {6: 48.852600438822954}]
2026-07-12 14:08:51 DEBUG:    EVENT NUM 174   current_time = 00:00:48   START_PICKING         [queue size = 184]
2026-07-12 14:08:51 DEBUG: Processing task 6 at workstation 10: picking items {8331} for orders {71}
2026-07-12 14:08:51 DEBUG:    EVENT NUM 175   current_time = 00:00:48   ARRIVAL_POD_WST       [queue size = 184]
2026-07-12 14:08:51 DEBUG: Pod 734 arrived at workstation 3 - status = IDLE
2026-07-12 14:08:51 DEBUG: Pod queued at workstation.    [picking_buffer = {4: 48.98107650743409}]
2026-07-12 14:08:51 DEBUG:    EVENT NUM 176   current_time = 00:00:48   START_PICKING         [queue size = 184]
2026-07-12 14:08:51 DEBUG: Processing task 4 at workstation 3: picking items {970} for orders {34}
2026-07-12 14:08:51 DEBUG:    EVENT NUM 177   current_time = 00:00:49   RELEASE_TASK          [queue size = 184]
2026-07-12 14:08:51 DEBUG: Task 30 released: pod 332 required by workstation(s) [3].  [released tasks = 3]
2026-07-12 14:08:51 DEBUG:    EVENT NUM 178   current_time = 00:00:49   START_TASK            [queue size = 184]
2026-07-12 14:08:51 DEBUG: Task 26 blocked: no orders in {0: [48]} is open yet.  [released tasks = 2]
2026-07-12 14:08:51 DEBUG: Task 29 blocked: no orders in {0: [58]} is open yet.  [released tasks = 1]
2026-07-12 14:08:51 DEBUG: Task 30 started: robot 30 → pod 332 → workstation 3 for orders {2} (arrival = 171.4 s).   [idle robots = 11/40]
2026-07-12 14:08:51 DEBUG:    EVENT NUM 179   current_time = 00:00:50   ARRIVAL_ORDER         [queue size = 184]
2026-07-12 14:08:51 DEBUG: Order 104 arrived: items_required = [6878, 4795, 3149].     [orders_in_system = 104]
2026-07-12 14:08:51 DEBUG:    EVENT NUM 180   current_time = 00:00:51   RELEASE_TASK          [queue size = 184]
2026-07-12 14:08:51 DEBUG: Task 31 released: pod 345 required by workstation(s) [1].  [released tasks = 3]
2026-07-12 14:08:51 DEBUG:    EVENT NUM 181   current_time = 00:00:51   START_TASK            [queue size = 184]
2026-07-12 14:08:51 DEBUG: Task 26 blocked: no orders in {0: [48]} is open yet.  [released tasks = 2]
2026-07-12 14:08:51 DEBUG: Task 29 blocked: no orders in {0: [58]} is open yet.  [released tasks = 1]
2026-07-12 14:08:51 DEBUG: Task 31 started: robot 23 → pod 345 → workstation 1 for orders {35} (arrival = 147.2 s).   [idle robots = 10/40]
2026-07-12 14:08:51 DEBUG:    EVENT NUM 182   current_time = 00:00:52   ARRIVAL_POD_WST       [queue size = 184]
2026-07-12 14:08:51 DEBUG: Pod 873 arrived at workstation 0 - status = IDLE
2026-07-12 14:08:51 DEBUG: Pod queued at workstation.    [picking_buffer = {5: 52.43153153723021}]
2026-07-12 14:08:51 DEBUG:    EVENT NUM 183   current_time = 00:00:52   START_PICKING         [queue size = 184]
2026-07-12 14:08:51 DEBUG: Processing task 5 at workstation 0: picking items {7455} for orders {84}
2026-07-12 14:08:51 DEBUG:    EVENT NUM 184   current_time = 00:00:53   RELEASE_TASK          [queue size = 184]
2026-07-12 14:08:51 DEBUG: Task 32 released: pod 481 required by workstation(s) [0].  [released tasks = 3]
2026-07-12 14:08:51 DEBUG:    EVENT NUM 185   current_time = 00:00:53   START_TASK            [queue size = 184]
2026-07-12 14:08:51 DEBUG: Task 26 blocked: no orders in {0: [48]} is open yet.  [released tasks = 2]
2026-07-12 14:08:51 DEBUG: Task 29 blocked: no orders in {0: [58]} is open yet.  [released tasks = 1]
2026-07-12 14:08:51 DEBUG: Task 32 blocked: no orders in {0: [78]} is open yet.  [released tasks = 0]
2026-07-12 14:08:51 DEBUG:    EVENT NUM 186   current_time = 00:00:53   END_PICKING           [queue size = 183]
2026-07-12 14:08:51 DEBUG: Ended picking at workstation 11.    [picking_buffer len = {}]
2026-07-12 14:08:51 DEBUG: Task should have served orders {92}, found open orders {70, 92, 28, 61}.
2026-07-12 14:08:51 DEBUG: Task 7 completed: pod 831 returning to storage.
2026-07-12 14:08:51 DEBUG:    EVENT NUM 187   current_time = 00:00:53   CLOSE_ORDER           [queue size = 184]
2026-07-12 14:08:51 DEBUG: Order 92 closed at workstation 11: flow_time = 53.2 s.     [order_buffer = 9] [open_orders = 3/4]
2026-07-12 14:08:51 DEBUG: Next order in buffer: 60
2026-07-12 14:08:51 DEBUG:    EVENT NUM 188   current_time = 00:00:53   OPEN_ORDER            [queue size = 184]
2026-07-12 14:08:51 DEBUG: Order 60 (skus required = {5316}) opened at workstation 11.   [open_orders = 4/4]
2026-07-12 14:08:51 DEBUG:    EVENT NUM 189   current_time = 00:00:53   START_TASK            [queue size = 184]
2026-07-12 14:08:51 DEBUG: Task 26 blocked: no orders in {0: [48]} is open yet.  [released tasks = 2]
2026-07-12 14:08:51 DEBUG: Task 29 blocked: no orders in {0: [58]} is open yet.  [released tasks = 1]
2026-07-12 14:08:51 DEBUG: Task 32 blocked: no orders in {0: [78]} is open yet.  [released tasks = 0]
2026-07-12 14:08:51 DEBUG:    EVENT NUM 190   current_time = 00:00:54   ARRIVAL_POD_WST       [queue size = 183]
2026-07-12 14:08:51 DEBUG: Pod 814 arrived at workstation 0 - status = BUSY
2026-07-12 14:08:51 DEBUG: Pod queued at workstation.    [picking_buffer = {9: 54.36724696301266}]
2026-07-12 14:08:51 DEBUG:    EVENT NUM 191   current_time = 00:00:54   RELEASE_TASK          [queue size = 182]
2026-07-12 14:08:51 DEBUG: Task 33 released: pod 611 required by workstation(s) [2].  [released tasks = 4]
2026-07-12 14:08:51 DEBUG:    EVENT NUM 192   current_time = 00:00:54   START_TASK            [queue size = 182]
2026-07-12 14:08:51 DEBUG: Task 26 blocked: no orders in {0: [48]} is open yet.  [released tasks = 3]
2026-07-12 14:08:51 DEBUG: Task 29 blocked: no orders in {0: [58]} is open yet.  [released tasks = 2]
2026-07-12 14:08:51 DEBUG: Task 32 blocked: no orders in {0: [78]} is open yet.  [released tasks = 1]
2026-07-12 14:08:51 DEBUG: Task 33 started: robot 19 → pod 611 → workstation 2 for orders {85} (arrival = 95.7 s).   [idle robots = 9/40]
2026-07-12 14:08:51 DEBUG:    EVENT NUM 193   current_time = 00:00:56   ARRIVAL_POD_WST       [queue size = 182]
2026-07-12 14:08:51 DEBUG: Pod 703 arrived at workstation 8 - status = IDLE
2026-07-12 14:08:51 DEBUG: Pod queued at workstation.    [picking_buffer = {3: 56.25368774250469}]
2026-07-12 14:08:51 DEBUG:    EVENT NUM 194   current_time = 00:00:56   START_PICKING         [queue size = 182]
2026-07-12 14:08:51 DEBUG: Processing task 3 at workstation 8: picking items {9180} for orders {32}
2026-07-12 14:08:51 DEBUG:    EVENT NUM 195   current_time = 00:00:56   RELEASE_TASK          [queue size = 182]
2026-07-12 14:08:51 DEBUG: Task 34 released: pod 183 required by workstation(s) [0, 0].  [released tasks = 4]
2026-07-12 14:08:51 DEBUG:    EVENT NUM 196   current_time = 00:00:56   START_TASK            [queue size = 182]
2026-07-12 14:08:51 DEBUG: Task 26 blocked: no orders in {0: [48]} is open yet.  [released tasks = 3]
2026-07-12 14:08:51 DEBUG: Task 29 blocked: no orders in {0: [58]} is open yet.  [released tasks = 2]
2026-07-12 14:08:51 DEBUG: Task 32 blocked: no orders in {0: [78]} is open yet.  [released tasks = 1]
2026-07-12 14:08:51 DEBUG: Task 34 blocked: no orders in {0: [14]} is open yet.  [released tasks = 0]
2026-07-12 14:08:51 DEBUG:    EVENT NUM 197   current_time = 00:00:56   ARRIVAL_POD_WST       [queue size = 181]
2026-07-12 14:08:51 DEBUG: Pod 559 arrived at workstation 9 - status = IDLE
2026-07-12 14:08:51 DEBUG: Pod queued at workstation.    [picking_buffer = {2: 56.69894082298591}]
2026-07-12 14:08:51 DEBUG:    EVENT NUM 198   current_time = 00:00:56   START_PICKING         [queue size = 181]
2026-07-12 14:08:51 DEBUG: Processing task 2 at workstation 9: picking items {10743} for orders {97}
2026-07-12 14:08:51 DEBUG:    EVENT NUM 199   current_time = 00:00:58   RELEASE_TASK          [queue size = 181]
2026-07-12 14:08:51 DEBUG: Task 35 released: pod 759 required by workstation(s) [1].  [released tasks = 5]
2026-07-12 14:08:51 DEBUG:    EVENT NUM 200   current_time = 00:00:58   START_TASK            [queue size = 181]
2026-07-12 14:08:51 DEBUG: Task 26 blocked: no orders in {0: [48]} is open yet.  [released tasks = 4]
2026-07-12 14:08:51 DEBUG: Task 29 blocked: no orders in {0: [58]} is open yet.  [released tasks = 3]
2026-07-12 14:08:51 DEBUG: Task 32 blocked: no orders in {0: [78]} is open yet.  [released tasks = 2]
2026-07-12 14:08:51 DEBUG: Task 34 blocked: no orders in {0: [14]} is open yet.  [released tasks = 1]
2026-07-12 14:08:51 DEBUG: Task 35 started: robot 11 → pod 759 → workstation 1 for orders {91} (arrival = 83.2 s).   [idle robots = 8/40]
2026-07-12 14:08:51 DEBUG:    EVENT NUM 201   current_time = 00:00:58   END_PICKING           [queue size = 181]
2026-07-12 14:08:51 DEBUG: Ended picking at workstation 10.    [picking_buffer len = {}]
2026-07-12 14:08:51 DEBUG: Task should have served orders {71}, found open orders {86, 42, 54, 71}.
2026-07-12 14:08:51 DEBUG: Task 6 completed: pod 618 returning to storage.
2026-07-12 14:08:51 DEBUG:    EVENT NUM 202   current_time = 00:00:58   CLOSE_ORDER           [queue size = 182]
2026-07-12 14:08:51 DEBUG: Order 71 closed at workstation 10: flow_time = 58.9 s.     [order_buffer = 6] [open_orders = 3/4]
2026-07-12 14:08:51 DEBUG: Next order in buffer: 29
2026-07-12 14:08:51 DEBUG:    EVENT NUM 203   current_time = 00:00:58   OPEN_ORDER            [queue size = 182]
2026-07-12 14:08:51 DEBUG: Order 29 (skus required = {4108}) opened at workstation 10.   [open_orders = 4/4]
2026-07-12 14:08:51 DEBUG:    EVENT NUM 204   current_time = 00:00:58   START_TASK            [queue size = 182]
2026-07-12 14:08:51 DEBUG: Task 26 blocked: no orders in {0: [48]} is open yet.  [released tasks = 3]
2026-07-12 14:08:51 DEBUG: Task 29 blocked: no orders in {0: [58]} is open yet.  [released tasks = 2]
2026-07-12 14:08:51 DEBUG: Task 32 blocked: no orders in {0: [78]} is open yet.  [released tasks = 1]
2026-07-12 14:08:51 DEBUG: Task 34 blocked: no orders in {0: [14]} is open yet.  [released tasks = 0]
2026-07-12 14:08:51 DEBUG:    EVENT NUM 205   current_time = 00:00:58   END_PICKING           [queue size = 181]
2026-07-12 14:08:51 DEBUG: Ended picking at workstation 3.    [picking_buffer len = {}]
2026-07-12 14:08:51 DEBUG: Task should have served orders {34}, found open orders {2, 8, 34, 11}.
2026-07-12 14:08:51 DEBUG: Task 4 completed: pod 734 returning to storage.
2026-07-12 14:08:51 DEBUG:    EVENT NUM 206   current_time = 00:00:59   RELEASE_TASK          [queue size = 181]
2026-07-12 14:08:51 DEBUG: Task 36 released: pod 875 required by workstation(s) [2].  [released tasks = 5]
2026-07-12 14:08:51 DEBUG:    EVENT NUM 207   current_time = 00:00:59   START_TASK            [queue size = 181]
2026-07-12 14:08:51 DEBUG: Task 26 blocked: no orders in {0: [48]} is open yet.  [released tasks = 4]
2026-07-12 14:08:51 DEBUG: Task 29 blocked: no orders in {0: [58]} is open yet.  [released tasks = 3]
2026-07-12 14:08:51 DEBUG: Task 32 blocked: no orders in {0: [78]} is open yet.  [released tasks = 2]
2026-07-12 14:08:51 DEBUG: Task 34 blocked: no orders in {0: [14]} is open yet.  [released tasks = 1]
2026-07-12 14:08:51 DEBUG: Task 36 started: robot 1 → pod 875 → workstation 2 for orders {69} (arrival = 101.1 s).   [idle robots = 7/40]
2026-07-12 14:08:51 DEBUG:    EVENT NUM 208   current_time = 00:01:00   ARRIVAL_ORDER         [queue size = 181]
2026-07-12 14:08:51 DEBUG: Order 105 arrived: items_required = [7787, 3887].     [orders_in_system = 103]
2026-07-12 14:08:51 DEBUG:    EVENT NUM 209   current_time = 00:01:01   RELEASE_TASK          [queue size = 181]
2026-07-12 14:08:51 DEBUG: Task 37 released: pod 430 required by workstation(s) [2].  [released tasks = 5]
2026-07-12 14:08:51 DEBUG:    EVENT NUM 210   current_time = 00:01:01   START_TASK            [queue size = 181]
2026-07-12 14:08:51 DEBUG: Task 26 blocked: no orders in {0: [48]} is open yet.  [released tasks = 4]
2026-07-12 14:08:51 DEBUG: Task 29 blocked: no orders in {0: [58]} is open yet.  [released tasks = 3]
2026-07-12 14:08:51 DEBUG: Task 32 blocked: no orders in {0: [78]} is open yet.  [released tasks = 2]
2026-07-12 14:08:51 DEBUG: Task 34 blocked: no orders in {0: [14]} is open yet.  [released tasks = 1]
2026-07-12 14:08:51 DEBUG: Task 37 started: robot 22 → pod 430 → workstation 2 for orders {85} (arrival = 115.2 s).   [idle robots = 6/40]
2026-07-12 14:08:51 DEBUG:    EVENT NUM 211   current_time = 00:01:01   ARRIVAL_POD_WST       [queue size = 181]
2026-07-12 14:08:51 DEBUG: Pod 729 arrived at workstation 1 - status = IDLE
2026-07-12 14:08:51 DEBUG: Pod queued at workstation.    [picking_buffer = {20: 61.60993033561701}]
2026-07-12 14:08:51 DEBUG:    EVENT NUM 212   current_time = 00:01:01   START_PICKING         [queue size = 181]
2026-07-12 14:08:51 DEBUG: Processing task 20 at workstation 1: picking items {5496} for orders {22}
2026-07-12 14:08:51 DEBUG:    EVENT NUM 213   current_time = 00:01:02   END_PICKING           [queue size = 181]
2026-07-12 14:08:51 DEBUG: Ended picking at workstation 0.    [picking_buffer len = {9: 54.36724696301266}]
2026-07-12 14:08:51 DEBUG: Task should have served orders {84}, found open orders {72, 41, 84, 63}.
2026-07-12 14:08:51 DEBUG: Task 5 completed: pod 873 returning to storage.
2026-07-12 14:08:51 DEBUG:    EVENT NUM 214   current_time = 00:01:02   CLOSE_ORDER           [queue size = 183]
2026-07-12 14:08:51 DEBUG: Order 84 closed at workstation 0: flow_time = 62.4 s.     [order_buffer = 14] [open_orders = 3/4]
2026-07-12 14:08:51 DEBUG: Next order in buffer: 33
2026-07-12 14:08:51 DEBUG:    EVENT NUM 215   current_time = 00:01:02   START_PICKING         [queue size = 183]
2026-07-12 14:08:51 DEBUG: Processing task 9 at workstation 0: picking items {11495} for orders {63}
2026-07-12 14:08:51 DEBUG:    EVENT NUM 216   current_time = 00:01:02   OPEN_ORDER            [queue size = 183]
2026-07-12 14:08:51 DEBUG: Order 33 (skus required = {9036}) opened at workstation 0.   [open_orders = 4/4]
2026-07-12 14:08:51 DEBUG:    EVENT NUM 217   current_time = 00:01:02   START_TASK            [queue size = 183]
2026-07-12 14:08:51 DEBUG: Task 26 started: robot 28 → pod 884 → workstation 0 for orders {48} (arrival = 113.1 s).   [idle robots = 5/40]
2026-07-12 14:08:51 DEBUG:    EVENT NUM 218   current_time = 00:01:02   ARRIVAL_POD_WST       [queue size = 183]
2026-07-12 14:08:51 DEBUG: Pod 886 arrived at workstation 3 - status = IDLE
2026-07-12 14:08:51 DEBUG: Pod queued at workstation.    [picking_buffer = {10: 62.622919034477235}]
2026-07-12 14:08:51 DEBUG:    EVENT NUM 219   current_time = 00:01:02   START_PICKING         [queue size = 183]
2026-07-12 14:08:51 DEBUG: Processing task 10 at workstation 3: picking items {4031} for orders {34}
2026-07-12 14:08:51 DEBUG:    EVENT NUM 220   current_time = 00:01:02   RELEASE_TASK          [queue size = 183]
2026-07-12 14:08:51 DEBUG: Task 38 released: pod 893 required by workstation(s) [1].  [released tasks = 4]
2026-07-12 14:08:51 DEBUG:    EVENT NUM 221   current_time = 00:01:02   START_TASK            [queue size = 183]
2026-07-12 14:08:51 DEBUG: Task 29 blocked: no orders in {0: [58]} is open yet.  [released tasks = 3]
2026-07-12 14:08:51 DEBUG: Task 32 blocked: no orders in {0: [78]} is open yet.  [released tasks = 2]
2026-07-12 14:08:51 DEBUG: Task 34 started: robot 15 → pod 183 → workstation 0 for orders {48} (arrival = 179.4 s).   [idle robots = 4/40]
2026-07-12 14:08:51 DEBUG:    EVENT NUM 222   current_time = 00:01:04   RELEASE_TASK          [queue size = 183]
2026-07-12 14:08:51 DEBUG: Task 39 released: pod 878 required by workstation(s) [0].  [released tasks = 4]
2026-07-12 14:08:51 DEBUG:    EVENT NUM 223   current_time = 00:01:04   START_TASK            [queue size = 183]
2026-07-12 14:08:51 DEBUG: Task 29 blocked: no orders in {0: [58]} is open yet.  [released tasks = 3]
2026-07-12 14:08:51 DEBUG: Task 32 blocked: no orders in {0: [78]} is open yet.  [released tasks = 2]
2026-07-12 14:08:51 DEBUG: Task 38 started: robot 26 → pod 893 → workstation 1 for orders {22} (arrival = 162.4 s).   [idle robots = 3/40]
2026-07-12 14:08:51 DEBUG:    EVENT NUM 224   current_time = 00:01:06   RELEASE_TASK          [queue size = 183]
2026-07-12 14:08:51 DEBUG: Task 40 released: pod 576 required by workstation(s) [2].  [released tasks = 4]
2026-07-12 14:08:51 DEBUG:    EVENT NUM 225   current_time = 00:01:06   START_TASK            [queue size = 183]
2026-07-12 14:08:51 DEBUG: Task 29 blocked: no orders in {0: [58]} is open yet.  [released tasks = 3]
2026-07-12 14:08:51 DEBUG: Task 32 blocked: no orders in {0: [78]} is open yet.  [released tasks = 2]
2026-07-12 14:08:51 DEBUG: Task 39 blocked: no orders in {0: [56]} is open yet.  [released tasks = 1]
2026-07-12 14:08:51 DEBUG: Task 40 started: robot 39 → pod 576 → workstation 2 for orders {69} (arrival = 140.2 s).   [idle robots = 2/40]
2026-07-12 14:08:51 DEBUG:    EVENT NUM 226   current_time = 00:01:06   END_PICKING           [queue size = 183]
2026-07-12 14:08:51 DEBUG: Ended picking at workstation 8.    [picking_buffer len = {}]
2026-07-12 14:08:51 DEBUG: Task should have served orders {32}, found open orders {32, 1, 20, 79}.
2026-07-12 14:08:51 DEBUG: Task 3 completed: pod 703 returning to storage.
2026-07-12 14:08:51 DEBUG:    EVENT NUM 227   current_time = 00:01:06   END_PICKING           [queue size = 183]
2026-07-12 14:08:51 DEBUG: Ended picking at workstation 9.    [picking_buffer len = {}]
2026-07-12 14:08:51 DEBUG: Task should have served orders {97}, found open orders {97, 45, 17, 47}.
2026-07-12 14:08:51 DEBUG: Task 2 completed: pod 559 returning to storage.
2026-07-12 14:08:51 DEBUG:    EVENT NUM 228   current_time = 00:01:06   CLOSE_ORDER           [queue size = 184]
2026-07-12 14:08:51 DEBUG: Order 97 closed at workstation 9: flow_time = 66.7 s.     [order_buffer = 3] [open_orders = 3/4]
2026-07-12 14:08:51 DEBUG: Next order in buffer: 39
2026-07-12 14:08:51 DEBUG:    EVENT NUM 229   current_time = 00:01:06   OPEN_ORDER            [queue size = 184]
2026-07-12 14:08:51 DEBUG: Order 39 (skus required = {9745, 8092}) opened at workstation 9.   [open_orders = 4/4]
2026-07-12 14:08:51 DEBUG:    EVENT NUM 230   current_time = 00:01:06   START_TASK            [queue size = 184]
2026-07-12 14:08:51 DEBUG: Task 29 blocked: no orders in {0: [58]} is open yet.  [released tasks = 2]
2026-07-12 14:08:51 DEBUG: Task 32 blocked: no orders in {0: [78]} is open yet.  [released tasks = 1]
2026-07-12 14:08:51 DEBUG: Task 39 blocked: no orders in {0: [56]} is open yet.  [released tasks = 0]
2026-07-12 14:08:51 DEBUG:    EVENT NUM 231   current_time = 00:01:07   RELEASE_TASK          [queue size = 183]
2026-07-12 14:08:51 DEBUG: Task 41 released: pod 781 required by workstation(s) [0].  [released tasks = 4]
2026-07-12 14:08:51 DEBUG:    EVENT NUM 232   current_time = 00:01:07   START_TASK            [queue size = 183]
2026-07-12 14:08:51 DEBUG: Task 29 blocked: no orders in {0: [58]} is open yet.  [released tasks = 3]
2026-07-12 14:08:51 DEBUG: Task 32 blocked: no orders in {0: [78]} is open yet.  [released tasks = 2]
2026-07-12 14:08:51 DEBUG: Task 39 blocked: no orders in {0: [56]} is open yet.  [released tasks = 1]
2026-07-12 14:08:51 DEBUG: Task 41 blocked: no orders in {0: [77]} is open yet.  [released tasks = 0]
2026-07-12 14:08:51 DEBUG:    EVENT NUM 233   current_time = 00:01:09   RELEASE_TASK          [queue size = 182]
2026-07-12 14:08:51 DEBUG: Task 42 released: pod 604 required by workstation(s) [0].  [released tasks = 5]
2026-07-12 14:08:51 DEBUG:    EVENT NUM 234   current_time = 00:01:09   START_TASK            [queue size = 182]
2026-07-12 14:08:51 DEBUG: Task 29 blocked: no orders in {0: [58]} is open yet.  [released tasks = 4]
2026-07-12 14:08:51 DEBUG: Task 32 blocked: no orders in {0: [78]} is open yet.  [released tasks = 3]
2026-07-12 14:08:51 DEBUG: Task 39 blocked: no orders in {0: [56]} is open yet.  [released tasks = 2]
2026-07-12 14:08:51 DEBUG: Task 41 blocked: no orders in {0: [77]} is open yet.  [released tasks = 1]
2026-07-12 14:08:51 DEBUG: Task 42 blocked: no orders in {0: [15]} is open yet.  [released tasks = 0]
2026-07-12 14:08:51 DEBUG:    EVENT NUM 235   current_time = 00:01:10   ARRIVAL_ORDER         [queue size = 181]
2026-07-12 14:08:51 DEBUG: Order 106 arrived: items_required = [12058, 5299, 2391].     [orders_in_system = 102]
2026-07-12 14:08:51 DEBUG:    EVENT NUM 236   current_time = 00:01:11   RELEASE_TASK          [queue size = 181]
2026-07-12 14:08:51 DEBUG: Task 43 released: pod 644 required by workstation(s) [2].  [released tasks = 6]
2026-07-12 14:08:51 DEBUG:    EVENT NUM 237   current_time = 00:01:11   START_TASK            [queue size = 181]
2026-07-12 14:08:51 DEBUG: Task 29 blocked: no orders in {0: [58]} is open yet.  [released tasks = 5]
2026-07-12 14:08:51 DEBUG: Task 32 blocked: no orders in {0: [78]} is open yet.  [released tasks = 4]
2026-07-12 14:08:51 DEBUG: Task 39 blocked: no orders in {0: [56]} is open yet.  [released tasks = 3]
2026-07-12 14:08:51 DEBUG: Task 41 blocked: no orders in {0: [77]} is open yet.  [released tasks = 2]
2026-07-12 14:08:51 DEBUG: Task 42 blocked: no orders in {0: [15]} is open yet.  [released tasks = 1]
2026-07-12 14:08:51 DEBUG: Task 43 started: robot 8 → pod 644 → workstation 2 for orders {27} (arrival = 134.2 s).   [idle robots = 1/40]
2026-07-12 14:08:51 DEBUG:    EVENT NUM 238   current_time = 00:01:11   END_PICKING           [queue size = 181]
2026-07-12 14:08:51 DEBUG: Ended picking at workstation 1.    [picking_buffer len = {}]
2026-07-12 14:08:51 DEBUG: Task should have served orders {22}, found open orders {91, 35, 12, 22}.
2026-07-12 14:08:51 DEBUG: Task 20 completed: pod 729 returning to storage.
2026-07-12 14:08:51 DEBUG:    EVENT NUM 239   current_time = 00:01:11   RETURN_POD            [queue size = 181]
2026-07-12 14:08:51 DEBUG: Pod 892 returned. Robot 2 idle.   [idle robots = 2/40, released tasks = 5]
2026-07-12 14:08:51 DEBUG:    EVENT NUM 240   current_time = 00:01:11   START_TASK            [queue size = 181]
2026-07-12 14:08:51 DEBUG: Task 29 blocked: no orders in {0: [58]} is open yet.  [released tasks = 4]
2026-07-12 14:08:51 DEBUG: Task 32 blocked: no orders in {0: [78]} is open yet.  [released tasks = 3]
2026-07-12 14:08:51 DEBUG: Task 39 blocked: no orders in {0: [56]} is open yet.  [released tasks = 2]
2026-07-12 14:08:51 DEBUG: Task 41 blocked: no orders in {0: [77]} is open yet.  [released tasks = 1]
2026-07-12 14:08:51 DEBUG: Task 42 blocked: no orders in {0: [15]} is open yet.  [released tasks = 0]
2026-07-12 14:08:51 DEBUG:    EVENT NUM 241   current_time = 00:01:12   END_PICKING           [queue size = 180]
2026-07-12 14:08:51 DEBUG: Ended picking at workstation 0.    [picking_buffer len = {}]
2026-07-12 14:08:51 DEBUG: Task should have served orders {63}, found open orders {72, 41, 33, 63}.
2026-07-12 14:08:51 DEBUG: Task 9 completed: pod 814 returning to storage.
2026-07-12 14:08:51 DEBUG:    EVENT NUM 242   current_time = 00:01:12   CLOSE_ORDER           [queue size = 181]
2026-07-12 14:08:51 DEBUG: Order 63 closed at workstation 0: flow_time = 72.4 s.     [order_buffer = 13] [open_orders = 3/4]
2026-07-12 14:08:51 DEBUG: Next order in buffer: 48
2026-07-12 14:08:51 DEBUG:    EVENT NUM 243   current_time = 00:01:12   OPEN_ORDER            [queue size = 181]
2026-07-12 14:08:51 DEBUG: Order 48 (skus required = {2848, 6803}) opened at workstation 0.   [open_orders = 4/4]
2026-07-12 14:08:51 DEBUG:    EVENT NUM 244   current_time = 00:01:12   START_TASK            [queue size = 181]
2026-07-12 14:08:51 DEBUG: Task 29 started: robot 2 → pod 544 → workstation 0 for orders {58} (arrival = 143.1 s).   [idle robots = 1/40]
2026-07-12 14:08:51 DEBUG:    EVENT NUM 245   current_time = 00:01:12   END_PICKING           [queue size = 181]
2026-07-12 14:08:51 DEBUG: Ended picking at workstation 3.    [picking_buffer len = {}]
2026-07-12 14:08:51 DEBUG: Task should have served orders {34}, found open orders {2, 8, 34, 11}.
2026-07-12 14:08:51 DEBUG: Task 10 completed: pod 886 returning to storage.
2026-07-12 14:08:51 DEBUG:    EVENT NUM 246   current_time = 00:01:12   RELEASE_TASK          [queue size = 181]
2026-07-12 14:08:51 DEBUG: Task 44 released: pod 181 required by workstation(s) [0].  [released tasks = 5]
2026-07-12 14:08:51 DEBUG:    EVENT NUM 247   current_time = 00:01:12   START_TASK            [queue size = 181]
2026-07-12 14:08:51 DEBUG: Task 32 blocked: no orders in {0: [78]} is open yet.  [released tasks = 4]
2026-07-12 14:08:51 DEBUG: Task 39 blocked: no orders in {0: [56]} is open yet.  [released tasks = 3]
2026-07-12 14:08:51 DEBUG: Task 41 blocked: no orders in {0: [77]} is open yet.  [released tasks = 2]
2026-07-12 14:08:51 DEBUG: Task 42 blocked: no orders in {0: [15]} is open yet.  [released tasks = 1]
2026-07-12 14:08:51 DEBUG: Task 44 blocked: no orders in {0: [30]} is open yet.  [released tasks = 0]
2026-07-12 14:08:51 DEBUG:    EVENT NUM 248   current_time = 00:01:13   ARRIVAL_POD_WST       [queue size = 180]
2026-07-12 14:08:51 DEBUG: Pod 816 arrived at workstation 4 - status = IDLE
2026-07-12 14:08:51 DEBUG: Pod queued at workstation.    [picking_buffer = {12: 73.08304832594047}]
2026-07-12 14:08:51 DEBUG:    EVENT NUM 249   current_time = 00:01:13   START_PICKING         [queue size = 180]
2026-07-12 14:08:51 DEBUG: Processing task 12 at workstation 4: picking items {5376} for orders {62}
2026-07-12 14:08:51 DEBUG:    EVENT NUM 250   current_time = 00:01:13   ARRIVAL_POD_WST       [queue size = 180]
2026-07-12 14:08:51 DEBUG: Pod 494 arrived at workstation 4 - status = BUSY
2026-07-12 14:08:51 DEBUG: Pod queued at workstation.    [picking_buffer = {8: 73.44448667104038}]
2026-07-12 14:08:51 DEBUG:    EVENT NUM 251   current_time = 00:01:14   RELEASE_TASK          [queue size = 179]
2026-07-12 14:08:51 DEBUG: Task 45 released: pod 452 required by workstation(s) [2].  [released tasks = 6]
2026-07-12 14:08:51 DEBUG:    EVENT NUM 252   current_time = 00:01:14   START_TASK            [queue size = 179]
2026-07-12 14:08:51 DEBUG: Task 32 blocked: no orders in {0: [78]} is open yet.  [released tasks = 5]
2026-07-12 14:08:51 DEBUG: Task 39 blocked: no orders in {0: [56]} is open yet.  [released tasks = 4]
2026-07-12 14:08:51 DEBUG: Task 41 blocked: no orders in {0: [77]} is open yet.  [released tasks = 3]
2026-07-12 14:08:51 DEBUG: Task 42 blocked: no orders in {0: [15]} is open yet.  [released tasks = 2]
2026-07-12 14:08:51 DEBUG: Task 44 blocked: no orders in {0: [30]} is open yet.  [released tasks = 1]
2026-07-12 14:08:51 DEBUG: Task 45 started: robot 20 → pod 452 → workstation 2 for orders {85} (arrival = 173.7 s).   [idle robots = 0/40]
2026-07-12 14:08:51 DEBUG:    EVENT NUM 253   current_time = 00:01:16   RELEASE_TASK          [queue size = 179]
2026-07-12 14:08:51 DEBUG: Task 46 released: pod 59 required by workstation(s) [1].  [released tasks = 6]
2026-07-12 14:08:51 DEBUG:    EVENT NUM 254   current_time = 00:01:17   RELEASE_TASK          [queue size = 178]
2026-07-12 14:08:51 DEBUG: Task 47 released: pod 391 required by workstation(s) [1].  [released tasks = 7]
2026-07-12 14:08:51 DEBUG:    EVENT NUM 255   current_time = 00:01:17   RETURN_POD            [queue size = 177]
2026-07-12 14:08:51 DEBUG: Pod 831 returned. Robot 6 idle.   [idle robots = 1/40, released tasks = 7]
2026-07-12 14:08:51 DEBUG:    EVENT NUM 256   current_time = 00:01:17   START_TASK            [queue size = 177]
2026-07-12 14:08:51 DEBUG: Task 32 blocked: no orders in {0: [78]} is open yet.  [released tasks = 6]
2026-07-12 14:08:51 DEBUG: Task 39 blocked: no orders in {0: [56]} is open yet.  [released tasks = 5]
2026-07-12 14:08:51 DEBUG: Task 41 blocked: no orders in {0: [77]} is open yet.  [released tasks = 4]
2026-07-12 14:08:51 DEBUG: Task 42 blocked: no orders in {0: [15]} is open yet.  [released tasks = 3]
2026-07-12 14:08:51 DEBUG: Task 44 blocked: no orders in {0: [30]} is open yet.  [released tasks = 2]
2026-07-12 14:08:51 DEBUG: Task 46 started: robot 6 → pod 59 → workstation 1 for orders {22} (arrival = 298.8 s).   [idle robots = 0/40]
2026-07-12 14:08:51 DEBUG:    EVENT NUM 257   current_time = 00:01:19   RELEASE_TASK          [queue size = 177]
2026-07-12 14:08:51 DEBUG: Task 48 released: pod 195 required by workstation(s) [2, 2].  [released tasks = 7]
2026-07-12 14:08:51 DEBUG:    EVENT NUM 258   current_time = 00:01:19   RETURN_POD            [queue size = 176]
2026-07-12 14:08:51 DEBUG: Pod 823 returned. Robot 16 idle.   [idle robots = 1/40, released tasks = 7]
2026-07-12 14:08:51 DEBUG:    EVENT NUM 259   current_time = 00:01:19   START_TASK            [queue size = 176]
2026-07-12 14:08:51 DEBUG: Task 32 blocked: no orders in {0: [78]} is open yet.  [released tasks = 6]
2026-07-12 14:08:51 DEBUG: Task 39 blocked: no orders in {0: [56]} is open yet.  [released tasks = 5]
2026-07-12 14:08:51 DEBUG: Task 41 blocked: no orders in {0: [77]} is open yet.  [released tasks = 4]
2026-07-12 14:08:51 DEBUG: Task 42 blocked: no orders in {0: [15]} is open yet.  [released tasks = 3]
2026-07-12 14:08:51 DEBUG: Task 44 blocked: no orders in {0: [30]} is open yet.  [released tasks = 2]
2026-07-12 14:08:51 DEBUG: Task 47 started: robot 16 → pod 391 → workstation 1 for orders {35} (arrival = 195.1 s).   [idle robots = 0/40]
2026-07-12 14:08:51 DEBUG:    EVENT NUM 260   current_time = 00:01:20   ARRIVAL_ORDER         [queue size = 176]
2026-07-12 14:08:51 DEBUG: Order 107 arrived: items_required = [12604, 9015].     [orders_in_system = 102]
2026-07-12 14:08:51 DEBUG:    EVENT NUM 261   current_time = 00:01:20   RELEASE_TASK          [queue size = 176]
2026-07-12 14:08:51 DEBUG: Task 49 released: pod 545 required by workstation(s) [0].  [released tasks = 7]
2026-07-12 14:08:51 DEBUG:    EVENT NUM 262   current_time = 00:01:22   RELEASE_TASK          [queue size = 175]
2026-07-12 14:08:51 DEBUG: Task 50 released: pod 809 required by workstation(s) [2].  [released tasks = 8]
2026-07-12 14:08:51 DEBUG:    EVENT NUM 263   current_time = 00:01:23   END_PICKING           [queue size = 174]
2026-07-12 14:08:51 DEBUG: Ended picking at workstation 4.    [picking_buffer len = {8: 73.44448667104038}]
2026-07-12 14:08:51 DEBUG: Task should have served orders {62}, found open orders {80, 57, 62, 95}.
2026-07-12 14:08:51 DEBUG: Task 12 completed: pod 816 returning to storage.
2026-07-12 14:08:51 DEBUG:    EVENT NUM 264   current_time = 00:01:23   START_PICKING         [queue size = 175]
2026-07-12 14:08:51 DEBUG: Processing task 8 at workstation 4: picking items {7970, 5255} for orders {57, 62}
2026-07-12 14:08:51 DEBUG:    EVENT NUM 265   current_time = 00:01:23   ARRIVAL_POD_WST       [queue size = 175]
2026-07-12 14:08:51 DEBUG: Pod 759 arrived at workstation 1 - status = IDLE
2026-07-12 14:08:51 DEBUG: Pod queued at workstation.    [picking_buffer = {35: 83.21359611433701}]
2026-07-12 14:08:51 DEBUG:    EVENT NUM 266   current_time = 00:01:23   START_PICKING         [queue size = 175]
2026-07-12 14:08:51 DEBUG: Processing task 35 at workstation 1: picking items {3034} for orders {91}
2026-07-12 14:08:51 DEBUG:    EVENT NUM 267   current_time = 00:01:24   RELEASE_TASK          [queue size = 175]
2026-07-12 14:08:51 DEBUG: Task 51 released: pod 190 required by workstation(s) [2].  [released tasks = 9]
2026-07-12 14:08:51 DEBUG:    EVENT NUM 268   current_time = 00:01:25   ARRIVAL_POD_WST       [queue size = 174]
2026-07-12 14:08:51 DEBUG: Pod 694 arrived at workstation 0 - status = IDLE
2026-07-12 14:08:51 DEBUG: Pod queued at workstation.    [picking_buffer = {19: 85.34426234802307}]
2026-07-12 14:08:51 DEBUG:    EVENT NUM 269   current_time = 00:01:25   START_PICKING         [queue size = 174]
2026-07-12 14:08:51 DEBUG: Processing task 19 at workstation 0: picking items {9036} for orders {33}
2026-07-12 14:08:51 DEBUG:    EVENT NUM 270   current_time = 00:01:25   RELEASE_TASK          [queue size = 174]
2026-07-12 14:08:51 DEBUG: Task 52 released: pod 537 required by workstation(s) [2].  [released tasks = 10]
2026-07-12 14:08:51 DEBUG:    EVENT NUM 271   current_time = 00:01:26   ARRIVAL_POD_WST       [queue size = 173]
2026-07-12 14:08:51 DEBUG: Pod 520 arrived at workstation 4 - status = BUSY
2026-07-12 14:08:51 DEBUG: Pod queued at workstation.    [picking_buffer = {15: 86.54369391120177}]
2026-07-12 14:08:51 DEBUG:    EVENT NUM 272   current_time = 00:01:27   RELEASE_TASK          [queue size = 172]
2026-07-12 14:08:51 DEBUG: Task 53 released: pod 753 required by workstation(s) [0].  [released tasks = 11]
2026-07-12 14:08:51 DEBUG:    EVENT NUM 273   current_time = 00:01:29   RELEASE_TASK          [queue size = 171]
2026-07-12 14:08:51 DEBUG: Task 54 released: pod 782 required by workstation(s) [0].  [released tasks = 12]
2026-07-12 14:08:51 DEBUG:    EVENT NUM 274   current_time = 00:01:30   ARRIVAL_ORDER         [queue size = 170]
2026-07-12 14:08:51 DEBUG: Order 108 arrived: items_required = [1316].     [orders_in_system = 103]
2026-07-12 14:08:51 DEBUG:    EVENT NUM 275   current_time = 00:01:30   RELEASE_TASK          [queue size = 170]
2026-07-12 14:08:51 DEBUG: Task 55 released: pod 217 required by workstation(s) [0].  [released tasks = 13]
2026-07-12 14:08:51 DEBUG:    EVENT NUM 276   current_time = 00:01:32   RELEASE_TASK          [queue size = 169]
2026-07-12 14:08:51 DEBUG: Task 56 released: pod 460 required by workstation(s) [1].  [released tasks = 14]
2026-07-12 14:08:51 DEBUG:    EVENT NUM 277   current_time = 00:01:33   END_PICKING           [queue size = 168]
2026-07-12 14:08:51 DEBUG: Ended picking at workstation 1.    [picking_buffer len = {}]
2026-07-12 14:08:51 DEBUG: Task should have served orders {91}, found open orders {91, 35, 12, 22}.
2026-07-12 14:08:51 DEBUG: Task 35 completed: pod 759 returning to storage.
2026-07-12 14:08:51 DEBUG:    EVENT NUM 278   current_time = 00:01:33   CLOSE_ORDER           [queue size = 169]
2026-07-12 14:08:51 DEBUG: Order 91 closed at workstation 1: flow_time = 93.2 s.     [order_buffer = 5] [open_orders = 3/4]
2026-07-12 14:08:51 DEBUG: Next order in buffer: 64
2026-07-12 14:08:51 DEBUG:    EVENT NUM 279   current_time = 00:01:33   OPEN_ORDER            [queue size = 169]
2026-07-12 14:08:51 DEBUG: Order 64 (skus required = {2545, 1597}) opened at workstation 1.   [open_orders = 4/4]
2026-07-12 14:08:51 DEBUG:    EVENT NUM 280   current_time = 00:01:33   START_TASK            [queue size = 169]
2026-07-12 14:08:51 DEBUG: Task 32 blocked: no orders in {0: [78]} is open yet.  [released tasks = 13]
2026-07-12 14:08:51 DEBUG: Task 39 blocked: no orders in {0: [56]} is open yet.  [released tasks = 12]
2026-07-12 14:08:51 DEBUG: Task 41 blocked: no orders in {0: [77]} is open yet.  [released tasks = 11]
2026-07-12 14:08:51 DEBUG: Task 42 blocked: no orders in {0: [15]} is open yet.  [released tasks = 10]
2026-07-12 14:08:51 DEBUG: Task 44 blocked: no orders in {0: [30]} is open yet.  [released tasks = 9]
2026-07-12 14:08:51 DEBUG: Task 48 blocked: no idle robots.
2026-07-12 14:08:51 DEBUG:    EVENT NUM 281   current_time = 00:01:33   ARRIVAL_POD_WST       [queue size = 168]
2026-07-12 14:08:51 DEBUG: Pod 524 arrived at workstation 4 - status = BUSY
2026-07-12 14:08:51 DEBUG: Pod queued at workstation.    [picking_buffer = {15: 86.54369391120177, 18: 93.50246763403769}]
2026-07-12 14:08:51 DEBUG:    EVENT NUM 282   current_time = 00:01:33   RELEASE_TASK          [queue size = 167]
2026-07-12 14:08:51 DEBUG: Task 57 released: pod 786 required by workstation(s) [1].  [released tasks = 15]
2026-07-12 14:08:51 DEBUG:    EVENT NUM 283   current_time = 00:01:35   RETURN_POD            [queue size = 166]
2026-07-12 14:08:51 DEBUG: Pod 618 returned. Robot 31 idle.   [idle robots = 1/40, released tasks = 15]
2026-07-12 14:08:51 DEBUG:    EVENT NUM 284   current_time = 00:01:35   START_TASK            [queue size = 166]
2026-07-12 14:08:51 DEBUG: Task 32 blocked: no orders in {0: [78]} is open yet.  [released tasks = 14]
2026-07-12 14:08:51 DEBUG: Task 39 blocked: no orders in {0: [56]} is open yet.  [released tasks = 13]
2026-07-12 14:08:51 DEBUG: Task 41 blocked: no orders in {0: [77]} is open yet.  [released tasks = 12]
2026-07-12 14:08:51 DEBUG: Task 42 blocked: no orders in {0: [15]} is open yet.  [released tasks = 11]
2026-07-12 14:08:51 DEBUG: Task 44 blocked: no orders in {0: [30]} is open yet.  [released tasks = 10]
2026-07-12 14:08:51 DEBUG: Task 48 started: robot 31 → pod 195 → workstation 2 for orders {27} (arrival = 204.4 s).   [idle robots = 0/40]
2026-07-12 14:08:51 DEBUG:    EVENT NUM 285   current_time = 00:01:35   END_PICKING           [queue size = 166]
2026-07-12 14:08:51 DEBUG: Ended picking at workstation 0.    [picking_buffer len = {}]
2026-07-12 14:08:51 DEBUG: Task should have served orders {33}, found open orders {33, 72, 41, 48}.
2026-07-12 14:08:51 DEBUG: Task 19 completed: pod 694 returning to storage.
2026-07-12 14:08:51 DEBUG:    EVENT NUM 286   current_time = 00:01:35   CLOSE_ORDER           [queue size = 167]
2026-07-12 14:08:51 DEBUG: Order 33 closed at workstation 0: flow_time = 95.3 s.     [order_buffer = 12] [open_orders = 3/4]
2026-07-12 14:08:51 DEBUG: Next order in buffer: 58
2026-07-12 14:08:51 DEBUG:    EVENT NUM 287   current_time = 00:01:35   OPEN_ORDER            [queue size = 167]
2026-07-12 14:08:51 DEBUG: Order 58 (skus required = {1852}) opened at workstation 0.   [open_orders = 4/4]
2026-07-12 14:08:51 DEBUG:    EVENT NUM 288   current_time = 00:01:35   START_TASK            [queue size = 167]
2026-07-12 14:08:51 DEBUG: Task 32 blocked: no idle robots.
2026-07-12 14:08:51 DEBUG:    EVENT NUM 289   current_time = 00:01:35   RELEASE_TASK          [queue size = 166]
2026-07-12 14:08:51 DEBUG: Task 58 released: pod 850 required by workstation(s) [2].  [released tasks = 15]
2026-07-12 14:08:51 DEBUG:    EVENT NUM 290   current_time = 00:01:35   ARRIVAL_POD_WST       [queue size = 165]
2026-07-12 14:08:51 DEBUG: Pod 611 arrived at workstation 2 - status = IDLE
2026-07-12 14:08:51 DEBUG: Pod queued at workstation.    [picking_buffer = {33: 95.70061423800072}]
2026-07-12 14:08:51 DEBUG:    EVENT NUM 291   current_time = 00:01:35   START_PICKING         [queue size = 165]
2026-07-12 14:08:51 DEBUG: Processing task 33 at workstation 2: picking items {7706} for orders {85}
2026-07-12 14:08:51 DEBUG:    EVENT NUM 292   current_time = 00:01:37   RELEASE_TASK          [queue size = 165]
2026-07-12 14:08:51 DEBUG: Task 59 released: pod 870 required by workstation(s) [1].  [released tasks = 16]
2026-07-12 14:08:51 DEBUG:    EVENT NUM 293   current_time = 00:01:38   END_PICKING           [queue size = 164]
2026-07-12 14:08:51 DEBUG: Ended picking at workstation 4.    [picking_buffer len = {15: 86.54369391120177, 18: 93.50246763403769}]
2026-07-12 14:08:51 DEBUG: Task should have served orders {57, 62}, found open orders {80, 57, 62, 95}.
2026-07-12 14:08:51 DEBUG: Task 8 completed: pod 494 returning to storage.
2026-07-12 14:08:51 DEBUG:    EVENT NUM 294   current_time = 00:01:38   START_PICKING         [queue size = 165]
2026-07-12 14:08:51 DEBUG: Processing task 15 at workstation 4: picking items {3611} for orders {80}
2026-07-12 14:08:51 DEBUG:    EVENT NUM 295   current_time = 00:01:38   RELEASE_TASK          [queue size = 165]
2026-07-12 14:08:51 DEBUG: Task 60 released: pod 842 required by workstation(s) [2].  [released tasks = 17]
2026-07-12 14:08:51 DEBUG:    EVENT NUM 296   current_time = 00:01:39   RETURN_POD            [queue size = 164]
2026-07-12 14:08:51 DEBUG: Pod 729 returned. Robot 36 idle.   [idle robots = 1/40, released tasks = 17]
2026-07-12 14:08:51 DEBUG:    EVENT NUM 297   current_time = 00:01:39   START_TASK            [queue size = 164]
2026-07-12 14:08:51 DEBUG: Task 32 started: robot 36 → pod 481 → workstation 0 for orders {78} (arrival = 196.2 s).   [idle robots = 0/40]
2026-07-12 14:08:51 DEBUG:    EVENT NUM 298   current_time = 00:01:40   ARRIVAL_ORDER         [queue size = 164]
2026-07-12 14:08:51 DEBUG: Order 109 arrived: items_required = [9292, 7333, 5814].     [orders_in_system = 102]
2026-07-12 14:08:51 DEBUG:    EVENT NUM 299   current_time = 00:01:40   RELEASE_TASK          [queue size = 164]
2026-07-12 14:08:51 DEBUG: Task 61 released: pod 272 required by workstation(s) [1].  [released tasks = 17]
2026-07-12 14:08:51 DEBUG:    EVENT NUM 300   current_time = 00:01:41   ARRIVAL_POD_WST       [queue size = 163]
2026-07-12 14:08:51 DEBUG: Pod 875 arrived at workstation 2 - status = BUSY
2026-07-12 14:08:51 DEBUG: Pod queued at workstation.    [picking_buffer = {36: 101.11137538826975}]
2026-07-12 14:08:51 DEBUG:    EVENT NUM 301   current_time = 00:01:42   RELEASE_TASK          [queue size = 162]
2026-07-12 14:08:51 DEBUG: Task 62 released: pod 846 required by workstation(s) [0].  [released tasks = 18]
2026-07-12 14:08:51 DEBUG:    EVENT NUM 302   current_time = 00:01:43   RELEASE_TASK          [queue size = 161]
2026-07-12 14:08:51 DEBUG: Task 63 released: pod 12 required by workstation(s) [4].  [released tasks = 19]
2026-07-12 14:08:51 DEBUG:    EVENT NUM 303   current_time = 00:01:44   ARRIVAL_POD_WST       [queue size = 160]
2026-07-12 14:08:51 DEBUG: Pod 306 arrived at workstation 0 - status = IDLE
2026-07-12 14:08:51 DEBUG: Pod queued at workstation.    [picking_buffer = {11: 104.20437552427671}]
2026-07-12 14:08:51 DEBUG:    EVENT NUM 304   current_time = 00:01:44   START_PICKING         [queue size = 160]
2026-07-12 14:08:51 DEBUG: Processing task 11 at workstation 0: picking items {514} for orders {72}
2026-07-12 14:08:51 DEBUG:    EVENT NUM 305   current_time = 00:01:45   RELEASE_TASK          [queue size = 160]
2026-07-12 14:08:51 DEBUG: Task 64 released: pod 310 required by workstation(s) [2].  [released tasks = 20]
2026-07-12 14:08:51 DEBUG:    EVENT NUM 306   current_time = 00:01:45   ARRIVAL_POD_WST       [queue size = 159]
2026-07-12 14:08:51 DEBUG: Pod 460 arrived at workstation 1 - status = IDLE
2026-07-12 14:08:51 DEBUG: Pod queued at workstation.    [picking_buffer = {25: 105.46630274556418}]
2026-07-12 14:08:51 DEBUG:    EVENT NUM 307   current_time = 00:01:45   START_PICKING         [queue size = 159]
2026-07-12 14:08:51 DEBUG: Processing task 25 at workstation 1: picking items {1865} for orders {22}
2026-07-12 14:08:51 DEBUG:    EVENT NUM 308   current_time = 00:01:45   END_PICKING           [queue size = 159]
2026-07-12 14:08:51 DEBUG: Ended picking at workstation 2.    [picking_buffer len = {36: 101.11137538826975}]
2026-07-12 14:08:51 DEBUG: Task should have served orders {85}, found open orders {65, 27, 85, 69}.
2026-07-12 14:08:51 DEBUG: Task 33 completed: pod 611 returning to storage.
2026-07-12 14:08:51 DEBUG:    EVENT NUM 309   current_time = 00:01:45   START_PICKING         [queue size = 160]
2026-07-12 14:08:51 DEBUG: Processing task 36 at workstation 2: picking items {8677} for orders {69}
2026-07-12 14:08:51 DEBUG:    EVENT NUM 310   current_time = 00:01:46   RELEASE_TASK          [queue size = 160]
2026-07-12 14:08:51 DEBUG: Task 65 released: pod 602 required by workstation(s) [1].  [released tasks = 21]
2026-07-12 14:08:51 DEBUG:    EVENT NUM 311   current_time = 00:01:47   RETURN_POD            [queue size = 159]
2026-07-12 14:08:51 DEBUG: Pod 734 returned. Robot 4 idle.   [idle robots = 1/40, released tasks = 21]
2026-07-12 14:08:51 DEBUG:    EVENT NUM 312   current_time = 00:01:47   START_TASK            [queue size = 159]
2026-07-12 14:08:51 DEBUG: Task 39 blocked: no orders in {0: [56]} is open yet.  [released tasks = 20]
2026-07-12 14:08:51 DEBUG: Task 41 blocked: no orders in {0: [77]} is open yet.  [released tasks = 19]
2026-07-12 14:08:51 DEBUG: Task 42 blocked: no orders in {0: [15]} is open yet.  [released tasks = 18]
2026-07-12 14:08:51 DEBUG: Task 44 blocked: no orders in {0: [30]} is open yet.  [released tasks = 17]
2026-07-12 14:08:51 DEBUG: Task 49 blocked: no orders in {0: [18]} is open yet.  [released tasks = 16]
2026-07-12 14:08:51 DEBUG: Task 50 started: robot 4 → pod 809 → workstation 2 for orders {85} (arrival = 236.3 s).   [idle robots = 0/40]
2026-07-12 14:08:51 DEBUG:    EVENT NUM 313   current_time = 00:01:47   ARRIVAL_POD_WST       [queue size = 159]
2026-07-12 14:08:51 DEBUG: Pod 630 arrived at workstation 0 - status = BUSY
2026-07-12 14:08:51 DEBUG: Pod queued at workstation.    [picking_buffer = {14: 107.23799915255339}]
2026-07-12 14:08:51 DEBUG:    EVENT NUM 314   current_time = 00:01:47   RETURN_POD            [queue size = 158]
2026-07-12 14:08:51 DEBUG: Pod 873 returned. Robot 32 idle.   [idle robots = 1/40, released tasks = 20]
2026-07-12 14:08:51 DEBUG:    EVENT NUM 315   current_time = 00:01:47   START_TASK            [queue size = 158]
2026-07-12 14:08:51 DEBUG: Task 39 blocked: no orders in {0: [56]} is open yet.  [released tasks = 19]
2026-07-12 14:08:51 DEBUG: Task 41 blocked: no orders in {0: [77]} is open yet.  [released tasks = 18]
2026-07-12 14:08:51 DEBUG: Task 42 blocked: no orders in {0: [15]} is open yet.  [released tasks = 17]
2026-07-12 14:08:51 DEBUG: Task 44 blocked: no orders in {0: [30]} is open yet.  [released tasks = 16]
2026-07-12 14:08:51 DEBUG: Task 49 blocked: no orders in {0: [18]} is open yet.  [released tasks = 15]
2026-07-12 14:08:51 DEBUG: Task 51 blocked: no orders in {2: [24]} is open yet.  [released tasks = 14]
2026-07-12 14:08:51 DEBUG: Task 52 started: robot 32 → pod 537 → workstation 2 for orders {27} (arrival = 255.2 s).   [idle robots = 0/40]
2026-07-12 14:08:51 DEBUG:    EVENT NUM 316   current_time = 00:01:48   END_PICKING           [queue size = 158]
2026-07-12 14:08:51 DEBUG: Ended picking at workstation 4.    [picking_buffer len = {18: 93.50246763403769}]
2026-07-12 14:08:51 DEBUG: Task should have served orders {80}, found open orders {80, 57, 62, 95}.
2026-07-12 14:08:51 DEBUG: Task 15 completed: pod 520 returning to storage.
2026-07-12 14:08:51 DEBUG:    EVENT NUM 317   current_time = 00:01:48   START_PICKING         [queue size = 159]
2026-07-12 14:08:51 DEBUG: Processing task 18 at workstation 4: picking items {3615} for orders {62}
2026-07-12 14:08:51 DEBUG:    EVENT NUM 318   current_time = 00:01:48   RELEASE_TASK          [queue size = 159]
2026-07-12 14:08:51 DEBUG: Task 66 released: pod 249 required by workstation(s) [0].  [released tasks = 20]
2026-07-12 14:08:51 DEBUG:    EVENT NUM 319   current_time = 00:01:50   ARRIVAL_ORDER         [queue size = 158]
2026-07-12 14:08:51 DEBUG: Order 110 arrived: items_required = [10692].     [orders_in_system = 103]
2026-07-12 14:08:51 DEBUG:    EVENT NUM 320   current_time = 00:01:50   RELEASE_TASK          [queue size = 158]
2026-07-12 14:08:51 DEBUG: Task 67 released: pod 15 required by workstation(s) [4].  [released tasks = 21]
2026-07-12 14:08:51 DEBUG:    EVENT NUM 321   current_time = 00:01:51   RELEASE_TASK          [queue size = 157]
2026-07-12 14:08:51 DEBUG: Task 68 released: pod 253 required by workstation(s) [1].  [released tasks = 22]
2026-07-12 14:08:51 DEBUG:    EVENT NUM 322   current_time = 00:01:52   RETURN_POD            [queue size = 156]
2026-07-12 14:08:51 DEBUG: Pod 814 returned. Robot 18 idle.   [idle robots = 1/40, released tasks = 22]
2026-07-12 14:08:51 DEBUG:    EVENT NUM 323   current_time = 00:01:52   START_TASK            [queue size = 156]
2026-07-12 14:08:51 DEBUG: Task 39 blocked: no orders in {0: [56]} is open yet.  [released tasks = 21]
2026-07-12 14:08:51 DEBUG: Task 41 blocked: no orders in {0: [77]} is open yet.  [released tasks = 20]
2026-07-12 14:08:51 DEBUG: Task 42 blocked: no orders in {0: [15]} is open yet.  [released tasks = 19]
2026-07-12 14:08:51 DEBUG: Task 44 blocked: no orders in {0: [30]} is open yet.  [released tasks = 18]
2026-07-12 14:08:51 DEBUG: Task 49 blocked: no orders in {0: [18]} is open yet.  [released tasks = 17]
2026-07-12 14:08:51 DEBUG: Task 51 blocked: no orders in {2: [24]} is open yet.  [released tasks = 16]
2026-07-12 14:08:51 DEBUG: Task 53 blocked: no orders in {0: [87]} is open yet.  [released tasks = 15]
2026-07-12 14:08:51 DEBUG: Task 54 blocked: no orders in {0: [52]} is open yet.  [released tasks = 14]
2026-07-12 14:08:51 DEBUG: Task 55 blocked: no orders in {0: [46]} is open yet.  [released tasks = 13]
2026-07-12 14:08:51 DEBUG: Task 57 blocked: no orders in {1: [19]} is open yet.  [released tasks = 12]
2026-07-12 14:08:51 DEBUG: Task 58 blocked: no orders in {2: [73]} is open yet.  [released tasks = 11]
2026-07-12 14:08:51 DEBUG: Task 59 blocked: no orders in {1: [99]} is open yet.  [released tasks = 10]
2026-07-12 14:08:51 DEBUG: Task 60 blocked: no orders in {2: [73]} is open yet.  [released tasks = 9]
2026-07-12 14:08:51 DEBUG: Task 61 started: robot 18 → pod 272 → workstation 1 for orders {64} (arrival = 232.4 s).   [idle robots = 0/40]
2026-07-12 14:08:51 DEBUG:    EVENT NUM 324   current_time = 00:01:53   ARRIVAL_POD_WST       [queue size = 156]
2026-07-12 14:08:51 DEBUG: Pod 884 arrived at workstation 0 - status = BUSY
2026-07-12 14:08:51 DEBUG: Pod queued at workstation.    [picking_buffer = {14: 107.23799915255339, 26: 113.14812463110896}]
2026-07-12 14:08:51 DEBUG:    EVENT NUM 325   current_time = 00:01:53   RELEASE_TASK          [queue size = 155]
2026-07-12 14:08:51 DEBUG: Task 69 released: pod 342 required by workstation(s) [2].  [released tasks = 22]
2026-07-12 14:08:51 DEBUG:    EVENT NUM 326   current_time = 00:01:54   END_PICKING           [queue size = 154]
2026-07-12 14:08:51 DEBUG: Ended picking at workstation 0.    [picking_buffer len = {14: 107.23799915255339, 26: 113.14812463110896}]
2026-07-12 14:08:51 DEBUG: Task should have served orders {72}, found open orders {72, 41, 48, 58}.
2026-07-12 14:08:51 DEBUG: Task 11 completed: pod 306 returning to storage.
2026-07-12 14:08:51 DEBUG:    EVENT NUM 327   current_time = 00:01:54   CLOSE_ORDER           [queue size = 156]
2026-07-12 14:08:51 DEBUG: Order 72 closed at workstation 0: flow_time = 114.2 s.     [order_buffer = 11] [open_orders = 3/4]
2026-07-12 14:08:51 DEBUG: Next order in buffer: 78
2026-07-12 14:08:51 DEBUG:    EVENT NUM 328   current_time = 00:01:54   START_PICKING         [queue size = 156]
2026-07-12 14:08:51 DEBUG: Processing task 14 at workstation 0: picking items {8402} for orders {41}
2026-07-12 14:08:51 DEBUG:    EVENT NUM 329   current_time = 00:01:54   OPEN_ORDER            [queue size = 156]
2026-07-12 14:08:51 DEBUG: Order 78 (skus required = {6166}) opened at workstation 0.   [open_orders = 4/4]
2026-07-12 14:08:51 DEBUG:    EVENT NUM 330   current_time = 00:01:54   START_TASK            [queue size = 156]
2026-07-12 14:08:51 DEBUG: Task 39 blocked: no orders in {0: [56]} is open yet.  [released tasks = 21]
2026-07-12 14:08:51 DEBUG: Task 41 blocked: no orders in {0: [77]} is open yet.  [released tasks = 20]
2026-07-12 14:08:51 DEBUG: Task 42 blocked: no orders in {0: [15]} is open yet.  [released tasks = 19]
2026-07-12 14:08:51 DEBUG: Task 44 blocked: no orders in {0: [30]} is open yet.  [released tasks = 18]
2026-07-12 14:08:51 DEBUG: Task 49 blocked: no orders in {0: [18]} is open yet.  [released tasks = 17]
2026-07-12 14:08:51 DEBUG: Task 51 blocked: no orders in {2: [24]} is open yet.  [released tasks = 16]
2026-07-12 14:08:51 DEBUG: Task 53 blocked: no orders in {0: [87]} is open yet.  [released tasks = 15]
2026-07-12 14:08:51 DEBUG: Task 54 blocked: no orders in {0: [52]} is open yet.  [released tasks = 14]
2026-07-12 14:08:51 DEBUG: Task 55 blocked: no orders in {0: [46]} is open yet.  [released tasks = 13]
2026-07-12 14:08:51 DEBUG: Task 57 blocked: no orders in {1: [19]} is open yet.  [released tasks = 12]
2026-07-12 14:08:51 DEBUG: Task 58 blocked: no orders in {2: [73]} is open yet.  [released tasks = 11]
2026-07-12 14:08:51 DEBUG: Task 59 blocked: no orders in {1: [99]} is open yet.  [released tasks = 10]
2026-07-12 14:08:51 DEBUG: Task 60 blocked: no orders in {2: [73]} is open yet.  [released tasks = 9]
2026-07-12 14:08:51 DEBUG: Task 62 blocked: no orders in {0: [83]} is open yet.  [released tasks = 8]
2026-07-12 14:08:51 DEBUG: Task 63 blocked: no idle robots.
2026-07-12 14:08:51 DEBUG:    EVENT NUM 331   current_time = 00:01:54   RETURN_POD            [queue size = 155]
2026-07-12 14:08:51 DEBUG: Pod 886 returned. Robot 35 idle.   [idle robots = 1/40, released tasks = 22]
2026-07-12 14:08:51 DEBUG:    EVENT NUM 332   current_time = 00:01:54   START_TASK            [queue size = 155]
2026-07-12 14:08:51 DEBUG: Task 39 blocked: no orders in {0: [56]} is open yet.  [released tasks = 21]
2026-07-12 14:08:51 DEBUG: Task 41 blocked: no orders in {0: [77]} is open yet.  [released tasks = 20]
2026-07-12 14:08:51 DEBUG: Task 42 blocked: no orders in {0: [15]} is open yet.  [released tasks = 19]
2026-07-12 14:08:51 DEBUG: Task 44 blocked: no orders in {0: [30]} is open yet.  [released tasks = 18]
2026-07-12 14:08:51 DEBUG: Task 49 blocked: no orders in {0: [18]} is open yet.  [released tasks = 17]
2026-07-12 14:08:51 DEBUG: Task 51 blocked: no orders in {2: [24]} is open yet.  [released tasks = 16]
2026-07-12 14:08:51 DEBUG: Task 53 blocked: no orders in {0: [87]} is open yet.  [released tasks = 15]
2026-07-12 14:08:51 DEBUG: Task 54 blocked: no orders in {0: [52]} is open yet.  [released tasks = 14]
2026-07-12 14:08:51 DEBUG: Task 55 blocked: no orders in {0: [46]} is open yet.  [released tasks = 13]
2026-07-12 14:08:51 DEBUG: Task 57 blocked: no orders in {1: [19]} is open yet.  [released tasks = 12]
2026-07-12 14:08:51 DEBUG: Task 58 blocked: no orders in {2: [73]} is open yet.  [released tasks = 11]
2026-07-12 14:08:51 DEBUG: Task 59 blocked: no orders in {1: [99]} is open yet.  [released tasks = 10]
2026-07-12 14:08:51 DEBUG: Task 60 blocked: no orders in {2: [73]} is open yet.  [released tasks = 9]
2026-07-12 14:08:51 DEBUG: Task 62 blocked: no orders in {0: [83]} is open yet.  [released tasks = 8]
2026-07-12 14:08:51 DEBUG: Task 63 started: robot 35 → pod 12 → workstation 4 for orders {95} (arrival = 213.8 s).   [idle robots = 0/40]
2026-07-12 14:08:51 DEBUG:    EVENT NUM 333   current_time = 00:01:55   RELEASE_TASK          [queue size = 155]
2026-07-12 14:08:51 DEBUG: Task 70 released: pod 689 required by workstation(s) [4].  [released tasks = 22]
2026-07-12 14:08:51 DEBUG:    EVENT NUM 334   current_time = 00:01:55   ARRIVAL_POD_WST       [queue size = 154]
2026-07-12 14:08:51 DEBUG: Pod 430 arrived at workstation 2 - status = BUSY
2026-07-12 14:08:51 DEBUG: Pod queued at workstation.    [picking_buffer = {37: 115.19957315997132}]
2026-07-12 14:08:51 DEBUG:    EVENT NUM 335   current_time = 00:01:55   END_PICKING           [queue size = 153]
2026-07-12 14:08:51 DEBUG: Ended picking at workstation 1.    [picking_buffer len = {}]
2026-07-12 14:08:51 DEBUG: Task should have served orders {22}, found open orders {64, 35, 12, 22}.
2026-07-12 14:08:51 DEBUG: Task 25 completed: pod 460 returning to storage.
2026-07-12 14:08:51 DEBUG:    EVENT NUM 336   current_time = 00:01:55   END_PICKING           [queue size = 153]
2026-07-12 14:08:51 DEBUG: Ended picking at workstation 2.    [picking_buffer len = {37: 115.19957315997132}]
2026-07-12 14:08:51 DEBUG: Task should have served orders {69}, found open orders {65, 27, 85, 69}.
2026-07-12 14:08:51 DEBUG: Task 36 completed: pod 875 returning to storage.
2026-07-12 14:08:51 DEBUG:    EVENT NUM 337   current_time = 00:01:55   START_PICKING         [queue size = 154]
2026-07-12 14:08:51 DEBUG: Processing task 37 at workstation 2: picking items {7368} for orders {85}
2026-07-12 14:08:51 DEBUG:    EVENT NUM 338   current_time = 00:01:56   RELEASE_TASK          [queue size = 154]
2026-07-12 14:08:51 DEBUG: Task 71 released: pod 791 required by workstation(s) [8].  [released tasks = 23]
2026-07-12 14:08:51 DEBUG:    EVENT NUM 339   current_time = 00:01:58   END_PICKING           [queue size = 153]
2026-07-12 14:08:51 DEBUG: Ended picking at workstation 4.    [picking_buffer len = {}]
2026-07-12 14:08:51 DEBUG: Task should have served orders {62}, found open orders {80, 57, 62, 95}.
2026-07-12 14:08:51 DEBUG: Task 18 completed: pod 524 returning to storage.
2026-07-12 14:08:51 DEBUG:    EVENT NUM 340   current_time = 00:01:58   RELEASE_TASK          [queue size = 153]
2026-07-12 14:08:51 DEBUG: Task 72 released: pod 616 required by workstation(s) [9].  [released tasks = 24]
2026-07-12 14:08:51 DEBUG:    EVENT NUM 341   current_time = 00:01:58   RETURN_POD            [queue size = 152]
2026-07-12 14:08:51 DEBUG: Pod 759 returned. Robot 11 idle.   [idle robots = 1/40, released tasks = 24]
2026-07-12 14:08:51 DEBUG:    EVENT NUM 342   current_time = 00:01:58   START_TASK            [queue size = 152]
2026-07-12 14:08:51 DEBUG: Task 39 blocked: no orders in {0: [56]} is open yet.  [released tasks = 23]
2026-07-12 14:08:51 DEBUG: Task 41 blocked: no orders in {0: [77]} is open yet.  [released tasks = 22]
2026-07-12 14:08:51 DEBUG: Task 42 blocked: no orders in {0: [15]} is open yet.  [released tasks = 21]
2026-07-12 14:08:51 DEBUG: Task 44 blocked: no orders in {0: [30]} is open yet.  [released tasks = 20]
2026-07-12 14:08:51 DEBUG: Task 49 blocked: no orders in {0: [18]} is open yet.  [released tasks = 19]
2026-07-12 14:08:51 DEBUG: Task 51 blocked: no orders in {2: [24]} is open yet.  [released tasks = 18]
2026-07-12 14:08:51 DEBUG: Task 53 blocked: no orders in {0: [87]} is open yet.  [released tasks = 17]
2026-07-12 14:08:51 DEBUG: Task 54 blocked: no orders in {0: [52]} is open yet.  [released tasks = 16]
2026-07-12 14:08:51 DEBUG: Task 55 blocked: no orders in {0: [46]} is open yet.  [released tasks = 15]
2026-07-12 14:08:51 DEBUG: Task 57 blocked: no orders in {1: [19]} is open yet.  [released tasks = 14]
2026-07-12 14:08:51 DEBUG: Task 58 blocked: no orders in {2: [73]} is open yet.  [released tasks = 13]
2026-07-12 14:08:51 DEBUG: Task 59 blocked: no orders in {1: [99]} is open yet.  [released tasks = 12]
2026-07-12 14:08:51 DEBUG: Task 60 blocked: no orders in {2: [73]} is open yet.  [released tasks = 11]
2026-07-12 14:08:51 DEBUG: Task 62 blocked: no orders in {0: [83]} is open yet.  [released tasks = 10]
2026-07-12 14:08:51 DEBUG: Task 64 blocked: no orders in {2: [73]} is open yet.  [released tasks = 9]
2026-07-12 14:08:51 DEBUG: Task 65 blocked: no orders in {1: [40]} is open yet.  [released tasks = 8]
2026-07-12 14:08:51 DEBUG: Task 66 blocked: no orders in {0: [83]} is open yet.  [released tasks = 7]
2026-07-12 14:08:51 DEBUG: Task 67 started: robot 11 → pod 15 → workstation 4 for orders {62} (arrival = 229.2 s).   [idle robots = 0/40]
2026-07-12 14:08:51 DEBUG:    EVENT NUM 343   current_time = 00:01:59   RETURN_POD            [queue size = 152]
2026-07-12 14:08:51 DEBUG: Pod 703 returned. Robot 13 idle.   [idle robots = 1/40, released tasks = 23]
2026-07-12 14:08:51 DEBUG:    EVENT NUM 344   current_time = 00:01:59   START_TASK            [queue size = 152]
2026-07-12 14:08:51 DEBUG: Task 39 blocked: no orders in {0: [56]} is open yet.  [released tasks = 22]
2026-07-12 14:08:51 DEBUG: Task 41 blocked: no orders in {0: [77]} is open yet.  [released tasks = 21]
2026-07-12 14:08:51 DEBUG: Task 42 blocked: no orders in {0: [15]} is open yet.  [released tasks = 20]
2026-07-12 14:08:51 DEBUG: Task 44 blocked: no orders in {0: [30]} is open yet.  [released tasks = 19]
2026-07-12 14:08:51 DEBUG: Task 49 blocked: no orders in {0: [18]} is open yet.  [released tasks = 18]
2026-07-12 14:08:51 DEBUG: Task 51 blocked: no orders in {2: [24]} is open yet.  [released tasks = 17]
2026-07-12 14:08:51 DEBUG: Task 53 blocked: no orders in {0: [87]} is open yet.  [released tasks = 16]
2026-07-12 14:08:51 DEBUG: Task 54 blocked: no orders in {0: [52]} is open yet.  [released tasks = 15]
2026-07-12 14:08:51 DEBUG: Task 55 blocked: no orders in {0: [46]} is open yet.  [released tasks = 14]
2026-07-12 14:08:51 DEBUG: Task 57 blocked: no orders in {1: [19]} is open yet.  [released tasks = 13]
2026-07-12 14:08:51 DEBUG: Task 58 blocked: no orders in {2: [73]} is open yet.  [released tasks = 12]
2026-07-12 14:08:51 DEBUG: Task 59 blocked: no orders in {1: [99]} is open yet.  [released tasks = 11]
2026-07-12 14:08:51 DEBUG: Task 60 blocked: no orders in {2: [73]} is open yet.  [released tasks = 10]
2026-07-12 14:08:51 DEBUG: Task 62 blocked: no orders in {0: [83]} is open yet.  [released tasks = 9]
2026-07-12 14:08:51 DEBUG: Task 64 blocked: no orders in {2: [73]} is open yet.  [released tasks = 8]
2026-07-12 14:08:51 DEBUG: Task 65 blocked: no orders in {1: [40]} is open yet.  [released tasks = 7]
2026-07-12 14:08:51 DEBUG: Task 66 blocked: no orders in {0: [83]} is open yet.  [released tasks = 6]
2026-07-12 14:08:51 DEBUG: Task 69 blocked: no orders in {2: [73]} is open yet.  [released tasks = 5]
2026-07-12 14:08:51 DEBUG: Task 70 started: robot 13 → pod 689 → workstation 4 for orders {62} (arrival = 266.9 s).   [idle robots = 0/40]
2026-07-12 14:08:51 DEBUG:    EVENT NUM 345   current_time = 00:02:00   ARRIVAL_ORDER         [queue size = 152]
2026-07-12 14:08:51 DEBUG: Order 111 arrived: items_required = [3655, 6933].     [orders_in_system = 103]
2026-07-12 14:08:51 DEBUG:    EVENT NUM 346   current_time = 00:02:00   RELEASE_TASK          [queue size = 152]
2026-07-12 14:08:51 DEBUG: Task 73 released: pod 184 required by workstation(s) [2].  [released tasks = 23]
2026-07-12 14:08:51 DEBUG:    EVENT NUM 347   current_time = 00:02:01   RETURN_POD            [queue size = 151]
2026-07-12 14:08:51 DEBUG: Pod 559 returned. Robot 14 idle.   [idle robots = 1/40, released tasks = 23]
2026-07-12 14:08:51 DEBUG:    EVENT NUM 348   current_time = 00:02:01   START_TASK            [queue size = 151]
2026-07-12 14:08:51 DEBUG: Task 39 blocked: no orders in {0: [56]} is open yet.  [released tasks = 22]
2026-07-12 14:08:51 DEBUG: Task 41 blocked: no orders in {0: [77]} is open yet.  [released tasks = 21]
2026-07-12 14:08:51 DEBUG: Task 42 blocked: no orders in {0: [15]} is open yet.  [released tasks = 20]
2026-07-12 14:08:51 DEBUG: Task 44 blocked: no orders in {0: [30]} is open yet.  [released tasks = 19]
2026-07-12 14:08:51 DEBUG: Task 49 blocked: no orders in {0: [18]} is open yet.  [released tasks = 18]
2026-07-12 14:08:51 DEBUG: Task 51 blocked: no orders in {2: [24]} is open yet.  [released tasks = 17]
2026-07-12 14:08:51 DEBUG: Task 53 blocked: no orders in {0: [87]} is open yet.  [released tasks = 16]
2026-07-12 14:08:51 DEBUG: Task 54 blocked: no orders in {0: [52]} is open yet.  [released tasks = 15]
2026-07-12 14:08:51 DEBUG: Task 55 blocked: no orders in {0: [46]} is open yet.  [released tasks = 14]
2026-07-12 14:08:51 DEBUG: Task 57 blocked: no orders in {1: [19]} is open yet.  [released tasks = 13]
2026-07-12 14:08:51 DEBUG: Task 58 blocked: no orders in {2: [73]} is open yet.  [released tasks = 12]
2026-07-12 14:08:51 DEBUG: Task 59 blocked: no orders in {1: [99]} is open yet.  [released tasks = 11]
2026-07-12 14:08:51 DEBUG: Task 60 blocked: no orders in {2: [73]} is open yet.  [released tasks = 10]
2026-07-12 14:08:51 DEBUG: Task 62 blocked: no orders in {0: [83]} is open yet.  [released tasks = 9]
2026-07-12 14:08:51 DEBUG: Task 64 blocked: no orders in {2: [73]} is open yet.  [released tasks = 8]
2026-07-12 14:08:51 DEBUG: Task 65 blocked: no orders in {1: [40]} is open yet.  [released tasks = 7]
2026-07-12 14:08:51 DEBUG: Task 66 blocked: no orders in {0: [83]} is open yet.  [released tasks = 6]
2026-07-12 14:08:51 DEBUG: Task 69 blocked: no orders in {2: [73]} is open yet.  [released tasks = 5]
2026-07-12 14:08:51 DEBUG: Task 71 started: robot 14 → pod 791 → workstation 8 for orders {32} (arrival = 176.0 s).   [idle robots = 0/40]
2026-07-12 14:08:51 DEBUG:    EVENT NUM 349   current_time = 00:02:01   RELEASE_TASK          [queue size = 151]
2026-07-12 14:08:51 DEBUG: Task 74 released: pod 234 required by workstation(s) [4].  [released tasks = 23]
2026-07-12 14:08:51 DEBUG:    EVENT NUM 350   current_time = 00:02:03   RELEASE_TASK          [queue size = 150]
2026-07-12 14:08:51 DEBUG: Task 75 released: pod 39 required by workstation(s) [4, 4].  [released tasks = 24]
2026-07-12 14:08:51 DEBUG:    EVENT NUM 351   current_time = 00:02:04   END_PICKING           [queue size = 149]
2026-07-12 14:08:51 DEBUG: Ended picking at workstation 0.    [picking_buffer len = {26: 113.14812463110896}]
2026-07-12 14:08:51 DEBUG: Task should have served orders {41}, found open orders {41, 78, 48, 58}.
2026-07-12 14:08:51 DEBUG: Task 14 completed: pod 630 returning to storage.
2026-07-12 14:08:51 DEBUG:    EVENT NUM 352   current_time = 00:02:04   CLOSE_ORDER           [queue size = 151]
2026-07-12 14:08:51 DEBUG: Order 41 closed at workstation 0: flow_time = 124.2 s.     [order_buffer = 10] [open_orders = 3/4]
2026-07-12 14:08:51 DEBUG: Next order in buffer: 14
2026-07-12 14:08:51 DEBUG:    EVENT NUM 353   current_time = 00:02:04   START_PICKING         [queue size = 151]
2026-07-12 14:08:51 DEBUG: Processing task 26 at workstation 0: picking items {6803} for orders {48}
2026-07-12 14:08:51 DEBUG:    EVENT NUM 354   current_time = 00:02:04   OPEN_ORDER            [queue size = 151]
2026-07-12 14:08:51 DEBUG: Order 14 (skus required = {10388}) opened at workstation 0.   [open_orders = 4/4]
2026-07-12 14:08:51 DEBUG:    EVENT NUM 355   current_time = 00:02:04   START_TASK            [queue size = 151]
2026-07-12 14:08:51 DEBUG: Task 39 blocked: no idle robots.
2026-07-12 14:08:51 DEBUG:    EVENT NUM 356   current_time = 00:02:04   RELEASE_TASK          [queue size = 150]
2026-07-12 14:08:51 DEBUG: Task 76 released: pod 89 required by workstation(s) [5, 5].  [released tasks = 25]
2026-07-12 14:08:51 DEBUG:    EVENT NUM 357   current_time = 00:02:05   ARRIVAL_POD_WST       [queue size = 149]
2026-07-12 14:08:51 DEBUG: Pod 514 arrived at workstation 3 - status = IDLE
2026-07-12 14:08:51 DEBUG: Pod queued at workstation.    [picking_buffer = {13: 125.34968566851387}]
2026-07-12 14:08:51 DEBUG:    EVENT NUM 358   current_time = 00:02:05   START_PICKING         [queue size = 149]
2026-07-12 14:08:51 DEBUG: Processing task 13 at workstation 3: picking items {12054} for orders {11}
2026-07-12 14:08:51 DEBUG:    EVENT NUM 359   current_time = 00:02:05   END_PICKING           [queue size = 149]
2026-07-12 14:08:51 DEBUG: Ended picking at workstation 2.    [picking_buffer len = {}]
2026-07-12 14:08:51 DEBUG: Task should have served orders {85}, found open orders {65, 27, 85, 69}.
2026-07-12 14:08:51 DEBUG: Task 37 completed: pod 430 returning to storage.
2026-07-12 14:08:51 DEBUG:    EVENT NUM 360   current_time = 00:02:06   RELEASE_TASK          [queue size = 149]
2026-07-12 14:08:51 DEBUG: Task 77 released: pod 853 required by workstation(s) [8].  [released tasks = 26]
2026-07-12 14:08:51 DEBUG:    EVENT NUM 361   current_time = 00:02:08   RELEASE_TASK          [queue size = 148]
2026-07-12 14:08:51 DEBUG: Task 78 released: pod 810 required by workstation(s) [6].  [released tasks = 27]
2026-07-12 14:08:51 DEBUG:    EVENT NUM 362   current_time = 00:02:09   RELEASE_TASK          [queue size = 147]
2026-07-12 14:08:51 DEBUG: Task 79 released: pod 657 required by workstation(s) [5].  [released tasks = 28]
2026-07-12 14:08:51 DEBUG:    EVENT NUM 363   current_time = 00:02:10   ARRIVAL_ORDER         [queue size = 146]
2026-07-12 14:08:51 DEBUG: Order 112 arrived: items_required = [3277].     [orders_in_system = 103]
2026-07-12 14:08:51 DEBUG:    EVENT NUM 364   current_time = 00:02:11   RELEASE_TASK          [queue size = 146]
2026-07-12 14:08:51 DEBUG: Task 80 released: pod 769 required by workstation(s) [8].  [released tasks = 29]
2026-07-12 14:08:51 DEBUG:    EVENT NUM 365   current_time = 00:02:13   RELEASE_TASK          [queue size = 145]
2026-07-12 14:08:51 DEBUG: Task 81 released: pod 625 required by workstation(s) [6].  [released tasks = 30]
2026-07-12 14:08:51 DEBUG:    EVENT NUM 366   current_time = 00:02:14   END_PICKING           [queue size = 144]
2026-07-12 14:08:51 DEBUG: Ended picking at workstation 0.    [picking_buffer len = {}]
2026-07-12 14:08:51 DEBUG: Task should have served orders {48}, found open orders {78, 14, 48, 58}.
2026-07-12 14:08:51 DEBUG: Task 26 completed: pod 884 returning to storage.
2026-07-12 14:08:51 DEBUG:    EVENT NUM 367   current_time = 00:02:14   ARRIVAL_POD_WST       [queue size = 144]
2026-07-12 14:08:51 DEBUG: Pod 644 arrived at workstation 2 - status = IDLE
2026-07-12 14:08:51 DEBUG: Pod queued at workstation.    [picking_buffer = {43: 134.24987187349407}]
2026-07-12 14:08:51 DEBUG:    EVENT NUM 368   current_time = 00:02:14   START_PICKING         [queue size = 144]
2026-07-12 14:08:51 DEBUG: Processing task 43 at workstation 2: picking items {3929} for orders {27}
2026-07-12 14:08:51 DEBUG:    EVENT NUM 369   current_time = 00:02:14   RELEASE_TASK          [queue size = 144]
2026-07-12 14:08:51 DEBUG: Task 82 released: pod 355 required by workstation(s) [3].  [released tasks = 31]
2026-07-12 14:08:51 DEBUG:    EVENT NUM 370   current_time = 00:02:15   ARRIVAL_POD_WST       [queue size = 143]
2026-07-12 14:08:51 DEBUG: Pod 395 arrived at workstation 3 - status = BUSY
2026-07-12 14:08:51 DEBUG: Pod queued at workstation.    [picking_buffer = {21: 135.0574125786473}]
2026-07-12 14:08:51 DEBUG:    EVENT NUM 371   current_time = 00:02:15   ARRIVAL_POD_WST       [queue size = 142]
2026-07-12 14:08:51 DEBUG: Pod 316 arrived at workstation 4 - status = IDLE
2026-07-12 14:08:51 DEBUG: Pod queued at workstation.    [picking_buffer = {22: 135.12545312221542}]
2026-07-12 14:08:51 DEBUG:    EVENT NUM 372   current_time = 00:02:15   START_PICKING         [queue size = 142]
2026-07-12 14:08:51 DEBUG: Processing task 22 at workstation 4: picking items {6674} for orders {62}
2026-07-12 14:08:51 DEBUG:    EVENT NUM 373   current_time = 00:02:15   END_PICKING           [queue size = 142]
2026-07-12 14:08:51 DEBUG: Ended picking at workstation 3.    [picking_buffer len = {21: 135.0574125786473}]
2026-07-12 14:08:51 DEBUG: Task should have served orders {11}, found open orders {2, 8, 34, 11}.
2026-07-12 14:08:51 DEBUG: Task 13 completed: pod 514 returning to storage.
2026-07-12 14:08:51 DEBUG:    EVENT NUM 374   current_time = 00:02:15   START_PICKING         [queue size = 143]
2026-07-12 14:08:51 DEBUG: Processing task 21 at workstation 3: picking items {11893} for orders {8}
2026-07-12 14:08:51 DEBUG:    EVENT NUM 375   current_time = 00:02:15   RETURN_POD            [queue size = 143]
2026-07-12 14:08:51 DEBUG: Pod 816 returned. Robot 12 idle.   [idle robots = 1/40, released tasks = 31]
2026-07-12 14:08:51 DEBUG:    EVENT NUM 376   current_time = 00:02:15   START_TASK            [queue size = 143]
2026-07-12 14:08:51 DEBUG: Task 39 started: robot 12 → pod 878 → workstation 0 for orders {56} (arrival = 145.3 s).   [idle robots = 0/40]
2026-07-12 14:08:51 DEBUG:    EVENT NUM 377   current_time = 00:02:16   RELEASE_TASK          [queue size = 143]
2026-07-12 14:08:51 DEBUG: Task 83 released: pod 263 required by workstation(s) [4].  [released tasks = 31]
2026-07-12 14:08:51 DEBUG:    EVENT NUM 378   current_time = 00:02:17   RELEASE_TASK          [queue size = 142]
2026-07-12 14:08:51 DEBUG: Task 84 released: pod 372 required by workstation(s) [6].  [released tasks = 32]
2026-07-12 14:08:51 DEBUG:    EVENT NUM 379   current_time = 00:02:19   RELEASE_TASK          [queue size = 141]
2026-07-12 14:08:51 DEBUG: Task 85 released: pod 385 required by workstation(s) [5].  [released tasks = 33]
2026-07-12 14:08:51 DEBUG:    EVENT NUM 380   current_time = 00:02:20   ARRIVAL_ORDER         [queue size = 140]
2026-07-12 14:08:51 DEBUG: Order 113 arrived: items_required = [2785].     [orders_in_system = 104]
2026-07-12 14:08:51 DEBUG:    EVENT NUM 381   current_time = 00:02:20   ARRIVAL_POD_WST       [queue size = 140]
2026-07-12 14:08:51 DEBUG: Pod 576 arrived at workstation 2 - status = BUSY
2026-07-12 14:08:51 DEBUG: Pod queued at workstation.    [picking_buffer = {40: 140.17241719410578}]
2026-07-12 14:08:51 DEBUG:    EVENT NUM 382   current_time = 00:02:21   RELEASE_TASK          [queue size = 139]
2026-07-12 14:08:51 DEBUG: Task 86 released: pod 230 required by workstation(s) [4].  [released tasks = 34]
2026-07-12 14:08:51 DEBUG:    EVENT NUM 383   current_time = 00:02:22   RELEASE_TASK          [queue size = 138]
2026-07-12 14:08:51 DEBUG: Task 87 released: pod 728 required by workstation(s) [4].  [released tasks = 35]
2026-07-12 14:08:51 DEBUG:    EVENT NUM 384   current_time = 00:02:23   ARRIVAL_POD_WST       [queue size = 137]
2026-07-12 14:08:51 DEBUG: Pod 544 arrived at workstation 0 - status = IDLE
2026-07-12 14:08:51 DEBUG: Pod queued at workstation.    [picking_buffer = {29: 143.10174365975757}]
2026-07-12 14:08:51 DEBUG:    EVENT NUM 385   current_time = 00:02:23   START_PICKING         [queue size = 137]
2026-07-12 14:08:51 DEBUG: Processing task 29 at workstation 0: picking items {1852} for orders {58}
2026-07-12 14:08:51 DEBUG:    EVENT NUM 386   current_time = 00:02:24   END_PICKING           [queue size = 137]
2026-07-12 14:08:51 DEBUG: Ended picking at workstation 2.    [picking_buffer len = {40: 140.17241719410578}]
2026-07-12 14:08:51 DEBUG: Task should have served orders {27}, found open orders {65, 27, 85, 69}.
2026-07-12 14:08:51 DEBUG: Task 43 completed: pod 644 returning to storage.
2026-07-12 14:08:51 DEBUG:    EVENT NUM 387   current_time = 00:02:24   START_PICKING         [queue size = 138]
2026-07-12 14:08:51 DEBUG: Processing task 40 at workstation 2: picking items {10336} for orders {69}
2026-07-12 14:08:51 DEBUG:    EVENT NUM 388   current_time = 00:02:24   RELEASE_TASK          [queue size = 138]
2026-07-12 14:08:51 DEBUG: Task 88 released: pod 439 required by workstation(s) [3].  [released tasks = 36]
2026-07-12 14:08:51 DEBUG:    EVENT NUM 389   current_time = 00:02:24   ARRIVAL_POD_WST       [queue size = 137]
2026-07-12 14:08:51 DEBUG: Pod 866 arrived at workstation 3 - status = BUSY
2026-07-12 14:08:51 DEBUG: Pod queued at workstation.    [picking_buffer = {17: 144.81051607378302}]
2026-07-12 14:08:51 DEBUG:    EVENT NUM 390   current_time = 00:02:25   END_PICKING           [queue size = 136]
2026-07-12 14:08:51 DEBUG: Ended picking at workstation 4.    [picking_buffer len = {}]
2026-07-12 14:08:51 DEBUG: Task should have served orders {62}, found open orders {80, 57, 62, 95}.
2026-07-12 14:08:51 DEBUG: Task 22 completed: pod 316 returning to storage.
2026-07-12 14:08:51 DEBUG:    EVENT NUM 391   current_time = 00:02:25   ARRIVAL_POD_WST       [queue size = 136]
2026-07-12 14:08:51 DEBUG: Pod 878 arrived at workstation 0 - status = BUSY
2026-07-12 14:08:51 DEBUG: Pod queued at workstation.    [picking_buffer = {39: 145.28788556465193}]
2026-07-12 14:08:51 DEBUG:    EVENT NUM 392   current_time = 00:02:25   RETURN_POD            [queue size = 135]
2026-07-12 14:08:51 DEBUG: Pod 611 returned. Robot 19 idle.   [idle robots = 1/40, released tasks = 36]
2026-07-12 14:08:51 DEBUG:    EVENT NUM 393   current_time = 00:02:25   START_TASK            [queue size = 135]
2026-07-12 14:08:51 DEBUG: Task 41 blocked: no orders in {0: [77]} is open yet.  [released tasks = 35]
2026-07-12 14:08:51 DEBUG: Task 42 blocked: no orders in {0: [15]} is open yet.  [released tasks = 34]
2026-07-12 14:08:51 DEBUG: Task 44 blocked: no orders in {0: [30]} is open yet.  [released tasks = 33]
2026-07-12 14:08:51 DEBUG: Task 49 blocked: no orders in {0: [18]} is open yet.  [released tasks = 32]
2026-07-12 14:08:51 DEBUG: Task 51 blocked: no orders in {2: [24]} is open yet.  [released tasks = 31]
2026-07-12 14:08:51 DEBUG: Task 53 blocked: no orders in {0: [87]} is open yet.  [released tasks = 30]
2026-07-12 14:08:51 DEBUG: Task 54 blocked: no orders in {0: [52]} is open yet.  [released tasks = 29]
2026-07-12 14:08:51 DEBUG: Task 55 blocked: no orders in {0: [46]} is open yet.  [released tasks = 28]
2026-07-12 14:08:51 DEBUG: Task 57 blocked: no orders in {1: [19]} is open yet.  [released tasks = 27]
2026-07-12 14:08:51 DEBUG: Task 58 blocked: no orders in {2: [73]} is open yet.  [released tasks = 26]
2026-07-12 14:08:51 DEBUG: Task 59 blocked: no orders in {1: [99]} is open yet.  [released tasks = 25]
2026-07-12 14:08:51 DEBUG: Task 60 blocked: no orders in {2: [73]} is open yet.  [released tasks = 24]
2026-07-12 14:08:51 DEBUG: Task 62 blocked: no orders in {0: [83]} is open yet.  [released tasks = 23]
2026-07-12 14:08:51 DEBUG: Task 64 blocked: no orders in {2: [73]} is open yet.  [released tasks = 22]
2026-07-12 14:08:51 DEBUG: Task 65 blocked: no orders in {1: [40]} is open yet.  [released tasks = 21]
2026-07-12 14:08:51 DEBUG: Task 66 blocked: no orders in {0: [83]} is open yet.  [released tasks = 20]
2026-07-12 14:08:51 DEBUG: Task 69 blocked: no orders in {2: [73]} is open yet.  [released tasks = 19]
2026-07-12 14:08:51 DEBUG: Task 72 started: robot 19 → pod 616 → workstation 9 for orders {17, 45} (arrival = 189.0 s).   [idle robots = 0/40]
2026-07-12 14:08:51 DEBUG:    EVENT NUM 394   current_time = 00:02:25   END_PICKING           [queue size = 135]
2026-07-12 14:08:51 DEBUG: Ended picking at workstation 3.    [picking_buffer len = {17: 144.81051607378302}]
2026-07-12 14:08:51 DEBUG: Task should have served orders {8}, found open orders {2, 8, 34, 11}.
2026-07-12 14:08:51 DEBUG: Task 21 completed: pod 395 returning to storage.
2026-07-12 14:08:51 DEBUG:    EVENT NUM 395   current_time = 00:02:25   START_PICKING         [queue size = 136]
2026-07-12 14:08:51 DEBUG: Processing task 17 at workstation 3: picking items {8416} for orders {34}
2026-07-12 14:08:51 DEBUG:    EVENT NUM 396   current_time = 00:02:26   RELEASE_TASK          [queue size = 136]
2026-07-12 14:08:51 DEBUG: Task 89 released: pod 164 required by workstation(s) [6].  [released tasks = 36]
2026-07-12 14:08:51 DEBUG:    EVENT NUM 397   current_time = 00:02:27   ARRIVAL_POD_WST       [queue size = 135]
2026-07-12 14:08:51 DEBUG: Pod 345 arrived at workstation 1 - status = IDLE
2026-07-12 14:08:51 DEBUG: Pod queued at workstation.    [picking_buffer = {31: 147.16153132138663}]
2026-07-12 14:08:51 DEBUG:    EVENT NUM 398   current_time = 00:02:27   START_PICKING         [queue size = 135]
2026-07-12 14:08:51 DEBUG: Processing task 31 at workstation 1: picking items {6863} for orders {35}
2026-07-12 14:08:51 DEBUG:    EVENT NUM 399   current_time = 00:02:27   RETURN_POD            [queue size = 135]
2026-07-12 14:08:51 DEBUG: Pod 694 returned. Robot 21 idle.   [idle robots = 1/40, released tasks = 36]
2026-07-12 14:08:51 DEBUG:    EVENT NUM 400   current_time = 00:02:27   START_TASK            [queue size = 135]
2026-07-12 14:08:51 DEBUG: Task 41 blocked: no orders in {0: [77]} is open yet.  [released tasks = 35]
2026-07-12 14:08:51 DEBUG: Task 42 blocked: no orders in {0: [15]} is open yet.  [released tasks = 34]
2026-07-12 14:08:51 DEBUG: Task 44 blocked: no orders in {0: [30]} is open yet.  [released tasks = 33]
2026-07-12 14:08:51 DEBUG: Task 49 blocked: no orders in {0: [18]} is open yet.  [released tasks = 32]
2026-07-12 14:08:51 DEBUG: Task 51 blocked: no orders in {2: [24]} is open yet.  [released tasks = 31]
2026-07-12 14:08:51 DEBUG: Task 53 blocked: no orders in {0: [87]} is open yet.  [released tasks = 30]
2026-07-12 14:08:51 DEBUG: Task 54 blocked: no orders in {0: [52]} is open yet.  [released tasks = 29]
2026-07-12 14:08:51 DEBUG: Task 55 blocked: no orders in {0: [46]} is open yet.  [released tasks = 28]
2026-07-12 14:08:51 DEBUG: Task 57 blocked: no orders in {1: [19]} is open yet.  [released tasks = 27]
2026-07-12 14:08:51 DEBUG: Task 58 blocked: no orders in {2: [73]} is open yet.  [released tasks = 26]
2026-07-12 14:08:51 DEBUG: Task 59 blocked: no orders in {1: [99]} is open yet.  [released tasks = 25]
2026-07-12 14:08:51 DEBUG: Task 60 blocked: no orders in {2: [73]} is open yet.  [released tasks = 24]
2026-07-12 14:08:51 DEBUG: Task 62 blocked: no orders in {0: [83]} is open yet.  [released tasks = 23]
2026-07-12 14:08:51 DEBUG: Task 64 blocked: no orders in {2: [73]} is open yet.  [released tasks = 22]
2026-07-12 14:08:51 DEBUG: Task 65 blocked: no orders in {1: [40]} is open yet.  [released tasks = 21]
2026-07-12 14:08:51 DEBUG: Task 66 blocked: no orders in {0: [83]} is open yet.  [released tasks = 20]
2026-07-12 14:08:51 DEBUG: Task 69 blocked: no orders in {2: [73]} is open yet.  [released tasks = 19]
2026-07-12 14:08:51 DEBUG: Task 73 blocked: no orders in {2: [73]} is open yet.  [released tasks = 18]
2026-07-12 14:08:51 DEBUG: Task 74 started: robot 21 → pod 234 → workstation 4 for orders {57} (arrival = 308.9 s).   [idle robots = 0/40]
2026-07-12 14:08:51 DEBUG:    EVENT NUM 401   current_time = 00:02:27   RELEASE_TASK          [queue size = 135]
2026-07-12 14:08:51 DEBUG: Task 90 released: pod 731 required by workstation(s) [3].  [released tasks = 36]
2026-07-12 14:08:51 DEBUG:    EVENT NUM 402   current_time = 00:02:28   ARRIVAL_POD_WST       [queue size = 134]
2026-07-12 14:08:51 DEBUG: Pod 253 arrived at workstation 1 - status = BUSY
2026-07-12 14:08:51 DEBUG: Pod queued at workstation.    [picking_buffer = {28: 148.52859223484856}]
2026-07-12 14:08:51 DEBUG:    EVENT NUM 403   current_time = 00:02:29   RELEASE_TASK          [queue size = 133]
2026-07-12 14:08:51 DEBUG: Task 91 released: pod 886 required by workstation(s) [3].  [released tasks = 37]
2026-07-12 14:08:51 DEBUG:    EVENT NUM 404   current_time = 00:02:30   ARRIVAL_ORDER         [queue size = 132]
2026-07-12 14:08:51 DEBUG: Order 114 arrived: items_required = [5395, 3486].     [orders_in_system = 105]
2026-07-12 14:08:51 DEBUG:    EVENT NUM 405   current_time = 00:02:31   RELEASE_TASK          [queue size = 132]
2026-07-12 14:08:51 DEBUG: Task 92 released: pod 829 required by workstation(s) [3].  [released tasks = 38]
2026-07-12 14:08:51 DEBUG:    EVENT NUM 406   current_time = 00:02:32   RELEASE_TASK          [queue size = 131]
2026-07-12 14:08:51 DEBUG: Task 93 released: pod 395 required by workstation(s) [3].  [released tasks = 39]
2026-07-12 14:08:51 DEBUG:    EVENT NUM 407   current_time = 00:02:33   END_PICKING           [queue size = 130]
2026-07-12 14:08:51 DEBUG: Ended picking at workstation 0.    [picking_buffer len = {39: 145.28788556465193}]
2026-07-12 14:08:51 DEBUG: Task should have served orders {58}, found open orders {78, 14, 48, 58}.
2026-07-12 14:08:51 DEBUG: Task 29 completed: pod 544 returning to storage.
2026-07-12 14:08:51 DEBUG:    EVENT NUM 408   current_time = 00:02:33   CLOSE_ORDER           [queue size = 132]
2026-07-12 14:08:51 DEBUG: Order 58 closed at workstation 0: flow_time = 153.1 s.     [order_buffer = 9] [open_orders = 3/4]
2026-07-12 14:08:51 DEBUG: Next order in buffer: 56
2026-07-12 14:08:51 DEBUG:    EVENT NUM 409   current_time = 00:02:33   START_PICKING         [queue size = 132]
2026-07-12 14:08:51 DEBUG: start_picking: WS 0 has no actionable task in buffer.
2026-07-12 14:08:51 DEBUG:    EVENT NUM 410   current_time = 00:02:33   OPEN_ORDER            [queue size = 131]
2026-07-12 14:08:51 DEBUG: Order 56 (skus required = {7484}) opened at workstation 0.   [open_orders = 4/4]
2026-07-12 14:08:51 DEBUG:    EVENT NUM 411   current_time = 00:02:33   START_TASK            [queue size = 132]
2026-07-12 14:08:51 DEBUG: Task 41 blocked: no idle robots.
2026-07-12 14:08:51 DEBUG:    EVENT NUM 412   current_time = 00:02:33   START_PICKING         [queue size = 131]
2026-07-12 14:08:51 DEBUG: Processing task 39 at workstation 0: picking items {7484} for orders {56}
2026-07-12 14:08:51 DEBUG:    EVENT NUM 413   current_time = 00:02:33   ARRIVAL_POD_WST       [queue size = 131]
2026-07-12 14:08:51 DEBUG: Pod 443 arrived at workstation 3 - status = BUSY
2026-07-12 14:08:51 DEBUG: Pod queued at workstation.    [picking_buffer = {16: 153.8072076164337}]
2026-07-12 14:08:51 DEBUG:    EVENT NUM 414   current_time = 00:02:34   END_PICKING           [queue size = 130]
2026-07-12 14:08:51 DEBUG: Ended picking at workstation 2.    [picking_buffer len = {}]
2026-07-12 14:08:51 DEBUG: Task should have served orders {69}, found open orders {65, 27, 85, 69}.
2026-07-12 14:08:51 DEBUG: Task 40 completed: pod 576 returning to storage.
2026-07-12 14:08:51 DEBUG:    EVENT NUM 415   current_time = 00:02:34   CLOSE_ORDER           [queue size = 131]
2026-07-12 14:08:51 DEBUG: Order 69 closed at workstation 2: flow_time = 154.2 s.     [order_buffer = 3] [open_orders = 3/4]
2026-07-12 14:08:51 DEBUG: Next order in buffer: 88
2026-07-12 14:08:51 DEBUG:    EVENT NUM 416   current_time = 00:02:34   OPEN_ORDER            [queue size = 131]
2026-07-12 14:08:51 DEBUG: Order 88 (skus required = {4949}) opened at workstation 2.   [open_orders = 4/4]
2026-07-12 14:08:51 DEBUG:    EVENT NUM 417   current_time = 00:02:34   START_TASK            [queue size = 131]
2026-07-12 14:08:51 DEBUG: Task 41 blocked: no idle robots.
2026-07-12 14:08:51 DEBUG:    EVENT NUM 418   current_time = 00:02:34   RELEASE_TASK          [queue size = 130]
2026-07-12 14:08:51 DEBUG: Task 94 released: pod 471 required by workstation(s) [6].  [released tasks = 40]
2026-07-12 14:08:51 DEBUG:    EVENT NUM 419   current_time = 00:02:35   END_PICKING           [queue size = 129]
2026-07-12 14:08:51 DEBUG: Ended picking at workstation 3.    [picking_buffer len = {16: 153.8072076164337}]
2026-07-12 14:08:51 DEBUG: Task should have served orders {34}, found open orders {2, 8, 34, 11}.
2026-07-12 14:08:51 DEBUG: Task 17 completed: pod 866 returning to storage.
2026-07-12 14:08:51 DEBUG:    EVENT NUM 420   current_time = 00:02:35   CLOSE_ORDER           [queue size = 131]
2026-07-12 14:08:51 DEBUG: Order 34 closed at workstation 3: flow_time = 155.3 s.     [order_buffer = 4] [open_orders = 3/4]
2026-07-12 14:08:51 DEBUG: Next order in buffer: 74
2026-07-12 14:08:51 DEBUG:    EVENT NUM 421   current_time = 00:02:35   START_PICKING         [queue size = 131]
2026-07-12 14:08:51 DEBUG: Processing task 16 at workstation 3: picking items {5499} for orders {2}
2026-07-12 14:08:51 DEBUG:    EVENT NUM 422   current_time = 00:02:35   OPEN_ORDER            [queue size = 131]
2026-07-12 14:08:51 DEBUG: Order 74 (skus required = {10370}) opened at workstation 3.   [open_orders = 4/4]
2026-07-12 14:08:51 DEBUG:    EVENT NUM 423   current_time = 00:02:35   START_TASK            [queue size = 131]
2026-07-12 14:08:51 DEBUG: Task 41 blocked: no idle robots.
2026-07-12 14:08:51 DEBUG:    EVENT NUM 424   current_time = 00:02:35   RELEASE_TASK          [queue size = 130]
2026-07-12 14:08:51 DEBUG: Task 95 released: pod 163 required by workstation(s) [5].  [released tasks = 41]
2026-07-12 14:08:51 DEBUG:    EVENT NUM 425   current_time = 00:02:37   END_PICKING           [queue size = 129]
2026-07-12 14:08:51 DEBUG: Ended picking at workstation 1.    [picking_buffer len = {28: 148.52859223484856}]
2026-07-12 14:08:51 DEBUG: Task should have served orders {35}, found open orders {64, 35, 12, 22}.
2026-07-12 14:08:51 DEBUG: Task 31 completed: pod 345 returning to storage.
2026-07-12 14:08:51 DEBUG:    EVENT NUM 426   current_time = 00:02:37   START_PICKING         [queue size = 130]
2026-07-12 14:08:51 DEBUG: Processing task 28 at workstation 1: picking items {9801} for orders {12}
2026-07-12 14:08:51 DEBUG:    EVENT NUM 427   current_time = 00:02:37   RELEASE_TASK          [queue size = 130]
2026-07-12 14:08:51 DEBUG: Task 96 released: pod 804 required by workstation(s) [6].  [released tasks = 42]
2026-07-12 14:08:51 DEBUG:    EVENT NUM 428   current_time = 00:02:38   RETURN_POD            [queue size = 129]
2026-07-12 14:08:51 DEBUG: Pod 875 returned. Robot 1 idle.   [idle robots = 1/40, released tasks = 42]
2026-07-12 14:08:51 DEBUG:    EVENT NUM 429   current_time = 00:02:38   START_TASK            [queue size = 129]
2026-07-12 14:08:51 DEBUG: Task 41 started: robot 1 → pod 781 → workstation 0 for orders {77} (arrival = 225.0 s).   [idle robots = 0/40]
2026-07-12 14:08:51 DEBUG:    EVENT NUM 430   current_time = 00:02:39   RELEASE_TASK          [queue size = 129]
2026-07-12 14:08:51 DEBUG: Task 97 released: pod 77 required by workstation(s) [5].  [released tasks = 42]
2026-07-12 14:08:51 DEBUG:    EVENT NUM 431   current_time = 00:02:39   ARRIVAL_POD_WST       [queue size = 128]
2026-07-12 14:08:51 DEBUG: Pod 470 arrived at workstation 3 - status = BUSY
2026-07-12 14:08:51 DEBUG: Pod queued at workstation.    [picking_buffer = {27: 159.24137159616419}]
2026-07-12 14:08:51 DEBUG:    EVENT NUM 432   current_time = 00:02:40   ARRIVAL_ORDER         [queue size = 127]
2026-07-12 14:08:51 DEBUG: Order 115 arrived: items_required = [8272, 12355, 5325].     [orders_in_system = 103]
2026-07-12 14:08:51 DEBUG:    EVENT NUM 433   current_time = 00:02:40   RELEASE_TASK          [queue size = 127]
2026-07-12 14:08:51 DEBUG: Task 98 released: pod 763 required by workstation(s) [4].  [released tasks = 43]
2026-07-12 14:08:51 DEBUG:    EVENT NUM 434   current_time = 00:02:41   RETURN_POD            [queue size = 126]
2026-07-12 14:08:51 DEBUG: Pod 494 returned. Robot 34 idle.   [idle robots = 1/40, released tasks = 43]
2026-07-12 14:08:51 DEBUG:    EVENT NUM 435   current_time = 00:02:41   START_TASK            [queue size = 126]
2026-07-12 14:08:51 DEBUG: Task 42 blocked: no orders in {0: [15]} is open yet.  [released tasks = 42]
2026-07-12 14:08:51 DEBUG: Task 44 blocked: no orders in {0: [30]} is open yet.  [released tasks = 41]
2026-07-12 14:08:51 DEBUG: Task 49 blocked: no orders in {0: [18]} is open yet.  [released tasks = 40]
2026-07-12 14:08:51 DEBUG: Task 51 started: robot 34 → pod 190 → workstation 2 for orders {24} (arrival = 244.0 s).   [idle robots = 0/40]
2026-07-12 14:08:51 DEBUG:    EVENT NUM 436   current_time = 00:02:42   ARRIVAL_POD_WST       [queue size = 126]
2026-07-12 14:08:51 DEBUG: Pod 893 arrived at workstation 1 - status = BUSY
2026-07-12 14:08:51 DEBUG: Pod queued at workstation.    [picking_buffer = {38: 162.39947642091892}]
2026-07-12 14:08:51 DEBUG:    EVENT NUM 437   current_time = 00:02:42   RELEASE_TASK          [queue size = 125]
2026-07-12 14:08:51 DEBUG: Task 99 released: pod 425 required by workstation(s) [3].  [released tasks = 43]
2026-07-12 14:08:51 DEBUG:    EVENT NUM 438   current_time = 00:02:43   END_PICKING           [queue size = 124]
2026-07-12 14:08:51 DEBUG: Ended picking at workstation 0.    [picking_buffer len = {}]
2026-07-12 14:08:51 DEBUG: Task should have served orders {56}, found open orders {78, 14, 48, 56}.
2026-07-12 14:08:51 DEBUG: Task 39 completed: pod 878 returning to storage.
2026-07-12 14:08:51 DEBUG:    EVENT NUM 439   current_time = 00:02:43   CLOSE_ORDER           [queue size = 125]
2026-07-12 14:08:51 DEBUG: Order 56 closed at workstation 0: flow_time = 163.1 s.     [order_buffer = 8] [open_orders = 3/4]
2026-07-12 14:08:51 DEBUG: Next order in buffer: 77
2026-07-12 14:08:51 DEBUG:    EVENT NUM 440   current_time = 00:02:43   OPEN_ORDER            [queue size = 125]
2026-07-12 14:08:51 DEBUG: Order 77 (skus required = {12394}) opened at workstation 0.   [open_orders = 4/4]
2026-07-12 14:08:51 DEBUG:    EVENT NUM 441   current_time = 00:02:43   START_TASK            [queue size = 125]
2026-07-12 14:08:51 DEBUG: Task 42 blocked: no idle robots.
2026-07-12 14:08:51 DEBUG:    EVENT NUM 442   current_time = 00:02:44   RELEASE_TASK          [queue size = 124]
2026-07-12 14:08:51 DEBUG: Task 100 released: pod 4 required by workstation(s) [6].  [released tasks = 44]
2026-07-12 14:08:51 DEBUG:    EVENT NUM 443   current_time = 00:02:45   END_PICKING           [queue size = 123]
2026-07-12 14:08:51 DEBUG: Ended picking at workstation 3.    [picking_buffer len = {27: 159.24137159616419}]
2026-07-12 14:08:51 DEBUG: Task should have served orders {2}, found open orders {2, 8, 74, 11}.
2026-07-12 14:08:51 DEBUG: Task 16 completed: pod 443 returning to storage.
2026-07-12 14:08:51 DEBUG:    EVENT NUM 444   current_time = 00:02:45   START_PICKING         [queue size = 124]
2026-07-12 14:08:51 DEBUG: Processing task 27 at workstation 3: picking items {3493} for orders {11}
2026-07-12 14:08:51 DEBUG:    EVENT NUM 445   current_time = 00:02:45   RELEASE_TASK          [queue size = 124]
2026-07-12 14:08:51 DEBUG: Task 101 released: pod 679 required by workstation(s) [5].  [released tasks = 45]
2026-07-12 14:08:51 DEBUG:    EVENT NUM 446   current_time = 00:02:47   END_PICKING           [queue size = 123]
2026-07-12 14:08:51 DEBUG: Ended picking at workstation 1.    [picking_buffer len = {38: 162.39947642091892}]
2026-07-12 14:08:51 DEBUG: Task should have served orders {12}, found open orders {64, 35, 12, 22}.
2026-07-12 14:08:51 DEBUG: Task 28 completed: pod 253 returning to storage.
2026-07-12 14:08:51 DEBUG:    EVENT NUM 447   current_time = 00:02:47   START_PICKING         [queue size = 124]
2026-07-12 14:08:51 DEBUG: Processing task 38 at workstation 1: picking items {9407} for orders {22}
2026-07-12 14:08:51 DEBUG:    EVENT NUM 448   current_time = 00:02:47   RELEASE_TASK          [queue size = 124]
2026-07-12 14:08:51 DEBUG: Task 102 released: pod 815 required by workstation(s) [5].  [released tasks = 46]
2026-07-12 14:08:51 DEBUG:    EVENT NUM 449   current_time = 00:02:48   RETURN_POD            [queue size = 123]
2026-07-12 14:08:51 DEBUG: Pod 520 returned. Robot 33 idle.   [idle robots = 1/40, released tasks = 46]
2026-07-12 14:08:51 DEBUG:    EVENT NUM 450   current_time = 00:02:48   START_TASK            [queue size = 123]
2026-07-12 14:08:51 DEBUG: Task 42 started: robot 33 → pod 604 → workstation 0 for orders {15} (arrival = 230.6 s).   [idle robots = 0/40]
2026-07-12 14:08:51 DEBUG:    EVENT NUM 451   current_time = 00:02:48   RELEASE_TASK          [queue size = 123]
2026-07-12 14:08:51 DEBUG: Task 103 released: pod 490 required by workstation(s) [4].  [released tasks = 46]
2026-07-12 14:08:51 DEBUG:    EVENT NUM 452   current_time = 00:02:50   ARRIVAL_ORDER         [queue size = 122]
2026-07-12 14:08:51 DEBUG: Order 116 arrived: items_required = [10965, 5927].     [orders_in_system = 103]
2026-07-12 14:08:51 DEBUG:    EVENT NUM 453   current_time = 00:02:50   RELEASE_TASK          [queue size = 122]
2026-07-12 14:08:51 DEBUG: Task 104 released: pod 157 required by workstation(s) [3].  [released tasks = 47]
2026-07-12 14:08:51 DEBUG:    EVENT NUM 454   current_time = 00:02:51   ARRIVAL_POD_WST       [queue size = 121]
2026-07-12 14:08:51 DEBUG: Pod 332 arrived at workstation 3 - status = BUSY
2026-07-12 14:08:51 DEBUG: Pod queued at workstation.    [picking_buffer = {30: 171.44710145235695}]
2026-07-12 14:08:51 DEBUG:    EVENT NUM 455   current_time = 00:02:52   RELEASE_TASK          [queue size = 120]
2026-07-12 14:08:51 DEBUG: Task 105 released: pod 664 required by workstation(s) [5].  [released tasks = 48]
2026-07-12 14:08:51 DEBUG:    EVENT NUM 456   current_time = 00:02:52   RETURN_POD            [queue size = 119]
2026-07-12 14:08:51 DEBUG: Pod 878 returned. Robot 12 idle.   [idle robots = 1/40, released tasks = 48]
2026-07-12 14:08:51 DEBUG:    EVENT NUM 457   current_time = 00:02:52   START_TASK            [queue size = 119]
2026-07-12 14:08:51 DEBUG: Task 44 blocked: no orders in {0: [30]} is open yet.  [released tasks = 47]
2026-07-12 14:08:51 DEBUG: Task 49 blocked: no orders in {0: [18]} is open yet.  [released tasks = 46]
2026-07-12 14:08:51 DEBUG: Task 53 blocked: no orders in {0: [87]} is open yet.  [released tasks = 45]
2026-07-12 14:08:51 DEBUG: Task 54 blocked: no orders in {0: [52]} is open yet.  [released tasks = 44]
2026-07-12 14:08:51 DEBUG: Task 55 blocked: no orders in {0: [46]} is open yet.  [released tasks = 43]
2026-07-12 14:08:51 DEBUG: Task 57 blocked: no orders in {1: [19]} is open yet.  [released tasks = 42]
2026-07-12 14:08:51 DEBUG: Task 58 blocked: no orders in {2: [73]} is open yet.  [released tasks = 41]
2026-07-12 14:08:51 DEBUG: Task 59 blocked: no orders in {1: [99]} is open yet.  [released tasks = 40]
2026-07-12 14:08:51 DEBUG: Task 60 blocked: no orders in {2: [73]} is open yet.  [released tasks = 39]
2026-07-12 14:08:51 DEBUG: Task 62 blocked: no orders in {0: [83]} is open yet.  [released tasks = 38]
2026-07-12 14:08:51 DEBUG: Task 64 blocked: no orders in {2: [73]} is open yet.  [released tasks = 37]
2026-07-12 14:08:51 DEBUG: Task 65 blocked: no orders in {1: [40]} is open yet.  [released tasks = 36]
2026-07-12 14:08:51 DEBUG: Task 66 blocked: no orders in {0: [83]} is open yet.  [released tasks = 35]
2026-07-12 14:08:51 DEBUG: Task 69 blocked: no orders in {2: [73]} is open yet.  [released tasks = 34]
2026-07-12 14:08:51 DEBUG: Task 73 blocked: no orders in {2: [73]} is open yet.  [released tasks = 33]
2026-07-12 14:08:51 DEBUG: Task 75 started: robot 12 → pod 39 → workstation 4 for orders {80} (arrival = 295.2 s).   [idle robots = 0/40]
2026-07-12 14:08:51 DEBUG:    EVENT NUM 458   current_time = 00:02:53   ARRIVAL_POD_WST       [queue size = 119]
2026-07-12 14:08:51 DEBUG: Pod 452 arrived at workstation 2 - status = IDLE
2026-07-12 14:08:51 DEBUG: Pod queued at workstation.    [picking_buffer = {45: 173.67811851736093}]
2026-07-12 14:08:51 DEBUG:    EVENT NUM 459   current_time = 00:02:53   START_PICKING         [queue size = 119]
2026-07-12 14:08:51 DEBUG: Processing task 45 at workstation 2: picking items {3439} for orders {85}
2026-07-12 14:08:51 DEBUG:    EVENT NUM 460   current_time = 00:02:53   RETURN_POD            [queue size = 119]
2026-07-12 14:08:51 DEBUG: Pod 460 returned. Robot 29 idle.   [idle robots = 1/40, released tasks = 47]
2026-07-12 14:08:51 DEBUG:    EVENT NUM 461   current_time = 00:02:53   START_TASK            [queue size = 119]
2026-07-12 14:08:51 DEBUG: Task 44 blocked: no orders in {0: [30]} is open yet.  [released tasks = 46]
2026-07-12 14:08:51 DEBUG: Task 49 blocked: no orders in {0: [18]} is open yet.  [released tasks = 45]
2026-07-12 14:08:51 DEBUG: Task 53 blocked: no orders in {0: [87]} is open yet.  [released tasks = 44]
2026-07-12 14:08:51 DEBUG: Task 54 blocked: no orders in {0: [52]} is open yet.  [released tasks = 43]
2026-07-12 14:08:51 DEBUG: Task 55 blocked: no orders in {0: [46]} is open yet.  [released tasks = 42]
2026-07-12 14:08:51 DEBUG: Task 57 blocked: no orders in {1: [19]} is open yet.  [released tasks = 41]
2026-07-12 14:08:51 DEBUG: Task 58 blocked: no orders in {2: [73]} is open yet.  [released tasks = 40]
2026-07-12 14:08:51 DEBUG: Task 59 blocked: no orders in {1: [99]} is open yet.  [released tasks = 39]
2026-07-12 14:08:51 DEBUG: Task 60 blocked: no orders in {2: [73]} is open yet.  [released tasks = 38]
2026-07-12 14:08:51 DEBUG: Task 62 blocked: no orders in {0: [83]} is open yet.  [released tasks = 37]
2026-07-12 14:08:51 DEBUG: Task 64 blocked: no orders in {2: [73]} is open yet.  [released tasks = 36]
2026-07-12 14:08:51 DEBUG: Task 65 blocked: no orders in {1: [40]} is open yet.  [released tasks = 35]
2026-07-12 14:08:51 DEBUG: Task 66 blocked: no orders in {0: [83]} is open yet.  [released tasks = 34]
2026-07-12 14:08:51 DEBUG: Task 69 blocked: no orders in {2: [73]} is open yet.  [released tasks = 33]
2026-07-12 14:08:51 DEBUG: Task 73 blocked: no orders in {2: [73]} is open yet.  [released tasks = 32]
2026-07-12 14:08:51 DEBUG: Task 76 started: robot 29 → pod 89 → workstation 5 for orders {98} (arrival = 368.0 s).   [idle robots = 0/40]
2026-07-12 14:08:51 DEBUG:    EVENT NUM 462   current_time = 00:02:53   RELEASE_TASK          [queue size = 119]
2026-07-12 14:08:51 DEBUG: Task 106 released: pod 550 required by workstation(s) [4].  [released tasks = 47]
2026-07-12 14:08:51 DEBUG:    EVENT NUM 463   current_time = 00:02:55   END_PICKING           [queue size = 118]
2026-07-12 14:08:51 DEBUG: Ended picking at workstation 3.    [picking_buffer len = {30: 171.44710145235695}]
2026-07-12 14:08:51 DEBUG: Task should have served orders {11}, found open orders {2, 8, 74, 11}.
2026-07-12 14:08:51 DEBUG: Task 27 completed: pod 470 returning to storage.
2026-07-12 14:08:51 DEBUG:    EVENT NUM 464   current_time = 00:02:55   CLOSE_ORDER           [queue size = 120]
2026-07-12 14:08:51 DEBUG: Order 11 closed at workstation 3: flow_time = 175.3 s.     [order_buffer = 3] [open_orders = 3/4]
2026-07-12 14:08:51 DEBUG: Next order in buffer: 76
2026-07-12 14:08:51 DEBUG:    EVENT NUM 465   current_time = 00:02:55   START_PICKING         [queue size = 120]
2026-07-12 14:08:51 DEBUG: Processing task 30 at workstation 3: picking items {4760} for orders {2}
2026-07-12 14:08:51 DEBUG:    EVENT NUM 466   current_time = 00:02:55   OPEN_ORDER            [queue size = 120]
2026-07-12 14:08:51 DEBUG: Order 76 (skus required = {9136, 4091}) opened at workstation 3.   [open_orders = 4/4]
2026-07-12 14:08:51 DEBUG:    EVENT NUM 467   current_time = 00:02:55   START_TASK            [queue size = 120]
2026-07-12 14:08:51 DEBUG: Task 44 blocked: no orders in {0: [30]} is open yet.  [released tasks = 46]
2026-07-12 14:08:51 DEBUG: Task 49 blocked: no orders in {0: [18]} is open yet.  [released tasks = 45]
2026-07-12 14:08:51 DEBUG: Task 53 blocked: no orders in {0: [87]} is open yet.  [released tasks = 44]
2026-07-12 14:08:51 DEBUG: Task 54 blocked: no orders in {0: [52]} is open yet.  [released tasks = 43]
2026-07-12 14:08:51 DEBUG: Task 55 blocked: no orders in {0: [46]} is open yet.  [released tasks = 42]
2026-07-12 14:08:51 DEBUG: Task 57 blocked: no orders in {1: [19]} is open yet.  [released tasks = 41]
2026-07-12 14:08:51 DEBUG: Task 58 blocked: no orders in {2: [73]} is open yet.  [released tasks = 40]
2026-07-12 14:08:51 DEBUG: Task 59 blocked: no orders in {1: [99]} is open yet.  [released tasks = 39]
2026-07-12 14:08:51 DEBUG: Task 60 blocked: no orders in {2: [73]} is open yet.  [released tasks = 38]
2026-07-12 14:08:51 DEBUG: Task 62 blocked: no orders in {0: [83]} is open yet.  [released tasks = 37]
2026-07-12 14:08:51 DEBUG: Task 64 blocked: no orders in {2: [73]} is open yet.  [released tasks = 36]
2026-07-12 14:08:51 DEBUG: Task 65 blocked: no orders in {1: [40]} is open yet.  [released tasks = 35]
2026-07-12 14:08:51 DEBUG: Task 66 blocked: no orders in {0: [83]} is open yet.  [released tasks = 34]
2026-07-12 14:08:51 DEBUG: Task 69 blocked: no orders in {2: [73]} is open yet.  [released tasks = 33]
2026-07-12 14:08:51 DEBUG: Task 73 blocked: no orders in {2: [73]} is open yet.  [released tasks = 32]
2026-07-12 14:08:51 DEBUG: Task 77 blocked: no idle robots.
2026-07-12 14:08:51 DEBUG:    EVENT NUM 468   current_time = 00:02:55   RELEASE_TASK          [queue size = 119]
2026-07-12 14:08:51 DEBUG: Task 107 released: pod 788 required by workstation(s) [6].  [released tasks = 48]
2026-07-12 14:08:51 DEBUG:    EVENT NUM 469   current_time = 00:02:55   ARRIVAL_POD_WST       [queue size = 118]
2026-07-12 14:08:51 DEBUG: Pod 791 arrived at workstation 8 - status = IDLE
2026-07-12 14:08:51 DEBUG: Pod queued at workstation.    [picking_buffer = {71: 175.9960817134044}]
2026-07-12 14:08:51 DEBUG:    EVENT NUM 470   current_time = 00:02:55   START_PICKING         [queue size = 118]
2026-07-12 14:08:51 DEBUG: Processing task 71 at workstation 8: picking items {4511} for orders {32}
2026-07-12 14:08:51 DEBUG:    EVENT NUM 471   current_time = 00:02:57   RELEASE_TASK          [queue size = 118]
2026-07-12 14:08:51 DEBUG: Task 108 released: pod 332 required by workstation(s) [3].  [released tasks = 49]
2026-07-12 14:08:51 DEBUG:    EVENT NUM 472   current_time = 00:02:57   END_PICKING           [queue size = 117]
2026-07-12 14:08:51 DEBUG: Ended picking at workstation 1.    [picking_buffer len = {}]
2026-07-12 14:08:51 DEBUG: Task should have served orders {22}, found open orders {64, 35, 12, 22}.
2026-07-12 14:08:51 DEBUG: Task 38 completed: pod 893 returning to storage.
2026-07-12 14:08:51 DEBUG:    EVENT NUM 473   current_time = 00:02:58   RELEASE_TASK          [queue size = 117]
2026-07-12 14:08:51 DEBUG: Task 109 released: pod 70 required by workstation(s) [4].  [released tasks = 50]
2026-07-12 14:08:51 DEBUG:    EVENT NUM 474   current_time = 00:02:58   RETURN_POD            [queue size = 116]
2026-07-12 14:08:51 DEBUG: Pod 430 returned. Robot 22 idle.   [idle robots = 1/40, released tasks = 50]
2026-07-12 14:08:51 DEBUG:    EVENT NUM 475   current_time = 00:02:58   START_TASK            [queue size = 116]
2026-07-12 14:08:51 DEBUG: Task 44 blocked: no orders in {0: [30]} is open yet.  [released tasks = 49]
2026-07-12 14:08:51 DEBUG: Task 49 blocked: no orders in {0: [18]} is open yet.  [released tasks = 48]
2026-07-12 14:08:51 DEBUG: Task 53 blocked: no orders in {0: [87]} is open yet.  [released tasks = 47]
2026-07-12 14:08:51 DEBUG: Task 54 blocked: no orders in {0: [52]} is open yet.  [released tasks = 46]
2026-07-12 14:08:51 DEBUG: Task 55 blocked: no orders in {0: [46]} is open yet.  [released tasks = 45]
2026-07-12 14:08:51 DEBUG: Task 57 blocked: no orders in {1: [19]} is open yet.  [released tasks = 44]
2026-07-12 14:08:51 DEBUG: Task 58 blocked: no orders in {2: [73]} is open yet.  [released tasks = 43]
2026-07-12 14:08:51 DEBUG: Task 59 blocked: no orders in {1: [99]} is open yet.  [released tasks = 42]
2026-07-12 14:08:51 DEBUG: Task 60 blocked: no orders in {2: [73]} is open yet.  [released tasks = 41]
2026-07-12 14:08:51 DEBUG: Task 62 blocked: no orders in {0: [83]} is open yet.  [released tasks = 40]
2026-07-12 14:08:51 DEBUG: Task 64 blocked: no orders in {2: [73]} is open yet.  [released tasks = 39]
2026-07-12 14:08:51 DEBUG: Task 65 blocked: no orders in {1: [40]} is open yet.  [released tasks = 38]
2026-07-12 14:08:51 DEBUG: Task 66 blocked: no orders in {0: [83]} is open yet.  [released tasks = 37]
2026-07-12 14:08:51 DEBUG: Task 69 blocked: no orders in {2: [73]} is open yet.  [released tasks = 36]
2026-07-12 14:08:51 DEBUG: Task 73 blocked: no orders in {2: [73]} is open yet.  [released tasks = 35]
2026-07-12 14:08:51 DEBUG: Task 77 started: robot 22 → pod 853 → workstation 8 for orders {20} (arrival = 218.2 s).   [idle robots = 0/40]
2026-07-12 14:08:51 DEBUG:    EVENT NUM 476   current_time = 00:02:59   ARRIVAL_POD_WST       [queue size = 116]
2026-07-12 14:08:51 DEBUG: Pod 183 arrived at workstation 0 - status = IDLE
2026-07-12 14:08:51 DEBUG: Pod queued at workstation.    [picking_buffer = {34: 179.4041572366242}]
2026-07-12 14:08:51 DEBUG:    EVENT NUM 477   current_time = 00:02:59   START_PICKING         [queue size = 116]
2026-07-12 14:08:51 DEBUG: Processing task 34 at workstation 0: picking items {2848} for orders {48}
2026-07-12 14:08:51 DEBUG:    EVENT NUM 478   current_time = 00:03:00   ARRIVAL_ORDER         [queue size = 116]
2026-07-12 14:08:51 DEBUG: Order 117 arrived: items_required = [6668, 10207, 2277, 6379, 4771].     [orders_in_system = 103]
2026-07-12 14:08:51 DEBUG:    EVENT NUM 479   current_time = 00:03:00   RELEASE_TASK          [queue size = 116]
2026-07-12 14:08:51 DEBUG: Task 110 released: pod 817 required by workstation(s) [6].  [released tasks = 50]
2026-07-12 14:08:51 DEBUG:    EVENT NUM 480   current_time = 00:03:01   RELEASE_TASK          [queue size = 115]
2026-07-12 14:08:51 DEBUG: Task 111 released: pod 498 required by workstation(s) [9].  [released tasks = 51]
2026-07-12 14:08:51 DEBUG:    EVENT NUM 481   current_time = 00:03:02   RETURN_POD            [queue size = 114]
2026-07-12 14:08:51 DEBUG: Pod 884 returned. Robot 28 idle.   [idle robots = 1/40, released tasks = 51]
2026-07-12 14:08:51 DEBUG:    EVENT NUM 482   current_time = 00:03:02   START_TASK            [queue size = 114]
2026-07-12 14:08:51 DEBUG: Task 44 blocked: no orders in {0: [30]} is open yet.  [released tasks = 50]
2026-07-12 14:08:51 DEBUG: Task 49 blocked: no orders in {0: [18]} is open yet.  [released tasks = 49]
2026-07-12 14:08:51 DEBUG: Task 53 blocked: no orders in {0: [87]} is open yet.  [released tasks = 48]
2026-07-12 14:08:51 DEBUG: Task 54 blocked: no orders in {0: [52]} is open yet.  [released tasks = 47]
2026-07-12 14:08:51 DEBUG: Task 55 blocked: no orders in {0: [46]} is open yet.  [released tasks = 46]
2026-07-12 14:08:51 DEBUG: Task 57 blocked: no orders in {1: [19]} is open yet.  [released tasks = 45]
2026-07-12 14:08:51 DEBUG: Task 58 blocked: no orders in {2: [73]} is open yet.  [released tasks = 44]
2026-07-12 14:08:51 DEBUG: Task 59 blocked: no orders in {1: [99]} is open yet.  [released tasks = 43]
2026-07-12 14:08:51 DEBUG: Task 60 blocked: no orders in {2: [73]} is open yet.  [released tasks = 42]
2026-07-12 14:08:51 DEBUG: Task 62 blocked: no orders in {0: [83]} is open yet.  [released tasks = 41]
2026-07-12 14:08:51 DEBUG: Task 64 blocked: no orders in {2: [73]} is open yet.  [released tasks = 40]
2026-07-12 14:08:51 DEBUG: Task 65 blocked: no orders in {1: [40]} is open yet.  [released tasks = 39]
2026-07-12 14:08:51 DEBUG: Task 66 blocked: no orders in {0: [83]} is open yet.  [released tasks = 38]
2026-07-12 14:08:51 DEBUG: Task 69 blocked: no orders in {2: [73]} is open yet.  [released tasks = 37]
2026-07-12 14:08:51 DEBUG: Task 73 blocked: no orders in {2: [73]} is open yet.  [released tasks = 36]
2026-07-12 14:08:51 DEBUG: Task 78 started: robot 28 → pod 810 → workstation 6 for orders {3} (arrival = 283.4 s).   [idle robots = 0/40]
2026-07-12 14:08:51 DEBUG:    EVENT NUM 483   current_time = 00:03:02   RETURN_POD            [queue size = 114]
2026-07-12 14:08:51 DEBUG: Pod 524 returned. Robot 9 idle.   [idle robots = 1/40, released tasks = 50]
2026-07-12 14:08:51 DEBUG:    EVENT NUM 484   current_time = 00:03:02   START_TASK            [queue size = 114]
2026-07-12 14:08:51 DEBUG: Task 44 blocked: no orders in {0: [30]} is open yet.  [released tasks = 49]
2026-07-12 14:08:51 DEBUG: Task 49 blocked: no orders in {0: [18]} is open yet.  [released tasks = 48]
2026-07-12 14:08:51 DEBUG: Task 53 blocked: no orders in {0: [87]} is open yet.  [released tasks = 47]
2026-07-12 14:08:51 DEBUG: Task 54 blocked: no orders in {0: [52]} is open yet.  [released tasks = 46]
2026-07-12 14:08:51 DEBUG: Task 55 blocked: no orders in {0: [46]} is open yet.  [released tasks = 45]
2026-07-12 14:08:51 DEBUG: Task 57 blocked: no orders in {1: [19]} is open yet.  [released tasks = 44]
2026-07-12 14:08:51 DEBUG: Task 58 blocked: no orders in {2: [73]} is open yet.  [released tasks = 43]
2026-07-12 14:08:51 DEBUG: Task 59 blocked: no orders in {1: [99]} is open yet.  [released tasks = 42]
2026-07-12 14:08:51 DEBUG: Task 60 blocked: no orders in {2: [73]} is open yet.  [released tasks = 41]
2026-07-12 14:08:51 DEBUG: Task 62 blocked: no orders in {0: [83]} is open yet.  [released tasks = 40]
2026-07-12 14:08:51 DEBUG: Task 64 blocked: no orders in {2: [73]} is open yet.  [released tasks = 39]
2026-07-12 14:08:51 DEBUG: Task 65 blocked: no orders in {1: [40]} is open yet.  [released tasks = 38]
2026-07-12 14:08:51 DEBUG: Task 66 blocked: no orders in {0: [83]} is open yet.  [released tasks = 37]
2026-07-12 14:08:51 DEBUG: Task 69 blocked: no orders in {2: [73]} is open yet.  [released tasks = 36]
2026-07-12 14:08:51 DEBUG: Task 73 blocked: no orders in {2: [73]} is open yet.  [released tasks = 35]
2026-07-12 14:08:51 DEBUG: Task 79 started: robot 9 → pod 657 → workstation 5 for orders {96, 53} (arrival = 302.9 s).   [idle robots = 0/40]
2026-07-12 14:08:51 DEBUG:    EVENT NUM 485   current_time = 00:03:03   RELEASE_TASK          [queue size = 114]
2026-07-12 14:08:51 DEBUG: Task 112 released: pod 749 required by workstation(s) [5].  [released tasks = 50]
2026-07-12 14:08:51 DEBUG:    EVENT NUM 486   current_time = 00:03:03   END_PICKING           [queue size = 113]
2026-07-12 14:08:51 DEBUG: Ended picking at workstation 2.    [picking_buffer len = {}]
2026-07-12 14:08:51 DEBUG: Task should have served orders {85}, found open orders {65, 85, 88, 27}.
2026-07-12 14:08:51 DEBUG: Task 45 completed: pod 452 returning to storage.
2026-07-12 14:08:51 DEBUG:    EVENT NUM 487   current_time = 00:03:05   RELEASE_TASK          [queue size = 113]
2026-07-12 14:08:51 DEBUG: Task 113 released: pod 219 required by workstation(s) [5].  [released tasks = 51]
2026-07-12 14:08:51 DEBUG:    EVENT NUM 488   current_time = 00:03:05   END_PICKING           [queue size = 112]
2026-07-12 14:08:51 DEBUG: Ended picking at workstation 3.    [picking_buffer len = {}]
2026-07-12 14:08:51 DEBUG: Task should have served orders {2}, found open orders {2, 8, 74, 76}.
2026-07-12 14:08:51 DEBUG: Task 30 completed: pod 332 returning to storage.
2026-07-12 14:08:51 DEBUG:    EVENT NUM 489   current_time = 00:03:05   CLOSE_ORDER           [queue size = 113]
2026-07-12 14:08:51 DEBUG: Order 2 closed at workstation 3: flow_time = 185.3 s.     [order_buffer = 2] [open_orders = 3/4]
2026-07-12 14:08:51 DEBUG: Next order in buffer: 16
2026-07-12 14:08:51 DEBUG:    EVENT NUM 490   current_time = 00:03:05   OPEN_ORDER            [queue size = 113]
2026-07-12 14:08:51 DEBUG: Order 16 (skus required = {4225, 10434, 2403}) opened at workstation 3.   [open_orders = 4/4]
2026-07-12 14:08:51 DEBUG:    EVENT NUM 491   current_time = 00:03:05   START_TASK            [queue size = 113]
2026-07-12 14:08:51 DEBUG: Task 44 blocked: no orders in {0: [30]} is open yet.  [released tasks = 50]
2026-07-12 14:08:51 DEBUG: Task 49 blocked: no orders in {0: [18]} is open yet.  [released tasks = 49]
2026-07-12 14:08:51 DEBUG: Task 53 blocked: no orders in {0: [87]} is open yet.  [released tasks = 48]
2026-07-12 14:08:51 DEBUG: Task 54 blocked: no orders in {0: [52]} is open yet.  [released tasks = 47]
2026-07-12 14:08:51 DEBUG: Task 55 blocked: no orders in {0: [46]} is open yet.  [released tasks = 46]
2026-07-12 14:08:51 DEBUG: Task 57 blocked: no orders in {1: [19]} is open yet.  [released tasks = 45]
2026-07-12 14:08:51 DEBUG: Task 58 blocked: no orders in {2: [73]} is open yet.  [released tasks = 44]
2026-07-12 14:08:51 DEBUG: Task 59 blocked: no orders in {1: [99]} is open yet.  [released tasks = 43]
2026-07-12 14:08:51 DEBUG: Task 60 blocked: no orders in {2: [73]} is open yet.  [released tasks = 42]
2026-07-12 14:08:51 DEBUG: Task 62 blocked: no orders in {0: [83]} is open yet.  [released tasks = 41]
2026-07-12 14:08:51 DEBUG: Task 64 blocked: no orders in {2: [73]} is open yet.  [released tasks = 40]
2026-07-12 14:08:51 DEBUG: Task 65 blocked: no orders in {1: [40]} is open yet.  [released tasks = 39]
2026-07-12 14:08:51 DEBUG: Task 66 blocked: no orders in {0: [83]} is open yet.  [released tasks = 38]
2026-07-12 14:08:51 DEBUG: Task 69 blocked: no orders in {2: [73]} is open yet.  [released tasks = 37]
2026-07-12 14:08:51 DEBUG: Task 73 blocked: no orders in {2: [73]} is open yet.  [released tasks = 36]
2026-07-12 14:08:51 DEBUG: Task 80 blocked: no idle robots.
2026-07-12 14:08:51 DEBUG:    EVENT NUM 492   current_time = 00:03:05   END_PICKING           [queue size = 112]
2026-07-12 14:08:51 DEBUG: Ended picking at workstation 8.    [picking_buffer len = {}]
2026-07-12 14:08:51 DEBUG: Task should have served orders {32}, found open orders {32, 1, 20, 79}.
2026-07-12 14:08:51 DEBUG: Task 71 completed: pod 791 returning to storage.
2026-07-12 14:08:51 DEBUG:    EVENT NUM 493   current_time = 00:03:05   CLOSE_ORDER           [queue size = 113]
2026-07-12 14:08:51 DEBUG: Order 32 closed at workstation 8: flow_time = 186.0 s.     [order_buffer = 1] [open_orders = 3/4]
2026-07-12 14:08:51 DEBUG: Next order in buffer: 68
2026-07-12 14:08:51 DEBUG:    EVENT NUM 494   current_time = 00:03:05   OPEN_ORDER            [queue size = 113]
2026-07-12 14:08:51 DEBUG: Order 68 (skus required = {7712, 5187, 5349, 5231}) opened at workstation 8.   [open_orders = 4/4]
2026-07-12 14:08:51 DEBUG:    EVENT NUM 495   current_time = 00:03:05   START_TASK            [queue size = 113]
2026-07-12 14:08:51 DEBUG: Task 44 blocked: no orders in {0: [30]} is open yet.  [released tasks = 50]
2026-07-12 14:08:51 DEBUG: Task 49 blocked: no orders in {0: [18]} is open yet.  [released tasks = 49]
2026-07-12 14:08:51 DEBUG: Task 53 blocked: no orders in {0: [87]} is open yet.  [released tasks = 48]
2026-07-12 14:08:51 DEBUG: Task 54 blocked: no orders in {0: [52]} is open yet.  [released tasks = 47]
2026-07-12 14:08:51 DEBUG: Task 55 blocked: no orders in {0: [46]} is open yet.  [released tasks = 46]
2026-07-12 14:08:51 DEBUG: Task 57 blocked: no orders in {1: [19]} is open yet.  [released tasks = 45]
2026-07-12 14:08:51 DEBUG: Task 58 blocked: no orders in {2: [73]} is open yet.  [released tasks = 44]
2026-07-12 14:08:51 DEBUG: Task 59 blocked: no orders in {1: [99]} is open yet.  [released tasks = 43]
2026-07-12 14:08:51 DEBUG: Task 60 blocked: no orders in {2: [73]} is open yet.  [released tasks = 42]
2026-07-12 14:08:51 DEBUG: Task 62 blocked: no orders in {0: [83]} is open yet.  [released tasks = 41]
2026-07-12 14:08:51 DEBUG: Task 64 blocked: no orders in {2: [73]} is open yet.  [released tasks = 40]
2026-07-12 14:08:51 DEBUG: Task 65 blocked: no orders in {1: [40]} is open yet.  [released tasks = 39]
2026-07-12 14:08:51 DEBUG: Task 66 blocked: no orders in {0: [83]} is open yet.  [released tasks = 38]
2026-07-12 14:08:51 DEBUG: Task 69 blocked: no orders in {2: [73]} is open yet.  [released tasks = 37]
2026-07-12 14:08:51 DEBUG: Task 73 blocked: no orders in {2: [73]} is open yet.  [released tasks = 36]
2026-07-12 14:08:51 DEBUG: Task 80 blocked: no idle robots.
2026-07-12 14:08:51 DEBUG:    EVENT NUM 496   current_time = 00:03:06   RELEASE_TASK          [queue size = 112]
2026-07-12 14:08:51 DEBUG: Task 114 released: pod 47 required by workstation(s) [6, 6].  [released tasks = 52]
2026-07-12 14:08:51 DEBUG:    EVENT NUM 497   current_time = 00:03:07   ARRIVAL_POD_WST       [queue size = 111]
2026-07-12 14:08:51 DEBUG: Pod 353 arrived at workstation 2 - status = IDLE
2026-07-12 14:08:51 DEBUG: Pod queued at workstation.    [picking_buffer = {24: 187.09201730523668}]
2026-07-12 14:08:51 DEBUG:    EVENT NUM 498   current_time = 00:03:07   START_PICKING         [queue size = 111]
2026-07-12 14:08:51 DEBUG: Processing task 24 at workstation 2: picking items {3181, 6533} for orders {65, 85}
2026-07-12 14:08:51 DEBUG:    EVENT NUM 499   current_time = 00:03:08   RELEASE_TASK          [queue size = 111]
2026-07-12 14:08:51 DEBUG: Task 115 released: pod 33 required by workstation(s) [6].  [released tasks = 53]
2026-07-12 14:08:51 DEBUG:    EVENT NUM 500   current_time = 00:03:09   ARRIVAL_POD_WST       [queue size = 110]
2026-07-12 14:08:51 DEBUG: Pod 616 arrived at workstation 9 - status = IDLE
2026-07-12 14:08:51 DEBUG: Pod queued at workstation.    [picking_buffer = {72: 189.02050242968787}]
2026-07-12 14:08:51 DEBUG:    EVENT NUM 501   current_time = 00:03:09   START_PICKING         [queue size = 110]
2026-07-12 14:08:51 DEBUG: Processing task 72 at workstation 9: picking items {13250, 8901} for orders {17, 45}
2026-07-12 14:08:51 DEBUG:    EVENT NUM 502   current_time = 00:03:09   END_PICKING           [queue size = 110]
2026-07-12 14:08:51 DEBUG: Ended picking at workstation 0.    [picking_buffer len = {}]
2026-07-12 14:08:51 DEBUG: Task should have served orders {48}, found open orders {77, 78, 14, 48}.
2026-07-12 14:08:51 DEBUG: Task 34 heading to workstation 0.
2026-07-12 14:08:51 DEBUG:    EVENT NUM 503   current_time = 00:03:09   CLOSE_ORDER           [queue size = 111]
2026-07-12 14:08:51 DEBUG: Order 48 closed at workstation 0: flow_time = 189.4 s.     [order_buffer = 7] [open_orders = 3/4]
2026-07-12 14:08:51 DEBUG: Next order in buffer: 15
2026-07-12 14:08:51 DEBUG:    EVENT NUM 504   current_time = 00:03:09   ARRIVAL_POD_WST       [queue size = 111]
2026-07-12 14:08:51 DEBUG: Pod 183 arrived at workstation 0 - status = IDLE
2026-07-12 14:08:51 DEBUG: Pod queued at workstation.    [picking_buffer = {34: 189.4041572366242}]
2026-07-12 14:08:51 DEBUG:    EVENT NUM 505   current_time = 00:03:09   OPEN_ORDER            [queue size = 111]
2026-07-12 14:08:51 DEBUG: Order 15 (skus required = {8279}) opened at workstation 0.   [open_orders = 4/4]
2026-07-12 14:08:51 DEBUG:    EVENT NUM 506   current_time = 00:03:09   START_PICKING         [queue size = 112]
2026-07-12 14:08:51 DEBUG: Processing task 34 at workstation 0: picking items {10388} for orders {14}
2026-07-12 14:08:51 DEBUG:    EVENT NUM 507   current_time = 00:03:09   START_TASK            [queue size = 112]
2026-07-12 14:08:51 DEBUG: Task 44 blocked: no idle robots.
2026-07-12 14:08:51 DEBUG:    EVENT NUM 508   current_time = 00:03:09   START_PICKING         [queue size = 111]
2026-07-12 14:08:51 DEBUG:    EVENT NUM 509   current_time = 00:03:10   ARRIVAL_ORDER         [queue size = 110]
2026-07-12 14:08:51 DEBUG: Order 118 arrived: items_required = [6131].     [orders_in_system = 101]
2026-07-12 14:08:51 DEBUG:    EVENT NUM 510   current_time = 00:03:10   RELEASE_TASK          [queue size = 110]
2026-07-12 14:08:51 DEBUG: Task 116 released: pod 710 required by workstation(s) [9].  [released tasks = 54]
2026-07-12 14:08:51 DEBUG:    EVENT NUM 511   current_time = 00:03:11   RELEASE_TASK          [queue size = 109]
2026-07-12 14:08:51 DEBUG: Task 117 released: pod 198 required by workstation(s) [5].  [released tasks = 55]
2026-07-12 14:08:51 DEBUG:    EVENT NUM 512   current_time = 00:03:13   RELEASE_TASK          [queue size = 108]
2026-07-12 14:08:51 DEBUG: Task 118 released: pod 521 required by workstation(s) [8].  [released tasks = 56]
2026-07-12 14:08:51 DEBUG:    EVENT NUM 513   current_time = 00:03:15   RELEASE_TASK          [queue size = 107]
2026-07-12 14:08:51 DEBUG: Task 119 released: pod 195 required by workstation(s) [6].  [released tasks = 57]
2026-07-12 14:08:51 DEBUG:    EVENT NUM 514   current_time = 00:03:15   ARRIVAL_POD_WST       [queue size = 106]
2026-07-12 14:08:51 DEBUG: Pod 391 arrived at workstation 1 - status = IDLE
2026-07-12 14:08:51 DEBUG: Pod queued at workstation.    [picking_buffer = {47: 195.13490017720272}]
2026-07-12 14:08:51 DEBUG:    EVENT NUM 515   current_time = 00:03:15   START_PICKING         [queue size = 106]
2026-07-12 14:08:51 DEBUG: Processing task 47 at workstation 1: picking items {11889} for orders {35}
2026-07-12 14:08:51 DEBUG:    EVENT NUM 516   current_time = 00:03:16   ARRIVAL_POD_WST       [queue size = 106]
2026-07-12 14:08:51 DEBUG: Pod 481 arrived at workstation 0 - status = BUSY
2026-07-12 14:08:51 DEBUG: Pod queued at workstation.    [picking_buffer = {32: 196.18972062970994}]
2026-07-12 14:08:51 DEBUG:    EVENT NUM 517   current_time = 00:03:16   RELEASE_TASK          [queue size = 105]
2026-07-12 14:08:51 DEBUG: Task 120 released: pod 283 required by workstation(s) [5].  [released tasks = 58]
2026-07-12 14:08:51 DEBUG:    EVENT NUM 518   current_time = 00:03:18   RELEASE_TASK          [queue size = 104]
2026-07-12 14:08:51 DEBUG: Task 121 released: pod 516 required by workstation(s) [8].  [released tasks = 59]
2026-07-12 14:08:51 DEBUG:    EVENT NUM 519   current_time = 00:03:19   END_PICKING           [queue size = 103]
2026-07-12 14:08:51 DEBUG: Ended picking at workstation 0.    [picking_buffer len = {32: 196.18972062970994}]
2026-07-12 14:08:51 DEBUG: Task should have served orders {14}, found open orders {77, 78, 14, 15}.
2026-07-12 14:08:51 DEBUG: Task 34 completed: pod 183 returning to storage.
2026-07-12 14:08:51 DEBUG:    EVENT NUM 520   current_time = 00:03:19   CLOSE_ORDER           [queue size = 105]
2026-07-12 14:08:51 DEBUG: Order 14 closed at workstation 0: flow_time = 199.4 s.     [order_buffer = 6] [open_orders = 3/4]
2026-07-12 14:08:51 DEBUG: Next order in buffer: 30
2026-07-12 14:08:51 DEBUG:    EVENT NUM 521   current_time = 00:03:19   START_PICKING         [queue size = 105]
2026-07-12 14:08:51 DEBUG: Processing task 32 at workstation 0: picking items {6166} for orders {78}
2026-07-12 14:08:51 DEBUG:    EVENT NUM 522   current_time = 00:03:19   OPEN_ORDER            [queue size = 105]
2026-07-12 14:08:51 DEBUG: Order 30 (skus required = {7510}) opened at workstation 0.   [open_orders = 4/4]
2026-07-12 14:08:51 DEBUG:    EVENT NUM 523   current_time = 00:03:19   START_TASK            [queue size = 105]
2026-07-12 14:08:51 DEBUG: Task 44 blocked: no idle robots.
2026-07-12 14:08:51 DEBUG:    EVENT NUM 524   current_time = 00:03:19   RELEASE_TASK          [queue size = 104]
2026-07-12 14:08:51 DEBUG: Task 122 released: pod 670 required by workstation(s) [9].  [released tasks = 60]
2026-07-12 14:08:51 DEBUG:    EVENT NUM 525   current_time = 00:03:20   ARRIVAL_ORDER         [queue size = 103]
2026-07-12 14:08:51 DEBUG: Order 119 arrived: items_required = [12055, 5879].     [orders_in_system = 101]
2026-07-12 14:08:51 DEBUG:    EVENT NUM 526   current_time = 00:03:21   RELEASE_TASK          [queue size = 103]
2026-07-12 14:08:51 DEBUG: Task 123 released: pod 411 required by workstation(s) [9].  [released tasks = 61]
2026-07-12 14:08:51 DEBUG:    EVENT NUM 527   current_time = 00:03:22   END_PICKING           [queue size = 102]
2026-07-12 14:08:51 DEBUG: Ended picking at workstation 2.    [picking_buffer len = {}]
2026-07-12 14:08:51 DEBUG: Task should have served orders {65, 85}, found open orders {65, 85, 88, 27}.
2026-07-12 14:08:51 DEBUG: Task 24 completed: pod 353 returning to storage.
2026-07-12 14:08:51 DEBUG:    EVENT NUM 528   current_time = 00:03:22   CLOSE_ORDER           [queue size = 103]
2026-07-12 14:08:51 DEBUG: Order 65 closed at workstation 2: flow_time = 202.1 s.     [order_buffer = 2] [open_orders = 3/4]
2026-07-12 14:08:51 DEBUG: Next order in buffer: 24
2026-07-12 14:08:51 DEBUG:    EVENT NUM 529   current_time = 00:03:22   OPEN_ORDER            [queue size = 103]
2026-07-12 14:08:51 DEBUG: Order 24 (skus required = {7156}) opened at workstation 2.   [open_orders = 4/4]
2026-07-12 14:08:51 DEBUG:    EVENT NUM 530   current_time = 00:03:22   START_TASK            [queue size = 103]
2026-07-12 14:08:51 DEBUG: Task 44 blocked: no idle robots.
2026-07-12 14:08:51 DEBUG:    EVENT NUM 531   current_time = 00:03:23   RETURN_POD            [queue size = 102]
2026-07-12 14:08:51 DEBUG: Pod 644 returned. Robot 8 idle.   [idle robots = 1/40, released tasks = 61]
2026-07-12 14:08:51 DEBUG:    EVENT NUM 532   current_time = 00:03:23   START_TASK            [queue size = 102]
2026-07-12 14:08:51 DEBUG: Task 44 started: robot 8 → pod 181 → workstation 0 for orders {30} (arrival = 336.9 s).   [idle robots = 0/40]
2026-07-12 14:08:51 DEBUG:    EVENT NUM 533   current_time = 00:03:23   RELEASE_TASK          [queue size = 102]
2026-07-12 14:08:51 DEBUG: Task 124 released: pod 703 required by workstation(s) [8].  [released tasks = 61]
2026-07-12 14:08:51 DEBUG:    EVENT NUM 534   current_time = 00:03:23   RETURN_POD            [queue size = 101]
2026-07-12 14:08:51 DEBUG: Pod 306 returned. Robot 24 idle.   [idle robots = 1/40, released tasks = 61]
2026-07-12 14:08:51 DEBUG:    EVENT NUM 535   current_time = 00:03:23   START_TASK            [queue size = 101]
2026-07-12 14:08:51 DEBUG: Task 49 started: robot 24 → pod 545 → workstation 0 for orders {18} (arrival = 267.8 s).   [idle robots = 0/40]
2026-07-12 14:08:51 DEBUG:    EVENT NUM 536   current_time = 00:03:24   END_PICKING           [queue size = 101]
2026-07-12 14:08:51 DEBUG: Ended picking at workstation 9.    [picking_buffer len = {}]
2026-07-12 14:08:51 DEBUG: Task should have served orders {17, 45}, found open orders {39, 45, 47, 17}.
2026-07-12 14:08:51 DEBUG: Task 72 completed: pod 616 returning to storage.
2026-07-12 14:08:51 DEBUG:    EVENT NUM 537   current_time = 00:03:24   ARRIVAL_POD_WST       [queue size = 101]
2026-07-12 14:08:51 DEBUG: Pod 195 arrived at workstation 2 - status = IDLE
2026-07-12 14:08:51 DEBUG: Pod queued at workstation.    [picking_buffer = {48: 204.4102193254241}]
2026-07-12 14:08:51 DEBUG:    EVENT NUM 538   current_time = 00:03:24   START_PICKING         [queue size = 101]
2026-07-12 14:08:51 DEBUG: Processing task 48 at workstation 2: picking items {6947} for orders {27}
2026-07-12 14:08:51 DEBUG:    EVENT NUM 539   current_time = 00:03:24   RELEASE_TASK          [queue size = 101]
2026-07-12 14:08:51 DEBUG: Task 125 released: pod 317 required by workstation(s) [9].  [released tasks = 61]
2026-07-12 14:08:51 DEBUG:    EVENT NUM 540   current_time = 00:03:25   END_PICKING           [queue size = 100]
2026-07-12 14:08:51 DEBUG: Ended picking at workstation 1.    [picking_buffer len = {}]
2026-07-12 14:08:51 DEBUG: Task should have served orders {35}, found open orders {64, 35, 12, 22}.
2026-07-12 14:08:51 DEBUG: Task 47 completed: pod 391 returning to storage.
2026-07-12 14:08:51 DEBUG:    EVENT NUM 541   current_time = 00:03:25   ARRIVAL_POD_WST       [queue size = 100]
2026-07-12 14:08:51 DEBUG: Pod 232 arrived at workstation 1 - status = IDLE
2026-07-12 14:08:51 DEBUG: Pod queued at workstation.    [picking_buffer = {23: 205.25597404244434}]
2026-07-12 14:08:51 DEBUG:    EVENT NUM 542   current_time = 00:03:25   START_PICKING         [queue size = 100]
2026-07-12 14:08:51 DEBUG: Processing task 23 at workstation 1: picking items {6177, 9100} for orders {35, 12}
2026-07-12 14:08:51 DEBUG:    EVENT NUM 543   current_time = 00:03:26   RELEASE_TASK          [queue size = 100]
2026-07-12 14:08:51 DEBUG: Task 126 released: pod 468 required by workstation(s) [8, 8].  [released tasks = 62]
2026-07-12 14:08:51 DEBUG:    EVENT NUM 544   current_time = 00:03:27   RETURN_POD            [queue size = 99]
2026-07-12 14:08:51 DEBUG: Pod 630 returned. Robot 25 idle.   [idle robots = 1/40, released tasks = 62]
2026-07-12 14:08:51 DEBUG:    EVENT NUM 545   current_time = 00:03:27   START_TASK            [queue size = 99]
2026-07-12 14:08:51 DEBUG: Task 53 blocked: no orders in {0: [87]} is open yet.  [released tasks = 61]
2026-07-12 14:08:51 DEBUG: Task 54 blocked: no orders in {0: [52]} is open yet.  [released tasks = 60]
2026-07-12 14:08:51 DEBUG: Task 55 blocked: no orders in {0: [46]} is open yet.  [released tasks = 59]
2026-07-12 14:08:51 DEBUG: Task 57 blocked: no orders in {1: [19]} is open yet.  [released tasks = 58]
2026-07-12 14:08:51 DEBUG: Task 58 started: robot 25 → pod 850 → workstation 2 for orders {73} (arrival = 220.7 s).   [idle robots = 0/40]
2026-07-12 14:08:51 DEBUG:    EVENT NUM 546   current_time = 00:03:28   RELEASE_TASK          [queue size = 99]
2026-07-12 14:08:51 DEBUG: Task 127 released: pod 461 required by workstation(s) [9].  [released tasks = 62]
2026-07-12 14:08:51 DEBUG:    EVENT NUM 547   current_time = 00:03:29   END_PICKING           [queue size = 98]
2026-07-12 14:08:51 DEBUG: Ended picking at workstation 0.    [picking_buffer len = {}]
2026-07-12 14:08:51 DEBUG: Task should have served orders {78}, found open orders {77, 78, 15, 30}.
2026-07-12 14:08:51 DEBUG: Task 32 completed: pod 481 returning to storage.
2026-07-12 14:08:51 DEBUG:    EVENT NUM 548   current_time = 00:03:29   CLOSE_ORDER           [queue size = 99]
2026-07-12 14:08:51 DEBUG: Order 78 closed at workstation 0: flow_time = 209.4 s.     [order_buffer = 5] [open_orders = 3/4]
2026-07-12 14:08:51 DEBUG: Next order in buffer: 18
2026-07-12 14:08:51 DEBUG:    EVENT NUM 549   current_time = 00:03:29   OPEN_ORDER            [queue size = 99]
2026-07-12 14:08:51 DEBUG: Order 18 (skus required = {3669}) opened at workstation 0.   [open_orders = 4/4]
2026-07-12 14:08:51 DEBUG:    EVENT NUM 550   current_time = 00:03:29   START_TASK            [queue size = 99]
2026-07-12 14:08:51 DEBUG: Task 53 blocked: no idle robots.
2026-07-12 14:08:51 DEBUG:    EVENT NUM 551   current_time = 00:03:29   RELEASE_TASK          [queue size = 98]
2026-07-12 14:08:51 DEBUG: Task 128 released: pod 162 required by workstation(s) [9].  [released tasks = 63]
2026-07-12 14:08:51 DEBUG:    EVENT NUM 552   current_time = 00:03:30   ARRIVAL_ORDER         [queue size = 97]
2026-07-12 14:08:51 DEBUG: Order 120 arrived: items_required = [7315, 8504, 8858, 5868].     [orders_in_system = 100]
2026-07-12 14:08:51 DEBUG:    EVENT NUM 553   current_time = 00:03:31   RELEASE_TASK          [queue size = 97]
2026-07-12 14:08:51 DEBUG: Task 129 released: pod 342 required by workstation(s) [9].  [released tasks = 64]
2026-07-12 14:08:51 DEBUG:    EVENT NUM 554   current_time = 00:03:32   RELEASE_TASK          [queue size = 96]
2026-07-12 14:08:51 DEBUG: Task 130 released: pod 784 required by workstation(s) [8].  [released tasks = 65]
2026-07-12 14:08:51 DEBUG:    EVENT NUM 555   current_time = 00:03:33   ARRIVAL_POD_WST       [queue size = 95]
2026-07-12 14:08:51 DEBUG: Pod 12 arrived at workstation 4 - status = IDLE
2026-07-12 14:08:51 DEBUG: Pod queued at workstation.    [picking_buffer = {63: 213.82036827054475}]
2026-07-12 14:08:51 DEBUG:    EVENT NUM 556   current_time = 00:03:33   START_PICKING         [queue size = 95]
2026-07-12 14:08:51 DEBUG: Processing task 63 at workstation 4: picking items {1248} for orders {95}
2026-07-12 14:08:51 DEBUG:    EVENT NUM 557   current_time = 00:03:34   END_PICKING           [queue size = 95]
2026-07-12 14:08:51 DEBUG: Ended picking at workstation 2.    [picking_buffer len = {}]
2026-07-12 14:08:51 DEBUG: Task should have served orders {27}, found open orders {85, 88, 24, 27}.
2026-07-12 14:08:51 DEBUG: Task 48 heading to workstation 2.
2026-07-12 14:08:51 DEBUG:    EVENT NUM 558   current_time = 00:03:34   ARRIVAL_POD_WST       [queue size = 95]
2026-07-12 14:08:51 DEBUG: Pod 195 arrived at workstation 2 - status = IDLE
2026-07-12 14:08:51 DEBUG: Pod queued at workstation.    [picking_buffer = {48: 214.4102193254241}]
2026-07-12 14:08:51 DEBUG:    EVENT NUM 559   current_time = 00:03:34   START_PICKING         [queue size = 95]
2026-07-12 14:08:51 DEBUG: Processing task 48 at workstation 2: picking items {4949} for orders {88}
2026-07-12 14:08:51 DEBUG:    EVENT NUM 560   current_time = 00:03:34   RELEASE_TASK          [queue size = 95]
2026-07-12 14:08:51 DEBUG: Task 131 released: pod 66 required by workstation(s) [8, 8].  [released tasks = 66]
2026-07-12 14:08:51 DEBUG:    EVENT NUM 561   current_time = 00:03:36   RELEASE_TASK          [queue size = 94]
2026-07-12 14:08:51 DEBUG: Task 132 released: pod 296 required by workstation(s) [9, 9].  [released tasks = 67]
2026-07-12 14:08:51 DEBUG:    EVENT NUM 562   current_time = 00:03:37   RELEASE_TASK          [queue size = 93]
2026-07-12 14:08:51 DEBUG: Task 133 released: pod 840 required by workstation(s) [8].  [released tasks = 68]
2026-07-12 14:08:51 DEBUG:    EVENT NUM 563   current_time = 00:03:38   ARRIVAL_POD_WST       [queue size = 92]
2026-07-12 14:08:51 DEBUG: Pod 853 arrived at workstation 8 - status = IDLE
2026-07-12 14:08:51 DEBUG: Pod queued at workstation.    [picking_buffer = {77: 218.23125257489832}]
2026-07-12 14:08:51 DEBUG:    EVENT NUM 564   current_time = 00:03:38   START_PICKING         [queue size = 92]
2026-07-12 14:08:51 DEBUG: Processing task 77 at workstation 8: picking items {11602} for orders {20}
2026-07-12 14:08:51 DEBUG:    EVENT NUM 565   current_time = 00:03:39   RELEASE_TASK          [queue size = 92]
2026-07-12 14:08:51 DEBUG: Task 134 released: pod 359 required by workstation(s) [9].  [released tasks = 69]
2026-07-12 14:08:51 DEBUG:    EVENT NUM 566   current_time = 00:03:40   ARRIVAL_ORDER         [queue size = 91]
2026-07-12 14:08:51 DEBUG: Order 121 arrived: items_required = [8970, 7181].     [orders_in_system = 101]
2026-07-12 14:08:51 DEBUG:    EVENT NUM 567   current_time = 00:03:40   END_PICKING           [queue size = 91]
2026-07-12 14:08:51 DEBUG: Ended picking at workstation 1.    [picking_buffer len = {}]
2026-07-12 14:08:51 DEBUG: Task should have served orders {35, 12}, found open orders {64, 35, 12, 22}.
2026-07-12 14:08:51 DEBUG: Task 23 completed: pod 232 returning to storage.
2026-07-12 14:08:51 DEBUG:    EVENT NUM 568   current_time = 00:03:40   CLOSE_ORDER           [queue size = 93]
2026-07-12 14:08:51 DEBUG: Order 35 closed at workstation 1: flow_time = 220.3 s.     [order_buffer = 4] [open_orders = 3/4]
2026-07-12 14:08:51 DEBUG: Next order in buffer: 36
2026-07-12 14:08:51 DEBUG:    EVENT NUM 569   current_time = 00:03:40   CLOSE_ORDER           [queue size = 93]
2026-07-12 14:08:51 DEBUG: Order 12 closed at workstation 1: flow_time = 220.3 s.     [order_buffer = 3] [open_orders = 2/4]
2026-07-12 14:08:51 DEBUG: Next order in buffer: 19
2026-07-12 14:08:51 DEBUG:    EVENT NUM 570   current_time = 00:03:40   OPEN_ORDER            [queue size = 93]
2026-07-12 14:08:51 DEBUG: Order 36 (skus required = {5920}) opened at workstation 1.   [open_orders = 3/4]
2026-07-12 14:08:51 DEBUG:    EVENT NUM 571   current_time = 00:03:40   OPEN_ORDER            [queue size = 93]
2026-07-12 14:08:51 DEBUG: Order 19 (skus required = {4411}) opened at workstation 1.   [open_orders = 4/4]
2026-07-12 14:08:51 DEBUG:    EVENT NUM 572   current_time = 00:03:40   START_TASK            [queue size = 93]
2026-07-12 14:08:51 DEBUG: Task 53 blocked: no idle robots.
2026-07-12 14:08:51 DEBUG:    EVENT NUM 573   current_time = 00:03:40   START_TASK            [queue size = 92]
2026-07-12 14:08:51 DEBUG: Task 53 blocked: no idle robots.
2026-07-12 14:08:51 DEBUG:    EVENT NUM 574   current_time = 00:03:40   RETURN_POD            [queue size = 91]
2026-07-12 14:08:51 DEBUG: Pod 576 returned. Robot 39 idle.   [idle robots = 1/40, released tasks = 69]
2026-07-12 14:08:51 DEBUG:    EVENT NUM 575   current_time = 00:03:40   START_TASK            [queue size = 91]
2026-07-12 14:08:51 DEBUG: Task 53 started: robot 39 → pod 753 → workstation 0 for orders {87} (arrival = 276.5 s).   [idle robots = 0/40]
2026-07-12 14:08:51 DEBUG:    EVENT NUM 576   current_time = 00:03:40   ARRIVAL_POD_WST       [queue size = 91]
2026-07-12 14:08:51 DEBUG: Pod 850 arrived at workstation 2 - status = BUSY
2026-07-12 14:08:51 DEBUG: Pod queued at workstation.    [picking_buffer = {58: 220.65598808552994}]
2026-07-12 14:08:51 DEBUG:    EVENT NUM 577   current_time = 00:03:41   RETURN_POD            [queue size = 90]
2026-07-12 14:08:51 DEBUG: Pod 544 returned. Robot 2 idle.   [idle robots = 1/40, released tasks = 68]
2026-07-12 14:08:51 DEBUG:    EVENT NUM 578   current_time = 00:03:41   START_TASK            [queue size = 90]
2026-07-12 14:08:51 DEBUG: Task 54 blocked: no orders in {0: [52]} is open yet.  [released tasks = 67]
2026-07-12 14:08:51 DEBUG: Task 55 blocked: no orders in {0: [46]} is open yet.  [released tasks = 66]
2026-07-12 14:08:51 DEBUG: Task 57 started: robot 2 → pod 786 → workstation 1 for orders {19} (arrival = 260.8 s).   [idle robots = 0/40]
2026-07-12 14:08:51 DEBUG:    EVENT NUM 579   current_time = 00:03:41   RELEASE_TASK          [queue size = 90]
2026-07-12 14:08:51 DEBUG: Task 135 released: pod 499 required by workstation(s) [9].  [released tasks = 68]
2026-07-12 14:08:51 DEBUG:    EVENT NUM 580   current_time = 00:03:42   RELEASE_TASK          [queue size = 89]
2026-07-12 14:08:51 DEBUG: Task 136 released: pod 559 required by workstation(s) [9].  [released tasks = 69]
2026-07-12 14:08:51 DEBUG:    EVENT NUM 581   current_time = 00:03:43   END_PICKING           [queue size = 88]
2026-07-12 14:08:51 DEBUG: Ended picking at workstation 4.    [picking_buffer len = {}]
2026-07-12 14:08:51 DEBUG: Task should have served orders {95}, found open orders {80, 57, 62, 95}.
2026-07-12 14:08:51 DEBUG: Task 63 completed: pod 12 returning to storage.
2026-07-12 14:08:51 DEBUG:    EVENT NUM 582   current_time = 00:03:43   CLOSE_ORDER           [queue size = 89]
2026-07-12 14:08:51 DEBUG: Order 95 closed at workstation 4: flow_time = 223.8 s.     [order_buffer = 2] [open_orders = 3/4]
2026-07-12 14:08:51 DEBUG: Next order in buffer: 31
2026-07-12 14:08:51 DEBUG:    EVENT NUM 583   current_time = 00:03:43   OPEN_ORDER            [queue size = 89]
2026-07-12 14:08:51 DEBUG: Order 31 (skus required = {6524, 9541}) opened at workstation 4.   [open_orders = 4/4]
2026-07-12 14:08:51 DEBUG:    EVENT NUM 584   current_time = 00:03:43   START_TASK            [queue size = 89]
2026-07-12 14:08:51 DEBUG: Task 54 blocked: no orders in {0: [52]} is open yet.  [released tasks = 68]
2026-07-12 14:08:51 DEBUG: Task 55 blocked: no orders in {0: [46]} is open yet.  [released tasks = 67]
2026-07-12 14:08:51 DEBUG: Task 59 blocked: no idle robots.
2026-07-12 14:08:51 DEBUG:    EVENT NUM 585   current_time = 00:03:44   RELEASE_TASK          [queue size = 88]
2026-07-12 14:08:51 DEBUG: Task 137 released: pod 793 required by workstation(s) [8].  [released tasks = 70]
2026-07-12 14:08:51 DEBUG:    EVENT NUM 586   current_time = 00:03:44   END_PICKING           [queue size = 87]
2026-07-12 14:08:51 DEBUG: Ended picking at workstation 2.    [picking_buffer len = {58: 220.65598808552994}]
2026-07-12 14:08:51 DEBUG: Task should have served orders {88}, found open orders {85, 88, 24, 27}.
2026-07-12 14:08:51 DEBUG: Task 48 completed: pod 195 returning to storage.
2026-07-12 14:08:51 DEBUG:    EVENT NUM 587   current_time = 00:03:44   CLOSE_ORDER           [queue size = 89]
2026-07-12 14:08:51 DEBUG: Order 88 closed at workstation 2: flow_time = 224.4 s.     [order_buffer = 1] [open_orders = 3/4]
2026-07-12 14:08:51 DEBUG: Next order in buffer: 73
2026-07-12 14:08:51 DEBUG:    EVENT NUM 588   current_time = 00:03:44   START_PICKING         [queue size = 89]
2026-07-12 14:08:51 DEBUG: start_picking: WS 2 has no actionable task in buffer.
2026-07-12 14:08:51 DEBUG:    EVENT NUM 589   current_time = 00:03:44   OPEN_ORDER            [queue size = 88]
2026-07-12 14:08:51 DEBUG: Order 73 (skus required = {8193, 4604, 6514, 6518, 8892}) opened at workstation 2.   [open_orders = 4/4]
2026-07-12 14:08:51 DEBUG:    EVENT NUM 590   current_time = 00:03:44   START_TASK            [queue size = 89]
2026-07-12 14:08:51 DEBUG: Task 54 blocked: no orders in {0: [52]} is open yet.  [released tasks = 69]
2026-07-12 14:08:51 DEBUG: Task 55 blocked: no orders in {0: [46]} is open yet.  [released tasks = 68]
2026-07-12 14:08:51 DEBUG: Task 59 blocked: no idle robots.
2026-07-12 14:08:51 DEBUG:    EVENT NUM 591   current_time = 00:03:44   START_PICKING         [queue size = 88]
2026-07-12 14:08:51 DEBUG: Processing task 58 at workstation 2: picking items {8193} for orders {73}
2026-07-12 14:08:51 DEBUG:    EVENT NUM 592   current_time = 00:03:45   ARRIVAL_POD_WST       [queue size = 88]
2026-07-12 14:08:51 DEBUG: Pod 781 arrived at workstation 0 - status = IDLE
2026-07-12 14:08:51 DEBUG: Pod queued at workstation.    [picking_buffer = {41: 225.0260144404175}]
2026-07-12 14:08:51 DEBUG:    EVENT NUM 593   current_time = 00:03:45   START_PICKING         [queue size = 88]
2026-07-12 14:08:51 DEBUG: Processing task 41 at workstation 0: picking items {12394} for orders {77}
2026-07-12 14:08:51 DEBUG:    EVENT NUM 594   current_time = 00:03:46   RELEASE_TASK          [queue size = 88]
2026-07-12 14:08:51 DEBUG: Task 138 released: pod 142 required by workstation(s) [11].  [released tasks = 71]
2026-07-12 14:08:51 DEBUG:    EVENT NUM 595   current_time = 00:03:47   RELEASE_TASK          [queue size = 87]
2026-07-12 14:08:51 DEBUG: Task 139 released: pod 853 required by workstation(s) [8].  [released tasks = 72]
2026-07-12 14:08:51 DEBUG:    EVENT NUM 596   current_time = 00:03:48   END_PICKING           [queue size = 86]
2026-07-12 14:08:51 DEBUG: Ended picking at workstation 8.    [picking_buffer len = {}]
2026-07-12 14:08:51 DEBUG: Task should have served orders {20}, found open orders {1, 68, 79, 20}.
2026-07-12 14:08:51 DEBUG: Task 77 completed: pod 853 returning to storage.
2026-07-12 14:08:51 DEBUG:    EVENT NUM 597   current_time = 00:03:49   ARRIVAL_POD_WST       [queue size = 86]
2026-07-12 14:08:51 DEBUG: Pod 15 arrived at workstation 4 - status = IDLE
2026-07-12 14:08:51 DEBUG: Pod queued at workstation.    [picking_buffer = {67: 229.17112720284592}]
2026-07-12 14:08:51 DEBUG:    EVENT NUM 598   current_time = 00:03:49   START_PICKING         [queue size = 86]
2026-07-12 14:08:51 DEBUG: Processing task 67 at workstation 4: picking items {4944} for orders {62}
2026-07-12 14:08:51 DEBUG:    EVENT NUM 599   current_time = 00:03:49   RELEASE_TASK          [queue size = 86]
2026-07-12 14:08:51 DEBUG: Task 140 released: pod 252 required by workstation(s) [7].  [released tasks = 73]
2026-07-12 14:08:51 DEBUG:    EVENT NUM 600   current_time = 00:03:50   ARRIVAL_ORDER         [queue size = 85]
2026-07-12 14:08:51 DEBUG: Order 122 arrived: items_required = [7607, 3336, 10655].     [orders_in_system = 98]
2026-07-12 14:08:51 DEBUG:    EVENT NUM 601   current_time = 00:03:50   ARRIVAL_POD_WST       [queue size = 85]
2026-07-12 14:08:51 DEBUG: Pod 604 arrived at workstation 0 - status = BUSY
2026-07-12 14:08:51 DEBUG: Pod queued at workstation.    [picking_buffer = {42: 230.58872271380076}]
2026-07-12 14:08:51 DEBUG:    EVENT NUM 602   current_time = 00:03:50   RELEASE_TASK          [queue size = 84]
2026-07-12 14:08:51 DEBUG: Task 141 released: pod 686 required by workstation(s) [9].  [released tasks = 74]
2026-07-12 14:08:51 DEBUG:    EVENT NUM 603   current_time = 00:03:52   ARRIVAL_POD_WST       [queue size = 83]
2026-07-12 14:08:51 DEBUG: Pod 272 arrived at workstation 1 - status = IDLE
2026-07-12 14:08:51 DEBUG: Pod queued at workstation.    [picking_buffer = {61: 232.36421764092904}]
2026-07-12 14:08:51 DEBUG:    EVENT NUM 604   current_time = 00:03:52   START_PICKING         [queue size = 83]
2026-07-12 14:08:51 DEBUG: Processing task 61 at workstation 1: picking items {1597} for orders {64}
2026-07-12 14:08:51 DEBUG:    EVENT NUM 605   current_time = 00:03:52   RELEASE_TASK          [queue size = 83]
2026-07-12 14:08:51 DEBUG: Task 142 released: pod 712 required by workstation(s) [8].  [released tasks = 75]
2026-07-12 14:08:51 DEBUG:    EVENT NUM 606   current_time = 00:03:54   RELEASE_TASK          [queue size = 82]
2026-07-12 14:08:51 DEBUG: Task 143 released: pod 772 required by workstation(s) [11].  [released tasks = 76]
2026-07-12 14:08:51 DEBUG:    EVENT NUM 607   current_time = 00:03:54   END_PICKING           [queue size = 81]
2026-07-12 14:08:51 DEBUG: Ended picking at workstation 2.    [picking_buffer len = {}]
2026-07-12 14:08:51 DEBUG: Task should have served orders {73}, found open orders {73, 85, 24, 27}.
2026-07-12 14:08:51 DEBUG: Task 58 completed: pod 850 returning to storage.
2026-07-12 14:08:51 DEBUG:    EVENT NUM 608   current_time = 00:03:55   END_PICKING           [queue size = 81]
2026-07-12 14:08:51 DEBUG: Ended picking at workstation 0.    [picking_buffer len = {42: 230.58872271380076}]
2026-07-12 14:08:51 DEBUG: Task should have served orders {77}, found open orders {77, 15, 18, 30}.
2026-07-12 14:08:51 DEBUG: Task 41 completed: pod 781 returning to storage.
2026-07-12 14:08:51 DEBUG:    EVENT NUM 609   current_time = 00:03:55   CLOSE_ORDER           [queue size = 83]
2026-07-12 14:08:51 DEBUG: Order 77 closed at workstation 0: flow_time = 235.0 s.     [order_buffer = 4] [open_orders = 3/4]
2026-07-12 14:08:51 DEBUG: Next order in buffer: 87
2026-07-12 14:08:51 DEBUG:    EVENT NUM 610   current_time = 00:03:55   START_PICKING         [queue size = 83]
2026-07-12 14:08:51 DEBUG: Processing task 42 at workstation 0: picking items {8279} for orders {15}
2026-07-12 14:08:51 DEBUG:    EVENT NUM 611   current_time = 00:03:55   OPEN_ORDER            [queue size = 83]
2026-07-12 14:08:51 DEBUG: Order 87 (skus required = {8944}) opened at workstation 0.   [open_orders = 4/4]
2026-07-12 14:08:51 DEBUG:    EVENT NUM 612   current_time = 00:03:55   START_TASK            [queue size = 83]
2026-07-12 14:08:51 DEBUG: Task 54 blocked: no idle robots.
2026-07-12 14:08:51 DEBUG:    EVENT NUM 613   current_time = 00:03:55   RELEASE_TASK          [queue size = 82]
2026-07-12 14:08:51 DEBUG: Task 144 released: pod 375 required by workstation(s) [8].  [released tasks = 77]
2026-07-12 14:08:51 DEBUG:    EVENT NUM 614   current_time = 00:03:56   ARRIVAL_POD_WST       [queue size = 81]
2026-07-12 14:08:51 DEBUG: Pod 809 arrived at workstation 2 - status = IDLE
2026-07-12 14:08:51 DEBUG: Pod queued at workstation.    [picking_buffer = {50: 236.28288013060046}]
2026-07-12 14:08:51 DEBUG:    EVENT NUM 615   current_time = 00:03:56   START_PICKING         [queue size = 81]
2026-07-12 14:08:51 DEBUG: Processing task 50 at workstation 2: picking items {4651} for orders {85}
2026-07-12 14:08:51 DEBUG:    EVENT NUM 616   current_time = 00:03:56   RETURN_POD            [queue size = 81]
2026-07-12 14:08:51 DEBUG: Pod 791 returned. Robot 14 idle.   [idle robots = 1/40, released tasks = 77]
2026-07-12 14:08:51 DEBUG:    EVENT NUM 617   current_time = 00:03:56   START_TASK            [queue size = 81]
2026-07-12 14:08:51 DEBUG: Task 54 started: robot 14 → pod 782 → workstation 0 for orders {52} (arrival = 290.3 s).   [idle robots = 0/40]
2026-07-12 14:08:51 DEBUG:    EVENT NUM 618   current_time = 00:03:57   RELEASE_TASK          [queue size = 81]
2026-07-12 14:08:51 DEBUG: Task 145 released: pod 659 required by workstation(s) [11].  [released tasks = 77]
2026-07-12 14:08:51 DEBUG:    EVENT NUM 619   current_time = 00:03:59   RELEASE_TASK          [queue size = 80]
2026-07-12 14:08:51 DEBUG: Task 146 released: pod 87 required by workstation(s) [11].  [released tasks = 78]
2026-07-12 14:08:51 DEBUG:    EVENT NUM 620   current_time = 00:03:59   END_PICKING           [queue size = 79]
2026-07-12 14:08:51 DEBUG: Ended picking at workstation 4.    [picking_buffer len = {}]
2026-07-12 14:08:51 DEBUG: Task should have served orders {62}, found open orders {80, 57, 62, 31}.
2026-07-12 14:08:51 DEBUG: Task 67 completed: pod 15 returning to storage.
2026-07-12 14:08:51 DEBUG:    EVENT NUM 621   current_time = 00:04:00   ARRIVAL_ORDER         [queue size = 79]
2026-07-12 14:08:51 DEBUG: Order 123 arrived: items_required = [3185, 9063].     [orders_in_system = 98]
2026-07-12 14:08:51 DEBUG:    EVENT NUM 622   current_time = 00:04:00   RELEASE_TASK          [queue size = 79]
2026-07-12 14:08:51 DEBUG: Task 147 released: pod 175 required by workstation(s) [11].  [released tasks = 79]
2026-07-12 14:08:51 DEBUG:    EVENT NUM 623   current_time = 00:04:01   RETURN_POD            [queue size = 78]
2026-07-12 14:08:51 DEBUG: Pod 514 returned. Robot 38 idle.   [idle robots = 1/40, released tasks = 79]
2026-07-12 14:08:51 DEBUG:    EVENT NUM 624   current_time = 00:04:01   START_TASK            [queue size = 78]
2026-07-12 14:08:51 DEBUG: Task 55 blocked: no orders in {0: [46]} is open yet.  [released tasks = 78]
2026-07-12 14:08:51 DEBUG: Task 59 started: robot 38 → pod 870 → workstation 1 for orders {99} (arrival = 306.1 s).   [idle robots = 0/40]
2026-07-12 14:08:51 DEBUG:    EVENT NUM 625   current_time = 00:04:02   RELEASE_TASK          [queue size = 78]
2026-07-12 14:08:51 DEBUG: Task 148 released: pod 655 required by workstation(s) [11].  [released tasks = 79]
2026-07-12 14:08:51 DEBUG:    EVENT NUM 626   current_time = 00:04:02   END_PICKING           [queue size = 77]
2026-07-12 14:08:51 DEBUG: Ended picking at workstation 1.    [picking_buffer len = {}]
2026-07-12 14:08:51 DEBUG: Task should have served orders {64}, found open orders {64, 36, 19, 22}.
2026-07-12 14:08:51 DEBUG: Task 61 completed: pod 272 returning to storage.
2026-07-12 14:08:51 DEBUG:    EVENT NUM 627   current_time = 00:04:03   RETURN_POD            [queue size = 77]
2026-07-12 14:08:51 DEBUG: Pod 316 returned. Robot 10 idle.   [idle robots = 1/40, released tasks = 79]
2026-07-12 14:08:51 DEBUG:    EVENT NUM 628   current_time = 00:04:03   START_TASK            [queue size = 77]
2026-07-12 14:08:51 DEBUG: Task 55 blocked: no orders in {0: [46]} is open yet.  [released tasks = 78]
2026-07-12 14:08:51 DEBUG: Task 60 started: robot 10 → pod 842 → workstation 2 for orders {73} (arrival = 306.3 s).   [idle robots = 0/40]
2026-07-12 14:08:51 DEBUG:    EVENT NUM 629   current_time = 00:04:03   RELEASE_TASK          [queue size = 77]
2026-07-12 14:08:51 DEBUG: Task 149 released: pod 48 required by workstation(s) [10].  [released tasks = 79]
2026-07-12 14:08:51 DEBUG:    EVENT NUM 630   current_time = 00:04:03   ARRIVAL_POD_WST       [queue size = 76]
2026-07-12 14:08:51 DEBUG: Pod 190 arrived at workstation 2 - status = BUSY
2026-07-12 14:08:51 DEBUG: Pod queued at workstation.    [picking_buffer = {51: 243.95971957893937}]
2026-07-12 14:08:51 DEBUG:    EVENT NUM 631   current_time = 00:04:05   END_PICKING           [queue size = 75]
2026-07-12 14:08:51 DEBUG: Ended picking at workstation 0.    [picking_buffer len = {}]
2026-07-12 14:08:51 DEBUG: Task should have served orders {15}, found open orders {15, 18, 87, 30}.
2026-07-12 14:08:51 DEBUG: Task 42 completed: pod 604 returning to storage.
2026-07-12 14:08:51 DEBUG:    EVENT NUM 632   current_time = 00:04:05   CLOSE_ORDER           [queue size = 76]
2026-07-12 14:08:51 DEBUG: Order 15 closed at workstation 0: flow_time = 245.0 s.     [order_buffer = 3] [open_orders = 3/4]
2026-07-12 14:08:51 DEBUG: Next order in buffer: 52
2026-07-12 14:08:51 DEBUG:    EVENT NUM 633   current_time = 00:04:05   OPEN_ORDER            [queue size = 76]
2026-07-12 14:08:51 DEBUG: Order 52 (skus required = {9687}) opened at workstation 0.   [open_orders = 4/4]
2026-07-12 14:08:51 DEBUG:    EVENT NUM 634   current_time = 00:04:05   START_TASK            [queue size = 76]
2026-07-12 14:08:51 DEBUG: Task 55 blocked: no idle robots.
2026-07-12 14:08:51 DEBUG:    EVENT NUM 635   current_time = 00:04:05   RELEASE_TASK          [queue size = 75]
2026-07-12 14:08:51 DEBUG: Task 150 released: pod 331 required by workstation(s) [7].  [released tasks = 80]
2026-07-12 14:08:51 DEBUG:    EVENT NUM 636   current_time = 00:04:06   END_PICKING           [queue size = 74]
2026-07-12 14:08:51 DEBUG: Ended picking at workstation 2.    [picking_buffer len = {51: 243.95971957893937}]
2026-07-12 14:08:51 DEBUG: Task should have served orders {85}, found open orders {73, 85, 24, 27}.
2026-07-12 14:08:51 DEBUG: Task 50 completed: pod 809 returning to storage.
2026-07-12 14:08:51 DEBUG:    EVENT NUM 637   current_time = 00:04:06   CLOSE_ORDER           [queue size = 76]
2026-07-12 14:08:51 DEBUG: Order 85 closed at workstation 2: flow_time = 246.3 s.     [order_buffer = 0] [open_orders = 3/4]
2026-07-12 14:08:51 DEBUG:    EVENT NUM 638   current_time = 00:04:06   START_PICKING         [queue size = 75]
2026-07-12 14:08:51 DEBUG: Processing task 51 at workstation 2: picking items {7156} for orders {24}
2026-07-12 14:08:51 DEBUG:    EVENT NUM 639   current_time = 00:04:06   RETURN_POD            [queue size = 75]
2026-07-12 14:08:51 DEBUG: Pod 850 returned. Robot 25 idle.   [idle robots = 1/40, released tasks = 80]
2026-07-12 14:08:51 DEBUG:    EVENT NUM 640   current_time = 00:04:06   START_TASK            [queue size = 75]
2026-07-12 14:08:51 DEBUG: Task 55 started: robot 25 → pod 217 → workstation 0 for orders {46} (arrival = 331.3 s).   [idle robots = 0/40]
2026-07-12 14:08:51 DEBUG:    EVENT NUM 641   current_time = 00:04:06   RETURN_POD            [queue size = 75]
2026-07-12 14:08:51 DEBUG: Pod 395 returned. Robot 27 idle.   [idle robots = 1/40, released tasks = 79]
2026-07-12 14:08:51 DEBUG:    EVENT NUM 642   current_time = 00:04:06   START_TASK            [queue size = 75]
2026-07-12 14:08:51 DEBUG: Task 62 blocked: no orders in {0: [83]} is open yet.  [released tasks = 78]
2026-07-12 14:08:51 DEBUG: Task 64 started: robot 27 → pod 310 → workstation 2 for orders {73} (arrival = 314.7 s).   [idle robots = 0/40]
2026-07-12 14:08:51 DEBUG:    EVENT NUM 643   current_time = 00:04:07   RELEASE_TASK          [queue size = 75]
2026-07-12 14:08:51 DEBUG: Task 151 released: pod 389 required by workstation(s) [11].  [released tasks = 79]
2026-07-12 14:08:51 DEBUG:    EVENT NUM 644   current_time = 00:04:08   RETURN_POD            [queue size = 74]
2026-07-12 14:08:51 DEBUG: Pod 616 returned. Robot 19 idle.   [idle robots = 1/40, released tasks = 79]
2026-07-12 14:08:51 DEBUG:    EVENT NUM 645   current_time = 00:04:08   START_TASK            [queue size = 74]
2026-07-12 14:08:51 DEBUG: Task 62 blocked: no orders in {0: [83]} is open yet.  [released tasks = 78]
2026-07-12 14:08:51 DEBUG: Task 65 blocked: no orders in {1: [40]} is open yet.  [released tasks = 77]
2026-07-12 14:08:51 DEBUG: Task 66 blocked: no orders in {0: [83]} is open yet.  [released tasks = 76]
2026-07-12 14:08:51 DEBUG: Task 69 started: robot 19 → pod 342 → workstation 2 for orders {73} (arrival = 326.9 s).   [idle robots = 0/40]
2026-07-12 14:08:51 DEBUG:    EVENT NUM 646   current_time = 00:04:08   RELEASE_TASK          [queue size = 74]
2026-07-12 14:08:51 DEBUG: Task 152 released: pod 315 required by workstation(s) [7].  [released tasks = 79]
2026-07-12 14:08:51 DEBUG:    EVENT NUM 647   current_time = 00:04:10   ARRIVAL_ORDER         [queue size = 73]
2026-07-12 14:08:51 DEBUG: Order 124 arrived: items_required = [6623, 13316].     [orders_in_system = 97]
2026-07-12 14:08:51 DEBUG:    EVENT NUM 648   current_time = 00:04:10   RELEASE_TASK          [queue size = 73]
2026-07-12 14:08:51 DEBUG: Task 153 released: pod 350 required by workstation(s) [11].  [released tasks = 80]
2026-07-12 14:08:51 DEBUG:    EVENT NUM 649   current_time = 00:04:12   RELEASE_TASK          [queue size = 72]
2026-07-12 14:08:51 DEBUG: Task 154 released: pod 536 required by workstation(s) [10].  [released tasks = 81]
2026-07-12 14:08:51 DEBUG:    EVENT NUM 650   current_time = 00:04:13   RELEASE_TASK          [queue size = 71]
2026-07-12 14:08:51 DEBUG: Task 155 released: pod 414 required by workstation(s) [10].  [released tasks = 82]
2026-07-12 14:08:51 DEBUG:    EVENT NUM 651   current_time = 00:04:15   ARRIVAL_POD_WST       [queue size = 70]
2026-07-12 14:08:51 DEBUG: Pod 537 arrived at workstation 2 - status = BUSY
2026-07-12 14:08:51 DEBUG: Pod queued at workstation.    [picking_buffer = {52: 255.23403339563856}]
2026-07-12 14:08:51 DEBUG:    EVENT NUM 652   current_time = 00:04:15   RELEASE_TASK          [queue size = 69]
2026-07-12 14:08:51 DEBUG: Task 156 released: pod 711 required by workstation(s) [10].  [released tasks = 83]
2026-07-12 14:08:51 DEBUG:    EVENT NUM 653   current_time = 00:04:16   END_PICKING           [queue size = 68]
2026-07-12 14:08:51 DEBUG: Ended picking at workstation 2.    [picking_buffer len = {52: 255.23403339563856}]
2026-07-12 14:08:51 DEBUG: Task should have served orders {24}, found open orders {73, 24, 27}.
2026-07-12 14:08:51 DEBUG: Task 51 completed: pod 190 returning to storage.
2026-07-12 14:08:51 DEBUG:    EVENT NUM 654   current_time = 00:04:16   CLOSE_ORDER           [queue size = 70]
2026-07-12 14:08:51 DEBUG: Order 24 closed at workstation 2: flow_time = 256.3 s.     [order_buffer = 0] [open_orders = 2/4]
2026-07-12 14:08:51 DEBUG:    EVENT NUM 655   current_time = 00:04:16   START_PICKING         [queue size = 69]
2026-07-12 14:08:51 DEBUG: Processing task 52 at workstation 2: picking items {461} for orders {27}
2026-07-12 14:08:51 DEBUG:    EVENT NUM 656   current_time = 00:04:16   RELEASE_TASK          [queue size = 69]
2026-07-12 14:08:51 DEBUG: Task 157 released: pod 415 required by workstation(s) [11].  [released tasks = 84]
2026-07-12 14:08:51 DEBUG:    EVENT NUM 657   current_time = 00:04:18   RELEASE_TASK          [queue size = 68]
2026-07-12 14:08:51 DEBUG: Task 158 released: pod 115 required by workstation(s) [10].  [released tasks = 85]
2026-07-12 14:08:51 DEBUG:    EVENT NUM 658   current_time = 00:04:20   ARRIVAL_ORDER         [queue size = 67]
2026-07-12 14:08:51 DEBUG: Order 125 arrived: items_required = [5691, 5506, 9674].     [orders_in_system = 97]
2026-07-12 14:08:51 DEBUG:    EVENT NUM 659   current_time = 00:04:20   RELEASE_TASK          [queue size = 67]
2026-07-12 14:08:51 DEBUG: Task 159 released: pod 379 required by workstation(s) [10].  [released tasks = 86]
2026-07-12 14:08:51 DEBUG:    EVENT NUM 660   current_time = 00:04:20   ARRIVAL_POD_WST       [queue size = 66]
2026-07-12 14:08:51 DEBUG: Pod 786 arrived at workstation 1 - status = IDLE
2026-07-12 14:08:51 DEBUG: Pod queued at workstation.    [picking_buffer = {57: 260.82816761255117}]
2026-07-12 14:08:51 DEBUG:    EVENT NUM 661   current_time = 00:04:20   START_PICKING         [queue size = 66]
2026-07-12 14:08:51 DEBUG: Processing task 57 at workstation 1: picking items {4411} for orders {19}
2026-07-12 14:08:51 DEBUG:    EVENT NUM 662   current_time = 00:04:21   RELEASE_TASK          [queue size = 66]
2026-07-12 14:08:51 DEBUG: Task 160 released: pod 629 required by workstation(s) [10].  [released tasks = 87]
2026-07-12 14:08:51 DEBUG:    EVENT NUM 663   current_time = 00:04:23   RELEASE_TASK          [queue size = 65]
2026-07-12 14:08:51 DEBUG: Task 161 released: pod 151 required by workstation(s) [7].  [released tasks = 88]
2026-07-12 14:08:51 DEBUG:    EVENT NUM 664   current_time = 00:04:23   RETURN_POD            [queue size = 64]
2026-07-12 14:08:51 DEBUG: Pod 853 returned. Robot 22 idle.   [idle robots = 1/40, released tasks = 88]
2026-07-12 14:08:51 DEBUG:    EVENT NUM 665   current_time = 00:04:23   START_TASK            [queue size = 64]
2026-07-12 14:08:51 DEBUG: Task 62 blocked: no orders in {0: [83]} is open yet.  [released tasks = 87]
2026-07-12 14:08:51 DEBUG: Task 65 blocked: no orders in {1: [40]} is open yet.  [released tasks = 86]
2026-07-12 14:08:51 DEBUG: Task 66 blocked: no orders in {0: [83]} is open yet.  [released tasks = 85]
2026-07-12 14:08:51 DEBUG: Task 73 started: robot 22 → pod 184 → workstation 2 for orders {73} (arrival = 377.4 s).   [idle robots = 0/40]
2026-07-12 14:08:51 DEBUG:    EVENT NUM 666   current_time = 00:04:24   RETURN_POD            [queue size = 64]
2026-07-12 14:08:51 DEBUG: Pod 866 returned. Robot 3 idle.   [idle robots = 1/40, released tasks = 87]
2026-07-12 14:08:51 DEBUG:    EVENT NUM 667   current_time = 00:04:24   START_TASK            [queue size = 64]
2026-07-12 14:08:51 DEBUG: Task 62 blocked: no orders in {0: [83]} is open yet.  [released tasks = 86]
2026-07-12 14:08:51 DEBUG: Task 65 blocked: no orders in {1: [40]} is open yet.  [released tasks = 85]
2026-07-12 14:08:51 DEBUG: Task 66 blocked: no orders in {0: [83]} is open yet.  [released tasks = 84]
2026-07-12 14:08:51 DEBUG: Task 80 started: robot 3 → pod 769 → workstation 8 for orders {20} (arrival = 302.4 s).   [idle robots = 0/40]
2026-07-12 14:08:51 DEBUG:    EVENT NUM 668   current_time = 00:04:25   RELEASE_TASK          [queue size = 64]
2026-07-12 14:08:51 DEBUG: Task 162 released: pod 897 required by workstation(s) [10].  [released tasks = 87]
2026-07-12 14:08:51 DEBUG:    EVENT NUM 669   current_time = 00:04:25   RETURN_POD            [queue size = 63]
2026-07-12 14:08:51 DEBUG: Pod 345 returned. Robot 23 idle.   [idle robots = 1/40, released tasks = 87]
2026-07-12 14:08:51 DEBUG:    EVENT NUM 670   current_time = 00:04:25   START_TASK            [queue size = 63]
2026-07-12 14:08:51 DEBUG: Task 62 blocked: no orders in {0: [83]} is open yet.  [released tasks = 86]
2026-07-12 14:08:51 DEBUG: Task 65 blocked: no orders in {1: [40]} is open yet.  [released tasks = 85]
2026-07-12 14:08:51 DEBUG: Task 66 blocked: no orders in {0: [83]} is open yet.  [released tasks = 84]
2026-07-12 14:08:51 DEBUG: Task 81 started: robot 23 → pod 625 → workstation 6 for orders {3} (arrival = 366.3 s).   [idle robots = 0/40]
2026-07-12 14:08:51 DEBUG:    EVENT NUM 671   current_time = 00:04:26   END_PICKING           [queue size = 63]
2026-07-12 14:08:51 DEBUG: Ended picking at workstation 2.    [picking_buffer len = {}]
2026-07-12 14:08:51 DEBUG: Task should have served orders {27}, found open orders {73, 27}.
2026-07-12 14:08:51 DEBUG: Task 52 completed: pod 537 returning to storage.
2026-07-12 14:08:51 DEBUG:    EVENT NUM 672   current_time = 00:04:26   CLOSE_ORDER           [queue size = 64]
2026-07-12 14:08:51 DEBUG: Order 27 closed at workstation 2: flow_time = 266.3 s.     [order_buffer = 0] [open_orders = 1/4]
2026-07-12 14:08:51 DEBUG:    EVENT NUM 673   current_time = 00:04:26   RELEASE_TASK          [queue size = 63]
2026-07-12 14:08:51 DEBUG: Task 163 released: pod 335 required by workstation(s) [7].  [released tasks = 87]
2026-07-12 14:08:51 DEBUG:    EVENT NUM 674   current_time = 00:04:26   ARRIVAL_POD_WST       [queue size = 62]
2026-07-12 14:08:51 DEBUG: Pod 689 arrived at workstation 4 - status = IDLE
2026-07-12 14:08:51 DEBUG: Pod queued at workstation.    [picking_buffer = {70: 266.85923331182244}]
2026-07-12 14:08:51 DEBUG:    EVENT NUM 675   current_time = 00:04:26   START_PICKING         [queue size = 62]
2026-07-12 14:08:51 DEBUG: Processing task 70 at workstation 4: picking items {10077} for orders {62}
2026-07-12 14:08:51 DEBUG:    EVENT NUM 676   current_time = 00:04:27   ARRIVAL_POD_WST       [queue size = 62]
2026-07-12 14:08:51 DEBUG: Pod 545 arrived at workstation 0 - status = IDLE
2026-07-12 14:08:51 DEBUG: Pod queued at workstation.    [picking_buffer = {49: 267.7698819096736}]
2026-07-12 14:08:51 DEBUG:    EVENT NUM 677   current_time = 00:04:27   START_PICKING         [queue size = 62]
2026-07-12 14:08:51 DEBUG: Processing task 49 at workstation 0: picking items {3669} for orders {18}
2026-07-12 14:08:51 DEBUG:    EVENT NUM 678   current_time = 00:04:28   RELEASE_TASK          [queue size = 62]
2026-07-12 14:08:51 DEBUG: Task 164 released: pod 380 required by workstation(s) [10].  [released tasks = 88]
2026-07-12 14:08:51 DEBUG:    EVENT NUM 679   current_time = 00:04:28   RETURN_POD            [queue size = 61]
2026-07-12 14:08:51 DEBUG: Pod 253 returned. Robot 5 idle.   [idle robots = 1/40, released tasks = 88]
2026-07-12 14:08:51 DEBUG:    EVENT NUM 680   current_time = 00:04:28   START_TASK            [queue size = 61]
2026-07-12 14:08:51 DEBUG: Task 62 blocked: no orders in {0: [83]} is open yet.  [released tasks = 87]
2026-07-12 14:08:51 DEBUG: Task 65 blocked: no orders in {1: [40]} is open yet.  [released tasks = 86]
2026-07-12 14:08:51 DEBUG: Task 66 blocked: no orders in {0: [83]} is open yet.  [released tasks = 85]
2026-07-12 14:08:51 DEBUG: Task 82 started: robot 5 → pod 355 → workstation 3 for orders {8} (arrival = 417.7 s).   [idle robots = 0/40]
2026-07-12 14:08:51 DEBUG:    EVENT NUM 681   current_time = 00:04:30   ARRIVAL_ORDER         [queue size = 61]
2026-07-12 14:08:51 DEBUG: Order 126 arrived: items_required = [2874, 8637, 8172].     [orders_in_system = 97]
2026-07-12 14:08:51 DEBUG:    EVENT NUM 682   current_time = 00:04:30   RELEASE_TASK          [queue size = 61]
2026-07-12 14:08:51 DEBUG: Task 165 released: pod 748 required by workstation(s) [7].  [released tasks = 88]
2026-07-12 14:08:51 DEBUG:    EVENT NUM 683   current_time = 00:04:30   RETURN_POD            [queue size = 60]
2026-07-12 14:08:51 DEBUG: Pod 893 returned. Robot 26 idle.   [idle robots = 1/40, released tasks = 88]
2026-07-12 14:08:51 DEBUG:    EVENT NUM 684   current_time = 00:04:30   START_TASK            [queue size = 60]
2026-07-12 14:08:51 DEBUG: Task 62 blocked: no orders in {0: [83]} is open yet.  [released tasks = 87]
2026-07-12 14:08:51 DEBUG: Task 65 blocked: no orders in {1: [40]} is open yet.  [released tasks = 86]
2026-07-12 14:08:51 DEBUG: Task 66 blocked: no orders in {0: [83]} is open yet.  [released tasks = 85]
2026-07-12 14:08:51 DEBUG: Task 83 started: robot 26 → pod 263 → workstation 4 for orders {62} (arrival = 413.0 s).   [idle robots = 0/40]
2026-07-12 14:08:51 DEBUG:    EVENT NUM 685   current_time = 00:04:30   END_PICKING           [queue size = 60]
2026-07-12 14:08:51 DEBUG: Ended picking at workstation 1.    [picking_buffer len = {}]
2026-07-12 14:08:51 DEBUG: Task should have served orders {19}, found open orders {64, 36, 19, 22}.
2026-07-12 14:08:51 DEBUG: Task 57 completed: pod 786 returning to storage.
2026-07-12 14:08:51 DEBUG:    EVENT NUM 686   current_time = 00:04:30   CLOSE_ORDER           [queue size = 61]
2026-07-12 14:08:51 DEBUG: Order 19 closed at workstation 1: flow_time = 270.8 s.     [order_buffer = 2] [open_orders = 3/4]
2026-07-12 14:08:51 DEBUG: Next order in buffer: 99
2026-07-12 14:08:51 DEBUG:    EVENT NUM 687   current_time = 00:04:30   OPEN_ORDER            [queue size = 61]
2026-07-12 14:08:51 DEBUG: Order 99 (skus required = {1194}) opened at workstation 1.   [open_orders = 4/4]
2026-07-12 14:08:51 DEBUG:    EVENT NUM 688   current_time = 00:04:30   START_TASK            [queue size = 61]
2026-07-12 14:08:51 DEBUG: Task 62 blocked: no orders in {0: [83]} is open yet.  [released tasks = 86]
2026-07-12 14:08:51 DEBUG: Task 65 blocked: no idle robots.
2026-07-12 14:08:51 DEBUG:    EVENT NUM 689   current_time = 00:04:31   RELEASE_TASK          [queue size = 60]
2026-07-12 14:08:51 DEBUG: Task 166 released: pod 741 required by workstation(s) [7].  [released tasks = 88]
2026-07-12 14:08:51 DEBUG:    EVENT NUM 690   current_time = 00:04:33   RELEASE_TASK          [queue size = 59]
2026-07-12 14:08:51 DEBUG: Task 167 released: pod 855 required by workstation(s) [7].  [released tasks = 89]
2026-07-12 14:08:51 DEBUG:    EVENT NUM 691   current_time = 00:04:34   RELEASE_TASK          [queue size = 58]
2026-07-12 14:08:51 DEBUG: Task 168 released: pod 362 required by workstation(s) [11].  [released tasks = 90]
2026-07-12 14:08:51 DEBUG:    EVENT NUM 692   current_time = 00:04:36   ARRIVAL_POD_WST       [queue size = 57]
2026-07-12 14:08:51 DEBUG: Pod 753 arrived at workstation 0 - status = BUSY
2026-07-12 14:08:51 DEBUG: Pod queued at workstation.    [picking_buffer = {53: 276.4876766956993}]
2026-07-12 14:08:51 DEBUG:    EVENT NUM 693   current_time = 00:04:36   RELEASE_TASK          [queue size = 56]
2026-07-12 14:08:51 DEBUG: Task 169 released: pod 326 required by workstation(s) [7].  [released tasks = 91]
2026-07-12 14:08:51 DEBUG:    EVENT NUM 694   current_time = 00:04:36   END_PICKING           [queue size = 55]
2026-07-12 14:08:51 DEBUG: Ended picking at workstation 4.    [picking_buffer len = {}]
2026-07-12 14:08:51 DEBUG: Task should have served orders {62}, found open orders {80, 57, 62, 31}.
2026-07-12 14:08:51 DEBUG: Task 70 completed: pod 689 returning to storage.
2026-07-12 14:08:51 DEBUG:    EVENT NUM 695   current_time = 00:04:37   END_PICKING           [queue size = 55]
2026-07-12 14:08:51 DEBUG: Ended picking at workstation 0.    [picking_buffer len = {53: 276.4876766956993}]
2026-07-12 14:08:51 DEBUG: Task should have served orders {18}, found open orders {18, 52, 87, 30}.
2026-07-12 14:08:51 DEBUG: Task 49 completed: pod 545 returning to storage.
2026-07-12 14:08:51 DEBUG:    EVENT NUM 696   current_time = 00:04:37   CLOSE_ORDER           [queue size = 57]
2026-07-12 14:08:51 DEBUG: Order 18 closed at workstation 0: flow_time = 277.8 s.     [order_buffer = 2] [open_orders = 3/4]
2026-07-12 14:08:51 DEBUG: Next order in buffer: 46
2026-07-12 14:08:51 DEBUG:    EVENT NUM 697   current_time = 00:04:37   START_PICKING         [queue size = 57]
2026-07-12 14:08:51 DEBUG: Processing task 53 at workstation 0: picking items {8944} for orders {87}
2026-07-12 14:08:51 DEBUG:    EVENT NUM 698   current_time = 00:04:37   OPEN_ORDER            [queue size = 57]
2026-07-12 14:08:51 DEBUG: Order 46 (skus required = {6082}) opened at workstation 0.   [open_orders = 4/4]
2026-07-12 14:08:51 DEBUG:    EVENT NUM 699   current_time = 00:04:37   START_TASK            [queue size = 57]
2026-07-12 14:08:51 DEBUG: Task 62 blocked: no idle robots.
2026-07-12 14:08:51 DEBUG:    EVENT NUM 700   current_time = 00:04:38   RELEASE_TASK          [queue size = 56]
2026-07-12 14:08:51 DEBUG: Task 170 released: pod 115 required by workstation(s) [10].  [released tasks = 92]
2026-07-12 14:08:51 DEBUG:    EVENT NUM 701   current_time = 00:04:39   RELEASE_TASK          [queue size = 55]
2026-07-12 14:08:51 DEBUG: Task 171 released: pod 175 required by workstation(s) [11].  [released tasks = 93]
2026-07-12 14:08:51 DEBUG:    EVENT NUM 702   current_time = 00:04:40   ARRIVAL_ORDER         [queue size = 54]
2026-07-12 14:08:51 DEBUG: Order 127 arrived: items_required = [3674].     [orders_in_system = 96]
2026-07-12 14:08:51 DEBUG:    EVENT NUM 703   current_time = 00:04:41   RELEASE_TASK          [queue size = 54]
2026-07-12 14:08:51 DEBUG: Task 172 released: pod 366 required by workstation(s) [7].  [released tasks = 94]
2026-07-12 14:08:51 DEBUG:    EVENT NUM 704   current_time = 00:04:43   RELEASE_TASK          [queue size = 53]
2026-07-12 14:08:51 DEBUG: Task 173 released: pod 227 required by workstation(s) [7].  [released tasks = 95]
2026-07-12 14:08:51 DEBUG:    EVENT NUM 705   current_time = 00:04:43   ARRIVAL_POD_WST       [queue size = 52]
2026-07-12 14:08:51 DEBUG: Pod 810 arrived at workstation 6 - status = IDLE
2026-07-12 14:08:51 DEBUG: Pod queued at workstation.    [picking_buffer = {78: 283.36285502554665}]
2026-07-12 14:08:51 DEBUG:    EVENT NUM 706   current_time = 00:04:43   START_PICKING         [queue size = 52]
2026-07-12 14:08:51 DEBUG: Processing task 78 at workstation 6: picking items {11344} for orders {3}
2026-07-12 14:08:51 DEBUG:    EVENT NUM 707   current_time = 00:04:44   RELEASE_TASK          [queue size = 52]
2026-07-12 14:08:51 DEBUG: Task 174 released: pod 331 required by workstation(s) [7].  [released tasks = 96]
2026-07-12 14:08:51 DEBUG:    EVENT NUM 708   current_time = 00:04:45   RETURN_POD            [queue size = 51]
2026-07-12 14:08:51 DEBUG: Pod 470 returned. Robot 17 idle.   [idle robots = 1/40, released tasks = 96]
2026-07-12 14:08:51 DEBUG:    EVENT NUM 709   current_time = 00:04:45   START_TASK            [queue size = 51]
2026-07-12 14:08:51 DEBUG: Task 62 started: robot 17 → pod 846 → workstation 0 for orders {83} (arrival = 311.2 s).   [idle robots = 0/40]
2026-07-12 14:08:51 DEBUG:    EVENT NUM 710   current_time = 00:04:46   RELEASE_TASK          [queue size = 51]
2026-07-12 14:08:51 DEBUG: Task 175 released: pod 761 required by workstation(s) [11].  [released tasks = 96]
2026-07-12 14:08:51 DEBUG:    EVENT NUM 711   current_time = 00:04:47   END_PICKING           [queue size = 50]
2026-07-12 14:08:51 DEBUG: Ended picking at workstation 0.    [picking_buffer len = {}]
2026-07-12 14:08:51 DEBUG: Task should have served orders {87}, found open orders {46, 52, 87, 30}.
2026-07-12 14:08:51 DEBUG: Task 53 completed: pod 753 returning to storage.
2026-07-12 14:08:51 DEBUG:    EVENT NUM 712   current_time = 00:04:47   CLOSE_ORDER           [queue size = 51]
2026-07-12 14:08:51 DEBUG: Order 87 closed at workstation 0: flow_time = 287.8 s.     [order_buffer = 1] [open_orders = 3/4]
2026-07-12 14:08:51 DEBUG: Next order in buffer: 83
2026-07-12 14:08:51 DEBUG:    EVENT NUM 713   current_time = 00:04:47   OPEN_ORDER            [queue size = 51]
2026-07-12 14:08:51 DEBUG: Order 83 (skus required = {6820, 6295}) opened at workstation 0.   [open_orders = 4/4]
2026-07-12 14:08:51 DEBUG:    EVENT NUM 714   current_time = 00:04:47   START_TASK            [queue size = 51]
2026-07-12 14:08:51 DEBUG: Task 65 blocked: no idle robots.
2026-07-12 14:08:51 DEBUG:    EVENT NUM 715   current_time = 00:04:47   RELEASE_TASK          [queue size = 50]
2026-07-12 14:08:51 DEBUG: Task 176 released: pod 26 required by workstation(s) [11].  [released tasks = 97]
2026-07-12 14:08:51 DEBUG:    EVENT NUM 716   current_time = 00:04:49   RELEASE_TASK          [queue size = 49]
2026-07-12 14:08:51 DEBUG: Task 177 released: pod 805 required by workstation(s) [10].  [released tasks = 98]
2026-07-12 14:08:51 DEBUG:    EVENT NUM 717   current_time = 00:04:50   ARRIVAL_ORDER         [queue size = 48]
2026-07-12 14:08:51 DEBUG: Order 128 arrived: items_required = [10787, 410].     [orders_in_system = 96]
2026-07-12 14:08:51 DEBUG:    EVENT NUM 718   current_time = 00:04:50   ARRIVAL_POD_WST       [queue size = 48]
2026-07-12 14:08:51 DEBUG: Pod 782 arrived at workstation 0 - status = IDLE
2026-07-12 14:08:51 DEBUG: Pod queued at workstation.    [picking_buffer = {54: 290.26902924816943}]
2026-07-12 14:08:51 DEBUG:    EVENT NUM 719   current_time = 00:04:50   START_PICKING         [queue size = 48]
2026-07-12 14:08:51 DEBUG: Processing task 54 at workstation 0: picking items {9687} for orders {52}
2026-07-12 14:08:51 DEBUG:    EVENT NUM 720   current_time = 00:04:51   RELEASE_TASK          [queue size = 48]
2026-07-12 14:08:51 DEBUG: Task 178 released: pod 721 required by workstation(s) [10].  [released tasks = 99]
2026-07-12 14:08:51 DEBUG:    EVENT NUM 721   current_time = 00:04:51   RETURN_POD            [queue size = 47]
2026-07-12 14:08:51 DEBUG: Pod 452 returned. Robot 20 idle.   [idle robots = 1/40, released tasks = 99]
2026-07-12 14:08:51 DEBUG:    EVENT NUM 722   current_time = 00:04:51   START_TASK            [queue size = 47]
2026-07-12 14:08:51 DEBUG: Task 65 started: robot 20 → pod 602 → workstation 1 for orders {40} (arrival = 381.3 s).   [idle robots = 0/40]
2026-07-12 14:08:51 DEBUG:    EVENT NUM 723   current_time = 00:04:52   RELEASE_TASK          [queue size = 47]
2026-07-12 14:08:51 DEBUG: Task 179 released: pod 53 required by workstation(s) [10].  [released tasks = 99]
2026-07-12 14:08:51 DEBUG:    EVENT NUM 724   current_time = 00:04:53   END_PICKING           [queue size = 46]
2026-07-12 14:08:51 DEBUG: Ended picking at workstation 6.    [picking_buffer len = {}]
2026-07-12 14:08:51 DEBUG: Task should have served orders {3}, found open orders {49, 75, 3, 13}.
2026-07-12 14:08:51 DEBUG: Task 78 completed: pod 810 returning to storage.
2026-07-12 14:08:51 DEBUG:    EVENT NUM 725   current_time = 00:04:54   RELEASE_TASK          [queue size = 46]
2026-07-12 14:08:51 DEBUG: Task 180 released: pod 83 required by workstation(s) [11].  [released tasks = 100]
2026-07-12 14:08:51 DEBUG:    EVENT NUM 726   current_time = 00:04:55   ARRIVAL_POD_WST       [queue size = 45]
2026-07-12 14:08:51 DEBUG: Pod 39 arrived at workstation 4 - status = IDLE
2026-07-12 14:08:51 DEBUG: Pod queued at workstation.    [picking_buffer = {75: 295.23070525065043}]
2026-07-12 14:08:51 DEBUG:    EVENT NUM 727   current_time = 00:04:55   START_PICKING         [queue size = 45]
2026-07-12 14:08:51 DEBUG: Processing task 75 at workstation 4: picking items {7522} for orders {80}
2026-07-12 14:08:51 DEBUG:    EVENT NUM 728   current_time = 00:04:56   RELEASE_TASK          [queue size = 45]
2026-07-12 14:08:51 DEBUG: Task 181 released: pod 252 required by workstation(s) [7].  [released tasks = 101]
2026-07-12 14:08:51 DEBUG:    EVENT NUM 729   current_time = 00:04:57   RELEASE_TASK          [queue size = 44]
2026-07-12 14:08:51 DEBUG: Task 182 released: pod 597 required by workstation(s) [11].  [released tasks = 102]
2026-07-12 14:08:51 DEBUG:    EVENT NUM 730   current_time = 00:04:58   ARRIVAL_POD_WST       [queue size = 43]
2026-07-12 14:08:51 DEBUG: Pod 59 arrived at workstation 1 - status = IDLE
2026-07-12 14:08:51 DEBUG: Pod queued at workstation.    [picking_buffer = {46: 298.8242214795306}]
2026-07-12 14:08:51 DEBUG:    EVENT NUM 731   current_time = 00:04:58   START_PICKING         [queue size = 43]
2026-07-12 14:08:51 DEBUG: Processing task 46 at workstation 1: picking items {5160} for orders {22}
2026-07-12 14:08:51 DEBUG:    EVENT NUM 732   current_time = 00:04:59   RELEASE_TASK          [queue size = 43]
2026-07-12 14:08:51 DEBUG: Task 183 released: pod 613 required by workstation(s) [7].  [released tasks = 103]
2026-07-12 14:08:51 DEBUG:    EVENT NUM 733   current_time = 00:05:00   ARRIVAL_ORDER         [queue size = 42]
2026-07-12 14:08:51 DEBUG: Order 129 arrived: items_required = [5740, 6622].     [orders_in_system = 97]
2026-07-12 14:08:51 DEBUG:    EVENT NUM 734   current_time = 00:05:00   END_PICKING           [queue size = 42]
2026-07-12 14:08:51 DEBUG: Ended picking at workstation 0.    [picking_buffer len = {}]
2026-07-12 14:08:51 DEBUG: Task should have served orders {52}, found open orders {46, 83, 52, 30}.
2026-07-12 14:08:51 DEBUG: Task 54 completed: pod 782 returning to storage.
2026-07-12 14:08:51 DEBUG:    EVENT NUM 735   current_time = 00:05:00   CLOSE_ORDER           [queue size = 43]
2026-07-12 14:08:51 DEBUG: Order 52 closed at workstation 0: flow_time = 300.3 s.     [order_buffer = 0] [open_orders = 3/4]
2026-07-12 14:08:51 DEBUG:    EVENT NUM 736   current_time = 00:05:01   RELEASE_TASK          [queue size = 42]
2026-07-12 14:08:51 DEBUG: Task 184 released: pod 590 required by workstation(s) [11].  [released tasks = 104]
2026-07-12 14:08:51 DEBUG:    EVENT NUM 737   current_time = 00:05:02   RETURN_POD            [queue size = 41]
2026-07-12 14:08:51 DEBUG: Pod 781 returned. Robot 1 idle.   [idle robots = 1/40, released tasks = 104]
2026-07-12 14:08:51 DEBUG:    EVENT NUM 738   current_time = 00:05:02   START_TASK            [queue size = 41]
2026-07-12 14:08:51 DEBUG: Task 66 started: robot 1 → pod 249 → workstation 0 for orders {83} (arrival = 377.2 s).   [idle robots = 0/40]
2026-07-12 14:08:51 DEBUG:    EVENT NUM 739   current_time = 00:05:02   ARRIVAL_POD_WST       [queue size = 41]
2026-07-12 14:08:51 DEBUG: Pod 769 arrived at workstation 8 - status = IDLE
2026-07-12 14:08:51 DEBUG: Pod queued at workstation.    [picking_buffer = {80: 302.4123510392558}]
2026-07-12 14:08:51 DEBUG:    EVENT NUM 740   current_time = 00:05:02   START_PICKING         [queue size = 41]
2026-07-12 14:08:51 DEBUG: Processing task 80 at workstation 8: picking items {2310} for orders {20}
2026-07-12 14:08:51 DEBUG:    EVENT NUM 741   current_time = 00:05:02   ARRIVAL_POD_WST       [queue size = 41]
2026-07-12 14:08:51 DEBUG: Pod 657 arrived at workstation 5 - status = IDLE
2026-07-12 14:08:51 DEBUG: Pod queued at workstation.    [picking_buffer = {79: 302.87664778597554}]
2026-07-12 14:08:51 DEBUG:    EVENT NUM 742   current_time = 00:05:02   START_PICKING         [queue size = 41]
2026-07-12 14:08:51 DEBUG: Processing task 79 at workstation 5: picking items {4055, 5599} for orders {96, 53}
2026-07-12 14:08:51 DEBUG:    EVENT NUM 743   current_time = 00:05:03   RETURN_POD            [queue size = 41]
2026-07-12 14:08:51 DEBUG: Pod 443 returned. Robot 0 idle.   [idle robots = 1/40, released tasks = 103]
2026-07-12 14:08:51 DEBUG:    EVENT NUM 744   current_time = 00:05:03   START_TASK            [queue size = 41]
2026-07-12 14:08:51 DEBUG: Task 84 started: robot 0 → pod 372 → workstation 6 for orders {3} (arrival = 381.8 s).   [idle robots = 0/40]
2026-07-12 14:08:51 DEBUG:    EVENT NUM 745   current_time = 00:05:05   END_PICKING           [queue size = 41]
2026-07-12 14:08:51 DEBUG: Ended picking at workstation 4.    [picking_buffer len = {}]
2026-07-12 14:08:51 DEBUG: Task should have served orders {80}, found open orders {80, 57, 62, 31}.
2026-07-12 14:08:51 DEBUG: Task 75 heading to workstation 4.
2026-07-12 14:08:51 DEBUG:    EVENT NUM 746   current_time = 00:05:05   CLOSE_ORDER           [queue size = 42]
2026-07-12 14:08:51 DEBUG: Order 80 closed at workstation 4: flow_time = 305.2 s.     [order_buffer = 1] [open_orders = 3/4]
2026-07-12 14:08:51 DEBUG: Next order in buffer: 50
2026-07-12 14:08:51 DEBUG:    EVENT NUM 747   current_time = 00:05:05   ARRIVAL_POD_WST       [queue size = 42]
2026-07-12 14:08:51 DEBUG: Pod 39 arrived at workstation 4 - status = IDLE
2026-07-12 14:08:51 DEBUG: Pod queued at workstation.    [picking_buffer = {75: 305.23070525065043}]
2026-07-12 14:08:51 DEBUG:    EVENT NUM 748   current_time = 00:05:05   OPEN_ORDER            [queue size = 42]
2026-07-12 14:08:51 DEBUG: Order 50 (skus required = {7384, 2650, 8972, 7576}) opened at workstation 4.   [open_orders = 4/4]
2026-07-12 14:08:51 DEBUG:    EVENT NUM 749   current_time = 00:05:05   START_PICKING         [queue size = 43]
2026-07-12 14:08:51 DEBUG: Processing task 75 at workstation 4: picking items {9541} for orders {31}
2026-07-12 14:08:51 DEBUG:    EVENT NUM 750   current_time = 00:05:05   START_TASK            [queue size = 43]
2026-07-12 14:08:51 DEBUG: Task 85 blocked: no idle robots.
2026-07-12 14:08:51 DEBUG:    EVENT NUM 751   current_time = 00:05:05   START_PICKING         [queue size = 42]
2026-07-12 14:08:51 DEBUG:    EVENT NUM 752   current_time = 00:05:06   ARRIVAL_POD_WST       [queue size = 41]
2026-07-12 14:08:51 DEBUG: Pod 870 arrived at workstation 1 - status = BUSY
2026-07-12 14:08:51 DEBUG: Pod queued at workstation.    [picking_buffer = {59: 306.0690192712195}]
2026-07-12 14:08:51 DEBUG:    EVENT NUM 753   current_time = 00:05:06   RETURN_POD            [queue size = 40]
2026-07-12 14:08:51 DEBUG: Pod 332 returned. Robot 30 idle.   [idle robots = 1/40, released tasks = 102]
2026-07-12 14:08:51 DEBUG:    EVENT NUM 754   current_time = 00:05:06   START_TASK            [queue size = 40]
2026-07-12 14:08:51 DEBUG: Task 85 started: robot 30 → pod 385 → workstation 5 for orders {96, 38} (arrival = 436.2 s).   [idle robots = 0/40]
2026-07-12 14:08:51 DEBUG:    EVENT NUM 755   current_time = 00:05:06   ARRIVAL_POD_WST       [queue size = 40]
2026-07-12 14:08:51 DEBUG: Pod 842 arrived at workstation 2 - status = IDLE
2026-07-12 14:08:51 DEBUG: Pod queued at workstation.    [picking_buffer = {60: 306.251305217235}]
2026-07-12 14:08:51 DEBUG:    EVENT NUM 756   current_time = 00:05:06   START_PICKING         [queue size = 40]
2026-07-12 14:08:51 DEBUG: Processing task 60 at workstation 2: picking items {6514} for orders {73}
2026-07-12 14:08:51 DEBUG:    EVENT NUM 757   current_time = 00:05:07   RETURN_POD            [queue size = 40]
2026-07-12 14:08:51 DEBUG: Pod 786 returned. Robot 2 idle.   [idle robots = 1/40, released tasks = 101]
2026-07-12 14:08:51 DEBUG:    EVENT NUM 758   current_time = 00:05:07   START_TASK            [queue size = 40]
2026-07-12 14:08:51 DEBUG: Task 86 started: robot 2 → pod 230 → workstation 4 for orders {62} (arrival = 430.5 s).   [idle robots = 0/40]
2026-07-12 14:08:51 DEBUG:    EVENT NUM 759   current_time = 00:05:08   RETURN_POD            [queue size = 40]
2026-07-12 14:08:51 DEBUG: Pod 604 returned. Robot 33 idle.   [idle robots = 1/40, released tasks = 100]
2026-07-12 14:08:51 DEBUG:    EVENT NUM 760   current_time = 00:05:08   START_TASK            [queue size = 40]
2026-07-12 14:08:51 DEBUG: Task 87 started: robot 33 → pod 728 → workstation 4 for orders {50} (arrival = 356.3 s).   [idle robots = 0/40]
2026-07-12 14:08:51 DEBUG:    EVENT NUM 761   current_time = 00:05:08   END_PICKING           [queue size = 40]
2026-07-12 14:08:51 DEBUG: Ended picking at workstation 1.    [picking_buffer len = {59: 306.0690192712195}]
2026-07-12 14:08:51 DEBUG: Task should have served orders {22}, found open orders {64, 99, 36, 22}.
2026-07-12 14:08:51 DEBUG: Task 46 completed: pod 59 returning to storage.
2026-07-12 14:08:51 DEBUG:    EVENT NUM 762   current_time = 00:05:08   CLOSE_ORDER           [queue size = 42]
2026-07-12 14:08:51 DEBUG: Order 22 closed at workstation 1: flow_time = 308.8 s.     [order_buffer = 1] [open_orders = 3/4]
2026-07-12 14:08:51 DEBUG: Next order in buffer: 40
2026-07-12 14:08:51 DEBUG:    EVENT NUM 763   current_time = 00:05:08   START_PICKING         [queue size = 42]
2026-07-12 14:08:51 DEBUG: Processing task 59 at workstation 1: picking items {1194} for orders {99}
2026-07-12 14:08:51 DEBUG:    EVENT NUM 764   current_time = 00:05:08   OPEN_ORDER            [queue size = 42]
2026-07-12 14:08:51 DEBUG: Order 40 (skus required = {8273, 8347}) opened at workstation 1.   [open_orders = 4/4]
2026-07-12 14:08:51 DEBUG:    EVENT NUM 765   current_time = 00:05:08   START_TASK            [queue size = 42]
2026-07-12 14:08:51 DEBUG: Task 88 blocked: no idle robots.
2026-07-12 14:08:51 DEBUG:    EVENT NUM 766   current_time = 00:05:08   ARRIVAL_POD_WST       [queue size = 41]
2026-07-12 14:08:51 DEBUG: Pod 234 arrived at workstation 4 - status = BUSY
2026-07-12 14:08:51 DEBUG: Pod queued at workstation.    [picking_buffer = {74: 308.88043163834163}]
2026-07-12 14:08:51 DEBUG:    EVENT NUM 767   current_time = 00:05:10   ARRIVAL_ORDER         [queue size = 40]
2026-07-12 14:08:51 DEBUG: Order 130 arrived: items_required = [9237, 5939, 10046, 4505].     [orders_in_system = 95]
2026-07-12 14:08:51 DEBUG:    EVENT NUM 768   current_time = 00:05:10   RETURN_POD            [queue size = 40]
2026-07-12 14:08:51 DEBUG: Pod 481 returned. Robot 36 idle.   [idle robots = 1/40, released tasks = 99]
2026-07-12 14:08:51 DEBUG:    EVENT NUM 769   current_time = 00:05:10   START_TASK            [queue size = 40]
2026-07-12 14:08:51 DEBUG: Task 88 started: robot 36 → pod 439 → workstation 3 for orders {76} (arrival = 418.2 s).   [idle robots = 0/40]
2026-07-12 14:08:51 DEBUG:    EVENT NUM 770   current_time = 00:05:11   ARRIVAL_POD_WST       [queue size = 40]
2026-07-12 14:08:51 DEBUG: Pod 846 arrived at workstation 0 - status = IDLE
2026-07-12 14:08:51 DEBUG: Pod queued at workstation.    [picking_buffer = {62: 311.1827370868119}]
2026-07-12 14:08:51 DEBUG:    EVENT NUM 771   current_time = 00:05:11   START_PICKING         [queue size = 40]
2026-07-12 14:08:51 DEBUG: Processing task 62 at workstation 0: picking items {6820} for orders {83}
2026-07-12 14:08:51 DEBUG:    EVENT NUM 772   current_time = 00:05:12   END_PICKING           [queue size = 40]
2026-07-12 14:08:51 DEBUG: Ended picking at workstation 8.    [picking_buffer len = {}]
2026-07-12 14:08:51 DEBUG: Task should have served orders {20}, found open orders {1, 68, 79, 20}.
2026-07-12 14:08:51 DEBUG: Task 80 completed: pod 769 returning to storage.
2026-07-12 14:08:51 DEBUG:    EVENT NUM 773   current_time = 00:05:14   ARRIVAL_POD_WST       [queue size = 40]
2026-07-12 14:08:51 DEBUG: Pod 310 arrived at workstation 2 - status = BUSY
2026-07-12 14:08:51 DEBUG: Pod queued at workstation.    [picking_buffer = {64: 314.6897943450864}]
2026-07-12 14:08:51 DEBUG:    EVENT NUM 774   current_time = 00:05:14   RETURN_POD            [queue size = 39]
2026-07-12 14:08:51 DEBUG: Pod 183 returned. Robot 15 idle.   [idle robots = 1/40, released tasks = 98]
2026-07-12 14:08:51 DEBUG:    EVENT NUM 775   current_time = 00:05:14   START_TASK            [queue size = 39]
2026-07-12 14:08:51 DEBUG: Task 89 started: robot 15 → pod 164 → workstation 6 for orders {13} (arrival = 395.5 s).   [idle robots = 0/40]
2026-07-12 14:08:51 DEBUG:    EVENT NUM 776   current_time = 00:05:15   END_PICKING           [queue size = 39]
2026-07-12 14:08:51 DEBUG: Ended picking at workstation 4.    [picking_buffer len = {74: 308.88043163834163}]
2026-07-12 14:08:51 DEBUG: Task should have served orders {31}, found open orders {50, 57, 62, 31}.
2026-07-12 14:08:51 DEBUG: Task 75 completed: pod 39 returning to storage.
2026-07-12 14:08:51 DEBUG:    EVENT NUM 777   current_time = 00:05:15   START_PICKING         [queue size = 40]
2026-07-12 14:08:51 DEBUG: Processing task 74 at workstation 4: picking items {2948} for orders {57}
2026-07-12 14:08:51 DEBUG:    EVENT NUM 778   current_time = 00:05:16   END_PICKING           [queue size = 40]
2026-07-12 14:08:51 DEBUG: Ended picking at workstation 2.    [picking_buffer len = {64: 314.6897943450864}]
2026-07-12 14:08:51 DEBUG: Task should have served orders {73}, found open orders {73}.
2026-07-12 14:08:51 DEBUG: Task 60 completed: pod 842 returning to storage.
2026-07-12 14:08:51 DEBUG:    EVENT NUM 779   current_time = 00:05:16   START_PICKING         [queue size = 41]
2026-07-12 14:08:51 DEBUG: Processing task 64 at workstation 2: picking items {6518} for orders {73}
2026-07-12 14:08:51 DEBUG:    EVENT NUM 780   current_time = 00:05:17   END_PICKING           [queue size = 41]
2026-07-12 14:08:51 DEBUG: Ended picking at workstation 5.    [picking_buffer len = {}]
2026-07-12 14:08:51 DEBUG: Task should have served orders {96, 53}, found open orders {96, 98, 53, 38}.
2026-07-12 14:08:51 DEBUG: Task 79 completed: pod 657 returning to storage.
2026-07-12 14:08:51 DEBUG:    EVENT NUM 781   current_time = 00:05:18   END_PICKING           [queue size = 41]
2026-07-12 14:08:51 DEBUG: Ended picking at workstation 1.    [picking_buffer len = {}]
2026-07-12 14:08:51 DEBUG: Task should have served orders {99}, found open orders {64, 99, 36, 40}.
2026-07-12 14:08:51 DEBUG: Task 59 completed: pod 870 returning to storage.
2026-07-12 14:08:51 DEBUG:    EVENT NUM 782   current_time = 00:05:18   CLOSE_ORDER           [queue size = 42]
2026-07-12 14:08:51 DEBUG: Order 99 closed at workstation 1: flow_time = 318.8 s.     [order_buffer = 0] [open_orders = 3/4]
2026-07-12 14:08:51 DEBUG:    EVENT NUM 783   current_time = 00:05:19   RETURN_POD            [queue size = 41]
2026-07-12 14:08:51 DEBUG: Pod 12 returned. Robot 35 idle.   [idle robots = 1/40, released tasks = 97]
2026-07-12 14:08:51 DEBUG:    EVENT NUM 784   current_time = 00:05:19   START_TASK            [queue size = 41]
2026-07-12 14:08:51 DEBUG: Task 90 started: robot 35 → pod 731 → workstation 3 for orders {74} (arrival = 347.2 s).   [idle robots = 0/40]
2026-07-12 14:08:51 DEBUG:    EVENT NUM 785   current_time = 00:05:20   ARRIVAL_ORDER         [queue size = 41]
2026-07-12 14:08:51 DEBUG: Order 131 arrived: items_required = [8633, 8105].     [orders_in_system = 95]
2026-07-12 14:08:51 DEBUG:    EVENT NUM 786   current_time = 00:05:21   END_PICKING           [queue size = 41]
2026-07-12 14:08:51 DEBUG: Ended picking at workstation 0.    [picking_buffer len = {}]
2026-07-12 14:08:51 DEBUG: Task should have served orders {83}, found open orders {46, 83, 30}.
2026-07-12 14:08:51 DEBUG: Task 62 completed: pod 846 returning to storage.
2026-07-12 14:08:51 DEBUG:    EVENT NUM 787   current_time = 00:05:24   RETURN_POD            [queue size = 41]
2026-07-12 14:08:51 DEBUG: Pod 391 returned. Robot 16 idle.   [idle robots = 1/40, released tasks = 96]
2026-07-12 14:08:51 DEBUG:    EVENT NUM 788   current_time = 00:05:24   START_TASK            [queue size = 41]
2026-07-12 14:08:51 DEBUG: Task 91 started: robot 16 → pod 886 → workstation 3 for orders {16} (arrival = 363.5 s).   [idle robots = 0/40]
2026-07-12 14:08:51 DEBUG:    EVENT NUM 789   current_time = 00:05:25   END_PICKING           [queue size = 41]
2026-07-12 14:08:51 DEBUG: Ended picking at workstation 4.    [picking_buffer len = {}]
2026-07-12 14:08:51 DEBUG: Task should have served orders {57}, found open orders {50, 57, 62, 31}.
2026-07-12 14:08:51 DEBUG: Task 74 completed: pod 234 returning to storage.
2026-07-12 14:08:51 DEBUG:    EVENT NUM 790   current_time = 00:05:25   CLOSE_ORDER           [queue size = 42]
2026-07-12 14:08:51 DEBUG: Order 57 closed at workstation 4: flow_time = 325.2 s.     [order_buffer = 0] [open_orders = 3/4]
2026-07-12 14:08:51 DEBUG:    EVENT NUM 791   current_time = 00:05:26   END_PICKING           [queue size = 41]
2026-07-12 14:08:51 DEBUG: Ended picking at workstation 2.    [picking_buffer len = {}]
2026-07-12 14:08:51 DEBUG: Task should have served orders {73}, found open orders {73}.
2026-07-12 14:08:51 DEBUG: Task 64 completed: pod 310 returning to storage.
2026-07-12 14:08:51 DEBUG:    EVENT NUM 792   current_time = 00:05:26   ARRIVAL_POD_WST       [queue size = 41]
2026-07-12 14:08:51 DEBUG: Pod 342 arrived at workstation 2 - status = IDLE
2026-07-12 14:08:51 DEBUG: Pod queued at workstation.    [picking_buffer = {69: 326.88149651689037}]
2026-07-12 14:08:51 DEBUG:    EVENT NUM 793   current_time = 00:05:26   START_PICKING         [queue size = 41]
2026-07-12 14:08:51 DEBUG: Processing task 69 at workstation 2: picking items {8892} for orders {73}
2026-07-12 14:08:51 DEBUG:    EVENT NUM 794   current_time = 00:05:30   ARRIVAL_ORDER         [queue size = 41]
2026-07-12 14:08:51 DEBUG: Order 132 arrived: items_required = [5895, 9021].     [orders_in_system = 95]
2026-07-12 14:08:51 DEBUG:    EVENT NUM 795   current_time = 00:05:31   RETURN_POD            [queue size = 41]
2026-07-12 14:08:51 DEBUG: Pod 195 returned. Robot 31 idle.   [idle robots = 1/40, released tasks = 95]
2026-07-12 14:08:51 DEBUG:    EVENT NUM 796   current_time = 00:05:31   START_TASK            [queue size = 41]
2026-07-12 14:08:51 DEBUG: Task 92 started: robot 31 → pod 829 → workstation 3 for orders {16} (arrival = 391.7 s).   [idle robots = 0/40]
2026-07-12 14:08:51 DEBUG:    EVENT NUM 797   current_time = 00:05:31   ARRIVAL_POD_WST       [queue size = 41]
2026-07-12 14:08:51 DEBUG: Pod 217 arrived at workstation 0 - status = IDLE
2026-07-12 14:08:51 DEBUG: Pod queued at workstation.    [picking_buffer = {55: 331.2834026121931}]
2026-07-12 14:08:51 DEBUG:    EVENT NUM 798   current_time = 00:05:31   START_PICKING         [queue size = 41]
2026-07-12 14:08:51 DEBUG: Processing task 55 at workstation 0: picking items {6082} for orders {46}
2026-07-12 14:08:51 DEBUG:    EVENT NUM 799   current_time = 00:05:36   END_PICKING           [queue size = 41]
2026-07-12 14:08:51 DEBUG: Ended picking at workstation 2.    [picking_buffer len = {}]
2026-07-12 14:08:51 DEBUG: Task should have served orders {73}, found open orders {73}.
2026-07-12 14:08:51 DEBUG: Task 69 completed: pod 342 returning to storage.
2026-07-12 14:08:51 DEBUG:    EVENT NUM 800   current_time = 00:05:36   ARRIVAL_POD_WST       [queue size = 41]
2026-07-12 14:08:51 DEBUG: Pod 181 arrived at workstation 0 - status = BUSY
2026-07-12 14:08:51 DEBUG: Pod queued at workstation.    [picking_buffer = {44: 336.9143700305852}]
2026-07-12 14:08:51 DEBUG:    EVENT NUM 801   current_time = 00:05:37   RETURN_POD            [queue size = 40]
2026-07-12 14:08:51 DEBUG: Pod 190 returned. Robot 34 idle.   [idle robots = 1/40, released tasks = 94]
2026-07-12 14:08:51 DEBUG:    EVENT NUM 802   current_time = 00:05:37   START_TASK            [queue size = 40]
2026-07-12 14:08:51 DEBUG: Task 94 started: robot 34 → pod 471 → workstation 6 for orders {13} (arrival = 433.4 s).   [idle robots = 0/40]
2026-07-12 14:08:51 DEBUG:    EVENT NUM 803   current_time = 00:05:40   ARRIVAL_ORDER         [queue size = 40]
2026-07-12 14:08:51 DEBUG: Order 133 arrived: items_required = [5190, 7774, 3427, 3633].     [orders_in_system = 96]
2026-07-12 14:08:51 DEBUG:    EVENT NUM 804   current_time = 00:05:41   END_PICKING           [queue size = 40]
2026-07-12 14:08:51 DEBUG: Ended picking at workstation 0.    [picking_buffer len = {44: 336.9143700305852}]
2026-07-12 14:08:51 DEBUG: Task should have served orders {46}, found open orders {46, 83, 30}.
2026-07-12 14:08:51 DEBUG: Task 55 completed: pod 217 returning to storage.
2026-07-12 14:08:51 DEBUG:    EVENT NUM 805   current_time = 00:05:41   CLOSE_ORDER           [queue size = 42]
2026-07-12 14:08:51 DEBUG: Order 46 closed at workstation 0: flow_time = 341.3 s.     [order_buffer = 0] [open_orders = 2/4]
2026-07-12 14:08:51 DEBUG:    EVENT NUM 806   current_time = 00:05:41   START_PICKING         [queue size = 41]
2026-07-12 14:08:51 DEBUG: Processing task 44 at workstation 0: picking items {7510} for orders {30}
2026-07-12 14:08:51 DEBUG:    EVENT NUM 807   current_time = 00:05:43   RETURN_POD            [queue size = 41]
2026-07-12 14:08:51 DEBUG: Pod 545 returned. Robot 24 idle.   [idle robots = 1/40, released tasks = 93]
2026-07-12 14:08:51 DEBUG:    EVENT NUM 808   current_time = 00:05:43   START_TASK            [queue size = 41]
2026-07-12 14:08:51 DEBUG: Task 95 started: robot 24 → pod 163 → workstation 5 for orders {96} (arrival = 429.8 s).   [idle robots = 0/40]
2026-07-12 14:08:51 DEBUG:    EVENT NUM 809   current_time = 00:05:45   RETURN_POD            [queue size = 41]
2026-07-12 14:08:51 DEBUG: Pod 846 returned. Robot 17 idle.   [idle robots = 1/40, released tasks = 92]
2026-07-12 14:08:51 DEBUG:    EVENT NUM 810   current_time = 00:05:45   START_TASK            [queue size = 41]
2026-07-12 14:08:51 DEBUG: Task 96 started: robot 17 → pod 804 → workstation 6 for orders {75} (arrival = 430.6 s).   [idle robots = 0/40]
2026-07-12 14:08:51 DEBUG:    EVENT NUM 811   current_time = 00:05:47   ARRIVAL_POD_WST       [queue size = 41]
2026-07-12 14:08:51 DEBUG: Pod 731 arrived at workstation 3 - status = IDLE
2026-07-12 14:08:51 DEBUG: Pod queued at workstation.    [picking_buffer = {90: 347.1536869470125}]
2026-07-12 14:08:51 DEBUG:    EVENT NUM 812   current_time = 00:05:47   START_PICKING         [queue size = 41]
2026-07-12 14:08:51 DEBUG: Processing task 90 at workstation 3: picking items {10370} for orders {74}
2026-07-12 14:08:51 DEBUG:    EVENT NUM 813   current_time = 00:05:50   ARRIVAL_ORDER         [queue size = 41]
2026-07-12 14:08:51 DEBUG: Order 134 arrived: items_required = [1522, 3027].     [orders_in_system = 96]
2026-07-12 14:08:51 DEBUG:    EVENT NUM 814   current_time = 00:05:51   END_PICKING           [queue size = 41]
2026-07-12 14:08:51 DEBUG: Ended picking at workstation 0.    [picking_buffer len = {}]
2026-07-12 14:08:51 DEBUG: Task should have served orders {30}, found open orders {83, 30}.
2026-07-12 14:08:51 DEBUG: Task 44 completed: pod 181 returning to storage.
2026-07-12 14:08:51 DEBUG:    EVENT NUM 815   current_time = 00:05:51   CLOSE_ORDER           [queue size = 42]
2026-07-12 14:08:51 DEBUG: Order 30 closed at workstation 0: flow_time = 351.3 s.     [order_buffer = 0] [open_orders = 1/4]
2026-07-12 14:08:51 DEBUG:    EVENT NUM 816   current_time = 00:05:52   RETURN_POD            [queue size = 41]
2026-07-12 14:08:51 DEBUG: Pod 753 returned. Robot 39 idle.   [idle robots = 1/40, released tasks = 91]
2026-07-12 14:08:51 DEBUG:    EVENT NUM 817   current_time = 00:05:52   START_TASK            [queue size = 41]
2026-07-12 14:08:51 DEBUG: Task 97 started: robot 39 → pod 77 → workstation 5 for orders {96} (arrival = 476.3 s).   [idle robots = 0/40]
2026-07-12 14:08:51 DEBUG:    EVENT NUM 818   current_time = 00:05:53   RETURN_POD            [queue size = 41]
2026-07-12 14:08:51 DEBUG: Pod 15 returned. Robot 11 idle.   [idle robots = 1/40, released tasks = 90]
2026-07-12 14:08:51 DEBUG:    EVENT NUM 819   current_time = 00:05:53   START_TASK            [queue size = 41]
2026-07-12 14:08:51 DEBUG: Task 98 started: robot 11 → pod 763 → workstation 4 for orders {50} (arrival = 379.2 s).   [idle robots = 0/40]
2026-07-12 14:08:51 DEBUG:    EVENT NUM 820   current_time = 00:05:53   RETURN_POD            [queue size = 41]
2026-07-12 14:08:51 DEBUG: Pod 782 returned. Robot 14 idle.   [idle robots = 1/40, released tasks = 89]
2026-07-12 14:08:51 DEBUG:    EVENT NUM 821   current_time = 00:05:53   START_TASK            [queue size = 41]
2026-07-12 14:08:51 DEBUG: Task 99 started: robot 14 → pod 425 → workstation 3 for orders {76} (arrival = 456.4 s).   [idle robots = 0/40]
2026-07-12 14:08:51 DEBUG:    EVENT NUM 822   current_time = 00:05:54   RETURN_POD            [queue size = 41]
2026-07-12 14:08:51 DEBUG: Pod 769 returned. Robot 3 idle.   [idle robots = 1/40, released tasks = 88]
2026-07-12 14:08:51 DEBUG:    EVENT NUM 823   current_time = 00:05:54   START_TASK            [queue size = 41]
2026-07-12 14:08:51 DEBUG: Task 100 started: robot 3 → pod 4 → workstation 6 for orders {13} (arrival = 518.7 s).   [idle robots = 0/40]
2026-07-12 14:08:51 DEBUG:    EVENT NUM 824   current_time = 00:05:56   ARRIVAL_POD_WST       [queue size = 41]
2026-07-12 14:08:51 DEBUG: Pod 728 arrived at workstation 4 - status = IDLE
2026-07-12 14:08:51 DEBUG: Pod queued at workstation.    [picking_buffer = {87: 356.2787064884204}]
2026-07-12 14:08:51 DEBUG:    EVENT NUM 825   current_time = 00:05:56   START_PICKING         [queue size = 41]
2026-07-12 14:08:51 DEBUG: Processing task 87 at workstation 4: picking items {7384} for orders {50}
2026-07-12 14:08:51 DEBUG:    EVENT NUM 826   current_time = 00:05:57   END_PICKING           [queue size = 41]
2026-07-12 14:08:51 DEBUG: Ended picking at workstation 3.    [picking_buffer len = {}]
2026-07-12 14:08:51 DEBUG: Task should have served orders {74}, found open orders {8, 74, 76, 16}.
2026-07-12 14:08:51 DEBUG: Task 90 completed: pod 731 returning to storage.
2026-07-12 14:08:51 DEBUG:    EVENT NUM 827   current_time = 00:05:57   CLOSE_ORDER           [queue size = 42]
2026-07-12 14:08:51 DEBUG: Order 74 closed at workstation 3: flow_time = 357.2 s.     [order_buffer = 1] [open_orders = 3/4]
2026-07-12 14:08:51 DEBUG: Next order in buffer: 9
2026-07-12 14:08:51 DEBUG:    EVENT NUM 828   current_time = 00:05:57   OPEN_ORDER            [queue size = 42]
2026-07-12 14:08:51 DEBUG: Order 9 (skus required = {2593, 6036}) opened at workstation 3.   [open_orders = 4/4]
2026-07-12 14:08:51 DEBUG:    EVENT NUM 829   current_time = 00:05:57   START_TASK            [queue size = 42]
2026-07-12 14:08:51 DEBUG: Task 101 blocked: no idle robots.
2026-07-12 14:08:51 DEBUG:    EVENT NUM 830   current_time = 00:06:00   ARRIVAL_ORDER         [queue size = 41]
2026-07-12 14:08:51 DEBUG: Order 135 arrived: items_required = [6634, 4700, 5027, 9692, 5404, 10073, 12397].     [orders_in_system = 95]
2026-07-12 14:08:51 DEBUG:    EVENT NUM 831   current_time = 00:06:03   ARRIVAL_POD_WST       [queue size = 41]
2026-07-12 14:08:51 DEBUG: Pod 886 arrived at workstation 3 - status = IDLE
2026-07-12 14:08:51 DEBUG: Pod queued at workstation.    [picking_buffer = {91: 363.5296594137719}]
2026-07-12 14:08:51 DEBUG:    EVENT NUM 832   current_time = 00:06:03   START_PICKING         [queue size = 41]
2026-07-12 14:08:51 DEBUG: Processing task 91 at workstation 3: picking items {4225} for orders {16}
2026-07-12 14:08:51 DEBUG:    EVENT NUM 833   current_time = 00:06:05   RETURN_POD            [queue size = 41]
2026-07-12 14:08:51 DEBUG: Pod 272 returned. Robot 18 idle.   [idle robots = 1/40, released tasks = 87]
2026-07-12 14:08:51 DEBUG:    EVENT NUM 834   current_time = 00:06:05   START_TASK            [queue size = 41]
2026-07-12 14:08:51 DEBUG: Task 101 started: robot 18 → pod 679 → workstation 5 for orders {96} (arrival = 428.4 s).   [idle robots = 0/40]
2026-07-12 14:08:51 DEBUG:    EVENT NUM 835   current_time = 00:06:05   RETURN_POD            [queue size = 41]
2026-07-12 14:08:51 DEBUG: Pod 353 returned. Robot 37 idle.   [idle robots = 1/40, released tasks = 86]
2026-07-12 14:08:51 DEBUG:    EVENT NUM 836   current_time = 00:06:05   START_TASK            [queue size = 41]
2026-07-12 14:08:51 DEBUG: Task 102 started: robot 37 → pod 815 → workstation 5 for orders {96} (arrival = 435.2 s).   [idle robots = 0/40]
2026-07-12 14:08:51 DEBUG:    EVENT NUM 837   current_time = 00:06:06   END_PICKING           [queue size = 41]
2026-07-12 14:08:51 DEBUG: Ended picking at workstation 4.    [picking_buffer len = {}]
2026-07-12 14:08:51 DEBUG: Task should have served orders {50}, found open orders {50, 62, 31}.
2026-07-12 14:08:51 DEBUG: Task 87 completed: pod 728 returning to storage.
2026-07-12 14:08:51 DEBUG:    EVENT NUM 838   current_time = 00:06:06   ARRIVAL_POD_WST       [queue size = 41]
2026-07-12 14:08:51 DEBUG: Pod 625 arrived at workstation 6 - status = IDLE
2026-07-12 14:08:51 DEBUG: Pod queued at workstation.    [picking_buffer = {81: 366.3302845126931}]
2026-07-12 14:08:51 DEBUG:    EVENT NUM 839   current_time = 00:06:06   START_PICKING         [queue size = 41]
2026-07-12 14:08:51 DEBUG: Processing task 81 at workstation 6: picking items {12200} for orders {3}
2026-07-12 14:08:51 DEBUG:    EVENT NUM 840   current_time = 00:06:07   ARRIVAL_POD_WST       [queue size = 41]
2026-07-12 14:08:51 DEBUG: Pod 89 arrived at workstation 5 - status = IDLE
2026-07-12 14:08:51 DEBUG: Pod queued at workstation.    [picking_buffer = {76: 367.97766334208336}]
2026-07-12 14:08:51 DEBUG:    EVENT NUM 841   current_time = 00:06:07   START_PICKING         [queue size = 41]
2026-07-12 14:08:51 DEBUG: Processing task 76 at workstation 5: picking items {6992} for orders {98}
2026-07-12 14:08:51 DEBUG:    EVENT NUM 842   current_time = 00:06:10   ARRIVAL_ORDER         [queue size = 41]
2026-07-12 14:08:51 DEBUG: Order 136 arrived: items_required = [7209].     [orders_in_system = 96]
2026-07-12 14:08:51 DEBUG:    EVENT NUM 843   current_time = 00:06:13   END_PICKING           [queue size = 41]
2026-07-12 14:08:51 DEBUG: Ended picking at workstation 3.    [picking_buffer len = {}]
2026-07-12 14:08:51 DEBUG: Task should have served orders {16}, found open orders {8, 9, 76, 16}.
2026-07-12 14:08:51 DEBUG: Task 91 completed: pod 886 returning to storage.
2026-07-12 14:08:51 DEBUG:    EVENT NUM 844   current_time = 00:06:15   RETURN_POD            [queue size = 41]
2026-07-12 14:08:51 DEBUG: Pod 842 returned. Robot 10 idle.   [idle robots = 1/40, released tasks = 85]
2026-07-12 14:08:51 DEBUG:    EVENT NUM 845   current_time = 00:06:15   START_TASK            [queue size = 41]
2026-07-12 14:08:51 DEBUG: Task 103 started: robot 10 → pod 490 → workstation 4 for orders {50} (arrival = 444.7 s).   [idle robots = 0/40]
2026-07-12 14:08:51 DEBUG:    EVENT NUM 846   current_time = 00:06:16   END_PICKING           [queue size = 41]
2026-07-12 14:08:51 DEBUG: Ended picking at workstation 6.    [picking_buffer len = {}]
2026-07-12 14:08:51 DEBUG: Task should have served orders {3}, found open orders {49, 75, 3, 13}.
2026-07-12 14:08:51 DEBUG: Task 81 completed: pod 625 returning to storage.
2026-07-12 14:08:51 DEBUG:    EVENT NUM 847   current_time = 00:06:17   ARRIVAL_POD_WST       [queue size = 41]
2026-07-12 14:08:51 DEBUG: Pod 249 arrived at workstation 0 - status = IDLE
2026-07-12 14:08:51 DEBUG: Pod queued at workstation.    [picking_buffer = {66: 377.1950320089831}]
2026-07-12 14:08:51 DEBUG:    EVENT NUM 848   current_time = 00:06:17   START_PICKING         [queue size = 41]
2026-07-12 14:08:51 DEBUG: Processing task 66 at workstation 0: picking items {6295} for orders {83}
2026-07-12 14:08:51 DEBUG:    EVENT NUM 849   current_time = 00:06:17   ARRIVAL_POD_WST       [queue size = 41]
2026-07-12 14:08:51 DEBUG: Pod 184 arrived at workstation 2 - status = IDLE
2026-07-12 14:08:51 DEBUG: Pod queued at workstation.    [picking_buffer = {73: 377.3940944069717}]
2026-07-12 14:08:51 DEBUG:    EVENT NUM 850   current_time = 00:06:17   START_PICKING         [queue size = 41]
2026-07-12 14:08:51 DEBUG: Processing task 73 at workstation 2: picking items {4604} for orders {73}
2026-07-12 14:08:51 DEBUG:    EVENT NUM 851   current_time = 00:06:17   END_PICKING           [queue size = 41]
2026-07-12 14:08:51 DEBUG: Ended picking at workstation 5.    [picking_buffer len = {}]
2026-07-12 14:08:51 DEBUG: Task should have served orders {98}, found open orders {96, 98, 53, 38}.
2026-07-12 14:08:51 DEBUG: Task 76 heading to workstation 5.
2026-07-12 14:08:51 DEBUG:    EVENT NUM 852   current_time = 00:06:17   CLOSE_ORDER           [queue size = 42]
2026-07-12 14:08:51 DEBUG: Order 98 closed at workstation 5: flow_time = 378.0 s.     [order_buffer = 1] [open_orders = 3/4]
2026-07-12 14:08:51 DEBUG: Next order in buffer: 67
2026-07-12 14:08:51 DEBUG:    EVENT NUM 853   current_time = 00:06:17   ARRIVAL_POD_WST       [queue size = 42]
2026-07-12 14:08:51 DEBUG: Pod 89 arrived at workstation 5 - status = IDLE
2026-07-12 14:08:51 DEBUG: Pod queued at workstation.    [picking_buffer = {76: 377.97766334208336}]
2026-07-12 14:08:51 DEBUG:    EVENT NUM 854   current_time = 00:06:17   OPEN_ORDER            [queue size = 42]
2026-07-12 14:08:51 DEBUG: Order 67 (skus required = {6519}) opened at workstation 5.   [open_orders = 4/4]
2026-07-12 14:08:51 DEBUG:    EVENT NUM 855   current_time = 00:06:17   START_PICKING         [queue size = 43]
2026-07-12 14:08:51 DEBUG: Processing task 76 at workstation 5: picking items {8624} for orders {96}
2026-07-12 14:08:51 DEBUG:    EVENT NUM 856   current_time = 00:06:17   START_TASK            [queue size = 43]
2026-07-12 14:08:51 DEBUG: Task 104 blocked: no idle robots.
2026-07-12 14:08:51 DEBUG:    EVENT NUM 857   current_time = 00:06:17   START_PICKING         [queue size = 42]
2026-07-12 14:08:51 DEBUG:    EVENT NUM 858   current_time = 00:06:19   ARRIVAL_POD_WST       [queue size = 41]
2026-07-12 14:08:51 DEBUG: Pod 763 arrived at workstation 4 - status = IDLE
2026-07-12 14:08:51 DEBUG: Pod queued at workstation.    [picking_buffer = {98: 379.1988988053627}]
2026-07-12 14:08:51 DEBUG:    EVENT NUM 859   current_time = 00:06:19   START_PICKING         [queue size = 41]
2026-07-12 14:08:51 DEBUG: Processing task 98 at workstation 4: picking items {8972} for orders {50}
2026-07-12 14:08:51 DEBUG:    EVENT NUM 860   current_time = 00:06:19   RETURN_POD            [queue size = 41]
2026-07-12 14:08:51 DEBUG: Pod 809 returned. Robot 4 idle.   [idle robots = 1/40, released tasks = 84]
2026-07-12 14:08:51 DEBUG:    EVENT NUM 861   current_time = 00:06:19   START_TASK            [queue size = 41]
2026-07-12 14:08:51 DEBUG: Task 104 started: robot 4 → pod 157 → workstation 3 for orders {9} (arrival = 491.4 s).   [idle robots = 0/40]
2026-07-12 14:08:51 DEBUG:    EVENT NUM 862   current_time = 00:06:20   ARRIVAL_ORDER         [queue size = 41]
2026-07-12 14:08:51 DEBUG: Order 137 arrived: items_required = [11129, 3437].     [orders_in_system = 96]
2026-07-12 14:08:51 DEBUG:    EVENT NUM 863   current_time = 00:06:21   ARRIVAL_POD_WST       [queue size = 41]
2026-07-12 14:08:51 DEBUG: Pod 602 arrived at workstation 1 - status = IDLE
2026-07-12 14:08:51 DEBUG: Pod queued at workstation.    [picking_buffer = {65: 381.254670080839}]
2026-07-12 14:08:51 DEBUG:    EVENT NUM 864   current_time = 00:06:21   START_PICKING         [queue size = 41]
2026-07-12 14:08:51 DEBUG: Processing task 65 at workstation 1: picking items {8273} for orders {40}
2026-07-12 14:08:51 DEBUG:    EVENT NUM 865   current_time = 00:06:21   ARRIVAL_POD_WST       [queue size = 41]
2026-07-12 14:08:51 DEBUG: Pod 372 arrived at workstation 6 - status = IDLE
2026-07-12 14:08:51 DEBUG: Pod queued at workstation.    [picking_buffer = {84: 381.80056104781676}]
2026-07-12 14:08:51 DEBUG:    EVENT NUM 866   current_time = 00:06:21   START_PICKING         [queue size = 41]
2026-07-12 14:08:51 DEBUG: Processing task 84 at workstation 6: picking items {5626} for orders {3}
2026-07-12 14:08:51 DEBUG:    EVENT NUM 867   current_time = 00:06:24   RETURN_POD            [queue size = 41]
2026-07-12 14:08:51 DEBUG: Pod 731 returned. Robot 35 idle.   [idle robots = 1/40, released tasks = 83]
2026-07-12 14:08:51 DEBUG:    EVENT NUM 868   current_time = 00:06:24   START_TASK            [queue size = 41]
2026-07-12 14:08:51 DEBUG: Task 105 started: robot 35 → pod 664 → workstation 5 for orders {96} (arrival = 473.5 s).   [idle robots = 0/40]
2026-07-12 14:08:51 DEBUG:    EVENT NUM 869   current_time = 00:06:27   END_PICKING           [queue size = 41]
2026-07-12 14:08:51 DEBUG: Ended picking at workstation 0.    [picking_buffer len = {}]
2026-07-12 14:08:51 DEBUG: Task should have served orders {83}, found open orders {83}.
2026-07-12 14:08:51 DEBUG: Task 66 completed: pod 249 returning to storage.
2026-07-12 14:08:51 DEBUG:    EVENT NUM 870   current_time = 00:06:27   CLOSE_ORDER           [queue size = 42]
2026-07-12 14:08:51 DEBUG: Order 83 closed at workstation 0: flow_time = 387.2 s.     [order_buffer = 0] [open_orders = 0/4]
2026-07-12 14:08:51 DEBUG:    EVENT NUM 871   current_time = 00:06:27   END_PICKING           [queue size = 41]
2026-07-12 14:08:51 DEBUG: Ended picking at workstation 2.    [picking_buffer len = {}]
2026-07-12 14:08:51 DEBUG: Task should have served orders {73}, found open orders {73}.
2026-07-12 14:08:51 DEBUG: Task 73 completed: pod 184 returning to storage.
2026-07-12 14:08:51 DEBUG:    EVENT NUM 872   current_time = 00:06:27   CLOSE_ORDER           [queue size = 42]
2026-07-12 14:08:51 DEBUG: Order 73 closed at workstation 2: flow_time = 387.4 s.     [order_buffer = 0] [open_orders = 0/4]
2026-07-12 14:08:51 DEBUG:    EVENT NUM 873   current_time = 00:06:27   END_PICKING           [queue size = 41]
2026-07-12 14:08:51 DEBUG: Ended picking at workstation 5.    [picking_buffer len = {}]
2026-07-12 14:08:51 DEBUG: Task should have served orders {96}, found open orders {96, 67, 38, 53}.
2026-07-12 14:08:51 DEBUG: Task 76 completed: pod 89 returning to storage.
2026-07-12 14:08:51 DEBUG:    EVENT NUM 874   current_time = 00:06:29   END_PICKING           [queue size = 41]
2026-07-12 14:08:51 DEBUG: Ended picking at workstation 4.    [picking_buffer len = {}]
2026-07-12 14:08:51 DEBUG: Task should have served orders {50}, found open orders {50, 62, 31}.
2026-07-12 14:08:51 DEBUG: Task 98 completed: pod 763 returning to storage.
2026-07-12 14:08:51 DEBUG:    EVENT NUM 875   current_time = 00:06:29   RETURN_POD            [queue size = 41]
2026-07-12 14:08:51 DEBUG: Pod 232 returned. Robot 7 idle.   [idle robots = 1/40, released tasks = 82]
2026-07-12 14:08:51 DEBUG:    EVENT NUM 876   current_time = 00:06:29   START_TASK            [queue size = 41]
2026-07-12 14:08:51 DEBUG: Task 106 started: robot 7 → pod 550 → workstation 4 for orders {31} (arrival = 449.3 s).   [idle robots = 0/40]
2026-07-12 14:08:51 DEBUG:    EVENT NUM 877   current_time = 00:06:30   ARRIVAL_ORDER         [queue size = 41]
2026-07-12 14:08:51 DEBUG: Order 138 arrived: items_required = [2198].     [orders_in_system = 95]
2026-07-12 14:08:51 DEBUG:    EVENT NUM 878   current_time = 00:06:31   END_PICKING           [queue size = 41]
2026-07-12 14:08:51 DEBUG: Ended picking at workstation 1.    [picking_buffer len = {}]
2026-07-12 14:08:51 DEBUG: Task should have served orders {40}, found open orders {64, 36, 40}.
2026-07-12 14:08:51 DEBUG: Task 65 completed: pod 602 returning to storage.
2026-07-12 14:08:51 DEBUG:    EVENT NUM 879   current_time = 00:06:31   RETURN_POD            [queue size = 41]
2026-07-12 14:08:51 DEBUG: Pod 870 returned. Robot 38 idle.   [idle robots = 1/40, released tasks = 81]
2026-07-12 14:08:51 DEBUG:    EVENT NUM 880   current_time = 00:06:31   START_TASK            [queue size = 41]
2026-07-12 14:08:51 DEBUG: Task 107 started: robot 38 → pod 788 → workstation 6 for orders {75} (arrival = 446.7 s).   [idle robots = 0/40]
2026-07-12 14:08:51 DEBUG:    EVENT NUM 881   current_time = 00:06:31   ARRIVAL_POD_WST       [queue size = 41]
2026-07-12 14:08:51 DEBUG: Pod 829 arrived at workstation 3 - status = IDLE
2026-07-12 14:08:51 DEBUG: Pod queued at workstation.    [picking_buffer = {92: 391.71774743298494}]
2026-07-12 14:08:51 DEBUG:    EVENT NUM 882   current_time = 00:06:31   START_PICKING         [queue size = 41]
2026-07-12 14:08:51 DEBUG: Processing task 92 at workstation 3: picking items {2403} for orders {16}
2026-07-12 14:08:51 DEBUG:    EVENT NUM 883   current_time = 00:06:31   END_PICKING           [queue size = 41]
2026-07-12 14:08:51 DEBUG: Ended picking at workstation 6.    [picking_buffer len = {}]
2026-07-12 14:08:51 DEBUG: Task should have served orders {3}, found open orders {49, 75, 3, 13}.
2026-07-12 14:08:51 DEBUG: Task 84 completed: pod 372 returning to storage.
2026-07-12 14:08:51 DEBUG:    EVENT NUM 884   current_time = 00:06:31   CLOSE_ORDER           [queue size = 42]
2026-07-12 14:08:51 DEBUG: Order 3 closed at workstation 6: flow_time = 391.8 s.     [order_buffer = 0] [open_orders = 3/4]
2026-07-12 14:08:51 DEBUG:    EVENT NUM 885   current_time = 00:06:33   RETURN_POD            [queue size = 41]
2026-07-12 14:08:51 DEBUG: Pod 310 returned. Robot 27 idle.   [idle robots = 1/40, released tasks = 80]
2026-07-12 14:08:51 DEBUG:    EVENT NUM 886   current_time = 00:06:33   START_TASK            [queue size = 41]
2026-07-12 14:08:51 DEBUG: Task 109 started: robot 27 → pod 70 → workstation 4 for orders {50} (arrival = 507.0 s).   [idle robots = 0/40]
2026-07-12 14:08:51 DEBUG:    EVENT NUM 887   current_time = 00:06:35   ARRIVAL_POD_WST       [queue size = 41]
2026-07-12 14:08:51 DEBUG: Pod 164 arrived at workstation 6 - status = IDLE
2026-07-12 14:08:51 DEBUG: Pod queued at workstation.    [picking_buffer = {89: 395.53704588530906}]
2026-07-12 14:08:51 DEBUG:    EVENT NUM 888   current_time = 00:06:35   START_PICKING         [queue size = 41]
2026-07-12 14:08:51 DEBUG: Processing task 89 at workstation 6: picking items {8076} for orders {13}
2026-07-12 14:08:51 DEBUG:    EVENT NUM 889   current_time = 00:06:37   RETURN_POD            [queue size = 41]
2026-07-12 14:08:51 DEBUG: Pod 810 returned. Robot 28 idle.   [idle robots = 1/40, released tasks = 79]
2026-07-12 14:08:51 DEBUG:    EVENT NUM 890   current_time = 00:06:37   START_TASK            [queue size = 41]
2026-07-12 14:08:51 DEBUG: Task 110 started: robot 28 → pod 817 → workstation 6 for orders {75} (arrival = 459.1 s).   [idle robots = 0/40]
2026-07-12 14:08:51 DEBUG:    EVENT NUM 891   current_time = 00:06:40   ARRIVAL_ORDER         [queue size = 41]
2026-07-12 14:08:51 DEBUG: Order 139 arrived: items_required = [4560, 10247, 6630, 2027].     [orders_in_system = 95]
2026-07-12 14:08:51 DEBUG:    EVENT NUM 892   current_time = 00:06:41   END_PICKING           [queue size = 41]
2026-07-12 14:08:51 DEBUG: Ended picking at workstation 3.    [picking_buffer len = {}]
2026-07-12 14:08:51 DEBUG: Task should have served orders {16}, found open orders {8, 9, 76, 16}.
2026-07-12 14:08:51 DEBUG: Task 92 completed: pod 829 returning to storage.
2026-07-12 14:08:51 DEBUG:    EVENT NUM 893   current_time = 00:06:45   END_PICKING           [queue size = 41]
2026-07-12 14:08:51 DEBUG: Ended picking at workstation 6.    [picking_buffer len = {}]
2026-07-12 14:08:51 DEBUG: Task should have served orders {13}, found open orders {49, 75, 13}.
2026-07-12 14:08:51 DEBUG: Task 89 completed: pod 164 returning to storage.
2026-07-12 14:08:51 DEBUG:    EVENT NUM 894   current_time = 00:06:50   ARRIVAL_ORDER         [queue size = 41]
2026-07-12 14:08:51 DEBUG: Order 140 arrived: items_required = [11694].     [orders_in_system = 96]
2026-07-12 14:08:51 DEBUG:    EVENT NUM 895   current_time = 00:06:52   ARRIVAL_POD_WST       [queue size = 41]
2026-07-12 14:08:51 DEBUG: Pod 263 arrived at workstation 4 - status = IDLE
2026-07-12 14:08:51 DEBUG: Pod queued at workstation.    [picking_buffer = {83: 412.9766621191426}]
2026-07-12 14:08:51 DEBUG:    EVENT NUM 896   current_time = 00:06:52   START_PICKING         [queue size = 41]
2026-07-12 14:08:51 DEBUG: Processing task 83 at workstation 4: picking items {5612} for orders {62}
2026-07-12 14:08:51 DEBUG:    EVENT NUM 897   current_time = 00:06:54   RETURN_POD            [queue size = 41]
2026-07-12 14:08:51 DEBUG: Pod 886 returned. Robot 16 idle.   [idle robots = 1/40, released tasks = 78]
2026-07-12 14:08:51 DEBUG:    EVENT NUM 898   current_time = 00:06:54   START_TASK            [queue size = 41]
2026-07-12 14:08:51 DEBUG: Task 111 started: robot 16 → pod 498 → workstation 9 for orders {47} (arrival = 478.1 s).   [idle robots = 0/40]
2026-07-12 14:08:51 DEBUG:    EVENT NUM 899   current_time = 00:06:55   RETURN_POD            [queue size = 41]
2026-07-12 14:08:51 DEBUG: Pod 763 returned. Robot 11 idle.   [idle robots = 1/40, released tasks = 77]
2026-07-12 14:08:51 DEBUG:    EVENT NUM 900   current_time = 00:06:55   START_TASK            [queue size = 41]
2026-07-12 14:08:51 DEBUG: Task 112 started: robot 11 → pod 749 → workstation 5 for orders {53} (arrival = 535.0 s).   [idle robots = 0/40]
2026-07-12 14:08:51 DEBUG:    EVENT NUM 901   current_time = 00:06:55   RETURN_POD            [queue size = 41]
2026-07-12 14:08:51 DEBUG: Pod 342 returned. Robot 19 idle.   [idle robots = 1/40, released tasks = 76]
2026-07-12 14:08:51 DEBUG:    EVENT NUM 902   current_time = 00:06:55   START_TASK            [queue size = 41]
2026-07-12 14:08:51 DEBUG: Task 113 started: robot 19 → pod 219 → workstation 5 for orders {38} (arrival = 521.8 s).   [idle robots = 0/40]
2026-07-12 14:08:51 DEBUG:    EVENT NUM 903   current_time = 00:06:56   RETURN_POD            [queue size = 41]
2026-07-12 14:08:51 DEBUG: Pod 728 returned. Robot 33 idle.   [idle robots = 1/40, released tasks = 75]
2026-07-12 14:08:51 DEBUG:    EVENT NUM 904   current_time = 00:06:56   START_TASK            [queue size = 41]
2026-07-12 14:08:51 DEBUG: Task 114 started: robot 33 → pod 47 → workstation 6 for orders {75} (arrival = 534.4 s).   [idle robots = 0/40]
2026-07-12 14:08:51 DEBUG:    EVENT NUM 905   current_time = 00:06:57   ARRIVAL_POD_WST       [queue size = 41]
2026-07-12 14:08:51 DEBUG: Pod 355 arrived at workstation 3 - status = IDLE
2026-07-12 14:08:51 DEBUG: Pod queued at workstation.    [picking_buffer = {82: 417.6772495748213}]
2026-07-12 14:08:51 DEBUG:    EVENT NUM 906   current_time = 00:06:57   START_PICKING         [queue size = 41]
2026-07-12 14:08:51 DEBUG: Processing task 82 at workstation 3: picking items {6918} for orders {8}
2026-07-12 14:08:51 DEBUG:    EVENT NUM 907   current_time = 00:06:58   ARRIVAL_POD_WST       [queue size = 41]
2026-07-12 14:08:51 DEBUG: Pod 439 arrived at workstation 3 - status = BUSY
2026-07-12 14:08:51 DEBUG: Pod queued at workstation.    [picking_buffer = {88: 418.2021849606454}]
2026-07-12 14:08:51 DEBUG:    EVENT NUM 908   current_time = 00:06:58   RETURN_POD            [queue size = 40]
2026-07-12 14:08:51 DEBUG: Pod 689 returned. Robot 13 idle.   [idle robots = 1/40, released tasks = 74]
2026-07-12 14:08:51 DEBUG:    EVENT NUM 909   current_time = 00:06:58   START_TASK            [queue size = 40]
2026-07-12 14:08:51 DEBUG: Task 115 started: robot 13 → pod 33 → workstation 6 for orders {75} (arrival = 616.0 s).   [idle robots = 0/40]
2026-07-12 14:08:51 DEBUG:    EVENT NUM 910   current_time = 00:07:00   ARRIVAL_ORDER         [queue size = 40]
2026-07-12 14:08:51 DEBUG: Order 141 arrived: items_required = [4385].     [orders_in_system = 97]
2026-07-12 14:08:51 DEBUG:    EVENT NUM 911   current_time = 00:07:00   RETURN_POD            [queue size = 40]
2026-07-12 14:08:51 DEBUG: Pod 537 returned. Robot 32 idle.   [idle robots = 1/40, released tasks = 73]
2026-07-12 14:08:51 DEBUG:    EVENT NUM 912   current_time = 00:07:00   START_TASK            [queue size = 40]
2026-07-12 14:08:51 DEBUG: Task 116 started: robot 32 → pod 710 → workstation 9 for orders {45} (arrival = 471.3 s).   [idle robots = 0/40]
2026-07-12 14:08:51 DEBUG:    EVENT NUM 913   current_time = 00:07:02   END_PICKING           [queue size = 40]
2026-07-12 14:08:51 DEBUG: Ended picking at workstation 4.    [picking_buffer len = {}]
2026-07-12 14:08:51 DEBUG: Task should have served orders {62}, found open orders {50, 62, 31}.
2026-07-12 14:08:51 DEBUG: Task 83 completed: pod 263 returning to storage.
2026-07-12 14:08:51 DEBUG:    EVENT NUM 914   current_time = 00:07:07   END_PICKING           [queue size = 40]
2026-07-12 14:08:51 DEBUG: Ended picking at workstation 3.    [picking_buffer len = {88: 418.2021849606454}]
2026-07-12 14:08:51 DEBUG: Task should have served orders {8}, found open orders {8, 9, 76, 16}.
2026-07-12 14:08:51 DEBUG: Task 82 completed: pod 355 returning to storage.
2026-07-12 14:08:51 DEBUG:    EVENT NUM 915   current_time = 00:07:07   CLOSE_ORDER           [queue size = 42]
2026-07-12 14:08:51 DEBUG: Order 8 closed at workstation 3: flow_time = 427.7 s.     [order_buffer = 0] [open_orders = 3/4]
2026-07-12 14:08:51 DEBUG:    EVENT NUM 916   current_time = 00:07:07   START_PICKING         [queue size = 41]
2026-07-12 14:08:51 DEBUG: Processing task 88 at workstation 3: picking items {4091} for orders {76}
2026-07-12 14:08:51 DEBUG:    EVENT NUM 917   current_time = 00:07:08   ARRIVAL_POD_WST       [queue size = 41]
2026-07-12 14:08:51 DEBUG: Pod 679 arrived at workstation 5 - status = IDLE
2026-07-12 14:08:51 DEBUG: Pod queued at workstation.    [picking_buffer = {101: 428.40003710636984}]
2026-07-12 14:08:51 DEBUG:    EVENT NUM 918   current_time = 00:07:08   START_PICKING         [queue size = 41]
2026-07-12 14:08:51 DEBUG: Processing task 101 at workstation 5: picking items {4673} for orders {96}
2026-07-12 14:08:51 DEBUG:    EVENT NUM 919   current_time = 00:07:09   ARRIVAL_POD_WST       [queue size = 41]
2026-07-12 14:08:51 DEBUG: Pod 163 arrived at workstation 5 - status = BUSY
2026-07-12 14:08:51 DEBUG: Pod queued at workstation.    [picking_buffer = {95: 429.7881867612216}]
2026-07-12 14:08:51 DEBUG:    EVENT NUM 920   current_time = 00:07:10   ARRIVAL_ORDER         [queue size = 40]
2026-07-12 14:08:51 DEBUG: Order 142 arrived: items_required = [12113, 771].     [orders_in_system = 97]
2026-07-12 14:08:51 DEBUG:    EVENT NUM 921   current_time = 00:07:10   ARRIVAL_POD_WST       [queue size = 40]
2026-07-12 14:08:51 DEBUG: Pod 230 arrived at workstation 4 - status = IDLE
2026-07-12 14:08:51 DEBUG: Pod queued at workstation.    [picking_buffer = {86: 430.51860840645435}]
2026-07-12 14:08:51 DEBUG:    EVENT NUM 922   current_time = 00:07:10   START_PICKING         [queue size = 40]
2026-07-12 14:08:51 DEBUG: Processing task 86 at workstation 4: picking items {2935} for orders {62}
2026-07-12 14:08:51 DEBUG:    EVENT NUM 923   current_time = 00:07:10   ARRIVAL_POD_WST       [queue size = 40]
2026-07-12 14:08:51 DEBUG: Pod 804 arrived at workstation 6 - status = IDLE
2026-07-12 14:08:51 DEBUG: Pod queued at workstation.    [picking_buffer = {96: 430.60105667548964}]
2026-07-12 14:08:51 DEBUG:    EVENT NUM 924   current_time = 00:07:10   START_PICKING         [queue size = 40]
2026-07-12 14:08:51 DEBUG: Processing task 96 at workstation 6: picking items {10946} for orders {75}
2026-07-12 14:08:51 DEBUG:    EVENT NUM 925   current_time = 00:07:13   ARRIVAL_POD_WST       [queue size = 40]
2026-07-12 14:08:51 DEBUG: Pod 471 arrived at workstation 6 - status = BUSY
2026-07-12 14:08:51 DEBUG: Pod queued at workstation.    [picking_buffer = {94: 433.38151676669486}]
2026-07-12 14:08:51 DEBUG:    EVENT NUM 926   current_time = 00:07:15   ARRIVAL_POD_WST       [queue size = 39]
2026-07-12 14:08:51 DEBUG: Pod 815 arrived at workstation 5 - status = BUSY
2026-07-12 14:08:51 DEBUG: Pod queued at workstation.    [picking_buffer = {95: 429.7881867612216, 102: 435.15412904764435}]
2026-07-12 14:08:51 DEBUG:    EVENT NUM 927   current_time = 00:07:15   RETURN_POD            [queue size = 38]
2026-07-12 14:08:51 DEBUG: Pod 657 returned. Robot 9 idle.   [idle robots = 1/40, released tasks = 72]
2026-07-12 14:08:51 DEBUG:    EVENT NUM 928   current_time = 00:07:15   START_TASK            [queue size = 38]
2026-07-12 14:08:51 DEBUG: Task 117 started: robot 9 → pod 198 → workstation 5 for orders {38} (arrival = 550.0 s).   [idle robots = 0/40]
2026-07-12 14:08:51 DEBUG:    EVENT NUM 929   current_time = 00:07:16   ARRIVAL_POD_WST       [queue size = 38]
2026-07-12 14:08:51 DEBUG: Pod 385 arrived at workstation 5 - status = BUSY
2026-07-12 14:08:51 DEBUG: Pod queued at workstation.    [picking_buffer = {95: 429.7881867612216, 102: 435.15412904764435, 85: 436.2434257506697}]
2026-07-12 14:08:51 DEBUG:    EVENT NUM 930   current_time = 00:07:17   END_PICKING           [queue size = 37]
2026-07-12 14:08:51 DEBUG: Ended picking at workstation 3.    [picking_buffer len = {}]
2026-07-12 14:08:51 DEBUG: Task should have served orders {76}, found open orders {9, 76, 16}.
2026-07-12 14:08:51 DEBUG: Task 88 completed: pod 439 returning to storage.
2026-07-12 14:08:51 DEBUG:    EVENT NUM 931   current_time = 00:07:18   END_PICKING           [queue size = 37]
2026-07-12 14:08:51 DEBUG: Ended picking at workstation 5.    [picking_buffer len = {95: 429.7881867612216, 102: 435.15412904764435, 85: 436.2434257506697}]
2026-07-12 14:08:51 DEBUG: Task should have served orders {96}, found open orders {96, 67, 38, 53}.
2026-07-12 14:08:51 DEBUG: Task 101 completed: pod 679 returning to storage.
2026-07-12 14:08:51 DEBUG:    EVENT NUM 932   current_time = 00:07:18   START_PICKING         [queue size = 38]
2026-07-12 14:08:51 DEBUG: Processing task 95 at workstation 5: picking items {8890} for orders {96}
2026-07-12 14:08:51 DEBUG:    EVENT NUM 933   current_time = 00:07:20   ARRIVAL_ORDER         [queue size = 38]
2026-07-12 14:08:51 DEBUG: Order 143 arrived: items_required = [10089].     [orders_in_system = 98]
2026-07-12 14:08:51 DEBUG:    EVENT NUM 934   current_time = 00:07:20   RETURN_POD            [queue size = 38]
2026-07-12 14:08:51 DEBUG: Pod 39 returned. Robot 12 idle.   [idle robots = 1/40, released tasks = 71]
2026-07-12 14:08:51 DEBUG:    EVENT NUM 935   current_time = 00:07:20   START_TASK            [queue size = 38]
2026-07-12 14:08:51 DEBUG: Task 118 started: robot 12 → pod 521 → workstation 8 for orders {1} (arrival = 526.1 s).   [idle robots = 0/40]
2026-07-12 14:08:51 DEBUG:    EVENT NUM 936   current_time = 00:07:20   END_PICKING           [queue size = 38]
2026-07-12 14:08:51 DEBUG: Ended picking at workstation 4.    [picking_buffer len = {}]
2026-07-12 14:08:51 DEBUG: Task should have served orders {62}, found open orders {50, 62, 31}.
2026-07-12 14:08:51 DEBUG: Task 86 completed: pod 230 returning to storage.
2026-07-12 14:08:51 DEBUG:    EVENT NUM 937   current_time = 00:07:20   CLOSE_ORDER           [queue size = 39]
2026-07-12 14:08:51 DEBUG: Order 62 closed at workstation 4: flow_time = 440.5 s.     [order_buffer = 0] [open_orders = 2/4]
2026-07-12 14:08:51 DEBUG:    EVENT NUM 938   current_time = 00:07:20   END_PICKING           [queue size = 38]
2026-07-12 14:08:51 DEBUG: Ended picking at workstation 6.    [picking_buffer len = {94: 433.38151676669486}]
2026-07-12 14:08:51 DEBUG: Task should have served orders {75}, found open orders {49, 75, 13}.
2026-07-12 14:08:51 DEBUG: Task 96 completed: pod 804 returning to storage.
2026-07-12 14:08:51 DEBUG:    EVENT NUM 939   current_time = 00:07:20   START_PICKING         [queue size = 39]
2026-07-12 14:08:51 DEBUG: Processing task 94 at workstation 6: picking items {7583} for orders {13}
2026-07-12 14:08:51 DEBUG:    EVENT NUM 940   current_time = 00:07:24   RETURN_POD            [queue size = 39]
2026-07-12 14:08:51 DEBUG: Pod 217 returned. Robot 25 idle.   [idle robots = 1/40, released tasks = 70]
2026-07-12 14:08:51 DEBUG:    EVENT NUM 941   current_time = 00:07:24   START_TASK            [queue size = 39]
2026-07-12 14:08:51 DEBUG: Task 120 started: robot 25 → pod 283 → workstation 5 for orders {67} (arrival = 519.5 s).   [idle robots = 0/40]
2026-07-12 14:08:51 DEBUG:    EVENT NUM 942   current_time = 00:07:24   ARRIVAL_POD_WST       [queue size = 39]
2026-07-12 14:08:51 DEBUG: Pod 490 arrived at workstation 4 - status = IDLE
2026-07-12 14:08:51 DEBUG: Pod queued at workstation.    [picking_buffer = {103: 444.7287799373663}]
2026-07-12 14:08:51 DEBUG:    EVENT NUM 943   current_time = 00:07:24   START_PICKING         [queue size = 39]
2026-07-12 14:08:51 DEBUG: Processing task 103 at workstation 4: picking items {7576} for orders {50}
2026-07-12 14:08:51 DEBUG:    EVENT NUM 944   current_time = 00:07:26   ARRIVAL_POD_WST       [queue size = 39]
2026-07-12 14:08:51 DEBUG: Pod 788 arrived at workstation 6 - status = BUSY
2026-07-12 14:08:51 DEBUG: Pod queued at workstation.    [picking_buffer = {107: 446.7159917479118}]
2026-07-12 14:08:51 DEBUG:    EVENT NUM 945   current_time = 00:07:28   END_PICKING           [queue size = 38]
2026-07-12 14:08:51 DEBUG: Ended picking at workstation 5.    [picking_buffer len = {102: 435.15412904764435, 85: 436.2434257506697}]
2026-07-12 14:08:51 DEBUG: Task should have served orders {96}, found open orders {96, 67, 38, 53}.
2026-07-12 14:08:51 DEBUG: Task 95 completed: pod 163 returning to storage.
2026-07-12 14:08:51 DEBUG:    EVENT NUM 946   current_time = 00:07:28   START_PICKING         [queue size = 39]
2026-07-12 14:08:51 DEBUG: Processing task 102 at workstation 5: picking items {4420} for orders {96}
2026-07-12 14:08:51 DEBUG:    EVENT NUM 947   current_time = 00:07:29   ARRIVAL_POD_WST       [queue size = 39]
2026-07-12 14:08:51 DEBUG: Pod 550 arrived at workstation 4 - status = BUSY
2026-07-12 14:08:51 DEBUG: Pod queued at workstation.    [picking_buffer = {106: 449.30603659159885}]
2026-07-12 14:08:51 DEBUG:    EVENT NUM 948   current_time = 00:07:30   ARRIVAL_ORDER         [queue size = 38]
2026-07-12 14:08:51 DEBUG: Order 144 arrived: items_required = [2556, 6808, 8844].     [orders_in_system = 98]
2026-07-12 14:08:51 DEBUG:    EVENT NUM 949   current_time = 00:07:30   END_PICKING           [queue size = 38]
2026-07-12 14:08:51 DEBUG: Ended picking at workstation 6.    [picking_buffer len = {107: 446.7159917479118}]
2026-07-12 14:08:51 DEBUG: Task should have served orders {13}, found open orders {49, 75, 13}.
2026-07-12 14:08:51 DEBUG: Task 94 completed: pod 471 returning to storage.
2026-07-12 14:08:51 DEBUG:    EVENT NUM 950   current_time = 00:07:30   START_PICKING         [queue size = 39]
2026-07-12 14:08:51 DEBUG: Processing task 107 at workstation 6: picking items {4368} for orders {75}
2026-07-12 14:08:51 DEBUG:    EVENT NUM 951   current_time = 00:07:34   END_PICKING           [queue size = 39]
2026-07-12 14:08:51 DEBUG: Ended picking at workstation 4.    [picking_buffer len = {106: 449.30603659159885}]
2026-07-12 14:08:51 DEBUG: Task should have served orders {50}, found open orders {50, 31}.
2026-07-12 14:08:51 DEBUG: Task 103 completed: pod 490 returning to storage.
2026-07-12 14:08:51 DEBUG:    EVENT NUM 952   current_time = 00:07:34   START_PICKING         [queue size = 40]
2026-07-12 14:08:51 DEBUG: Processing task 106 at workstation 4: picking items {6524} for orders {31}
2026-07-12 14:08:51 DEBUG:    EVENT NUM 953   current_time = 00:07:36   ARRIVAL_POD_WST       [queue size = 40]
2026-07-12 14:08:51 DEBUG: Pod 425 arrived at workstation 3 - status = IDLE
2026-07-12 14:08:51 DEBUG: Pod queued at workstation.    [picking_buffer = {99: 456.40964146790316}]
2026-07-12 14:08:51 DEBUG:    EVENT NUM 954   current_time = 00:07:36   START_PICKING         [queue size = 40]
2026-07-12 14:08:51 DEBUG: Processing task 99 at workstation 3: picking items {9136} for orders {76}
2026-07-12 14:08:51 DEBUG:    EVENT NUM 955   current_time = 00:07:38   END_PICKING           [queue size = 40]
2026-07-12 14:08:51 DEBUG: Ended picking at workstation 5.    [picking_buffer len = {85: 436.2434257506697}]
2026-07-12 14:08:51 DEBUG: Task should have served orders {96}, found open orders {96, 67, 38, 53}.
2026-07-12 14:08:51 DEBUG: Task 102 completed: pod 815 returning to storage.
2026-07-12 14:08:51 DEBUG:    EVENT NUM 956   current_time = 00:07:38   START_PICKING         [queue size = 41]
2026-07-12 14:08:51 DEBUG: Processing task 85 at workstation 5: picking items {9272} for orders {96, 38}
2026-07-12 14:08:51 DEBUG:    EVENT NUM 957   current_time = 00:07:39   ARRIVAL_POD_WST       [queue size = 41]
2026-07-12 14:08:51 DEBUG: Pod 817 arrived at workstation 6 - status = BUSY
2026-07-12 14:08:51 DEBUG: Pod queued at workstation.    [picking_buffer = {110: 459.1302981321683}]
2026-07-12 14:08:51 DEBUG:    EVENT NUM 958   current_time = 00:07:40   ARRIVAL_ORDER         [queue size = 40]
2026-07-12 14:08:51 DEBUG: Order 145 arrived: items_required = [3891].     [orders_in_system = 99]
2026-07-12 14:08:51 DEBUG:    EVENT NUM 959   current_time = 00:07:40   END_PICKING           [queue size = 40]
2026-07-12 14:08:51 DEBUG: Ended picking at workstation 6.    [picking_buffer len = {110: 459.1302981321683}]
2026-07-12 14:08:51 DEBUG: Task should have served orders {75}, found open orders {49, 75, 13}.
2026-07-12 14:08:51 DEBUG: Task 107 completed: pod 788 returning to storage.
2026-07-12 14:08:51 DEBUG:    EVENT NUM 960   current_time = 00:07:40   START_PICKING         [queue size = 41]
2026-07-12 14:08:51 DEBUG: Processing task 110 at workstation 6: picking items {11191} for orders {75}
2026-07-12 14:08:51 DEBUG:    EVENT NUM 961   current_time = 00:07:44   END_PICKING           [queue size = 41]
2026-07-12 14:08:51 DEBUG: Ended picking at workstation 4.    [picking_buffer len = {}]
2026-07-12 14:08:51 DEBUG: Task should have served orders {31}, found open orders {50, 31}.
2026-07-12 14:08:51 DEBUG: Task 106 completed: pod 550 returning to storage.
2026-07-12 14:08:51 DEBUG:    EVENT NUM 962   current_time = 00:07:44   CLOSE_ORDER           [queue size = 42]
2026-07-12 14:08:51 DEBUG: Order 31 closed at workstation 4: flow_time = 464.7 s.     [order_buffer = 0] [open_orders = 1/4]
2026-07-12 14:08:51 DEBUG:    EVENT NUM 963   current_time = 00:07:45   RETURN_POD            [queue size = 41]
2026-07-12 14:08:51 DEBUG: Pod 829 returned. Robot 31 idle.   [idle robots = 1/40, released tasks = 69]
2026-07-12 14:08:51 DEBUG:    EVENT NUM 964   current_time = 00:07:45   START_TASK            [queue size = 41]
2026-07-12 14:08:51 DEBUG: Task 121 started: robot 31 → pod 516 → workstation 8 for orders {20} (arrival = 581.2 s).   [idle robots = 0/40]
2026-07-12 14:08:51 DEBUG:    EVENT NUM 965   current_time = 00:07:46   END_PICKING           [queue size = 41]
2026-07-12 14:08:51 DEBUG: Ended picking at workstation 3.    [picking_buffer len = {}]
2026-07-12 14:08:51 DEBUG: Task should have served orders {76}, found open orders {9, 76, 16}.
2026-07-12 14:08:51 DEBUG: Task 99 completed: pod 425 returning to storage.
2026-07-12 14:08:51 DEBUG:    EVENT NUM 966   current_time = 00:07:46   CLOSE_ORDER           [queue size = 42]
2026-07-12 14:08:51 DEBUG: Order 76 closed at workstation 3: flow_time = 466.4 s.     [order_buffer = 0] [open_orders = 2/4]
2026-07-12 14:08:51 DEBUG:    EVENT NUM 967   current_time = 00:07:46   RETURN_POD            [queue size = 41]
2026-07-12 14:08:51 DEBUG: Pod 372 returned. Robot 0 idle.   [idle robots = 1/40, released tasks = 68]
2026-07-12 14:08:51 DEBUG:    EVENT NUM 968   current_time = 00:07:46   START_TASK            [queue size = 41]
2026-07-12 14:08:51 DEBUG: Task 122 started: robot 0 → pod 670 → workstation 9 for orders {17} (arrival = 544.2 s).   [idle robots = 0/40]
2026-07-12 14:08:51 DEBUG:    EVENT NUM 969   current_time = 00:07:47   RETURN_POD            [queue size = 41]
2026-07-12 14:08:51 DEBUG: Pod 249 returned. Robot 1 idle.   [idle robots = 1/40, released tasks = 67]
2026-07-12 14:08:51 DEBUG:    EVENT NUM 970   current_time = 00:07:47   START_TASK            [queue size = 41]
2026-07-12 14:08:51 DEBUG: Task 123 started: robot 1 → pod 411 → workstation 9 for orders {17} (arrival = 545.8 s).   [idle robots = 0/40]
2026-07-12 14:08:51 DEBUG:    EVENT NUM 971   current_time = 00:07:48   END_PICKING           [queue size = 41]
2026-07-12 14:08:51 DEBUG: Ended picking at workstation 5.    [picking_buffer len = {}]
2026-07-12 14:08:51 DEBUG: Task should have served orders {96, 38}, found open orders {96, 67, 38, 53}.
2026-07-12 14:08:51 DEBUG: Task 85 completed: pod 385 returning to storage.
2026-07-12 14:08:51 DEBUG:    EVENT NUM 972   current_time = 00:07:50   ARRIVAL_ORDER         [queue size = 41]
2026-07-12 14:08:51 DEBUG: Order 146 arrived: items_required = [4849].     [orders_in_system = 98]
2026-07-12 14:08:51 DEBUG:    EVENT NUM 973   current_time = 00:07:50   END_PICKING           [queue size = 41]
2026-07-12 14:08:51 DEBUG: Ended picking at workstation 6.    [picking_buffer len = {}]
2026-07-12 14:08:51 DEBUG: Task should have served orders {75}, found open orders {49, 75, 13}.
2026-07-12 14:08:51 DEBUG: Task 110 completed: pod 817 returning to storage.
2026-07-12 14:08:51 DEBUG:    EVENT NUM 974   current_time = 00:07:51   RETURN_POD            [queue size = 41]
2026-07-12 14:08:51 DEBUG: Pod 602 returned. Robot 20 idle.   [idle robots = 1/40, released tasks = 66]
2026-07-12 14:08:51 DEBUG:    EVENT NUM 975   current_time = 00:07:51   START_TASK            [queue size = 41]
2026-07-12 14:08:51 DEBUG: Task 124 started: robot 20 → pod 703 → workstation 8 for orders {1} (arrival = 522.9 s).   [idle robots = 0/40]
2026-07-12 14:08:51 DEBUG:    EVENT NUM 976   current_time = 00:07:51   ARRIVAL_POD_WST       [queue size = 41]
2026-07-12 14:08:51 DEBUG: Pod 710 arrived at workstation 9 - status = IDLE
2026-07-12 14:08:51 DEBUG: Pod queued at workstation.    [picking_buffer = {116: 471.278309898665}]
2026-07-12 14:08:51 DEBUG:    EVENT NUM 977   current_time = 00:07:51   START_PICKING         [queue size = 41]
2026-07-12 14:08:51 DEBUG: Processing task 116 at workstation 9: picking items {7050} for orders {45}
2026-07-12 14:08:51 DEBUG:    EVENT NUM 978   current_time = 00:07:53   ARRIVAL_POD_WST       [queue size = 41]
2026-07-12 14:08:51 DEBUG: Pod 664 arrived at workstation 5 - status = IDLE
2026-07-12 14:08:51 DEBUG: Pod queued at workstation.    [picking_buffer = {105: 473.50497068455127}]
2026-07-12 14:08:51 DEBUG:    EVENT NUM 979   current_time = 00:07:53   START_PICKING         [queue size = 41]
2026-07-12 14:08:51 DEBUG: Processing task 105 at workstation 5: picking items {3981} for orders {96}
2026-07-12 14:08:51 DEBUG:    EVENT NUM 980   current_time = 00:07:56   ARRIVAL_POD_WST       [queue size = 41]
2026-07-12 14:08:51 DEBUG: Pod 77 arrived at workstation 5 - status = BUSY
2026-07-12 14:08:51 DEBUG: Pod queued at workstation.    [picking_buffer = {97: 476.3470585267656}]
2026-07-12 14:08:51 DEBUG:    EVENT NUM 981   current_time = 00:07:56   RETURN_POD            [queue size = 40]
2026-07-12 14:08:51 DEBUG: Pod 625 returned. Robot 23 idle.   [idle robots = 1/40, released tasks = 65]
2026-07-12 14:08:51 DEBUG:    EVENT NUM 982   current_time = 00:07:56   START_TASK            [queue size = 40]
2026-07-12 14:08:51 DEBUG: Task 125 started: robot 23 → pod 317 → workstation 9 for orders {45} (arrival = 555.8 s).   [idle robots = 0/40]
2026-07-12 14:08:51 DEBUG:    EVENT NUM 983   current_time = 00:07:58   ARRIVAL_POD_WST       [queue size = 40]
2026-07-12 14:08:51 DEBUG: Pod 498 arrived at workstation 9 - status = BUSY
2026-07-12 14:08:51 DEBUG: Pod queued at workstation.    [picking_buffer = {111: 478.0908141329786}]
2026-07-12 14:08:51 DEBUG:    EVENT NUM 984   current_time = 00:08:00   ARRIVAL_ORDER         [queue size = 39]
2026-07-12 14:08:51 DEBUG: Order 147 arrived: items_required = [4791].     [orders_in_system = 99]
2026-07-12 14:08:51 DEBUG:    EVENT NUM 985   current_time = 00:08:01   END_PICKING           [queue size = 39]
2026-07-12 14:08:51 DEBUG: Ended picking at workstation 9.    [picking_buffer len = {111: 478.0908141329786}]
2026-07-12 14:08:51 DEBUG: Task should have served orders {45}, found open orders {39, 45, 47, 17}.
2026-07-12 14:08:51 DEBUG: Task 116 completed: pod 710 returning to storage.
2026-07-12 14:08:51 DEBUG:    EVENT NUM 986   current_time = 00:08:01   START_PICKING         [queue size = 40]
2026-07-12 14:08:51 DEBUG: Processing task 111 at workstation 9: picking items {7736} for orders {47}
2026-07-12 14:08:51 DEBUG:    EVENT NUM 987   current_time = 00:08:03   RETURN_POD            [queue size = 40]
2026-07-12 14:08:51 DEBUG: Pod 234 returned. Robot 21 idle.   [idle robots = 1/40, released tasks = 64]
2026-07-12 14:08:51 DEBUG:    EVENT NUM 988   current_time = 00:08:03   START_TASK            [queue size = 40]
2026-07-12 14:08:51 DEBUG: Task 126 started: robot 21 → pod 468 → workstation 8 for orders {1} (arrival = 552.7 s).   [idle robots = 0/40]
2026-07-12 14:08:51 DEBUG:    EVENT NUM 989   current_time = 00:08:03   END_PICKING           [queue size = 40]
2026-07-12 14:08:51 DEBUG: Ended picking at workstation 5.    [picking_buffer len = {97: 476.3470585267656}]
2026-07-12 14:08:51 DEBUG: Task should have served orders {96}, found open orders {96, 67, 38, 53}.
2026-07-12 14:08:51 DEBUG: Task 105 completed: pod 664 returning to storage.
2026-07-12 14:08:51 DEBUG:    EVENT NUM 990   current_time = 00:08:03   START_PICKING         [queue size = 41]
2026-07-12 14:08:51 DEBUG: Processing task 97 at workstation 5: picking items {2664} for orders {96}
2026-07-12 14:08:51 DEBUG:    EVENT NUM 991   current_time = 00:08:06   RETURN_POD            [queue size = 41]
2026-07-12 14:08:51 DEBUG: Pod 181 returned. Robot 8 idle.   [idle robots = 1/40, released tasks = 63]
2026-07-12 14:08:51 DEBUG:    EVENT NUM 992   current_time = 00:08:06   START_TASK            [queue size = 41]
2026-07-12 14:08:51 DEBUG: Task 127 started: robot 8 → pod 461 → workstation 9 for orders {47} (arrival = 581.7 s).   [idle robots = 0/40]
2026-07-12 14:08:51 DEBUG:    EVENT NUM 993   current_time = 00:08:10   ARRIVAL_ORDER         [queue size = 41]
2026-07-12 14:08:51 DEBUG: Order 148 arrived: items_required = [1609, 2908, 12029].     [orders_in_system = 100]
2026-07-12 14:08:51 DEBUG:    EVENT NUM 994   current_time = 00:08:11   END_PICKING           [queue size = 41]
2026-07-12 14:08:51 DEBUG: Ended picking at workstation 9.    [picking_buffer len = {}]
2026-07-12 14:08:51 DEBUG: Task should have served orders {47}, found open orders {39, 45, 47, 17}.
2026-07-12 14:08:51 DEBUG: Task 111 completed: pod 498 returning to storage.
2026-07-12 14:08:51 DEBUG:    EVENT NUM 995   current_time = 00:08:11   ARRIVAL_POD_WST       [queue size = 41]
2026-07-12 14:08:51 DEBUG: Pod 157 arrived at workstation 3 - status = IDLE
2026-07-12 14:08:51 DEBUG: Pod queued at workstation.    [picking_buffer = {104: 491.41510530712947}]
2026-07-12 14:08:51 DEBUG:    EVENT NUM 996   current_time = 00:08:11   START_PICKING         [queue size = 41]
2026-07-12 14:08:51 DEBUG: Processing task 104 at workstation 3: picking items {2593} for orders {9}
2026-07-12 14:08:51 DEBUG:    EVENT NUM 997   current_time = 00:08:13   END_PICKING           [queue size = 41]
2026-07-12 14:08:51 DEBUG: Ended picking at workstation 5.    [picking_buffer len = {}]
2026-07-12 14:08:51 DEBUG: Task should have served orders {96}, found open orders {96, 67, 38, 53}.
2026-07-12 14:08:51 DEBUG: Task 97 completed: pod 77 returning to storage.
2026-07-12 14:08:51 DEBUG:    EVENT NUM 998   current_time = 00:08:13   CLOSE_ORDER           [queue size = 42]
2026-07-12 14:08:51 DEBUG: Order 96 closed at workstation 5: flow_time = 493.5 s.     [order_buffer = 0] [open_orders = 3/4]
2026-07-12 14:08:51 DEBUG:    EVENT NUM 999   current_time = 00:08:14   RETURN_POD            [queue size = 41]
2026-07-12 14:08:51 DEBUG: Pod 164 returned. Robot 15 idle.   [idle robots = 1/40, released tasks = 62]
2026-07-12 14:08:51 DEBUG:    EVENT NUM 1000  current_time = 00:08:14   START_TASK            [queue size = 41]
2026-07-12 14:08:51 DEBUG: Task 128 started: robot 15 → pod 162 → workstation 9 for orders {39} (arrival = 612.9 s).   [idle robots = 0/40]
2026-07-12 14:08:51 DEBUG:    EVENT NUM 1001  current_time = 00:08:20   ARRIVAL_ORDER         [queue size = 41]
2026-07-12 14:08:51 DEBUG: Order 149 arrived: items_required = [1548, 6410, 10039, 4221, 6745, 8049, 7844].     [orders_in_system = 100]
2026-07-12 14:08:51 DEBUG:    EVENT NUM 1002  current_time = 00:08:21   END_PICKING           [queue size = 41]
2026-07-12 14:08:51 DEBUG: Ended picking at workstation 3.    [picking_buffer len = {}]
2026-07-12 14:08:51 DEBUG: Task should have served orders {9}, found open orders {9, 16}.
2026-07-12 14:08:51 DEBUG: Task 104 completed: pod 157 returning to storage.
2026-07-12 14:08:51 DEBUG:    EVENT NUM 1003  current_time = 00:08:26   ARRIVAL_POD_WST       [queue size = 41]
2026-07-12 14:08:51 DEBUG: Pod 70 arrived at workstation 4 - status = IDLE
2026-07-12 14:08:51 DEBUG: Pod queued at workstation.    [picking_buffer = {109: 506.9550677362049}]
2026-07-12 14:08:51 DEBUG:    EVENT NUM 1004  current_time = 00:08:26   START_PICKING         [queue size = 41]
2026-07-12 14:08:51 DEBUG: Processing task 109 at workstation 4: picking items {2650} for orders {50}
2026-07-12 14:08:51 DEBUG:    EVENT NUM 1005  current_time = 00:08:28   RETURN_POD            [queue size = 41]
2026-07-12 14:08:51 DEBUG: Pod 184 returned. Robot 22 idle.   [idle robots = 1/40, released tasks = 61]
2026-07-12 14:08:51 DEBUG:    EVENT NUM 1006  current_time = 00:08:28   START_TASK            [queue size = 41]
2026-07-12 14:08:51 DEBUG: Task 129 started: robot 22 → pod 342 → workstation 9 for orders {45} (arrival = 608.4 s).   [idle robots = 0/40]
2026-07-12 14:08:51 DEBUG:    EVENT NUM 1007  current_time = 00:08:30   ARRIVAL_ORDER         [queue size = 41]
2026-07-12 14:08:51 DEBUG: Order 150 arrived: items_required = [2863, 9398].     [orders_in_system = 101]
2026-07-12 14:08:51 DEBUG:    EVENT NUM 1008  current_time = 00:08:30   RETURN_POD            [queue size = 41]
2026-07-12 14:08:51 DEBUG: Pod 679 returned. Robot 18 idle.   [idle robots = 1/40, released tasks = 60]
2026-07-12 14:08:51 DEBUG:    EVENT NUM 1009  current_time = 00:08:30   START_TASK            [queue size = 41]
2026-07-12 14:08:51 DEBUG: Task 130 started: robot 18 → pod 784 → workstation 8 for orders {1} (arrival = 600.6 s).   [idle robots = 0/40]
2026-07-12 14:08:51 DEBUG:    EVENT NUM 1010  current_time = 00:08:35   RETURN_POD            [queue size = 41]
2026-07-12 14:08:51 DEBUG: Pod 490 returned. Robot 10 idle.   [idle robots = 1/40, released tasks = 59]
2026-07-12 14:08:51 DEBUG:    EVENT NUM 1011  current_time = 00:08:35   START_TASK            [queue size = 41]
2026-07-12 14:08:51 DEBUG: Task 131 started: robot 10 → pod 66 → workstation 8 for orders {1} (arrival = 676.1 s).   [idle robots = 0/40]
2026-07-12 14:08:51 DEBUG:    EVENT NUM 1012  current_time = 00:08:36   END_PICKING           [queue size = 41]
2026-07-12 14:08:51 DEBUG: Ended picking at workstation 4.    [picking_buffer len = {}]
2026-07-12 14:08:51 DEBUG: Task should have served orders {50}, found open orders {50}.
2026-07-12 14:08:51 DEBUG: Task 109 completed: pod 70 returning to storage.
2026-07-12 14:08:51 DEBUG:    EVENT NUM 1013  current_time = 00:08:36   CLOSE_ORDER           [queue size = 42]
2026-07-12 14:08:51 DEBUG: Order 50 closed at workstation 4: flow_time = 517.0 s.     [order_buffer = 0] [open_orders = 0/4]
2026-07-12 14:08:51 DEBUG:    EVENT NUM 1014  current_time = 00:08:38   ARRIVAL_POD_WST       [queue size = 41]
2026-07-12 14:08:51 DEBUG: Pod 4 arrived at workstation 6 - status = IDLE
2026-07-12 14:08:51 DEBUG: Pod queued at workstation.    [picking_buffer = {100: 518.6514074682666}]
2026-07-12 14:08:51 DEBUG:    EVENT NUM 1015  current_time = 00:08:38   START_PICKING         [queue size = 41]
2026-07-12 14:08:51 DEBUG: Processing task 100 at workstation 6: picking items {2521} for orders {13}
2026-07-12 14:08:51 DEBUG:    EVENT NUM 1016  current_time = 00:08:39   ARRIVAL_POD_WST       [queue size = 41]
2026-07-12 14:08:51 DEBUG: Pod 283 arrived at workstation 5 - status = IDLE
2026-07-12 14:08:51 DEBUG: Pod queued at workstation.    [picking_buffer = {120: 519.4537828658483}]
2026-07-12 14:08:51 DEBUG:    EVENT NUM 1017  current_time = 00:08:39   START_PICKING         [queue size = 41]
2026-07-12 14:08:51 DEBUG: Processing task 120 at workstation 5: picking items {6519} for orders {67}
2026-07-12 14:08:51 DEBUG:    EVENT NUM 1018  current_time = 00:08:40   ARRIVAL_ORDER         [queue size = 41]
2026-07-12 14:08:51 DEBUG: Order 151 arrived: items_required = [6212, 11255].     [orders_in_system = 101]
2026-07-12 14:08:51 DEBUG:    EVENT NUM 1019  current_time = 00:08:40   RETURN_POD            [queue size = 41]
2026-07-12 14:08:51 DEBUG: Pod 788 returned. Robot 38 idle.   [idle robots = 1/40, released tasks = 58]
2026-07-12 14:08:51 DEBUG:    EVENT NUM 1020  current_time = 00:08:40   START_TASK            [queue size = 41]
2026-07-12 14:08:51 DEBUG: Task 132 started: robot 38 → pod 296 → workstation 9 for orders {45} (arrival = 642.1 s).   [idle robots = 0/40]
2026-07-12 14:08:51 DEBUG:    EVENT NUM 1021  current_time = 00:08:41   ARRIVAL_POD_WST       [queue size = 41]
2026-07-12 14:08:51 DEBUG: Pod 219 arrived at workstation 5 - status = BUSY
2026-07-12 14:08:51 DEBUG: Pod queued at workstation.    [picking_buffer = {113: 521.8472002638272}]
2026-07-12 14:08:51 DEBUG:    EVENT NUM 1022  current_time = 00:08:42   RETURN_POD            [queue size = 40]
2026-07-12 14:08:51 DEBUG: Pod 804 returned. Robot 17 idle.   [idle robots = 1/40, released tasks = 57]
2026-07-12 14:08:51 DEBUG:    EVENT NUM 1023  current_time = 00:08:42   START_TASK            [queue size = 40]
2026-07-12 14:08:51 DEBUG: Task 133 started: robot 17 → pod 840 → workstation 8 for orders {79} (arrival = 634.6 s).   [idle robots = 0/40]
2026-07-12 14:08:51 DEBUG:    EVENT NUM 1024  current_time = 00:08:42   ARRIVAL_POD_WST       [queue size = 40]
2026-07-12 14:08:51 DEBUG: Pod 703 arrived at workstation 8 - status = IDLE
2026-07-12 14:08:51 DEBUG: Pod queued at workstation.    [picking_buffer = {124: 522.9266941048475}]
2026-07-12 14:08:51 DEBUG:    EVENT NUM 1025  current_time = 00:08:42   START_PICKING         [queue size = 40]
2026-07-12 14:08:51 DEBUG: Processing task 124 at workstation 8: picking items {8729} for orders {1}
2026-07-12 14:08:51 DEBUG:    EVENT NUM 1026  current_time = 00:08:45   RETURN_POD            [queue size = 40]
2026-07-12 14:08:51 DEBUG: Pod 550 returned. Robot 7 idle.   [idle robots = 1/40, released tasks = 56]
2026-07-12 14:08:51 DEBUG:    EVENT NUM 1027  current_time = 00:08:45   START_TASK            [queue size = 40]
2026-07-12 14:08:51 DEBUG: Task 134 started: robot 7 → pod 359 → workstation 9 for orders {45} (arrival = 668.2 s).   [idle robots = 0/40]
2026-07-12 14:08:51 DEBUG:    EVENT NUM 1028  current_time = 00:08:45   RETURN_POD            [queue size = 40]
2026-07-12 14:08:51 DEBUG: Pod 710 returned. Robot 32 idle.   [idle robots = 1/40, released tasks = 55]
2026-07-12 14:08:51 DEBUG:    EVENT NUM 1029  current_time = 00:08:45   START_TASK            [queue size = 40]
2026-07-12 14:08:51 DEBUG: Task 135 started: robot 32 → pod 499 → workstation 9 for orders {89} (arrival = 586.1 s).   [idle robots = 0/40]
2026-07-12 14:08:51 DEBUG:    EVENT NUM 1030  current_time = 00:08:46   ARRIVAL_POD_WST       [queue size = 40]
2026-07-12 14:08:51 DEBUG: Pod 521 arrived at workstation 8 - status = BUSY
2026-07-12 14:08:51 DEBUG: Pod queued at workstation.    [picking_buffer = {118: 526.0795020432048}]
2026-07-12 14:08:51 DEBUG:    EVENT NUM 1031  current_time = 00:08:48   END_PICKING           [queue size = 39]
2026-07-12 14:08:51 DEBUG: Ended picking at workstation 6.    [picking_buffer len = {}]
2026-07-12 14:08:51 DEBUG: Task should have served orders {13}, found open orders {49, 75, 13}.
2026-07-12 14:08:51 DEBUG: Task 100 completed: pod 4 returning to storage.
2026-07-12 14:08:51 DEBUG:    EVENT NUM 1032  current_time = 00:08:48   CLOSE_ORDER           [queue size = 40]
2026-07-12 14:08:51 DEBUG: Order 13 closed at workstation 6: flow_time = 528.7 s.     [order_buffer = 0] [open_orders = 2/4]
2026-07-12 14:08:51 DEBUG:    EVENT NUM 1033  current_time = 00:08:48   RETURN_POD            [queue size = 39]
2026-07-12 14:08:51 DEBUG: Pod 815 returned. Robot 37 idle.   [idle robots = 1/40, released tasks = 54]
2026-07-12 14:08:51 DEBUG:    EVENT NUM 1034  current_time = 00:08:48   START_TASK            [queue size = 39]
2026-07-12 14:08:51 DEBUG: Task 136 started: robot 37 → pod 559 → workstation 9 for orders {39} (arrival = 584.5 s).   [idle robots = 0/40]
2026-07-12 14:08:51 DEBUG:    EVENT NUM 1035  current_time = 00:08:49   END_PICKING           [queue size = 39]
2026-07-12 14:08:51 DEBUG: Ended picking at workstation 5.    [picking_buffer len = {113: 521.8472002638272}]
2026-07-12 14:08:51 DEBUG: Task should have served orders {67}, found open orders {67, 38, 53}.
2026-07-12 14:08:51 DEBUG: Task 120 completed: pod 283 returning to storage.
2026-07-12 14:08:51 DEBUG:    EVENT NUM 1036  current_time = 00:08:49   CLOSE_ORDER           [queue size = 41]
2026-07-12 14:08:51 DEBUG: Order 67 closed at workstation 5: flow_time = 529.5 s.     [order_buffer = 0] [open_orders = 2/4]
2026-07-12 14:08:51 DEBUG:    EVENT NUM 1037  current_time = 00:08:49   START_PICKING         [queue size = 40]
2026-07-12 14:08:51 DEBUG: Processing task 113 at workstation 5: picking items {2920} for orders {38}
2026-07-12 14:08:51 DEBUG:    EVENT NUM 1038  current_time = 00:08:50   ARRIVAL_ORDER         [queue size = 40]
2026-07-12 14:08:51 DEBUG: Order 152 arrived: items_required = [6016, 5274, 8360].     [orders_in_system = 100]
2026-07-12 14:08:51 DEBUG:    EVENT NUM 1039  current_time = 00:08:52   END_PICKING           [queue size = 40]
2026-07-12 14:08:51 DEBUG: Ended picking at workstation 8.    [picking_buffer len = {118: 526.0795020432048}]
2026-07-12 14:08:51 DEBUG: Task should have served orders {1}, found open orders {1, 68, 79, 20}.
2026-07-12 14:08:51 DEBUG: Task 124 completed: pod 703 returning to storage.
2026-07-12 14:08:51 DEBUG:    EVENT NUM 1040  current_time = 00:08:52   START_PICKING         [queue size = 41]
2026-07-12 14:08:51 DEBUG: Processing task 118 at workstation 8: picking items {1704} for orders {1}
2026-07-12 14:08:51 DEBUG:    EVENT NUM 1041  current_time = 00:08:53   RETURN_POD            [queue size = 41]
2026-07-12 14:08:51 DEBUG: Pod 817 returned. Robot 28 idle.   [idle robots = 1/40, released tasks = 53]
2026-07-12 14:08:51 DEBUG:    EVENT NUM 1042  current_time = 00:08:53   START_TASK            [queue size = 41]
2026-07-12 14:08:51 DEBUG: Task 137 started: robot 28 → pod 793 → workstation 8 for orders {79} (arrival = 572.9 s).   [idle robots = 0/40]
2026-07-12 14:08:51 DEBUG:    EVENT NUM 1043  current_time = 00:08:54   ARRIVAL_POD_WST       [queue size = 41]
2026-07-12 14:08:51 DEBUG: Pod 47 arrived at workstation 6 - status = IDLE
2026-07-12 14:08:51 DEBUG: Pod queued at workstation.    [picking_buffer = {114: 534.367997520211}]
2026-07-12 14:08:51 DEBUG:    EVENT NUM 1044  current_time = 00:08:54   START_PICKING         [queue size = 41]
2026-07-12 14:08:51 DEBUG: Processing task 114 at workstation 6: picking items {6670} for orders {75}
2026-07-12 14:08:51 DEBUG:    EVENT NUM 1045  current_time = 00:08:54   ARRIVAL_POD_WST       [queue size = 41]
2026-07-12 14:08:51 DEBUG: Pod 749 arrived at workstation 5 - status = BUSY
2026-07-12 14:08:51 DEBUG: Pod queued at workstation.    [picking_buffer = {112: 534.977834935205}]
2026-07-12 14:08:51 DEBUG:    EVENT NUM 1046  current_time = 00:08:57   RETURN_POD            [queue size = 40]
2026-07-12 14:08:51 DEBUG: Pod 439 returned. Robot 36 idle.   [idle robots = 1/40, released tasks = 52]
2026-07-12 14:08:51 DEBUG:    EVENT NUM 1047  current_time = 00:08:57   START_TASK            [queue size = 40]
2026-07-12 14:08:51 DEBUG: Task 138 started: robot 36 → pod 142 → workstation 11 for orders {61} (arrival = 643.5 s).   [idle robots = 0/40]
2026-07-12 14:08:51 DEBUG:    EVENT NUM 1048  current_time = 00:08:59   END_PICKING           [queue size = 40]
2026-07-12 14:08:51 DEBUG: Ended picking at workstation 5.    [picking_buffer len = {112: 534.977834935205}]
2026-07-12 14:08:51 DEBUG: Task should have served orders {38}, found open orders {38, 53}.
2026-07-12 14:08:51 DEBUG: Task 113 completed: pod 219 returning to storage.
2026-07-12 14:08:51 DEBUG:    EVENT NUM 1049  current_time = 00:08:59   START_PICKING         [queue size = 41]
2026-07-12 14:08:51 DEBUG: Processing task 112 at workstation 5: picking items {5782} for orders {53}
2026-07-12 14:08:51 DEBUG:    EVENT NUM 1050  current_time = 00:09:00   ARRIVAL_ORDER         [queue size = 41]
2026-07-12 14:08:51 DEBUG: Order 153 arrived: items_required = [9993, 8643, 4812].     [orders_in_system = 101]
2026-07-12 14:08:51 DEBUG:    EVENT NUM 1051  current_time = 00:09:02   END_PICKING           [queue size = 41]
2026-07-12 14:08:51 DEBUG: Ended picking at workstation 8.    [picking_buffer len = {}]
2026-07-12 14:08:51 DEBUG: Task should have served orders {1}, found open orders {1, 68, 79, 20}.
2026-07-12 14:08:51 DEBUG: Task 118 completed: pod 521 returning to storage.
2026-07-12 14:08:51 DEBUG:    EVENT NUM 1052  current_time = 00:09:04   ARRIVAL_POD_WST       [queue size = 41]
2026-07-12 14:08:51 DEBUG: Pod 670 arrived at workstation 9 - status = IDLE
2026-07-12 14:08:51 DEBUG: Pod queued at workstation.    [picking_buffer = {122: 544.1791662430137}]
2026-07-12 14:08:51 DEBUG:    EVENT NUM 1053  current_time = 00:09:04   START_PICKING         [queue size = 41]
2026-07-12 14:08:51 DEBUG: Processing task 122 at workstation 9: picking items {8842} for orders {17}
2026-07-12 14:08:51 DEBUG:    EVENT NUM 1054  current_time = 00:09:04   END_PICKING           [queue size = 41]
2026-07-12 14:08:51 DEBUG: Ended picking at workstation 6.    [picking_buffer len = {}]
2026-07-12 14:08:51 DEBUG: Task should have served orders {75}, found open orders {49, 75}.
2026-07-12 14:08:51 DEBUG: Task 114 heading to workstation 6.
2026-07-12 14:08:51 DEBUG:    EVENT NUM 1055  current_time = 00:09:04   ARRIVAL_POD_WST       [queue size = 41]
2026-07-12 14:08:51 DEBUG: Pod 47 arrived at workstation 6 - status = IDLE
2026-07-12 14:08:51 DEBUG: Pod queued at workstation.    [picking_buffer = {114: 544.367997520211}]
2026-07-12 14:08:51 DEBUG:    EVENT NUM 1056  current_time = 00:09:04   START_PICKING         [queue size = 41]
2026-07-12 14:08:51 DEBUG: Processing task 114 at workstation 6: picking items {7911} for orders {49}
2026-07-12 14:08:51 DEBUG:    EVENT NUM 1057  current_time = 00:09:05   ARRIVAL_POD_WST       [queue size = 41]
2026-07-12 14:08:51 DEBUG: Pod 411 arrived at workstation 9 - status = BUSY
2026-07-12 14:08:51 DEBUG: Pod queued at workstation.    [picking_buffer = {123: 545.7915163407916}]
2026-07-12 14:08:51 DEBUG:    EVENT NUM 1058  current_time = 00:09:07   RETURN_POD            [queue size = 40]
2026-07-12 14:08:51 DEBUG: Pod 471 returned. Robot 34 idle.   [idle robots = 1/40, released tasks = 51]
2026-07-12 14:08:51 DEBUG:    EVENT NUM 1059  current_time = 00:09:07   START_TASK            [queue size = 40]
2026-07-12 14:08:51 DEBUG: Task 140 started: robot 34 → pod 252 → workstation 7 for orders {59} (arrival = 644.2 s).   [idle robots = 0/40]
2026-07-12 14:08:51 DEBUG:    EVENT NUM 1060  current_time = 00:09:07   RETURN_POD            [queue size = 40]
2026-07-12 14:08:51 DEBUG: Pod 498 returned. Robot 16 idle.   [idle robots = 1/40, released tasks = 50]
2026-07-12 14:08:51 DEBUG:    EVENT NUM 1061  current_time = 00:09:07   START_TASK            [queue size = 40]
2026-07-12 14:08:51 DEBUG: Task 141 blocked: no orders in {9: [81]} is open yet.  [released tasks = 49]
2026-07-12 14:08:51 DEBUG: Task 142 started: robot 16 → pod 712 → workstation 8 for orders {68} (arrival = 611.1 s).   [idle robots = 0/40]
2026-07-12 14:08:51 DEBUG:    EVENT NUM 1062  current_time = 00:09:08   RETURN_POD            [queue size = 40]
2026-07-12 14:08:51 DEBUG: Pod 163 returned. Robot 24 idle.   [idle robots = 1/40, released tasks = 49]
2026-07-12 14:08:51 DEBUG:    EVENT NUM 1063  current_time = 00:09:08   START_TASK            [queue size = 40]
2026-07-12 14:08:51 DEBUG: Task 141 blocked: no orders in {9: [81]} is open yet.  [released tasks = 48]
2026-07-12 14:08:51 DEBUG: Task 143 started: robot 24 → pod 772 → workstation 11 for orders {28} (arrival = 592.4 s).   [idle robots = 0/40]
2026-07-12 14:08:51 DEBUG:    EVENT NUM 1064  current_time = 00:09:09   END_PICKING           [queue size = 40]
2026-07-12 14:08:51 DEBUG: Ended picking at workstation 5.    [picking_buffer len = {}]
2026-07-12 14:08:51 DEBUG: Task should have served orders {53}, found open orders {38, 53}.
2026-07-12 14:08:51 DEBUG: Task 112 completed: pod 749 returning to storage.
2026-07-12 14:08:51 DEBUG:    EVENT NUM 1065  current_time = 00:09:09   CLOSE_ORDER           [queue size = 41]
2026-07-12 14:08:51 DEBUG: Order 53 closed at workstation 5: flow_time = 549.5 s.     [order_buffer = 0] [open_orders = 1/4]
2026-07-12 14:08:51 DEBUG:    EVENT NUM 1066  current_time = 00:09:09   ARRIVAL_POD_WST       [queue size = 40]
2026-07-12 14:08:51 DEBUG: Pod 198 arrived at workstation 5 - status = IDLE
2026-07-12 14:08:51 DEBUG: Pod queued at workstation.    [picking_buffer = {117: 549.999008202544}]
2026-07-12 14:08:51 DEBUG:    EVENT NUM 1067  current_time = 00:09:09   START_PICKING         [queue size = 40]
2026-07-12 14:08:51 DEBUG: Processing task 117 at workstation 5: picking items {2882} for orders {38}
2026-07-12 14:08:51 DEBUG:    EVENT NUM 1068  current_time = 00:09:10   ARRIVAL_ORDER         [queue size = 40]
2026-07-12 14:08:51 DEBUG: Order 154 arrived: items_required = [6541].     [orders_in_system = 101]
2026-07-12 14:08:51 DEBUG:    EVENT NUM 1069  current_time = 00:09:12   ARRIVAL_POD_WST       [queue size = 40]
2026-07-12 14:08:51 DEBUG: Pod 468 arrived at workstation 8 - status = IDLE
2026-07-12 14:08:51 DEBUG: Pod queued at workstation.    [picking_buffer = {126: 552.7066175645225}]
2026-07-12 14:08:51 DEBUG:    EVENT NUM 1070  current_time = 00:09:12   START_PICKING         [queue size = 40]
2026-07-12 14:08:51 DEBUG: Processing task 126 at workstation 8: picking items {5981} for orders {1}
2026-07-12 14:08:51 DEBUG:    EVENT NUM 1071  current_time = 00:09:14   END_PICKING           [queue size = 40]
2026-07-12 14:08:51 DEBUG: Ended picking at workstation 9.    [picking_buffer len = {123: 545.7915163407916}]
2026-07-12 14:08:51 DEBUG: Task should have served orders {17}, found open orders {39, 45, 47, 17}.
2026-07-12 14:08:51 DEBUG: Task 122 completed: pod 670 returning to storage.
2026-07-12 14:08:51 DEBUG:    EVENT NUM 1072  current_time = 00:09:14   START_PICKING         [queue size = 41]
2026-07-12 14:08:51 DEBUG: Processing task 123 at workstation 9: picking items {8525} for orders {17}
2026-07-12 14:08:51 DEBUG:    EVENT NUM 1073  current_time = 00:09:14   END_PICKING           [queue size = 41]
2026-07-12 14:08:51 DEBUG: Ended picking at workstation 6.    [picking_buffer len = {}]
2026-07-12 14:08:51 DEBUG: Task should have served orders {49}, found open orders {49, 75}.
2026-07-12 14:08:51 DEBUG: Task 114 completed: pod 47 returning to storage.
2026-07-12 14:08:51 DEBUG:    EVENT NUM 1074  current_time = 00:09:14   RETURN_POD            [queue size = 41]
2026-07-12 14:08:51 DEBUG: Pod 59 returned. Robot 6 idle.   [idle robots = 1/40, released tasks = 48]
2026-07-12 14:08:51 DEBUG:    EVENT NUM 1075  current_time = 00:09:14   START_TASK            [queue size = 41]
2026-07-12 14:08:51 DEBUG: Task 141 blocked: no orders in {9: [81]} is open yet.  [released tasks = 47]
2026-07-12 14:08:51 DEBUG: Task 144 started: robot 6 → pod 375 → workstation 8 for orders {68} (arrival = 624.1 s).   [idle robots = 0/40]
2026-07-12 14:08:51 DEBUG:    EVENT NUM 1076  current_time = 00:09:15   ARRIVAL_POD_WST       [queue size = 41]
2026-07-12 14:08:51 DEBUG: Pod 317 arrived at workstation 9 - status = BUSY
2026-07-12 14:08:51 DEBUG: Pod queued at workstation.    [picking_buffer = {125: 555.8273113929444}]
2026-07-12 14:08:51 DEBUG:    EVENT NUM 1077  current_time = 00:09:19   END_PICKING           [queue size = 40]
2026-07-12 14:08:51 DEBUG: Ended picking at workstation 5.    [picking_buffer len = {}]
2026-07-12 14:08:51 DEBUG: Task should have served orders {38}, found open orders {38}.
2026-07-12 14:08:51 DEBUG: Task 117 completed: pod 198 returning to storage.
2026-07-12 14:08:51 DEBUG:    EVENT NUM 1078  current_time = 00:09:19   CLOSE_ORDER           [queue size = 41]
2026-07-12 14:08:51 DEBUG: Order 38 closed at workstation 5: flow_time = 560.0 s.     [order_buffer = 0] [open_orders = 0/4]
2026-07-12 14:08:51 DEBUG:    EVENT NUM 1079  current_time = 00:09:20   ARRIVAL_ORDER         [queue size = 40]
2026-07-12 14:08:51 DEBUG: Order 155 arrived: items_required = [5557, 10927, 3220, 6155, 11064, 3792, 5207, 13172].     [orders_in_system = 101]
2026-07-12 14:08:51 DEBUG:    EVENT NUM 1080  current_time = 00:09:20   RETURN_POD            [queue size = 40]
2026-07-12 14:08:51 DEBUG: Pod 263 returned. Robot 26 idle.   [idle robots = 1/40, released tasks = 47]
2026-07-12 14:08:51 DEBUG:    EVENT NUM 1081  current_time = 00:09:20   START_TASK            [queue size = 40]
2026-07-12 14:08:51 DEBUG: Task 141 blocked: no orders in {9: [81]} is open yet.  [released tasks = 46]
2026-07-12 14:08:51 DEBUG: Task 145 started: robot 26 → pod 659 → workstation 11 for orders {70} (arrival = 663.2 s).   [idle robots = 0/40]
2026-07-12 14:08:51 DEBUG:    EVENT NUM 1082  current_time = 00:09:22   END_PICKING           [queue size = 40]
2026-07-12 14:08:51 DEBUG: Ended picking at workstation 8.    [picking_buffer len = {}]
2026-07-12 14:08:51 DEBUG: Task should have served orders {1}, found open orders {1, 68, 79, 20}.
2026-07-12 14:08:51 DEBUG: Task 126 heading to workstation 8.
2026-07-12 14:08:51 DEBUG:    EVENT NUM 1083  current_time = 00:09:22   ARRIVAL_POD_WST       [queue size = 40]
2026-07-12 14:08:51 DEBUG: Pod 468 arrived at workstation 8 - status = IDLE
2026-07-12 14:08:51 DEBUG: Pod queued at workstation.    [picking_buffer = {126: 562.7066175645225}]
2026-07-12 14:08:51 DEBUG:    EVENT NUM 1084  current_time = 00:09:22   START_PICKING         [queue size = 40]
2026-07-12 14:08:51 DEBUG: Processing task 126 at workstation 8: picking items {5981} for orders {79}
2026-07-12 14:08:51 DEBUG:    EVENT NUM 1085  current_time = 00:09:24   END_PICKING           [queue size = 40]
2026-07-12 14:08:51 DEBUG: Ended picking at workstation 9.    [picking_buffer len = {125: 555.8273113929444}]
2026-07-12 14:08:51 DEBUG: Task should have served orders {17}, found open orders {39, 45, 47, 17}.
2026-07-12 14:08:51 DEBUG: Task 123 completed: pod 411 returning to storage.
2026-07-12 14:08:51 DEBUG:    EVENT NUM 1086  current_time = 00:09:24   CLOSE_ORDER           [queue size = 42]
2026-07-12 14:08:51 DEBUG: Order 17 closed at workstation 9: flow_time = 564.2 s.     [order_buffer = 2] [open_orders = 3/4]
2026-07-12 14:08:51 DEBUG: Next order in buffer: 89
2026-07-12 14:08:51 DEBUG:    EVENT NUM 1087  current_time = 00:09:24   START_PICKING         [queue size = 42]
2026-07-12 14:08:51 DEBUG: Processing task 125 at workstation 9: picking items {10263} for orders {45}
2026-07-12 14:08:51 DEBUG:    EVENT NUM 1088  current_time = 00:09:24   OPEN_ORDER            [queue size = 42]
2026-07-12 14:08:51 DEBUG: Order 89 (skus required = {4365}) opened at workstation 9.   [open_orders = 4/4]
2026-07-12 14:08:51 DEBUG:    EVENT NUM 1089  current_time = 00:09:24   START_TASK            [queue size = 42]
2026-07-12 14:08:51 DEBUG: Task 141 blocked: no idle robots.
2026-07-12 14:08:51 DEBUG:    EVENT NUM 1090  current_time = 00:09:27   RETURN_POD            [queue size = 41]
2026-07-12 14:08:51 DEBUG: Pod 425 returned. Robot 14 idle.   [idle robots = 1/40, released tasks = 46]
2026-07-12 14:08:51 DEBUG:    EVENT NUM 1091  current_time = 00:09:27   START_TASK            [queue size = 41]
2026-07-12 14:08:51 DEBUG: Task 141 started: robot 14 → pod 686 → workstation 9 for orders {81} (arrival = 655.1 s).   [idle robots = 0/40]
2026-07-12 14:08:51 DEBUG:    EVENT NUM 1092  current_time = 00:09:29   RETURN_POD            [queue size = 41]
2026-07-12 14:08:51 DEBUG: Pod 230 returned. Robot 2 idle.   [idle robots = 1/40, released tasks = 45]
2026-07-12 14:08:51 DEBUG:    EVENT NUM 1093  current_time = 00:09:29   START_TASK            [queue size = 41]
2026-07-12 14:08:51 DEBUG: Task 146 started: robot 2 → pod 87 → workstation 11 for orders {60} (arrival = 706.5 s).   [idle robots = 0/40]
2026-07-12 14:08:51 DEBUG:    EVENT NUM 1094  current_time = 00:09:30   ARRIVAL_ORDER         [queue size = 41]
2026-07-12 14:08:51 DEBUG: Order 156 arrived: items_required = [7786].     [orders_in_system = 101]
2026-07-12 14:08:51 DEBUG:    EVENT NUM 1095  current_time = 00:09:32   END_PICKING           [queue size = 41]
2026-07-12 14:08:51 DEBUG: Ended picking at workstation 8.    [picking_buffer len = {}]
2026-07-12 14:08:51 DEBUG: Task should have served orders {79}, found open orders {1, 68, 79, 20}.
2026-07-12 14:08:51 DEBUG: Task 126 completed: pod 468 returning to storage.
2026-07-12 14:08:51 DEBUG:    EVENT NUM 1096  current_time = 00:09:32   ARRIVAL_POD_WST       [queue size = 41]
2026-07-12 14:08:51 DEBUG: Pod 793 arrived at workstation 8 - status = IDLE
2026-07-12 14:08:51 DEBUG: Pod queued at workstation.    [picking_buffer = {137: 572.9082732068896}]
2026-07-12 14:08:51 DEBUG:    EVENT NUM 1097  current_time = 00:09:32   START_PICKING         [queue size = 41]
2026-07-12 14:08:51 DEBUG: Processing task 137 at workstation 8: picking items {1102} for orders {79}
2026-07-12 14:08:51 DEBUG:    EVENT NUM 1098  current_time = 00:09:34   RETURN_POD            [queue size = 41]
2026-07-12 14:08:51 DEBUG: Pod 664 returned. Robot 35 idle.   [idle robots = 1/40, released tasks = 44]
2026-07-12 14:08:51 DEBUG:    EVENT NUM 1099  current_time = 00:09:34   START_TASK            [queue size = 41]
2026-07-12 14:08:51 DEBUG: Task 147 started: robot 35 → pod 175 → workstation 11 for orders {7} (arrival = 694.8 s).   [idle robots = 0/40]
2026-07-12 14:08:51 DEBUG:    EVENT NUM 1100  current_time = 00:09:34   END_PICKING           [queue size = 41]
2026-07-12 14:08:51 DEBUG: Ended picking at workstation 9.    [picking_buffer len = {}]
2026-07-12 14:08:51 DEBUG: Task should have served orders {45}, found open orders {39, 45, 47, 89}.
2026-07-12 14:08:51 DEBUG: Task 125 completed: pod 317 returning to storage.
2026-07-12 14:08:51 DEBUG:    EVENT NUM 1101  current_time = 00:09:40   ARRIVAL_ORDER         [queue size = 41]
2026-07-12 14:08:51 DEBUG: Order 157 arrived: items_required = [1690].     [orders_in_system = 102]
2026-07-12 14:08:51 DEBUG:    EVENT NUM 1102  current_time = 00:09:40   RETURN_POD            [queue size = 41]
2026-07-12 14:08:51 DEBUG: Pod 355 returned. Robot 5 idle.   [idle robots = 1/40, released tasks = 43]
2026-07-12 14:08:51 DEBUG:    EVENT NUM 1103  current_time = 00:09:40   START_TASK            [queue size = 41]
2026-07-12 14:08:51 DEBUG: Task 148 blocked: no orders in {11: [21]} is open yet.  [released tasks = 42]
2026-07-12 14:08:51 DEBUG: Task 149 started: robot 5 → pod 48 → workstation 10 for orders {54} (arrival = 677.6 s).   [idle robots = 0/40]
2026-07-12 14:08:51 DEBUG:    EVENT NUM 1104  current_time = 00:09:41   ARRIVAL_POD_WST       [queue size = 41]
2026-07-12 14:08:51 DEBUG: Pod 516 arrived at workstation 8 - status = BUSY
2026-07-12 14:08:51 DEBUG: Pod queued at workstation.    [picking_buffer = {121: 581.2397775702416}]
2026-07-12 14:08:51 DEBUG:    EVENT NUM 1105  current_time = 00:09:41   ARRIVAL_POD_WST       [queue size = 40]
2026-07-12 14:08:51 DEBUG: Pod 461 arrived at workstation 9 - status = IDLE
2026-07-12 14:08:51 DEBUG: Pod queued at workstation.    [picking_buffer = {127: 581.6514590100651}]
2026-07-12 14:08:51 DEBUG:    EVENT NUM 1106  current_time = 00:09:41   START_PICKING         [queue size = 40]
2026-07-12 14:08:51 DEBUG: Processing task 127 at workstation 9: picking items {8816} for orders {47}
2026-07-12 14:08:51 DEBUG:    EVENT NUM 1107  current_time = 00:09:42   END_PICKING           [queue size = 40]
2026-07-12 14:08:51 DEBUG: Ended picking at workstation 8.    [picking_buffer len = {121: 581.2397775702416}]
2026-07-12 14:08:51 DEBUG: Task should have served orders {79}, found open orders {1, 68, 79, 20}.
2026-07-12 14:08:51 DEBUG: Task 137 completed: pod 793 returning to storage.
2026-07-12 14:08:51 DEBUG:    EVENT NUM 1108  current_time = 00:09:42   START_PICKING         [queue size = 41]
2026-07-12 14:08:51 DEBUG: Processing task 121 at workstation 8: picking items {8337} for orders {20}
2026-07-12 14:08:51 DEBUG:    EVENT NUM 1109  current_time = 00:09:44   ARRIVAL_POD_WST       [queue size = 41]
2026-07-12 14:08:51 DEBUG: Pod 559 arrived at workstation 9 - status = BUSY
2026-07-12 14:08:51 DEBUG: Pod queued at workstation.    [picking_buffer = {136: 584.5382454691312}]
2026-07-12 14:08:51 DEBUG:    EVENT NUM 1110  current_time = 00:09:44   RETURN_POD            [queue size = 40]
2026-07-12 14:08:51 DEBUG: Pod 703 returned. Robot 20 idle.   [idle robots = 1/40, released tasks = 42]
2026-07-12 14:08:51 DEBUG:    EVENT NUM 1111  current_time = 00:09:44   START_TASK            [queue size = 40]
2026-07-12 14:08:51 DEBUG: Task 148 blocked: no orders in {11: [21]} is open yet.  [released tasks = 41]
2026-07-12 14:08:51 DEBUG: Task 150 started: robot 20 → pod 331 → workstation 7 for orders {90} (arrival = 749.0 s).   [idle robots = 0/40]
2026-07-12 14:08:51 DEBUG:    EVENT NUM 1112  current_time = 00:09:46   ARRIVAL_POD_WST       [queue size = 40]
2026-07-12 14:08:51 DEBUG: Pod 499 arrived at workstation 9 - status = BUSY
2026-07-12 14:08:51 DEBUG: Pod queued at workstation.    [picking_buffer = {136: 584.5382454691312, 135: 586.1097610142104}]
2026-07-12 14:08:51 DEBUG:    EVENT NUM 1113  current_time = 00:09:50   ARRIVAL_ORDER         [queue size = 39]
2026-07-12 14:08:51 DEBUG: Order 158 arrived: items_required = [6716, 8908].     [orders_in_system = 103]
2026-07-12 14:08:51 DEBUG:    EVENT NUM 1114  current_time = 00:09:51   END_PICKING           [queue size = 39]
2026-07-12 14:08:51 DEBUG: Ended picking at workstation 9.    [picking_buffer len = {136: 584.5382454691312, 135: 586.1097610142104}]
2026-07-12 14:08:51 DEBUG: Task should have served orders {47}, found open orders {39, 45, 47, 89}.
2026-07-12 14:08:51 DEBUG: Task 127 completed: pod 461 returning to storage.
2026-07-12 14:08:51 DEBUG:    EVENT NUM 1115  current_time = 00:09:51   CLOSE_ORDER           [queue size = 41]
2026-07-12 14:08:51 DEBUG: Order 47 closed at workstation 9: flow_time = 591.7 s.     [order_buffer = 1] [open_orders = 3/4]
2026-07-12 14:08:51 DEBUG: Next order in buffer: 81
2026-07-12 14:08:51 DEBUG:    EVENT NUM 1116  current_time = 00:09:51   START_PICKING         [queue size = 41]
2026-07-12 14:08:51 DEBUG: Processing task 136 at workstation 9: picking items {8092} for orders {39}
2026-07-12 14:08:51 DEBUG:    EVENT NUM 1117  current_time = 00:09:51   OPEN_ORDER            [queue size = 41]
2026-07-12 14:08:51 DEBUG: Order 81 (skus required = {8635, 3750}) opened at workstation 9.   [open_orders = 4/4]
2026-07-12 14:08:51 DEBUG:    EVENT NUM 1118  current_time = 00:09:51   START_TASK            [queue size = 41]
2026-07-12 14:08:51 DEBUG: Task 148 blocked: no orders in {11: [21]} is open yet.  [released tasks = 40]
2026-07-12 14:08:51 DEBUG: Task 151 blocked: no orders in {11: [4]} is open yet.  [released tasks = 39]
2026-07-12 14:08:51 DEBUG: Task 152 blocked: no idle robots.
2026-07-12 14:08:51 DEBUG:    EVENT NUM 1119  current_time = 00:09:52   ARRIVAL_POD_WST       [queue size = 40]
2026-07-12 14:08:51 DEBUG: Pod 772 arrived at workstation 11 - status = IDLE
2026-07-12 14:08:51 DEBUG: Pod queued at workstation.    [picking_buffer = {143: 592.3722824060771}]
2026-07-12 14:08:51 DEBUG:    EVENT NUM 1120  current_time = 00:09:52   START_PICKING         [queue size = 40]
2026-07-12 14:08:51 DEBUG: Processing task 143 at workstation 11: picking items {8541} for orders {28}
2026-07-12 14:08:51 DEBUG:    EVENT NUM 1121  current_time = 00:09:52   END_PICKING           [queue size = 40]
2026-07-12 14:08:51 DEBUG: Ended picking at workstation 8.    [picking_buffer len = {}]
2026-07-12 14:08:51 DEBUG: Task should have served orders {20}, found open orders {1, 68, 79, 20}.
2026-07-12 14:08:51 DEBUG: Task 121 completed: pod 516 returning to storage.
2026-07-12 14:08:51 DEBUG:    EVENT NUM 1122  current_time = 00:09:52   CLOSE_ORDER           [queue size = 41]
2026-07-12 14:08:51 DEBUG: Order 20 closed at workstation 8: flow_time = 592.9 s.     [order_buffer = 0] [open_orders = 3/4]
2026-07-12 14:08:51 DEBUG:    EVENT NUM 1123  current_time = 00:10:00   ARRIVAL_ORDER         [queue size = 40]
2026-07-12 14:08:51 DEBUG: Order 159 arrived: items_required = [5266, 8691].     [orders_in_system = 102]
2026-07-12 14:08:51 DEBUG:    EVENT NUM 1124  current_time = 00:10:00   ARRIVAL_POD_WST       [queue size = 40]
2026-07-12 14:08:51 DEBUG: Pod 784 arrived at workstation 8 - status = IDLE
2026-07-12 14:08:51 DEBUG: Pod queued at workstation.    [picking_buffer = {130: 600.6349699857175}]
2026-07-12 14:08:51 DEBUG:    EVENT NUM 1125  current_time = 00:10:00   START_PICKING         [queue size = 40]
2026-07-12 14:08:51 DEBUG: Processing task 130 at workstation 8: picking items {4378} for orders {1}
2026-07-12 14:08:51 DEBUG:    EVENT NUM 1126  current_time = 00:10:01   END_PICKING           [queue size = 40]
2026-07-12 14:08:51 DEBUG: Ended picking at workstation 9.    [picking_buffer len = {135: 586.1097610142104}]
2026-07-12 14:08:51 DEBUG: Task should have served orders {39}, found open orders {39, 45, 81, 89}.
2026-07-12 14:08:51 DEBUG: Task 136 completed: pod 559 returning to storage.
2026-07-12 14:08:51 DEBUG:    EVENT NUM 1127  current_time = 00:10:01   START_PICKING         [queue size = 41]
2026-07-12 14:08:51 DEBUG: Processing task 135 at workstation 9: picking items {4365} for orders {89}
2026-07-12 14:08:51 DEBUG:    EVENT NUM 1128  current_time = 00:10:01   RETURN_POD            [queue size = 41]
2026-07-12 14:08:51 DEBUG: Pod 283 returned. Robot 25 idle.   [idle robots = 1/40, released tasks = 41]
2026-07-12 14:08:51 DEBUG:    EVENT NUM 1129  current_time = 00:10:01   START_TASK            [queue size = 41]
2026-07-12 14:08:51 DEBUG: Task 148 blocked: no orders in {11: [21]} is open yet.  [released tasks = 40]
2026-07-12 14:08:51 DEBUG: Task 151 blocked: no orders in {11: [4]} is open yet.  [released tasks = 39]
2026-07-12 14:08:51 DEBUG: Task 152 started: robot 25 → pod 315 → workstation 7 for orders {10} (arrival = 676.8 s).   [idle robots = 0/40]
2026-07-12 14:08:51 DEBUG:    EVENT NUM 1130  current_time = 00:10:02   END_PICKING           [queue size = 41]
2026-07-12 14:08:51 DEBUG: Ended picking at workstation 11.    [picking_buffer len = {}]
2026-07-12 14:08:51 DEBUG: Task should have served orders {28}, found open orders {70, 60, 28, 61}.
2026-07-12 14:08:51 DEBUG: Task 143 completed: pod 772 returning to storage.
2026-07-12 14:08:51 DEBUG:    EVENT NUM 1131  current_time = 00:10:02   CLOSE_ORDER           [queue size = 42]
2026-07-12 14:08:51 DEBUG: Order 28 closed at workstation 11: flow_time = 602.4 s.     [order_buffer = 8] [open_orders = 3/4]
2026-07-12 14:08:51 DEBUG: Next order in buffer: 7
2026-07-12 14:08:51 DEBUG:    EVENT NUM 1132  current_time = 00:10:02   OPEN_ORDER            [queue size = 42]
2026-07-12 14:08:51 DEBUG: Order 7 (skus required = {12759}) opened at workstation 11.   [open_orders = 4/4]
2026-07-12 14:08:51 DEBUG:    EVENT NUM 1133  current_time = 00:10:02   START_TASK            [queue size = 42]
2026-07-12 14:08:51 DEBUG: Task 148 blocked: no idle robots.
2026-07-12 14:08:51 DEBUG:    EVENT NUM 1134  current_time = 00:10:05   RETURN_POD            [queue size = 41]
2026-07-12 14:08:51 DEBUG: Pod 89 returned. Robot 29 idle.   [idle robots = 1/40, released tasks = 40]
2026-07-12 14:08:51 DEBUG:    EVENT NUM 1135  current_time = 00:10:05   START_TASK            [queue size = 41]
2026-07-12 14:08:51 DEBUG: Task 148 started: robot 29 → pod 655 → workstation 11 for orders {21} (arrival = 680.3 s).   [idle robots = 0/40]
2026-07-12 14:08:51 DEBUG:    EVENT NUM 1136  current_time = 00:10:07   RETURN_POD            [queue size = 41]
2026-07-12 14:08:51 DEBUG: Pod 77 returned. Robot 39 idle.   [idle robots = 1/40, released tasks = 39]
2026-07-12 14:08:51 DEBUG:    EVENT NUM 1137  current_time = 00:10:07   START_TASK            [queue size = 41]
2026-07-12 14:08:51 DEBUG: Task 151 blocked: no orders in {11: [4]} is open yet.  [released tasks = 38]
2026-07-12 14:08:51 DEBUG: Task 153 blocked: no orders in {11: [55]} is open yet.  [released tasks = 37]
2026-07-12 14:08:51 DEBUG: Task 154 started: robot 39 → pod 536 → workstation 10 for orders {86} (arrival = 704.2 s).   [idle robots = 0/40]
2026-07-12 14:08:51 DEBUG:    EVENT NUM 1138  current_time = 00:10:08   ARRIVAL_POD_WST       [queue size = 41]
2026-07-12 14:08:51 DEBUG: Pod 342 arrived at workstation 9 - status = BUSY
2026-07-12 14:08:51 DEBUG: Pod queued at workstation.    [picking_buffer = {129: 608.386903103735}]
2026-07-12 14:08:51 DEBUG:    EVENT NUM 1139  current_time = 00:10:10   ARRIVAL_ORDER         [queue size = 40]
2026-07-12 14:08:51 DEBUG: Order 160 arrived: items_required = [12664].     [orders_in_system = 102]
2026-07-12 14:08:51 DEBUG:    EVENT NUM 1140  current_time = 00:10:10   END_PICKING           [queue size = 40]
2026-07-12 14:08:51 DEBUG: Ended picking at workstation 8.    [picking_buffer len = {}]
2026-07-12 14:08:51 DEBUG: Task should have served orders {1}, found open orders {1, 68, 79}.
2026-07-12 14:08:51 DEBUG: Task 130 completed: pod 784 returning to storage.
2026-07-12 14:08:51 DEBUG:    EVENT NUM 1141  current_time = 00:10:10   RETURN_POD            [queue size = 40]
2026-07-12 14:08:51 DEBUG: Pod 385 returned. Robot 30 idle.   [idle robots = 1/40, released tasks = 38]
2026-07-12 14:08:51 DEBUG:    EVENT NUM 1142  current_time = 00:10:10   START_TASK            [queue size = 40]
2026-07-12 14:08:51 DEBUG: Task 151 blocked: no orders in {11: [4]} is open yet.  [released tasks = 37]
2026-07-12 14:08:51 DEBUG: Task 153 blocked: no orders in {11: [55]} is open yet.  [released tasks = 36]
2026-07-12 14:08:51 DEBUG: Task 155 started: robot 30 → pod 414 → workstation 10 for orders {42} (arrival = 710.4 s).   [idle robots = 0/40]
2026-07-12 14:08:51 DEBUG:    EVENT NUM 1143  current_time = 00:10:11   ARRIVAL_POD_WST       [queue size = 40]
2026-07-12 14:08:51 DEBUG: Pod 712 arrived at workstation 8 - status = IDLE
2026-07-12 14:08:51 DEBUG: Pod queued at workstation.    [picking_buffer = {142: 611.1003049748667}]
2026-07-12 14:08:51 DEBUG:    EVENT NUM 1144  current_time = 00:10:11   START_PICKING         [queue size = 40]
2026-07-12 14:08:51 DEBUG: Processing task 142 at workstation 8: picking items {5349} for orders {68}
2026-07-12 14:08:51 DEBUG:    EVENT NUM 1145  current_time = 00:10:11   END_PICKING           [queue size = 40]
2026-07-12 14:08:51 DEBUG: Ended picking at workstation 9.    [picking_buffer len = {129: 608.386903103735}]
2026-07-12 14:08:51 DEBUG: Task should have served orders {89}, found open orders {39, 45, 81, 89}.
2026-07-12 14:08:51 DEBUG: Task 135 completed: pod 499 returning to storage.
2026-07-12 14:08:51 DEBUG:    EVENT NUM 1146  current_time = 00:10:11   CLOSE_ORDER           [queue size = 42]
2026-07-12 14:08:51 DEBUG: Order 89 closed at workstation 9: flow_time = 611.7 s.     [order_buffer = 0] [open_orders = 3/4]
2026-07-12 14:08:51 DEBUG:    EVENT NUM 1147  current_time = 00:10:11   START_PICKING         [queue size = 41]
2026-07-12 14:08:51 DEBUG: Processing task 129 at workstation 9: picking items {8892} for orders {45}
2026-07-12 14:08:51 DEBUG:    EVENT NUM 1148  current_time = 00:10:12   ARRIVAL_POD_WST       [queue size = 41]
2026-07-12 14:08:51 DEBUG: Pod 162 arrived at workstation 9 - status = BUSY
2026-07-12 14:08:51 DEBUG: Pod queued at workstation.    [picking_buffer = {128: 612.8835875479587}]
2026-07-12 14:08:51 DEBUG:    EVENT NUM 1149  current_time = 00:10:15   ARRIVAL_POD_WST       [queue size = 40]
2026-07-12 14:08:51 DEBUG: Pod 33 arrived at workstation 6 - status = IDLE
2026-07-12 14:08:51 DEBUG: Pod queued at workstation.    [picking_buffer = {115: 615.9605240137342}]
2026-07-12 14:08:51 DEBUG:    EVENT NUM 1150  current_time = 00:10:15   START_PICKING         [queue size = 40]
2026-07-12 14:08:51 DEBUG: Processing task 115 at workstation 6: picking items {2570} for orders {75}
2026-07-12 14:08:51 DEBUG:    EVENT NUM 1151  current_time = 00:10:18   RETURN_POD            [queue size = 40]
2026-07-12 14:08:51 DEBUG: Pod 70 returned. Robot 27 idle.   [idle robots = 1/40, released tasks = 37]
2026-07-12 14:08:51 DEBUG:    EVENT NUM 1152  current_time = 00:10:18   START_TASK            [queue size = 40]
2026-07-12 14:08:51 DEBUG: Task 151 blocked: no orders in {11: [4]} is open yet.  [released tasks = 36]
2026-07-12 14:08:51 DEBUG: Task 153 blocked: no orders in {11: [55]} is open yet.  [released tasks = 35]
2026-07-12 14:08:51 DEBUG: Task 156 started: robot 27 → pod 711 → workstation 10 for orders {29} (arrival = 662.2 s).   [idle robots = 0/40]
2026-07-12 14:08:51 DEBUG:    EVENT NUM 1153  current_time = 00:10:20   ARRIVAL_ORDER         [queue size = 40]
2026-07-12 14:08:51 DEBUG: Order 161 arrived: items_required = [11244].     [orders_in_system = 102]
2026-07-12 14:08:51 DEBUG:    EVENT NUM 1154  current_time = 00:10:21   END_PICKING           [queue size = 40]
2026-07-12 14:08:51 DEBUG: Ended picking at workstation 8.    [picking_buffer len = {}]
2026-07-12 14:08:51 DEBUG: Task should have served orders {68}, found open orders {1, 68, 79}.
2026-07-12 14:08:51 DEBUG: Task 142 completed: pod 712 returning to storage.
2026-07-12 14:08:51 DEBUG:    EVENT NUM 1155  current_time = 00:10:21   END_PICKING           [queue size = 40]
2026-07-12 14:08:51 DEBUG: Ended picking at workstation 9.    [picking_buffer len = {128: 612.8835875479587}]
2026-07-12 14:08:51 DEBUG: Task should have served orders {45}, found open orders {39, 45, 81}.
2026-07-12 14:08:51 DEBUG: Task 129 completed: pod 342 returning to storage.
2026-07-12 14:08:51 DEBUG:    EVENT NUM 1156  current_time = 00:10:21   START_PICKING         [queue size = 41]
2026-07-12 14:08:51 DEBUG: Processing task 128 at workstation 9: picking items {9745} for orders {39}
2026-07-12 14:08:51 DEBUG:    EVENT NUM 1157  current_time = 00:10:24   ARRIVAL_POD_WST       [queue size = 41]
2026-07-12 14:08:51 DEBUG: Pod 375 arrived at workstation 8 - status = IDLE
2026-07-12 14:08:51 DEBUG: Pod queued at workstation.    [picking_buffer = {144: 624.101372496421}]
2026-07-12 14:08:51 DEBUG:    EVENT NUM 1158  current_time = 00:10:24   START_PICKING         [queue size = 41]
2026-07-12 14:08:51 DEBUG: Processing task 144 at workstation 8: picking items {7712} for orders {68}
2026-07-12 14:08:51 DEBUG:    EVENT NUM 1159  current_time = 00:10:24   RETURN_POD            [queue size = 41]
2026-07-12 14:08:51 DEBUG: Pod 157 returned. Robot 4 idle.   [idle robots = 1/40, released tasks = 36]
2026-07-12 14:08:51 DEBUG:    EVENT NUM 1160  current_time = 00:10:24   START_TASK            [queue size = 41]
2026-07-12 14:08:51 DEBUG: Task 151 blocked: no orders in {11: [4]} is open yet.  [released tasks = 35]
2026-07-12 14:08:51 DEBUG: Task 153 blocked: no orders in {11: [55]} is open yet.  [released tasks = 34]
2026-07-12 14:08:51 DEBUG: Task 157 blocked: no orders in {11: [6]} is open yet.  [released tasks = 33]
2026-07-12 14:08:51 DEBUG: Task 158 started: robot 4 → pod 115 → workstation 10 for orders {93} (arrival = 758.5 s).   [idle robots = 0/40]
2026-07-12 14:08:51 DEBUG:    EVENT NUM 1161  current_time = 00:10:25   END_PICKING           [queue size = 41]
2026-07-12 14:08:51 DEBUG: Ended picking at workstation 6.    [picking_buffer len = {}]
2026-07-12 14:08:51 DEBUG: Task should have served orders {75}, found open orders {49, 75}.
2026-07-12 14:08:51 DEBUG: Task 115 completed: pod 33 returning to storage.
2026-07-12 14:08:51 DEBUG:    EVENT NUM 1162  current_time = 00:10:25   CLOSE_ORDER           [queue size = 42]
2026-07-12 14:08:51 DEBUG: Order 75 closed at workstation 6: flow_time = 626.0 s.     [order_buffer = 0] [open_orders = 1/4]
2026-07-12 14:08:51 DEBUG:    EVENT NUM 1163  current_time = 00:10:26   RETURN_POD            [queue size = 41]
2026-07-12 14:08:51 DEBUG: Pod 793 returned. Robot 28 idle.   [idle robots = 1/40, released tasks = 35]
2026-07-12 14:08:51 DEBUG:    EVENT NUM 1164  current_time = 00:10:26   START_TASK            [queue size = 41]
2026-07-12 14:08:51 DEBUG: Task 151 blocked: no orders in {11: [4]} is open yet.  [released tasks = 34]
2026-07-12 14:08:51 DEBUG: Task 153 blocked: no orders in {11: [55]} is open yet.  [released tasks = 33]
2026-07-12 14:08:51 DEBUG: Task 157 blocked: no orders in {11: [6]} is open yet.  [released tasks = 32]
2026-07-12 14:08:51 DEBUG: Task 159 blocked: no orders in {10: [23]} is open yet.  [released tasks = 31]
2026-07-12 14:08:51 DEBUG: Task 160 blocked: no orders in {10: [25]} is open yet.  [released tasks = 30]
2026-07-12 14:08:51 DEBUG: Task 161 started: robot 28 → pod 151 → workstation 7 for orders {43} (arrival = 799.7 s).   [idle robots = 0/40]
2026-07-12 14:08:51 DEBUG:    EVENT NUM 1165  current_time = 00:10:28   RETURN_POD            [queue size = 41]
2026-07-12 14:08:51 DEBUG: Pod 521 returned. Robot 12 idle.   [idle robots = 1/40, released tasks = 34]
2026-07-12 14:08:51 DEBUG:    EVENT NUM 1166  current_time = 00:10:28   START_TASK            [queue size = 41]
2026-07-12 14:08:51 DEBUG: Task 151 blocked: no orders in {11: [4]} is open yet.  [released tasks = 33]
2026-07-12 14:08:51 DEBUG: Task 153 blocked: no orders in {11: [55]} is open yet.  [released tasks = 32]
2026-07-12 14:08:51 DEBUG: Task 157 blocked: no orders in {11: [6]} is open yet.  [released tasks = 31]
2026-07-12 14:08:51 DEBUG: Task 159 blocked: no orders in {10: [23]} is open yet.  [released tasks = 30]
2026-07-12 14:08:51 DEBUG: Task 160 blocked: no orders in {10: [25]} is open yet.  [released tasks = 29]
2026-07-12 14:08:51 DEBUG: Task 162 blocked: no orders in {10: [25]} is open yet.  [released tasks = 28]
2026-07-12 14:08:51 DEBUG: Task 163 started: robot 12 → pod 335 → workstation 7 for orders {5} (arrival = 755.6 s).   [idle robots = 0/40]
2026-07-12 14:08:51 DEBUG:    EVENT NUM 1167  current_time = 00:10:30   ARRIVAL_ORDER         [queue size = 41]
2026-07-12 14:08:51 DEBUG: Order 162 arrived: items_required = [6632].     [orders_in_system = 102]
2026-07-12 14:08:51 DEBUG:    EVENT NUM 1168  current_time = 00:10:31   END_PICKING           [queue size = 41]
2026-07-12 14:08:51 DEBUG: Ended picking at workstation 9.    [picking_buffer len = {}]
2026-07-12 14:08:51 DEBUG: Task should have served orders {39}, found open orders {39, 45, 81}.
2026-07-12 14:08:51 DEBUG: Task 128 completed: pod 162 returning to storage.
2026-07-12 14:08:51 DEBUG:    EVENT NUM 1169  current_time = 00:10:31   CLOSE_ORDER           [queue size = 42]
2026-07-12 14:08:51 DEBUG: Order 39 closed at workstation 9: flow_time = 631.7 s.     [order_buffer = 0] [open_orders = 2/4]
2026-07-12 14:08:51 DEBUG:    EVENT NUM 1170  current_time = 00:10:34   END_PICKING           [queue size = 41]
2026-07-12 14:08:51 DEBUG: Ended picking at workstation 8.    [picking_buffer len = {}]
2026-07-12 14:08:51 DEBUG: Task should have served orders {68}, found open orders {1, 68, 79}.
2026-07-12 14:08:51 DEBUG: Task 144 completed: pod 375 returning to storage.
2026-07-12 14:08:51 DEBUG:    EVENT NUM 1171  current_time = 00:10:34   RETURN_POD            [queue size = 41]
2026-07-12 14:08:51 DEBUG: Pod 670 returned. Robot 0 idle.   [idle robots = 1/40, released tasks = 33]
2026-07-12 14:08:51 DEBUG:    EVENT NUM 1172  current_time = 00:10:34   START_TASK            [queue size = 41]
2026-07-12 14:08:51 DEBUG: Task 151 blocked: no orders in {11: [4]} is open yet.  [released tasks = 32]
2026-07-12 14:08:51 DEBUG: Task 153 blocked: no orders in {11: [55]} is open yet.  [released tasks = 31]
2026-07-12 14:08:51 DEBUG: Task 157 blocked: no orders in {11: [6]} is open yet.  [released tasks = 30]
2026-07-12 14:08:51 DEBUG: Task 159 blocked: no orders in {10: [23]} is open yet.  [released tasks = 29]
2026-07-12 14:08:51 DEBUG: Task 160 blocked: no orders in {10: [25]} is open yet.  [released tasks = 28]
2026-07-12 14:08:51 DEBUG: Task 162 blocked: no orders in {10: [25]} is open yet.  [released tasks = 27]
2026-07-12 14:08:51 DEBUG: Task 164 blocked: no orders in {10: [94]} is open yet.  [released tasks = 26]
2026-07-12 14:08:51 DEBUG: Task 165 started: robot 0 → pod 748 → workstation 7 for orders {5} (arrival = 736.4 s).   [idle robots = 0/40]
2026-07-12 14:08:51 DEBUG:    EVENT NUM 1173  current_time = 00:10:34   ARRIVAL_POD_WST       [queue size = 41]
2026-07-12 14:08:51 DEBUG: Pod 840 arrived at workstation 8 - status = IDLE
2026-07-12 14:08:51 DEBUG: Pod queued at workstation.    [picking_buffer = {133: 634.5949288421816}]
2026-07-12 14:08:51 DEBUG:    EVENT NUM 1174  current_time = 00:10:34   START_PICKING         [queue size = 41]
2026-07-12 14:08:51 DEBUG: Processing task 133 at workstation 8: picking items {2450} for orders {79}
2026-07-12 14:08:51 DEBUG:    EVENT NUM 1175  current_time = 00:10:36   RETURN_POD            [queue size = 41]
2026-07-12 14:08:51 DEBUG: Pod 468 returned. Robot 21 idle.   [idle robots = 1/40, released tasks = 32]
2026-07-12 14:08:51 DEBUG:    EVENT NUM 1176  current_time = 00:10:36   START_TASK            [queue size = 41]
2026-07-12 14:08:51 DEBUG: Task 151 blocked: no orders in {11: [4]} is open yet.  [released tasks = 31]
2026-07-12 14:08:51 DEBUG: Task 153 blocked: no orders in {11: [55]} is open yet.  [released tasks = 30]
2026-07-12 14:08:51 DEBUG: Task 157 blocked: no orders in {11: [6]} is open yet.  [released tasks = 29]
2026-07-12 14:08:51 DEBUG: Task 159 blocked: no orders in {10: [23]} is open yet.  [released tasks = 28]
2026-07-12 14:08:51 DEBUG: Task 160 blocked: no orders in {10: [25]} is open yet.  [released tasks = 27]
2026-07-12 14:08:51 DEBUG: Task 162 blocked: no orders in {10: [25]} is open yet.  [released tasks = 26]
2026-07-12 14:08:51 DEBUG: Task 164 blocked: no orders in {10: [94]} is open yet.  [released tasks = 25]
2026-07-12 14:08:51 DEBUG: Task 166 blocked: no orders in {7: [37]} is open yet.  [released tasks = 24]
2026-07-12 14:08:51 DEBUG: Task 167 blocked: no orders in {7: [37]} is open yet.  [released tasks = 23]
2026-07-12 14:08:51 DEBUG: Task 168 blocked: no orders in {11: [51]} is open yet.  [released tasks = 22]
2026-07-12 14:08:51 DEBUG: Task 169 blocked: no orders in {7: [26]} is open yet.  [released tasks = 21]
2026-07-12 14:08:51 DEBUG: Task 170 blocked: no orders in {10: [0]} is open yet.  [released tasks = 20]
2026-07-12 14:08:51 DEBUG: Task 171 blocked: no orders in {11: [51]} is open yet.  [released tasks = 19]
2026-07-12 14:08:51 DEBUG: Task 172 blocked: no orders in {7: [26]} is open yet.  [released tasks = 18]
2026-07-12 14:08:51 DEBUG: Task 173 blocked: no orders in {7: [26]} is open yet.  [released tasks = 17]
2026-07-12 14:08:51 DEBUG: Task 174 blocked: pod 331 not idle.  [released tasks = 16]
2026-07-12 14:08:51 DEBUG: Task 175 blocked: no orders in {11: [51]} is open yet.  [released tasks = 15]
2026-07-12 14:08:51 DEBUG: Task 176 blocked: no orders in {11: [82]} is open yet.  [released tasks = 14]
2026-07-12 14:08:51 DEBUG: Task 177 blocked: no orders in {10: [0]} is open yet.  [released tasks = 13]
2026-07-12 14:08:51 DEBUG: Task 178 blocked: no orders in {10: [94]} is open yet.  [released tasks = 12]
2026-07-12 14:08:51 DEBUG: Task 179 blocked: no orders in {10: [94]} is open yet.  [released tasks = 11]
2026-07-12 14:08:51 DEBUG: Task 180 blocked: no orders in {11: [82]} is open yet.  [released tasks = 10]
2026-07-12 14:08:51 DEBUG: Task 181 blocked: pod 252 not idle.  [released tasks = 9]
2026-07-12 14:08:51 DEBUG: Task 182 blocked: no orders in {11: [44]} is open yet.  [released tasks = 8]
2026-07-12 14:08:51 DEBUG: Task 183 started: robot 21 → pod 613 → workstation 7 for orders {43} (arrival = 689.0 s).   [idle robots = 0/40]
2026-07-12 14:08:51 DEBUG:    EVENT NUM 1177  current_time = 00:10:40   ARRIVAL_ORDER         [queue size = 41]
2026-07-12 14:08:51 DEBUG: Order 163 arrived: items_required = [6712].     [orders_in_system = 102]
2026-07-12 14:08:51 DEBUG:    EVENT NUM 1178  current_time = 00:10:41   RETURN_POD            [queue size = 41]
2026-07-12 14:08:51 DEBUG: Pod 772 returned. Robot 24 idle.   [idle robots = 1/40, released tasks = 31]
2026-07-12 14:08:51 DEBUG:    EVENT NUM 1179  current_time = 00:10:41   START_TASK            [queue size = 41]
2026-07-12 14:08:51 DEBUG: Task 151 blocked: no orders in {11: [4]} is open yet.  [released tasks = 30]
2026-07-12 14:08:51 DEBUG: Task 153 blocked: no orders in {11: [55]} is open yet.  [released tasks = 29]
2026-07-12 14:08:51 DEBUG: Task 157 blocked: no orders in {11: [6]} is open yet.  [released tasks = 28]
2026-07-12 14:08:51 DEBUG: Task 159 blocked: no orders in {10: [23]} is open yet.  [released tasks = 27]
2026-07-12 14:08:51 DEBUG: Task 160 blocked: no orders in {10: [25]} is open yet.  [released tasks = 26]
2026-07-12 14:08:51 DEBUG: Task 162 blocked: no orders in {10: [25]} is open yet.  [released tasks = 25]
2026-07-12 14:08:51 DEBUG: Task 164 blocked: no orders in {10: [94]} is open yet.  [released tasks = 24]
2026-07-12 14:08:51 DEBUG: Task 166 blocked: no orders in {7: [37]} is open yet.  [released tasks = 23]
2026-07-12 14:08:51 DEBUG: Task 167 blocked: no orders in {7: [37]} is open yet.  [released tasks = 22]
2026-07-12 14:08:51 DEBUG: Task 168 blocked: no orders in {11: [51]} is open yet.  [released tasks = 21]
2026-07-12 14:08:51 DEBUG: Task 169 blocked: no orders in {7: [26]} is open yet.  [released tasks = 20]
2026-07-12 14:08:51 DEBUG: Task 172 blocked: no orders in {7: [26]} is open yet.  [released tasks = 19]
2026-07-12 14:08:51 DEBUG: Task 173 blocked: no orders in {7: [26]} is open yet.  [released tasks = 18]
2026-07-12 14:08:51 DEBUG: Task 175 blocked: no orders in {11: [51]} is open yet.  [released tasks = 17]
2026-07-12 14:08:51 DEBUG: Task 176 blocked: no orders in {11: [82]} is open yet.  [released tasks = 16]
2026-07-12 14:08:51 DEBUG: Task 177 blocked: no orders in {10: [0]} is open yet.  [released tasks = 15]
2026-07-12 14:08:51 DEBUG: Task 178 blocked: no orders in {10: [94]} is open yet.  [released tasks = 14]
2026-07-12 14:08:51 DEBUG: Task 179 blocked: no orders in {10: [94]} is open yet.  [released tasks = 13]
2026-07-12 14:08:51 DEBUG: Task 180 blocked: no orders in {11: [82]} is open yet.  [released tasks = 12]
2026-07-12 14:08:51 DEBUG: Task 182 blocked: no orders in {11: [44]} is open yet.  [released tasks = 11]
2026-07-12 14:08:51 DEBUG: Task 184 blocked: no orders in {11: [44]} is open yet.  [released tasks = 10]
2026-07-12 14:08:51 DEBUG: Task 56 started: robot 24 → pod 460 → workstation 1 for orders {64, 36} (arrival = 699.9 s).   [idle robots = 0/40]
2026-07-12 14:08:51 DEBUG:    EVENT NUM 1180  current_time = 00:10:42   ARRIVAL_POD_WST       [queue size = 41]
2026-07-12 14:08:51 DEBUG: Pod 296 arrived at workstation 9 - status = IDLE
2026-07-12 14:08:51 DEBUG: Pod queued at workstation.    [picking_buffer = {132: 642.1283406456423}]
2026-07-12 14:08:51 DEBUG:    EVENT NUM 1181  current_time = 00:10:42   START_PICKING         [queue size = 41]
2026-07-12 14:08:51 DEBUG: Processing task 132 at workstation 9: picking items {6732} for orders {45}
2026-07-12 14:08:51 DEBUG:    EVENT NUM 1182  current_time = 00:10:43   ARRIVAL_POD_WST       [queue size = 41]
2026-07-12 14:08:51 DEBUG: Pod 142 arrived at workstation 11 - status = IDLE
2026-07-12 14:08:51 DEBUG: Pod queued at workstation.    [picking_buffer = {138: 643.4833809193511}]
2026-07-12 14:08:51 DEBUG:    EVENT NUM 1183  current_time = 00:10:43   START_PICKING         [queue size = 41]
2026-07-12 14:08:51 DEBUG: Processing task 138 at workstation 11: picking items {6190} for orders {61}
2026-07-12 14:08:51 DEBUG:    EVENT NUM 1184  current_time = 00:10:44   ARRIVAL_POD_WST       [queue size = 41]
2026-07-12 14:08:51 DEBUG: Pod 252 arrived at workstation 7 - status = IDLE
2026-07-12 14:08:51 DEBUG: Pod queued at workstation.    [picking_buffer = {140: 644.1552554754676}]
2026-07-12 14:08:51 DEBUG:    EVENT NUM 1185  current_time = 00:10:44   START_PICKING         [queue size = 41]
2026-07-12 14:08:51 DEBUG: Processing task 140 at workstation 7: picking items {5251} for orders {59}
2026-07-12 14:08:51 DEBUG:    EVENT NUM 1186  current_time = 00:10:44   END_PICKING           [queue size = 41]
2026-07-12 14:08:51 DEBUG: Ended picking at workstation 8.    [picking_buffer len = {}]
2026-07-12 14:08:51 DEBUG: Task should have served orders {79}, found open orders {1, 68, 79}.
2026-07-12 14:08:51 DEBUG: Task 133 completed: pod 840 returning to storage.
2026-07-12 14:08:51 DEBUG:    EVENT NUM 1187  current_time = 00:10:44   CLOSE_ORDER           [queue size = 42]
2026-07-12 14:08:51 DEBUG: Order 79 closed at workstation 8: flow_time = 644.6 s.     [order_buffer = 0] [open_orders = 2/4]
2026-07-12 14:08:51 DEBUG:    EVENT NUM 1188  current_time = 00:10:50   ARRIVAL_ORDER         [queue size = 41]
2026-07-12 14:08:51 DEBUG: Order 164 arrived: items_required = [1074, 8926, 6228].     [orders_in_system = 102]
2026-07-12 14:08:51 DEBUG:    EVENT NUM 1189  current_time = 00:10:50   RETURN_POD            [queue size = 41]
2026-07-12 14:08:51 DEBUG: Pod 219 returned. Robot 19 idle.   [idle robots = 1/40, released tasks = 30]
2026-07-12 14:08:51 DEBUG:    EVENT NUM 1190  current_time = 00:10:50   START_TASK            [queue size = 41]
2026-07-12 14:08:51 DEBUG: Task 151 blocked: no orders in {11: [4]} is open yet.  [released tasks = 29]
2026-07-12 14:08:51 DEBUG: Task 153 blocked: no orders in {11: [55]} is open yet.  [released tasks = 28]
2026-07-12 14:08:51 DEBUG: Task 157 blocked: no orders in {11: [6]} is open yet.  [released tasks = 27]
2026-07-12 14:08:51 DEBUG: Task 159 blocked: no orders in {10: [23]} is open yet.  [released tasks = 26]
2026-07-12 14:08:51 DEBUG: Task 160 blocked: no orders in {10: [25]} is open yet.  [released tasks = 25]
2026-07-12 14:08:51 DEBUG: Task 162 blocked: no orders in {10: [25]} is open yet.  [released tasks = 24]
2026-07-12 14:08:51 DEBUG: Task 164 blocked: no orders in {10: [94]} is open yet.  [released tasks = 23]
2026-07-12 14:08:51 DEBUG: Task 166 blocked: no orders in {7: [37]} is open yet.  [released tasks = 22]
2026-07-12 14:08:51 DEBUG: Task 167 blocked: no orders in {7: [37]} is open yet.  [released tasks = 21]
2026-07-12 14:08:51 DEBUG: Task 168 blocked: no orders in {11: [51]} is open yet.  [released tasks = 20]
2026-07-12 14:08:51 DEBUG: Task 169 blocked: no orders in {7: [26]} is open yet.  [released tasks = 19]
2026-07-12 14:08:51 DEBUG: Task 172 blocked: no orders in {7: [26]} is open yet.  [released tasks = 18]
2026-07-12 14:08:51 DEBUG: Task 173 blocked: no orders in {7: [26]} is open yet.  [released tasks = 17]
2026-07-12 14:08:51 DEBUG: Task 175 blocked: no orders in {11: [51]} is open yet.  [released tasks = 16]
2026-07-12 14:08:51 DEBUG: Task 176 blocked: no orders in {11: [82]} is open yet.  [released tasks = 15]
2026-07-12 14:08:51 DEBUG: Task 177 blocked: no orders in {10: [0]} is open yet.  [released tasks = 14]
2026-07-12 14:08:51 DEBUG: Task 178 blocked: no orders in {10: [94]} is open yet.  [released tasks = 13]
2026-07-12 14:08:51 DEBUG: Task 179 blocked: no orders in {10: [94]} is open yet.  [released tasks = 12]
2026-07-12 14:08:51 DEBUG: Task 180 blocked: no orders in {11: [82]} is open yet.  [released tasks = 11]
2026-07-12 14:08:51 DEBUG: Task 182 blocked: no orders in {11: [44]} is open yet.  [released tasks = 10]
2026-07-12 14:08:51 DEBUG: Task 184 blocked: no orders in {11: [44]} is open yet.  [released tasks = 9]
2026-07-12 14:08:51 DEBUG: Task 68 started: robot 19 → pod 253 → workstation 1 for orders {40} (arrival = 763.7 s).   [idle robots = 0/40]
2026-07-12 14:08:51 DEBUG:    EVENT NUM 1191  current_time = 00:10:51   RETURN_POD            [queue size = 41]
2026-07-12 14:08:51 DEBUG: Pod 317 returned. Robot 23 idle.   [idle robots = 1/40, released tasks = 29]
2026-07-12 14:08:51 DEBUG:    EVENT NUM 1192  current_time = 00:10:51   START_TASK            [queue size = 41]
2026-07-12 14:08:51 DEBUG: Task 151 blocked: no orders in {11: [4]} is open yet.  [released tasks = 28]
2026-07-12 14:08:51 DEBUG: Task 153 blocked: no orders in {11: [55]} is open yet.  [released tasks = 27]
2026-07-12 14:08:51 DEBUG: Task 157 blocked: no orders in {11: [6]} is open yet.  [released tasks = 26]
2026-07-12 14:08:51 DEBUG: Task 159 blocked: no orders in {10: [23]} is open yet.  [released tasks = 25]
2026-07-12 14:08:51 DEBUG: Task 160 blocked: no orders in {10: [25]} is open yet.  [released tasks = 24]
2026-07-12 14:08:51 DEBUG: Task 162 blocked: no orders in {10: [25]} is open yet.  [released tasks = 23]
2026-07-12 14:08:51 DEBUG: Task 164 blocked: no orders in {10: [94]} is open yet.  [released tasks = 22]
2026-07-12 14:08:51 DEBUG: Task 166 blocked: no orders in {7: [37]} is open yet.  [released tasks = 21]
2026-07-12 14:08:51 DEBUG: Task 167 blocked: no orders in {7: [37]} is open yet.  [released tasks = 20]
2026-07-12 14:08:51 DEBUG: Task 168 blocked: no orders in {11: [51]} is open yet.  [released tasks = 19]
2026-07-12 14:08:51 DEBUG: Task 169 blocked: no orders in {7: [26]} is open yet.  [released tasks = 18]
2026-07-12 14:08:51 DEBUG: Task 172 blocked: no orders in {7: [26]} is open yet.  [released tasks = 17]
2026-07-12 14:08:51 DEBUG: Task 173 blocked: no orders in {7: [26]} is open yet.  [released tasks = 16]
2026-07-12 14:08:51 DEBUG: Task 175 blocked: no orders in {11: [51]} is open yet.  [released tasks = 15]
2026-07-12 14:08:51 DEBUG: Task 176 blocked: no orders in {11: [82]} is open yet.  [released tasks = 14]
2026-07-12 14:08:51 DEBUG: Task 177 blocked: no orders in {10: [0]} is open yet.  [released tasks = 13]
2026-07-12 14:08:51 DEBUG: Task 178 blocked: no orders in {10: [94]} is open yet.  [released tasks = 12]
2026-07-12 14:08:51 DEBUG: Task 179 blocked: no orders in {10: [94]} is open yet.  [released tasks = 11]
2026-07-12 14:08:51 DEBUG: Task 180 blocked: no orders in {11: [82]} is open yet.  [released tasks = 10]
2026-07-12 14:08:51 DEBUG: Task 182 blocked: no orders in {11: [44]} is open yet.  [released tasks = 9]
2026-07-12 14:08:51 DEBUG: Task 184 blocked: no orders in {11: [44]} is open yet.  [released tasks = 8]
2026-07-12 14:08:51 DEBUG: Task 93 started: robot 23 → pod 395 → workstation 3 for orders {16} (arrival = 750.1 s).   [idle robots = 0/40]
2026-07-12 14:08:51 DEBUG:    EVENT NUM 1193  current_time = 00:10:52   END_PICKING           [queue size = 41]
2026-07-12 14:08:51 DEBUG: Ended picking at workstation 9.    [picking_buffer len = {}]
2026-07-12 14:08:51 DEBUG: Task should have served orders {45}, found open orders {45, 81}.
2026-07-12 14:08:51 DEBUG: Task 132 heading to workstation 9.
2026-07-12 14:08:51 DEBUG:    EVENT NUM 1194  current_time = 00:10:52   ARRIVAL_POD_WST       [queue size = 41]
2026-07-12 14:08:51 DEBUG: Pod 296 arrived at workstation 9 - status = IDLE
2026-07-12 14:08:51 DEBUG: Pod queued at workstation.    [picking_buffer = {132: 652.1283406456423}]
2026-07-12 14:08:51 DEBUG:    EVENT NUM 1195  current_time = 00:10:52   START_PICKING         [queue size = 41]
2026-07-12 14:08:51 DEBUG: Processing task 132 at workstation 9: picking items {3750} for orders {81}
2026-07-12 14:08:51 DEBUG:    EVENT NUM 1196  current_time = 00:10:53   END_PICKING           [queue size = 41]
2026-07-12 14:08:51 DEBUG: Ended picking at workstation 11.    [picking_buffer len = {}]
2026-07-12 14:08:51 DEBUG: Task should have served orders {61}, found open orders {70, 7, 60, 61}.
2026-07-12 14:08:51 DEBUG: Task 138 completed: pod 142 returning to storage.
2026-07-12 14:08:51 DEBUG:    EVENT NUM 1197  current_time = 00:10:53   CLOSE_ORDER           [queue size = 42]
2026-07-12 14:08:51 DEBUG: Order 61 closed at workstation 11: flow_time = 653.5 s.     [order_buffer = 7] [open_orders = 3/4]
2026-07-12 14:08:51 DEBUG: Next order in buffer: 21
2026-07-12 14:08:51 DEBUG:    EVENT NUM 1198  current_time = 00:10:53   OPEN_ORDER            [queue size = 42]
2026-07-12 14:08:51 DEBUG: Order 21 (skus required = {4220}) opened at workstation 11.   [open_orders = 4/4]
2026-07-12 14:08:51 DEBUG:    EVENT NUM 1199  current_time = 00:10:53   START_TASK            [queue size = 42]
2026-07-12 14:08:51 DEBUG: Task 151 blocked: no idle robots.
2026-07-12 14:08:51 DEBUG:    EVENT NUM 1200  current_time = 00:10:53   RETURN_POD            [queue size = 41]
2026-07-12 14:08:51 DEBUG: Pod 559 returned. Robot 37 idle.   [idle robots = 1/40, released tasks = 28]
2026-07-12 14:08:51 DEBUG:    EVENT NUM 1201  current_time = 00:10:53   START_TASK            [queue size = 41]
2026-07-12 14:08:51 DEBUG: Task 151 started: robot 37 → pod 389 → workstation 11 for orders {4} (arrival = 774.3 s).   [idle robots = 0/40]
2026-07-12 14:08:51 DEBUG:    EVENT NUM 1202  current_time = 00:10:54   END_PICKING           [queue size = 41]
2026-07-12 14:08:51 DEBUG: Ended picking at workstation 7.    [picking_buffer len = {}]
2026-07-12 14:08:51 DEBUG: Task should have served orders {59}, found open orders {5, 10, 59, 90}.
2026-07-12 14:08:51 DEBUG: Task 140 completed: pod 252 returning to storage.
2026-07-12 14:08:51 DEBUG:    EVENT NUM 1203  current_time = 00:10:54   CLOSE_ORDER           [queue size = 42]
2026-07-12 14:08:51 DEBUG: Order 59 closed at workstation 7: flow_time = 654.2 s.     [order_buffer = 3] [open_orders = 3/4]
2026-07-12 14:08:51 DEBUG: Next order in buffer: 43
2026-07-12 14:08:51 DEBUG:    EVENT NUM 1204  current_time = 00:10:54   OPEN_ORDER            [queue size = 42]
2026-07-12 14:08:51 DEBUG: Order 43 (skus required = {3136, 5283, 5412, 1534}) opened at workstation 7.   [open_orders = 4/4]
2026-07-12 14:08:51 DEBUG:    EVENT NUM 1205  current_time = 00:10:54   START_TASK            [queue size = 42]
2026-07-12 14:08:51 DEBUG: Task 153 blocked: no orders in {11: [55]} is open yet.  [released tasks = 26]
2026-07-12 14:08:51 DEBUG: Task 157 blocked: no orders in {11: [6]} is open yet.  [released tasks = 25]
2026-07-12 14:08:51 DEBUG: Task 159 blocked: no orders in {10: [23]} is open yet.  [released tasks = 24]
2026-07-12 14:08:51 DEBUG: Task 160 blocked: no orders in {10: [25]} is open yet.  [released tasks = 23]
2026-07-12 14:08:51 DEBUG: Task 162 blocked: no orders in {10: [25]} is open yet.  [released tasks = 22]
2026-07-12 14:08:51 DEBUG: Task 164 blocked: no orders in {10: [94]} is open yet.  [released tasks = 21]
2026-07-12 14:08:51 DEBUG: Task 166 blocked: no idle robots.
2026-07-12 14:08:51 DEBUG:    EVENT NUM 1206  current_time = 00:10:55   ARRIVAL_POD_WST       [queue size = 41]
2026-07-12 14:08:51 DEBUG: Pod 686 arrived at workstation 9 - status = BUSY
2026-07-12 14:08:51 DEBUG: Pod queued at workstation.    [picking_buffer = {141: 655.1237703001202}]
2026-07-12 14:08:51 DEBUG:    EVENT NUM 1207  current_time = 00:10:55   RETURN_POD            [queue size = 40]
2026-07-12 14:08:51 DEBUG: Pod 411 returned. Robot 1 idle.   [idle robots = 1/40, released tasks = 27]
2026-07-12 14:08:51 DEBUG:    EVENT NUM 1208  current_time = 00:10:55   START_TASK            [queue size = 40]
2026-07-12 14:08:51 DEBUG: Task 153 blocked: no orders in {11: [55]} is open yet.  [released tasks = 26]
2026-07-12 14:08:51 DEBUG: Task 157 blocked: no orders in {11: [6]} is open yet.  [released tasks = 25]
2026-07-12 14:08:51 DEBUG: Task 159 blocked: no orders in {10: [23]} is open yet.  [released tasks = 24]
2026-07-12 14:08:51 DEBUG: Task 160 blocked: no orders in {10: [25]} is open yet.  [released tasks = 23]
2026-07-12 14:08:51 DEBUG: Task 162 blocked: no orders in {10: [25]} is open yet.  [released tasks = 22]
2026-07-12 14:08:51 DEBUG: Task 164 blocked: no orders in {10: [94]} is open yet.  [released tasks = 21]
2026-07-12 14:08:51 DEBUG: Task 166 started: robot 1 → pod 741 → workstation 7 for orders {37} (arrival = 714.7 s).   [idle robots = 0/40]
2026-07-12 14:08:51 DEBUG:    EVENT NUM 1209  current_time = 00:11:00   ARRIVAL_ORDER         [queue size = 40]
2026-07-12 14:08:51 DEBUG: Order 165 arrived: items_required = [6702, 4706].     [orders_in_system = 101]
2026-07-12 14:08:51 DEBUG:    EVENT NUM 1210  current_time = 00:11:01   RETURN_POD            [queue size = 40]
2026-07-12 14:08:51 DEBUG: Pod 47 returned. Robot 33 idle.   [idle robots = 1/40, released tasks = 26]
2026-07-12 14:08:51 DEBUG:    EVENT NUM 1211  current_time = 00:11:01   START_TASK            [queue size = 40]
2026-07-12 14:08:51 DEBUG: Task 153 blocked: no orders in {11: [55]} is open yet.  [released tasks = 25]
2026-07-12 14:08:51 DEBUG: Task 157 blocked: no orders in {11: [6]} is open yet.  [released tasks = 24]
2026-07-12 14:08:51 DEBUG: Task 159 blocked: no orders in {10: [23]} is open yet.  [released tasks = 23]
2026-07-12 14:08:51 DEBUG: Task 160 blocked: no orders in {10: [25]} is open yet.  [released tasks = 22]
2026-07-12 14:08:51 DEBUG: Task 162 blocked: no orders in {10: [25]} is open yet.  [released tasks = 21]
2026-07-12 14:08:51 DEBUG: Task 164 blocked: no orders in {10: [94]} is open yet.  [released tasks = 20]
2026-07-12 14:08:51 DEBUG: Task 167 started: robot 33 → pod 855 → workstation 7 for orders {37} (arrival = 677.6 s).   [idle robots = 0/40]
2026-07-12 14:08:51 DEBUG:    EVENT NUM 1212  current_time = 00:11:02   END_PICKING           [queue size = 40]
2026-07-12 14:08:51 DEBUG: Ended picking at workstation 9.    [picking_buffer len = {141: 655.1237703001202}]
2026-07-12 14:08:51 DEBUG: Task should have served orders {81}, found open orders {45, 81}.
2026-07-12 14:08:51 DEBUG: Task 132 completed: pod 296 returning to storage.
2026-07-12 14:08:51 DEBUG:    EVENT NUM 1213  current_time = 00:11:02   START_PICKING         [queue size = 41]
2026-07-12 14:08:51 DEBUG: Processing task 141 at workstation 9: picking items {8635} for orders {81}
2026-07-12 14:08:51 DEBUG:    EVENT NUM 1214  current_time = 00:11:02   ARRIVAL_POD_WST       [queue size = 41]
2026-07-12 14:08:51 DEBUG: Pod 711 arrived at workstation 10 - status = IDLE
2026-07-12 14:08:51 DEBUG: Pod queued at workstation.    [picking_buffer = {156: 662.1854220221559}]
2026-07-12 14:08:51 DEBUG:    EVENT NUM 1215  current_time = 00:11:02   START_PICKING         [queue size = 41]
2026-07-12 14:08:51 DEBUG: Processing task 156 at workstation 10: picking items {4108} for orders {29}
2026-07-12 14:08:51 DEBUG:    EVENT NUM 1216  current_time = 00:11:03   ARRIVAL_POD_WST       [queue size = 41]
2026-07-12 14:08:51 DEBUG: Pod 659 arrived at workstation 11 - status = IDLE
2026-07-12 14:08:51 DEBUG: Pod queued at workstation.    [picking_buffer = {145: 663.2181502691948}]
2026-07-12 14:08:51 DEBUG:    EVENT NUM 1217  current_time = 00:11:03   START_PICKING         [queue size = 41]
2026-07-12 14:08:51 DEBUG: Processing task 145 at workstation 11: picking items {8518} for orders {70}
2026-07-12 14:08:51 DEBUG:    EVENT NUM 1218  current_time = 00:11:05   RETURN_POD            [queue size = 41]
2026-07-12 14:08:51 DEBUG: Pod 749 returned. Robot 11 idle.   [idle robots = 1/40, released tasks = 25]
2026-07-12 14:08:51 DEBUG:    EVENT NUM 1219  current_time = 00:11:05   START_TASK            [queue size = 41]
2026-07-12 14:08:51 DEBUG: Task 153 blocked: no orders in {11: [55]} is open yet.  [released tasks = 24]
2026-07-12 14:08:51 DEBUG: Task 157 blocked: no orders in {11: [6]} is open yet.  [released tasks = 23]
2026-07-12 14:08:51 DEBUG: Task 159 blocked: no orders in {10: [23]} is open yet.  [released tasks = 22]
2026-07-12 14:08:51 DEBUG: Task 160 blocked: no orders in {10: [25]} is open yet.  [released tasks = 21]
2026-07-12 14:08:51 DEBUG: Task 162 blocked: no orders in {10: [25]} is open yet.  [released tasks = 20]
2026-07-12 14:08:51 DEBUG: Task 164 blocked: no orders in {10: [94]} is open yet.  [released tasks = 19]
2026-07-12 14:08:51 DEBUG: Task 168 blocked: no orders in {11: [51]} is open yet.  [released tasks = 18]
2026-07-12 14:08:51 DEBUG: Task 169 blocked: no orders in {7: [26]} is open yet.  [released tasks = 17]
2026-07-12 14:08:51 DEBUG: Task 172 blocked: no orders in {7: [26]} is open yet.  [released tasks = 16]
2026-07-12 14:08:51 DEBUG: Task 173 blocked: no orders in {7: [26]} is open yet.  [released tasks = 15]
2026-07-12 14:08:51 DEBUG: Task 175 blocked: no orders in {11: [51]} is open yet.  [released tasks = 14]
2026-07-12 14:08:51 DEBUG: Task 176 blocked: no orders in {11: [82]} is open yet.  [released tasks = 13]
2026-07-12 14:08:51 DEBUG: Task 177 blocked: no orders in {10: [0]} is open yet.  [released tasks = 12]
2026-07-12 14:08:51 DEBUG: Task 178 blocked: no orders in {10: [94]} is open yet.  [released tasks = 11]
2026-07-12 14:08:51 DEBUG: Task 179 blocked: no orders in {10: [94]} is open yet.  [released tasks = 10]
2026-07-12 14:08:51 DEBUG: Task 180 blocked: no orders in {11: [82]} is open yet.  [released tasks = 9]
2026-07-12 14:08:51 DEBUG: Task 182 blocked: no orders in {11: [44]} is open yet.  [released tasks = 8]
2026-07-12 14:08:51 DEBUG: Task 184 blocked: no orders in {11: [44]} is open yet.  [released tasks = 7]
2026-07-12 14:08:51 DEBUG: Task 108 started: robot 11 → pod 332 → workstation 3 for orders {9} (arrival = 790.5 s).   [idle robots = 0/40]
2026-07-12 14:08:51 DEBUG:    EVENT NUM 1220  current_time = 00:11:08   ARRIVAL_POD_WST       [queue size = 41]
2026-07-12 14:08:51 DEBUG: Pod 359 arrived at workstation 9 - status = BUSY
2026-07-12 14:08:51 DEBUG: Pod queued at workstation.    [picking_buffer = {134: 668.2269630667276}]
2026-07-12 14:08:51 DEBUG:    EVENT NUM 1221  current_time = 00:11:10   ARRIVAL_ORDER         [queue size = 40]
2026-07-12 14:08:51 DEBUG: Order 166 arrived: items_required = [7201].     [orders_in_system = 102]
2026-07-12 14:08:51 DEBUG:    EVENT NUM 1222  current_time = 00:11:12   END_PICKING           [queue size = 40]
2026-07-12 14:08:51 DEBUG: Ended picking at workstation 9.    [picking_buffer len = {134: 668.2269630667276}]
2026-07-12 14:08:51 DEBUG: Task should have served orders {81}, found open orders {45, 81}.
2026-07-12 14:08:51 DEBUG: Task 141 completed: pod 686 returning to storage.
2026-07-12 14:08:51 DEBUG:    EVENT NUM 1223  current_time = 00:11:12   CLOSE_ORDER           [queue size = 42]
2026-07-12 14:08:51 DEBUG: Order 81 closed at workstation 9: flow_time = 672.1 s.     [order_buffer = 0] [open_orders = 1/4]
2026-07-12 14:08:51 DEBUG:    EVENT NUM 1224  current_time = 00:11:12   START_PICKING         [queue size = 41]
2026-07-12 14:08:51 DEBUG: Processing task 134 at workstation 9: picking items {1723} for orders {45}
2026-07-12 14:08:51 DEBUG:    EVENT NUM 1225  current_time = 00:11:12   END_PICKING           [queue size = 41]
2026-07-12 14:08:51 DEBUG: Ended picking at workstation 10.    [picking_buffer len = {}]
2026-07-12 14:08:51 DEBUG: Task should have served orders {29}, found open orders {42, 86, 54, 29}.
2026-07-12 14:08:51 DEBUG: Task 156 completed: pod 711 returning to storage.
2026-07-12 14:08:51 DEBUG:    EVENT NUM 1226  current_time = 00:11:12   CLOSE_ORDER           [queue size = 42]
2026-07-12 14:08:51 DEBUG: Order 29 closed at workstation 10: flow_time = 672.2 s.     [order_buffer = 5] [open_orders = 3/4]
2026-07-12 14:08:51 DEBUG: Next order in buffer: 93
2026-07-12 14:08:51 DEBUG:    EVENT NUM 1227  current_time = 00:11:12   OPEN_ORDER            [queue size = 42]
2026-07-12 14:08:51 DEBUG: Order 93 (skus required = {5938}) opened at workstation 10.   [open_orders = 4/4]
2026-07-12 14:08:51 DEBUG:    EVENT NUM 1228  current_time = 00:11:12   START_TASK            [queue size = 42]
2026-07-12 14:08:51 DEBUG: Task 153 blocked: no orders in {11: [55]} is open yet.  [released tasks = 23]
2026-07-12 14:08:51 DEBUG: Task 157 blocked: no orders in {11: [6]} is open yet.  [released tasks = 22]
2026-07-12 14:08:51 DEBUG: Task 159 blocked: no idle robots.
2026-07-12 14:08:51 DEBUG:    EVENT NUM 1229  current_time = 00:11:13   END_PICKING           [queue size = 41]
2026-07-12 14:08:51 DEBUG: Ended picking at workstation 11.    [picking_buffer len = {}]
2026-07-12 14:08:51 DEBUG: Task should have served orders {70}, found open orders {70, 7, 60, 21}.
2026-07-12 14:08:51 DEBUG: Task 145 completed: pod 659 returning to storage.
2026-07-12 14:08:51 DEBUG:    EVENT NUM 1230  current_time = 00:11:13   CLOSE_ORDER           [queue size = 42]
2026-07-12 14:08:51 DEBUG: Order 70 closed at workstation 11: flow_time = 673.2 s.     [order_buffer = 6] [open_orders = 3/4]
2026-07-12 14:08:51 DEBUG: Next order in buffer: 4
2026-07-12 14:08:51 DEBUG:    EVENT NUM 1231  current_time = 00:11:13   OPEN_ORDER            [queue size = 42]
2026-07-12 14:08:51 DEBUG: Order 4 (skus required = {8425}) opened at workstation 11.   [open_orders = 4/4]
2026-07-12 14:08:51 DEBUG:    EVENT NUM 1232  current_time = 00:11:13   START_TASK            [queue size = 42]
2026-07-12 14:08:51 DEBUG: Task 153 blocked: no idle robots.
2026-07-12 14:08:51 DEBUG:    EVENT NUM 1233  current_time = 00:11:14   RETURN_POD            [queue size = 41]
2026-07-12 14:08:51 DEBUG: Pod 198 returned. Robot 9 idle.   [idle robots = 1/40, released tasks = 24]
2026-07-12 14:08:51 DEBUG:    EVENT NUM 1234  current_time = 00:11:14   START_TASK            [queue size = 41]
2026-07-12 14:08:51 DEBUG: Task 153 started: robot 9 → pod 350 → workstation 11 for orders {55} (arrival = 748.7 s).   [idle robots = 0/40]
2026-07-12 14:08:51 DEBUG:    EVENT NUM 1235  current_time = 00:11:15   RETURN_POD            [queue size = 41]
2026-07-12 14:08:51 DEBUG: Pod 499 returned. Robot 32 idle.   [idle robots = 1/40, released tasks = 23]
2026-07-12 14:08:51 DEBUG:    EVENT NUM 1236  current_time = 00:11:15   START_TASK            [queue size = 41]
2026-07-12 14:08:51 DEBUG: Task 157 blocked: no orders in {11: [6]} is open yet.  [released tasks = 22]
2026-07-12 14:08:51 DEBUG: Task 159 started: robot 32 → pod 379 → workstation 10 for orders {23} (arrival = 739.5 s).   [idle robots = 0/40]
2026-07-12 14:08:51 DEBUG:    EVENT NUM 1237  current_time = 00:11:16   ARRIVAL_POD_WST       [queue size = 41]
2026-07-12 14:08:51 DEBUG: Pod 66 arrived at workstation 8 - status = IDLE
2026-07-12 14:08:51 DEBUG: Pod queued at workstation.    [picking_buffer = {131: 676.0968868637224}]
2026-07-12 14:08:51 DEBUG:    EVENT NUM 1238  current_time = 00:11:16   START_PICKING         [queue size = 41]
2026-07-12 14:08:51 DEBUG: Processing task 131 at workstation 8: picking items {7407} for orders {1}
2026-07-12 14:08:51 DEBUG:    EVENT NUM 1239  current_time = 00:11:16   ARRIVAL_POD_WST       [queue size = 41]
2026-07-12 14:08:51 DEBUG: Pod 315 arrived at workstation 7 - status = IDLE
2026-07-12 14:08:51 DEBUG: Pod queued at workstation.    [picking_buffer = {152: 676.7702600129962}]
2026-07-12 14:08:51 DEBUG:    EVENT NUM 1240  current_time = 00:11:16   START_PICKING         [queue size = 41]
2026-07-12 14:08:51 DEBUG: Processing task 152 at workstation 7: picking items {4361} for orders {10}
2026-07-12 14:08:51 DEBUG:    EVENT NUM 1241  current_time = 00:11:17   ARRIVAL_POD_WST       [queue size = 41]
2026-07-12 14:08:51 DEBUG: Pod 855 arrived at workstation 7 - status = BUSY
2026-07-12 14:08:51 DEBUG: Pod queued at workstation.    [picking_buffer = {167: 677.5513379391141}]
2026-07-12 14:08:51 DEBUG:    EVENT NUM 1242  current_time = 00:11:17   ARRIVAL_POD_WST       [queue size = 40]
2026-07-12 14:08:51 DEBUG: Pod 48 arrived at workstation 10 - status = IDLE
2026-07-12 14:08:51 DEBUG: Pod queued at workstation.    [picking_buffer = {149: 677.5669246022063}]
2026-07-12 14:08:51 DEBUG:    EVENT NUM 1243  current_time = 00:11:17   START_PICKING         [queue size = 40]
2026-07-12 14:08:51 DEBUG: Processing task 149 at workstation 10: picking items {1296} for orders {54}
2026-07-12 14:08:51 DEBUG:    EVENT NUM 1244  current_time = 00:11:20   ARRIVAL_ORDER         [queue size = 40]
2026-07-12 14:08:51 DEBUG: Order 167 arrived: items_required = [4731, 3413].     [orders_in_system = 100]
2026-07-12 14:08:51 DEBUG:    EVENT NUM 1245  current_time = 00:11:20   ARRIVAL_POD_WST       [queue size = 40]
2026-07-12 14:08:51 DEBUG: Pod 655 arrived at workstation 11 - status = IDLE
2026-07-12 14:08:51 DEBUG: Pod queued at workstation.    [picking_buffer = {148: 680.2717323244016}]
2026-07-12 14:08:51 DEBUG:    EVENT NUM 1246  current_time = 00:11:20   START_PICKING         [queue size = 40]
2026-07-12 14:08:51 DEBUG: Processing task 148 at workstation 11: picking items {4220} for orders {21}
2026-07-12 14:08:51 DEBUG:    EVENT NUM 1247  current_time = 00:11:22   END_PICKING           [queue size = 40]
2026-07-12 14:08:51 DEBUG: Ended picking at workstation 9.    [picking_buffer len = {}]
2026-07-12 14:08:51 DEBUG: Task should have served orders {45}, found open orders {45}.
2026-07-12 14:08:51 DEBUG: Task 134 completed: pod 359 returning to storage.
2026-07-12 14:08:51 DEBUG:    EVENT NUM 1248  current_time = 00:11:22   CLOSE_ORDER           [queue size = 41]
2026-07-12 14:08:51 DEBUG: Order 45 closed at workstation 9: flow_time = 682.1 s.     [order_buffer = 0] [open_orders = 0/4]
2026-07-12 14:08:51 DEBUG:    EVENT NUM 1249  current_time = 00:11:25   RETURN_POD            [queue size = 40]
2026-07-12 14:08:51 DEBUG: Pod 712 returned. Robot 16 idle.   [idle robots = 1/40, released tasks = 22]
2026-07-12 14:08:51 DEBUG:    EVENT NUM 1250  current_time = 00:11:25   START_TASK            [queue size = 40]
2026-07-12 14:08:51 DEBUG: Task 157 blocked: no orders in {11: [6]} is open yet.  [released tasks = 21]
2026-07-12 14:08:51 DEBUG: Task 160 blocked: no orders in {10: [25]} is open yet.  [released tasks = 20]
2026-07-12 14:08:51 DEBUG: Task 162 blocked: no orders in {10: [25]} is open yet.  [released tasks = 19]
2026-07-12 14:08:51 DEBUG: Task 164 blocked: no orders in {10: [94]} is open yet.  [released tasks = 18]
2026-07-12 14:08:51 DEBUG: Task 168 blocked: no orders in {11: [51]} is open yet.  [released tasks = 17]
2026-07-12 14:08:51 DEBUG: Task 169 blocked: no orders in {7: [26]} is open yet.  [released tasks = 16]
2026-07-12 14:08:51 DEBUG: Task 172 blocked: no orders in {7: [26]} is open yet.  [released tasks = 15]
2026-07-12 14:08:51 DEBUG: Task 173 blocked: no orders in {7: [26]} is open yet.  [released tasks = 14]
2026-07-12 14:08:51 DEBUG: Task 175 blocked: no orders in {11: [51]} is open yet.  [released tasks = 13]
2026-07-12 14:08:51 DEBUG: Task 176 blocked: no orders in {11: [82]} is open yet.  [released tasks = 12]
2026-07-12 14:08:51 DEBUG: Task 177 blocked: no orders in {10: [0]} is open yet.  [released tasks = 11]
2026-07-12 14:08:51 DEBUG: Task 178 blocked: no orders in {10: [94]} is open yet.  [released tasks = 10]
2026-07-12 14:08:51 DEBUG: Task 179 blocked: no orders in {10: [94]} is open yet.  [released tasks = 9]
2026-07-12 14:08:51 DEBUG: Task 180 blocked: no orders in {11: [82]} is open yet.  [released tasks = 8]
2026-07-12 14:08:51 DEBUG: Task 182 blocked: no orders in {11: [44]} is open yet.  [released tasks = 7]
2026-07-12 14:08:51 DEBUG: Task 184 blocked: no orders in {11: [44]} is open yet.  [released tasks = 6]
2026-07-12 14:08:51 DEBUG: Task 119 started: robot 16 → pod 195 → workstation 6 for orders {49} (arrival = 767.5 s).   [idle robots = 0/40]
2026-07-12 14:08:51 DEBUG:    EVENT NUM 1251  current_time = 00:11:26   END_PICKING           [queue size = 40]
2026-07-12 14:08:51 DEBUG: Ended picking at workstation 8.    [picking_buffer len = {}]
2026-07-12 14:08:51 DEBUG: Task should have served orders {1}, found open orders {1, 68}.
2026-07-12 14:08:51 DEBUG: Task 131 heading to workstation 8.
2026-07-12 14:08:51 DEBUG:    EVENT NUM 1252  current_time = 00:11:26   CLOSE_ORDER           [queue size = 41]
2026-07-12 14:08:51 DEBUG: Order 1 closed at workstation 8: flow_time = 686.1 s.     [order_buffer = 0] [open_orders = 1/4]
2026-07-12 14:08:51 DEBUG:    EVENT NUM 1253  current_time = 00:11:26   ARRIVAL_POD_WST       [queue size = 40]
2026-07-12 14:08:51 DEBUG: Pod 66 arrived at workstation 8 - status = IDLE
2026-07-12 14:08:51 DEBUG: Pod queued at workstation.    [picking_buffer = {131: 686.0968868637224}]
2026-07-12 14:08:51 DEBUG:    EVENT NUM 1254  current_time = 00:11:26   START_PICKING         [queue size = 40]
2026-07-12 14:08:51 DEBUG: Processing task 131 at workstation 8: picking items {5187} for orders {68}
2026-07-12 14:08:51 DEBUG:    EVENT NUM 1255  current_time = 00:11:26   END_PICKING           [queue size = 40]
2026-07-12 14:08:51 DEBUG: Ended picking at workstation 7.    [picking_buffer len = {167: 677.5513379391141}]
2026-07-12 14:08:51 DEBUG: Task should have served orders {10}, found open orders {5, 10, 43, 90}.
2026-07-12 14:08:51 DEBUG: Task 152 completed: pod 315 returning to storage.
2026-07-12 14:08:51 DEBUG:    EVENT NUM 1256  current_time = 00:11:26   CLOSE_ORDER           [queue size = 42]
2026-07-12 14:08:51 DEBUG: Order 10 closed at workstation 7: flow_time = 686.8 s.     [order_buffer = 2] [open_orders = 3/4]
2026-07-12 14:08:51 DEBUG: Next order in buffer: 37
2026-07-12 14:08:51 DEBUG:    EVENT NUM 1257  current_time = 00:11:26   START_PICKING         [queue size = 42]
2026-07-12 14:08:51 DEBUG: start_picking: WS 7 has no actionable task in buffer.
2026-07-12 14:08:51 DEBUG:    EVENT NUM 1258  current_time = 00:11:26   OPEN_ORDER            [queue size = 41]
2026-07-12 14:08:51 DEBUG: Order 37 (skus required = {9274, 2271}) opened at workstation 7.   [open_orders = 4/4]
2026-07-12 14:08:51 DEBUG:    EVENT NUM 1259  current_time = 00:11:26   START_TASK            [queue size = 42]
2026-07-12 14:08:51 DEBUG: Task 157 blocked: no orders in {11: [6]} is open yet.  [released tasks = 20]
2026-07-12 14:08:51 DEBUG: Task 160 blocked: no orders in {10: [25]} is open yet.  [released tasks = 19]
2026-07-12 14:08:51 DEBUG: Task 162 blocked: no orders in {10: [25]} is open yet.  [released tasks = 18]
2026-07-12 14:08:51 DEBUG: Task 164 blocked: no orders in {10: [94]} is open yet.  [released tasks = 17]
2026-07-12 14:08:51 DEBUG: Task 168 blocked: no orders in {11: [51]} is open yet.  [released tasks = 16]
2026-07-12 14:08:51 DEBUG: Task 169 blocked: no idle robots.
2026-07-12 14:08:51 DEBUG:    EVENT NUM 1260  current_time = 00:11:26   START_PICKING         [queue size = 41]
2026-07-12 14:08:51 DEBUG: Processing task 167 at workstation 7: picking items {9274} for orders {37}
2026-07-12 14:08:51 DEBUG:    EVENT NUM 1261  current_time = 00:11:27   END_PICKING           [queue size = 41]
2026-07-12 14:08:51 DEBUG: Ended picking at workstation 10.    [picking_buffer len = {}]
2026-07-12 14:08:51 DEBUG: Task should have served orders {54}, found open orders {42, 86, 54, 93}.
2026-07-12 14:08:51 DEBUG: Task 149 completed: pod 48 returning to storage.
2026-07-12 14:08:51 DEBUG:    EVENT NUM 1262  current_time = 00:11:27   CLOSE_ORDER           [queue size = 42]
2026-07-12 14:08:51 DEBUG: Order 54 closed at workstation 10: flow_time = 687.6 s.     [order_buffer = 4] [open_orders = 3/4]
2026-07-12 14:08:51 DEBUG: Next order in buffer: 23
2026-07-12 14:08:51 DEBUG:    EVENT NUM 1263  current_time = 00:11:27   OPEN_ORDER            [queue size = 42]
2026-07-12 14:08:51 DEBUG: Order 23 (skus required = {1359}) opened at workstation 10.   [open_orders = 4/4]
2026-07-12 14:08:51 DEBUG:    EVENT NUM 1264  current_time = 00:11:27   START_TASK            [queue size = 42]
2026-07-12 14:08:51 DEBUG: Task 157 blocked: no orders in {11: [6]} is open yet.  [released tasks = 20]
2026-07-12 14:08:51 DEBUG: Task 160 blocked: no idle robots.
2026-07-12 14:08:51 DEBUG:    EVENT NUM 1265  current_time = 00:11:29   ARRIVAL_POD_WST       [queue size = 41]
2026-07-12 14:08:51 DEBUG: Pod 613 arrived at workstation 7 - status = BUSY
2026-07-12 14:08:51 DEBUG: Pod queued at workstation.    [picking_buffer = {183: 689.0088308535983}]
2026-07-12 14:08:51 DEBUG:    EVENT NUM 1266  current_time = 00:11:30   ARRIVAL_ORDER         [queue size = 40]
2026-07-12 14:08:51 DEBUG: Order 168 arrived: items_required = [6428].     [orders_in_system = 97]
2026-07-12 14:08:51 DEBUG:    EVENT NUM 1267  current_time = 00:11:30   END_PICKING           [queue size = 40]
2026-07-12 14:08:51 DEBUG: Ended picking at workstation 11.    [picking_buffer len = {}]
2026-07-12 14:08:51 DEBUG: Task should have served orders {21}, found open orders {4, 7, 60, 21}.
2026-07-12 14:08:51 DEBUG: Task 148 completed: pod 655 returning to storage.
2026-07-12 14:08:51 DEBUG:    EVENT NUM 1268  current_time = 00:11:30   CLOSE_ORDER           [queue size = 41]
2026-07-12 14:08:51 DEBUG: Order 21 closed at workstation 11: flow_time = 690.3 s.     [order_buffer = 5] [open_orders = 3/4]
2026-07-12 14:08:51 DEBUG: Next order in buffer: 55
2026-07-12 14:08:51 DEBUG:    EVENT NUM 1269  current_time = 00:11:30   OPEN_ORDER            [queue size = 41]
2026-07-12 14:08:51 DEBUG: Order 55 (skus required = {5710}) opened at workstation 11.   [open_orders = 4/4]
2026-07-12 14:08:51 DEBUG:    EVENT NUM 1270  current_time = 00:11:30   START_TASK            [queue size = 41]
2026-07-12 14:08:51 DEBUG: Task 157 blocked: no idle robots.
2026-07-12 14:08:51 DEBUG:    EVENT NUM 1271  current_time = 00:11:32   RETURN_POD            [queue size = 40]
2026-07-12 14:08:51 DEBUG: Pod 461 returned. Robot 8 idle.   [idle robots = 1/40, released tasks = 21]
2026-07-12 14:08:51 DEBUG:    EVENT NUM 1272  current_time = 00:11:32   START_TASK            [queue size = 40]
2026-07-12 14:08:51 DEBUG: Task 157 started: robot 8 → pod 415 → workstation 11 for orders {6} (arrival = 795.2 s).   [idle robots = 0/40]
2026-07-12 14:08:51 DEBUG:    EVENT NUM 1273  current_time = 00:11:34   ARRIVAL_POD_WST       [queue size = 40]
2026-07-12 14:08:51 DEBUG: Pod 175 arrived at workstation 11 - status = IDLE
2026-07-12 14:08:51 DEBUG: Pod queued at workstation.    [picking_buffer = {147: 694.7846124503083}]
2026-07-12 14:08:51 DEBUG:    EVENT NUM 1274  current_time = 00:11:34   START_PICKING         [queue size = 40]
2026-07-12 14:08:51 DEBUG: Processing task 147 at workstation 11: picking items {12759} for orders {7}
2026-07-12 14:08:51 DEBUG:    EVENT NUM 1275  current_time = 00:11:34   RETURN_POD            [queue size = 40]
2026-07-12 14:08:51 DEBUG: Pod 4 returned. Robot 3 idle.   [idle robots = 1/40, released tasks = 20]
2026-07-12 14:08:51 DEBUG:    EVENT NUM 1276  current_time = 00:11:34   START_TASK            [queue size = 40]
2026-07-12 14:08:51 DEBUG: Task 160 started: robot 3 → pod 629 → workstation 10 for orders {25} (arrival = 798.0 s).   [idle robots = 0/40]
2026-07-12 14:08:51 DEBUG:    EVENT NUM 1277  current_time = 00:11:36   END_PICKING           [queue size = 40]
2026-07-12 14:08:51 DEBUG: Ended picking at workstation 8.    [picking_buffer len = {}]
2026-07-12 14:08:51 DEBUG: Task should have served orders {68}, found open orders {68}.
2026-07-12 14:08:51 DEBUG: Task 131 completed: pod 66 returning to storage.
2026-07-12 14:08:51 DEBUG:    EVENT NUM 1278  current_time = 00:11:36   END_PICKING           [queue size = 40]
2026-07-12 14:08:51 DEBUG: Ended picking at workstation 7.    [picking_buffer len = {183: 689.0088308535983}]
2026-07-12 14:08:51 DEBUG: Task should have served orders {37}, found open orders {5, 37, 43, 90}.
2026-07-12 14:08:51 DEBUG: Task 167 completed: pod 855 returning to storage.
2026-07-12 14:08:51 DEBUG:    EVENT NUM 1279  current_time = 00:11:36   START_PICKING         [queue size = 41]
2026-07-12 14:08:51 DEBUG: Processing task 183 at workstation 7: picking items {5283} for orders {43}
2026-07-12 14:08:51 DEBUG:    EVENT NUM 1280  current_time = 00:11:39   ARRIVAL_POD_WST       [queue size = 41]
2026-07-12 14:08:51 DEBUG: Pod 460 arrived at workstation 1 - status = IDLE
2026-07-12 14:08:51 DEBUG: Pod queued at workstation.    [picking_buffer = {56: 699.923621215369}]
2026-07-12 14:08:51 DEBUG:    EVENT NUM 1281  current_time = 00:11:39   START_PICKING         [queue size = 41]
2026-07-12 14:08:51 DEBUG: Processing task 56 at workstation 1: picking items {5920, 2545} for orders {64, 36}
2026-07-12 14:08:51 DEBUG:    EVENT NUM 1282  current_time = 00:11:40   ARRIVAL_ORDER         [queue size = 41]
2026-07-12 14:08:51 DEBUG: Order 169 arrived: items_required = [9636].     [orders_in_system = 97]
2026-07-12 14:08:51 DEBUG:    EVENT NUM 1283  current_time = 00:11:43   RETURN_POD            [queue size = 41]
2026-07-12 14:08:51 DEBUG: Pod 375 returned. Robot 6 idle.   [idle robots = 1/40, released tasks = 19]
2026-07-12 14:08:51 DEBUG:    EVENT NUM 1284  current_time = 00:11:43   START_TASK            [queue size = 41]
2026-07-12 14:08:51 DEBUG: Task 162 started: robot 6 → pod 897 → workstation 10 for orders {25} (arrival = 767.5 s).   [idle robots = 0/40]
2026-07-12 14:08:51 DEBUG:    EVENT NUM 1285  current_time = 00:11:44   ARRIVAL_POD_WST       [queue size = 41]
2026-07-12 14:08:51 DEBUG: Pod 536 arrived at workstation 10 - status = IDLE
2026-07-12 14:08:51 DEBUG: Pod queued at workstation.    [picking_buffer = {154: 704.1575254522675}]
2026-07-12 14:08:51 DEBUG:    EVENT NUM 1286  current_time = 00:11:44   START_PICKING         [queue size = 41]
2026-07-12 14:08:51 DEBUG: Processing task 154 at workstation 10: picking items {2877} for orders {86}
2026-07-12 14:08:51 DEBUG:    EVENT NUM 1287  current_time = 00:11:44   RETURN_POD            [queue size = 41]
2026-07-12 14:08:51 DEBUG: Pod 516 returned. Robot 31 idle.   [idle robots = 1/40, released tasks = 18]
2026-07-12 14:08:51 DEBUG:    EVENT NUM 1288  current_time = 00:11:44   START_TASK            [queue size = 41]
2026-07-12 14:08:51 DEBUG: Task 164 blocked: no orders in {10: [94]} is open yet.  [released tasks = 17]
2026-07-12 14:08:51 DEBUG: Task 168 blocked: no orders in {11: [51]} is open yet.  [released tasks = 16]
2026-07-12 14:08:51 DEBUG: Task 169 started: robot 31 → pod 326 → workstation 7 for orders {26} (arrival = 837.7 s).   [idle robots = 0/40]
2026-07-12 14:08:51 DEBUG:    EVENT NUM 1289  current_time = 00:11:44   END_PICKING           [queue size = 41]
2026-07-12 14:08:51 DEBUG: Ended picking at workstation 11.    [picking_buffer len = {}]
2026-07-12 14:08:51 DEBUG: Task should have served orders {7}, found open orders {4, 7, 60, 55}.
2026-07-12 14:08:51 DEBUG: Task 147 completed: pod 175 returning to storage.
2026-07-12 14:08:51 DEBUG:    EVENT NUM 1290  current_time = 00:11:44   CLOSE_ORDER           [queue size = 42]
2026-07-12 14:08:51 DEBUG: Order 7 closed at workstation 11: flow_time = 704.8 s.     [order_buffer = 4] [open_orders = 3/4]
2026-07-12 14:08:51 DEBUG: Next order in buffer: 6
2026-07-12 14:08:51 DEBUG:    EVENT NUM 1291  current_time = 00:11:44   OPEN_ORDER            [queue size = 42]
2026-07-12 14:08:51 DEBUG: Order 6 (skus required = {7292}) opened at workstation 11.   [open_orders = 4/4]
2026-07-12 14:08:51 DEBUG:    EVENT NUM 1292  current_time = 00:11:44   START_TASK            [queue size = 42]
2026-07-12 14:08:51 DEBUG: Task 164 blocked: no orders in {10: [94]} is open yet.  [released tasks = 16]
2026-07-12 14:08:51 DEBUG: Task 168 blocked: no idle robots.
2026-07-12 14:08:51 DEBUG:    EVENT NUM 1293  current_time = 00:11:46   ARRIVAL_POD_WST       [queue size = 41]
2026-07-12 14:08:51 DEBUG: Pod 87 arrived at workstation 11 - status = IDLE
2026-07-12 14:08:51 DEBUG: Pod queued at workstation.    [picking_buffer = {146: 706.476779982478}]
2026-07-12 14:08:51 DEBUG:    EVENT NUM 1294  current_time = 00:11:46   START_PICKING         [queue size = 41]
2026-07-12 14:08:51 DEBUG: Processing task 146 at workstation 11: picking items {5316} for orders {60}
2026-07-12 14:08:51 DEBUG:    EVENT NUM 1295  current_time = 00:11:46   END_PICKING           [queue size = 41]
2026-07-12 14:08:51 DEBUG: Ended picking at workstation 7.    [picking_buffer len = {}]
2026-07-12 14:08:51 DEBUG: Task should have served orders {43}, found open orders {5, 37, 43, 90}.
2026-07-12 14:08:51 DEBUG: Task 183 completed: pod 613 returning to storage.
2026-07-12 14:08:51 DEBUG:    EVENT NUM 1296  current_time = 00:11:50   ARRIVAL_ORDER         [queue size = 41]
2026-07-12 14:08:51 DEBUG: Order 170 arrived: items_required = [5029, 12288].     [orders_in_system = 97]
2026-07-12 14:08:51 DEBUG:    EVENT NUM 1297  current_time = 00:11:50   ARRIVAL_POD_WST       [queue size = 41]
2026-07-12 14:08:51 DEBUG: Pod 414 arrived at workstation 10 - status = BUSY
2026-07-12 14:08:51 DEBUG: Pod queued at workstation.    [picking_buffer = {155: 710.3679696386298}]
2026-07-12 14:08:51 DEBUG:    EVENT NUM 1298  current_time = 00:11:51   RETURN_POD            [queue size = 40]
2026-07-12 14:08:51 DEBUG: Pod 784 returned. Robot 18 idle.   [idle robots = 1/40, released tasks = 17]
2026-07-12 14:08:51 DEBUG:    EVENT NUM 1299  current_time = 00:11:51   START_TASK            [queue size = 40]
2026-07-12 14:08:51 DEBUG: Task 164 blocked: no orders in {10: [94]} is open yet.  [released tasks = 16]
2026-07-12 14:08:51 DEBUG: Task 168 started: robot 18 → pod 362 → workstation 11 for orders {51} (arrival = 888.1 s).   [idle robots = 0/40]
2026-07-12 14:08:51 DEBUG:    EVENT NUM 1300  current_time = 00:11:52   RETURN_POD            [queue size = 40]
2026-07-12 14:08:51 DEBUG: Pod 855 returned. Robot 33 idle.   [idle robots = 1/40, released tasks = 16]
2026-07-12 14:08:51 DEBUG:    EVENT NUM 1301  current_time = 00:11:52   START_TASK            [queue size = 40]
2026-07-12 14:08:51 DEBUG: Task 164 blocked: no orders in {10: [94]} is open yet.  [released tasks = 15]
2026-07-12 14:08:51 DEBUG: Task 172 started: robot 33 → pod 366 → workstation 7 for orders {26} (arrival = 825.6 s).   [idle robots = 0/40]
2026-07-12 14:08:51 DEBUG:    EVENT NUM 1302  current_time = 00:11:54   END_PICKING           [queue size = 40]
2026-07-12 14:08:51 DEBUG: Ended picking at workstation 10.    [picking_buffer len = {155: 710.3679696386298}]
2026-07-12 14:08:51 DEBUG: Task should have served orders {86}, found open orders {42, 86, 23, 93}.
2026-07-12 14:08:51 DEBUG: Task 154 completed: pod 536 returning to storage.
2026-07-12 14:08:51 DEBUG:    EVENT NUM 1303  current_time = 00:11:54   CLOSE_ORDER           [queue size = 42]
2026-07-12 14:08:51 DEBUG: Order 86 closed at workstation 10: flow_time = 714.2 s.     [order_buffer = 3] [open_orders = 3/4]
2026-07-12 14:08:51 DEBUG: Next order in buffer: 25
2026-07-12 14:08:51 DEBUG:    EVENT NUM 1304  current_time = 00:11:54   START_PICKING         [queue size = 42]
2026-07-12 14:08:51 DEBUG: Processing task 155 at workstation 10: picking items {3554} for orders {42}
2026-07-12 14:08:51 DEBUG:    EVENT NUM 1305  current_time = 00:11:54   OPEN_ORDER            [queue size = 42]
2026-07-12 14:08:51 DEBUG: Order 25 (skus required = {7250, 12204}) opened at workstation 10.   [open_orders = 4/4]
2026-07-12 14:08:51 DEBUG:    EVENT NUM 1306  current_time = 00:11:54   START_TASK            [queue size = 42]
2026-07-12 14:08:51 DEBUG: Task 164 blocked: no idle robots.
2026-07-12 14:08:51 DEBUG:    EVENT NUM 1307  current_time = 00:11:54   ARRIVAL_POD_WST       [queue size = 41]
2026-07-12 14:08:51 DEBUG: Pod 741 arrived at workstation 7 - status = IDLE
2026-07-12 14:08:51 DEBUG: Pod queued at workstation.    [picking_buffer = {166: 714.6580139373699}]
2026-07-12 14:08:51 DEBUG:    EVENT NUM 1308  current_time = 00:11:54   START_PICKING         [queue size = 41]
2026-07-12 14:08:51 DEBUG: Processing task 166 at workstation 7: picking items {2271} for orders {37}
2026-07-12 14:08:51 DEBUG:    EVENT NUM 1309  current_time = 00:11:54   END_PICKING           [queue size = 41]
2026-07-12 14:08:51 DEBUG: Ended picking at workstation 1.    [picking_buffer len = {}]
2026-07-12 14:08:51 DEBUG: Task should have served orders {64, 36}, found open orders {64, 36, 40}.
2026-07-12 14:08:51 DEBUG: Task 56 completed: pod 460 returning to storage.
2026-07-12 14:08:51 DEBUG:    EVENT NUM 1310  current_time = 00:11:54   CLOSE_ORDER           [queue size = 43]
2026-07-12 14:08:51 DEBUG: Order 64 closed at workstation 1: flow_time = 714.9 s.     [order_buffer = 0] [open_orders = 2/4]
2026-07-12 14:08:51 DEBUG:    EVENT NUM 1311  current_time = 00:11:54   CLOSE_ORDER           [queue size = 42]
2026-07-12 14:08:51 DEBUG: Order 36 closed at workstation 1: flow_time = 714.9 s.     [order_buffer = 0] [open_orders = 1/4]
2026-07-12 14:08:51 DEBUG:    EVENT NUM 1312  current_time = 00:11:56   END_PICKING           [queue size = 41]
2026-07-12 14:08:51 DEBUG: Ended picking at workstation 11.    [picking_buffer len = {}]
2026-07-12 14:08:51 DEBUG: Task should have served orders {60}, found open orders {4, 6, 60, 55}.
2026-07-12 14:08:51 DEBUG: Task 146 completed: pod 87 returning to storage.
2026-07-12 14:08:51 DEBUG:    EVENT NUM 1313  current_time = 00:11:56   CLOSE_ORDER           [queue size = 42]
2026-07-12 14:08:51 DEBUG: Order 60 closed at workstation 11: flow_time = 716.5 s.     [order_buffer = 3] [open_orders = 3/4]
2026-07-12 14:08:51 DEBUG: Next order in buffer: 51
2026-07-12 14:08:51 DEBUG:    EVENT NUM 1314  current_time = 00:11:56   OPEN_ORDER            [queue size = 42]
2026-07-12 14:08:51 DEBUG: Order 51 (skus required = {11846, 9893, 10302}) opened at workstation 11.   [open_orders = 4/4]
2026-07-12 14:08:51 DEBUG:    EVENT NUM 1315  current_time = 00:11:56   START_TASK            [queue size = 42]
2026-07-12 14:08:51 DEBUG: Task 164 blocked: no idle robots.
2026-07-12 14:08:51 DEBUG:    EVENT NUM 1316  current_time = 00:11:56   RETURN_POD            [queue size = 41]
2026-07-12 14:08:51 DEBUG: Pod 711 returned. Robot 27 idle.   [idle robots = 1/40, released tasks = 15]
2026-07-12 14:08:51 DEBUG:    EVENT NUM 1317  current_time = 00:11:56   START_TASK            [queue size = 41]
2026-07-12 14:08:51 DEBUG: Task 164 started: robot 27 → pod 380 → workstation 10 for orders {94} (arrival = 793.6 s).   [idle robots = 0/40]
2026-07-12 14:08:51 DEBUG:    EVENT NUM 1318  current_time = 00:11:57   RETURN_POD            [queue size = 41]
2026-07-12 14:08:51 DEBUG: Pod 342 returned. Robot 22 idle.   [idle robots = 1/40, released tasks = 14]
2026-07-12 14:08:51 DEBUG:    EVENT NUM 1319  current_time = 00:11:57   START_TASK            [queue size = 41]
2026-07-12 14:08:51 DEBUG: Task 173 started: robot 22 → pod 227 → workstation 7 for orders {26} (arrival = 805.0 s).   [idle robots = 0/40]
2026-07-12 14:08:51 DEBUG:    EVENT NUM 1320  current_time = 00:12:00   ARRIVAL_ORDER         [queue size = 41]
2026-07-12 14:08:51 DEBUG: Order 171 arrived: items_required = [11298].     [orders_in_system = 94]
2026-07-12 14:08:51 DEBUG:    EVENT NUM 1321  current_time = 00:12:04   END_PICKING           [queue size = 41]
2026-07-12 14:08:51 DEBUG: Ended picking at workstation 10.    [picking_buffer len = {}]
2026-07-12 14:08:51 DEBUG: Task should have served orders {42}, found open orders {42, 23, 25, 93}.
2026-07-12 14:08:51 DEBUG: Task 155 completed: pod 414 returning to storage.
2026-07-12 14:08:51 DEBUG:    EVENT NUM 1322  current_time = 00:12:04   CLOSE_ORDER           [queue size = 42]
2026-07-12 14:08:51 DEBUG: Order 42 closed at workstation 10: flow_time = 724.2 s.     [order_buffer = 2] [open_orders = 3/4]
2026-07-12 14:08:51 DEBUG: Next order in buffer: 94
2026-07-12 14:08:51 DEBUG:    EVENT NUM 1323  current_time = 00:12:04   OPEN_ORDER            [queue size = 42]
2026-07-12 14:08:51 DEBUG: Order 94 (skus required = {12321, 7219, 5662}) opened at workstation 10.   [open_orders = 4/4]
2026-07-12 14:08:51 DEBUG:    EVENT NUM 1324  current_time = 00:12:04   START_TASK            [queue size = 42]
2026-07-12 14:08:51 DEBUG: Task 175 blocked: no idle robots.
2026-07-12 14:08:51 DEBUG:    EVENT NUM 1325  current_time = 00:12:04   END_PICKING           [queue size = 41]
2026-07-12 14:08:51 DEBUG: Ended picking at workstation 7.    [picking_buffer len = {}]
2026-07-12 14:08:51 DEBUG: Task should have served orders {37}, found open orders {5, 37, 43, 90}.
2026-07-12 14:08:51 DEBUG: Task 166 completed: pod 741 returning to storage.
2026-07-12 14:08:51 DEBUG:    EVENT NUM 1326  current_time = 00:12:04   CLOSE_ORDER           [queue size = 42]
2026-07-12 14:08:51 DEBUG: Order 37 closed at workstation 7: flow_time = 724.7 s.     [order_buffer = 1] [open_orders = 3/4]
2026-07-12 14:08:51 DEBUG: Next order in buffer: 26
2026-07-12 14:08:51 DEBUG:    EVENT NUM 1327  current_time = 00:12:04   OPEN_ORDER            [queue size = 42]
2026-07-12 14:08:51 DEBUG: Order 26 (skus required = {6720, 10034, 6996}) opened at workstation 7.   [open_orders = 4/4]
2026-07-12 14:08:51 DEBUG:    EVENT NUM 1328  current_time = 00:12:04   START_TASK            [queue size = 42]
2026-07-12 14:08:51 DEBUG: Task 175 blocked: no idle robots.
2026-07-12 14:08:51 DEBUG:    EVENT NUM 1329  current_time = 00:12:10   ARRIVAL_ORDER         [queue size = 41]
2026-07-12 14:08:51 DEBUG: Order 172 arrived: items_required = [6471].     [orders_in_system = 93]
2026-07-12 14:08:51 DEBUG:    EVENT NUM 1330  current_time = 00:12:16   ARRIVAL_POD_WST       [queue size = 41]
2026-07-12 14:08:51 DEBUG: Pod 748 arrived at workstation 7 - status = IDLE
2026-07-12 14:08:51 DEBUG: Pod queued at workstation.    [picking_buffer = {165: 736.4355276590167}]
2026-07-12 14:08:51 DEBUG:    EVENT NUM 1331  current_time = 00:12:16   START_PICKING         [queue size = 41]
2026-07-12 14:08:51 DEBUG: Processing task 165 at workstation 7: picking items {2281} for orders {5}
2026-07-12 14:08:51 DEBUG:    EVENT NUM 1332  current_time = 00:12:19   ARRIVAL_POD_WST       [queue size = 41]
2026-07-12 14:08:51 DEBUG: Pod 379 arrived at workstation 10 - status = IDLE
2026-07-12 14:08:51 DEBUG: Pod queued at workstation.    [picking_buffer = {159: 739.5008190224586}]
2026-07-12 14:08:51 DEBUG:    EVENT NUM 1333  current_time = 00:12:19   START_PICKING         [queue size = 41]
2026-07-12 14:08:51 DEBUG: Processing task 159 at workstation 10: picking items {1359} for orders {23}
2026-07-12 14:08:51 DEBUG:    EVENT NUM 1334  current_time = 00:12:20   ARRIVAL_ORDER         [queue size = 41]
2026-07-12 14:08:51 DEBUG: Order 173 arrived: items_required = [5444].     [orders_in_system = 94]
2026-07-12 14:08:51 DEBUG:    EVENT NUM 1335  current_time = 00:12:21   RETURN_POD            [queue size = 41]
2026-07-12 14:08:51 DEBUG: Pod 162 returned. Robot 15 idle.   [idle robots = 1/40, released tasks = 13]
2026-07-12 14:08:51 DEBUG:    EVENT NUM 1336  current_time = 00:12:21   START_TASK            [queue size = 41]
2026-07-12 14:08:51 DEBUG: Task 175 started: robot 15 → pod 761 → workstation 11 for orders {51} (arrival = 816.1 s).   [idle robots = 0/40]
2026-07-12 14:08:51 DEBUG:    EVENT NUM 1337  current_time = 00:12:26   END_PICKING           [queue size = 41]
2026-07-12 14:08:51 DEBUG: Ended picking at workstation 7.    [picking_buffer len = {}]
2026-07-12 14:08:51 DEBUG: Task should have served orders {5}, found open orders {26, 5, 43, 90}.
2026-07-12 14:08:51 DEBUG: Task 165 completed: pod 748 returning to storage.
2026-07-12 14:08:51 DEBUG:    EVENT NUM 1338  current_time = 00:12:26   RETURN_POD            [queue size = 41]
2026-07-12 14:08:51 DEBUG: Pod 252 returned. Robot 34 idle.   [idle robots = 1/40, released tasks = 12]
2026-07-12 14:08:51 DEBUG:    EVENT NUM 1339  current_time = 00:12:26   START_TASK            [queue size = 41]
2026-07-12 14:08:51 DEBUG: Task 176 blocked: no orders in {11: [82]} is open yet.  [released tasks = 11]
2026-07-12 14:08:51 DEBUG: Task 177 started: robot 34 → pod 805 → workstation 10 for orders {0} (arrival = 805.0 s).   [idle robots = 0/40]
2026-07-12 14:08:51 DEBUG:    EVENT NUM 1340  current_time = 00:12:28   ARRIVAL_POD_WST       [queue size = 41]
2026-07-12 14:08:51 DEBUG: Pod 350 arrived at workstation 11 - status = IDLE
2026-07-12 14:08:51 DEBUG: Pod queued at workstation.    [picking_buffer = {153: 748.7102498368354}]
2026-07-12 14:08:51 DEBUG:    EVENT NUM 1341  current_time = 00:12:28   START_PICKING         [queue size = 41]
2026-07-12 14:08:51 DEBUG: Processing task 153 at workstation 11: picking items {5710} for orders {55}
2026-07-12 14:08:51 DEBUG:    EVENT NUM 1342  current_time = 00:12:29   ARRIVAL_POD_WST       [queue size = 41]
2026-07-12 14:08:51 DEBUG: Pod 331 arrived at workstation 7 - status = IDLE
2026-07-12 14:08:51 DEBUG: Pod queued at workstation.    [picking_buffer = {150: 749.0414144606199}]
2026-07-12 14:08:51 DEBUG:    EVENT NUM 1343  current_time = 00:12:29   START_PICKING         [queue size = 41]
2026-07-12 14:08:51 DEBUG: Processing task 150 at workstation 7: picking items {3322} for orders {90}
2026-07-12 14:08:51 DEBUG:    EVENT NUM 1344  current_time = 00:12:29   END_PICKING           [queue size = 41]
2026-07-12 14:08:51 DEBUG: Ended picking at workstation 10.    [picking_buffer len = {}]
2026-07-12 14:08:51 DEBUG: Task should have served orders {23}, found open orders {23, 25, 93, 94}.
2026-07-12 14:08:51 DEBUG: Task 159 completed: pod 379 returning to storage.
2026-07-12 14:08:51 DEBUG:    EVENT NUM 1345  current_time = 00:12:29   CLOSE_ORDER           [queue size = 42]
2026-07-12 14:08:51 DEBUG: Order 23 closed at workstation 10: flow_time = 749.5 s.     [order_buffer = 1] [open_orders = 3/4]
2026-07-12 14:08:51 DEBUG: Next order in buffer: 0
2026-07-12 14:08:51 DEBUG:    EVENT NUM 1346  current_time = 00:12:29   OPEN_ORDER            [queue size = 42]
2026-07-12 14:08:51 DEBUG: Order 0 (skus required = {3082, 5462}) opened at workstation 10.   [open_orders = 4/4]
2026-07-12 14:08:51 DEBUG:    EVENT NUM 1347  current_time = 00:12:29   START_TASK            [queue size = 42]
2026-07-12 14:08:51 DEBUG: Task 176 blocked: no orders in {11: [82]} is open yet.  [released tasks = 10]
2026-07-12 14:08:51 DEBUG: Task 178 blocked: no idle robots.
2026-07-12 14:08:51 DEBUG:    EVENT NUM 1348  current_time = 00:12:30   ARRIVAL_ORDER         [queue size = 41]
2026-07-12 14:08:51 DEBUG: Order 174 arrived: items_required = [1550].     [orders_in_system = 94]
2026-07-12 14:08:51 DEBUG:    EVENT NUM 1349  current_time = 00:12:30   ARRIVAL_POD_WST       [queue size = 41]
2026-07-12 14:08:51 DEBUG: Pod 395 arrived at workstation 3 - status = IDLE
2026-07-12 14:08:51 DEBUG: Pod queued at workstation.    [picking_buffer = {93: 750.1299176316189}]
2026-07-12 14:08:51 DEBUG:    EVENT NUM 1350  current_time = 00:12:30   START_PICKING         [queue size = 41]
2026-07-12 14:08:51 DEBUG: Processing task 93 at workstation 3: picking items {10434} for orders {16}
2026-07-12 14:08:51 DEBUG:    EVENT NUM 1351  current_time = 00:12:33   RETURN_POD            [queue size = 41]
2026-07-12 14:08:51 DEBUG: Pod 840 returned. Robot 17 idle.   [idle robots = 1/40, released tasks = 11]
2026-07-12 14:08:51 DEBUG:    EVENT NUM 1352  current_time = 00:12:33   START_TASK            [queue size = 41]
2026-07-12 14:08:51 DEBUG: Task 176 blocked: no orders in {11: [82]} is open yet.  [released tasks = 10]
2026-07-12 14:08:51 DEBUG: Task 178 started: robot 17 → pod 721 → workstation 10 for orders {94} (arrival = 886.6 s).   [idle robots = 0/40]
2026-07-12 14:08:51 DEBUG:    EVENT NUM 1353  current_time = 00:12:35   ARRIVAL_POD_WST       [queue size = 41]
2026-07-12 14:08:51 DEBUG: Pod 335 arrived at workstation 7 - status = BUSY
2026-07-12 14:08:51 DEBUG: Pod queued at workstation.    [picking_buffer = {163: 755.572958291555}]
2026-07-12 14:08:51 DEBUG:    EVENT NUM 1354  current_time = 00:12:37   RETURN_POD            [queue size = 40]
2026-07-12 14:08:51 DEBUG: Pod 655 returned. Robot 29 idle.   [idle robots = 1/40, released tasks = 10]
2026-07-12 14:08:51 DEBUG:    EVENT NUM 1355  current_time = 00:12:37   START_TASK            [queue size = 40]
2026-07-12 14:08:51 DEBUG: Task 176 blocked: no orders in {11: [82]} is open yet.  [released tasks = 9]
2026-07-12 14:08:51 DEBUG: Task 179 started: robot 29 → pod 53 → workstation 10 for orders {94} (arrival = 882.6 s).   [idle robots = 0/40]
2026-07-12 14:08:51 DEBUG:    EVENT NUM 1356  current_time = 00:12:38   RETURN_POD            [queue size = 40]
2026-07-12 14:08:51 DEBUG: Pod 315 returned. Robot 25 idle.   [idle robots = 1/40, released tasks = 9]
2026-07-12 14:08:51 DEBUG:    EVENT NUM 1357  current_time = 00:12:38   START_TASK            [queue size = 40]
2026-07-12 14:08:51 DEBUG: Task 176 blocked: no orders in {11: [82]} is open yet.  [released tasks = 8]
2026-07-12 14:08:51 DEBUG: Task 180 blocked: no orders in {11: [82]} is open yet.  [released tasks = 7]
2026-07-12 14:08:51 DEBUG: Task 182 started: robot 25 → pod 597 → workstation 11 for orders {44} (arrival = 842.8 s).   [idle robots = 0/40]
2026-07-12 14:08:51 DEBUG:    EVENT NUM 1358  current_time = 00:12:38   ARRIVAL_POD_WST       [queue size = 40]
2026-07-12 14:08:51 DEBUG: Pod 115 arrived at workstation 10 - status = IDLE
2026-07-12 14:08:51 DEBUG: Pod queued at workstation.    [picking_buffer = {158: 758.5264193040728}]
2026-07-12 14:08:51 DEBUG:    EVENT NUM 1359  current_time = 00:12:38   START_PICKING         [queue size = 40]
2026-07-12 14:08:51 DEBUG: Processing task 158 at workstation 10: picking items {5938} for orders {93}
2026-07-12 14:08:51 DEBUG:    EVENT NUM 1360  current_time = 00:12:38   END_PICKING           [queue size = 40]
2026-07-12 14:08:51 DEBUG: Ended picking at workstation 11.    [picking_buffer len = {}]
2026-07-12 14:08:51 DEBUG: Task should have served orders {55}, found open orders {4, 6, 51, 55}.
2026-07-12 14:08:51 DEBUG: Task 153 completed: pod 350 returning to storage.
2026-07-12 14:08:51 DEBUG:    EVENT NUM 1361  current_time = 00:12:38   CLOSE_ORDER           [queue size = 41]
2026-07-12 14:08:51 DEBUG: Order 55 closed at workstation 11: flow_time = 758.7 s.     [order_buffer = 2] [open_orders = 3/4]
2026-07-12 14:08:51 DEBUG: Next order in buffer: 44
2026-07-12 14:08:51 DEBUG:    EVENT NUM 1362  current_time = 00:12:38   OPEN_ORDER            [queue size = 41]
2026-07-12 14:08:51 DEBUG: Order 44 (skus required = {3794, 3814}) opened at workstation 11.   [open_orders = 4/4]
2026-07-12 14:08:51 DEBUG:    EVENT NUM 1363  current_time = 00:12:38   START_TASK            [queue size = 41]
2026-07-12 14:08:51 DEBUG: Task 176 blocked: no idle robots.
2026-07-12 14:08:51 DEBUG:    EVENT NUM 1364  current_time = 00:12:39   END_PICKING           [queue size = 40]
2026-07-12 14:08:51 DEBUG: Ended picking at workstation 7.    [picking_buffer len = {163: 755.572958291555}]
2026-07-12 14:08:51 DEBUG: Task should have served orders {90}, found open orders {26, 5, 43, 90}.
2026-07-12 14:08:51 DEBUG: Task 150 completed: pod 331 returning to storage.
2026-07-12 14:08:51 DEBUG:    EVENT NUM 1365  current_time = 00:12:39   CLOSE_ORDER           [queue size = 42]
2026-07-12 14:08:51 DEBUG: Order 90 closed at workstation 7: flow_time = 759.0 s.     [order_buffer = 0] [open_orders = 3/4]
2026-07-12 14:08:51 DEBUG:    EVENT NUM 1366  current_time = 00:12:39   START_PICKING         [queue size = 41]
2026-07-12 14:08:51 DEBUG: Processing task 163 at workstation 7: picking items {4951} for orders {5}
2026-07-12 14:08:51 DEBUG:    EVENT NUM 1367  current_time = 00:12:40   ARRIVAL_ORDER         [queue size = 41]
2026-07-12 14:08:51 DEBUG: Order 175 arrived: items_required = [11390, 5129, 4377].     [orders_in_system = 93]
2026-07-12 14:08:51 DEBUG:    EVENT NUM 1368  current_time = 00:12:40   END_PICKING           [queue size = 41]
2026-07-12 14:08:51 DEBUG: Ended picking at workstation 3.    [picking_buffer len = {}]
2026-07-12 14:08:51 DEBUG: Task should have served orders {16}, found open orders {9, 16}.
2026-07-12 14:08:51 DEBUG: Task 93 completed: pod 395 returning to storage.
2026-07-12 14:08:51 DEBUG:    EVENT NUM 1369  current_time = 00:12:40   CLOSE_ORDER           [queue size = 42]
2026-07-12 14:08:51 DEBUG: Order 16 closed at workstation 3: flow_time = 760.1 s.     [order_buffer = 0] [open_orders = 1/4]
2026-07-12 14:08:51 DEBUG:    EVENT NUM 1370  current_time = 00:12:43   RETURN_POD            [queue size = 41]
2026-07-12 14:08:51 DEBUG: Pod 613 returned. Robot 21 idle.   [idle robots = 1/40, released tasks = 8]
2026-07-12 14:08:51 DEBUG:    EVENT NUM 1371  current_time = 00:12:43   START_TASK            [queue size = 41]
2026-07-12 14:08:51 DEBUG: Task 176 started: robot 21 → pod 26 → workstation 11 for orders {82} (arrival = 906.8 s).   [idle robots = 0/40]
2026-07-12 14:08:51 DEBUG:    EVENT NUM 1372  current_time = 00:12:43   RETURN_POD            [queue size = 41]
2026-07-12 14:08:51 DEBUG: Pod 659 returned. Robot 26 idle.   [idle robots = 1/40, released tasks = 7]
2026-07-12 14:08:51 DEBUG:    EVENT NUM 1373  current_time = 00:12:43   START_TASK            [queue size = 41]
2026-07-12 14:08:51 DEBUG: Task 180 started: robot 26 → pod 83 → workstation 11 for orders {82} (arrival = 877.5 s).   [idle robots = 0/40]
2026-07-12 14:08:51 DEBUG:    EVENT NUM 1374  current_time = 00:12:43   ARRIVAL_POD_WST       [queue size = 41]
2026-07-12 14:08:51 DEBUG: Pod 253 arrived at workstation 1 - status = IDLE
2026-07-12 14:08:51 DEBUG: Pod queued at workstation.    [picking_buffer = {68: 763.6656578133017}]
2026-07-12 14:08:51 DEBUG:    EVENT NUM 1375  current_time = 00:12:43   START_PICKING         [queue size = 41]
2026-07-12 14:08:51 DEBUG: Processing task 68 at workstation 1: picking items {8347} for orders {40}
2026-07-12 14:08:51 DEBUG:    EVENT NUM 1376  current_time = 00:12:47   RETURN_POD            [queue size = 41]
2026-07-12 14:08:51 DEBUG: Pod 142 returned. Robot 36 idle.   [idle robots = 1/40, released tasks = 6]
2026-07-12 14:08:51 DEBUG:    EVENT NUM 1377  current_time = 00:12:47   START_TASK            [queue size = 41]
2026-07-12 14:08:51 DEBUG: Task 184 started: robot 36 → pod 590 → workstation 11 for orders {44} (arrival = 817.9 s).   [idle robots = 0/40]
2026-07-12 14:08:51 DEBUG:    EVENT NUM 1378  current_time = 00:12:47   ARRIVAL_POD_WST       [queue size = 41]
2026-07-12 14:08:51 DEBUG: Pod 195 arrived at workstation 6 - status = IDLE
2026-07-12 14:08:51 DEBUG: Pod queued at workstation.    [picking_buffer = {119: 767.479929147017}]
2026-07-12 14:08:51 DEBUG:    EVENT NUM 1379  current_time = 00:12:47   START_PICKING         [queue size = 41]
2026-07-12 14:08:51 DEBUG: Processing task 119 at workstation 6: picking items {2876} for orders {49}
2026-07-12 14:08:51 DEBUG:    EVENT NUM 1380  current_time = 00:12:47   ARRIVAL_POD_WST       [queue size = 41]
2026-07-12 14:08:51 DEBUG: Pod 897 arrived at workstation 10 - status = BUSY
2026-07-12 14:08:51 DEBUG: Pod queued at workstation.    [picking_buffer = {162: 767.5080368927821}]
2026-07-12 14:08:51 DEBUG:    EVENT NUM 1381  current_time = 00:12:48   END_PICKING           [queue size = 40]
2026-07-12 14:08:51 DEBUG: Ended picking at workstation 10.    [picking_buffer len = {162: 767.5080368927821}]
2026-07-12 14:08:51 DEBUG: Task should have served orders {93}, found open orders {0, 25, 93, 94}.
2026-07-12 14:08:51 DEBUG: Task 158 completed: pod 115 returning to storage.
2026-07-12 14:08:51 DEBUG:    EVENT NUM 1382  current_time = 00:12:48   CLOSE_ORDER           [queue size = 42]
2026-07-12 14:08:51 DEBUG: Order 93 closed at workstation 10: flow_time = 768.5 s.     [order_buffer = 0] [open_orders = 3/4]
2026-07-12 14:08:51 DEBUG:    EVENT NUM 1383  current_time = 00:12:48   START_PICKING         [queue size = 41]
2026-07-12 14:08:51 DEBUG: Processing task 162 at workstation 10: picking items {7250} for orders {25}
2026-07-12 14:08:51 DEBUG:    EVENT NUM 1384  current_time = 00:12:48   RETURN_POD            [queue size = 41]
2026-07-12 14:08:51 DEBUG: Pod 686 returned. Robot 14 idle.   [idle robots = 1/40, released tasks = 5]
2026-07-12 14:08:51 DEBUG:    EVENT NUM 1385  current_time = 00:12:48   START_TASK            [queue size = 41]
2026-07-12 14:08:51 DEBUG: Task 139 started: robot 14 → pod 853 → workstation 8 for orders {68} (arrival = 806.4 s).   [idle robots = 0/40]
2026-07-12 14:08:51 DEBUG:    EVENT NUM 1386  current_time = 00:12:49   END_PICKING           [queue size = 41]
2026-07-12 14:08:51 DEBUG: Ended picking at workstation 7.    [picking_buffer len = {}]
2026-07-12 14:08:51 DEBUG: Task should have served orders {5}, found open orders {26, 5, 43}.
2026-07-12 14:08:51 DEBUG: Task 163 completed: pod 335 returning to storage.
2026-07-12 14:08:51 DEBUG:    EVENT NUM 1387  current_time = 00:12:49   CLOSE_ORDER           [queue size = 42]
2026-07-12 14:08:51 DEBUG: Order 5 closed at workstation 7: flow_time = 769.0 s.     [order_buffer = 0] [open_orders = 2/4]
2026-07-12 14:08:51 DEBUG:    EVENT NUM 1388  current_time = 00:12:50   ARRIVAL_ORDER         [queue size = 41]
2026-07-12 14:08:51 DEBUG: Order 176 arrived: items_required = [5264, 12380, 8350].     [orders_in_system = 91]
2026-07-12 14:08:51 DEBUG:    EVENT NUM 1389  current_time = 00:12:53   END_PICKING           [queue size = 41]
2026-07-12 14:08:51 DEBUG: Ended picking at workstation 1.    [picking_buffer len = {}]
2026-07-12 14:08:51 DEBUG: Task should have served orders {40}, found open orders {40}.
2026-07-12 14:08:51 DEBUG: Task 68 completed: pod 253 returning to storage.
2026-07-12 14:08:51 DEBUG:    EVENT NUM 1390  current_time = 00:12:53   CLOSE_ORDER           [queue size = 42]
2026-07-12 14:08:51 DEBUG: Order 40 closed at workstation 1: flow_time = 773.7 s.     [order_buffer = 0] [open_orders = 0/4]
2026-07-12 14:08:51 DEBUG:    EVENT NUM 1391  current_time = 00:12:54   ARRIVAL_POD_WST       [queue size = 41]
2026-07-12 14:08:51 DEBUG: Pod 389 arrived at workstation 11 - status = IDLE
2026-07-12 14:08:51 DEBUG: Pod queued at workstation.    [picking_buffer = {151: 774.3233086812825}]
2026-07-12 14:08:51 DEBUG:    EVENT NUM 1392  current_time = 00:12:54   START_PICKING         [queue size = 41]
2026-07-12 14:08:51 DEBUG: Processing task 151 at workstation 11: picking items {8425} for orders {4}
2026-07-12 14:08:51 DEBUG:    EVENT NUM 1393  current_time = 00:12:54   RETURN_POD            [queue size = 41]
2026-07-12 14:08:51 DEBUG: Pod 460 returned. Robot 24 idle.   [idle robots = 1/40, released tasks = 4]
2026-07-12 14:08:51 DEBUG:    EVENT NUM 1394  current_time = 00:12:54   START_TASK            [queue size = 41]
2026-07-12 14:08:51 DEBUG: Task 170 blocked: pod 115 not idle.  [released tasks = 3]
2026-07-12 14:08:51 DEBUG: Task 171 blocked: pod 175 not idle.  [released tasks = 2]
2026-07-12 14:08:51 DEBUG: Task 174 blocked: pod 331 not idle.  [released tasks = 1]
2026-07-12 14:08:51 DEBUG: Task 181 started: robot 24 → pod 252 → workstation 7 for orders {43} (arrival = 868.3 s).   [idle robots = 0/40]
2026-07-12 14:08:51 DEBUG:    EVENT NUM 1395  current_time = 00:12:57   END_PICKING           [queue size = 41]
2026-07-12 14:08:51 DEBUG: Ended picking at workstation 6.    [picking_buffer len = {}]
2026-07-12 14:08:51 DEBUG: Task should have served orders {49}, found open orders {49}.
2026-07-12 14:08:51 DEBUG: Task 119 completed: pod 195 returning to storage.
2026-07-12 14:08:51 DEBUG:    EVENT NUM 1396  current_time = 00:12:57   CLOSE_ORDER           [queue size = 42]
2026-07-12 14:08:51 DEBUG: Order 49 closed at workstation 6: flow_time = 777.5 s.     [order_buffer = 0] [open_orders = 0/4]
2026-07-12 14:08:51 DEBUG:    EVENT NUM 1397  current_time = 00:12:58   END_PICKING           [queue size = 41]
2026-07-12 14:08:51 DEBUG: Ended picking at workstation 10.    [picking_buffer len = {}]
2026-07-12 14:08:51 DEBUG: Task should have served orders {25}, found open orders {0, 25, 94}.
2026-07-12 14:08:51 DEBUG: Task 162 completed: pod 897 returning to storage.
2026-07-12 14:08:51 DEBUG:    EVENT NUM 1398  current_time = 00:13:00   ARRIVAL_ORDER         [queue size = 41]
2026-07-12 14:08:51 DEBUG: Order 177 arrived: items_required = [8659, 8257].     [orders_in_system = 90]
2026-07-12 14:08:51 DEBUG:    EVENT NUM 1399  current_time = 00:13:04   END_PICKING           [queue size = 41]
2026-07-12 14:08:51 DEBUG: Ended picking at workstation 11.    [picking_buffer len = {}]
2026-07-12 14:08:51 DEBUG: Task should have served orders {4}, found open orders {4, 6, 44, 51}.
2026-07-12 14:08:51 DEBUG: Task 151 completed: pod 389 returning to storage.
2026-07-12 14:08:51 DEBUG:    EVENT NUM 1400  current_time = 00:13:04   CLOSE_ORDER           [queue size = 42]
2026-07-12 14:08:51 DEBUG: Order 4 closed at workstation 11: flow_time = 784.3 s.     [order_buffer = 1] [open_orders = 3/4]
2026-07-12 14:08:51 DEBUG: Next order in buffer: 82
2026-07-12 14:08:51 DEBUG:    EVENT NUM 1401  current_time = 00:13:04   OPEN_ORDER            [queue size = 42]
2026-07-12 14:08:51 DEBUG: Order 82 (skus required = {8857, 4958}) opened at workstation 11.   [open_orders = 4/4]
2026-07-12 14:08:51 DEBUG:    EVENT NUM 1402  current_time = 00:13:04   START_TASK            [queue size = 42]
2026-07-12 14:08:51 DEBUG: Task 170 blocked: pod 115 not idle.  [released tasks = 2]
2026-07-12 14:08:51 DEBUG: Task 171 blocked: pod 175 not idle.  [released tasks = 1]
2026-07-12 14:08:51 DEBUG: Task 174 blocked: pod 331 not idle.  [released tasks = 0]
2026-07-12 14:08:51 DEBUG:    EVENT NUM 1403  current_time = 00:13:06   RETURN_POD            [queue size = 41]
2026-07-12 14:08:51 DEBUG: Pod 741 returned. Robot 1 idle.   [idle robots = 1/40, released tasks = 3]
2026-07-12 14:08:51 DEBUG:    EVENT NUM 1404  current_time = 00:13:06   START_TASK            [queue size = 41]
2026-07-12 14:08:51 DEBUG: Task 170 blocked: pod 115 not idle.  [released tasks = 2]
2026-07-12 14:08:51 DEBUG: Task 171 blocked: pod 175 not idle.  [released tasks = 1]
2026-07-12 14:08:51 DEBUG: Task 174 blocked: pod 331 not idle.  [released tasks = 0]
2026-07-12 14:08:51 DEBUG:    EVENT NUM 1405  current_time = 00:13:08   RETURN_POD            [queue size = 40]
2026-07-12 14:08:51 DEBUG: Pod 296 returned. Robot 38 idle.   [idle robots = 2/40, released tasks = 3]
2026-07-12 14:08:51 DEBUG:    EVENT NUM 1406  current_time = 00:13:08   START_TASK            [queue size = 40]
2026-07-12 14:08:51 DEBUG: Task 170 blocked: pod 115 not idle.  [released tasks = 2]
2026-07-12 14:08:51 DEBUG: Task 171 blocked: pod 175 not idle.  [released tasks = 1]
2026-07-12 14:08:51 DEBUG: Task 174 blocked: pod 331 not idle.  [released tasks = 0]
2026-07-12 14:08:51 DEBUG:    EVENT NUM 1407  current_time = 00:13:10   ARRIVAL_ORDER         [queue size = 39]
2026-07-12 14:08:51 DEBUG: Order 178 arrived: items_required = [7617, 3936, 6565].     [orders_in_system = 90]
2026-07-12 14:08:51 DEBUG:    EVENT NUM 1408  current_time = 00:13:10   ARRIVAL_POD_WST       [queue size = 39]
2026-07-12 14:08:51 DEBUG: Pod 332 arrived at workstation 3 - status = IDLE
2026-07-12 14:08:51 DEBUG: Pod queued at workstation.    [picking_buffer = {108: 790.469208215148}]
2026-07-12 14:08:51 DEBUG:    EVENT NUM 1409  current_time = 00:13:10   START_PICKING         [queue size = 39]
2026-07-12 14:08:51 DEBUG: Processing task 108 at workstation 3: picking items {6036} for orders {9}
2026-07-12 14:08:51 DEBUG:    EVENT NUM 1410  current_time = 00:13:10   RETURN_POD            [queue size = 39]
2026-07-12 14:08:51 DEBUG: Pod 48 returned. Robot 5 idle.   [idle robots = 3/40, released tasks = 3]
2026-07-12 14:08:51 DEBUG:    EVENT NUM 1411  current_time = 00:13:10   START_TASK            [queue size = 39]
2026-07-12 14:08:51 DEBUG: Task 170 blocked: pod 115 not idle.  [released tasks = 2]
2026-07-12 14:08:51 DEBUG: Task 171 blocked: pod 175 not idle.  [released tasks = 1]
2026-07-12 14:08:51 DEBUG: Task 174 blocked: pod 331 not idle.  [released tasks = 0]
2026-07-12 14:08:51 DEBUG:    EVENT NUM 1412  current_time = 00:13:13   ARRIVAL_POD_WST       [queue size = 38]
2026-07-12 14:08:51 DEBUG: Pod 380 arrived at workstation 10 - status = IDLE
2026-07-12 14:08:51 DEBUG: Pod queued at workstation.    [picking_buffer = {164: 793.5938085133843}]
2026-07-12 14:08:51 DEBUG:    EVENT NUM 1413  current_time = 00:13:13   START_PICKING         [queue size = 38]
2026-07-12 14:08:51 DEBUG: Processing task 164 at workstation 10: picking items {7219} for orders {94}
2026-07-12 14:08:51 DEBUG:    EVENT NUM 1414  current_time = 00:13:15   ARRIVAL_POD_WST       [queue size = 38]
2026-07-12 14:08:51 DEBUG: Pod 415 arrived at workstation 11 - status = IDLE
2026-07-12 14:08:51 DEBUG: Pod queued at workstation.    [picking_buffer = {157: 795.1995597723406}]
2026-07-12 14:08:51 DEBUG:    EVENT NUM 1415  current_time = 00:13:15   START_PICKING         [queue size = 38]
2026-07-12 14:08:51 DEBUG: Processing task 157 at workstation 11: picking items {7292} for orders {6}
2026-07-12 14:08:51 DEBUG:    EVENT NUM 1416  current_time = 00:13:17   ARRIVAL_POD_WST       [queue size = 38]
2026-07-12 14:08:51 DEBUG: Pod 629 arrived at workstation 10 - status = BUSY
2026-07-12 14:08:51 DEBUG: Pod queued at workstation.    [picking_buffer = {160: 797.9647650734504}]
2026-07-12 14:08:51 DEBUG:    EVENT NUM 1417  current_time = 00:13:18   RETURN_POD            [queue size = 37]
2026-07-12 14:08:51 DEBUG: Pod 33 returned. Robot 13 idle.   [idle robots = 4/40, released tasks = 3]
2026-07-12 14:08:51 DEBUG:    EVENT NUM 1418  current_time = 00:13:18   START_TASK            [queue size = 37]
2026-07-12 14:08:51 DEBUG: Task 170 blocked: pod 115 not idle.  [released tasks = 2]
2026-07-12 14:08:51 DEBUG: Task 171 blocked: pod 175 not idle.  [released tasks = 1]
2026-07-12 14:08:51 DEBUG: Task 174 blocked: pod 331 not idle.  [released tasks = 0]
2026-07-12 14:08:51 DEBUG:    EVENT NUM 1419  current_time = 00:13:19   ARRIVAL_POD_WST       [queue size = 36]
2026-07-12 14:08:51 DEBUG: Pod 151 arrived at workstation 7 - status = IDLE
2026-07-12 14:08:51 DEBUG: Pod queued at workstation.    [picking_buffer = {161: 799.6617727689808}]
2026-07-12 14:08:51 DEBUG:    EVENT NUM 1420  current_time = 00:13:19   START_PICKING         [queue size = 36]
2026-07-12 14:08:51 DEBUG: Processing task 161 at workstation 7: picking items {1534} for orders {43}
2026-07-12 14:08:51 DEBUG:    EVENT NUM 1421  current_time = 00:13:20   ARRIVAL_ORDER         [queue size = 36]
2026-07-12 14:08:51 DEBUG: Order 179 arrived: items_required = [5207, 4436].     [orders_in_system = 91]
2026-07-12 14:08:51 DEBUG:    EVENT NUM 1422  current_time = 00:13:20   END_PICKING           [queue size = 36]
2026-07-12 14:08:51 DEBUG: Ended picking at workstation 3.    [picking_buffer len = {}]
2026-07-12 14:08:51 DEBUG: Task should have served orders {9}, found open orders {9}.
2026-07-12 14:08:51 DEBUG: Task 108 completed: pod 332 returning to storage.
2026-07-12 14:08:51 DEBUG:    EVENT NUM 1423  current_time = 00:13:20   CLOSE_ORDER           [queue size = 37]
2026-07-12 14:08:51 DEBUG: Order 9 closed at workstation 3: flow_time = 800.5 s.     [order_buffer = 0] [open_orders = 0/4]
2026-07-12 14:08:51 DEBUG:    EVENT NUM 1424  current_time = 00:13:23   END_PICKING           [queue size = 36]
2026-07-12 14:08:51 DEBUG: Ended picking at workstation 10.    [picking_buffer len = {160: 797.9647650734504}]
2026-07-12 14:08:51 DEBUG: Task should have served orders {94}, found open orders {0, 25, 94}.
2026-07-12 14:08:51 DEBUG: Task 164 completed: pod 380 returning to storage.
2026-07-12 14:08:51 DEBUG:    EVENT NUM 1425  current_time = 00:13:23   START_PICKING         [queue size = 37]
2026-07-12 14:08:51 DEBUG: Processing task 160 at workstation 10: picking items {12204} for orders {25}
2026-07-12 14:08:51 DEBUG:    EVENT NUM 1426  current_time = 00:13:24   ARRIVAL_POD_WST       [queue size = 37]
2026-07-12 14:08:51 DEBUG: Pod 227 arrived at workstation 7 - status = BUSY
2026-07-12 14:08:51 DEBUG: Pod queued at workstation.    [picking_buffer = {173: 804.9617898364382}]
2026-07-12 14:08:51 DEBUG:    EVENT NUM 1427  current_time = 00:13:24   ARRIVAL_POD_WST       [queue size = 36]
2026-07-12 14:08:51 DEBUG: Pod 805 arrived at workstation 10 - status = BUSY
2026-07-12 14:08:51 DEBUG: Pod queued at workstation.    [picking_buffer = {177: 804.9674705599411}]
2026-07-12 14:08:51 DEBUG:    EVENT NUM 1428  current_time = 00:13:25   END_PICKING           [queue size = 35]
2026-07-12 14:08:51 DEBUG: Ended picking at workstation 11.    [picking_buffer len = {}]
2026-07-12 14:08:51 DEBUG: Task should have served orders {6}, found open orders {6, 44, 82, 51}.
2026-07-12 14:08:51 DEBUG: Task 157 completed: pod 415 returning to storage.
2026-07-12 14:08:51 DEBUG:    EVENT NUM 1429  current_time = 00:13:25   CLOSE_ORDER           [queue size = 36]
2026-07-12 14:08:51 DEBUG: Order 6 closed at workstation 11: flow_time = 805.2 s.     [order_buffer = 0] [open_orders = 3/4]
2026-07-12 14:08:51 DEBUG:    EVENT NUM 1430  current_time = 00:13:26   ARRIVAL_POD_WST       [queue size = 35]
2026-07-12 14:08:51 DEBUG: Pod 853 arrived at workstation 8 - status = IDLE
2026-07-12 14:08:51 DEBUG: Pod queued at workstation.    [picking_buffer = {139: 806.3586757757741}]
2026-07-12 14:08:51 DEBUG:    EVENT NUM 1431  current_time = 00:13:26   START_PICKING         [queue size = 35]
2026-07-12 14:08:51 DEBUG: Processing task 139 at workstation 8: picking items {5231} for orders {68}
2026-07-12 14:08:51 DEBUG:    EVENT NUM 1432  current_time = 00:13:29   END_PICKING           [queue size = 35]
2026-07-12 14:08:51 DEBUG: Ended picking at workstation 7.    [picking_buffer len = {173: 804.9617898364382}]
2026-07-12 14:08:51 DEBUG: Task should have served orders {43}, found open orders {26, 43}.
2026-07-12 14:08:51 DEBUG: Task 161 completed: pod 151 returning to storage.
2026-07-12 14:08:51 DEBUG:    EVENT NUM 1433  current_time = 00:13:29   START_PICKING         [queue size = 36]
2026-07-12 14:08:51 DEBUG: Processing task 173 at workstation 7: picking items {10034} for orders {26}
2026-07-12 14:08:51 DEBUG:    EVENT NUM 1434  current_time = 00:13:30   ARRIVAL_ORDER         [queue size = 36]
2026-07-12 14:08:51 DEBUG: Order 180 arrived: items_required = [384, 5268].     [orders_in_system = 90]
2026-07-12 14:08:51 DEBUG:    EVENT NUM 1435  current_time = 00:13:31   RETURN_POD            [queue size = 36]
2026-07-12 14:08:51 DEBUG: Pod 536 returned. Robot 39 idle.   [idle robots = 5/40, released tasks = 3]
2026-07-12 14:08:51 DEBUG:    EVENT NUM 1436  current_time = 00:13:31   START_TASK            [queue size = 36]
2026-07-12 14:08:51 DEBUG: Task 170 blocked: pod 115 not idle.  [released tasks = 2]
2026-07-12 14:08:51 DEBUG: Task 171 blocked: pod 175 not idle.  [released tasks = 1]
2026-07-12 14:08:51 DEBUG: Task 174 blocked: pod 331 not idle.  [released tasks = 0]
2026-07-12 14:08:51 DEBUG:    EVENT NUM 1437  current_time = 00:13:33   END_PICKING           [queue size = 35]
2026-07-12 14:08:51 DEBUG: Ended picking at workstation 10.    [picking_buffer len = {177: 804.9674705599411}]
2026-07-12 14:08:51 DEBUG: Task should have served orders {25}, found open orders {0, 25, 94}.
2026-07-12 14:08:51 DEBUG: Task 160 completed: pod 629 returning to storage.
2026-07-12 14:08:51 DEBUG:    EVENT NUM 1438  current_time = 00:13:33   CLOSE_ORDER           [queue size = 37]
2026-07-12 14:08:51 DEBUG: Order 25 closed at workstation 10: flow_time = 813.6 s.     [order_buffer = 0] [open_orders = 2/4]
2026-07-12 14:08:51 DEBUG:    EVENT NUM 1439  current_time = 00:13:33   START_PICKING         [queue size = 36]
2026-07-12 14:08:51 DEBUG: Processing task 177 at workstation 10: picking items {3082} for orders {0}
2026-07-12 14:08:51 DEBUG:    EVENT NUM 1440  current_time = 00:13:36   ARRIVAL_POD_WST       [queue size = 36]
2026-07-12 14:08:51 DEBUG: Pod 761 arrived at workstation 11 - status = IDLE
2026-07-12 14:08:51 DEBUG: Pod queued at workstation.    [picking_buffer = {175: 816.1361888736925}]
2026-07-12 14:08:51 DEBUG:    EVENT NUM 1441  current_time = 00:13:36   START_PICKING         [queue size = 36]
2026-07-12 14:08:51 DEBUG: Processing task 175 at workstation 11: picking items {10302} for orders {51}
2026-07-12 14:08:51 DEBUG:    EVENT NUM 1442  current_time = 00:13:36   RETURN_POD            [queue size = 36]
2026-07-12 14:08:51 DEBUG: Pod 379 returned. Robot 32 idle.   [idle robots = 6/40, released tasks = 3]
2026-07-12 14:08:51 DEBUG:    EVENT NUM 1443  current_time = 00:13:36   START_TASK            [queue size = 36]
2026-07-12 14:08:51 DEBUG: Task 170 blocked: pod 115 not idle.  [released tasks = 2]
2026-07-12 14:08:51 DEBUG: Task 171 blocked: pod 175 not idle.  [released tasks = 1]
2026-07-12 14:08:51 DEBUG: Task 174 blocked: pod 331 not idle.  [released tasks = 0]
2026-07-12 14:08:51 DEBUG:    EVENT NUM 1444  current_time = 00:13:36   END_PICKING           [queue size = 35]
2026-07-12 14:08:51 DEBUG: Ended picking at workstation 8.    [picking_buffer len = {}]
2026-07-12 14:08:51 DEBUG: Task should have served orders {68}, found open orders {68}.
2026-07-12 14:08:51 DEBUG: Task 139 completed: pod 853 returning to storage.
2026-07-12 14:08:51 DEBUG:    EVENT NUM 1445  current_time = 00:13:36   CLOSE_ORDER           [queue size = 36]
2026-07-12 14:08:51 DEBUG: Order 68 closed at workstation 8: flow_time = 816.4 s.     [order_buffer = 0] [open_orders = 0/4]
2026-07-12 14:08:51 DEBUG:    EVENT NUM 1446  current_time = 00:13:36   RETURN_POD            [queue size = 35]
2026-07-12 14:08:51 DEBUG: Pod 414 returned. Robot 30 idle.   [idle robots = 7/40, released tasks = 3]
2026-07-12 14:08:51 DEBUG:    EVENT NUM 1447  current_time = 00:13:36   START_TASK            [queue size = 35]
2026-07-12 14:08:51 DEBUG: Task 170 blocked: pod 115 not idle.  [released tasks = 2]
2026-07-12 14:08:51 DEBUG: Task 171 blocked: pod 175 not idle.  [released tasks = 1]
2026-07-12 14:08:51 DEBUG: Task 174 blocked: pod 331 not idle.  [released tasks = 0]
2026-07-12 14:08:51 DEBUG:    EVENT NUM 1448  current_time = 00:13:37   ARRIVAL_POD_WST       [queue size = 34]
2026-07-12 14:08:51 DEBUG: Pod 590 arrived at workstation 11 - status = BUSY
2026-07-12 14:08:51 DEBUG: Pod queued at workstation.    [picking_buffer = {184: 817.9222670714187}]
2026-07-12 14:08:51 DEBUG:    EVENT NUM 1449  current_time = 00:13:39   END_PICKING           [queue size = 33]
2026-07-12 14:08:51 DEBUG: Ended picking at workstation 7.    [picking_buffer len = {}]
2026-07-12 14:08:51 DEBUG: Task should have served orders {26}, found open orders {26, 43}.
2026-07-12 14:08:51 DEBUG: Task 173 completed: pod 227 returning to storage.
2026-07-12 14:08:51 DEBUG:    EVENT NUM 1450  current_time = 00:13:40   ARRIVAL_ORDER         [queue size = 33]
2026-07-12 14:08:51 DEBUG: Order 181 arrived: items_required = [1825].     [orders_in_system = 89]
2026-07-12 14:08:51 DEBUG:    EVENT NUM 1451  current_time = 00:13:41   RETURN_POD            [queue size = 33]
2026-07-12 14:08:51 DEBUG: Pod 175 returned. Robot 35 idle.   [idle robots = 8/40, released tasks = 3]
2026-07-12 14:08:51 DEBUG:    EVENT NUM 1452  current_time = 00:13:41   START_TASK            [queue size = 33]
2026-07-12 14:08:51 DEBUG: Task 170 blocked: pod 115 not idle.  [released tasks = 2]
2026-07-12 14:08:51 DEBUG: Task 171 started: robot 35 → pod 175 → workstation 11 for orders {51} (arrival = 939.9 s).   [idle robots = 7/40]
2026-07-12 14:08:51 DEBUG:    EVENT NUM 1453  current_time = 00:13:43   END_PICKING           [queue size = 33]
2026-07-12 14:08:51 DEBUG: Ended picking at workstation 10.    [picking_buffer len = {}]
2026-07-12 14:08:51 DEBUG: Task should have served orders {0}, found open orders {0, 94}.
2026-07-12 14:08:51 DEBUG: Task 177 completed: pod 805 returning to storage.
2026-07-12 14:08:51 DEBUG:    EVENT NUM 1454  current_time = 00:13:45   ARRIVAL_POD_WST       [queue size = 33]
2026-07-12 14:08:51 DEBUG: Pod 366 arrived at workstation 7 - status = IDLE
2026-07-12 14:08:51 DEBUG: Pod queued at workstation.    [picking_buffer = {172: 825.6093445651053}]
2026-07-12 14:08:51 DEBUG:    EVENT NUM 1455  current_time = 00:13:45   START_PICKING         [queue size = 33]
2026-07-12 14:08:51 DEBUG: Processing task 172 at workstation 7: picking items {6996} for orders {26}
2026-07-12 14:08:51 DEBUG:    EVENT NUM 1456  current_time = 00:13:46   END_PICKING           [queue size = 33]
2026-07-12 14:08:51 DEBUG: Ended picking at workstation 11.    [picking_buffer len = {184: 817.9222670714187}]
2026-07-12 14:08:51 DEBUG: Task should have served orders {51}, found open orders {44, 82, 51}.
2026-07-12 14:08:51 DEBUG: Task 175 completed: pod 761 returning to storage.
2026-07-12 14:08:51 DEBUG:    EVENT NUM 1457  current_time = 00:13:46   START_PICKING         [queue size = 34]
2026-07-12 14:08:51 DEBUG: Processing task 184 at workstation 11: picking items {3794} for orders {44}
2026-07-12 14:08:51 DEBUG:    EVENT NUM 1458  current_time = 00:13:47   RETURN_POD            [queue size = 34]
2026-07-12 14:08:51 DEBUG: Pod 359 returned. Robot 7 idle.   [idle robots = 8/40, released tasks = 2]
2026-07-12 14:08:51 DEBUG:    EVENT NUM 1459  current_time = 00:13:47   START_TASK            [queue size = 34]
2026-07-12 14:08:51 DEBUG: Task 170 blocked: pod 115 not idle.  [released tasks = 1]
2026-07-12 14:08:51 DEBUG: Task 174 blocked: pod 331 not idle.  [released tasks = 0]
2026-07-12 14:08:51 DEBUG:    EVENT NUM 1460  current_time = 00:13:50   ARRIVAL_ORDER         [queue size = 33]
2026-07-12 14:08:51 DEBUG: Order 182 arrived: items_required = [8909, 6539, 6220].     [orders_in_system = 90]
2026-07-12 14:08:51 DEBUG:    EVENT NUM 1461  current_time = 00:13:51   RETURN_POD            [queue size = 33]
2026-07-12 14:08:51 DEBUG: Pod 350 returned. Robot 9 idle.   [idle robots = 9/40, released tasks = 2]
2026-07-12 14:08:51 DEBUG:    EVENT NUM 1462  current_time = 00:13:51   START_TASK            [queue size = 33]
2026-07-12 14:08:51 DEBUG: Task 170 blocked: pod 115 not idle.  [released tasks = 1]
2026-07-12 14:08:51 DEBUG: Task 174 blocked: pod 331 not idle.  [released tasks = 0]
2026-07-12 14:08:51 DEBUG:    EVENT NUM 1463  current_time = 00:13:55   END_PICKING           [queue size = 32]
2026-07-12 14:08:51 DEBUG: Ended picking at workstation 7.    [picking_buffer len = {}]
2026-07-12 14:08:51 DEBUG: Task should have served orders {26}, found open orders {26, 43}.
2026-07-12 14:08:51 DEBUG: Task 172 completed: pod 366 returning to storage.
2026-07-12 14:08:51 DEBUG:    EVENT NUM 1464  current_time = 00:13:56   END_PICKING           [queue size = 32]
2026-07-12 14:08:51 DEBUG: Ended picking at workstation 11.    [picking_buffer len = {}]
2026-07-12 14:08:51 DEBUG: Task should have served orders {44}, found open orders {44, 82, 51}.
2026-07-12 14:08:51 DEBUG: Task 184 completed: pod 590 returning to storage.
2026-07-12 14:08:51 DEBUG:    EVENT NUM 1465  current_time = 00:13:57   ARRIVAL_POD_WST       [queue size = 32]
2026-07-12 14:08:51 DEBUG: Pod 326 arrived at workstation 7 - status = IDLE
2026-07-12 14:08:51 DEBUG: Pod queued at workstation.    [picking_buffer = {169: 837.741574706545}]
2026-07-12 14:08:51 DEBUG:    EVENT NUM 1466  current_time = 00:13:57   START_PICKING         [queue size = 32]
2026-07-12 14:08:51 DEBUG: Processing task 169 at workstation 7: picking items {6720} for orders {26}
2026-07-12 14:08:51 DEBUG:    EVENT NUM 1467  current_time = 00:13:59   RETURN_POD            [queue size = 32]
2026-07-12 14:08:51 DEBUG: Pod 897 returned. Robot 6 idle.   [idle robots = 10/40, released tasks = 2]
2026-07-12 14:08:51 DEBUG:    EVENT NUM 1468  current_time = 00:13:59   START_TASK            [queue size = 32]
2026-07-12 14:08:51 DEBUG: Task 170 blocked: pod 115 not idle.  [released tasks = 1]
2026-07-12 14:08:51 DEBUG: Task 174 blocked: pod 331 not idle.  [released tasks = 0]
2026-07-12 14:08:51 DEBUG:    EVENT NUM 1469  current_time = 00:14:00   ARRIVAL_ORDER         [queue size = 31]
2026-07-12 14:08:51 DEBUG: Order 183 arrived: items_required = [3646, 7533, 5315].     [orders_in_system = 91]
2026-07-12 14:08:51 DEBUG:    EVENT NUM 1470  current_time = 00:14:02   ARRIVAL_POD_WST       [queue size = 31]
2026-07-12 14:08:51 DEBUG: Pod 597 arrived at workstation 11 - status = IDLE
2026-07-12 14:08:51 DEBUG: Pod queued at workstation.    [picking_buffer = {182: 842.7763034711933}]
2026-07-12 14:08:51 DEBUG:    EVENT NUM 1471  current_time = 00:14:02   START_PICKING         [queue size = 31]
2026-07-12 14:08:51 DEBUG: Processing task 182 at workstation 11: picking items {3814} for orders {44}
2026-07-12 14:08:51 DEBUG:    EVENT NUM 1472  current_time = 00:14:07   END_PICKING           [queue size = 31]
2026-07-12 14:08:51 DEBUG: Ended picking at workstation 7.    [picking_buffer len = {}]
2026-07-12 14:08:51 DEBUG: Task should have served orders {26}, found open orders {26, 43}.
2026-07-12 14:08:51 DEBUG: Task 169 completed: pod 326 returning to storage.
2026-07-12 14:08:51 DEBUG:    EVENT NUM 1473  current_time = 00:14:07   CLOSE_ORDER           [queue size = 32]
2026-07-12 14:08:51 DEBUG: Order 26 closed at workstation 7: flow_time = 847.7 s.     [order_buffer = 0] [open_orders = 1/4]
2026-07-12 14:08:51 DEBUG:    EVENT NUM 1474  current_time = 00:14:10   ARRIVAL_ORDER         [queue size = 31]
2026-07-12 14:08:51 DEBUG: Order 184 arrived: items_required = [342, 11986].     [orders_in_system = 91]
2026-07-12 14:08:51 DEBUG:    EVENT NUM 1475  current_time = 00:14:10   RETURN_POD            [queue size = 31]
2026-07-12 14:08:51 DEBUG: Pod 853 returned. Robot 14 idle.   [idle robots = 11/40, released tasks = 2]
2026-07-12 14:08:51 DEBUG:    EVENT NUM 1476  current_time = 00:14:10   START_TASK            [queue size = 31]
2026-07-12 14:08:51 DEBUG: Task 170 blocked: pod 115 not idle.  [released tasks = 1]
2026-07-12 14:08:51 DEBUG: Task 174 blocked: pod 331 not idle.  [released tasks = 0]
2026-07-12 14:08:51 DEBUG:    EVENT NUM 1477  current_time = 00:14:12   END_PICKING           [queue size = 30]
2026-07-12 14:08:51 DEBUG: Ended picking at workstation 11.    [picking_buffer len = {}]
2026-07-12 14:08:51 DEBUG: Task should have served orders {44}, found open orders {44, 82, 51}.
2026-07-12 14:08:51 DEBUG: Task 182 completed: pod 597 returning to storage.
2026-07-12 14:08:51 DEBUG:    EVENT NUM 1478  current_time = 00:14:12   CLOSE_ORDER           [queue size = 31]
2026-07-12 14:08:51 DEBUG: Order 44 closed at workstation 11: flow_time = 852.8 s.     [order_buffer = 0] [open_orders = 2/4]
2026-07-12 14:08:51 DEBUG:    EVENT NUM 1479  current_time = 00:14:14   RETURN_POD            [queue size = 30]
2026-07-12 14:08:51 DEBUG: Pod 87 returned. Robot 2 idle.   [idle robots = 12/40, released tasks = 2]
2026-07-12 14:08:51 DEBUG:    EVENT NUM 1480  current_time = 00:14:14   START_TASK            [queue size = 30]
2026-07-12 14:08:51 DEBUG: Task 170 blocked: pod 115 not idle.  [released tasks = 1]
2026-07-12 14:08:51 DEBUG: Task 174 blocked: pod 331 not idle.  [released tasks = 0]
2026-07-12 14:08:51 DEBUG:    EVENT NUM 1481  current_time = 00:14:15   RETURN_POD            [queue size = 29]
2026-07-12 14:08:51 DEBUG: Pod 748 returned. Robot 0 idle.   [idle robots = 13/40, released tasks = 2]
2026-07-12 14:08:51 DEBUG:    EVENT NUM 1482  current_time = 00:14:15   START_TASK            [queue size = 29]
2026-07-12 14:08:51 DEBUG: Task 170 blocked: pod 115 not idle.  [released tasks = 1]
2026-07-12 14:08:51 DEBUG: Task 174 blocked: pod 331 not idle.  [released tasks = 0]
2026-07-12 14:08:51 DEBUG:    EVENT NUM 1483  current_time = 00:14:18   RETURN_POD            [queue size = 28]
2026-07-12 14:08:51 DEBUG: Pod 395 returned. Robot 23 idle.   [idle robots = 14/40, released tasks = 2]
2026-07-12 14:08:51 DEBUG:    EVENT NUM 1484  current_time = 00:14:18   START_TASK            [queue size = 28]
2026-07-12 14:08:51 DEBUG: Task 170 blocked: pod 115 not idle.  [released tasks = 1]
2026-07-12 14:08:51 DEBUG: Task 174 blocked: pod 331 not idle.  [released tasks = 0]
2026-07-12 14:08:51 DEBUG:    EVENT NUM 1485  current_time = 00:14:20   ARRIVAL_ORDER         [queue size = 27]
2026-07-12 14:08:51 DEBUG: Order 185 arrived: items_required = [11834, 6220].     [orders_in_system = 91]
2026-07-12 14:08:51 DEBUG:    EVENT NUM 1486  current_time = 00:14:21   RETURN_POD            [queue size = 27]
2026-07-12 14:08:51 DEBUG: Pod 195 returned. Robot 16 idle.   [idle robots = 15/40, released tasks = 2]
2026-07-12 14:08:51 DEBUG:    EVENT NUM 1487  current_time = 00:14:21   START_TASK            [queue size = 27]
2026-07-12 14:08:51 DEBUG: Task 170 blocked: pod 115 not idle.  [released tasks = 1]
2026-07-12 14:08:51 DEBUG: Task 174 blocked: pod 331 not idle.  [released tasks = 0]
2026-07-12 14:08:51 DEBUG:    EVENT NUM 1488  current_time = 00:14:27   RETURN_POD            [queue size = 26]
2026-07-12 14:08:51 DEBUG: Pod 66 returned. Robot 10 idle.   [idle robots = 16/40, released tasks = 2]
2026-07-12 14:08:51 DEBUG:    EVENT NUM 1489  current_time = 00:14:27   START_TASK            [queue size = 26]
2026-07-12 14:08:51 DEBUG: Task 170 blocked: pod 115 not idle.  [released tasks = 1]
2026-07-12 14:08:51 DEBUG: Task 174 blocked: pod 331 not idle.  [released tasks = 0]
2026-07-12 14:08:51 DEBUG:    EVENT NUM 1490  current_time = 00:14:28   ARRIVAL_POD_WST       [queue size = 25]
2026-07-12 14:08:51 DEBUG: Pod 252 arrived at workstation 7 - status = IDLE
2026-07-12 14:08:51 DEBUG: Pod queued at workstation.    [picking_buffer = {181: 868.2696975087531}]
2026-07-12 14:08:51 DEBUG:    EVENT NUM 1491  current_time = 00:14:28   START_PICKING         [queue size = 25]
2026-07-12 14:08:51 DEBUG: Processing task 181 at workstation 7: picking items {5412} for orders {43}
2026-07-12 14:08:51 DEBUG:    EVENT NUM 1492  current_time = 00:14:30   ARRIVAL_ORDER         [queue size = 25]
2026-07-12 14:08:51 DEBUG: Order 186 arrived: items_required = [7712, 9844, 4061, 2754].     [orders_in_system = 92]
2026-07-12 14:08:51 DEBUG:    EVENT NUM 1493  current_time = 00:14:30   RETURN_POD            [queue size = 25]
2026-07-12 14:08:51 DEBUG: Pod 253 returned. Robot 19 idle.   [idle robots = 17/40, released tasks = 2]
2026-07-12 14:08:51 DEBUG:    EVENT NUM 1494  current_time = 00:14:30   START_TASK            [queue size = 25]
2026-07-12 14:08:51 DEBUG: Task 170 blocked: pod 115 not idle.  [released tasks = 1]
2026-07-12 14:08:51 DEBUG: Task 174 blocked: pod 331 not idle.  [released tasks = 0]
2026-07-12 14:08:51 DEBUG:    EVENT NUM 1495  current_time = 00:14:34   RETURN_POD            [queue size = 24]
2026-07-12 14:08:51 DEBUG: Pod 380 returned. Robot 27 idle.   [idle robots = 18/40, released tasks = 2]
2026-07-12 14:08:51 DEBUG:    EVENT NUM 1496  current_time = 00:14:34   START_TASK            [queue size = 24]
2026-07-12 14:08:51 DEBUG: Task 170 blocked: pod 115 not idle.  [released tasks = 1]
2026-07-12 14:08:51 DEBUG: Task 174 blocked: pod 331 not idle.  [released tasks = 0]
2026-07-12 14:08:51 DEBUG:    EVENT NUM 1497  current_time = 00:14:37   ARRIVAL_POD_WST       [queue size = 23]
2026-07-12 14:08:51 DEBUG: Pod 83 arrived at workstation 11 - status = IDLE
2026-07-12 14:08:51 DEBUG: Pod queued at workstation.    [picking_buffer = {180: 877.5076519674221}]
2026-07-12 14:08:51 DEBUG:    EVENT NUM 1498  current_time = 00:14:37   START_PICKING         [queue size = 23]
2026-07-12 14:08:51 DEBUG: Processing task 180 at workstation 11: picking items {4958} for orders {82}
2026-07-12 14:08:51 DEBUG:    EVENT NUM 1499  current_time = 00:14:38   END_PICKING           [queue size = 23]
2026-07-12 14:08:51 DEBUG: Ended picking at workstation 7.    [picking_buffer len = {}]
2026-07-12 14:08:51 DEBUG: Task should have served orders {43}, found open orders {43}.
2026-07-12 14:08:51 DEBUG: Task 181 completed: pod 252 returning to storage.
2026-07-12 14:08:51 DEBUG:    EVENT NUM 1500  current_time = 00:14:40   ARRIVAL_ORDER         [queue size = 23]
2026-07-12 14:08:51 DEBUG: Order 187 arrived: items_required = [8753].     [orders_in_system = 93]
2026-07-12 14:08:51 DEBUG:    EVENT NUM 1501  current_time = 00:14:41   RETURN_POD            [queue size = 23]
2026-07-12 14:08:51 DEBUG: Pod 590 returned. Robot 36 idle.   [idle robots = 19/40, released tasks = 2]
2026-07-12 14:08:51 DEBUG:    EVENT NUM 1502  current_time = 00:14:41   START_TASK            [queue size = 23]
2026-07-12 14:08:51 DEBUG: Task 170 blocked: pod 115 not idle.  [released tasks = 1]
2026-07-12 14:08:51 DEBUG: Task 174 blocked: pod 331 not idle.  [released tasks = 0]
2026-07-12 14:08:51 DEBUG:    EVENT NUM 1503  current_time = 00:14:42   ARRIVAL_POD_WST       [queue size = 22]
2026-07-12 14:08:51 DEBUG: Pod 53 arrived at workstation 10 - status = IDLE
2026-07-12 14:08:51 DEBUG: Pod queued at workstation.    [picking_buffer = {179: 882.5502350630258}]
2026-07-12 14:08:51 DEBUG:    EVENT NUM 1504  current_time = 00:14:42   START_PICKING         [queue size = 22]
2026-07-12 14:08:51 DEBUG: Processing task 179 at workstation 10: picking items {5662} for orders {94}
2026-07-12 14:08:51 DEBUG:    EVENT NUM 1505  current_time = 00:14:46   RETURN_POD            [queue size = 22]
2026-07-12 14:08:51 DEBUG: Pod 805 returned. Robot 34 idle.   [idle robots = 20/40, released tasks = 2]
2026-07-12 14:08:51 DEBUG:    EVENT NUM 1506  current_time = 00:14:46   START_TASK            [queue size = 22]
2026-07-12 14:08:51 DEBUG: Task 170 blocked: pod 115 not idle.  [released tasks = 1]
2026-07-12 14:08:51 DEBUG: Task 174 blocked: pod 331 not idle.  [released tasks = 0]
2026-07-12 14:08:51 DEBUG:    EVENT NUM 1507  current_time = 00:14:46   ARRIVAL_POD_WST       [queue size = 21]
2026-07-12 14:08:51 DEBUG: Pod 721 arrived at workstation 10 - status = BUSY
2026-07-12 14:08:51 DEBUG: Pod queued at workstation.    [picking_buffer = {178: 886.5892464941846}]
2026-07-12 14:08:51 DEBUG:    EVENT NUM 1508  current_time = 00:14:47   END_PICKING           [queue size = 20]
2026-07-12 14:08:51 DEBUG: Ended picking at workstation 11.    [picking_buffer len = {}]
2026-07-12 14:08:51 DEBUG: Task should have served orders {82}, found open orders {82, 51}.
2026-07-12 14:08:51 DEBUG: Task 180 completed: pod 83 returning to storage.
2026-07-12 14:08:51 DEBUG:    EVENT NUM 1509  current_time = 00:14:48   ARRIVAL_POD_WST       [queue size = 20]
2026-07-12 14:08:51 DEBUG: Pod 362 arrived at workstation 11 - status = IDLE
2026-07-12 14:08:51 DEBUG: Pod queued at workstation.    [picking_buffer = {168: 888.1088616892318}]
2026-07-12 14:08:51 DEBUG:    EVENT NUM 1510  current_time = 00:14:48   START_PICKING         [queue size = 20]
2026-07-12 14:08:51 DEBUG: Processing task 168 at workstation 11: picking items {11846} for orders {51}
2026-07-12 14:08:51 DEBUG:    EVENT NUM 1511  current_time = 00:14:50   ARRIVAL_ORDER         [queue size = 20]
2026-07-12 14:08:51 DEBUG: Order 188 arrived: items_required = [11428, 5607, 6663].     [orders_in_system = 94]
2026-07-12 14:08:51 DEBUG:    EVENT NUM 1512  current_time = 00:14:52   END_PICKING           [queue size = 20]
2026-07-12 14:08:51 DEBUG: Ended picking at workstation 10.    [picking_buffer len = {178: 886.5892464941846}]
2026-07-12 14:08:51 DEBUG: Task should have served orders {94}, found open orders {0, 94}.
2026-07-12 14:08:51 DEBUG: Task 179 completed: pod 53 returning to storage.
2026-07-12 14:08:51 DEBUG:    EVENT NUM 1513  current_time = 00:14:52   START_PICKING         [queue size = 21]
2026-07-12 14:08:51 DEBUG: Processing task 178 at workstation 10: picking items {12321} for orders {94}
2026-07-12 14:08:51 DEBUG:    EVENT NUM 1514  current_time = 00:14:58   END_PICKING           [queue size = 21]
2026-07-12 14:08:51 DEBUG: Ended picking at workstation 11.    [picking_buffer len = {}]
2026-07-12 14:08:51 DEBUG: Task should have served orders {51}, found open orders {82, 51}.
2026-07-12 14:08:51 DEBUG: Task 168 completed: pod 362 returning to storage.
2026-07-12 14:08:51 DEBUG:    EVENT NUM 1515  current_time = 00:14:58   RETURN_POD            [queue size = 21]
2026-07-12 14:08:51 DEBUG: Pod 115 returned. Robot 4 idle.   [idle robots = 21/40, released tasks = 2]
2026-07-12 14:08:51 DEBUG:    EVENT NUM 1516  current_time = 00:14:58   START_TASK            [queue size = 21]
2026-07-12 14:08:51 DEBUG: Task 170 started: robot 4 → pod 115 → workstation 10 for orders {0} (arrival = 1028.3 s).   [idle robots = 20/40]
2026-07-12 14:08:51 DEBUG:    EVENT NUM 1517  current_time = 00:14:59   RETURN_POD            [queue size = 21]
2026-07-12 14:08:51 DEBUG: Pod 335 returned. Robot 12 idle.   [idle robots = 21/40, released tasks = 1]
2026-07-12 14:08:51 DEBUG:    EVENT NUM 1518  current_time = 00:14:59   START_TASK            [queue size = 21]
2026-07-12 14:08:51 DEBUG: Task 174 blocked: pod 331 not idle.  [released tasks = 0]
2026-07-12 14:08:51 DEBUG:    EVENT NUM 1519  current_time = 00:14:59   RETURN_POD            [queue size = 20]
2026-07-12 14:08:51 DEBUG: Pod 415 returned. Robot 8 idle.   [idle robots = 22/40, released tasks = 1]
2026-07-12 14:08:51 DEBUG:    EVENT NUM 1520  current_time = 00:14:59   START_TASK            [queue size = 20]
2026-07-12 14:08:51 DEBUG: Task 174 blocked: pod 331 not idle.  [released tasks = 0]
2026-07-12 14:08:51 DEBUG:    EVENT NUM 1521  current_time = 00:15:00   ARRIVAL_ORDER         [queue size = 19]
2026-07-12 14:08:51 DEBUG: Order 189 arrived: items_required = [2665, 4685, 3261, 9894, 9871].     [orders_in_system = 95]
2026-07-12 14:08:51 DEBUG:    EVENT NUM 1522  current_time = 00:15:01   RUN_OPTIMIZER         [queue size = 19]
2026-07-12 14:08:51 INFO: Solving stage 1 ... 
2026-07-12 14:08:51 INFO: [ls_stage1] Building initial solution ...
2026-07-12 14:08:51 INFO: [ls_stage1] Retry initial solution (2/10)
2026-07-12 14:08:51 INFO: [ls_stage1] Initial objective = 258.1200
2026-07-12 14:08:51 WARNING: 
Variables size:
  shape x = (198, 900)
  shape y = (12, 900)
  shape z = (91, 12)
  constraints_satisfied = 2138714

2026-07-12 14:08:54 INFO: [ls_stage1] Iter 1: IMPROVEMENT move=('swap', 36, 56) obj=255.5300
2026-07-12 14:08:57 INFO: [ls_stage1] Iter 2: IMPROVEMENT move=('moveto', 73, 11) obj=253.9700
2026-07-12 14:09:00 INFO: [ls_stage1] Iter 3: IMPROVEMENT move=('swap', 44, 69) obj=251.2200
2026-07-12 14:09:03 INFO: [ls_stage1] Iter 4: IMPROVEMENT move=('swap', 66, 90) obj=249.7000
2026-07-12 14:09:06 INFO: [ls_stage1] Iter 5: IMPROVEMENT move=('swap', 3, 54) obj=247.1000
2026-07-12 14:09:09 INFO: [ls_stage1] Iter 6: IMPROVEMENT move=('swap', 4, 84) obj=245.7400
2026-07-12 14:09:12 INFO: [ls_stage1] Iter 7: IMPROVEMENT move=('swap', 43, 59) obj=243.1900
2026-07-12 14:09:15 INFO: [ls_stage1] Iter 8: IMPROVEMENT move=('swap', 63, 82) obj=241.6300
2026-07-12 14:09:19 INFO: [ls_stage1] Iter 9: IMPROVEMENT move=('swap', 10, 62) obj=240.2200
2026-07-12 14:09:22 INFO: [ls_stage1] Iter 10: IMPROVEMENT move=('moveto', 83, 8) obj=238.9300
2026-07-12 14:09:25 INFO: [ls_stage1] Iter 11: IMPROVEMENT move=('swap', 8, 24) obj=237.3300
2026-07-12 14:09:28 INFO: [ls_stage1] Iter 12: IMPROVEMENT move=('moveto', 78, 4) obj=236.0300
2026-07-12 14:09:31 INFO: [ls_stage1] Iter 13: IMPROVEMENT move=('swap', 2, 37) obj=235.4700
2026-07-12 14:09:34 INFO: [ls_stage1] Iter 14: IMPROVEMENT move=('swap', 49, 53) obj=234.3200
2026-07-12 14:09:37 INFO: [ls_stage1] Iter 15: IMPROVEMENT move=('swap', 50, 51) obj=233.9000
2026-07-12 14:09:40 INFO: [ls_stage1] Iter 16: IMPROVEMENT move=('moveto', 37, 9) obj=232.6900
2026-07-12 14:09:43 INFO: [ls_stage1] Iter 17: IMPROVEMENT move=('swap', 71, 87) obj=232.2900
2026-07-12 14:09:46 INFO: [ls_stage1] Iter 18: IMPROVEMENT move=('repod', 173, 858) obj=231.0500
2026-07-12 14:09:49 INFO: [ls_stage1] Iter 19: IMPROVEMENT move=('repod', 62, 789) obj=230.7100
2026-07-12 14:09:52 INFO: [ls_stage1] Iter 20: IMPROVEMENT move=('repod', 2, 737) obj=230.4300
2026-07-12 14:09:55 INFO: [ls_stage1] Iter 21: IMPROVEMENT move=('repod', 50, 641) obj=230.1400
2026-07-12 14:09:58 INFO: [ls_stage1] Iter 22: IMPROVEMENT move=('repod', 131, 705) obj=229.7800
2026-07-12 14:10:01 INFO: [ls_stage1] Iter 23: IMPROVEMENT move=('repod', 147, 678) obj=229.5000
2026-07-12 14:10:04 INFO: [ls_stage1] Iter 24: IMPROVEMENT move=('repod', 185, 787) obj=229.2400
2026-07-12 14:10:07 INFO: [ls_stage1] Iter 25: IMPROVEMENT move=('swap', 33, 50) obj=228.1200
2026-07-12 14:10:10 INFO: [ls_stage1] Iter 26: IMPROVEMENT move=('swap', 4, 33) obj=227.4600
2026-07-12 14:10:14 INFO: [ls_stage1] Iter 27: IMPROVEMENT move=('moveto', 6, 11) obj=227.1400
2026-07-12 14:10:17 INFO: [ls_stage1] Iter 28: IMPROVEMENT move=('repod', 54, 516) obj=226.6900
2026-07-12 14:10:20 INFO: [ls_stage1] Iter 29: IMPROVEMENT move=('swap', 9, 41) obj=226.4100
2026-07-12 14:10:23 INFO: [ls_stage1] Iter 30: IMPROVEMENT move=('repod', 110, 763) obj=226.0400
2026-07-12 14:10:26 INFO: [ls_stage1] Iter 31: IMPROVEMENT move=('moveto', 64, 6) obj=225.9200
2026-07-12 14:10:29 INFO: [ls_stage1] Iter 32: IMPROVEMENT move=('repod', 45, 734) obj=225.7600
2026-07-12 14:10:32 INFO: [ls_stage1] Iter 33: IMPROVEMENT move=('repod', 21, 193) obj=225.4800
2026-07-12 14:10:35 INFO: [ls_stage1] Iter 34: IMPROVEMENT move=('repod', 169, 847) obj=225.2500
2026-07-12 14:10:38 INFO: [ls_stage1] Iter 35: IMPROVEMENT move=('moveto', 75, 9) obj=225.0900
2026-07-12 14:10:41 INFO: [ls_stage1] Iter 36: IMPROVEMENT move=('moveto', 13, 11) obj=224.9700
2026-07-12 14:10:44 INFO: [ls_stage1] Iter 37: IMPROVEMENT move=('repod', 89, 818) obj=224.7400
2026-07-12 14:10:47 INFO: [ls_stage1] Iter 38: IMPROVEMENT move=('repod', 116, 785) obj=224.6500
2026-07-12 14:10:50 INFO: [ls_stage1] Iter 39: IMPROVEMENT move=('repod', 137, 550) obj=224.4000
2026-07-12 14:10:53 INFO: [ls_stage1] Iter 40: IMPROVEMENT move=('moveto', 87, 1) obj=224.2800
2026-07-12 14:10:56 INFO: [ls_stage1] Iter 41: IMPROVEMENT move=('swap', 72, 88) obj=224.1800
2026-07-12 14:10:59 INFO: [ls_stage1] Iter 42: IMPROVEMENT move=('moveto', 28, 0) obj=224.1000
2026-07-12 14:11:02 INFO: [ls_stage1] Iter 43: IMPROVEMENT move=('moveto', 11, 11) obj=224.0000
2026-07-12 14:11:05 INFO: [ls_stage1] Iter 44: IMPROVEMENT move=('moveto', 45, 3) obj=223.9400
2026-07-12 14:11:08 INFO: [ls_stage1] Iter 45: IMPROVEMENT move=('swap', 47, 60) obj=222.7800
2026-07-12 14:11:11 INFO: [ls_stage1] Iter 46: IMPROVEMENT move=('repod', 69, 458) obj=222.6400
2026-07-12 14:11:14 INFO: [ls_stage1] Iter 47: IMPROVEMENT move=('swap', 11, 71) obj=222.5600
2026-07-12 14:11:18 INFO: [ls_stage1] Iter 48: IMPROVEMENT move=('moveto', 47, 8) obj=222.4600
2026-07-12 14:11:21 INFO: [ls_stage1] Iter 49: IMPROVEMENT move=('repod', 82, 683) obj=222.2500
2026-07-12 14:11:24 INFO: [ls_stage1] Iter 50: IMPROVEMENT move=('repod', 124, 551) obj=222.1500
2026-07-12 14:11:27 INFO: [ls_stage1] Iter 51: IMPROVEMENT move=('repod', 113, 760) obj=221.9500
2026-07-12 14:11:30 INFO: [ls_stage1] Iter 52: IMPROVEMENT move=('swap', 14, 55) obj=221.8700
2026-07-12 14:11:33 INFO: [ls_stage1] Iter 53: IMPROVEMENT move=('repod', 42, 711) obj=221.7800
2026-07-12 14:11:36 INFO: [ls_stage1] Iter 54: IMPROVEMENT move=('repod', 23, 798) obj=221.6100
2026-07-12 14:11:39 INFO: [ls_stage1] Iter 55: IMPROVEMENT move=('swap', 22, 70) obj=221.5500
2026-07-12 14:11:42 INFO: [ls_stage1] Iter 56: IMPROVEMENT move=('swap', 45, 67) obj=221.5100
2026-07-12 14:11:45 INFO: [ls_stage1] Iter 57: IMPROVEMENT move=('repod', 138, 526) obj=221.4000
2026-07-12 14:11:48 INFO: [ls_stage1] Iter 58: IMPROVEMENT move=('swap', 51, 85) obj=221.3600
2026-07-12 14:11:51 INFO: [ls_stage1] Iter 59: IMPROVEMENT move=('moveto', 64, 11) obj=221.2600
2026-07-12 14:11:54 INFO: [ls_stage1] Iter 60: IMPROVEMENT move=('swap', 25, 27) obj=221.1100
2026-07-12 14:11:58 INFO: [ls_stage1] Iter 61: IMPROVEMENT move=('moveto', 39, 11) obj=221.0500
2026-07-12 14:12:01 INFO: [ls_stage1] Iter 62: IMPROVEMENT move=('swap', 25, 29) obj=219.8900
2026-07-12 14:12:04 INFO: [ls_stage1] Iter 63: IMPROVEMENT move=('swap', 46, 89) obj=219.8700
2026-07-12 14:12:07 INFO: [ls_stage1] Iter 64: IMPROVEMENT move=('swap', 42, 45) obj=219.8500
2026-07-12 14:12:10 INFO: [ls_stage1] Iter 65: IMPROVEMENT move=('swap', 32, 61) obj=219.7900
2026-07-12 14:12:13 INFO: [ls_stage1] Iter 66: IMPROVEMENT move=('moveto', 67, 1) obj=219.7500
2026-07-12 14:12:16 INFO: [ls_stage1] Iter 67: IMPROVEMENT move=('swap', 14, 38) obj=219.7100
2026-07-12 14:12:19 INFO: [ls_stage1] Iter 68: IMPROVEMENT move=('repod', 119, 465) obj=219.6400
2026-07-12 14:12:22 INFO: [ls_stage1] Iter 69: IMPROVEMENT move=('repod', 108, 627) obj=219.5700
2026-07-12 14:12:25 INFO: [ls_stage1] Iter 70: IMPROVEMENT move=('moveto', 45, 9) obj=219.5300
2026-07-12 14:12:28 INFO: [ls_stage1] Iter 71: IMPROVEMENT move=('repod', 127, 786) obj=219.3600
2026-07-12 14:12:31 INFO: [ls_stage1] Iter 72: IMPROVEMENT move=('repod', 73, 627) obj=219.3300
2026-07-12 14:12:34 INFO: [ls_stage1] Iter 73: IMPROVEMENT move=('swap', 79, 87) obj=219.3100
2026-07-12 14:12:37 INFO: [ls_stage1] Iter 74: IMPROVEMENT move=('swap', 2, 62) obj=219.2900
2026-07-12 14:12:40 INFO: [ls_stage1] Iter 75: IMPROVEMENT move=('repod', 170, 482) obj=219.2400
2026-07-12 14:12:43 INFO: [ls_stage1] Iter 76: IMPROVEMENT move=('moveto', 13, 10) obj=219.2200
2026-07-12 14:12:46 INFO: [ls_stage1] Iter 77: IMPROVEMENT move=('swap', 23, 35) obj=219.1800
2026-07-12 14:12:49 INFO: [ls_stage1] Iter 78: IMPROVEMENT move=('repod', 34, 804) obj=219.1300
2026-07-12 14:12:52 INFO: [ls_stage1] Iter 79: IMPROVEMENT move=('swap', 20, 53) obj=219.0900
2026-07-12 14:12:55 INFO: [ls_stage1] Iter 80: IMPROVEMENT move=('moveto', 9, 0) obj=219.0700
2026-07-12 14:12:58 INFO: [ls_stage1] Iter 81: PLATEAU move=('swap', 31, 37) obj=219.0700
2026-07-12 14:13:01 INFO: [ls_stage1] Iter 82: IMPROVEMENT move=('swap', 22, 45) obj=219.0500
2026-07-12 14:13:04 INFO: [ls_stage1] Iter 83: IMPROVEMENT move=('swap', 29, 53) obj=219.0100
2026-07-12 14:13:07 INFO: [ls_stage1] Iter 84: IMPROVEMENT move=('moveto', 1, 7) obj=218.9900
2026-07-12 14:13:10 INFO: [ls_stage1] Iter 85: IMPROVEMENT move=('moveto', 11, 10) obj=218.9700
2026-07-12 14:13:13 INFO: [ls_stage1] Iter 86: PLATEAU move=('repod', 152, 74) obj=218.9700
2026-07-12 14:13:16 INFO: [ls_stage1] Iter 87: PLATEAU move=('swap', 64, 75) obj=218.9700
2026-07-12 14:13:19 INFO: [ls_stage1] Iter 88: IMPROVEMENT move=('repod', 45, 883) obj=218.9500
2026-07-12 14:13:22 INFO: [ls_stage1] Iter 89: IMPROVEMENT move=('swap', 18, 36) obj=218.6900
2026-07-12 14:13:25 INFO: [ls_stage1] Iter 90: IMPROVEMENT move=('moveto', 64, 10) obj=218.6700
2026-07-12 14:13:28 INFO: [ls_stage1] Iter 91: PLATEAU move=('swap', 26, 43) obj=218.6700
2026-07-12 14:13:31 INFO: [ls_stage1] Iter 92: IMPROVEMENT move=('repod', 84, 277) obj=218.6500
2026-07-12 14:13:34 INFO: [ls_stage1] Iter 93: IMPROVEMENT move=('repod', 70, 720) obj=218.5600
2026-07-12 14:13:37 INFO: [ls_stage1] Iter 94: PLATEAU move=('swap', 19, 24) obj=218.5600
2026-07-12 14:13:40 INFO: [ls_stage1] Iter 95: PLATEAU move=('swap', 41, 45) obj=218.5600
2026-07-12 14:13:43 INFO: [ls_stage1] Iter 96: PLATEAU move=('repod', 136, 192) obj=218.5600
2026-07-12 14:13:46 INFO: [ls_stage1] Iter 97: IMPROVEMENT move=('repod', 33, 266) obj=218.5500
2026-07-12 14:13:49 INFO: [ls_stage1] Iter 98: PLATEAU move=('swap', 38, 87) obj=218.5500
2026-07-12 14:13:52 INFO: [ls_stage1] Iter 99: PLATEAU move=('swap', 14, 67) obj=218.5500
2026-07-12 14:13:55 INFO: [ls_stage1] Iter 100: IMPROVEMENT move=('repod', 3, 899) obj=218.5400
2026-07-12 14:13:55 INFO: [ls_stage1] Final objective = 218.5400
2026-07-12 14:13:55 INFO: Stage 1 solved.
2026-07-12 14:13:55 INFO: Solving stage 2 ... 
2026-07-12 14:13:56 INFO: [ls_stage2] Building initial solution ...
2026-07-12 14:15:08 INFO: [ls_stage2] Feasible initial solution: obj = -121.6671
2026-07-12 14:15:08 WARNING: 
Variables size:
  x shape = (198, 100)
  f0 = (91, 100)
  g0 = (91, 100)
  v0 = (91, 100)
  y shape = (162, 2126086)
  num constraints satisfied = 2944400

2026-07-12 14:16:22 INFO: [ls_stage2] Candidate rejected: move=('order', 56, -2) obj=-113.5511 violations=['EC11']
2026-07-12 14:17:35 INFO: [ls_stage2] Candidate rejected: move=('order', 56, -1) obj=-113.6671 violations=['EC11']
2026-07-12 14:18:48 INFO: [ls_stage2] Candidate rejected: move=('order', 18, -2) obj=-116.5321 violations=['EC11']
2026-07-12 14:18:48 INFO: [ls_stage2] Iter 1: no accepted move (1/5)
2026-07-12 14:20:01 INFO: [ls_stage2] Iter 2: improved move=('multi_item', (np.int64(8), np.int64(176), np.int64(51)), -1) obj=-120.5160
2026-07-12 14:21:15 INFO: [ls_stage2] Candidate rejected: move=('order', 50, -2) obj=-113.3970 violations=['EC11']
2026-07-12 14:22:29 INFO: [ls_stage2] Iter 3: improved move=('order', 7, -1) obj=-117.5160
2026-07-12 14:23:42 INFO: [ls_stage2] Iter 4: improved move=('multi_item', (np.int64(97), np.int64(166), np.int64(0)), -2) obj=-115.2499
2026-07-12 14:24:56 INFO: [ls_stage2] Iter 5: improved move=('order', 49, -2) obj=-112.1304
2026-07-12 14:26:09 INFO: [ls_stage2] Candidate rejected: move=('order', 56, -2) obj=-104.0143 violations=['EC11']
2026-07-12 14:27:22 INFO: [ls_stage2] Candidate rejected: move=('order', 56, -1) obj=-104.1304 violations=['EC11']
2026-07-12 14:28:36 INFO: [ls_stage2] Candidate rejected: move=('order', 18, -1) obj=-107.1304 violations=['EC11']
2026-07-12 14:28:36 INFO: [ls_stage2] Iter 6: no accepted move (1/5)
2026-07-12 14:29:49 INFO: [ls_stage2] Iter 7: improved move=('multi_item', (np.int64(142), np.int64(170), np.int64(72)), -1) obj=-110.0803
2026-07-12 14:31:03 INFO: [ls_stage2] Candidate rejected: move=('order', 50, -2) obj=-102.9613 violations=['EC11']
2026-07-12 14:32:16 INFO: [ls_stage2] Candidate rejected: move=('order', 34, -2) obj=-106.9533 violations=['EC11']
2026-07-12 14:33:30 INFO: [ls_stage2] Candidate rejected: move=('order', 45, -2) obj=-106.9588 violations=['EC11']
2026-07-12 14:33:30 INFO: [ls_stage2] Iter 8: no accepted move (1/5)
2026-07-12 14:34:43 INFO: [ls_stage2] Iter 9: improved move=('multi_item', (np.int64(66), np.int64(37), np.int64(73)), -1) obj=-108.0228
2026-07-12 14:34:45 WARNING: _rebuild_pod_row: pod 627 cannot reach ws 35 by t=99 from 33 t=99 — staying put
2026-07-12 14:35:57 INFO: [ls_stage2] Candidate rejected: move=('order', 50, -2) obj=-100.9037 violations=['EC11', 'EC18']
2026-07-12 14:37:10 INFO: [ls_stage2] Iter 10: improved move=('order', 2, -2) obj=-105.8797
2026-07-12 14:38:23 INFO: [ls_stage2] Candidate rejected: move=('order', 56, -2) obj=-97.7637 violations=['EC11']
2026-07-12 14:39:37 INFO: [ls_stage2] Candidate rejected: move=('order', 56, -1) obj=-97.8797 violations=['EC11']
2026-07-12 14:40:50 INFO: [ls_stage2] Candidate rejected: move=('order', 45, -2) obj=-102.7582 violations=['EC11']
2026-07-12 14:40:50 INFO: [ls_stage2] Iter 11: no accepted move (1/5)
2026-07-12 14:42:03 INFO: [ls_stage2] Candidate rejected: move=('multi_item', (np.int64(141), np.int64(34), np.int64(151)), -1) obj=-102.8797 violations=['EC11']
2026-07-12 14:43:16 INFO: [ls_stage2] Candidate rejected: move=('multi_item', (np.int64(70), np.int64(14), np.int64(141)), -1) obj=-103.8797 violations=['EC11']
2026-07-12 14:44:30 INFO: [ls_stage2] Candidate rejected: move=('multi_item', (np.int64(141), np.int64(34)), -1) obj=-103.8797 violations=['EC11']
2026-07-12 14:44:30 INFO: [ls_stage2] Iter 12: no accepted move (2/5)
2026-07-12 14:45:43 INFO: [ls_stage2] Iter 13: improved move=('multi_item', (np.int64(180), np.int64(137), np.int64(0)), -1) obj=-103.7367
2026-07-12 14:46:57 INFO: [ls_stage2] Candidate rejected: move=('order', 56, -1) obj=-95.7367 violations=['EC11']
2026-07-12 14:48:10 INFO: [ls_stage2] Candidate rejected: move=('order', 18, -2) obj=-98.6016 violations=['EC11']
2026-07-12 14:49:24 INFO: [ls_stage2] Candidate rejected: move=('order', 45, -2) obj=-100.6151 violations=['EC11']
2026-07-12 14:49:24 INFO: [ls_stage2] Iter 14: no accepted move (1/5)
2026-07-12 14:50:37 INFO: [ls_stage2] Iter 15: improved move=('item', 103, -2) obj=-102.6166
2026-07-12 14:51:51 INFO: [ls_stage2] Candidate rejected: move=('order', 18, -1) obj=-97.6166 violations=['EC11']
2026-07-12 14:53:04 INFO: [ls_stage2] Iter 16: improved move=('order', 31, -1) obj=-99.6166
2026-07-12 14:54:18 INFO: [ls_stage2] Candidate rejected: move=('order', 56, -1) obj=-91.6166 violations=['EC11']
