2026-07-13 09:12:27 INFO: Warehouse initialization | grid=30x30, physical=63x35, num_skus=13500, num_robots=40, num_ws=9
2026-07-13 09:12:28 INFO: Warehouse initialized | 900 pods  (average number of skus per pod = 20.99), 9 workstations, 40 robots
2026-07-13 09:12:28 INFO: [OptManager] Building time-space network ...
2026-07-13 09:12:32 INFO: [OptManager] Network ready: 90900 nodes, 1525330 travelling arcs, 89991 idle arcs.
2026-07-13 09:12:32 INFO: 
=============================================
2026-07-13 09:12:32 INFO:   START SIMULATION  {TIME HORIZON = 01:00:00}
2026-07-13 09:12:32 DEBUG:    EVENT NUM 1     current_time = 00:00:00   ARRIVAL_ORDER         [queue size = 1]
2026-07-13 09:12:32 DEBUG: Order 0 arrived: items_required = [8967].     [orders_in_system = 1]
2026-07-13 09:12:32 DEBUG: Order 1 arrived: items_required = [11312].     [orders_in_system = 2]
2026-07-13 09:12:32 DEBUG: Order 2 arrived: items_required = [4921, 4820].     [orders_in_system = 3]
2026-07-13 09:12:32 DEBUG: Order 3 arrived: items_required = [10643, 3824].     [orders_in_system = 4]
2026-07-13 09:12:32 DEBUG: Order 4 arrived: items_required = [1159, 6086].     [orders_in_system = 5]
2026-07-13 09:12:32 DEBUG: Order 5 arrived: items_required = [10643].     [orders_in_system = 6]
2026-07-13 09:12:32 DEBUG: Order 6 arrived: items_required = [5248, 4167, 3833, 11767, 5937, 6000].     [orders_in_system = 7]
2026-07-13 09:12:32 DEBUG: Order 7 arrived: items_required = [1961].     [orders_in_system = 8]
2026-07-13 09:12:32 DEBUG: Order 8 arrived: items_required = [467].     [orders_in_system = 9]
2026-07-13 09:12:32 DEBUG: Order 9 arrived: items_required = [9696, 6641].     [orders_in_system = 10]
2026-07-13 09:12:32 DEBUG: Order 10 arrived: items_required = [10092, 7855].     [orders_in_system = 11]
2026-07-13 09:12:32 DEBUG: Order 11 arrived: items_required = [820].     [orders_in_system = 12]
2026-07-13 09:12:32 DEBUG: Order 12 arrived: items_required = [5554].     [orders_in_system = 13]
2026-07-13 09:12:32 DEBUG: Order 13 arrived: items_required = [4627].     [orders_in_system = 14]
2026-07-13 09:12:32 DEBUG: Order 14 arrived: items_required = [9047].     [orders_in_system = 15]
2026-07-13 09:12:32 DEBUG: Order 15 arrived: items_required = [3565, 2398, 4202].     [orders_in_system = 16]
2026-07-13 09:12:32 DEBUG: Order 16 arrived: items_required = [12312].     [orders_in_system = 17]
2026-07-13 09:12:32 DEBUG: Order 17 arrived: items_required = [9476].     [orders_in_system = 18]
2026-07-13 09:12:32 DEBUG: Order 18 arrived: items_required = [9915].     [orders_in_system = 19]
2026-07-13 09:12:32 DEBUG: Order 19 arrived: items_required = [10407].     [orders_in_system = 20]
2026-07-13 09:12:32 DEBUG: Order 20 arrived: items_required = [5984, 6016, 8061, 4482].     [orders_in_system = 21]
2026-07-13 09:12:32 DEBUG: Order 21 arrived: items_required = [5981].     [orders_in_system = 22]
2026-07-13 09:12:32 DEBUG: Order 22 arrived: items_required = [5337, 8684].     [orders_in_system = 23]
2026-07-13 09:12:32 DEBUG: Order 23 arrived: items_required = [2915, 4236].     [orders_in_system = 24]
2026-07-13 09:12:32 DEBUG: Order 24 arrived: items_required = [1066].     [orders_in_system = 25]
2026-07-13 09:12:32 DEBUG: Order 25 arrived: items_required = [10994, 7226].     [orders_in_system = 26]
2026-07-13 09:12:32 DEBUG: Order 26 arrived: items_required = [8206].     [orders_in_system = 27]
2026-07-13 09:12:32 DEBUG: Order 27 arrived: items_required = [5362, 4539, 4127].     [orders_in_system = 28]
2026-07-13 09:12:32 DEBUG: Order 28 arrived: items_required = [6354, 4292].     [orders_in_system = 29]
2026-07-13 09:12:32 DEBUG: Order 29 arrived: items_required = [1433, 7202].     [orders_in_system = 30]
2026-07-13 09:12:32 DEBUG: Order 30 arrived: items_required = [3807, 5356].     [orders_in_system = 31]
2026-07-13 09:12:32 DEBUG: Order 31 arrived: items_required = [6660, 4671].     [orders_in_system = 32]
2026-07-13 09:12:32 DEBUG: Order 32 arrived: items_required = [9908, 5423, 7106].     [orders_in_system = 33]
2026-07-13 09:12:32 DEBUG: Order 33 arrived: items_required = [11010].     [orders_in_system = 34]
2026-07-13 09:12:32 DEBUG: Order 34 arrived: items_required = [10694].     [orders_in_system = 35]
2026-07-13 09:12:32 DEBUG: Order 35 arrived: items_required = [2371].     [orders_in_system = 36]
2026-07-13 09:12:32 DEBUG: Order 36 arrived: items_required = [7411, 2115].     [orders_in_system = 37]
2026-07-13 09:12:32 DEBUG: Order 37 arrived: items_required = [7286, 7797, 9886].     [orders_in_system = 38]
2026-07-13 09:12:32 DEBUG: Order 38 arrived: items_required = [6353].     [orders_in_system = 39]
2026-07-13 09:12:32 DEBUG: Order 39 arrived: items_required = [6912, 12772, 6297].     [orders_in_system = 40]
2026-07-13 09:12:32 DEBUG: Order 40 arrived: items_required = [3712, 11426].     [orders_in_system = 41]
2026-07-13 09:12:32 DEBUG: Order 41 arrived: items_required = [6629].     [orders_in_system = 42]
2026-07-13 09:12:32 DEBUG: Order 42 arrived: items_required = [7980].     [orders_in_system = 43]
2026-07-13 09:12:32 DEBUG: Order 43 arrived: items_required = [3035].     [orders_in_system = 44]
2026-07-13 09:12:32 DEBUG: Order 44 arrived: items_required = [5750].     [orders_in_system = 45]
2026-07-13 09:12:32 DEBUG: Order 45 arrived: items_required = [5004, 9161, 3421].     [orders_in_system = 46]
2026-07-13 09:12:32 DEBUG: Order 46 arrived: items_required = [3843].     [orders_in_system = 47]
2026-07-13 09:12:32 DEBUG: Order 47 arrived: items_required = [11309].     [orders_in_system = 48]
2026-07-13 09:12:32 DEBUG: Order 48 arrived: items_required = [4579].     [orders_in_system = 49]
2026-07-13 09:12:32 DEBUG: Order 49 arrived: items_required = [8680, 9248, 8254].     [orders_in_system = 50]
2026-07-13 09:12:32 DEBUG: Order 50 arrived: items_required = [7593].     [orders_in_system = 51]
2026-07-13 09:12:32 DEBUG: Order 51 arrived: items_required = [6497].     [orders_in_system = 52]
2026-07-13 09:12:32 DEBUG: Order 52 arrived: items_required = [10796].     [orders_in_system = 53]
2026-07-13 09:12:32 DEBUG: Order 53 arrived: items_required = [7700, 2643, 9379].     [orders_in_system = 54]
2026-07-13 09:12:32 DEBUG: Order 54 arrived: items_required = [4175, 12983, 7585].     [orders_in_system = 55]
2026-07-13 09:12:32 DEBUG: Order 55 arrived: items_required = [9172].     [orders_in_system = 56]
2026-07-13 09:12:32 DEBUG: Order 56 arrived: items_required = [9406].     [orders_in_system = 57]
2026-07-13 09:12:32 DEBUG: Order 57 arrived: items_required = [5874].     [orders_in_system = 58]
2026-07-13 09:12:32 DEBUG: Order 58 arrived: items_required = [7066].     [orders_in_system = 59]
2026-07-13 09:12:32 DEBUG: Order 59 arrived: items_required = [2028].     [orders_in_system = 60]
2026-07-13 09:12:32 DEBUG: Order 60 arrived: items_required = [3621].     [orders_in_system = 61]
2026-07-13 09:12:32 DEBUG: Order 61 arrived: items_required = [4701].     [orders_in_system = 62]
2026-07-13 09:12:32 DEBUG: Order 62 arrived: items_required = [7692].     [orders_in_system = 63]
2026-07-13 09:12:32 DEBUG: Order 63 arrived: items_required = [2957].     [orders_in_system = 64]
2026-07-13 09:12:32 DEBUG: Order 64 arrived: items_required = [6203].     [orders_in_system = 65]
2026-07-13 09:12:32 DEBUG: Order 65 arrived: items_required = [7897, 4110].     [orders_in_system = 66]
2026-07-13 09:12:32 DEBUG: Order 66 arrived: items_required = [10267, 10680].     [orders_in_system = 67]
2026-07-13 09:12:32 DEBUG: Order 67 arrived: items_required = [6211].     [orders_in_system = 68]
2026-07-13 09:12:32 DEBUG: Order 68 arrived: items_required = [9475].     [orders_in_system = 69]
2026-07-13 09:12:32 DEBUG: Order 69 arrived: items_required = [6469, 10397, 2023].     [orders_in_system = 70]
2026-07-13 09:12:32 DEBUG: Order 70 arrived: items_required = [9934].     [orders_in_system = 71]
2026-07-13 09:12:32 DEBUG: Order 71 arrived: items_required = [269].     [orders_in_system = 72]
2026-07-13 09:12:32 DEBUG: Order 72 arrived: items_required = [5902].     [orders_in_system = 73]
2026-07-13 09:12:32 DEBUG: Order 73 arrived: items_required = [2295, 3611].     [orders_in_system = 74]
2026-07-13 09:12:32 DEBUG: Order 74 arrived: items_required = [5359, 6225, 3183].     [orders_in_system = 75]
2026-07-13 09:12:32 DEBUG: Order 75 arrived: items_required = [5914, 2044].     [orders_in_system = 76]
2026-07-13 09:12:32 DEBUG: Order 76 arrived: items_required = [2958].     [orders_in_system = 77]
2026-07-13 09:12:32 DEBUG: Order 77 arrived: items_required = [5498, 10071].     [orders_in_system = 78]
2026-07-13 09:12:32 DEBUG: Order 78 arrived: items_required = [8330, 6824].     [orders_in_system = 79]
2026-07-13 09:12:32 DEBUG: Order 79 arrived: items_required = [861].     [orders_in_system = 80]
2026-07-13 09:12:32 DEBUG: Order 80 arrived: items_required = [8020].     [orders_in_system = 81]
2026-07-13 09:12:32 DEBUG: Order 81 arrived: items_required = [5993].     [orders_in_system = 82]
2026-07-13 09:12:32 DEBUG: Order 82 arrived: items_required = [8297].     [orders_in_system = 83]
2026-07-13 09:12:32 DEBUG: Order 83 arrived: items_required = [3311].     [orders_in_system = 84]
2026-07-13 09:12:32 DEBUG: Order 84 arrived: items_required = [3320, 5856].     [orders_in_system = 85]
2026-07-13 09:12:32 DEBUG: Order 85 arrived: items_required = [7599].     [orders_in_system = 86]
2026-07-13 09:12:32 DEBUG: Order 86 arrived: items_required = [4555, 8536].     [orders_in_system = 87]
2026-07-13 09:12:32 DEBUG: Order 87 arrived: items_required = [3843].     [orders_in_system = 88]
2026-07-13 09:12:32 DEBUG: Order 88 arrived: items_required = [2295].     [orders_in_system = 89]
2026-07-13 09:12:32 DEBUG: Order 89 arrived: items_required = [1092, 12937].     [orders_in_system = 90]
2026-07-13 09:12:32 DEBUG: Order 90 arrived: items_required = [10134, 3657, 4123].     [orders_in_system = 91]
2026-07-13 09:12:32 DEBUG: Order 91 arrived: items_required = [4729].     [orders_in_system = 92]
2026-07-13 09:12:32 DEBUG: Order 92 arrived: items_required = [1477].     [orders_in_system = 93]
2026-07-13 09:12:32 DEBUG: Order 93 arrived: items_required = [7113, 6617].     [orders_in_system = 94]
2026-07-13 09:12:32 DEBUG: Order 94 arrived: items_required = [11470].     [orders_in_system = 95]
2026-07-13 09:12:32 DEBUG: Order 95 arrived: items_required = [5273, 694].     [orders_in_system = 96]
2026-07-13 09:12:32 DEBUG: Order 96 arrived: items_required = [8540].     [orders_in_system = 97]
2026-07-13 09:12:32 DEBUG: Order 97 arrived: items_required = [12592].     [orders_in_system = 98]
2026-07-13 09:12:32 DEBUG: Order 98 arrived: items_required = [3407, 5611, 2488].     [orders_in_system = 99]
2026-07-13 09:12:32 DEBUG: Order 99 arrived: items_required = [8255, 10374, 3746, 4468].     [orders_in_system = 100]
2026-07-13 09:12:32 DEBUG:    EVENT NUM 2     current_time = 00:00:01   RUN_OPTIMIZER         [queue size = 1]
2026-07-13 09:12:32 INFO: Solving stage 1 ... 
2026-07-13 09:12:32 INFO: [ls_stage1] Building initial solution ...
2026-07-13 09:12:32 INFO: [ls_stage1] Initial objective = 213.1700
2026-07-13 09:12:32 WARNING: 
Variables size:
  shape x = (162, 900)
  shape y = (9, 900)
  shape z = (100, 9)
  constraints_satisfied = 1312480

2026-07-13 09:12:35 INFO: [ls_stage1] Iter 1: IMPROVEMENT move=('swap', 13, 43) obj=211.5200
2026-07-13 09:12:37 INFO: [ls_stage1] Iter 2: IMPROVEMENT move=('swap', 12, 72) obj=208.5100
2026-07-13 09:12:39 INFO: [ls_stage1] Iter 3: IMPROVEMENT move=('swap', 25, 36) obj=206.9000
2026-07-13 09:12:41 INFO: [ls_stage1] Iter 4: IMPROVEMENT move=('moveto', 9, 4) obj=205.5200
2026-07-13 09:12:44 INFO: [ls_stage1] Iter 5: IMPROVEMENT move=('swap', 43, 97) obj=204.0200
2026-07-13 09:12:46 INFO: [ls_stage1] Iter 6: IMPROVEMENT move=('swap', 87, 88) obj=202.6800
2026-07-13 09:12:48 INFO: [ls_stage1] Iter 7: IMPROVEMENT move=('swap', 8, 11) obj=201.3600
2026-07-13 09:12:51 INFO: [ls_stage1] Iter 8: IMPROVEMENT move=('swap', 36, 46) obj=199.9700
2026-07-13 09:12:53 INFO: [ls_stage1] Iter 9: IMPROVEMENT move=('swap', 19, 21) obj=198.5800
2026-07-13 09:12:55 INFO: [ls_stage1] Iter 10: IMPROVEMENT move=('swap', 3, 39) obj=197.3400
2026-07-13 09:12:57 INFO: [ls_stage1] Iter 11: IMPROVEMENT move=('swap', 29, 89) obj=196.2500
2026-07-13 09:13:00 INFO: [ls_stage1] Iter 12: IMPROVEMENT move=('swap', 68, 74) obj=195.9300
2026-07-13 09:13:02 INFO: [ls_stage1] Iter 13: IMPROVEMENT move=('swap', 59, 94) obj=195.6100
2026-07-13 09:13:04 INFO: [ls_stage1] Iter 14: IMPROVEMENT move=('swap', 77, 91) obj=195.2700
2026-07-13 09:13:07 INFO: [ls_stage1] Iter 15: IMPROVEMENT move=('repod', 68, 887) obj=194.9200
2026-07-13 09:13:09 INFO: [ls_stage1] Iter 16: IMPROVEMENT move=('swap', 17, 50) obj=194.6400
2026-07-13 09:13:11 INFO: [ls_stage1] Iter 17: IMPROVEMENT move=('swap', 19, 93) obj=193.4800
2026-07-13 09:13:14 INFO: [ls_stage1] Iter 18: IMPROVEMENT move=('repod', 46, 791) obj=193.1900
2026-07-13 09:13:16 INFO: [ls_stage1] Iter 19: IMPROVEMENT move=('swap', 7, 8) obj=192.9100
2026-07-13 09:13:18 INFO: [ls_stage1] Iter 20: IMPROVEMENT move=('repod', 108, 825) obj=192.5600
2026-07-13 09:13:21 INFO: [ls_stage1] Iter 21: IMPROVEMENT move=('repod', 108, 367) obj=191.4200
2026-07-13 09:13:23 INFO: [ls_stage1] Iter 22: IMPROVEMENT move=('repod', 24, 667) obj=190.1700
2026-07-13 09:13:25 INFO: [ls_stage1] Iter 23: IMPROVEMENT move=('repod', 87, 752) obj=189.9900
2026-07-13 09:13:27 INFO: [ls_stage1] Iter 24: IMPROVEMENT move=('swap', 64, 79) obj=189.7100
2026-07-13 09:13:30 INFO: [ls_stage1] Iter 25: IMPROVEMENT move=('repod', 30, 701) obj=189.4500
2026-07-13 09:13:32 INFO: [ls_stage1] Iter 26: IMPROVEMENT move=('moveto', 92, 8) obj=189.2900
2026-07-13 09:13:34 INFO: [ls_stage1] Iter 27: IMPROVEMENT move=('repod', 66, 768) obj=189.0500
2026-07-13 09:13:37 INFO: [ls_stage1] Iter 28: IMPROVEMENT move=('repod', 10, 677) obj=188.8900
2026-07-13 09:13:39 INFO: [ls_stage1] Iter 29: IMPROVEMENT move=('repod', 2, 552) obj=188.6800
2026-07-13 09:13:42 INFO: [ls_stage1] Iter 30: IMPROVEMENT move=('swap', 51, 85) obj=187.5000
2026-07-13 09:13:44 INFO: [ls_stage1] Iter 31: IMPROVEMENT move=('swap', 37, 86) obj=186.4700
2026-07-13 09:13:46 INFO: [ls_stage1] Iter 32: IMPROVEMENT move=('swap', 82, 95) obj=186.2900
2026-07-13 09:13:49 INFO: [ls_stage1] Iter 33: IMPROVEMENT move=('repod', 69, 110) obj=186.1300
2026-07-13 09:13:51 INFO: [ls_stage1] Iter 34: IMPROVEMENT move=('swap', 45, 81) obj=185.9300
2026-07-13 09:13:53 INFO: [ls_stage1] Iter 35: IMPROVEMENT move=('repod', 77, 758) obj=185.6200
2026-07-13 09:13:55 INFO: [ls_stage1] Iter 36: IMPROVEMENT move=('repod', 131, 560) obj=185.4200
2026-07-13 09:13:58 INFO: [ls_stage1] Iter 37: IMPROVEMENT move=('repod', 157, 612) obj=185.1700
2026-07-13 09:14:00 INFO: [ls_stage1] Iter 38: IMPROVEMENT move=('swap', 1, 61) obj=185.0500
2026-07-13 09:14:02 INFO: [ls_stage1] Iter 39: IMPROVEMENT move=('swap', 74, 76) obj=184.8900
2026-07-13 09:14:04 INFO: [ls_stage1] Iter 40: IMPROVEMENT move=('repod', 3, 748) obj=184.7800
2026-07-13 09:14:07 INFO: [ls_stage1] Iter 41: IMPROVEMENT move=('repod', 102, 646) obj=184.6600
2026-07-13 09:14:09 INFO: [ls_stage1] Iter 42: IMPROVEMENT move=('swap', 24, 78) obj=184.5400
2026-07-13 09:14:11 INFO: [ls_stage1] Iter 43: IMPROVEMENT move=('swap', 45, 65) obj=184.4200
2026-07-13 09:14:14 INFO: [ls_stage1] Iter 44: IMPROVEMENT move=('repod', 135, 232) obj=184.3100
2026-07-13 09:14:16 INFO: [ls_stage1] Iter 45: IMPROVEMENT move=('swap', 34, 35) obj=184.2300
2026-07-13 09:14:18 INFO: [ls_stage1] Iter 46: IMPROVEMENT move=('swap', 23, 62) obj=183.0600
2026-07-13 09:14:21 INFO: [ls_stage1] Iter 47: IMPROVEMENT move=('swap', 4, 22) obj=183.0000
2026-07-13 09:14:23 INFO: [ls_stage1] Iter 48: IMPROVEMENT move=('moveto', 47, 7) obj=182.9200
2026-07-13 09:14:25 INFO: [ls_stage1] Iter 49: IMPROVEMENT move=('swap', 28, 48) obj=182.8400
2026-07-13 09:14:27 INFO: [ls_stage1] Iter 50: IMPROVEMENT move=('repod', 132, 544) obj=182.7000
2026-07-13 09:14:30 INFO: [ls_stage1] Iter 51: IMPROVEMENT move=('repod', 40, 525) obj=182.6400
2026-07-13 09:14:32 INFO: [ls_stage1] Iter 52: IMPROVEMENT move=('repod', 79, 307) obj=182.5000
2026-07-13 09:14:34 INFO: [ls_stage1] Iter 53: IMPROVEMENT move=('repod', 67, 287) obj=182.4200
2026-07-13 09:14:36 INFO: [ls_stage1] Iter 54: IMPROVEMENT move=('swap', 65, 82) obj=182.3400
2026-07-13 09:14:39 INFO: [ls_stage1] Iter 55: IMPROVEMENT move=('moveto', 96, 8) obj=182.2600
2026-07-13 09:14:41 INFO: [ls_stage1] Iter 56: IMPROVEMENT move=('swap', 47, 84) obj=182.2000
2026-07-13 09:14:43 INFO: [ls_stage1] Iter 57: IMPROVEMENT move=('moveto', 44, 1) obj=182.1600
2026-07-13 09:14:46 INFO: [ls_stage1] Iter 58: IMPROVEMENT move=('swap', 49, 90) obj=182.1200
2026-07-13 09:14:48 INFO: [ls_stage1] Iter 59: IMPROVEMENT move=('swap', 61, 86) obj=182.0800
2026-07-13 09:14:51 INFO: [ls_stage1] Iter 60: IMPROVEMENT move=('swap', 26, 84) obj=182.0600
2026-07-13 09:14:53 INFO: [ls_stage1] Iter 61: IMPROVEMENT move=('repod', 3, 305) obj=182.0300
2026-07-13 09:14:55 INFO: [ls_stage1] Iter 62: IMPROVEMENT move=('repod', 33, 664) obj=181.9600
2026-07-13 09:14:57 INFO: [ls_stage1] Iter 63: IMPROVEMENT move=('repod', 71, 387) obj=181.9000
2026-07-13 09:15:00 INFO: [ls_stage1] Iter 64: IMPROVEMENT move=('swap', 52, 91) obj=181.8800
2026-07-13 09:15:02 INFO: [ls_stage1] Iter 65: IMPROVEMENT move=('repod', 65, 757) obj=181.7900
2026-07-13 09:15:04 INFO: [ls_stage1] Iter 66: IMPROVEMENT move=('swap', 10, 77) obj=181.7500
2026-07-13 09:15:07 INFO: [ls_stage1] Iter 67: IMPROVEMENT move=('swap', 40, 92) obj=181.7100
2026-07-13 09:15:09 INFO: [ls_stage1] Iter 68: IMPROVEMENT move=('swap', 16, 78) obj=181.6900
2026-07-13 09:15:11 INFO: [ls_stage1] Iter 69: PLATEAU move=('swap', 29, 47) obj=181.6900
2026-07-13 09:15:13 INFO: [ls_stage1] Iter 70: IMPROVEMENT move=('swap', 4, 16) obj=181.6700
2026-07-13 09:15:16 INFO: [ls_stage1] Iter 71: IMPROVEMENT move=('repod', 55, 652) obj=181.6500
2026-07-13 09:15:18 INFO: [ls_stage1] Iter 72: IMPROVEMENT move=('swap', 18, 60) obj=181.6300
2026-07-13 09:15:20 INFO: [ls_stage1] Iter 73: IMPROVEMENT move=('moveto', 67, 2) obj=181.6100
2026-07-13 09:15:23 INFO: [ls_stage1] Iter 74: IMPROVEMENT move=('swap', 28, 35) obj=181.5900
2026-07-13 09:15:25 INFO: [ls_stage1] Iter 75: IMPROVEMENT move=('swap', 43, 58) obj=181.5700
2026-07-13 09:15:27 INFO: [ls_stage1] Iter 76: IMPROVEMENT move=('moveto', 18, 2) obj=181.5500
2026-07-13 09:15:29 INFO: [ls_stage1] Iter 77: IMPROVEMENT move=('moveto', 26, 8) obj=181.5300
2026-07-13 09:15:32 INFO: [ls_stage1] Iter 78: IMPROVEMENT move=('swap', 70, 92) obj=181.5100
2026-07-13 09:15:34 INFO: [ls_stage1] Iter 79: IMPROVEMENT move=('moveto', 18, 1) obj=181.4900
2026-07-13 09:15:36 INFO: [ls_stage1] Iter 80: PLATEAU move=('swap', 64, 81) obj=181.4900
2026-07-13 09:15:39 INFO: [ls_stage1] Iter 81: IMPROVEMENT move=('repod', 117, 865) obj=181.4700
2026-07-13 09:15:41 INFO: [ls_stage1] Iter 82: PLATEAU move=('swap', 42, 45) obj=181.4700
2026-07-13 09:15:43 INFO: [ls_stage1] Iter 83: PLATEAU move=('repod', 70, 236) obj=181.4700
2026-07-13 09:15:45 INFO: [ls_stage1] Iter 84: IMPROVEMENT move=('repod', 126, 869) obj=181.4500
2026-07-13 09:15:48 INFO: [ls_stage1] Iter 85: PLATEAU move=('swap', 19, 39) obj=181.4500
2026-07-13 09:15:50 INFO: [ls_stage1] Iter 86: PLATEAU move=('swap', 42, 56) obj=181.4500
2026-07-13 09:15:53 INFO: [ls_stage1] Iter 87: PLATEAU move=('swap', 91, 98) obj=181.4500
2026-07-13 09:15:55 INFO: [ls_stage1] Iter 88: PLATEAU move=('repod', 26, 559) obj=181.4500
2026-07-13 09:15:57 INFO: [ls_stage1] Iter 89: PLATEAU move=('repod', 146, 521) obj=181.4500
2026-07-13 09:15:59 INFO: [ls_stage1] Iter 90: PLATEAU move=('moveto', 28, 8) obj=181.4500
2026-07-13 09:16:02 INFO: [ls_stage1] Iter 91: PLATEAU move=('swap', 75, 78) obj=181.4500
2026-07-13 09:16:04 INFO: [ls_stage1] Iter 92: IMPROVEMENT move=('repod', 90, 723) obj=181.4200
2026-07-13 09:16:07 INFO: [ls_stage1] Iter 93: IMPROVEMENT move=('swap', 90, 95) obj=181.4000
2026-07-13 09:16:09 INFO: [ls_stage1] Iter 94: IMPROVEMENT move=('swap', 38, 63) obj=181.3800
2026-07-13 09:16:11 INFO: [ls_stage1] Iter 95: PLATEAU move=('swap', 56, 94) obj=181.3800
2026-07-13 09:16:13 INFO: [ls_stage1] Iter 96: IMPROVEMENT move=('swap', 28, 50) obj=181.3600
2026-07-13 09:16:16 INFO: [ls_stage1] Iter 97: IMPROVEMENT move=('swap', 50, 77) obj=181.3400
2026-07-13 09:16:18 INFO: [ls_stage1] Iter 98: PLATEAU move=('swap', 34, 51) obj=181.3400
2026-07-13 09:16:20 INFO: [ls_stage1] Iter 99: PLATEAU move=('moveto', 75, 4) obj=181.3400
2026-07-13 09:16:23 INFO: [ls_stage1] Iter 100: PLATEAU move=('swap', 16, 44) obj=181.3400
2026-07-13 09:16:23 INFO: [ls_stage1] Final objective = 181.3400
2026-07-13 09:16:23 INFO: Stage 1 solved.
2026-07-13 09:16:23 INFO: Solving stage 2 ... 
2026-07-13 09:16:23 INFO: [ls_stage2] Building initial solution ...
2026-07-13 09:17:16 INFO: [ls_stage2] Feasible initial solution: obj = 114.5874
2026-07-13 09:17:16 WARNING: 
Variables size:
  x shape = (162, 100)
  f0 = (100, 100)
  g0 = (100, 100)
  v0 = (100, 100)
  y shape = (139, 1615321)
  num constraints satisfied = 2172577

2026-07-13 09:18:09 INFO: [ls_stage2] Iter 1: improved move=('multi_item', (np.int64(62), np.int64(16), np.int64(72)), -5) obj=115.1330
2026-07-13 09:19:03 INFO: [ls_stage2] Iter 2: improved move=('item', 99, -8) obj=115.4814
2026-07-13 09:19:57 INFO: [ls_stage2] Iter 3: improved move=('multi_item', (np.int64(147), np.int64(131)), -4) obj=115.8578
2026-07-13 09:20:50 INFO: [ls_stage2] Iter 4: improved move=('multi_item', (np.int64(114), np.int64(104), np.int64(134)), -4) obj=116.2473
2026-07-13 09:21:44 INFO: [ls_stage2] Iter 5: improved move=('item', 41, -8) obj=116.6197
2026-07-13 09:22:37 INFO: [ls_stage2] Iter 6: improved move=('multi_item', (np.int64(10), np.int64(16), np.int64(82)), -5) obj=117.0802
2026-07-13 09:23:31 INFO: [ls_stage2] Iter 7: improved move=('item', 131, -8) obj=117.4606
2026-07-13 09:24:25 INFO: [ls_stage2] Iter 8: improved move=('multi_item', (np.int64(105), np.int64(99), np.int64(17)), -5) obj=117.9172
2026-07-13 09:25:18 INFO: [ls_stage2] Iter 9: improved move=('item', 41, -8) obj=118.2256
2026-07-13 09:26:12 INFO: [ls_stage2] Iter 10: improved move=('item', 131, -8) obj=118.5420
2026-07-13 09:27:06 INFO: [ls_stage2] Iter 11: improved move=('multi_item', (np.int64(88), np.int64(71), np.int64(16)), -4) obj=118.9566
2026-07-13 09:28:00 INFO: [ls_stage2] Iter 12: improved move=('multi_item', (np.int64(81), np.int64(5), np.int64(131)), -5) obj=119.3071
2026-07-13 09:28:53 INFO: [ls_stage2] Iter 13: improved move=('multi_item', (np.int64(137), np.int64(124), np.int64(147)), -4) obj=119.7497
2026-07-13 09:29:47 INFO: [ls_stage2] Iter 14: improved move=('item', 44, -8) obj=120.1061
2026-07-13 09:29:48 WARNING: _rebuild_pod_row: pod 646 cannot reach ws 31 by t=0 from 728 t=0 — staying put
2026-07-13 09:30:40 INFO: [ls_stage2] Candidate rejected: move=('multi_item', (np.int64(101), np.int64(153), np.int64(102)), -4) obj=120.4607 violations=['EC18']
2026-07-13 09:31:34 INFO: [ls_stage2] Iter 15: improved move=('multi_item', (np.int64(101), np.int64(153)), -4) obj=120.4505
2026-07-13 09:32:27 INFO: [ls_stage2] Iter 16: improved move=('multi_item', (np.int64(133), np.int64(97), np.int64(3)), -5) obj=120.9312
2026-07-13 09:33:21 INFO: [ls_stage2] Iter 17: improved move=('item', 103, -8) obj=121.2716
2026-07-13 09:34:15 INFO: [ls_stage2] Iter 18: improved move=('item', 82, -8) obj=121.5960
2026-07-13 09:35:08 INFO: [ls_stage2] Iter 19: improved move=('multi_item', (np.int64(48), np.int64(153), np.int64(137)), -4) obj=121.9445
2026-07-13 09:36:02 INFO: [ls_stage2] Iter 20: improved move=('multi_item', (np.int64(103), np.int64(130), np.int64(118)), -4) obj=122.2609
2026-07-13 09:36:55 INFO: [ls_stage2] Iter 21: improved move=('multi_item', (np.int64(99), np.int64(22), np.int64(98)), -4) obj=122.5915
2026-07-13 09:36:57 WARNING: _rebuild_pod_row: pod 367 cannot reach ws 23 by t=3 from 1276 t=0 — staying put
2026-07-13 09:37:49 INFO: [ls_stage2] Candidate rejected: move=('multi_item', (np.int64(133), np.int64(82), np.int64(108)), -5) obj=122.9321 violations=['EC18']
2026-07-13 09:38:42 INFO: [ls_stage2] Iter 22: improved move=('multi_item', (np.int64(133), np.int64(82)), -5) obj=122.9170
2026-07-13 09:39:35 INFO: [ls_stage2] Iter 23: improved move=('multi_item', (np.int64(61), np.int64(86), np.int64(56)), -5) obj=123.2966
2026-07-13 09:40:29 INFO: [ls_stage2] Iter 24: improved move=('item', 97, -8) obj=123.5890
2026-07-13 09:41:22 INFO: [ls_stage2] Iter 25: improved move=('item', 23, -8) obj=123.8334
2026-07-13 09:42:16 INFO: [ls_stage2] Iter 26: improved move=('item', 101, -8) obj=124.1178
2026-07-13 09:43:09 INFO: [ls_stage2] Iter 27: improved move=('item', 44, -8) obj=124.4102
2026-07-13 09:44:02 INFO: [ls_stage2] Iter 28: improved move=('multi_item', (np.int64(71), np.int64(147), np.int64(16)), -5) obj=124.7507
2026-07-13 09:44:56 INFO: [ls_stage2] Iter 29: improved move=('item', 72, -6) obj=125.0720
2026-07-13 09:45:49 INFO: [ls_stage2] Iter 30: improved move=('multi_item', (np.int64(151), np.int64(104), np.int64(131)), -4) obj=125.4026
2026-07-13 09:46:43 INFO: [ls_stage2] Iter 31: improved move=('item', 153, -8) obj=125.6790
2026-07-13 09:47:36 INFO: [ls_stage2] Iter 32: improved move=('multi_item', (np.int64(0), np.int64(156), np.int64(86)), -4) obj=125.9705
2026-07-13 09:48:30 INFO: [ls_stage2] Iter 33: improved move=('item', 130, -8) obj=126.2629
2026-07-13 09:49:23 INFO: [ls_stage2] Iter 34: improved move=('multi_item', (np.int64(49), np.int64(54), np.int64(50)), -4) obj=126.6655
2026-07-13 09:50:16 INFO: [ls_stage2] Iter 35: improved move=('multi_item', (np.int64(22), np.int64(119), np.int64(133)), -5) obj=127.0151
2026-07-13 09:51:09 INFO: [ls_stage2] Iter 36: improved move=('item', 130, -8) obj=127.2435
2026-07-13 09:52:03 INFO: [ls_stage2] Iter 37: improved move=('multi_item', (np.int64(153), np.int64(1)), -5) obj=127.4740
2026-07-13 09:52:56 INFO: [ls_stage2] Iter 38: improved move=('multi_item', (np.int64(48), np.int64(67), np.int64(82)), -5) obj=127.7945
2026-07-13 09:53:49 INFO: [ls_stage2] Iter 39: improved move=('item', 41, -8) obj=128.0389
2026-07-13 09:54:42 INFO: [ls_stage2] Iter 40: improved move=('item', 103, -8) obj=128.2833
2026-07-13 09:55:36 INFO: [ls_stage2] Iter 41: improved move=('multi_item', (np.int64(81), np.int64(88), np.int64(101)), -5) obj=128.6641
2026-07-13 09:56:29 INFO: [ls_stage2] Iter 42: improved move=('multi_item', (np.int64(135), np.int64(121), np.int64(35)), -4) obj=128.9734
2026-07-13 09:57:22 INFO: [ls_stage2] Iter 43: improved move=('multi_item', (np.int64(8), np.int64(35), np.int64(49)), -5) obj=129.2538
2026-07-13 09:58:15 INFO: [ls_stage2] Iter 44: improved move=('multi_item', (np.int64(67), np.int64(44), np.int64(4)), -5) obj=129.6696
2026-07-13 09:59:08 INFO: [ls_stage2] Iter 45: improved move=('multi_item', (np.int64(138), np.int64(41), np.int64(81)), -5) obj=129.9251
2026-07-13 10:00:01 INFO: [ls_stage2] Iter 46: improved move=('multi_item', (np.int64(125), np.int64(128), np.int64(126)), -5) obj=130.2574
2026-07-13 10:00:54 INFO: [ls_stage2] Iter 47: improved move=('multi_item', (np.int64(140), np.int64(153), np.int64(134)), -4) obj=130.5469
2026-07-13 10:00:55 WARNING: _rebuild_pod_row: pod 799 cannot reach ws 29 by t=0 from 418 t=0 — staying put
2026-07-13 10:01:48 INFO: [ls_stage2] Candidate rejected: move=('multi_item', (np.int64(16), np.int64(39), np.int64(37)), -4) obj=130.7834 violations=['EC18']
2026-07-13 10:02:40 INFO: [ls_stage2] Iter 48: improved move=('multi_item', (np.int64(16), np.int64(39)), -4) obj=130.7793
2026-07-13 10:03:33 INFO: [ls_stage2] Iter 49: improved move=('multi_item', (np.int64(101), np.int64(154), np.int64(135)), -4) obj=131.0248
2026-07-13 10:04:26 INFO: [ls_stage2] Iter 50: improved move=('multi_item', (np.int64(133), np.int64(1), np.int64(134)), -4) obj=131.2543
2026-07-13 10:05:19 INFO: [ls_stage2] Iter 51: improved move=('item', 137, -8) obj=131.4907
2026-07-13 10:06:12 INFO: [ls_stage2] Iter 52: improved move=('multi_item', (np.int64(86), np.int64(27), np.int64(16)), -5) obj=131.7512
2026-07-13 10:07:05 INFO: [ls_stage2] Iter 53: improved move=('multi_item', (np.int64(147), np.int64(135), np.int64(81)), -4) obj=132.0367
2026-07-13 10:07:58 INFO: [ls_stage2] Iter 54: improved move=('multi_item', (np.int64(133), np.int64(153), np.int64(140)), -4) obj=132.2673
2026-07-13 10:08:51 INFO: [ls_stage2] Iter 55: improved move=('multi_item', (np.int64(134), np.int64(104), np.int64(131)), -4) obj=132.5688
2026-07-13 10:09:44 INFO: [ls_stage2] Iter 56: improved move=('multi_item', (np.int64(103), np.int64(127)), -5) obj=132.7672
2026-07-13 10:10:37 INFO: [ls_stage2] Iter 57: improved move=('multi_item', (np.int64(43), np.int64(8), np.int64(101)), -4) obj=133.0218
2026-07-13 10:11:30 INFO: [ls_stage2] Iter 58: improved move=('multi_item', (np.int64(73), np.int64(124), np.int64(36)), -5) obj=133.2826
2026-07-13 10:12:23 INFO: [ls_stage2] Iter 59: improved move=('multi_item', (np.int64(26), np.int64(103), np.int64(44)), -5) obj=133.5031
2026-07-13 10:12:24 WARNING: _rebuild_pod_row: pod 102 cannot reach ws 27 by t=2 from 1854 t=0 — staying put
2026-07-13 10:12:24 WARNING: _rebuild_pod_row: pod 102 cannot reach ws 27 by t=7 from 1854 t=3 — staying put
2026-07-13 10:13:16 INFO: [ls_stage2] Candidate rejected: move=('multi_item', (np.int64(139), np.int64(97), np.int64(153)), -5) obj=133.7538 violations=['EC18']
2026-07-13 10:13:16 WARNING: _rebuild_pod_row: pod 102 cannot reach ws 27 by t=2 from 1854 t=0 — staying put
2026-07-13 10:13:16 WARNING: _rebuild_pod_row: pod 102 cannot reach ws 27 by t=7 from 1854 t=3 — staying put
2026-07-13 10:14:08 INFO: [ls_stage2] Candidate rejected: move=('multi_item', (np.int64(139), np.int64(97)), -5) obj=133.6786 violations=['EC18']
2026-07-13 10:15:01 INFO: [ls_stage2] Iter 60: improved move=('item', 130, -8) obj=133.6675
2026-07-13 10:15:54 INFO: [ls_stage2] Iter 61: improved move=('multi_item', (np.int64(99), np.int64(156), np.int64(153)), -5) obj=133.8830
2026-07-13 10:16:46 INFO: [ls_stage2] Iter 62: improved move=('multi_item', (np.int64(99), np.int64(138), np.int64(25)), -5) obj=134.1735
2026-07-13 10:17:39 INFO: [ls_stage2] Iter 63: improved move=('item', 0, -8) obj=134.3939
2026-07-13 10:18:32 INFO: [ls_stage2] Iter 64: improved move=('multi_item', (np.int64(160), np.int64(115), np.int64(97)), -4) obj=134.6805
2026-07-13 10:19:25 INFO: [ls_stage2] Iter 65: improved move=('multi_item', (np.int64(117), np.int64(99), np.int64(143)), -4) obj=134.9019
2026-07-13 10:20:18 INFO: [ls_stage2] Iter 66: improved move=('multi_item', (np.int64(126), np.int64(98), np.int64(131)), -4) obj=135.1224
2026-07-13 10:21:11 INFO: [ls_stage2] Iter 67: improved move=('item', 124, -8) obj=135.3108
2026-07-13 10:22:04 INFO: [ls_stage2] Iter 68: improved move=('item', 104, -8) obj=135.5072
2026-07-13 10:22:57 INFO: [ls_stage2] Iter 69: improved move=('multi_item', (np.int64(67), np.int64(18), np.int64(125)), -2) obj=135.6945
2026-07-13 10:23:50 INFO: [ls_stage2] Iter 70: improved move=('item', 23, -8) obj=135.8749
2026-07-13 10:24:43 INFO: [ls_stage2] Iter 71: improved move=('multi_item', (np.int64(5), np.int64(122), np.int64(31)), -5) obj=136.1104
2026-07-13 10:25:36 INFO: [ls_stage2] Iter 72: improved move=('multi_item', (np.int64(96), np.int64(16), np.int64(119)), -5) obj=136.3259
2026-07-13 10:26:29 INFO: [ls_stage2] Iter 73: improved move=('item', 97, -8) obj=136.5223
2026-07-13 10:27:22 INFO: [ls_stage2] Iter 74: improved move=('item', 114, -6) obj=136.6876
2026-07-13 10:28:15 INFO: [ls_stage2] Candidate rejected: move=('multi_item', (np.int64(79), np.int64(82), np.int64(22)), -5) obj=136.9262 violations=['max_active_pods']
2026-07-13 10:29:08 INFO: [ls_stage2] Iter 75: improved move=('multi_item', (np.int64(82), np.int64(155), np.int64(147)), -4) obj=136.9151
2026-07-13 10:30:00 INFO: [ls_stage2] Iter 76: improved move=('item', 4, -8) obj=137.1115
2026-07-13 10:30:01 WARNING: _rebuild_pod_row: pod 652 cannot reach ws 31 by t=26 from 29 t=26 — staying put
2026-07-13 10:30:54 INFO: [ls_stage2] Candidate rejected: move=('multi_item', (np.int64(58), np.int64(124), np.int64(39)), -5) obj=137.2819 violations=['EC18']
2026-07-13 10:31:46 INFO: [ls_stage2] Candidate rejected: move=('item', 114, -8) obj=137.2759 violations=['max_active_pods']
2026-07-13 10:32:39 INFO: [ls_stage2] Candidate rejected: move=('item', 44, -8) obj=137.2599 violations=['max_active_pods']
2026-07-13 10:32:39 INFO: [ls_stage2] Iter 77: no accepted move (1/5)
2026-07-13 10:33:32 INFO: [ls_stage2] Candidate rejected: move=('multi_item', (np.int64(149), np.int64(82), np.int64(81)), -2) obj=137.1937 violations=['max_active_pods']
2026-07-13 10:34:24 INFO: [ls_stage2] Iter 78: improved move=('multi_item', (np.int64(36), np.int64(63), np.int64(145)), -1) obj=137.1937
2026-07-13 10:35:17 INFO: [ls_stage2] Candidate rejected: move=('multi_item', (np.int64(11), np.int64(44), np.int64(16)), -4) obj=137.3461 violations=['max_active_pods']
2026-07-13 10:36:10 INFO: [ls_stage2] Candidate rejected: move=('item', 44, -8) obj=137.3421 violations=['max_active_pods']
2026-07-13 10:37:02 INFO: [ls_stage2] Iter 79: improved move=('item', 81, -8) obj=137.3261
2026-07-13 10:37:55 INFO: [ls_stage2] Iter 80: improved move=('item', 0, -8) obj=137.4825
2026-07-13 10:38:48 INFO: [ls_stage2] Iter 81: improved move=('multi_item', (np.int64(39), np.int64(135), np.int64(16)), -4) obj=137.6538
2026-07-13 10:38:49 WARNING: _rebuild_pod_row: pod 222 cannot reach ws 27 by t=3 from 1602 t=0 — staying put
2026-07-13 10:39:41 INFO: [ls_stage2] Candidate rejected: move=('multi_item', (np.int64(110), np.int64(70), np.int64(130)), -5) obj=137.8194 violations=['EC18']
2026-07-13 10:40:33 INFO: [ls_stage2] Iter 82: improved move=('multi_item', (np.int64(31), np.int64(85), np.int64(125)), -5) obj=137.8122
2026-07-13 10:40:34 WARNING: _rebuild_pod_row: pod 369 cannot reach ws 25 by t=3 from 1280 t=0 — staying put
2026-07-13 10:41:26 INFO: [ls_stage2] Candidate rejected: move=('multi_item', (np.int64(74), np.int64(126), np.int64(73)), -4) obj=138.0508 violations=['EC18']
2026-07-13 10:42:19 INFO: [ls_stage2] Iter 83: improved move=('multi_item', (np.int64(74), np.int64(126)), -4) obj=138.0286
2026-07-13 10:43:11 INFO: [ls_stage2] Iter 84: improved move=('multi_item', (np.int64(40), np.int64(47), np.int64(124)), -5) obj=138.1800
2026-07-13 10:44:04 INFO: [ls_stage2] Iter 85: improved move=('multi_item', (np.int64(104), np.int64(147)), -4) obj=138.3324
2026-07-13 10:44:57 INFO: [ls_stage2] Iter 86: improved move=('multi_item', (np.int64(23), np.int64(137), np.int64(8)), -4) obj=138.5630
2026-07-13 10:44:58 WARNING: _rebuild_pod_row: pod 369 cannot reach ws 25 by t=3 from 1280 t=0 — staying put
2026-07-13 10:45:50 INFO: [ls_stage2] Candidate rejected: move=('multi_item', (np.int64(88), np.int64(114), np.int64(73)), -4) obj=138.7176 violations=['EC18', 'max_active_pods']
2026-07-13 10:46:43 INFO: [ls_stage2] Iter 87: improved move=('item', 41, -8) obj=138.7034
2026-07-13 10:47:35 INFO: [ls_stage2] Candidate rejected: move=('multi_item', (np.int64(98), np.int64(44), np.int64(22)), -5) obj=138.9641 violations=['max_active_pods']
2026-07-13 10:48:28 INFO: [ls_stage2] Candidate rejected: move=('multi_item', (np.int64(98), np.int64(44)), -5) obj=138.8889 violations=['max_active_pods']
2026-07-13 10:49:21 INFO: [ls_stage2] Candidate rejected: move=('item', 114, -8) obj=138.8678 violations=['max_active_pods']
2026-07-13 10:49:21 INFO: [ls_stage2] Iter 88: no accepted move (1/5)
2026-07-13 10:50:14 INFO: [ls_stage2] Iter 89: improved move=('multi_item', (np.int64(110), np.int64(106), np.int64(70)), -2) obj=138.7836
2026-07-13 10:50:15 WARNING: _rebuild_pod_row: pod 150 cannot reach ws 23 by t=5 from 1704 t=0 — staying put
2026-07-13 10:51:07 INFO: [ls_stage2] Candidate rejected: move=('multi_item', (np.int64(131), np.int64(150), np.int64(91)), -5) obj=138.9221 violations=['EC18']
2026-07-13 10:51:59 INFO: [ls_stage2] Iter 90: improved move=('item', 97, -8) obj=138.9160
2026-07-13 10:52:53 INFO: [ls_stage2] Candidate rejected: move=('item', 44, -8) obj=139.0644 violations=['max_active_pods']
2026-07-13 10:52:53 WARNING: _rebuild_pod_row: pod 82 cannot reach ws 23 by t=6 from 1937 t=0 — staying put
2026-07-13 10:52:53 WARNING: _rebuild_pod_row: pod 82 cannot reach ws 23 by t=11 from 1937 t=7 — staying put
2026-07-13 10:52:53 WARNING: _rebuild_pod_row: pod 87 cannot reach ws 33 by t=9 from 1946 t=0 — staying put
2026-07-13 10:52:53 WARNING: _rebuild_pod_row: pod 87 cannot reach ws 33 by t=15 from 1946 t=10 — staying put
2026-07-13 10:53:45 INFO: [ls_stage2] Candidate rejected: move=('multi_item', (np.int64(50), np.int64(23), np.int64(115)), -5) obj=139.0595 violations=['EC18']
2026-07-13 10:53:46 WARNING: _rebuild_pod_row: pod 150 cannot reach ws 23 by t=6 from 1704 t=0 — staying put
2026-07-13 10:54:38 INFO: [ls_stage2] Candidate rejected: move=('multi_item', (np.int64(79), np.int64(130), np.int64(150)), -4) obj=139.0515 violations=['EC18']
2026-07-13 10:54:38 INFO: [ls_stage2] Iter 91: no accepted move (1/5)
2026-07-13 10:55:31 INFO: [ls_stage2] Iter 92: improved move=('multi_item', (np.int64(20), np.int64(88), np.int64(82)), -2) obj=139.0262
2026-07-13 10:55:32 WARNING: _rebuild_pod_row: pod 102 cannot reach ws 27 by t=3 from 1854 t=0 — staying put
2026-07-13 10:55:32 WARNING: _rebuild_pod_row: pod 102 cannot reach ws 27 by t=7 from 1854 t=4 — staying put
2026-07-13 10:56:23 INFO: [ls_stage2] Candidate rejected: move=('multi_item', (np.int64(139), np.int64(98), np.int64(23)), -4) obj=139.1688 violations=['EC18', 'max_active_pods']
2026-07-13 10:57:16 INFO: [ls_stage2] Iter 93: improved move=('multi_item', (np.int64(155), np.int64(98), np.int64(1)), -5) obj=139.1567
2026-07-13 10:58:09 INFO: [ls_stage2] Candidate rejected: move=('item', 114, -8) obj=139.3211 violations=['max_active_pods']
2026-07-13 10:59:02 INFO: [ls_stage2] Iter 94: improved move=('item', 86, -8) obj=139.3051
2026-07-13 10:59:55 INFO: [ls_stage2] Iter 95: improved move=('multi_item', (np.int64(44), np.int64(157)), -5) obj=139.4756
2026-07-13 11:00:48 INFO: [ls_stage2] Candidate rejected: move=('multi_item', (np.int64(137), np.int64(147), np.int64(160)), -5) obj=139.6641 violations=['max_active_pods']
2026-07-13 11:01:40 INFO: [ls_stage2] Iter 96: improved move=('multi_item', (np.int64(160), np.int64(67)), -5) obj=139.6230
2026-07-13 11:02:33 INFO: [ls_stage2] Iter 97: improved move=('item', 114, -6) obj=139.7523
2026-07-13 11:03:26 INFO: [ls_stage2] Iter 98: improved move=('multi_item', (np.int64(69), np.int64(70), np.int64(81)), -5) obj=139.9478
2026-07-13 11:04:19 INFO: [ls_stage2] Iter 99: improved move=('multi_item', (np.int64(124), np.int64(29), np.int64(101)), -4) obj=140.1104
2026-07-13 11:05:12 INFO: [ls_stage2] Iter 100: improved move=('multi_item', (np.int64(32), np.int64(134), np.int64(135)), -4) obj=140.2526
2026-07-13 11:05:12 INFO: Stage 2 solved.
2026-07-13 11:05:52 DEBUG: Order 45 will be opened at workstation 0. [opened orders = 0 / 4]
2026-07-13 11:05:52 DEBUG: Order 60 will be opened at workstation 0. [opened orders = 0 / 4]
2026-07-13 11:05:52 DEBUG: Order 42 will be opened at workstation 0. [opened orders = 0 / 4]
2026-07-13 11:05:52 DEBUG: Order 14 will be opened at workstation 0. [opened orders = 0 / 4]
2026-07-13 11:05:52 DEBUG: Order 66 queued at workstation 0. [order_queue len = 1]
2026-07-13 11:05:52 DEBUG: Order 11 queued at workstation 0. [order_queue len = 2]
2026-07-13 11:05:52 DEBUG: Order 56 queued at workstation 0. [order_queue len = 3]
2026-07-13 11:05:52 DEBUG: Order 93 queued at workstation 0. [order_queue len = 4]
2026-07-13 11:05:52 DEBUG: Order 17 queued at workstation 0. [order_queue len = 5]
2026-07-13 11:05:52 DEBUG: Order 94 queued at workstation 0. [order_queue len = 6]
2026-07-13 11:05:52 DEBUG: Order 97 queued at workstation 0. [order_queue len = 7]
2026-07-13 11:05:52 DEBUG: Order 71 queued at workstation 0. [order_queue len = 8]
2026-07-13 11:05:52 DEBUG: Order 52 queued at workstation 0. [order_queue len = 9]
2026-07-13 11:05:52 DEBUG: Order 53 queued at workstation 0. [order_queue len = 10]
2026-07-13 11:05:52 DEBUG: Order 25 queued at workstation 0. [order_queue len = 11]
2026-07-13 11:05:52 DEBUG: Order 49 will be opened at workstation 1. [opened orders = 0 / 4]
2026-07-13 11:05:52 DEBUG: Order 16 will be opened at workstation 1. [opened orders = 0 / 4]
2026-07-13 11:05:52 DEBUG: Order 18 will be opened at workstation 1. [opened orders = 0 / 4]
2026-07-13 11:05:52 DEBUG: Order 34 will be opened at workstation 1. [opened orders = 0 / 4]
2026-07-13 11:05:52 DEBUG: Order 51 queued at workstation 1. [order_queue len = 1]
2026-07-13 11:05:52 DEBUG: Order 44 queued at workstation 1. [order_queue len = 2]
2026-07-13 11:05:52 DEBUG: Order 41 queued at workstation 1. [order_queue len = 3]
2026-07-13 11:05:52 DEBUG: Order 21 queued at workstation 1. [order_queue len = 4]
2026-07-13 11:05:52 DEBUG: Order 27 queued at workstation 1. [order_queue len = 5]
2026-07-13 11:05:52 DEBUG: Order 6 queued at workstation 1. [order_queue len = 6]
2026-07-13 11:05:52 DEBUG: Order 72 queued at workstation 1. [order_queue len = 7]
2026-07-13 11:05:52 DEBUG: Order 79 queued at workstation 1. [order_queue len = 8]
2026-07-13 11:05:52 DEBUG: Order 7 queued at workstation 1. [order_queue len = 9]
2026-07-13 11:05:52 DEBUG: Order 4 will be opened at workstation 2. [opened orders = 0 / 4]
2026-07-13 11:05:52 DEBUG: Order 85 will be opened at workstation 2. [opened orders = 0 / 4]
2026-07-13 11:05:52 DEBUG: Order 43 will be opened at workstation 2. [opened orders = 0 / 4]
2026-07-13 11:05:52 DEBUG: Order 68 will be opened at workstation 2. [opened orders = 0 / 4]
2026-07-13 11:05:52 DEBUG: Order 91 queued at workstation 2. [order_queue len = 1]
2026-07-13 11:05:52 DEBUG: Order 46 queued at workstation 2. [order_queue len = 2]
2026-07-13 11:05:52 DEBUG: Order 87 queued at workstation 2. [order_queue len = 3]
2026-07-13 11:05:52 DEBUG: Order 82 queued at workstation 2. [order_queue len = 4]
2026-07-13 11:05:52 DEBUG: Order 98 queued at workstation 2. [order_queue len = 5]
2026-07-13 11:05:52 DEBUG: Order 54 queued at workstation 2. [order_queue len = 6]
2026-07-13 11:05:52 DEBUG: Order 2 queued at workstation 2. [order_queue len = 7]
2026-07-13 11:05:52 DEBUG: Order 67 queued at workstation 2. [order_queue len = 8]
2026-07-13 11:05:52 DEBUG: Order 95 queued at workstation 2. [order_queue len = 9]
2026-07-13 11:05:52 DEBUG: Order 22 will be opened at workstation 3. [opened orders = 0 / 4]
2026-07-13 11:05:52 DEBUG: Order 75 will be opened at workstation 3. [opened orders = 0 / 4]
2026-07-13 11:05:52 DEBUG: Order 30 will be opened at workstation 3. [opened orders = 0 / 4]
2026-07-13 11:05:52 DEBUG: Order 1 will be opened at workstation 3. [opened orders = 0 / 4]
2026-07-13 11:05:52 DEBUG: Order 58 queued at workstation 3. [order_queue len = 1]
2026-07-13 11:05:52 DEBUG: Order 12 queued at workstation 3. [order_queue len = 2]
2026-07-13 11:05:52 DEBUG: Order 23 queued at workstation 3. [order_queue len = 3]
2026-07-13 11:05:52 DEBUG: Order 99 queued at workstation 3. [order_queue len = 4]
2026-07-13 11:05:52 DEBUG: Order 31 queued at workstation 3. [order_queue len = 5]
2026-07-13 11:05:52 DEBUG: Order 90 queued at workstation 3. [order_queue len = 6]
2026-07-13 11:05:52 DEBUG: Order 33 will be opened at workstation 4. [opened orders = 0 / 4]
2026-07-13 11:05:52 DEBUG: Order 55 will be opened at workstation 4. [opened orders = 0 / 4]
2026-07-13 11:05:52 DEBUG: Order 32 will be opened at workstation 4. [opened orders = 0 / 4]
2026-07-13 11:05:52 DEBUG: Order 62 will be opened at workstation 4. [opened orders = 0 / 4]
2026-07-13 11:05:52 DEBUG: Order 35 queued at workstation 4. [order_queue len = 1]
2026-07-13 11:05:52 DEBUG: Order 78 queued at workstation 4. [order_queue len = 2]
2026-07-13 11:05:52 DEBUG: Order 9 queued at workstation 4. [order_queue len = 3]
2026-07-13 11:05:52 DEBUG: Order 69 queued at workstation 4. [order_queue len = 4]
2026-07-13 11:05:52 DEBUG: Order 15 queued at workstation 4. [order_queue len = 5]
2026-07-13 11:05:52 DEBUG: Order 38 will be opened at workstation 5. [opened orders = 0 / 4]
2026-07-13 11:05:52 DEBUG: Order 13 will be opened at workstation 5. [opened orders = 0 / 4]
2026-07-13 11:05:52 DEBUG: Order 83 will be opened at workstation 5. [opened orders = 0 / 4]
2026-07-13 11:05:52 DEBUG: Order 19 will be opened at workstation 5. [opened orders = 0 / 4]
2026-07-13 11:05:52 DEBUG: Order 88 queued at workstation 5. [order_queue len = 1]
2026-07-13 11:05:52 DEBUG: Order 39 queued at workstation 5. [order_queue len = 2]
2026-07-13 11:05:52 DEBUG: Order 73 queued at workstation 5. [order_queue len = 3]
2026-07-13 11:05:52 DEBUG: Order 20 queued at workstation 5. [order_queue len = 4]
2026-07-13 11:05:52 DEBUG: Order 47 will be opened at workstation 6. [opened orders = 0 / 4]
2026-07-13 11:05:52 DEBUG: Order 76 will be opened at workstation 6. [opened orders = 0 / 4]
2026-07-13 11:05:52 DEBUG: Order 5 will be opened at workstation 6. [opened orders = 0 / 4]
2026-07-13 11:05:52 DEBUG: Order 70 will be opened at workstation 6. [opened orders = 0 / 4]
2026-07-13 11:05:52 DEBUG: Order 86 queued at workstation 6. [order_queue len = 1]
2026-07-13 11:05:52 DEBUG: Order 3 queued at workstation 6. [order_queue len = 2]
2026-07-13 11:05:52 DEBUG: Order 65 queued at workstation 6. [order_queue len = 3]
2026-07-13 11:05:52 DEBUG: Order 29 queued at workstation 6. [order_queue len = 4]
2026-07-13 11:05:52 DEBUG: Order 10 queued at workstation 6. [order_queue len = 5]
2026-07-13 11:05:52 DEBUG: Order 50 will be opened at workstation 7. [opened orders = 0 / 4]
2026-07-13 11:05:52 DEBUG: Order 0 will be opened at workstation 7. [opened orders = 0 / 4]
2026-07-13 11:05:52 DEBUG: Order 64 will be opened at workstation 7. [opened orders = 0 / 4]
2026-07-13 11:05:52 DEBUG: Order 63 will be opened at workstation 7. [opened orders = 0 / 4]
2026-07-13 11:05:52 DEBUG: Order 92 queued at workstation 7. [order_queue len = 1]
2026-07-13 11:05:52 DEBUG: Order 28 queued at workstation 7. [order_queue len = 2]
2026-07-13 11:05:52 DEBUG: Order 89 queued at workstation 7. [order_queue len = 3]
2026-07-13 11:05:52 DEBUG: Order 36 queued at workstation 7. [order_queue len = 4]
2026-07-13 11:05:52 DEBUG: Order 37 queued at workstation 7. [order_queue len = 5]
2026-07-13 11:05:52 DEBUG: Order 96 will be opened at workstation 8. [opened orders = 0 / 4]
2026-07-13 11:05:52 DEBUG: Order 57 will be opened at workstation 8. [opened orders = 0 / 4]
2026-07-13 11:05:52 DEBUG: Order 24 will be opened at workstation 8. [opened orders = 0 / 4]
2026-07-13 11:05:52 DEBUG: Order 61 will be opened at workstation 8. [opened orders = 0 / 4]
2026-07-13 11:05:52 DEBUG: Order 8 queued at workstation 8. [order_queue len = 1]
2026-07-13 11:05:52 DEBUG: Order 80 queued at workstation 8. [order_queue len = 2]
2026-07-13 11:05:52 DEBUG: Order 59 queued at workstation 8. [order_queue len = 3]
2026-07-13 11:05:52 DEBUG: Order 26 queued at workstation 8. [order_queue len = 4]
2026-07-13 11:05:52 DEBUG: Order 81 queued at workstation 8. [order_queue len = 5]
2026-07-13 11:05:52 DEBUG: Order 48 queued at workstation 8. [order_queue len = 6]
2026-07-13 11:05:52 DEBUG: Order 84 queued at workstation 8. [order_queue len = 7]
2026-07-13 11:05:52 DEBUG: Order 77 queued at workstation 8. [order_queue len = 8]
2026-07-13 11:05:52 DEBUG: Order 40 queued at workstation 8. [order_queue len = 9]
2026-07-13 11:05:52 DEBUG: Order 74 queued at workstation 8. [order_queue len = 10]
2026-07-13 11:05:52 WARNING: Task designing ended. Optimizer designed 143 tasks.
2026-07-13 11:05:52 DEBUG:    EVENT NUM 3     current_time = 00:00:01   RELEASE_TASK          [queue size = 180]
2026-07-13 11:05:52 DEBUG: Task 0 released: pod 853 required by workstation(s) [2].  [released tasks = 1]
2026-07-13 11:05:52 DEBUG:    EVENT NUM 4     current_time = 00:00:01   OPEN_ORDER            [queue size = 180]
2026-07-13 11:05:52 DEBUG: Order 45 (skus required = {9161, 5004, 3421}) opened at workstation 0.   [open_orders = 1/4]
2026-07-13 11:05:52 DEBUG:    EVENT NUM 5     current_time = 00:00:01   OPEN_ORDER            [queue size = 180]
2026-07-13 11:05:52 DEBUG: Order 60 (skus required = {3621}) opened at workstation 0.   [open_orders = 2/4]
2026-07-13 11:05:52 DEBUG:    EVENT NUM 6     current_time = 00:00:01   OPEN_ORDER            [queue size = 180]
2026-07-13 11:05:52 DEBUG: Order 42 (skus required = {7980}) opened at workstation 0.   [open_orders = 3/4]
2026-07-13 11:05:52 DEBUG:    EVENT NUM 7     current_time = 00:00:01   OPEN_ORDER            [queue size = 180]
2026-07-13 11:05:52 DEBUG: Order 14 (skus required = {9047}) opened at workstation 0.   [open_orders = 4/4]
2026-07-13 11:05:52 DEBUG:    EVENT NUM 8     current_time = 00:00:01   OPEN_ORDER            [queue size = 180]
2026-07-13 11:05:52 DEBUG: Order 49 (skus required = {8680, 9248, 8254}) opened at workstation 1.   [open_orders = 1/4]
2026-07-13 11:05:52 DEBUG:    EVENT NUM 9     current_time = 00:00:01   OPEN_ORDER            [queue size = 180]
2026-07-13 11:05:52 DEBUG: Order 16 (skus required = {12312}) opened at workstation 1.   [open_orders = 2/4]
2026-07-13 11:05:52 DEBUG:    EVENT NUM 10    current_time = 00:00:01   OPEN_ORDER            [queue size = 180]
2026-07-13 11:05:52 DEBUG: Order 18 (skus required = {9915}) opened at workstation 1.   [open_orders = 3/4]
2026-07-13 11:05:52 DEBUG:    EVENT NUM 11    current_time = 00:00:01   OPEN_ORDER            [queue size = 180]
2026-07-13 11:05:52 DEBUG: Order 34 (skus required = {10694}) opened at workstation 1.   [open_orders = 4/4]
2026-07-13 11:05:52 DEBUG:    EVENT NUM 12    current_time = 00:00:01   OPEN_ORDER            [queue size = 180]
2026-07-13 11:05:52 DEBUG: Order 4 (skus required = {6086, 1159}) opened at workstation 2.   [open_orders = 1/4]
2026-07-13 11:05:52 DEBUG:    EVENT NUM 13    current_time = 00:00:01   OPEN_ORDER            [queue size = 180]
2026-07-13 11:05:52 DEBUG: Order 85 (skus required = {7599}) opened at workstation 2.   [open_orders = 2/4]
2026-07-13 11:05:52 DEBUG:    EVENT NUM 14    current_time = 00:00:01   OPEN_ORDER            [queue size = 180]
2026-07-13 11:05:52 DEBUG: Order 43 (skus required = {3035}) opened at workstation 2.   [open_orders = 3/4]
2026-07-13 11:05:52 DEBUG:    EVENT NUM 15    current_time = 00:00:01   OPEN_ORDER            [queue size = 180]
2026-07-13 11:05:52 DEBUG: Order 68 (skus required = {9475}) opened at workstation 2.   [open_orders = 4/4]
2026-07-13 11:05:52 DEBUG:    EVENT NUM 16    current_time = 00:00:01   OPEN_ORDER            [queue size = 180]
2026-07-13 11:05:52 DEBUG: Order 22 (skus required = {5337, 8684}) opened at workstation 3.   [open_orders = 1/4]
2026-07-13 11:05:52 DEBUG:    EVENT NUM 17    current_time = 00:00:01   OPEN_ORDER            [queue size = 180]
2026-07-13 11:05:52 DEBUG: Order 75 (skus required = {5914, 2044}) opened at workstation 3.   [open_orders = 2/4]
2026-07-13 11:05:52 DEBUG:    EVENT NUM 18    current_time = 00:00:01   OPEN_ORDER            [queue size = 180]
2026-07-13 11:05:52 DEBUG: Order 30 (skus required = {5356, 3807}) opened at workstation 3.   [open_orders = 3/4]
2026-07-13 11:05:52 DEBUG:    EVENT NUM 19    current_time = 00:00:01   OPEN_ORDER            [queue size = 180]
2026-07-13 11:05:52 DEBUG: Order 1 (skus required = {11312}) opened at workstation 3.   [open_orders = 4/4]
2026-07-13 11:05:52 DEBUG:    EVENT NUM 20    current_time = 00:00:01   OPEN_ORDER            [queue size = 180]
2026-07-13 11:05:52 DEBUG: Order 33 (skus required = {11010}) opened at workstation 4.   [open_orders = 1/4]
2026-07-13 11:05:52 DEBUG:    EVENT NUM 21    current_time = 00:00:01   OPEN_ORDER            [queue size = 180]
2026-07-13 11:05:52 DEBUG: Order 55 (skus required = {9172}) opened at workstation 4.   [open_orders = 2/4]
2026-07-13 11:05:52 DEBUG:    EVENT NUM 22    current_time = 00:00:01   OPEN_ORDER            [queue size = 180]
2026-07-13 11:05:52 DEBUG: Order 32 (skus required = {7106, 9908, 5423}) opened at workstation 4.   [open_orders = 3/4]
2026-07-13 11:05:52 DEBUG:    EVENT NUM 23    current_time = 00:00:01   OPEN_ORDER            [queue size = 180]
2026-07-13 11:05:52 DEBUG: Order 62 (skus required = {7692}) opened at workstation 4.   [open_orders = 4/4]
2026-07-13 11:05:52 DEBUG:    EVENT NUM 24    current_time = 00:00:01   OPEN_ORDER            [queue size = 180]
2026-07-13 11:05:52 DEBUG: Order 38 (skus required = {6353}) opened at workstation 5.   [open_orders = 1/4]
2026-07-13 11:05:52 DEBUG:    EVENT NUM 25    current_time = 00:00:01   OPEN_ORDER            [queue size = 180]
2026-07-13 11:05:52 DEBUG: Order 13 (skus required = {4627}) opened at workstation 5.   [open_orders = 2/4]
2026-07-13 11:05:52 DEBUG:    EVENT NUM 26    current_time = 00:00:01   OPEN_ORDER            [queue size = 180]
2026-07-13 11:05:52 DEBUG: Order 83 (skus required = {3311}) opened at workstation 5.   [open_orders = 3/4]
2026-07-13 11:05:52 DEBUG:    EVENT NUM 27    current_time = 00:00:01   OPEN_ORDER            [queue size = 180]
2026-07-13 11:05:52 DEBUG: Order 19 (skus required = {10407}) opened at workstation 5.   [open_orders = 4/4]
2026-07-13 11:05:52 DEBUG:    EVENT NUM 28    current_time = 00:00:01   OPEN_ORDER            [queue size = 180]
2026-07-13 11:05:52 DEBUG: Order 47 (skus required = {11309}) opened at workstation 6.   [open_orders = 1/4]
2026-07-13 11:05:52 DEBUG:    EVENT NUM 29    current_time = 00:00:01   OPEN_ORDER            [queue size = 180]
2026-07-13 11:05:52 DEBUG: Order 76 (skus required = {2958}) opened at workstation 6.   [open_orders = 2/4]
2026-07-13 11:05:52 DEBUG:    EVENT NUM 30    current_time = 00:00:01   OPEN_ORDER            [queue size = 180]
2026-07-13 11:05:52 DEBUG: Order 5 (skus required = {10643}) opened at workstation 6.   [open_orders = 3/4]
2026-07-13 11:05:52 DEBUG:    EVENT NUM 31    current_time = 00:00:01   OPEN_ORDER            [queue size = 180]
2026-07-13 11:05:52 DEBUG: Order 70 (skus required = {9934}) opened at workstation 6.   [open_orders = 4/4]
2026-07-13 11:05:52 DEBUG:    EVENT NUM 32    current_time = 00:00:01   OPEN_ORDER            [queue size = 180]
2026-07-13 11:05:52 DEBUG: Order 50 (skus required = {7593}) opened at workstation 7.   [open_orders = 1/4]
2026-07-13 11:05:52 DEBUG:    EVENT NUM 33    current_time = 00:00:01   OPEN_ORDER            [queue size = 180]
2026-07-13 11:05:52 DEBUG: Order 0 (skus required = {8967}) opened at workstation 7.   [open_orders = 2/4]
2026-07-13 11:05:52 DEBUG:    EVENT NUM 34    current_time = 00:00:01   OPEN_ORDER            [queue size = 180]
2026-07-13 11:05:52 DEBUG: Order 64 (skus required = {6203}) opened at workstation 7.   [open_orders = 3/4]
2026-07-13 11:05:52 DEBUG:    EVENT NUM 35    current_time = 00:00:01   OPEN_ORDER            [queue size = 180]
2026-07-13 11:05:52 DEBUG: Order 63 (skus required = {2957}) opened at workstation 7.   [open_orders = 4/4]
2026-07-13 11:05:52 DEBUG:    EVENT NUM 36    current_time = 00:00:01   OPEN_ORDER            [queue size = 180]
2026-07-13 11:05:52 DEBUG: Order 96 (skus required = {8540}) opened at workstation 8.   [open_orders = 1/4]
2026-07-13 11:05:52 DEBUG:    EVENT NUM 37    current_time = 00:00:01   OPEN_ORDER            [queue size = 180]
2026-07-13 11:05:52 DEBUG: Order 57 (skus required = {5874}) opened at workstation 8.   [open_orders = 2/4]
2026-07-13 11:05:52 DEBUG:    EVENT NUM 38    current_time = 00:00:01   OPEN_ORDER            [queue size = 180]
2026-07-13 11:05:52 DEBUG: Order 24 (skus required = {1066}) opened at workstation 8.   [open_orders = 3/4]
2026-07-13 11:05:52 DEBUG:    EVENT NUM 39    current_time = 00:00:01   OPEN_ORDER            [queue size = 180]
2026-07-13 11:05:52 DEBUG: Order 61 (skus required = {4701}) opened at workstation 8.   [open_orders = 4/4]
2026-07-13 11:05:52 DEBUG:    EVENT NUM 40    current_time = 00:00:01   START_TASK            [queue size = 180]
2026-07-13 11:05:52 DEBUG: Task 0 started: robot 16 → pod 853 → workstation 2 for orders {4} (arrival = 16.7 s).   [idle robots = 39/40]
2026-07-13 11:05:52 DEBUG:    EVENT NUM 41    current_time = 00:00:01   START_TASK            [queue size = 180]
2026-07-13 11:05:52 DEBUG:    EVENT NUM 42    current_time = 00:00:01   START_TASK            [queue size = 179]
2026-07-13 11:05:52 DEBUG:    EVENT NUM 43    current_time = 00:00:01   START_TASK            [queue size = 178]
2026-07-13 11:05:52 DEBUG:    EVENT NUM 44    current_time = 00:00:01   START_TASK            [queue size = 177]
2026-07-13 11:05:52 DEBUG:    EVENT NUM 45    current_time = 00:00:01   START_TASK            [queue size = 176]
2026-07-13 11:05:52 DEBUG:    EVENT NUM 46    current_time = 00:00:01   START_TASK            [queue size = 175]
2026-07-13 11:05:52 DEBUG:    EVENT NUM 47    current_time = 00:00:01   START_TASK            [queue size = 174]
2026-07-13 11:05:52 DEBUG:    EVENT NUM 48    current_time = 00:00:01   START_TASK            [queue size = 173]
2026-07-13 11:05:52 DEBUG:    EVENT NUM 49    current_time = 00:00:01   START_TASK            [queue size = 172]
2026-07-13 11:05:52 DEBUG:    EVENT NUM 50    current_time = 00:00:01   START_TASK            [queue size = 171]
2026-07-13 11:05:52 DEBUG:    EVENT NUM 51    current_time = 00:00:01   START_TASK            [queue size = 170]
2026-07-13 11:05:52 DEBUG:    EVENT NUM 52    current_time = 00:00:01   START_TASK            [queue size = 169]
2026-07-13 11:05:52 DEBUG:    EVENT NUM 53    current_time = 00:00:01   START_TASK            [queue size = 168]
2026-07-13 11:05:52 DEBUG:    EVENT NUM 54    current_time = 00:00:01   START_TASK            [queue size = 167]
2026-07-13 11:05:52 DEBUG:    EVENT NUM 55    current_time = 00:00:01   START_TASK            [queue size = 166]
2026-07-13 11:05:52 DEBUG:    EVENT NUM 56    current_time = 00:00:01   START_TASK            [queue size = 165]
2026-07-13 11:05:52 DEBUG:    EVENT NUM 57    current_time = 00:00:01   START_TASK            [queue size = 164]
2026-07-13 11:05:52 DEBUG:    EVENT NUM 58    current_time = 00:00:01   START_TASK            [queue size = 163]
2026-07-13 11:05:52 DEBUG:    EVENT NUM 59    current_time = 00:00:01   START_TASK            [queue size = 162]
2026-07-13 11:05:52 DEBUG:    EVENT NUM 60    current_time = 00:00:01   START_TASK            [queue size = 161]
2026-07-13 11:05:52 DEBUG:    EVENT NUM 61    current_time = 00:00:01   START_TASK            [queue size = 160]
2026-07-13 11:05:52 DEBUG:    EVENT NUM 62    current_time = 00:00:01   START_TASK            [queue size = 159]
2026-07-13 11:05:52 DEBUG:    EVENT NUM 63    current_time = 00:00:01   START_TASK            [queue size = 158]
2026-07-13 11:05:52 DEBUG:    EVENT NUM 64    current_time = 00:00:01   START_TASK            [queue size = 157]
2026-07-13 11:05:52 DEBUG:    EVENT NUM 65    current_time = 00:00:01   START_TASK            [queue size = 156]
2026-07-13 11:05:52 DEBUG:    EVENT NUM 66    current_time = 00:00:01   START_TASK            [queue size = 155]
2026-07-13 11:05:52 DEBUG:    EVENT NUM 67    current_time = 00:00:01   START_TASK            [queue size = 154]
2026-07-13 11:05:52 DEBUG:    EVENT NUM 68    current_time = 00:00:01   START_TASK            [queue size = 153]
2026-07-13 11:05:52 DEBUG:    EVENT NUM 69    current_time = 00:00:01   START_TASK            [queue size = 152]
2026-07-13 11:05:52 DEBUG:    EVENT NUM 70    current_time = 00:00:01   START_TASK            [queue size = 151]
2026-07-13 11:05:52 DEBUG:    EVENT NUM 71    current_time = 00:00:01   START_TASK            [queue size = 150]
2026-07-13 11:05:52 DEBUG:    EVENT NUM 72    current_time = 00:00:01   START_TASK            [queue size = 149]
2026-07-13 11:05:52 DEBUG:    EVENT NUM 73    current_time = 00:00:01   START_TASK            [queue size = 148]
2026-07-13 11:05:52 DEBUG:    EVENT NUM 74    current_time = 00:00:01   START_TASK            [queue size = 147]
2026-07-13 11:05:52 DEBUG:    EVENT NUM 75    current_time = 00:00:01   START_TASK            [queue size = 146]
2026-07-13 11:05:52 DEBUG:    EVENT NUM 76    current_time = 00:00:01   START_TASK            [queue size = 145]
2026-07-13 11:05:52 DEBUG:    EVENT NUM 77    current_time = 00:00:03   RELEASE_TASK          [queue size = 144]
2026-07-13 11:05:52 DEBUG: Task 1 released: pod 880 required by workstation(s) [1].  [released tasks = 1]
2026-07-13 11:05:52 DEBUG:    EVENT NUM 78    current_time = 00:00:03   START_TASK            [queue size = 144]
2026-07-13 11:05:52 DEBUG: Task 1 started: robot 17 → pod 880 → workstation 1 for orders {49} (arrival = 19.0 s).   [idle robots = 38/40]
2026-07-13 11:05:52 DEBUG:    EVENT NUM 79    current_time = 00:00:05   RELEASE_TASK          [queue size = 144]
2026-07-13 11:05:52 DEBUG: Task 2 released: pod 758 required by workstation(s) [0].  [released tasks = 1]
2026-07-13 11:05:52 DEBUG:    EVENT NUM 80    current_time = 00:00:05   START_TASK            [queue size = 144]
2026-07-13 11:05:52 DEBUG: Task 2 started: robot 5 → pod 758 → workstation 0 for orders {45} (arrival = 43.1 s).   [idle robots = 37/40]
2026-07-13 11:05:52 DEBUG:    EVENT NUM 81    current_time = 00:00:07   RELEASE_TASK          [queue size = 144]
2026-07-13 11:05:52 DEBUG: Task 3 released: pod 732 required by workstation(s) [3].  [released tasks = 1]
2026-07-13 11:05:52 DEBUG:    EVENT NUM 82    current_time = 00:00:07   START_TASK            [queue size = 144]
2026-07-13 11:05:52 DEBUG: Task 3 started: robot 30 → pod 732 → workstation 3 for orders {22} (arrival = 40.5 s).   [idle robots = 36/40]
2026-07-13 11:05:52 DEBUG:    EVENT NUM 83    current_time = 00:00:09   RELEASE_TASK          [queue size = 144]
2026-07-13 11:05:52 DEBUG: Task 4 released: pod 760 required by workstation(s) [1].  [released tasks = 1]
2026-07-13 11:05:52 DEBUG:    EVENT NUM 84    current_time = 00:00:09   START_TASK            [queue size = 144]
2026-07-13 11:05:52 DEBUG: Task 4 started: robot 4 → pod 760 → workstation 1 for orders {16} (arrival = 39.2 s).   [idle robots = 35/40]
2026-07-13 11:05:52 DEBUG:    EVENT NUM 85    current_time = 00:00:10   ARRIVAL_ORDER         [queue size = 144]
2026-07-13 11:05:52 DEBUG: Order 100 arrived: items_required = [5762].     [orders_in_system = 101]
2026-07-13 11:05:52 DEBUG:    EVENT NUM 86    current_time = 00:00:11   RELEASE_TASK          [queue size = 144]
2026-07-13 11:05:52 DEBUG: Task 5 released: pod 765 required by workstation(s) [4].  [released tasks = 1]
2026-07-13 11:05:52 DEBUG:    EVENT NUM 87    current_time = 00:00:11   START_TASK            [queue size = 144]
2026-07-13 11:05:52 DEBUG: Task 5 started: robot 35 → pod 765 → workstation 4 for orders {33, 55} (arrival = 36.2 s).   [idle robots = 34/40]
2026-07-13 11:05:52 DEBUG:    EVENT NUM 88    current_time = 00:00:13   RELEASE_TASK          [queue size = 144]
2026-07-13 11:05:52 DEBUG: Task 6 released: pod 799 required by workstation(s) [3].  [released tasks = 1]
2026-07-13 11:05:52 DEBUG:    EVENT NUM 89    current_time = 00:00:13   START_TASK            [queue size = 144]
2026-07-13 11:05:52 DEBUG: Task 6 started: robot 13 → pod 799 → workstation 3 for orders {22} (arrival = 66.0 s).   [idle robots = 33/40]
2026-07-13 11:05:52 DEBUG:    EVENT NUM 90    current_time = 00:00:15   RELEASE_TASK          [queue size = 144]
2026-07-13 11:05:52 DEBUG: Task 7 released: pod 579 required by workstation(s) [0].  [released tasks = 1]
2026-07-13 11:05:52 DEBUG:    EVENT NUM 91    current_time = 00:00:15   START_TASK            [queue size = 144]
2026-07-13 11:05:52 DEBUG: Task 7 started: robot 11 → pod 579 → workstation 0 for orders {60} (arrival = 69.3 s).   [idle robots = 32/40]
2026-07-13 11:05:52 DEBUG:    EVENT NUM 92    current_time = 00:00:16   ARRIVAL_POD_WST       [queue size = 144]
2026-07-13 11:05:52 DEBUG: Pod 853 arrived at workstation 2 - status = IDLE
2026-07-13 11:05:52 DEBUG: Pod queued at workstation.    [picking_buffer = {0: 16.68303370949701}]
2026-07-13 11:05:52 DEBUG:    EVENT NUM 93    current_time = 00:00:16   START_PICKING         [queue size = 144]
2026-07-13 11:05:52 DEBUG: Processing task 0 at workstation 2: picking items {1159} for orders {4}
2026-07-13 11:05:52 DEBUG:    EVENT NUM 94    current_time = 00:00:17   RELEASE_TASK          [queue size = 144]
2026-07-13 11:05:52 DEBUG: Task 8 released: pod 646 required by workstation(s) [4].  [released tasks = 1]
2026-07-13 11:05:52 DEBUG:    EVENT NUM 95    current_time = 00:00:17   START_TASK            [queue size = 144]
2026-07-13 11:05:52 DEBUG: Task 8 started: robot 12 → pod 646 → workstation 4 for orders {32, 62} (arrival = 66.8 s).   [idle robots = 31/40]
2026-07-13 11:05:52 DEBUG:    EVENT NUM 96    current_time = 00:00:19   ARRIVAL_POD_WST       [queue size = 144]
2026-07-13 11:05:52 DEBUG: Pod 880 arrived at workstation 1 - status = IDLE
2026-07-13 11:05:52 DEBUG: Pod queued at workstation.    [picking_buffer = {1: 19.022223278093872}]
2026-07-13 11:05:52 DEBUG:    EVENT NUM 97    current_time = 00:00:19   START_PICKING         [queue size = 144]
2026-07-13 11:05:52 DEBUG: Processing task 1 at workstation 1: picking items {9248} for orders {49}
2026-07-13 11:05:52 DEBUG:    EVENT NUM 98    current_time = 00:00:20   ARRIVAL_ORDER         [queue size = 144]
2026-07-13 11:05:52 DEBUG: Order 101 arrived: items_required = [7788, 12611, 11479].     [orders_in_system = 102]
2026-07-13 11:05:52 DEBUG:    EVENT NUM 99    current_time = 00:00:20   RELEASE_TASK          [queue size = 144]
2026-07-13 11:05:52 DEBUG: Task 9 released: pod 552 required by workstation(s) [2].  [released tasks = 1]
2026-07-13 11:05:52 DEBUG:    EVENT NUM 100   current_time = 00:00:20   START_TASK            [queue size = 144]
2026-07-13 11:05:52 DEBUG: Task 9 started: robot 24 → pod 552 → workstation 2 for orders {85} (arrival = 67.1 s).   [idle robots = 30/40]
2026-07-13 11:05:52 DEBUG:    EVENT NUM 101   current_time = 00:00:22   RELEASE_TASK          [queue size = 144]
2026-07-13 11:05:52 DEBUG: Task 10 released: pod 824 required by workstation(s) [1].  [released tasks = 1]
2026-07-13 11:05:52 DEBUG:    EVENT NUM 102   current_time = 00:00:22   START_TASK            [queue size = 144]
2026-07-13 11:05:52 DEBUG: Task 10 started: robot 3 → pod 824 → workstation 1 for orders {49} (arrival = 58.7 s).   [idle robots = 29/40]
2026-07-13 11:05:52 DEBUG:    EVENT NUM 103   current_time = 00:00:24   RELEASE_TASK          [queue size = 144]
2026-07-13 11:05:52 DEBUG: Task 11 released: pod 701 required by workstation(s) [1].  [released tasks = 1]
2026-07-13 11:05:52 DEBUG:    EVENT NUM 104   current_time = 00:00:24   START_TASK            [queue size = 144]
2026-07-13 11:05:52 DEBUG: Task 11 started: robot 22 → pod 701 → workstation 1 for orders {18} (arrival = 58.0 s).   [idle robots = 28/40]
2026-07-13 11:05:52 DEBUG:    EVENT NUM 105   current_time = 00:00:26   RELEASE_TASK          [queue size = 144]
2026-07-13 11:05:52 DEBUG: Task 12 released: pod 402 required by workstation(s) [2].  [released tasks = 1]
2026-07-13 11:05:52 DEBUG:    EVENT NUM 106   current_time = 00:00:26   START_TASK            [queue size = 144]
2026-07-13 11:05:52 DEBUG: Task 12 started: robot 19 → pod 402 → workstation 2 for orders {43} (arrival = 87.4 s).   [idle robots = 27/40]
2026-07-13 11:05:52 DEBUG:    EVENT NUM 107   current_time = 00:00:26   END_PICKING           [queue size = 144]
2026-07-13 11:05:52 DEBUG: Ended picking at workstation 2.    [picking_buffer len = {}]
2026-07-13 11:05:52 DEBUG: Task should have served orders {4}, found open orders {43, 4, 85, 68}.
2026-07-13 11:05:52 DEBUG: Task 0 completed: pod 853 returning to storage.
2026-07-13 11:05:52 DEBUG:    EVENT NUM 108   current_time = 00:00:28   RELEASE_TASK          [queue size = 144]
2026-07-13 11:05:52 DEBUG: Task 13 released: pod 610 required by workstation(s) [3].  [released tasks = 1]
2026-07-13 11:05:52 DEBUG:    EVENT NUM 109   current_time = 00:00:28   START_TASK            [queue size = 144]
2026-07-13 11:05:52 DEBUG: Task 13 started: robot 27 → pod 610 → workstation 3 for orders {75} (arrival = 83.1 s).   [idle robots = 26/40]
2026-07-13 11:05:52 DEBUG:    EVENT NUM 110   current_time = 00:00:29   END_PICKING           [queue size = 144]
2026-07-13 11:05:52 DEBUG: Ended picking at workstation 1.    [picking_buffer len = {}]
2026-07-13 11:05:52 DEBUG: Task should have served orders {49}, found open orders {16, 49, 18, 34}.
2026-07-13 11:05:52 DEBUG: Task 1 completed: pod 880 returning to storage.
2026-07-13 11:05:52 DEBUG:    EVENT NUM 111   current_time = 00:00:30   ARRIVAL_ORDER         [queue size = 144]
2026-07-13 11:05:52 DEBUG: Order 102 arrived: items_required = [5108, 3189, 8895, 7935, 9167, 7969].     [orders_in_system = 103]
2026-07-13 11:05:52 DEBUG:    EVENT NUM 112   current_time = 00:00:30   RELEASE_TASK          [queue size = 144]
2026-07-13 11:05:52 DEBUG: Task 14 released: pod 667 required by workstation(s) [0, 0].  [released tasks = 1]
2026-07-13 11:05:52 DEBUG:    EVENT NUM 113   current_time = 00:00:30   START_TASK            [queue size = 144]
2026-07-13 11:05:52 DEBUG: Task 14 started: robot 1 → pod 667 → workstation 0 for orders {42} (arrival = 82.3 s).   [idle robots = 25/40]
2026-07-13 11:05:52 DEBUG:    EVENT NUM 114   current_time = 00:00:32   RELEASE_TASK          [queue size = 144]
2026-07-13 11:05:52 DEBUG: Task 15 released: pod 581 required by workstation(s) [1].  [released tasks = 1]
2026-07-13 11:05:52 DEBUG:    EVENT NUM 115   current_time = 00:00:32   START_TASK            [queue size = 144]
2026-07-13 11:05:52 DEBUG: Task 15 started: robot 29 → pod 581 → workstation 1 for orders {34} (arrival = 76.4 s).   [idle robots = 24/40]
2026-07-13 11:05:52 DEBUG:    EVENT NUM 116   current_time = 00:00:34   RELEASE_TASK          [queue size = 144]
2026-07-13 11:05:52 DEBUG: Task 16 released: pod 573 required by workstation(s) [0].  [released tasks = 1]
2026-07-13 11:05:52 DEBUG:    EVENT NUM 117   current_time = 00:00:34   START_TASK            [queue size = 144]
2026-07-13 11:05:52 DEBUG: Task 16 started: robot 15 → pod 573 → workstation 0 for orders {66, 11} (arrival = 127.2 s).   [idle robots = 23/40]
2026-07-13 11:05:52 DEBUG:    EVENT NUM 118   current_time = 00:00:36   ARRIVAL_POD_WST       [queue size = 144]
2026-07-13 11:05:52 DEBUG: Pod 765 arrived at workstation 4 - status = IDLE
2026-07-13 11:05:52 DEBUG: Pod queued at workstation.    [picking_buffer = {5: 36.24237003376495}]
2026-07-13 11:05:52 DEBUG:    EVENT NUM 119   current_time = 00:00:36   START_PICKING         [queue size = 144]
2026-07-13 11:05:52 DEBUG: Processing task 5 at workstation 4: picking items {11010, 9172} for orders {33, 55}
2026-07-13 11:05:52 DEBUG:    EVENT NUM 120   current_time = 00:00:36   RELEASE_TASK          [queue size = 144]
2026-07-13 11:05:52 DEBUG: Task 17 released: pod 864 required by workstation(s) [3].  [released tasks = 1]
2026-07-13 11:05:52 DEBUG:    EVENT NUM 121   current_time = 00:00:36   START_TASK            [queue size = 144]
2026-07-13 11:05:52 DEBUG: Task 17 started: robot 34 → pod 864 → workstation 3 for orders {30} (arrival = 120.3 s).   [idle robots = 22/40]
2026-07-13 11:05:52 DEBUG:    EVENT NUM 122   current_time = 00:00:39   RELEASE_TASK          [queue size = 144]
2026-07-13 11:05:52 DEBUG: Task 18 released: pod 222 required by workstation(s) [2].  [released tasks = 1]
2026-07-13 11:05:52 DEBUG:    EVENT NUM 123   current_time = 00:00:39   START_TASK            [queue size = 144]
2026-07-13 11:05:52 DEBUG: Task 18 started: robot 26 → pod 222 → workstation 2 for orders {68} (arrival = 117.4 s).   [idle robots = 21/40]
2026-07-13 11:05:52 DEBUG:    EVENT NUM 124   current_time = 00:00:39   ARRIVAL_POD_WST       [queue size = 144]
2026-07-13 11:05:52 DEBUG: Pod 760 arrived at workstation 1 - status = IDLE
2026-07-13 11:05:52 DEBUG: Pod queued at workstation.    [picking_buffer = {4: 39.233184218835014}]
2026-07-13 11:05:52 DEBUG:    EVENT NUM 125   current_time = 00:00:39   START_PICKING         [queue size = 144]
2026-07-13 11:05:52 DEBUG: Processing task 4 at workstation 1: picking items {12312} for orders {16}
2026-07-13 11:05:52 DEBUG:    EVENT NUM 126   current_time = 00:00:40   ARRIVAL_ORDER         [queue size = 144]
2026-07-13 11:05:52 DEBUG: Order 103 arrived: items_required = [1021].     [orders_in_system = 104]
2026-07-13 11:05:52 DEBUG:    EVENT NUM 127   current_time = 00:00:40   ARRIVAL_POD_WST       [queue size = 144]
2026-07-13 11:05:52 DEBUG: Pod 732 arrived at workstation 3 - status = IDLE
2026-07-13 11:05:52 DEBUG: Pod queued at workstation.    [picking_buffer = {3: 40.538848483384555}]
2026-07-13 11:05:52 DEBUG:    EVENT NUM 128   current_time = 00:00:40   START_PICKING         [queue size = 144]
2026-07-13 11:05:52 DEBUG: Processing task 3 at workstation 3: picking items {8684} for orders {22}
2026-07-13 11:05:52 DEBUG:    EVENT NUM 129   current_time = 00:00:41   RELEASE_TASK          [queue size = 144]
2026-07-13 11:05:52 DEBUG: Task 19 released: pod 752 required by workstation(s) [1].  [released tasks = 1]
2026-07-13 11:05:52 DEBUG:    EVENT NUM 130   current_time = 00:00:41   START_TASK            [queue size = 144]
2026-07-13 11:05:52 DEBUG: Task 19 started: robot 0 → pod 752 → workstation 1 for orders {51} (arrival = 126.7 s).   [idle robots = 20/40]
2026-07-13 11:05:52 DEBUG:    EVENT NUM 131   current_time = 00:00:43   ARRIVAL_POD_WST       [queue size = 144]
2026-07-13 11:05:52 DEBUG: Pod 758 arrived at workstation 0 - status = IDLE
2026-07-13 11:05:52 DEBUG: Pod queued at workstation.    [picking_buffer = {2: 43.14900925760468}]
2026-07-13 11:05:52 DEBUG:    EVENT NUM 132   current_time = 00:00:43   START_PICKING         [queue size = 144]
2026-07-13 11:05:52 DEBUG: Processing task 2 at workstation 0: picking items {9161} for orders {45}
2026-07-13 11:05:52 DEBUG:    EVENT NUM 133   current_time = 00:00:43   RELEASE_TASK          [queue size = 144]
2026-07-13 11:05:52 DEBUG: Task 20 released: pod 521 required by workstation(s) [2].  [released tasks = 1]
2026-07-13 11:05:52 DEBUG:    EVENT NUM 134   current_time = 00:00:43   START_TASK            [queue size = 144]
2026-07-13 11:05:52 DEBUG: Task 20 started: robot 23 → pod 521 → workstation 2 for orders {91} (arrival = 101.3 s).   [idle robots = 19/40]
2026-07-13 11:05:52 DEBUG:    EVENT NUM 135   current_time = 00:00:43   RETURN_POD            [queue size = 144]
2026-07-13 11:05:52 DEBUG: Pod 853 returned. Robot 16 idle.   [idle robots = 20/40, released tasks = 0]
2026-07-13 11:05:52 DEBUG:    EVENT NUM 136   current_time = 00:00:44   RETURN_POD            [queue size = 143]
2026-07-13 11:05:52 DEBUG: Pod 880 returned. Robot 17 idle.   [idle robots = 21/40, released tasks = 0]
2026-07-13 11:05:52 DEBUG:    EVENT NUM 137   current_time = 00:00:45   RELEASE_TASK          [queue size = 142]
2026-07-13 11:05:52 DEBUG: Task 21 released: pod 523 required by workstation(s) [3].  [released tasks = 1]
2026-07-13 11:05:52 DEBUG:    EVENT NUM 138   current_time = 00:00:45   START_TASK            [queue size = 142]
2026-07-13 11:05:52 DEBUG: Task 21 started: robot 16 → pod 523 → workstation 3 for orders {1} (arrival = 96.9 s).   [idle robots = 20/40]
2026-07-13 11:05:52 DEBUG:    EVENT NUM 139   current_time = 00:00:47   RELEASE_TASK          [queue size = 142]
2026-07-13 11:05:52 DEBUG: Task 22 released: pod 37 required by workstation(s) [0].  [released tasks = 1]
2026-07-13 11:05:52 DEBUG:    EVENT NUM 140   current_time = 00:00:47   START_TASK            [queue size = 142]
2026-07-13 11:05:52 DEBUG: Task 22 blocked: no orders in {0: [56]} is open yet.  [released tasks = 0]
2026-07-13 11:05:52 DEBUG:    EVENT NUM 141   current_time = 00:00:49   END_PICKING           [queue size = 141]
2026-07-13 11:05:52 DEBUG: Ended picking at workstation 1.    [picking_buffer len = {}]
2026-07-13 11:05:52 DEBUG: Task should have served orders {16}, found open orders {16, 49, 18, 34}.
2026-07-13 11:05:52 DEBUG: Task 4 completed: pod 760 returning to storage.
2026-07-13 11:05:52 DEBUG:    EVENT NUM 142   current_time = 00:00:49   CLOSE_ORDER           [queue size = 142]
2026-07-13 11:05:52 DEBUG: Order 16 closed at workstation 1: flow_time = 49.2 s.     [order_buffer = 9] [open_orders = 3/4]
2026-07-13 11:05:52 DEBUG: Next order in buffer: 51
2026-07-13 11:05:52 DEBUG:    EVENT NUM 143   current_time = 00:00:49   OPEN_ORDER            [queue size = 142]
2026-07-13 11:05:52 DEBUG: Order 51 (skus required = {6497}) opened at workstation 1.   [open_orders = 4/4]
2026-07-13 11:05:52 DEBUG:    EVENT NUM 144   current_time = 00:00:49   START_TASK            [queue size = 142]
2026-07-13 11:05:52 DEBUG: Task 22 blocked: no orders in {0: [56]} is open yet.  [released tasks = 0]
2026-07-13 11:05:52 DEBUG:    EVENT NUM 145   current_time = 00:00:49   RELEASE_TASK          [queue size = 141]
2026-07-13 11:05:52 DEBUG: Task 23 released: pod 248 required by workstation(s) [3].  [released tasks = 2]
2026-07-13 11:05:52 DEBUG:    EVENT NUM 146   current_time = 00:00:49   START_TASK            [queue size = 141]
2026-07-13 11:05:52 DEBUG: Task 22 blocked: no orders in {0: [56]} is open yet.  [released tasks = 1]
2026-07-13 11:05:52 DEBUG: Task 23 started: robot 25 → pod 248 → workstation 3 for orders {30} (arrival = 164.1 s).   [idle robots = 19/40]
2026-07-13 11:05:52 DEBUG:    EVENT NUM 147   current_time = 00:00:50   ARRIVAL_ORDER         [queue size = 141]
2026-07-13 11:05:52 DEBUG: Order 104 arrived: items_required = [166].     [orders_in_system = 104]
2026-07-13 11:05:52 DEBUG:    EVENT NUM 148   current_time = 00:00:50   END_PICKING           [queue size = 141]
2026-07-13 11:05:52 DEBUG: Ended picking at workstation 3.    [picking_buffer len = {}]
2026-07-13 11:05:52 DEBUG: Task should have served orders {22}, found open orders {1, 75, 22, 30}.
2026-07-13 11:05:52 DEBUG: Task 3 completed: pod 732 returning to storage.
2026-07-13 11:05:52 DEBUG:    EVENT NUM 149   current_time = 00:00:51   END_PICKING           [queue size = 141]
2026-07-13 11:05:52 DEBUG: Ended picking at workstation 4.    [picking_buffer len = {}]
2026-07-13 11:05:52 DEBUG: Task should have served orders {33, 55}, found open orders {32, 33, 62, 55}.
2026-07-13 11:05:52 DEBUG: Task 5 completed: pod 765 returning to storage.
2026-07-13 11:05:52 DEBUG:    EVENT NUM 150   current_time = 00:00:51   CLOSE_ORDER           [queue size = 143]
2026-07-13 11:05:52 DEBUG: Order 33 closed at workstation 4: flow_time = 51.2 s.     [order_buffer = 5] [open_orders = 3/4]
2026-07-13 11:05:52 DEBUG: Next order in buffer: 35
2026-07-13 11:05:52 DEBUG:    EVENT NUM 151   current_time = 00:00:51   CLOSE_ORDER           [queue size = 143]
2026-07-13 11:05:52 DEBUG: Order 55 closed at workstation 4: flow_time = 51.2 s.     [order_buffer = 4] [open_orders = 2/4]
2026-07-13 11:05:52 DEBUG: Next order in buffer: 78
2026-07-13 11:05:52 DEBUG:    EVENT NUM 152   current_time = 00:00:51   OPEN_ORDER            [queue size = 143]
2026-07-13 11:05:52 DEBUG: Order 35 (skus required = {2371}) opened at workstation 4.   [open_orders = 3/4]
2026-07-13 11:05:52 DEBUG:    EVENT NUM 153   current_time = 00:00:51   OPEN_ORDER            [queue size = 143]
2026-07-13 11:05:52 DEBUG: Order 78 (skus required = {6824, 8330}) opened at workstation 4.   [open_orders = 4/4]
2026-07-13 11:05:52 DEBUG:    EVENT NUM 154   current_time = 00:00:51   START_TASK            [queue size = 143]
2026-07-13 11:05:52 DEBUG: Task 22 blocked: no orders in {0: [56]} is open yet.  [released tasks = 0]
2026-07-13 11:05:52 DEBUG:    EVENT NUM 155   current_time = 00:00:51   START_TASK            [queue size = 142]
2026-07-13 11:05:52 DEBUG: Task 22 blocked: no orders in {0: [56]} is open yet.  [released tasks = 0]
2026-07-13 11:05:52 DEBUG:    EVENT NUM 156   current_time = 00:00:51   RELEASE_TASK          [queue size = 141]
2026-07-13 11:05:52 DEBUG: Task 24 released: pod 394 required by workstation(s) [1].  [released tasks = 2]
2026-07-13 11:05:52 DEBUG:    EVENT NUM 157   current_time = 00:00:51   START_TASK            [queue size = 141]
2026-07-13 11:05:52 DEBUG: Task 22 blocked: no orders in {0: [56]} is open yet.  [released tasks = 1]
2026-07-13 11:05:52 DEBUG: Task 24 started: robot 17 → pod 394 → workstation 1 for orders {44} (arrival = 156.6 s).   [idle robots = 18/40]
2026-07-13 11:05:52 DEBUG:    EVENT NUM 158   current_time = 00:00:53   END_PICKING           [queue size = 141]
2026-07-13 11:05:52 DEBUG: Ended picking at workstation 0.    [picking_buffer len = {}]
2026-07-13 11:05:52 DEBUG: Task should have served orders {45}, found open orders {42, 60, 45, 14}.
2026-07-13 11:05:52 DEBUG: Task 2 completed: pod 758 returning to storage.
2026-07-13 11:05:52 DEBUG:    EVENT NUM 159   current_time = 00:00:53   RELEASE_TASK          [queue size = 141]
2026-07-13 11:05:52 DEBUG: Task 25 released: pod 46 required by workstation(s) [6].  [released tasks = 2]
2026-07-13 11:05:52 DEBUG:    EVENT NUM 160   current_time = 00:00:53   START_TASK            [queue size = 141]
2026-07-13 11:05:52 DEBUG: Task 22 blocked: no orders in {0: [56]} is open yet.  [released tasks = 1]
2026-07-13 11:05:52 DEBUG: Task 25 started: robot 7 → pod 46 → workstation 6 for orders {47} (arrival = 157.5 s).   [idle robots = 17/40]
2026-07-13 11:05:52 DEBUG:    EVENT NUM 161   current_time = 00:00:55   RELEASE_TASK          [queue size = 141]
2026-07-13 11:05:52 DEBUG: Task 26 released: pod 102 required by workstation(s) [2].  [released tasks = 2]
2026-07-13 11:05:52 DEBUG:    EVENT NUM 162   current_time = 00:00:55   START_TASK            [queue size = 141]
2026-07-13 11:05:52 DEBUG: Task 22 blocked: no orders in {0: [56]} is open yet.  [released tasks = 1]
2026-07-13 11:05:52 DEBUG: Task 26 blocked: no orders in {2: [46, 87]} is open yet.  [released tasks = 0]
2026-07-13 11:05:52 DEBUG:    EVENT NUM 163   current_time = 00:00:57   ARRIVAL_POD_WST       [queue size = 140]
2026-07-13 11:05:52 DEBUG: Pod 701 arrived at workstation 1 - status = IDLE
2026-07-13 11:05:52 DEBUG: Pod queued at workstation.    [picking_buffer = {11: 57.96397938239804}]
2026-07-13 11:05:52 DEBUG:    EVENT NUM 164   current_time = 00:00:57   START_PICKING         [queue size = 140]
2026-07-13 11:05:52 DEBUG: Processing task 11 at workstation 1: picking items {9915} for orders {18}
2026-07-13 11:05:52 DEBUG:    EVENT NUM 165   current_time = 00:00:58   RELEASE_TASK          [queue size = 140]
2026-07-13 11:05:52 DEBUG: Task 27 released: pod 369 required by workstation(s) [1].  [released tasks = 3]
2026-07-13 11:05:52 DEBUG:    EVENT NUM 166   current_time = 00:00:58   START_TASK            [queue size = 140]
2026-07-13 11:05:52 DEBUG: Task 22 blocked: no orders in {0: [56]} is open yet.  [released tasks = 2]
2026-07-13 11:05:52 DEBUG: Task 26 blocked: no orders in {2: [46, 87]} is open yet.  [released tasks = 1]
2026-07-13 11:05:52 DEBUG: Task 27 blocked: no orders in {1: [41]} is open yet.  [released tasks = 0]
2026-07-13 11:05:52 DEBUG:    EVENT NUM 167   current_time = 00:00:58   ARRIVAL_POD_WST       [queue size = 139]
2026-07-13 11:05:52 DEBUG: Pod 824 arrived at workstation 1 - status = BUSY
2026-07-13 11:05:52 DEBUG: Pod queued at workstation.    [picking_buffer = {10: 58.65522336188303}]
2026-07-13 11:05:52 DEBUG:    EVENT NUM 168   current_time = 00:01:00   ARRIVAL_ORDER         [queue size = 138]
2026-07-13 11:05:52 DEBUG: Order 105 arrived: items_required = [5952, 3949, 8600].     [orders_in_system = 103]
2026-07-13 11:05:52 DEBUG:    EVENT NUM 169   current_time = 00:01:00   RELEASE_TASK          [queue size = 138]
2026-07-13 11:05:52 DEBUG: Task 28 released: pod 301 required by workstation(s) [1, 1].  [released tasks = 4]
2026-07-13 11:05:52 DEBUG:    EVENT NUM 170   current_time = 00:01:00   START_TASK            [queue size = 138]
2026-07-13 11:05:52 DEBUG: Task 22 blocked: no orders in {0: [56]} is open yet.  [released tasks = 3]
2026-07-13 11:05:52 DEBUG: Task 26 blocked: no orders in {2: [46, 87]} is open yet.  [released tasks = 2]
2026-07-13 11:05:52 DEBUG: Task 27 blocked: no orders in {1: [41]} is open yet.  [released tasks = 1]
2026-07-13 11:05:52 DEBUG: Task 28 blocked: no orders in {1: [27]} is open yet.  [released tasks = 0]
2026-07-13 11:05:52 DEBUG:    EVENT NUM 171   current_time = 00:01:02   RELEASE_TASK          [queue size = 137]
2026-07-13 11:05:52 DEBUG: Task 29 released: pod 214 required by workstation(s) [1, 1].  [released tasks = 5]
2026-07-13 11:05:52 DEBUG:    EVENT NUM 172   current_time = 00:01:02   START_TASK            [queue size = 137]
2026-07-13 11:05:52 DEBUG: Task 22 blocked: no orders in {0: [56]} is open yet.  [released tasks = 4]
2026-07-13 11:05:52 DEBUG: Task 26 blocked: no orders in {2: [46, 87]} is open yet.  [released tasks = 3]
2026-07-13 11:05:52 DEBUG: Task 27 blocked: no orders in {1: [41]} is open yet.  [released tasks = 2]
2026-07-13 11:05:52 DEBUG: Task 28 blocked: no orders in {1: [27]} is open yet.  [released tasks = 1]
2026-07-13 11:05:52 DEBUG: Task 29 blocked: no orders in {1: [72, 6]} is open yet.  [released tasks = 0]
2026-07-13 11:05:52 DEBUG:    EVENT NUM 173   current_time = 00:01:04   RELEASE_TASK          [queue size = 136]
2026-07-13 11:05:52 DEBUG: Task 30 released: pod 367 required by workstation(s) [0, 0].  [released tasks = 6]
2026-07-13 11:05:52 DEBUG:    EVENT NUM 174   current_time = 00:01:04   START_TASK            [queue size = 136]
2026-07-13 11:05:52 DEBUG: Task 22 blocked: no orders in {0: [56]} is open yet.  [released tasks = 5]
2026-07-13 11:05:52 DEBUG: Task 26 blocked: no orders in {2: [46, 87]} is open yet.  [released tasks = 4]
2026-07-13 11:05:52 DEBUG: Task 27 blocked: no orders in {1: [41]} is open yet.  [released tasks = 3]
2026-07-13 11:05:52 DEBUG: Task 28 blocked: no orders in {1: [27]} is open yet.  [released tasks = 2]
2026-07-13 11:05:52 DEBUG: Task 29 blocked: no orders in {1: [72, 6]} is open yet.  [released tasks = 1]
2026-07-13 11:05:52 DEBUG: Task 30 started: robot 31 → pod 367 → workstation 0 for orders {66} (arrival = 157.3 s).   [idle robots = 16/40]
2026-07-13 11:05:52 DEBUG:    EVENT NUM 175   current_time = 00:01:06   ARRIVAL_POD_WST       [queue size = 136]
2026-07-13 11:05:52 DEBUG: Pod 799 arrived at workstation 3 - status = IDLE
2026-07-13 11:05:52 DEBUG: Pod queued at workstation.    [picking_buffer = {6: 66.01352430348686}]
2026-07-13 11:05:52 DEBUG:    EVENT NUM 176   current_time = 00:01:06   START_PICKING         [queue size = 136]
2026-07-13 11:05:52 DEBUG: Processing task 6 at workstation 3: picking items {5337} for orders {22}
2026-07-13 11:05:52 DEBUG:    EVENT NUM 177   current_time = 00:01:06   RELEASE_TASK          [queue size = 136]
2026-07-13 11:05:52 DEBUG: Task 31 released: pod 95 required by workstation(s) [0].  [released tasks = 6]
2026-07-13 11:05:52 DEBUG:    EVENT NUM 178   current_time = 00:01:06   START_TASK            [queue size = 136]
2026-07-13 11:05:52 DEBUG: Task 22 blocked: no orders in {0: [56]} is open yet.  [released tasks = 5]
2026-07-13 11:05:52 DEBUG: Task 26 blocked: no orders in {2: [46, 87]} is open yet.  [released tasks = 4]
2026-07-13 11:05:52 DEBUG: Task 27 blocked: no orders in {1: [41]} is open yet.  [released tasks = 3]
2026-07-13 11:05:52 DEBUG: Task 28 blocked: no orders in {1: [27]} is open yet.  [released tasks = 2]
2026-07-13 11:05:52 DEBUG: Task 29 blocked: no orders in {1: [72, 6]} is open yet.  [released tasks = 1]
2026-07-13 11:05:52 DEBUG: Task 31 blocked: no orders in {0: [17]} is open yet.  [released tasks = 0]
2026-07-13 11:05:52 DEBUG:    EVENT NUM 179   current_time = 00:01:06   ARRIVAL_POD_WST       [queue size = 135]
2026-07-13 11:05:52 DEBUG: Pod 646 arrived at workstation 4 - status = IDLE
2026-07-13 11:05:52 DEBUG: Pod queued at workstation.    [picking_buffer = {8: 66.83003127528673}]
2026-07-13 11:05:52 DEBUG:    EVENT NUM 180   current_time = 00:01:06   START_PICKING         [queue size = 135]
2026-07-13 11:05:52 DEBUG: Processing task 8 at workstation 4: picking items {9908, 7692} for orders {32, 62}
2026-07-13 11:05:52 DEBUG:    EVENT NUM 181   current_time = 00:01:07   ARRIVAL_POD_WST       [queue size = 135]
2026-07-13 11:05:52 DEBUG: Pod 552 arrived at workstation 2 - status = IDLE
2026-07-13 11:05:52 DEBUG: Pod queued at workstation.    [picking_buffer = {9: 67.14948149979786}]
2026-07-13 11:05:52 DEBUG:    EVENT NUM 182   current_time = 00:01:07   START_PICKING         [queue size = 135]
2026-07-13 11:05:52 DEBUG: Processing task 9 at workstation 2: picking items {7599} for orders {85}
2026-07-13 11:05:52 DEBUG:    EVENT NUM 183   current_time = 00:01:07   END_PICKING           [queue size = 135]
2026-07-13 11:05:52 DEBUG: Ended picking at workstation 1.    [picking_buffer len = {10: 58.65522336188303}]
2026-07-13 11:05:52 DEBUG: Task should have served orders {18}, found open orders {34, 49, 18, 51}.
2026-07-13 11:05:52 DEBUG: Task 11 completed: pod 701 returning to storage.
2026-07-13 11:05:52 DEBUG:    EVENT NUM 184   current_time = 00:01:07   CLOSE_ORDER           [queue size = 137]
2026-07-13 11:05:52 DEBUG: Order 18 closed at workstation 1: flow_time = 68.0 s.     [order_buffer = 8] [open_orders = 3/4]
2026-07-13 11:05:52 DEBUG: Next order in buffer: 44
2026-07-13 11:05:52 DEBUG:    EVENT NUM 185   current_time = 00:01:07   START_PICKING         [queue size = 137]
2026-07-13 11:05:52 DEBUG: Processing task 10 at workstation 1: picking items {8254} for orders {49}
2026-07-13 11:05:52 DEBUG:    EVENT NUM 186   current_time = 00:01:07   OPEN_ORDER            [queue size = 137]
2026-07-13 11:05:52 DEBUG: Order 44 (skus required = {5750}) opened at workstation 1.   [open_orders = 4/4]
2026-07-13 11:05:52 DEBUG:    EVENT NUM 187   current_time = 00:01:07   START_TASK            [queue size = 137]
2026-07-13 11:05:52 DEBUG: Task 22 blocked: no orders in {0: [56]} is open yet.  [released tasks = 5]
2026-07-13 11:05:52 DEBUG: Task 26 blocked: no orders in {2: [46, 87]} is open yet.  [released tasks = 4]
2026-07-13 11:05:52 DEBUG: Task 27 started: robot 9 → pod 369 → workstation 1 for orders {41} (arrival = 152.5 s).   [idle robots = 15/40]
2026-07-13 11:05:52 DEBUG:    EVENT NUM 188   current_time = 00:01:08   RELEASE_TASK          [queue size = 137]
2026-07-13 11:05:52 DEBUG: Task 32 released: pod 731 required by workstation(s) [1].  [released tasks = 6]
2026-07-13 11:05:52 DEBUG:    EVENT NUM 189   current_time = 00:01:08   START_TASK            [queue size = 137]
2026-07-13 11:05:52 DEBUG: Task 22 blocked: no orders in {0: [56]} is open yet.  [released tasks = 5]
2026-07-13 11:05:52 DEBUG: Task 26 blocked: no orders in {2: [46, 87]} is open yet.  [released tasks = 4]
2026-07-13 11:05:52 DEBUG: Task 28 blocked: no orders in {1: [27]} is open yet.  [released tasks = 3]
2026-07-13 11:05:52 DEBUG: Task 29 blocked: no orders in {1: [72, 6]} is open yet.  [released tasks = 2]
2026-07-13 11:05:52 DEBUG: Task 31 blocked: no orders in {0: [17]} is open yet.  [released tasks = 1]
2026-07-13 11:05:52 DEBUG: Task 32 started: robot 39 → pod 731 → workstation 1 for orders {49} (arrival = 99.0 s).   [idle robots = 14/40]
2026-07-13 11:05:52 DEBUG:    EVENT NUM 190   current_time = 00:01:09   ARRIVAL_POD_WST       [queue size = 137]
2026-07-13 11:05:52 DEBUG: Pod 579 arrived at workstation 0 - status = IDLE
2026-07-13 11:05:52 DEBUG: Pod queued at workstation.    [picking_buffer = {7: 69.27980458119826}]
2026-07-13 11:05:52 DEBUG:    EVENT NUM 191   current_time = 00:01:09   START_PICKING         [queue size = 137]
2026-07-13 11:05:52 DEBUG: Processing task 7 at workstation 0: picking items {3621} for orders {60}
2026-07-13 11:05:52 DEBUG:    EVENT NUM 192   current_time = 00:01:10   ARRIVAL_ORDER         [queue size = 137]
2026-07-13 11:05:52 DEBUG: Order 106 arrived: items_required = [12394, 8862].     [orders_in_system = 103]
2026-07-13 11:05:52 DEBUG:    EVENT NUM 193   current_time = 00:01:10   RELEASE_TASK          [queue size = 137]
2026-07-13 11:05:52 DEBUG: Task 33 released: pod 544 required by workstation(s) [2].  [released tasks = 6]
2026-07-13 11:05:52 DEBUG:    EVENT NUM 194   current_time = 00:01:10   START_TASK            [queue size = 137]
2026-07-13 11:05:52 DEBUG: Task 22 blocked: no orders in {0: [56]} is open yet.  [released tasks = 5]
2026-07-13 11:05:52 DEBUG: Task 26 blocked: no orders in {2: [46, 87]} is open yet.  [released tasks = 4]
2026-07-13 11:05:52 DEBUG: Task 28 blocked: no orders in {1: [27]} is open yet.  [released tasks = 3]
2026-07-13 11:05:52 DEBUG: Task 29 blocked: no orders in {1: [72, 6]} is open yet.  [released tasks = 2]
2026-07-13 11:05:52 DEBUG: Task 31 blocked: no orders in {0: [17]} is open yet.  [released tasks = 1]
2026-07-13 11:05:52 DEBUG: Task 33 blocked: no orders in {2: [82]} is open yet.  [released tasks = 0]
2026-07-13 11:05:52 DEBUG:    EVENT NUM 195   current_time = 00:01:12   RELEASE_TASK          [queue size = 136]
2026-07-13 11:05:52 DEBUG: Task 34 released: pod 895 required by workstation(s) [2].  [released tasks = 7]
2026-07-13 11:05:52 DEBUG:    EVENT NUM 196   current_time = 00:01:12   START_TASK            [queue size = 136]
2026-07-13 11:05:52 DEBUG: Task 22 blocked: no orders in {0: [56]} is open yet.  [released tasks = 6]
2026-07-13 11:05:52 DEBUG: Task 26 blocked: no orders in {2: [46, 87]} is open yet.  [released tasks = 5]
2026-07-13 11:05:52 DEBUG: Task 28 blocked: no orders in {1: [27]} is open yet.  [released tasks = 4]
2026-07-13 11:05:52 DEBUG: Task 29 blocked: no orders in {1: [72, 6]} is open yet.  [released tasks = 3]
2026-07-13 11:05:52 DEBUG: Task 31 blocked: no orders in {0: [17]} is open yet.  [released tasks = 2]
2026-07-13 11:05:52 DEBUG: Task 33 blocked: no orders in {2: [82]} is open yet.  [released tasks = 1]
2026-07-13 11:05:52 DEBUG: Task 34 blocked: no orders in {2: [98]} is open yet.  [released tasks = 0]
2026-07-13 11:05:52 DEBUG:    EVENT NUM 197   current_time = 00:01:14   RELEASE_TASK          [queue size = 135]
2026-07-13 11:05:52 DEBUG: Task 35 released: pod 150 required by workstation(s) [0].  [released tasks = 8]
2026-07-13 11:05:52 DEBUG:    EVENT NUM 198   current_time = 00:01:14   START_TASK            [queue size = 135]
2026-07-13 11:05:52 DEBUG: Task 22 blocked: no orders in {0: [56]} is open yet.  [released tasks = 7]
2026-07-13 11:05:52 DEBUG: Task 26 blocked: no orders in {2: [46, 87]} is open yet.  [released tasks = 6]
2026-07-13 11:05:52 DEBUG: Task 28 blocked: no orders in {1: [27]} is open yet.  [released tasks = 5]
2026-07-13 11:05:52 DEBUG: Task 29 blocked: no orders in {1: [72, 6]} is open yet.  [released tasks = 4]
2026-07-13 11:05:52 DEBUG: Task 31 blocked: no orders in {0: [17]} is open yet.  [released tasks = 3]
2026-07-13 11:05:52 DEBUG: Task 33 blocked: no orders in {2: [82]} is open yet.  [released tasks = 2]
2026-07-13 11:05:52 DEBUG: Task 34 blocked: no orders in {2: [98]} is open yet.  [released tasks = 1]
2026-07-13 11:05:52 DEBUG: Task 35 blocked: no orders in {0: [94]} is open yet.  [released tasks = 0]
2026-07-13 11:05:52 DEBUG:    EVENT NUM 199   current_time = 00:01:15   RETURN_POD            [queue size = 134]
2026-07-13 11:05:52 DEBUG: Pod 765 returned. Robot 35 idle.   [idle robots = 15/40, released tasks = 8]
2026-07-13 11:05:52 DEBUG:    EVENT NUM 200   current_time = 00:01:15   START_TASK            [queue size = 134]
2026-07-13 11:05:52 DEBUG: Task 22 blocked: no orders in {0: [56]} is open yet.  [released tasks = 7]
2026-07-13 11:05:52 DEBUG: Task 26 blocked: no orders in {2: [46, 87]} is open yet.  [released tasks = 6]
2026-07-13 11:05:52 DEBUG: Task 28 blocked: no orders in {1: [27]} is open yet.  [released tasks = 5]
2026-07-13 11:05:52 DEBUG: Task 29 blocked: no orders in {1: [72, 6]} is open yet.  [released tasks = 4]
2026-07-13 11:05:52 DEBUG: Task 31 blocked: no orders in {0: [17]} is open yet.  [released tasks = 3]
2026-07-13 11:05:52 DEBUG: Task 33 blocked: no orders in {2: [82]} is open yet.  [released tasks = 2]
2026-07-13 11:05:52 DEBUG: Task 34 blocked: no orders in {2: [98]} is open yet.  [released tasks = 1]
2026-07-13 11:05:52 DEBUG: Task 35 blocked: no orders in {0: [94]} is open yet.  [released tasks = 0]
2026-07-13 11:05:52 DEBUG:    EVENT NUM 201   current_time = 00:01:16   END_PICKING           [queue size = 133]
2026-07-13 11:05:52 DEBUG: Ended picking at workstation 3.    [picking_buffer len = {}]
2026-07-13 11:05:52 DEBUG: Task should have served orders {22}, found open orders {1, 75, 22, 30}.
2026-07-13 11:05:52 DEBUG: Task 6 completed: pod 799 returning to storage.
2026-07-13 11:05:52 DEBUG:    EVENT NUM 202   current_time = 00:01:16   CLOSE_ORDER           [queue size = 134]
2026-07-13 11:05:52 DEBUG: Order 22 closed at workstation 3: flow_time = 76.0 s.     [order_buffer = 6] [open_orders = 3/4]
2026-07-13 11:05:52 DEBUG: Next order in buffer: 58
2026-07-13 11:05:52 DEBUG:    EVENT NUM 203   current_time = 00:01:16   OPEN_ORDER            [queue size = 134]
2026-07-13 11:05:52 DEBUG: Order 58 (skus required = {7066}) opened at workstation 3.   [open_orders = 4/4]
2026-07-13 11:05:52 DEBUG:    EVENT NUM 204   current_time = 00:01:16   START_TASK            [queue size = 134]
2026-07-13 11:05:52 DEBUG: Task 22 blocked: no orders in {0: [56]} is open yet.  [released tasks = 7]
2026-07-13 11:05:52 DEBUG: Task 26 blocked: no orders in {2: [46, 87]} is open yet.  [released tasks = 6]
2026-07-13 11:05:52 DEBUG: Task 28 blocked: no orders in {1: [27]} is open yet.  [released tasks = 5]
2026-07-13 11:05:52 DEBUG: Task 29 blocked: no orders in {1: [72, 6]} is open yet.  [released tasks = 4]
2026-07-13 11:05:52 DEBUG: Task 31 blocked: no orders in {0: [17]} is open yet.  [released tasks = 3]
2026-07-13 11:05:52 DEBUG: Task 33 blocked: no orders in {2: [82]} is open yet.  [released tasks = 2]
2026-07-13 11:05:52 DEBUG: Task 34 blocked: no orders in {2: [98]} is open yet.  [released tasks = 1]
2026-07-13 11:05:52 DEBUG: Task 35 blocked: no orders in {0: [94]} is open yet.  [released tasks = 0]
2026-07-13 11:05:52 DEBUG:    EVENT NUM 205   current_time = 00:01:16   ARRIVAL_POD_WST       [queue size = 133]
2026-07-13 11:05:52 DEBUG: Pod 581 arrived at workstation 1 - status = BUSY
2026-07-13 11:05:52 DEBUG: Pod queued at workstation.    [picking_buffer = {15: 76.35787222245318}]
2026-07-13 11:05:52 DEBUG:    EVENT NUM 206   current_time = 00:01:17   RELEASE_TASK          [queue size = 132]
2026-07-13 11:05:52 DEBUG: Task 36 released: pod 422 required by workstation(s) [2].  [released tasks = 9]
2026-07-13 11:05:52 DEBUG:    EVENT NUM 207   current_time = 00:01:17   START_TASK            [queue size = 132]
2026-07-13 11:05:52 DEBUG: Task 22 blocked: no orders in {0: [56]} is open yet.  [released tasks = 8]
2026-07-13 11:05:52 DEBUG: Task 26 blocked: no orders in {2: [46, 87]} is open yet.  [released tasks = 7]
2026-07-13 11:05:52 DEBUG: Task 28 blocked: no orders in {1: [27]} is open yet.  [released tasks = 6]
2026-07-13 11:05:52 DEBUG: Task 29 blocked: no orders in {1: [72, 6]} is open yet.  [released tasks = 5]
2026-07-13 11:05:52 DEBUG: Task 31 blocked: no orders in {0: [17]} is open yet.  [released tasks = 4]
2026-07-13 11:05:52 DEBUG: Task 33 blocked: no orders in {2: [82]} is open yet.  [released tasks = 3]
2026-07-13 11:05:52 DEBUG: Task 34 blocked: no orders in {2: [98]} is open yet.  [released tasks = 2]
2026-07-13 11:05:52 DEBUG: Task 35 blocked: no orders in {0: [94]} is open yet.  [released tasks = 1]
2026-07-13 11:05:52 DEBUG: Task 36 blocked: no orders in {2: [54]} is open yet.  [released tasks = 0]
2026-07-13 11:05:52 DEBUG:    EVENT NUM 208   current_time = 00:01:17   END_PICKING           [queue size = 131]
2026-07-13 11:05:52 DEBUG: Ended picking at workstation 2.    [picking_buffer len = {}]
2026-07-13 11:05:52 DEBUG: Task should have served orders {85}, found open orders {43, 4, 85, 68}.
2026-07-13 11:05:52 DEBUG: Task 9 completed: pod 552 returning to storage.
2026-07-13 11:05:52 DEBUG:    EVENT NUM 209   current_time = 00:01:17   CLOSE_ORDER           [queue size = 132]
2026-07-13 11:05:52 DEBUG: Order 85 closed at workstation 2: flow_time = 77.1 s.     [order_buffer = 9] [open_orders = 3/4]
2026-07-13 11:05:52 DEBUG: Next order in buffer: 91
2026-07-13 11:05:52 DEBUG:    EVENT NUM 210   current_time = 00:01:17   OPEN_ORDER            [queue size = 132]
2026-07-13 11:05:52 DEBUG: Order 91 (skus required = {4729}) opened at workstation 2.   [open_orders = 4/4]
2026-07-13 11:05:52 DEBUG:    EVENT NUM 211   current_time = 00:01:17   START_TASK            [queue size = 132]
2026-07-13 11:05:52 DEBUG: Task 22 blocked: no orders in {0: [56]} is open yet.  [released tasks = 8]
2026-07-13 11:05:52 DEBUG: Task 26 started: robot 10 → pod 102 → workstation 2 for orders {46, 87} (arrival = 172.2 s).   [idle robots = 14/40]
2026-07-13 11:05:52 DEBUG:    EVENT NUM 212   current_time = 00:01:17   END_PICKING           [queue size = 132]
2026-07-13 11:05:52 DEBUG: Ended picking at workstation 1.    [picking_buffer len = {15: 76.35787222245318}]
2026-07-13 11:05:52 DEBUG: Task should have served orders {49}, found open orders {34, 44, 49, 51}.
2026-07-13 11:05:52 DEBUG: Task 10 completed: pod 824 returning to storage.
2026-07-13 11:05:52 DEBUG:    EVENT NUM 213   current_time = 00:01:17   START_PICKING         [queue size = 133]
2026-07-13 11:05:52 DEBUG: Processing task 15 at workstation 1: picking items {10694} for orders {34}
2026-07-13 11:05:52 DEBUG:    EVENT NUM 214   current_time = 00:01:18   RETURN_POD            [queue size = 133]
2026-07-13 11:05:52 DEBUG: Pod 760 returned. Robot 4 idle.   [idle robots = 15/40, released tasks = 8]
2026-07-13 11:05:52 DEBUG:    EVENT NUM 215   current_time = 00:01:18   START_TASK            [queue size = 133]
2026-07-13 11:05:52 DEBUG: Task 22 blocked: no orders in {0: [56]} is open yet.  [released tasks = 7]
2026-07-13 11:05:52 DEBUG: Task 28 blocked: no orders in {1: [27]} is open yet.  [released tasks = 6]
2026-07-13 11:05:52 DEBUG: Task 29 blocked: no orders in {1: [72, 6]} is open yet.  [released tasks = 5]
2026-07-13 11:05:52 DEBUG: Task 31 blocked: no orders in {0: [17]} is open yet.  [released tasks = 4]
2026-07-13 11:05:52 DEBUG: Task 33 blocked: no orders in {2: [82]} is open yet.  [released tasks = 3]
2026-07-13 11:05:52 DEBUG: Task 34 blocked: no orders in {2: [98]} is open yet.  [released tasks = 2]
2026-07-13 11:05:52 DEBUG: Task 35 blocked: no orders in {0: [94]} is open yet.  [released tasks = 1]
2026-07-13 11:05:52 DEBUG: Task 36 blocked: no orders in {2: [54]} is open yet.  [released tasks = 0]
2026-07-13 11:05:52 DEBUG:    EVENT NUM 216   current_time = 00:01:19   RELEASE_TASK          [queue size = 132]
2026-07-13 11:05:52 DEBUG: Task 37 released: pod 82 required by workstation(s) [0].  [released tasks = 9]
2026-07-13 11:05:52 DEBUG:    EVENT NUM 217   current_time = 00:01:19   START_TASK            [queue size = 132]
2026-07-13 11:05:52 DEBUG: Task 22 blocked: no orders in {0: [56]} is open yet.  [released tasks = 8]
2026-07-13 11:05:52 DEBUG: Task 28 blocked: no orders in {1: [27]} is open yet.  [released tasks = 7]
2026-07-13 11:05:52 DEBUG: Task 29 blocked: no orders in {1: [72, 6]} is open yet.  [released tasks = 6]
2026-07-13 11:05:52 DEBUG: Task 31 blocked: no orders in {0: [17]} is open yet.  [released tasks = 5]
2026-07-13 11:05:52 DEBUG: Task 33 blocked: no orders in {2: [82]} is open yet.  [released tasks = 4]
2026-07-13 11:05:52 DEBUG: Task 34 blocked: no orders in {2: [98]} is open yet.  [released tasks = 3]
2026-07-13 11:05:52 DEBUG: Task 35 blocked: no orders in {0: [94]} is open yet.  [released tasks = 2]
2026-07-13 11:05:52 DEBUG: Task 36 blocked: no orders in {2: [54]} is open yet.  [released tasks = 1]
2026-07-13 11:05:52 DEBUG: Task 37 blocked: no orders in {0: [97, 71]} is open yet.  [released tasks = 0]
2026-07-13 11:05:52 DEBUG:    EVENT NUM 218   current_time = 00:01:19   END_PICKING           [queue size = 131]
2026-07-13 11:05:52 DEBUG: Ended picking at workstation 0.    [picking_buffer len = {}]
2026-07-13 11:05:52 DEBUG: Task should have served orders {60}, found open orders {42, 60, 45, 14}.
2026-07-13 11:05:52 DEBUG: Task 7 completed: pod 579 returning to storage.
2026-07-13 11:05:52 DEBUG:    EVENT NUM 219   current_time = 00:01:19   CLOSE_ORDER           [queue size = 132]
2026-07-13 11:05:52 DEBUG: Order 60 closed at workstation 0: flow_time = 79.3 s.     [order_buffer = 11] [open_orders = 3/4]
2026-07-13 11:05:52 DEBUG: Next order in buffer: 66
2026-07-13 11:05:52 DEBUG:    EVENT NUM 220   current_time = 00:01:19   OPEN_ORDER            [queue size = 132]
2026-07-13 11:05:52 DEBUG: Order 66 (skus required = {10680, 10267}) opened at workstation 0.   [open_orders = 4/4]
2026-07-13 11:05:52 DEBUG:    EVENT NUM 221   current_time = 00:01:19   START_TASK            [queue size = 132]
2026-07-13 11:05:52 DEBUG: Task 22 blocked: no orders in {0: [56]} is open yet.  [released tasks = 8]
2026-07-13 11:05:52 DEBUG: Task 28 blocked: no orders in {1: [27]} is open yet.  [released tasks = 7]
2026-07-13 11:05:52 DEBUG: Task 29 blocked: no orders in {1: [72, 6]} is open yet.  [released tasks = 6]
2026-07-13 11:05:52 DEBUG: Task 31 blocked: no orders in {0: [17]} is open yet.  [released tasks = 5]
2026-07-13 11:05:52 DEBUG: Task 33 blocked: no orders in {2: [82]} is open yet.  [released tasks = 4]
2026-07-13 11:05:52 DEBUG: Task 34 blocked: no orders in {2: [98]} is open yet.  [released tasks = 3]
2026-07-13 11:05:52 DEBUG: Task 35 blocked: no orders in {0: [94]} is open yet.  [released tasks = 2]
2026-07-13 11:05:52 DEBUG: Task 36 blocked: no orders in {2: [54]} is open yet.  [released tasks = 1]
2026-07-13 11:05:52 DEBUG: Task 37 blocked: no orders in {0: [97, 71]} is open yet.  [released tasks = 0]
2026-07-13 11:05:52 DEBUG:    EVENT NUM 222   current_time = 00:01:20   ARRIVAL_ORDER         [queue size = 131]
2026-07-13 11:05:52 DEBUG: Order 107 arrived: items_required = [5462, 6522, 7281].     [orders_in_system = 101]
2026-07-13 11:05:52 DEBUG:    EVENT NUM 223   current_time = 00:01:21   RELEASE_TASK          [queue size = 131]
2026-07-13 11:05:52 DEBUG: Task 38 released: pod 634 required by workstation(s) [0].  [released tasks = 10]
2026-07-13 11:05:52 DEBUG:    EVENT NUM 224   current_time = 00:01:21   START_TASK            [queue size = 131]
2026-07-13 11:05:52 DEBUG: Task 22 blocked: no orders in {0: [56]} is open yet.  [released tasks = 9]
2026-07-13 11:05:52 DEBUG: Task 28 blocked: no orders in {1: [27]} is open yet.  [released tasks = 8]
2026-07-13 11:05:52 DEBUG: Task 29 blocked: no orders in {1: [72, 6]} is open yet.  [released tasks = 7]
2026-07-13 11:05:52 DEBUG: Task 31 blocked: no orders in {0: [17]} is open yet.  [released tasks = 6]
2026-07-13 11:05:52 DEBUG: Task 33 blocked: no orders in {2: [82]} is open yet.  [released tasks = 5]
2026-07-13 11:05:52 DEBUG: Task 34 blocked: no orders in {2: [98]} is open yet.  [released tasks = 4]
2026-07-13 11:05:52 DEBUG: Task 35 blocked: no orders in {0: [94]} is open yet.  [released tasks = 3]
2026-07-13 11:05:52 DEBUG: Task 36 blocked: no orders in {2: [54]} is open yet.  [released tasks = 2]
2026-07-13 11:05:52 DEBUG: Task 37 blocked: no orders in {0: [97, 71]} is open yet.  [released tasks = 1]
2026-07-13 11:05:52 DEBUG: Task 38 blocked: no orders in {0: [52]} is open yet.  [released tasks = 0]
2026-07-13 11:05:52 DEBUG:    EVENT NUM 225   current_time = 00:01:21   RETURN_POD            [queue size = 130]
2026-07-13 11:05:52 DEBUG: Pod 732 returned. Robot 30 idle.   [idle robots = 16/40, released tasks = 10]
2026-07-13 11:05:52 DEBUG:    EVENT NUM 226   current_time = 00:01:21   START_TASK            [queue size = 130]
2026-07-13 11:05:52 DEBUG: Task 22 blocked: no orders in {0: [56]} is open yet.  [released tasks = 9]
2026-07-13 11:05:52 DEBUG: Task 28 blocked: no orders in {1: [27]} is open yet.  [released tasks = 8]
2026-07-13 11:05:52 DEBUG: Task 29 blocked: no orders in {1: [72, 6]} is open yet.  [released tasks = 7]
2026-07-13 11:05:52 DEBUG: Task 31 blocked: no orders in {0: [17]} is open yet.  [released tasks = 6]
2026-07-13 11:05:52 DEBUG: Task 33 blocked: no orders in {2: [82]} is open yet.  [released tasks = 5]
2026-07-13 11:05:52 DEBUG: Task 34 blocked: no orders in {2: [98]} is open yet.  [released tasks = 4]
2026-07-13 11:05:52 DEBUG: Task 35 blocked: no orders in {0: [94]} is open yet.  [released tasks = 3]
2026-07-13 11:05:52 DEBUG: Task 36 blocked: no orders in {2: [54]} is open yet.  [released tasks = 2]
2026-07-13 11:05:52 DEBUG: Task 37 blocked: no orders in {0: [97, 71]} is open yet.  [released tasks = 1]
2026-07-13 11:05:52 DEBUG: Task 38 blocked: no orders in {0: [52]} is open yet.  [released tasks = 0]
2026-07-13 11:05:52 DEBUG:    EVENT NUM 227   current_time = 00:01:21   END_PICKING           [queue size = 129]
2026-07-13 11:05:52 DEBUG: Ended picking at workstation 4.    [picking_buffer len = {}]
2026-07-13 11:05:52 DEBUG: Task should have served orders {32, 62}, found open orders {32, 35, 78, 62}.
2026-07-13 11:05:52 DEBUG: Task 8 completed: pod 646 returning to storage.
2026-07-13 11:05:52 DEBUG:    EVENT NUM 228   current_time = 00:01:21   CLOSE_ORDER           [queue size = 130]
2026-07-13 11:05:52 DEBUG: Order 62 closed at workstation 4: flow_time = 81.8 s.     [order_buffer = 3] [open_orders = 3/4]
2026-07-13 11:05:52 DEBUG: Next order in buffer: 9
2026-07-13 11:05:52 DEBUG:    EVENT NUM 229   current_time = 00:01:21   OPEN_ORDER            [queue size = 130]
2026-07-13 11:05:52 DEBUG: Order 9 (skus required = {9696, 6641}) opened at workstation 4.   [open_orders = 4/4]
2026-07-13 11:05:52 DEBUG:    EVENT NUM 230   current_time = 00:01:21   START_TASK            [queue size = 130]
2026-07-13 11:05:52 DEBUG: Task 22 blocked: no orders in {0: [56]} is open yet.  [released tasks = 9]
2026-07-13 11:05:52 DEBUG: Task 28 blocked: no orders in {1: [27]} is open yet.  [released tasks = 8]
2026-07-13 11:05:52 DEBUG: Task 29 blocked: no orders in {1: [72, 6]} is open yet.  [released tasks = 7]
2026-07-13 11:05:52 DEBUG: Task 31 blocked: no orders in {0: [17]} is open yet.  [released tasks = 6]
2026-07-13 11:05:52 DEBUG: Task 33 blocked: no orders in {2: [82]} is open yet.  [released tasks = 5]
2026-07-13 11:05:52 DEBUG: Task 34 blocked: no orders in {2: [98]} is open yet.  [released tasks = 4]
2026-07-13 11:05:52 DEBUG: Task 35 blocked: no orders in {0: [94]} is open yet.  [released tasks = 3]
2026-07-13 11:05:52 DEBUG: Task 36 blocked: no orders in {2: [54]} is open yet.  [released tasks = 2]
2026-07-13 11:05:52 DEBUG: Task 37 blocked: no orders in {0: [97, 71]} is open yet.  [released tasks = 1]
2026-07-13 11:05:52 DEBUG: Task 38 blocked: no orders in {0: [52]} is open yet.  [released tasks = 0]
2026-07-13 11:05:52 DEBUG:    EVENT NUM 231   current_time = 00:01:22   ARRIVAL_POD_WST       [queue size = 129]
2026-07-13 11:05:52 DEBUG: Pod 667 arrived at workstation 0 - status = IDLE
2026-07-13 11:05:52 DEBUG: Pod queued at workstation.    [picking_buffer = {14: 82.29662794699368}]
2026-07-13 11:05:52 DEBUG:    EVENT NUM 232   current_time = 00:01:22   START_PICKING         [queue size = 129]
2026-07-13 11:05:52 DEBUG: Processing task 14 at workstation 0: picking items {7980} for orders {42}
2026-07-13 11:05:52 DEBUG:    EVENT NUM 233   current_time = 00:01:23   ARRIVAL_POD_WST       [queue size = 129]
2026-07-13 11:05:52 DEBUG: Pod 610 arrived at workstation 3 - status = IDLE
2026-07-13 11:05:52 DEBUG: Pod queued at workstation.    [picking_buffer = {13: 83.13471408969366}]
2026-07-13 11:05:52 DEBUG:    EVENT NUM 234   current_time = 00:01:23   START_PICKING         [queue size = 129]
2026-07-13 11:05:52 DEBUG: Processing task 13 at workstation 3: picking items {2044} for orders {75}
2026-07-13 11:05:52 DEBUG:    EVENT NUM 235   current_time = 00:01:23   RELEASE_TASK          [queue size = 129]
2026-07-13 11:05:52 DEBUG: Task 39 released: pod 607 required by workstation(s) [1].  [released tasks = 11]
2026-07-13 11:05:52 DEBUG:    EVENT NUM 236   current_time = 00:01:23   START_TASK            [queue size = 129]
2026-07-13 11:05:52 DEBUG: Task 22 blocked: no orders in {0: [56]} is open yet.  [released tasks = 10]
2026-07-13 11:05:52 DEBUG: Task 28 blocked: no orders in {1: [27]} is open yet.  [released tasks = 9]
2026-07-13 11:05:52 DEBUG: Task 29 blocked: no orders in {1: [72, 6]} is open yet.  [released tasks = 8]
2026-07-13 11:05:52 DEBUG: Task 31 blocked: no orders in {0: [17]} is open yet.  [released tasks = 7]
2026-07-13 11:05:52 DEBUG: Task 33 blocked: no orders in {2: [82]} is open yet.  [released tasks = 6]
2026-07-13 11:05:52 DEBUG: Task 34 blocked: no orders in {2: [98]} is open yet.  [released tasks = 5]
2026-07-13 11:05:52 DEBUG: Task 35 blocked: no orders in {0: [94]} is open yet.  [released tasks = 4]
2026-07-13 11:05:52 DEBUG: Task 36 blocked: no orders in {2: [54]} is open yet.  [released tasks = 3]
2026-07-13 11:05:52 DEBUG: Task 37 blocked: no orders in {0: [97, 71]} is open yet.  [released tasks = 2]
2026-07-13 11:05:52 DEBUG: Task 38 blocked: no orders in {0: [52]} is open yet.  [released tasks = 1]
2026-07-13 11:05:52 DEBUG: Task 39 blocked: no orders in {1: [79]} is open yet.  [released tasks = 0]
2026-07-13 11:05:52 DEBUG:    EVENT NUM 237   current_time = 00:01:25   RELEASE_TASK          [queue size = 128]
2026-07-13 11:05:52 DEBUG: Task 40 released: pod 184 required by workstation(s) [2].  [released tasks = 12]
2026-07-13 11:05:52 DEBUG:    EVENT NUM 238   current_time = 00:01:25   START_TASK            [queue size = 128]
2026-07-13 11:05:52 DEBUG: Task 22 blocked: no orders in {0: [56]} is open yet.  [released tasks = 11]
2026-07-13 11:05:52 DEBUG: Task 28 blocked: no orders in {1: [27]} is open yet.  [released tasks = 10]
2026-07-13 11:05:52 DEBUG: Task 29 blocked: no orders in {1: [72, 6]} is open yet.  [released tasks = 9]
2026-07-13 11:05:52 DEBUG: Task 31 blocked: no orders in {0: [17]} is open yet.  [released tasks = 8]
2026-07-13 11:05:52 DEBUG: Task 33 blocked: no orders in {2: [82]} is open yet.  [released tasks = 7]
2026-07-13 11:05:52 DEBUG: Task 34 blocked: no orders in {2: [98]} is open yet.  [released tasks = 6]
2026-07-13 11:05:52 DEBUG: Task 35 blocked: no orders in {0: [94]} is open yet.  [released tasks = 5]
2026-07-13 11:05:52 DEBUG: Task 36 blocked: no orders in {2: [54]} is open yet.  [released tasks = 4]
2026-07-13 11:05:52 DEBUG: Task 37 blocked: no orders in {0: [97, 71]} is open yet.  [released tasks = 3]
2026-07-13 11:05:52 DEBUG: Task 38 blocked: no orders in {0: [52]} is open yet.  [released tasks = 2]
2026-07-13 11:05:52 DEBUG: Task 39 blocked: no orders in {1: [79]} is open yet.  [released tasks = 1]
2026-07-13 11:05:52 DEBUG: Task 40 blocked: no orders in {2: [98]} is open yet.  [released tasks = 0]
2026-07-13 11:05:52 DEBUG:    EVENT NUM 239   current_time = 00:01:26   RETURN_POD            [queue size = 127]
2026-07-13 11:05:52 DEBUG: Pod 758 returned. Robot 5 idle.   [idle robots = 17/40, released tasks = 12]
2026-07-13 11:05:52 DEBUG:    EVENT NUM 240   current_time = 00:01:26   START_TASK            [queue size = 127]
2026-07-13 11:05:52 DEBUG: Task 22 blocked: no orders in {0: [56]} is open yet.  [released tasks = 11]
2026-07-13 11:05:52 DEBUG: Task 28 blocked: no orders in {1: [27]} is open yet.  [released tasks = 10]
2026-07-13 11:05:52 DEBUG: Task 29 blocked: no orders in {1: [72, 6]} is open yet.  [released tasks = 9]
2026-07-13 11:05:52 DEBUG: Task 31 blocked: no orders in {0: [17]} is open yet.  [released tasks = 8]
2026-07-13 11:05:52 DEBUG: Task 33 blocked: no orders in {2: [82]} is open yet.  [released tasks = 7]
2026-07-13 11:05:52 DEBUG: Task 34 blocked: no orders in {2: [98]} is open yet.  [released tasks = 6]
2026-07-13 11:05:52 DEBUG: Task 35 blocked: no orders in {0: [94]} is open yet.  [released tasks = 5]
2026-07-13 11:05:52 DEBUG: Task 36 blocked: no orders in {2: [54]} is open yet.  [released tasks = 4]
2026-07-13 11:05:52 DEBUG: Task 37 blocked: no orders in {0: [97, 71]} is open yet.  [released tasks = 3]
2026-07-13 11:05:52 DEBUG: Task 38 blocked: no orders in {0: [52]} is open yet.  [released tasks = 2]
2026-07-13 11:05:52 DEBUG: Task 39 blocked: no orders in {1: [79]} is open yet.  [released tasks = 1]
2026-07-13 11:05:52 DEBUG: Task 40 blocked: no orders in {2: [98]} is open yet.  [released tasks = 0]
2026-07-13 11:05:52 DEBUG:    EVENT NUM 241   current_time = 00:01:27   ARRIVAL_POD_WST       [queue size = 126]
2026-07-13 11:05:52 DEBUG: Pod 402 arrived at workstation 2 - status = IDLE
2026-07-13 11:05:52 DEBUG: Pod queued at workstation.    [picking_buffer = {12: 87.35577576531365}]
2026-07-13 11:05:52 DEBUG:    EVENT NUM 242   current_time = 00:01:27   START_PICKING         [queue size = 126]
2026-07-13 11:05:52 DEBUG: Processing task 12 at workstation 2: picking items {3035} for orders {43}
2026-07-13 11:05:52 DEBUG:    EVENT NUM 243   current_time = 00:01:27   RELEASE_TASK          [queue size = 126]
2026-07-13 11:05:52 DEBUG: Task 41 released: pod 320 required by workstation(s) [2].  [released tasks = 13]
2026-07-13 11:05:52 DEBUG:    EVENT NUM 244   current_time = 00:01:27   START_TASK            [queue size = 126]
2026-07-13 11:05:52 DEBUG: Task 22 blocked: no orders in {0: [56]} is open yet.  [released tasks = 12]
2026-07-13 11:05:52 DEBUG: Task 28 blocked: no orders in {1: [27]} is open yet.  [released tasks = 11]
2026-07-13 11:05:52 DEBUG: Task 29 blocked: no orders in {1: [72, 6]} is open yet.  [released tasks = 10]
2026-07-13 11:05:52 DEBUG: Task 31 blocked: no orders in {0: [17]} is open yet.  [released tasks = 9]
2026-07-13 11:05:52 DEBUG: Task 33 blocked: no orders in {2: [82]} is open yet.  [released tasks = 8]
2026-07-13 11:05:52 DEBUG: Task 34 blocked: no orders in {2: [98]} is open yet.  [released tasks = 7]
2026-07-13 11:05:52 DEBUG: Task 35 blocked: no orders in {0: [94]} is open yet.  [released tasks = 6]
2026-07-13 11:05:52 DEBUG: Task 36 blocked: no orders in {2: [54]} is open yet.  [released tasks = 5]
2026-07-13 11:05:52 DEBUG: Task 37 blocked: no orders in {0: [97, 71]} is open yet.  [released tasks = 4]
2026-07-13 11:05:52 DEBUG: Task 38 blocked: no orders in {0: [52]} is open yet.  [released tasks = 3]
2026-07-13 11:05:52 DEBUG: Task 39 blocked: no orders in {1: [79]} is open yet.  [released tasks = 2]
2026-07-13 11:05:52 DEBUG: Task 40 blocked: no orders in {2: [98]} is open yet.  [released tasks = 1]
2026-07-13 11:05:52 DEBUG: Task 41 blocked: no orders in {2: [54]} is open yet.  [released tasks = 0]
2026-07-13 11:05:52 DEBUG:    EVENT NUM 245   current_time = 00:01:27   END_PICKING           [queue size = 125]
2026-07-13 11:05:52 DEBUG: Ended picking at workstation 1.    [picking_buffer len = {}]
2026-07-13 11:05:52 DEBUG: Task should have served orders {34}, found open orders {34, 44, 49, 51}.
2026-07-13 11:05:52 DEBUG: Task 15 completed: pod 581 returning to storage.
2026-07-13 11:05:52 DEBUG:    EVENT NUM 246   current_time = 00:01:27   CLOSE_ORDER           [queue size = 126]
2026-07-13 11:05:52 DEBUG: Order 34 closed at workstation 1: flow_time = 88.0 s.     [order_buffer = 7] [open_orders = 3/4]
2026-07-13 11:05:52 DEBUG: Next order in buffer: 41
2026-07-13 11:05:52 DEBUG:    EVENT NUM 247   current_time = 00:01:27   OPEN_ORDER            [queue size = 126]
2026-07-13 11:05:52 DEBUG: Order 41 (skus required = {6629}) opened at workstation 1.   [open_orders = 4/4]
2026-07-13 11:05:52 DEBUG:    EVENT NUM 248   current_time = 00:01:27   START_TASK            [queue size = 126]
2026-07-13 11:05:52 DEBUG: Task 22 blocked: no orders in {0: [56]} is open yet.  [released tasks = 12]
2026-07-13 11:05:52 DEBUG: Task 28 started: robot 5 → pod 301 → workstation 1 for orders {21} (arrival = 222.3 s).   [idle robots = 16/40]
2026-07-13 11:05:52 DEBUG:    EVENT NUM 249   current_time = 00:01:29   RELEASE_TASK          [queue size = 126]
2026-07-13 11:05:52 DEBUG: Task 42 released: pod 766 required by workstation(s) [6].  [released tasks = 13]
2026-07-13 11:05:52 DEBUG:    EVENT NUM 250   current_time = 00:01:29   START_TASK            [queue size = 126]
2026-07-13 11:05:52 DEBUG: Task 22 blocked: no orders in {0: [56]} is open yet.  [released tasks = 12]
2026-07-13 11:05:52 DEBUG: Task 29 blocked: no orders in {1: [72, 6]} is open yet.  [released tasks = 11]
2026-07-13 11:05:52 DEBUG: Task 31 blocked: no orders in {0: [17]} is open yet.  [released tasks = 10]
2026-07-13 11:05:52 DEBUG: Task 33 blocked: no orders in {2: [82]} is open yet.  [released tasks = 9]
2026-07-13 11:05:52 DEBUG: Task 34 blocked: no orders in {2: [98]} is open yet.  [released tasks = 8]
2026-07-13 11:05:52 DEBUG: Task 35 blocked: no orders in {0: [94]} is open yet.  [released tasks = 7]
2026-07-13 11:05:52 DEBUG: Task 36 blocked: no orders in {2: [54]} is open yet.  [released tasks = 6]
2026-07-13 11:05:52 DEBUG: Task 37 blocked: no orders in {0: [97, 71]} is open yet.  [released tasks = 5]
2026-07-13 11:05:52 DEBUG: Task 38 blocked: no orders in {0: [52]} is open yet.  [released tasks = 4]
2026-07-13 11:05:52 DEBUG: Task 39 blocked: no orders in {1: [79]} is open yet.  [released tasks = 3]
2026-07-13 11:05:52 DEBUG: Task 40 blocked: no orders in {2: [98]} is open yet.  [released tasks = 2]
2026-07-13 11:05:52 DEBUG: Task 41 blocked: no orders in {2: [54]} is open yet.  [released tasks = 1]
2026-07-13 11:05:52 DEBUG: Task 42 started: robot 35 → pod 766 → workstation 6 for orders {76} (arrival = 113.0 s).   [idle robots = 15/40]
2026-07-13 11:05:52 DEBUG:    EVENT NUM 251   current_time = 00:01:30   ARRIVAL_ORDER         [queue size = 126]
2026-07-13 11:05:52 DEBUG: Order 108 arrived: items_required = [6056].     [orders_in_system = 100]
2026-07-13 11:05:52 DEBUG:    EVENT NUM 252   current_time = 00:01:31   RELEASE_TASK          [queue size = 126]
2026-07-13 11:05:52 DEBUG: Task 43 released: pod 546 required by workstation(s) [1].  [released tasks = 13]
2026-07-13 11:05:52 DEBUG:    EVENT NUM 253   current_time = 00:01:31   START_TASK            [queue size = 126]
2026-07-13 11:05:52 DEBUG: Task 22 blocked: no orders in {0: [56]} is open yet.  [released tasks = 12]
2026-07-13 11:05:52 DEBUG: Task 29 blocked: no orders in {1: [72, 6]} is open yet.  [released tasks = 11]
2026-07-13 11:05:52 DEBUG: Task 31 blocked: no orders in {0: [17]} is open yet.  [released tasks = 10]
2026-07-13 11:05:52 DEBUG: Task 33 blocked: no orders in {2: [82]} is open yet.  [released tasks = 9]
2026-07-13 11:05:52 DEBUG: Task 34 blocked: no orders in {2: [98]} is open yet.  [released tasks = 8]
2026-07-13 11:05:52 DEBUG: Task 35 blocked: no orders in {0: [94]} is open yet.  [released tasks = 7]
2026-07-13 11:05:52 DEBUG: Task 36 blocked: no orders in {2: [54]} is open yet.  [released tasks = 6]
2026-07-13 11:05:52 DEBUG: Task 37 blocked: no orders in {0: [97, 71]} is open yet.  [released tasks = 5]
2026-07-13 11:05:52 DEBUG: Task 38 blocked: no orders in {0: [52]} is open yet.  [released tasks = 4]
2026-07-13 11:05:52 DEBUG: Task 39 blocked: no orders in {1: [79]} is open yet.  [released tasks = 3]
2026-07-13 11:05:52 DEBUG: Task 40 blocked: no orders in {2: [98]} is open yet.  [released tasks = 2]
2026-07-13 11:05:52 DEBUG: Task 41 blocked: no orders in {2: [54]} is open yet.  [released tasks = 1]
2026-07-13 11:05:52 DEBUG: Task 43 blocked: no orders in {1: [7]} is open yet.  [released tasks = 0]
2026-07-13 11:05:52 DEBUG:    EVENT NUM 254   current_time = 00:01:32   END_PICKING           [queue size = 125]
2026-07-13 11:05:52 DEBUG: Ended picking at workstation 0.    [picking_buffer len = {}]
2026-07-13 11:05:52 DEBUG: Task should have served orders {42}, found open orders {66, 42, 45, 14}.
2026-07-13 11:05:52 DEBUG: Task 14 heading to workstation 0.
2026-07-13 11:05:52 DEBUG:    EVENT NUM 255   current_time = 00:01:32   CLOSE_ORDER           [queue size = 126]
2026-07-13 11:05:52 DEBUG: Order 42 closed at workstation 0: flow_time = 92.3 s.     [order_buffer = 10] [open_orders = 3/4]
2026-07-13 11:05:52 DEBUG: Next order in buffer: 11
2026-07-13 11:05:52 DEBUG:    EVENT NUM 256   current_time = 00:01:32   ARRIVAL_POD_WST       [queue size = 126]
2026-07-13 11:05:52 DEBUG: Pod 667 arrived at workstation 0 - status = IDLE
2026-07-13 11:05:52 DEBUG: Pod queued at workstation.    [picking_buffer = {14: 92.29662794699368}]
2026-07-13 11:05:52 DEBUG:    EVENT NUM 257   current_time = 00:01:32   OPEN_ORDER            [queue size = 126]
2026-07-13 11:05:52 DEBUG: Order 11 (skus required = {820}) opened at workstation 0.   [open_orders = 4/4]
2026-07-13 11:05:52 DEBUG:    EVENT NUM 258   current_time = 00:01:32   START_PICKING         [queue size = 127]
2026-07-13 11:05:52 DEBUG: Processing task 14 at workstation 0: picking items {9047} for orders {14}
2026-07-13 11:05:52 DEBUG:    EVENT NUM 259   current_time = 00:01:32   START_TASK            [queue size = 127]
2026-07-13 11:05:52 DEBUG: Task 22 started: robot 4 → pod 37 → workstation 0 for orders {56} (arrival = 207.6 s).   [idle robots = 14/40]
2026-07-13 11:05:52 DEBUG:    EVENT NUM 260   current_time = 00:01:32   START_PICKING         [queue size = 127]
2026-07-13 11:05:52 DEBUG:    EVENT NUM 261   current_time = 00:01:33   END_PICKING           [queue size = 126]
2026-07-13 11:05:52 DEBUG: Ended picking at workstation 3.    [picking_buffer len = {}]
2026-07-13 11:05:52 DEBUG: Task should have served orders {75}, found open orders {1, 75, 58, 30}.
2026-07-13 11:05:52 DEBUG: Task 13 completed: pod 610 returning to storage.
2026-07-13 11:05:52 DEBUG:    EVENT NUM 262   current_time = 00:01:33   RELEASE_TASK          [queue size = 126]
2026-07-13 11:05:52 DEBUG: Task 44 released: pod 6 required by workstation(s) [2].  [released tasks = 13]
2026-07-13 11:05:52 DEBUG:    EVENT NUM 263   current_time = 00:01:33   START_TASK            [queue size = 126]
2026-07-13 11:05:52 DEBUG: Task 29 blocked: no orders in {1: [72, 6]} is open yet.  [released tasks = 12]
2026-07-13 11:05:52 DEBUG: Task 31 blocked: no orders in {0: [17]} is open yet.  [released tasks = 11]
2026-07-13 11:05:52 DEBUG: Task 33 blocked: no orders in {2: [82]} is open yet.  [released tasks = 10]
2026-07-13 11:05:52 DEBUG: Task 34 blocked: no orders in {2: [98]} is open yet.  [released tasks = 9]
2026-07-13 11:05:52 DEBUG: Task 35 blocked: no orders in {0: [94]} is open yet.  [released tasks = 8]
2026-07-13 11:05:52 DEBUG: Task 36 blocked: no orders in {2: [54]} is open yet.  [released tasks = 7]
2026-07-13 11:05:52 DEBUG: Task 37 blocked: no orders in {0: [97, 71]} is open yet.  [released tasks = 6]
2026-07-13 11:05:52 DEBUG: Task 38 blocked: no orders in {0: [52]} is open yet.  [released tasks = 5]
2026-07-13 11:05:52 DEBUG: Task 39 blocked: no orders in {1: [79]} is open yet.  [released tasks = 4]
2026-07-13 11:05:52 DEBUG: Task 40 blocked: no orders in {2: [98]} is open yet.  [released tasks = 3]
2026-07-13 11:05:52 DEBUG: Task 41 blocked: no orders in {2: [54]} is open yet.  [released tasks = 2]
2026-07-13 11:05:52 DEBUG: Task 43 blocked: no orders in {1: [7]} is open yet.  [released tasks = 1]
2026-07-13 11:05:52 DEBUG: Task 44 started: robot 30 → pod 6 → workstation 2 for orders {4} (arrival = 229.6 s).   [idle robots = 13/40]
2026-07-13 11:05:52 DEBUG:    EVENT NUM 264   current_time = 00:01:36   RELEASE_TASK          [queue size = 126]
2026-07-13 11:05:52 DEBUG: Task 45 released: pod 612 required by workstation(s) [2].  [released tasks = 13]
2026-07-13 11:05:52 DEBUG:    EVENT NUM 265   current_time = 00:01:36   START_TASK            [queue size = 126]
2026-07-13 11:05:52 DEBUG: Task 29 blocked: no orders in {1: [72, 6]} is open yet.  [released tasks = 12]
2026-07-13 11:05:52 DEBUG: Task 31 blocked: no orders in {0: [17]} is open yet.  [released tasks = 11]
2026-07-13 11:05:52 DEBUG: Task 33 blocked: no orders in {2: [82]} is open yet.  [released tasks = 10]
2026-07-13 11:05:52 DEBUG: Task 34 blocked: no orders in {2: [98]} is open yet.  [released tasks = 9]
2026-07-13 11:05:52 DEBUG: Task 35 blocked: no orders in {0: [94]} is open yet.  [released tasks = 8]
2026-07-13 11:05:52 DEBUG: Task 36 blocked: no orders in {2: [54]} is open yet.  [released tasks = 7]
2026-07-13 11:05:52 DEBUG: Task 37 blocked: no orders in {0: [97, 71]} is open yet.  [released tasks = 6]
2026-07-13 11:05:52 DEBUG: Task 38 blocked: no orders in {0: [52]} is open yet.  [released tasks = 5]
2026-07-13 11:05:52 DEBUG: Task 39 blocked: no orders in {1: [79]} is open yet.  [released tasks = 4]
2026-07-13 11:05:52 DEBUG: Task 40 blocked: no orders in {2: [98]} is open yet.  [released tasks = 3]
2026-07-13 11:05:52 DEBUG: Task 41 blocked: no orders in {2: [54]} is open yet.  [released tasks = 2]
2026-07-13 11:05:52 DEBUG: Task 43 blocked: no orders in {1: [7]} is open yet.  [released tasks = 1]
2026-07-13 11:05:52 DEBUG: Task 45 blocked: no orders in {2: [98]} is open yet.  [released tasks = 0]
2026-07-13 11:05:52 DEBUG:    EVENT NUM 266   current_time = 00:01:36   ARRIVAL_POD_WST       [queue size = 125]
2026-07-13 11:05:52 DEBUG: Pod 523 arrived at workstation 3 - status = IDLE
2026-07-13 11:05:52 DEBUG: Pod queued at workstation.    [picking_buffer = {21: 96.90284591664681}]
2026-07-13 11:05:52 DEBUG:    EVENT NUM 267   current_time = 00:01:36   START_PICKING         [queue size = 125]
2026-07-13 11:05:52 DEBUG: Processing task 21 at workstation 3: picking items {11312} for orders {1}
2026-07-13 11:05:52 DEBUG:    EVENT NUM 268   current_time = 00:01:37   END_PICKING           [queue size = 125]
2026-07-13 11:05:52 DEBUG: Ended picking at workstation 2.    [picking_buffer len = {}]
2026-07-13 11:05:52 DEBUG: Task should have served orders {43}, found open orders {4, 68, 43, 91}.
2026-07-13 11:05:52 DEBUG: Task 12 completed: pod 402 returning to storage.
2026-07-13 11:05:52 DEBUG:    EVENT NUM 269   current_time = 00:01:37   CLOSE_ORDER           [queue size = 126]
2026-07-13 11:05:52 DEBUG: Order 43 closed at workstation 2: flow_time = 97.4 s.     [order_buffer = 8] [open_orders = 3/4]
2026-07-13 11:05:52 DEBUG: Next order in buffer: 46
2026-07-13 11:05:52 DEBUG:    EVENT NUM 270   current_time = 00:01:37   OPEN_ORDER            [queue size = 126]
2026-07-13 11:05:52 DEBUG: Order 46 (skus required = {3843}) opened at workstation 2.   [open_orders = 4/4]
2026-07-13 11:05:52 DEBUG:    EVENT NUM 271   current_time = 00:01:37   START_TASK            [queue size = 126]
2026-07-13 11:05:52 DEBUG: Task 29 blocked: no orders in {1: [72, 6]} is open yet.  [released tasks = 12]
2026-07-13 11:05:52 DEBUG: Task 31 blocked: no orders in {0: [17]} is open yet.  [released tasks = 11]
2026-07-13 11:05:52 DEBUG: Task 33 blocked: no orders in {2: [82]} is open yet.  [released tasks = 10]
2026-07-13 11:05:52 DEBUG: Task 34 blocked: no orders in {2: [98]} is open yet.  [released tasks = 9]
2026-07-13 11:05:52 DEBUG: Task 35 blocked: no orders in {0: [94]} is open yet.  [released tasks = 8]
2026-07-13 11:05:52 DEBUG: Task 36 blocked: no orders in {2: [54]} is open yet.  [released tasks = 7]
2026-07-13 11:05:52 DEBUG: Task 37 blocked: no orders in {0: [97, 71]} is open yet.  [released tasks = 6]
2026-07-13 11:05:52 DEBUG: Task 38 blocked: no orders in {0: [52]} is open yet.  [released tasks = 5]
2026-07-13 11:05:52 DEBUG: Task 39 blocked: no orders in {1: [79]} is open yet.  [released tasks = 4]
2026-07-13 11:05:52 DEBUG: Task 40 blocked: no orders in {2: [98]} is open yet.  [released tasks = 3]
2026-07-13 11:05:52 DEBUG: Task 41 blocked: no orders in {2: [54]} is open yet.  [released tasks = 2]
2026-07-13 11:05:52 DEBUG: Task 43 blocked: no orders in {1: [7]} is open yet.  [released tasks = 1]
2026-07-13 11:05:52 DEBUG: Task 45 blocked: no orders in {2: [98]} is open yet.  [released tasks = 0]
2026-07-13 11:05:52 DEBUG:    EVENT NUM 272   current_time = 00:01:38   RELEASE_TASK          [queue size = 125]
2026-07-13 11:05:52 DEBUG: Task 46 released: pod 689 required by workstation(s) [8].  [released tasks = 14]
2026-07-13 11:05:52 DEBUG:    EVENT NUM 273   current_time = 00:01:38   START_TASK            [queue size = 125]
2026-07-13 11:05:52 DEBUG: Task 29 blocked: no orders in {1: [72, 6]} is open yet.  [released tasks = 13]
2026-07-13 11:05:52 DEBUG: Task 31 blocked: no orders in {0: [17]} is open yet.  [released tasks = 12]
2026-07-13 11:05:52 DEBUG: Task 33 blocked: no orders in {2: [82]} is open yet.  [released tasks = 11]
2026-07-13 11:05:52 DEBUG: Task 34 blocked: no orders in {2: [98]} is open yet.  [released tasks = 10]
2026-07-13 11:05:52 DEBUG: Task 35 blocked: no orders in {0: [94]} is open yet.  [released tasks = 9]
2026-07-13 11:05:52 DEBUG: Task 36 blocked: no orders in {2: [54]} is open yet.  [released tasks = 8]
2026-07-13 11:05:52 DEBUG: Task 37 blocked: no orders in {0: [97, 71]} is open yet.  [released tasks = 7]
2026-07-13 11:05:52 DEBUG: Task 38 blocked: no orders in {0: [52]} is open yet.  [released tasks = 6]
2026-07-13 11:05:52 DEBUG: Task 39 blocked: no orders in {1: [79]} is open yet.  [released tasks = 5]
2026-07-13 11:05:52 DEBUG: Task 40 blocked: no orders in {2: [98]} is open yet.  [released tasks = 4]
2026-07-13 11:05:52 DEBUG: Task 41 blocked: no orders in {2: [54]} is open yet.  [released tasks = 3]
2026-07-13 11:05:52 DEBUG: Task 43 blocked: no orders in {1: [7]} is open yet.  [released tasks = 2]
2026-07-13 11:05:52 DEBUG: Task 45 blocked: no orders in {2: [98]} is open yet.  [released tasks = 1]
2026-07-13 11:05:52 DEBUG: Task 46 started: robot 6 → pod 689 → workstation 8 for orders {96} (arrival = 201.1 s).   [idle robots = 12/40]
2026-07-13 11:05:52 DEBUG:    EVENT NUM 274   current_time = 00:01:39   ARRIVAL_POD_WST       [queue size = 125]
2026-07-13 11:05:52 DEBUG: Pod 731 arrived at workstation 1 - status = IDLE
2026-07-13 11:05:52 DEBUG: Pod queued at workstation.    [picking_buffer = {32: 99.0057870609062}]
2026-07-13 11:05:52 DEBUG:    EVENT NUM 275   current_time = 00:01:39   START_PICKING         [queue size = 125]
2026-07-13 11:05:52 DEBUG: Processing task 32 at workstation 1: picking items {8680} for orders {49}
2026-07-13 11:05:52 DEBUG:    EVENT NUM 276   current_time = 00:01:40   ARRIVAL_ORDER         [queue size = 125]
2026-07-13 11:05:52 DEBUG: Order 109 arrived: items_required = [6780, 8336].     [orders_in_system = 99]
2026-07-13 11:05:52 DEBUG:    EVENT NUM 277   current_time = 00:01:40   RELEASE_TASK          [queue size = 125]
2026-07-13 11:05:52 DEBUG: Task 47 released: pod 231 required by workstation(s) [8].  [released tasks = 14]
2026-07-13 11:05:52 DEBUG:    EVENT NUM 278   current_time = 00:01:40   START_TASK            [queue size = 125]
2026-07-13 11:05:52 DEBUG: Task 29 blocked: no orders in {1: [72, 6]} is open yet.  [released tasks = 13]
2026-07-13 11:05:52 DEBUG: Task 31 blocked: no orders in {0: [17]} is open yet.  [released tasks = 12]
2026-07-13 11:05:52 DEBUG: Task 33 blocked: no orders in {2: [82]} is open yet.  [released tasks = 11]
2026-07-13 11:05:52 DEBUG: Task 34 blocked: no orders in {2: [98]} is open yet.  [released tasks = 10]
2026-07-13 11:05:52 DEBUG: Task 35 blocked: no orders in {0: [94]} is open yet.  [released tasks = 9]
2026-07-13 11:05:52 DEBUG: Task 36 blocked: no orders in {2: [54]} is open yet.  [released tasks = 8]
2026-07-13 11:05:52 DEBUG: Task 37 blocked: no orders in {0: [97, 71]} is open yet.  [released tasks = 7]
2026-07-13 11:05:52 DEBUG: Task 38 blocked: no orders in {0: [52]} is open yet.  [released tasks = 6]
2026-07-13 11:05:52 DEBUG: Task 39 blocked: no orders in {1: [79]} is open yet.  [released tasks = 5]
2026-07-13 11:05:52 DEBUG: Task 40 blocked: no orders in {2: [98]} is open yet.  [released tasks = 4]
2026-07-13 11:05:52 DEBUG: Task 41 blocked: no orders in {2: [54]} is open yet.  [released tasks = 3]
2026-07-13 11:05:52 DEBUG: Task 43 blocked: no orders in {1: [7]} is open yet.  [released tasks = 2]
2026-07-13 11:05:52 DEBUG: Task 45 blocked: no orders in {2: [98]} is open yet.  [released tasks = 1]
2026-07-13 11:05:52 DEBUG: Task 47 started: robot 14 → pod 231 → workstation 8 for orders {57} (arrival = 195.1 s).   [idle robots = 11/40]
2026-07-13 11:05:52 DEBUG:    EVENT NUM 279   current_time = 00:01:41   ARRIVAL_POD_WST       [queue size = 125]
2026-07-13 11:05:52 DEBUG: Pod 521 arrived at workstation 2 - status = IDLE
2026-07-13 11:05:52 DEBUG: Pod queued at workstation.    [picking_buffer = {20: 101.33416234608796}]
2026-07-13 11:05:52 DEBUG:    EVENT NUM 280   current_time = 00:01:41   START_PICKING         [queue size = 125]
2026-07-13 11:05:52 DEBUG: Processing task 20 at workstation 2: picking items {4729} for orders {91}
2026-07-13 11:05:52 DEBUG:    EVENT NUM 281   current_time = 00:01:42   RETURN_POD            [queue size = 125]
2026-07-13 11:05:52 DEBUG: Pod 701 returned. Robot 22 idle.   [idle robots = 12/40, released tasks = 13]
2026-07-13 11:05:52 DEBUG:    EVENT NUM 282   current_time = 00:01:42   START_TASK            [queue size = 125]
2026-07-13 11:05:52 DEBUG: Task 29 blocked: no orders in {1: [72, 6]} is open yet.  [released tasks = 12]
2026-07-13 11:05:52 DEBUG: Task 31 blocked: no orders in {0: [17]} is open yet.  [released tasks = 11]
2026-07-13 11:05:52 DEBUG: Task 33 blocked: no orders in {2: [82]} is open yet.  [released tasks = 10]
2026-07-13 11:05:52 DEBUG: Task 34 blocked: no orders in {2: [98]} is open yet.  [released tasks = 9]
2026-07-13 11:05:52 DEBUG: Task 35 blocked: no orders in {0: [94]} is open yet.  [released tasks = 8]
2026-07-13 11:05:52 DEBUG: Task 36 blocked: no orders in {2: [54]} is open yet.  [released tasks = 7]
2026-07-13 11:05:52 DEBUG: Task 37 blocked: no orders in {0: [97, 71]} is open yet.  [released tasks = 6]
2026-07-13 11:05:52 DEBUG: Task 38 blocked: no orders in {0: [52]} is open yet.  [released tasks = 5]
2026-07-13 11:05:52 DEBUG: Task 39 blocked: no orders in {1: [79]} is open yet.  [released tasks = 4]
2026-07-13 11:05:52 DEBUG: Task 40 blocked: no orders in {2: [98]} is open yet.  [released tasks = 3]
2026-07-13 11:05:52 DEBUG: Task 41 blocked: no orders in {2: [54]} is open yet.  [released tasks = 2]
2026-07-13 11:05:52 DEBUG: Task 43 blocked: no orders in {1: [7]} is open yet.  [released tasks = 1]
2026-07-13 11:05:52 DEBUG: Task 45 blocked: no orders in {2: [98]} is open yet.  [released tasks = 0]
2026-07-13 11:05:52 DEBUG:    EVENT NUM 283   current_time = 00:01:42   END_PICKING           [queue size = 124]
2026-07-13 11:05:52 DEBUG: Ended picking at workstation 0.    [picking_buffer len = {}]
2026-07-13 11:05:52 DEBUG: Task should have served orders {14}, found open orders {66, 11, 45, 14}.
2026-07-13 11:05:52 DEBUG: Task 14 completed: pod 667 returning to storage.
2026-07-13 11:05:52 DEBUG:    EVENT NUM 284   current_time = 00:01:42   CLOSE_ORDER           [queue size = 125]
2026-07-13 11:05:52 DEBUG: Order 14 closed at workstation 0: flow_time = 102.3 s.     [order_buffer = 9] [open_orders = 3/4]
2026-07-13 11:05:52 DEBUG: Next order in buffer: 56
2026-07-13 11:05:52 DEBUG:    EVENT NUM 285   current_time = 00:01:42   OPEN_ORDER            [queue size = 125]
2026-07-13 11:05:52 DEBUG: Order 56 (skus required = {9406}) opened at workstation 0.   [open_orders = 4/4]
2026-07-13 11:05:52 DEBUG:    EVENT NUM 286   current_time = 00:01:42   START_TASK            [queue size = 125]
2026-07-13 11:05:52 DEBUG: Task 29 blocked: no orders in {1: [72, 6]} is open yet.  [released tasks = 12]
2026-07-13 11:05:52 DEBUG: Task 31 blocked: no orders in {0: [17]} is open yet.  [released tasks = 11]
2026-07-13 11:05:52 DEBUG: Task 33 blocked: no orders in {2: [82]} is open yet.  [released tasks = 10]
2026-07-13 11:05:52 DEBUG: Task 34 blocked: no orders in {2: [98]} is open yet.  [released tasks = 9]
2026-07-13 11:05:52 DEBUG: Task 35 blocked: no orders in {0: [94]} is open yet.  [released tasks = 8]
2026-07-13 11:05:52 DEBUG: Task 36 blocked: no orders in {2: [54]} is open yet.  [released tasks = 7]
2026-07-13 11:05:52 DEBUG: Task 37 blocked: no orders in {0: [97, 71]} is open yet.  [released tasks = 6]
2026-07-13 11:05:52 DEBUG: Task 38 blocked: no orders in {0: [52]} is open yet.  [released tasks = 5]
2026-07-13 11:05:52 DEBUG: Task 39 blocked: no orders in {1: [79]} is open yet.  [released tasks = 4]
2026-07-13 11:05:52 DEBUG: Task 40 blocked: no orders in {2: [98]} is open yet.  [released tasks = 3]
2026-07-13 11:05:52 DEBUG: Task 41 blocked: no orders in {2: [54]} is open yet.  [released tasks = 2]
2026-07-13 11:05:52 DEBUG: Task 43 blocked: no orders in {1: [7]} is open yet.  [released tasks = 1]
2026-07-13 11:05:52 DEBUG: Task 45 blocked: no orders in {2: [98]} is open yet.  [released tasks = 0]
2026-07-13 11:05:52 DEBUG:    EVENT NUM 287   current_time = 00:01:42   RELEASE_TASK          [queue size = 124]
2026-07-13 11:05:52 DEBUG: Task 48 released: pod 287 required by workstation(s) [5].  [released tasks = 14]
2026-07-13 11:05:52 DEBUG:    EVENT NUM 288   current_time = 00:01:42   START_TASK            [queue size = 124]
2026-07-13 11:05:52 DEBUG: Task 29 blocked: no orders in {1: [72, 6]} is open yet.  [released tasks = 13]
2026-07-13 11:05:52 DEBUG: Task 31 blocked: no orders in {0: [17]} is open yet.  [released tasks = 12]
2026-07-13 11:05:52 DEBUG: Task 33 blocked: no orders in {2: [82]} is open yet.  [released tasks = 11]
2026-07-13 11:05:52 DEBUG: Task 34 blocked: no orders in {2: [98]} is open yet.  [released tasks = 10]
2026-07-13 11:05:52 DEBUG: Task 35 blocked: no orders in {0: [94]} is open yet.  [released tasks = 9]
2026-07-13 11:05:52 DEBUG: Task 36 blocked: no orders in {2: [54]} is open yet.  [released tasks = 8]
2026-07-13 11:05:52 DEBUG: Task 37 blocked: no orders in {0: [97, 71]} is open yet.  [released tasks = 7]
2026-07-13 11:05:52 DEBUG: Task 38 blocked: no orders in {0: [52]} is open yet.  [released tasks = 6]
2026-07-13 11:05:52 DEBUG: Task 39 blocked: no orders in {1: [79]} is open yet.  [released tasks = 5]
2026-07-13 11:05:52 DEBUG: Task 40 blocked: no orders in {2: [98]} is open yet.  [released tasks = 4]
2026-07-13 11:05:52 DEBUG: Task 41 blocked: no orders in {2: [54]} is open yet.  [released tasks = 3]
2026-07-13 11:05:52 DEBUG: Task 43 blocked: no orders in {1: [7]} is open yet.  [released tasks = 2]
2026-07-13 11:05:52 DEBUG: Task 45 blocked: no orders in {2: [98]} is open yet.  [released tasks = 1]
2026-07-13 11:05:52 DEBUG: Task 48 started: robot 2 → pod 287 → workstation 5 for orders {38} (arrival = 183.0 s).   [idle robots = 11/40]
2026-07-13 11:05:52 DEBUG:    EVENT NUM 289   current_time = 00:01:44   RELEASE_TASK          [queue size = 124]
2026-07-13 11:05:52 DEBUG: Task 49 released: pod 677 required by workstation(s) [1].  [released tasks = 14]
2026-07-13 11:05:52 DEBUG:    EVENT NUM 290   current_time = 00:01:44   START_TASK            [queue size = 124]
2026-07-13 11:05:52 DEBUG: Task 29 blocked: no orders in {1: [72, 6]} is open yet.  [released tasks = 13]
2026-07-13 11:05:52 DEBUG: Task 31 blocked: no orders in {0: [17]} is open yet.  [released tasks = 12]
2026-07-13 11:05:52 DEBUG: Task 33 blocked: no orders in {2: [82]} is open yet.  [released tasks = 11]
2026-07-13 11:05:52 DEBUG: Task 34 blocked: no orders in {2: [98]} is open yet.  [released tasks = 10]
2026-07-13 11:05:52 DEBUG: Task 35 blocked: no orders in {0: [94]} is open yet.  [released tasks = 9]
2026-07-13 11:05:52 DEBUG: Task 36 blocked: no orders in {2: [54]} is open yet.  [released tasks = 8]
2026-07-13 11:05:52 DEBUG: Task 37 blocked: no orders in {0: [97, 71]} is open yet.  [released tasks = 7]
2026-07-13 11:05:52 DEBUG: Task 38 blocked: no orders in {0: [52]} is open yet.  [released tasks = 6]
2026-07-13 11:05:52 DEBUG: Task 39 blocked: no orders in {1: [79]} is open yet.  [released tasks = 5]
2026-07-13 11:05:52 DEBUG: Task 40 blocked: no orders in {2: [98]} is open yet.  [released tasks = 4]
2026-07-13 11:05:52 DEBUG: Task 41 blocked: no orders in {2: [54]} is open yet.  [released tasks = 3]
2026-07-13 11:05:52 DEBUG: Task 43 blocked: no orders in {1: [7]} is open yet.  [released tasks = 2]
2026-07-13 11:05:52 DEBUG: Task 45 blocked: no orders in {2: [98]} is open yet.  [released tasks = 1]
2026-07-13 11:05:52 DEBUG: Task 49 blocked: no orders in {1: [6]} is open yet.  [released tasks = 0]
2026-07-13 11:05:52 DEBUG:    EVENT NUM 291   current_time = 00:01:46   RELEASE_TASK          [queue size = 123]
2026-07-13 11:05:52 DEBUG: Task 50 released: pod 361 required by workstation(s) [2].  [released tasks = 15]
2026-07-13 11:05:52 DEBUG:    EVENT NUM 292   current_time = 00:01:46   START_TASK            [queue size = 123]
2026-07-13 11:05:52 DEBUG: Task 29 blocked: no orders in {1: [72, 6]} is open yet.  [released tasks = 14]
2026-07-13 11:05:52 DEBUG: Task 31 blocked: no orders in {0: [17]} is open yet.  [released tasks = 13]
2026-07-13 11:05:52 DEBUG: Task 33 blocked: no orders in {2: [82]} is open yet.  [released tasks = 12]
2026-07-13 11:05:52 DEBUG: Task 34 blocked: no orders in {2: [98]} is open yet.  [released tasks = 11]
2026-07-13 11:05:52 DEBUG: Task 35 blocked: no orders in {0: [94]} is open yet.  [released tasks = 10]
2026-07-13 11:05:52 DEBUG: Task 36 blocked: no orders in {2: [54]} is open yet.  [released tasks = 9]
2026-07-13 11:05:52 DEBUG: Task 37 blocked: no orders in {0: [97, 71]} is open yet.  [released tasks = 8]
2026-07-13 11:05:52 DEBUG: Task 38 blocked: no orders in {0: [52]} is open yet.  [released tasks = 7]
2026-07-13 11:05:52 DEBUG: Task 39 blocked: no orders in {1: [79]} is open yet.  [released tasks = 6]
2026-07-13 11:05:52 DEBUG: Task 40 blocked: no orders in {2: [98]} is open yet.  [released tasks = 5]
2026-07-13 11:05:52 DEBUG: Task 41 blocked: no orders in {2: [54]} is open yet.  [released tasks = 4]
2026-07-13 11:05:52 DEBUG: Task 43 blocked: no orders in {1: [7]} is open yet.  [released tasks = 3]
2026-07-13 11:05:52 DEBUG: Task 45 blocked: no orders in {2: [98]} is open yet.  [released tasks = 2]
2026-07-13 11:05:52 DEBUG: Task 49 blocked: no orders in {1: [6]} is open yet.  [released tasks = 1]
2026-07-13 11:05:52 DEBUG: Task 50 blocked: no orders in {2: [54]} is open yet.  [released tasks = 0]
2026-07-13 11:05:52 DEBUG:    EVENT NUM 293   current_time = 00:01:46   END_PICKING           [queue size = 122]
2026-07-13 11:05:52 DEBUG: Ended picking at workstation 3.    [picking_buffer len = {}]
2026-07-13 11:05:52 DEBUG: Task should have served orders {1}, found open orders {1, 75, 58, 30}.
2026-07-13 11:05:52 DEBUG: Task 21 completed: pod 523 returning to storage.
2026-07-13 11:05:52 DEBUG:    EVENT NUM 294   current_time = 00:01:46   CLOSE_ORDER           [queue size = 123]
2026-07-13 11:05:52 DEBUG: Order 1 closed at workstation 3: flow_time = 106.9 s.     [order_buffer = 5] [open_orders = 3/4]
2026-07-13 11:05:52 DEBUG: Next order in buffer: 12
2026-07-13 11:05:52 DEBUG:    EVENT NUM 295   current_time = 00:01:46   OPEN_ORDER            [queue size = 123]
2026-07-13 11:05:52 DEBUG: Order 12 (skus required = {5554}) opened at workstation 3.   [open_orders = 4/4]
2026-07-13 11:05:52 DEBUG:    EVENT NUM 296   current_time = 00:01:46   START_TASK            [queue size = 123]
2026-07-13 11:05:52 DEBUG: Task 29 blocked: no orders in {1: [72, 6]} is open yet.  [released tasks = 14]
2026-07-13 11:05:52 DEBUG: Task 31 blocked: no orders in {0: [17]} is open yet.  [released tasks = 13]
2026-07-13 11:05:52 DEBUG: Task 33 blocked: no orders in {2: [82]} is open yet.  [released tasks = 12]
2026-07-13 11:05:52 DEBUG: Task 34 blocked: no orders in {2: [98]} is open yet.  [released tasks = 11]
2026-07-13 11:05:52 DEBUG: Task 35 blocked: no orders in {0: [94]} is open yet.  [released tasks = 10]
2026-07-13 11:05:52 DEBUG: Task 36 blocked: no orders in {2: [54]} is open yet.  [released tasks = 9]
2026-07-13 11:05:52 DEBUG: Task 37 blocked: no orders in {0: [97, 71]} is open yet.  [released tasks = 8]
2026-07-13 11:05:52 DEBUG: Task 38 blocked: no orders in {0: [52]} is open yet.  [released tasks = 7]
2026-07-13 11:05:52 DEBUG: Task 39 blocked: no orders in {1: [79]} is open yet.  [released tasks = 6]
2026-07-13 11:05:52 DEBUG: Task 40 blocked: no orders in {2: [98]} is open yet.  [released tasks = 5]
2026-07-13 11:05:52 DEBUG: Task 41 blocked: no orders in {2: [54]} is open yet.  [released tasks = 4]
2026-07-13 11:05:52 DEBUG: Task 43 blocked: no orders in {1: [7]} is open yet.  [released tasks = 3]
2026-07-13 11:05:52 DEBUG: Task 45 blocked: no orders in {2: [98]} is open yet.  [released tasks = 2]
2026-07-13 11:05:52 DEBUG: Task 49 blocked: no orders in {1: [6]} is open yet.  [released tasks = 1]
2026-07-13 11:05:52 DEBUG: Task 50 blocked: no orders in {2: [54]} is open yet.  [released tasks = 0]
2026-07-13 11:05:52 DEBUG:    EVENT NUM 297   current_time = 00:01:48   RELEASE_TASK          [queue size = 122]
2026-07-13 11:05:52 DEBUG: Task 51 released: pod 87 required by workstation(s) [5, 5].  [released tasks = 16]
2026-07-13 11:05:52 DEBUG:    EVENT NUM 298   current_time = 00:01:48   START_TASK            [queue size = 122]
2026-07-13 11:05:52 DEBUG: Task 29 blocked: no orders in {1: [72, 6]} is open yet.  [released tasks = 15]
2026-07-13 11:05:52 DEBUG: Task 31 blocked: no orders in {0: [17]} is open yet.  [released tasks = 14]
2026-07-13 11:05:52 DEBUG: Task 33 blocked: no orders in {2: [82]} is open yet.  [released tasks = 13]
2026-07-13 11:05:52 DEBUG: Task 34 blocked: no orders in {2: [98]} is open yet.  [released tasks = 12]
2026-07-13 11:05:52 DEBUG: Task 35 blocked: no orders in {0: [94]} is open yet.  [released tasks = 11]
2026-07-13 11:05:52 DEBUG: Task 36 blocked: no orders in {2: [54]} is open yet.  [released tasks = 10]
2026-07-13 11:05:52 DEBUG: Task 37 blocked: no orders in {0: [97, 71]} is open yet.  [released tasks = 9]
2026-07-13 11:05:52 DEBUG: Task 38 blocked: no orders in {0: [52]} is open yet.  [released tasks = 8]
2026-07-13 11:05:52 DEBUG: Task 39 blocked: no orders in {1: [79]} is open yet.  [released tasks = 7]
2026-07-13 11:05:52 DEBUG: Task 40 blocked: no orders in {2: [98]} is open yet.  [released tasks = 6]
2026-07-13 11:05:52 DEBUG: Task 41 blocked: no orders in {2: [54]} is open yet.  [released tasks = 5]
2026-07-13 11:05:52 DEBUG: Task 43 blocked: no orders in {1: [7]} is open yet.  [released tasks = 4]
2026-07-13 11:05:52 DEBUG: Task 45 blocked: no orders in {2: [98]} is open yet.  [released tasks = 3]
2026-07-13 11:05:52 DEBUG: Task 49 blocked: no orders in {1: [6]} is open yet.  [released tasks = 2]
2026-07-13 11:05:52 DEBUG: Task 50 blocked: no orders in {2: [54]} is open yet.  [released tasks = 1]
2026-07-13 11:05:52 DEBUG: Task 51 started: robot 21 → pod 87 → workstation 5 for orders {13} (arrival = 272.6 s).   [idle robots = 10/40]
2026-07-13 11:05:52 DEBUG:    EVENT NUM 299   current_time = 00:01:49   END_PICKING           [queue size = 122]
2026-07-13 11:05:52 DEBUG: Ended picking at workstation 1.    [picking_buffer len = {}]
2026-07-13 11:05:52 DEBUG: Task should have served orders {49}, found open orders {41, 44, 49, 51}.
2026-07-13 11:05:52 DEBUG: Task 32 completed: pod 731 returning to storage.
2026-07-13 11:05:52 DEBUG:    EVENT NUM 300   current_time = 00:01:49   CLOSE_ORDER           [queue size = 123]
2026-07-13 11:05:52 DEBUG: Order 49 closed at workstation 1: flow_time = 109.0 s.     [order_buffer = 6] [open_orders = 3/4]
2026-07-13 11:05:52 DEBUG: Next order in buffer: 21
2026-07-13 11:05:52 DEBUG:    EVENT NUM 301   current_time = 00:01:49   OPEN_ORDER            [queue size = 123]
2026-07-13 11:05:52 DEBUG: Order 21 (skus required = {5981}) opened at workstation 1.   [open_orders = 4/4]
2026-07-13 11:05:52 DEBUG:    EVENT NUM 302   current_time = 00:01:49   START_TASK            [queue size = 123]
2026-07-13 11:05:52 DEBUG: Task 29 started: robot 22 → pod 214 → workstation 1 for orders {27} (arrival = 225.3 s).   [idle robots = 9/40]
2026-07-13 11:05:52 DEBUG:    EVENT NUM 303   current_time = 00:01:50   ARRIVAL_ORDER         [queue size = 123]
2026-07-13 11:05:52 DEBUG: Order 110 arrived: items_required = [4089].     [orders_in_system = 97]
2026-07-13 11:05:52 DEBUG:    EVENT NUM 304   current_time = 00:01:50   RELEASE_TASK          [queue size = 123]
2026-07-13 11:05:52 DEBUG: Task 52 released: pod 778 required by workstation(s) [8].  [released tasks = 15]
2026-07-13 11:05:52 DEBUG:    EVENT NUM 305   current_time = 00:01:50   START_TASK            [queue size = 123]
2026-07-13 11:05:52 DEBUG: Task 31 blocked: no orders in {0: [17]} is open yet.  [released tasks = 14]
2026-07-13 11:05:52 DEBUG: Task 33 blocked: no orders in {2: [82]} is open yet.  [released tasks = 13]
2026-07-13 11:05:52 DEBUG: Task 34 blocked: no orders in {2: [98]} is open yet.  [released tasks = 12]
2026-07-13 11:05:52 DEBUG: Task 35 blocked: no orders in {0: [94]} is open yet.  [released tasks = 11]
2026-07-13 11:05:52 DEBUG: Task 36 blocked: no orders in {2: [54]} is open yet.  [released tasks = 10]
2026-07-13 11:05:52 DEBUG: Task 37 blocked: no orders in {0: [97, 71]} is open yet.  [released tasks = 9]
2026-07-13 11:05:52 DEBUG: Task 38 blocked: no orders in {0: [52]} is open yet.  [released tasks = 8]
2026-07-13 11:05:52 DEBUG: Task 39 blocked: no orders in {1: [79]} is open yet.  [released tasks = 7]
2026-07-13 11:05:52 DEBUG: Task 40 blocked: no orders in {2: [98]} is open yet.  [released tasks = 6]
2026-07-13 11:05:52 DEBUG: Task 41 blocked: no orders in {2: [54]} is open yet.  [released tasks = 5]
2026-07-13 11:05:52 DEBUG: Task 43 blocked: no orders in {1: [7]} is open yet.  [released tasks = 4]
2026-07-13 11:05:52 DEBUG: Task 45 blocked: no orders in {2: [98]} is open yet.  [released tasks = 3]
2026-07-13 11:05:52 DEBUG: Task 49 blocked: no orders in {1: [6]} is open yet.  [released tasks = 2]
2026-07-13 11:05:52 DEBUG: Task 50 blocked: no orders in {2: [54]} is open yet.  [released tasks = 1]
2026-07-13 11:05:52 DEBUG: Task 52 started: robot 32 → pod 778 → workstation 8 for orders {24} (arrival = 200.8 s).   [idle robots = 8/40]
2026-07-13 11:05:52 DEBUG:    EVENT NUM 306   current_time = 00:01:51   END_PICKING           [queue size = 123]
2026-07-13 11:05:52 DEBUG: Ended picking at workstation 2.    [picking_buffer len = {}]
2026-07-13 11:05:52 DEBUG: Task should have served orders {91}, found open orders {4, 68, 46, 91}.
2026-07-13 11:05:52 DEBUG: Task 20 completed: pod 521 returning to storage.
2026-07-13 11:05:52 DEBUG:    EVENT NUM 307   current_time = 00:01:51   CLOSE_ORDER           [queue size = 124]
2026-07-13 11:05:52 DEBUG: Order 91 closed at workstation 2: flow_time = 111.3 s.     [order_buffer = 7] [open_orders = 3/4]
2026-07-13 11:05:52 DEBUG: Next order in buffer: 87
2026-07-13 11:05:52 DEBUG:    EVENT NUM 308   current_time = 00:01:51   OPEN_ORDER            [queue size = 124]
2026-07-13 11:05:52 DEBUG: Order 87 (skus required = {3843}) opened at workstation 2.   [open_orders = 4/4]
2026-07-13 11:05:52 DEBUG:    EVENT NUM 309   current_time = 00:01:51   START_TASK            [queue size = 124]
2026-07-13 11:05:52 DEBUG: Task 31 blocked: no orders in {0: [17]} is open yet.  [released tasks = 13]
2026-07-13 11:05:52 DEBUG: Task 33 started: robot 38 → pod 544 → workstation 2 for orders {82} (arrival = 204.5 s).   [idle robots = 7/40]
2026-07-13 11:05:52 DEBUG:    EVENT NUM 310   current_time = 00:01:51   RETURN_POD            [queue size = 124]
2026-07-13 11:05:52 DEBUG: Pod 824 returned. Robot 3 idle.   [idle robots = 8/40, released tasks = 13]
2026-07-13 11:05:52 DEBUG:    EVENT NUM 311   current_time = 00:01:51   START_TASK            [queue size = 124]
2026-07-13 11:05:52 DEBUG: Task 31 blocked: no orders in {0: [17]} is open yet.  [released tasks = 12]
2026-07-13 11:05:52 DEBUG: Task 34 blocked: no orders in {2: [98]} is open yet.  [released tasks = 11]
2026-07-13 11:05:52 DEBUG: Task 35 blocked: no orders in {0: [94]} is open yet.  [released tasks = 10]
2026-07-13 11:05:52 DEBUG: Task 36 blocked: no orders in {2: [54]} is open yet.  [released tasks = 9]
2026-07-13 11:05:52 DEBUG: Task 37 blocked: no orders in {0: [97, 71]} is open yet.  [released tasks = 8]
2026-07-13 11:05:52 DEBUG: Task 38 blocked: no orders in {0: [52]} is open yet.  [released tasks = 7]
2026-07-13 11:05:52 DEBUG: Task 39 blocked: no orders in {1: [79]} is open yet.  [released tasks = 6]
2026-07-13 11:05:52 DEBUG: Task 40 blocked: no orders in {2: [98]} is open yet.  [released tasks = 5]
2026-07-13 11:05:52 DEBUG: Task 41 blocked: no orders in {2: [54]} is open yet.  [released tasks = 4]
2026-07-13 11:05:52 DEBUG: Task 43 blocked: no orders in {1: [7]} is open yet.  [released tasks = 3]
2026-07-13 11:05:52 DEBUG: Task 45 blocked: no orders in {2: [98]} is open yet.  [released tasks = 2]
2026-07-13 11:05:52 DEBUG: Task 49 blocked: no orders in {1: [6]} is open yet.  [released tasks = 1]
2026-07-13 11:05:52 DEBUG: Task 50 blocked: no orders in {2: [54]} is open yet.  [released tasks = 0]
2026-07-13 11:05:52 DEBUG:    EVENT NUM 312   current_time = 00:01:52   RELEASE_TASK          [queue size = 123]
2026-07-13 11:05:52 DEBUG: Task 53 released: pod 385 required by workstation(s) [0].  [released tasks = 14]
2026-07-13 11:05:52 DEBUG:    EVENT NUM 313   current_time = 00:01:52   START_TASK            [queue size = 123]
2026-07-13 11:05:52 DEBUG: Task 31 blocked: no orders in {0: [17]} is open yet.  [released tasks = 13]
2026-07-13 11:05:52 DEBUG: Task 34 blocked: no orders in {2: [98]} is open yet.  [released tasks = 12]
2026-07-13 11:05:52 DEBUG: Task 35 blocked: no orders in {0: [94]} is open yet.  [released tasks = 11]
2026-07-13 11:05:52 DEBUG: Task 36 blocked: no orders in {2: [54]} is open yet.  [released tasks = 10]
2026-07-13 11:05:52 DEBUG: Task 37 blocked: no orders in {0: [97, 71]} is open yet.  [released tasks = 9]
2026-07-13 11:05:52 DEBUG: Task 38 blocked: no orders in {0: [52]} is open yet.  [released tasks = 8]
2026-07-13 11:05:52 DEBUG: Task 39 blocked: no orders in {1: [79]} is open yet.  [released tasks = 7]
2026-07-13 11:05:52 DEBUG: Task 40 blocked: no orders in {2: [98]} is open yet.  [released tasks = 6]
2026-07-13 11:05:52 DEBUG: Task 41 blocked: no orders in {2: [54]} is open yet.  [released tasks = 5]
2026-07-13 11:05:52 DEBUG: Task 43 blocked: no orders in {1: [7]} is open yet.  [released tasks = 4]
2026-07-13 11:05:52 DEBUG: Task 45 blocked: no orders in {2: [98]} is open yet.  [released tasks = 3]
2026-07-13 11:05:52 DEBUG: Task 49 blocked: no orders in {1: [6]} is open yet.  [released tasks = 2]
2026-07-13 11:05:52 DEBUG: Task 50 blocked: no orders in {2: [54]} is open yet.  [released tasks = 1]
2026-07-13 11:05:52 DEBUG: Task 53 started: robot 20 → pod 385 → workstation 0 for orders {93} (arrival = 272.0 s).   [idle robots = 7/40]
2026-07-13 11:05:52 DEBUG:    EVENT NUM 314   current_time = 00:01:53   ARRIVAL_POD_WST       [queue size = 123]
2026-07-13 11:05:52 DEBUG: Pod 766 arrived at workstation 6 - status = IDLE
2026-07-13 11:05:52 DEBUG: Pod queued at workstation.    [picking_buffer = {42: 113.04689308544579}]
2026-07-13 11:05:52 DEBUG:    EVENT NUM 315   current_time = 00:01:53   START_PICKING         [queue size = 123]
2026-07-13 11:05:52 DEBUG: Processing task 42 at workstation 6: picking items {2958} for orders {76}
2026-07-13 11:05:52 DEBUG:    EVENT NUM 316   current_time = 00:01:55   RELEASE_TASK          [queue size = 123]
2026-07-13 11:05:52 DEBUG: Task 54 released: pod 305 required by workstation(s) [2].  [released tasks = 14]
2026-07-13 11:05:52 DEBUG:    EVENT NUM 317   current_time = 00:01:55   START_TASK            [queue size = 123]
2026-07-13 11:05:52 DEBUG: Task 31 blocked: no orders in {0: [17]} is open yet.  [released tasks = 13]
2026-07-13 11:05:52 DEBUG: Task 34 blocked: no orders in {2: [98]} is open yet.  [released tasks = 12]
2026-07-13 11:05:52 DEBUG: Task 35 blocked: no orders in {0: [94]} is open yet.  [released tasks = 11]
2026-07-13 11:05:52 DEBUG: Task 36 blocked: no orders in {2: [54]} is open yet.  [released tasks = 10]
2026-07-13 11:05:52 DEBUG: Task 37 blocked: no orders in {0: [97, 71]} is open yet.  [released tasks = 9]
2026-07-13 11:05:52 DEBUG: Task 38 blocked: no orders in {0: [52]} is open yet.  [released tasks = 8]
2026-07-13 11:05:52 DEBUG: Task 39 blocked: no orders in {1: [79]} is open yet.  [released tasks = 7]
2026-07-13 11:05:52 DEBUG: Task 40 blocked: no orders in {2: [98]} is open yet.  [released tasks = 6]
2026-07-13 11:05:52 DEBUG: Task 41 blocked: no orders in {2: [54]} is open yet.  [released tasks = 5]
2026-07-13 11:05:52 DEBUG: Task 43 blocked: no orders in {1: [7]} is open yet.  [released tasks = 4]
2026-07-13 11:05:52 DEBUG: Task 45 blocked: no orders in {2: [98]} is open yet.  [released tasks = 3]
2026-07-13 11:05:52 DEBUG: Task 49 blocked: no orders in {1: [6]} is open yet.  [released tasks = 2]
2026-07-13 11:05:52 DEBUG: Task 50 blocked: no orders in {2: [54]} is open yet.  [released tasks = 1]
2026-07-13 11:05:52 DEBUG: Task 54 blocked: no orders in {2: [2]} is open yet.  [released tasks = 0]
2026-07-13 11:05:52 DEBUG:    EVENT NUM 318   current_time = 00:01:57   RELEASE_TASK          [queue size = 122]
2026-07-13 11:05:52 DEBUG: Task 55 released: pod 403 required by workstation(s) [3].  [released tasks = 15]
2026-07-13 11:05:52 DEBUG:    EVENT NUM 319   current_time = 00:01:57   START_TASK            [queue size = 122]
2026-07-13 11:05:52 DEBUG: Task 31 blocked: no orders in {0: [17]} is open yet.  [released tasks = 14]
2026-07-13 11:05:52 DEBUG: Task 34 blocked: no orders in {2: [98]} is open yet.  [released tasks = 13]
2026-07-13 11:05:52 DEBUG: Task 35 blocked: no orders in {0: [94]} is open yet.  [released tasks = 12]
2026-07-13 11:05:52 DEBUG: Task 36 blocked: no orders in {2: [54]} is open yet.  [released tasks = 11]
2026-07-13 11:05:52 DEBUG: Task 37 blocked: no orders in {0: [97, 71]} is open yet.  [released tasks = 10]
2026-07-13 11:05:52 DEBUG: Task 38 blocked: no orders in {0: [52]} is open yet.  [released tasks = 9]
2026-07-13 11:05:52 DEBUG: Task 39 blocked: no orders in {1: [79]} is open yet.  [released tasks = 8]
2026-07-13 11:05:52 DEBUG: Task 40 blocked: no orders in {2: [98]} is open yet.  [released tasks = 7]
2026-07-13 11:05:52 DEBUG: Task 41 blocked: no orders in {2: [54]} is open yet.  [released tasks = 6]
2026-07-13 11:05:52 DEBUG: Task 43 blocked: no orders in {1: [7]} is open yet.  [released tasks = 5]
2026-07-13 11:05:52 DEBUG: Task 45 blocked: no orders in {2: [98]} is open yet.  [released tasks = 4]
2026-07-13 11:05:52 DEBUG: Task 49 blocked: no orders in {1: [6]} is open yet.  [released tasks = 3]
2026-07-13 11:05:52 DEBUG: Task 50 blocked: no orders in {2: [54]} is open yet.  [released tasks = 2]
2026-07-13 11:05:52 DEBUG: Task 54 blocked: no orders in {2: [2]} is open yet.  [released tasks = 1]
2026-07-13 11:05:52 DEBUG: Task 55 started: robot 3 → pod 403 → workstation 3 for orders {58} (arrival = 178.7 s).   [idle robots = 6/40]
2026-07-13 11:05:52 DEBUG:    EVENT NUM 320   current_time = 00:01:57   ARRIVAL_POD_WST       [queue size = 122]
2026-07-13 11:05:52 DEBUG: Pod 222 arrived at workstation 2 - status = IDLE
2026-07-13 11:05:52 DEBUG: Pod queued at workstation.    [picking_buffer = {18: 117.3684928652093}]
2026-07-13 11:05:52 DEBUG:    EVENT NUM 321   current_time = 00:01:57   START_PICKING         [queue size = 122]
2026-07-13 11:05:52 DEBUG: Processing task 18 at workstation 2: picking items {9475} for orders {68}
2026-07-13 11:05:52 DEBUG:    EVENT NUM 322   current_time = 00:01:59   RELEASE_TASK          [queue size = 122]
2026-07-13 11:05:52 DEBUG: Task 56 released: pod 710 required by workstation(s) [7].  [released tasks = 15]
2026-07-13 11:05:52 DEBUG:    EVENT NUM 323   current_time = 00:01:59   START_TASK            [queue size = 122]
2026-07-13 11:05:52 DEBUG: Task 31 blocked: no orders in {0: [17]} is open yet.  [released tasks = 14]
2026-07-13 11:05:52 DEBUG: Task 34 blocked: no orders in {2: [98]} is open yet.  [released tasks = 13]
2026-07-13 11:05:52 DEBUG: Task 35 blocked: no orders in {0: [94]} is open yet.  [released tasks = 12]
2026-07-13 11:05:52 DEBUG: Task 36 blocked: no orders in {2: [54]} is open yet.  [released tasks = 11]
2026-07-13 11:05:52 DEBUG: Task 37 blocked: no orders in {0: [97, 71]} is open yet.  [released tasks = 10]
2026-07-13 11:05:52 DEBUG: Task 38 blocked: no orders in {0: [52]} is open yet.  [released tasks = 9]
2026-07-13 11:05:52 DEBUG: Task 39 blocked: no orders in {1: [79]} is open yet.  [released tasks = 8]
2026-07-13 11:05:52 DEBUG: Task 40 blocked: no orders in {2: [98]} is open yet.  [released tasks = 7]
2026-07-13 11:05:52 DEBUG: Task 41 blocked: no orders in {2: [54]} is open yet.  [released tasks = 6]
2026-07-13 11:05:52 DEBUG: Task 43 blocked: no orders in {1: [7]} is open yet.  [released tasks = 5]
2026-07-13 11:05:52 DEBUG: Task 45 blocked: no orders in {2: [98]} is open yet.  [released tasks = 4]
2026-07-13 11:05:52 DEBUG: Task 49 blocked: no orders in {1: [6]} is open yet.  [released tasks = 3]
2026-07-13 11:05:52 DEBUG: Task 50 blocked: no orders in {2: [54]} is open yet.  [released tasks = 2]
2026-07-13 11:05:52 DEBUG: Task 54 blocked: no orders in {2: [2]} is open yet.  [released tasks = 1]
2026-07-13 11:05:52 DEBUG: Task 56 started: robot 37 → pod 710 → workstation 7 for orders {50} (arrival = 165.6 s).   [idle robots = 5/40]
2026-07-13 11:05:52 DEBUG:    EVENT NUM 324   current_time = 00:02:00   ARRIVAL_ORDER         [queue size = 122]
2026-07-13 11:05:52 DEBUG: Order 111 arrived: items_required = [4128, 7865].     [orders_in_system = 97]
2026-07-13 11:05:52 DEBUG:    EVENT NUM 325   current_time = 00:02:00   ARRIVAL_POD_WST       [queue size = 122]
2026-07-13 11:05:52 DEBUG: Pod 864 arrived at workstation 3 - status = IDLE
2026-07-13 11:05:52 DEBUG: Pod queued at workstation.    [picking_buffer = {17: 120.31725520832393}]
2026-07-13 11:05:52 DEBUG:    EVENT NUM 326   current_time = 00:02:00   START_PICKING         [queue size = 122]
2026-07-13 11:05:52 DEBUG: Processing task 17 at workstation 3: picking items {5356} for orders {30}
2026-07-13 11:05:52 DEBUG:    EVENT NUM 327   current_time = 00:02:01   RELEASE_TASK          [queue size = 122]
2026-07-13 11:05:52 DEBUG: Task 57 released: pod 894 required by workstation(s) [8].  [released tasks = 15]
2026-07-13 11:05:52 DEBUG:    EVENT NUM 328   current_time = 00:02:01   START_TASK            [queue size = 122]
2026-07-13 11:05:52 DEBUG: Task 31 blocked: no orders in {0: [17]} is open yet.  [released tasks = 14]
2026-07-13 11:05:52 DEBUG: Task 34 blocked: no orders in {2: [98]} is open yet.  [released tasks = 13]
2026-07-13 11:05:52 DEBUG: Task 35 blocked: no orders in {0: [94]} is open yet.  [released tasks = 12]
2026-07-13 11:05:52 DEBUG: Task 36 blocked: no orders in {2: [54]} is open yet.  [released tasks = 11]
2026-07-13 11:05:52 DEBUG: Task 37 blocked: no orders in {0: [97, 71]} is open yet.  [released tasks = 10]
2026-07-13 11:05:52 DEBUG: Task 38 blocked: no orders in {0: [52]} is open yet.  [released tasks = 9]
2026-07-13 11:05:52 DEBUG: Task 39 blocked: no orders in {1: [79]} is open yet.  [released tasks = 8]
2026-07-13 11:05:52 DEBUG: Task 40 blocked: no orders in {2: [98]} is open yet.  [released tasks = 7]
2026-07-13 11:05:52 DEBUG: Task 41 blocked: no orders in {2: [54]} is open yet.  [released tasks = 6]
2026-07-13 11:05:52 DEBUG: Task 43 blocked: no orders in {1: [7]} is open yet.  [released tasks = 5]
2026-07-13 11:05:52 DEBUG: Task 45 blocked: no orders in {2: [98]} is open yet.  [released tasks = 4]
2026-07-13 11:05:52 DEBUG: Task 49 blocked: no orders in {1: [6]} is open yet.  [released tasks = 3]
2026-07-13 11:05:52 DEBUG: Task 50 blocked: no orders in {2: [54]} is open yet.  [released tasks = 2]
2026-07-13 11:05:52 DEBUG: Task 54 blocked: no orders in {2: [2]} is open yet.  [released tasks = 1]
2026-07-13 11:05:52 DEBUG: Task 57 started: robot 18 → pod 894 → workstation 8 for orders {61} (arrival = 166.6 s).   [idle robots = 4/40]
2026-07-13 11:05:52 DEBUG:    EVENT NUM 329   current_time = 00:02:03   END_PICKING           [queue size = 122]
2026-07-13 11:05:52 DEBUG: Ended picking at workstation 6.    [picking_buffer len = {}]
2026-07-13 11:05:52 DEBUG: Task should have served orders {76}, found open orders {76, 5, 70, 47}.
2026-07-13 11:05:52 DEBUG: Task 42 completed: pod 766 returning to storage.
2026-07-13 11:05:52 DEBUG:    EVENT NUM 330   current_time = 00:02:03   CLOSE_ORDER           [queue size = 123]
2026-07-13 11:05:52 DEBUG: Order 76 closed at workstation 6: flow_time = 123.0 s.     [order_buffer = 5] [open_orders = 3/4]
2026-07-13 11:05:52 DEBUG: Next order in buffer: 86
2026-07-13 11:05:52 DEBUG:    EVENT NUM 331   current_time = 00:02:03   OPEN_ORDER            [queue size = 123]
2026-07-13 11:05:52 DEBUG: Order 86 (skus required = {8536, 4555}) opened at workstation 6.   [open_orders = 4/4]
2026-07-13 11:05:52 DEBUG:    EVENT NUM 332   current_time = 00:02:03   START_TASK            [queue size = 123]
2026-07-13 11:05:52 DEBUG: Task 31 blocked: no orders in {0: [17]} is open yet.  [released tasks = 13]
2026-07-13 11:05:52 DEBUG: Task 34 blocked: no orders in {2: [98]} is open yet.  [released tasks = 12]
2026-07-13 11:05:52 DEBUG: Task 35 blocked: no orders in {0: [94]} is open yet.  [released tasks = 11]
2026-07-13 11:05:52 DEBUG: Task 36 blocked: no orders in {2: [54]} is open yet.  [released tasks = 10]
2026-07-13 11:05:52 DEBUG: Task 37 blocked: no orders in {0: [97, 71]} is open yet.  [released tasks = 9]
2026-07-13 11:05:52 DEBUG: Task 38 blocked: no orders in {0: [52]} is open yet.  [released tasks = 8]
2026-07-13 11:05:52 DEBUG: Task 39 blocked: no orders in {1: [79]} is open yet.  [released tasks = 7]
2026-07-13 11:05:52 DEBUG: Task 40 blocked: no orders in {2: [98]} is open yet.  [released tasks = 6]
2026-07-13 11:05:52 DEBUG: Task 41 blocked: no orders in {2: [54]} is open yet.  [released tasks = 5]
2026-07-13 11:05:52 DEBUG: Task 43 blocked: no orders in {1: [7]} is open yet.  [released tasks = 4]
2026-07-13 11:05:52 DEBUG: Task 45 blocked: no orders in {2: [98]} is open yet.  [released tasks = 3]
2026-07-13 11:05:52 DEBUG: Task 49 blocked: no orders in {1: [6]} is open yet.  [released tasks = 2]
2026-07-13 11:05:52 DEBUG: Task 50 blocked: no orders in {2: [54]} is open yet.  [released tasks = 1]
2026-07-13 11:05:52 DEBUG: Task 54 blocked: no orders in {2: [2]} is open yet.  [released tasks = 0]
2026-07-13 11:05:52 DEBUG:    EVENT NUM 333   current_time = 00:02:03   RETURN_POD            [queue size = 122]
2026-07-13 11:05:52 DEBUG: Pod 552 returned. Robot 24 idle.   [idle robots = 5/40, released tasks = 14]
2026-07-13 11:05:52 DEBUG:    EVENT NUM 334   current_time = 00:02:03   START_TASK            [queue size = 122]
2026-07-13 11:05:52 DEBUG: Task 31 blocked: no orders in {0: [17]} is open yet.  [released tasks = 13]
2026-07-13 11:05:52 DEBUG: Task 34 blocked: no orders in {2: [98]} is open yet.  [released tasks = 12]
2026-07-13 11:05:52 DEBUG: Task 35 blocked: no orders in {0: [94]} is open yet.  [released tasks = 11]
2026-07-13 11:05:52 DEBUG: Task 36 blocked: no orders in {2: [54]} is open yet.  [released tasks = 10]
2026-07-13 11:05:52 DEBUG: Task 37 blocked: no orders in {0: [97, 71]} is open yet.  [released tasks = 9]
2026-07-13 11:05:52 DEBUG: Task 38 blocked: no orders in {0: [52]} is open yet.  [released tasks = 8]
2026-07-13 11:05:52 DEBUG: Task 39 blocked: no orders in {1: [79]} is open yet.  [released tasks = 7]
2026-07-13 11:05:52 DEBUG: Task 40 blocked: no orders in {2: [98]} is open yet.  [released tasks = 6]
2026-07-13 11:05:52 DEBUG: Task 41 blocked: no orders in {2: [54]} is open yet.  [released tasks = 5]
2026-07-13 11:05:52 DEBUG: Task 43 blocked: no orders in {1: [7]} is open yet.  [released tasks = 4]
2026-07-13 11:05:52 DEBUG: Task 45 blocked: no orders in {2: [98]} is open yet.  [released tasks = 3]
2026-07-13 11:05:52 DEBUG: Task 49 blocked: no orders in {1: [6]} is open yet.  [released tasks = 2]
2026-07-13 11:05:52 DEBUG: Task 50 blocked: no orders in {2: [54]} is open yet.  [released tasks = 1]
2026-07-13 11:05:52 DEBUG: Task 54 blocked: no orders in {2: [2]} is open yet.  [released tasks = 0]
2026-07-13 11:05:52 DEBUG:    EVENT NUM 335   current_time = 00:02:03   RELEASE_TASK          [queue size = 121]
2026-07-13 11:05:52 DEBUG: Task 58 released: pod 552 required by workstation(s) [2].  [released tasks = 15]
2026-07-13 11:05:52 DEBUG:    EVENT NUM 336   current_time = 00:02:03   START_TASK            [queue size = 121]
2026-07-13 11:05:52 DEBUG: Task 31 blocked: no orders in {0: [17]} is open yet.  [released tasks = 14]
2026-07-13 11:05:52 DEBUG: Task 34 blocked: no orders in {2: [98]} is open yet.  [released tasks = 13]
2026-07-13 11:05:52 DEBUG: Task 35 blocked: no orders in {0: [94]} is open yet.  [released tasks = 12]
2026-07-13 11:05:52 DEBUG: Task 36 blocked: no orders in {2: [54]} is open yet.  [released tasks = 11]
2026-07-13 11:05:52 DEBUG: Task 37 blocked: no orders in {0: [97, 71]} is open yet.  [released tasks = 10]
2026-07-13 11:05:52 DEBUG: Task 38 blocked: no orders in {0: [52]} is open yet.  [released tasks = 9]
2026-07-13 11:05:52 DEBUG: Task 39 blocked: no orders in {1: [79]} is open yet.  [released tasks = 8]
2026-07-13 11:05:52 DEBUG: Task 40 blocked: no orders in {2: [98]} is open yet.  [released tasks = 7]
2026-07-13 11:05:52 DEBUG: Task 41 blocked: no orders in {2: [54]} is open yet.  [released tasks = 6]
2026-07-13 11:05:52 DEBUG: Task 43 blocked: no orders in {1: [7]} is open yet.  [released tasks = 5]
2026-07-13 11:05:52 DEBUG: Task 45 blocked: no orders in {2: [98]} is open yet.  [released tasks = 4]
2026-07-13 11:05:52 DEBUG: Task 49 blocked: no orders in {1: [6]} is open yet.  [released tasks = 3]
2026-07-13 11:05:52 DEBUG: Task 50 blocked: no orders in {2: [54]} is open yet.  [released tasks = 2]
2026-07-13 11:05:52 DEBUG: Task 54 blocked: no orders in {2: [2]} is open yet.  [released tasks = 1]
2026-07-13 11:05:52 DEBUG: Task 58 blocked: no orders in {2: [2]} is open yet.  [released tasks = 0]
2026-07-13 11:05:52 DEBUG:    EVENT NUM 337   current_time = 00:02:05   RELEASE_TASK          [queue size = 120]
2026-07-13 11:05:52 DEBUG: Task 59 released: pod 261 required by workstation(s) [8].  [released tasks = 16]
2026-07-13 11:05:52 DEBUG:    EVENT NUM 338   current_time = 00:02:05   START_TASK            [queue size = 120]
2026-07-13 11:05:52 DEBUG: Task 31 blocked: no orders in {0: [17]} is open yet.  [released tasks = 15]
2026-07-13 11:05:52 DEBUG: Task 34 blocked: no orders in {2: [98]} is open yet.  [released tasks = 14]
2026-07-13 11:05:52 DEBUG: Task 35 blocked: no orders in {0: [94]} is open yet.  [released tasks = 13]
2026-07-13 11:05:52 DEBUG: Task 36 blocked: no orders in {2: [54]} is open yet.  [released tasks = 12]
2026-07-13 11:05:52 DEBUG: Task 37 blocked: no orders in {0: [97, 71]} is open yet.  [released tasks = 11]
2026-07-13 11:05:52 DEBUG: Task 38 blocked: no orders in {0: [52]} is open yet.  [released tasks = 10]
2026-07-13 11:05:52 DEBUG: Task 39 blocked: no orders in {1: [79]} is open yet.  [released tasks = 9]
2026-07-13 11:05:52 DEBUG: Task 40 blocked: no orders in {2: [98]} is open yet.  [released tasks = 8]
2026-07-13 11:05:52 DEBUG: Task 41 blocked: no orders in {2: [54]} is open yet.  [released tasks = 7]
2026-07-13 11:05:52 DEBUG: Task 43 blocked: no orders in {1: [7]} is open yet.  [released tasks = 6]
2026-07-13 11:05:52 DEBUG: Task 45 blocked: no orders in {2: [98]} is open yet.  [released tasks = 5]
2026-07-13 11:05:52 DEBUG: Task 49 blocked: no orders in {1: [6]} is open yet.  [released tasks = 4]
2026-07-13 11:05:52 DEBUG: Task 50 blocked: no orders in {2: [54]} is open yet.  [released tasks = 3]
2026-07-13 11:05:52 DEBUG: Task 54 blocked: no orders in {2: [2]} is open yet.  [released tasks = 2]
2026-07-13 11:05:52 DEBUG: Task 58 blocked: no orders in {2: [2]} is open yet.  [released tasks = 1]
2026-07-13 11:05:52 DEBUG: Task 59 started: robot 28 → pod 261 → workstation 8 for orders {8} (arrival = 216.0 s).   [idle robots = 4/40]
2026-07-13 11:05:52 DEBUG:    EVENT NUM 339   current_time = 00:02:06   ARRIVAL_POD_WST       [queue size = 120]
2026-07-13 11:05:52 DEBUG: Pod 752 arrived at workstation 1 - status = IDLE
2026-07-13 11:05:52 DEBUG: Pod queued at workstation.    [picking_buffer = {19: 126.68715049217616}]
2026-07-13 11:05:52 DEBUG:    EVENT NUM 340   current_time = 00:02:06   START_PICKING         [queue size = 120]
2026-07-13 11:05:52 DEBUG: Processing task 19 at workstation 1: picking items {6497} for orders {51}
2026-07-13 11:05:52 DEBUG:    EVENT NUM 341   current_time = 00:02:07   ARRIVAL_POD_WST       [queue size = 120]
2026-07-13 11:05:52 DEBUG: Pod 573 arrived at workstation 0 - status = IDLE
2026-07-13 11:05:52 DEBUG: Pod queued at workstation.    [picking_buffer = {16: 127.17219062332691}]
2026-07-13 11:05:52 DEBUG:    EVENT NUM 342   current_time = 00:02:07   START_PICKING         [queue size = 120]
2026-07-13 11:05:52 DEBUG: Processing task 16 at workstation 0: picking items {10680, 820} for orders {66, 11}
2026-07-13 11:05:52 DEBUG:    EVENT NUM 343   current_time = 00:02:07   RETURN_POD            [queue size = 120]
2026-07-13 11:05:52 DEBUG: Pod 579 returned. Robot 11 idle.   [idle robots = 5/40, released tasks = 15]
2026-07-13 11:05:52 DEBUG:    EVENT NUM 344   current_time = 00:02:07   START_TASK            [queue size = 120]
2026-07-13 11:05:52 DEBUG: Task 31 blocked: no orders in {0: [17]} is open yet.  [released tasks = 14]
2026-07-13 11:05:52 DEBUG: Task 34 blocked: no orders in {2: [98]} is open yet.  [released tasks = 13]
2026-07-13 11:05:52 DEBUG: Task 35 blocked: no orders in {0: [94]} is open yet.  [released tasks = 12]
2026-07-13 11:05:52 DEBUG: Task 36 blocked: no orders in {2: [54]} is open yet.  [released tasks = 11]
2026-07-13 11:05:52 DEBUG: Task 37 blocked: no orders in {0: [97, 71]} is open yet.  [released tasks = 10]
2026-07-13 11:05:52 DEBUG: Task 38 blocked: no orders in {0: [52]} is open yet.  [released tasks = 9]
2026-07-13 11:05:52 DEBUG: Task 39 blocked: no orders in {1: [79]} is open yet.  [released tasks = 8]
2026-07-13 11:05:52 DEBUG: Task 40 blocked: no orders in {2: [98]} is open yet.  [released tasks = 7]
2026-07-13 11:05:52 DEBUG: Task 41 blocked: no orders in {2: [54]} is open yet.  [released tasks = 6]
2026-07-13 11:05:52 DEBUG: Task 43 blocked: no orders in {1: [7]} is open yet.  [released tasks = 5]
2026-07-13 11:05:52 DEBUG: Task 45 blocked: no orders in {2: [98]} is open yet.  [released tasks = 4]
2026-07-13 11:05:52 DEBUG: Task 49 blocked: no orders in {1: [6]} is open yet.  [released tasks = 3]
2026-07-13 11:05:52 DEBUG: Task 50 blocked: no orders in {2: [54]} is open yet.  [released tasks = 2]
2026-07-13 11:05:52 DEBUG: Task 54 blocked: no orders in {2: [2]} is open yet.  [released tasks = 1]
2026-07-13 11:05:52 DEBUG: Task 58 blocked: no orders in {2: [2]} is open yet.  [released tasks = 0]
2026-07-13 11:05:52 DEBUG:    EVENT NUM 345   current_time = 00:02:07   END_PICKING           [queue size = 119]
2026-07-13 11:05:52 DEBUG: Ended picking at workstation 2.    [picking_buffer len = {}]
2026-07-13 11:05:52 DEBUG: Task should have served orders {68}, found open orders {4, 68, 46, 87}.
2026-07-13 11:05:52 DEBUG: Task 18 completed: pod 222 returning to storage.
2026-07-13 11:05:52 DEBUG:    EVENT NUM 346   current_time = 00:02:07   CLOSE_ORDER           [queue size = 120]
2026-07-13 11:05:52 DEBUG: Order 68 closed at workstation 2: flow_time = 127.4 s.     [order_buffer = 6] [open_orders = 3/4]
2026-07-13 11:05:52 DEBUG: Next order in buffer: 82
2026-07-13 11:05:52 DEBUG:    EVENT NUM 347   current_time = 00:02:07   OPEN_ORDER            [queue size = 120]
2026-07-13 11:05:52 DEBUG: Order 82 (skus required = {8297}) opened at workstation 2.   [open_orders = 4/4]
2026-07-13 11:05:52 DEBUG:    EVENT NUM 348   current_time = 00:02:07   START_TASK            [queue size = 120]
2026-07-13 11:05:52 DEBUG: Task 31 blocked: no orders in {0: [17]} is open yet.  [released tasks = 14]
2026-07-13 11:05:52 DEBUG: Task 34 started: robot 8 → pod 895 → workstation 2 for orders {98} (arrival = 212.8 s).   [idle robots = 4/40]
2026-07-13 11:05:52 DEBUG:    EVENT NUM 349   current_time = 00:02:07   RELEASE_TASK          [queue size = 120]
2026-07-13 11:05:52 DEBUG: Task 60 released: pod 438 required by workstation(s) [6, 6].  [released tasks = 15]
2026-07-13 11:05:52 DEBUG:    EVENT NUM 350   current_time = 00:02:07   START_TASK            [queue size = 120]
2026-07-13 11:05:52 DEBUG: Task 31 blocked: no orders in {0: [17]} is open yet.  [released tasks = 14]
2026-07-13 11:05:52 DEBUG: Task 35 blocked: no orders in {0: [94]} is open yet.  [released tasks = 13]
2026-07-13 11:05:52 DEBUG: Task 36 blocked: no orders in {2: [54]} is open yet.  [released tasks = 12]
2026-07-13 11:05:52 DEBUG: Task 37 blocked: no orders in {0: [97, 71]} is open yet.  [released tasks = 11]
2026-07-13 11:05:52 DEBUG: Task 38 blocked: no orders in {0: [52]} is open yet.  [released tasks = 10]
2026-07-13 11:05:52 DEBUG: Task 39 blocked: no orders in {1: [79]} is open yet.  [released tasks = 9]
2026-07-13 11:05:52 DEBUG: Task 40 started: robot 11 → pod 184 → workstation 2 for orders {98} (arrival = 270.7 s).   [idle robots = 3/40]
2026-07-13 11:05:52 DEBUG:    EVENT NUM 351   current_time = 00:02:09   RELEASE_TASK          [queue size = 120]
2026-07-13 11:05:52 DEBUG: Task 61 released: pod 266 required by workstation(s) [7].  [released tasks = 15]
2026-07-13 11:05:52 DEBUG:    EVENT NUM 352   current_time = 00:02:09   START_TASK            [queue size = 120]
2026-07-13 11:05:52 DEBUG: Task 31 blocked: no orders in {0: [17]} is open yet.  [released tasks = 14]
2026-07-13 11:05:52 DEBUG: Task 35 blocked: no orders in {0: [94]} is open yet.  [released tasks = 13]
2026-07-13 11:05:52 DEBUG: Task 36 blocked: no orders in {2: [54]} is open yet.  [released tasks = 12]
2026-07-13 11:05:52 DEBUG: Task 37 blocked: no orders in {0: [97, 71]} is open yet.  [released tasks = 11]
2026-07-13 11:05:52 DEBUG: Task 38 blocked: no orders in {0: [52]} is open yet.  [released tasks = 10]
2026-07-13 11:05:52 DEBUG: Task 39 blocked: no orders in {1: [79]} is open yet.  [released tasks = 9]
2026-07-13 11:05:52 DEBUG: Task 41 blocked: no orders in {2: [54]} is open yet.  [released tasks = 8]
2026-07-13 11:05:52 DEBUG: Task 43 blocked: no orders in {1: [7]} is open yet.  [released tasks = 7]
2026-07-13 11:05:52 DEBUG: Task 45 started: robot 24 → pod 612 → workstation 2 for orders {98} (arrival = 167.9 s).   [idle robots = 2/40]
2026-07-13 11:05:52 DEBUG:    EVENT NUM 353   current_time = 00:02:10   ARRIVAL_ORDER         [queue size = 120]
2026-07-13 11:05:52 DEBUG: Order 112 arrived: items_required = [5791, 6840].     [orders_in_system = 96]
2026-07-13 11:05:52 DEBUG:    EVENT NUM 354   current_time = 00:02:10   RETURN_POD            [queue size = 120]
2026-07-13 11:05:52 DEBUG: Pod 646 returned. Robot 12 idle.   [idle robots = 3/40, released tasks = 14]
2026-07-13 11:05:52 DEBUG:    EVENT NUM 355   current_time = 00:02:10   START_TASK            [queue size = 120]
2026-07-13 11:05:52 DEBUG: Task 31 blocked: no orders in {0: [17]} is open yet.  [released tasks = 13]
2026-07-13 11:05:52 DEBUG: Task 35 blocked: no orders in {0: [94]} is open yet.  [released tasks = 12]
2026-07-13 11:05:52 DEBUG: Task 36 blocked: no orders in {2: [54]} is open yet.  [released tasks = 11]
2026-07-13 11:05:52 DEBUG: Task 37 blocked: no orders in {0: [97, 71]} is open yet.  [released tasks = 10]
2026-07-13 11:05:52 DEBUG: Task 38 blocked: no orders in {0: [52]} is open yet.  [released tasks = 9]
2026-07-13 11:05:52 DEBUG: Task 39 blocked: no orders in {1: [79]} is open yet.  [released tasks = 8]
2026-07-13 11:05:52 DEBUG: Task 41 blocked: no orders in {2: [54]} is open yet.  [released tasks = 7]
2026-07-13 11:05:52 DEBUG: Task 43 blocked: no orders in {1: [7]} is open yet.  [released tasks = 6]
2026-07-13 11:05:52 DEBUG: Task 49 blocked: no orders in {1: [6]} is open yet.  [released tasks = 5]
2026-07-13 11:05:52 DEBUG: Task 50 blocked: no orders in {2: [54]} is open yet.  [released tasks = 4]
2026-07-13 11:05:52 DEBUG: Task 54 blocked: no orders in {2: [2]} is open yet.  [released tasks = 3]
2026-07-13 11:05:52 DEBUG: Task 58 blocked: no orders in {2: [2]} is open yet.  [released tasks = 2]
2026-07-13 11:05:52 DEBUG: Task 60 started: robot 12 → pod 438 → workstation 6 for orders {5} (arrival = 206.9 s).   [idle robots = 2/40]
2026-07-13 11:05:52 DEBUG:    EVENT NUM 356   current_time = 00:02:10   END_PICKING           [queue size = 120]
2026-07-13 11:05:52 DEBUG: Ended picking at workstation 3.    [picking_buffer len = {}]
2026-07-13 11:05:52 DEBUG: Task should have served orders {30}, found open orders {75, 12, 58, 30}.
2026-07-13 11:05:52 DEBUG: Task 17 completed: pod 864 returning to storage.
2026-07-13 11:05:52 DEBUG:    EVENT NUM 357   current_time = 00:02:11   RETURN_POD            [queue size = 120]
2026-07-13 11:05:52 DEBUG: Pod 581 returned. Robot 29 idle.   [idle robots = 3/40, released tasks = 13]
2026-07-13 11:05:52 DEBUG:    EVENT NUM 358   current_time = 00:02:11   START_TASK            [queue size = 120]
2026-07-13 11:05:52 DEBUG: Task 31 blocked: no orders in {0: [17]} is open yet.  [released tasks = 12]
2026-07-13 11:05:52 DEBUG: Task 35 blocked: no orders in {0: [94]} is open yet.  [released tasks = 11]
2026-07-13 11:05:52 DEBUG: Task 36 blocked: no orders in {2: [54]} is open yet.  [released tasks = 10]
2026-07-13 11:05:52 DEBUG: Task 37 blocked: no orders in {0: [97, 71]} is open yet.  [released tasks = 9]
2026-07-13 11:05:52 DEBUG: Task 38 blocked: no orders in {0: [52]} is open yet.  [released tasks = 8]
2026-07-13 11:05:52 DEBUG: Task 39 blocked: no orders in {1: [79]} is open yet.  [released tasks = 7]
2026-07-13 11:05:52 DEBUG: Task 41 blocked: no orders in {2: [54]} is open yet.  [released tasks = 6]
2026-07-13 11:05:52 DEBUG: Task 43 blocked: no orders in {1: [7]} is open yet.  [released tasks = 5]
2026-07-13 11:05:52 DEBUG: Task 49 blocked: no orders in {1: [6]} is open yet.  [released tasks = 4]
2026-07-13 11:05:52 DEBUG: Task 50 blocked: no orders in {2: [54]} is open yet.  [released tasks = 3]
2026-07-13 11:05:52 DEBUG: Task 54 blocked: no orders in {2: [2]} is open yet.  [released tasks = 2]
2026-07-13 11:05:52 DEBUG: Task 58 blocked: no orders in {2: [2]} is open yet.  [released tasks = 1]
2026-07-13 11:05:52 DEBUG: Task 61 started: robot 33 → pod 266 → workstation 7 for orders {63} (arrival = 259.1 s).   [idle robots = 2/40]
2026-07-13 11:05:52 DEBUG:    EVENT NUM 359   current_time = 00:02:11   RELEASE_TASK          [queue size = 120]
2026-07-13 11:05:52 DEBUG: Task 62 released: pod 492 required by workstation(s) [2].  [released tasks = 13]
2026-07-13 11:05:52 DEBUG:    EVENT NUM 360   current_time = 00:02:11   START_TASK            [queue size = 120]
2026-07-13 11:05:52 DEBUG: Task 31 blocked: no orders in {0: [17]} is open yet.  [released tasks = 12]
2026-07-13 11:05:52 DEBUG: Task 35 blocked: no orders in {0: [94]} is open yet.  [released tasks = 11]
2026-07-13 11:05:52 DEBUG: Task 36 blocked: no orders in {2: [54]} is open yet.  [released tasks = 10]
2026-07-13 11:05:52 DEBUG: Task 37 blocked: no orders in {0: [97, 71]} is open yet.  [released tasks = 9]
2026-07-13 11:05:52 DEBUG: Task 38 blocked: no orders in {0: [52]} is open yet.  [released tasks = 8]
2026-07-13 11:05:52 DEBUG: Task 39 blocked: no orders in {1: [79]} is open yet.  [released tasks = 7]
2026-07-13 11:05:52 DEBUG: Task 41 blocked: no orders in {2: [54]} is open yet.  [released tasks = 6]
2026-07-13 11:05:52 DEBUG: Task 43 blocked: no orders in {1: [7]} is open yet.  [released tasks = 5]
2026-07-13 11:05:52 DEBUG: Task 49 blocked: no orders in {1: [6]} is open yet.  [released tasks = 4]
2026-07-13 11:05:52 DEBUG: Task 50 blocked: no orders in {2: [54]} is open yet.  [released tasks = 3]
2026-07-13 11:05:52 DEBUG: Task 54 blocked: no orders in {2: [2]} is open yet.  [released tasks = 2]
2026-07-13 11:05:52 DEBUG: Task 58 blocked: no orders in {2: [2]} is open yet.  [released tasks = 1]
2026-07-13 11:05:52 DEBUG: Task 62 blocked: no orders in {2: [67]} is open yet.  [released tasks = 0]
2026-07-13 11:05:52 DEBUG:    EVENT NUM 361   current_time = 00:02:14   RELEASE_TASK          [queue size = 119]
2026-07-13 11:05:52 DEBUG: Task 63 released: pod 791 required by workstation(s) [1].  [released tasks = 14]
2026-07-13 11:05:52 DEBUG:    EVENT NUM 362   current_time = 00:02:14   START_TASK            [queue size = 119]
2026-07-13 11:05:52 DEBUG: Task 31 blocked: no orders in {0: [17]} is open yet.  [released tasks = 13]
2026-07-13 11:05:52 DEBUG: Task 35 blocked: no orders in {0: [94]} is open yet.  [released tasks = 12]
2026-07-13 11:05:52 DEBUG: Task 36 blocked: no orders in {2: [54]} is open yet.  [released tasks = 11]
2026-07-13 11:05:52 DEBUG: Task 37 blocked: no orders in {0: [97, 71]} is open yet.  [released tasks = 10]
2026-07-13 11:05:52 DEBUG: Task 38 blocked: no orders in {0: [52]} is open yet.  [released tasks = 9]
2026-07-13 11:05:52 DEBUG: Task 39 blocked: no orders in {1: [79]} is open yet.  [released tasks = 8]
2026-07-13 11:05:52 DEBUG: Task 41 blocked: no orders in {2: [54]} is open yet.  [released tasks = 7]
2026-07-13 11:05:52 DEBUG: Task 43 blocked: no orders in {1: [7]} is open yet.  [released tasks = 6]
2026-07-13 11:05:52 DEBUG: Task 49 blocked: no orders in {1: [6]} is open yet.  [released tasks = 5]
2026-07-13 11:05:52 DEBUG: Task 50 blocked: no orders in {2: [54]} is open yet.  [released tasks = 4]
2026-07-13 11:05:52 DEBUG: Task 54 blocked: no orders in {2: [2]} is open yet.  [released tasks = 3]
2026-07-13 11:05:52 DEBUG: Task 58 blocked: no orders in {2: [2]} is open yet.  [released tasks = 2]
2026-07-13 11:05:52 DEBUG: Task 62 blocked: no orders in {2: [67]} is open yet.  [released tasks = 1]
2026-07-13 11:05:52 DEBUG: Task 63 started: robot 29 → pod 791 → workstation 1 for orders {27} (arrival = 156.9 s).   [idle robots = 1/40]
2026-07-13 11:05:52 DEBUG:    EVENT NUM 363   current_time = 00:02:14   RETURN_POD            [queue size = 119]
2026-07-13 11:05:52 DEBUG: Pod 799 returned. Robot 13 idle.   [idle robots = 2/40, released tasks = 13]
2026-07-13 11:05:52 DEBUG:    EVENT NUM 364   current_time = 00:02:14   START_TASK            [queue size = 119]
2026-07-13 11:05:52 DEBUG: Task 31 blocked: no orders in {0: [17]} is open yet.  [released tasks = 12]
2026-07-13 11:05:52 DEBUG: Task 35 blocked: no orders in {0: [94]} is open yet.  [released tasks = 11]
2026-07-13 11:05:52 DEBUG: Task 36 blocked: no orders in {2: [54]} is open yet.  [released tasks = 10]
2026-07-13 11:05:52 DEBUG: Task 37 blocked: no orders in {0: [97, 71]} is open yet.  [released tasks = 9]
2026-07-13 11:05:52 DEBUG: Task 38 blocked: no orders in {0: [52]} is open yet.  [released tasks = 8]
2026-07-13 11:05:52 DEBUG: Task 39 blocked: no orders in {1: [79]} is open yet.  [released tasks = 7]
2026-07-13 11:05:52 DEBUG: Task 41 blocked: no orders in {2: [54]} is open yet.  [released tasks = 6]
2026-07-13 11:05:52 DEBUG: Task 43 blocked: no orders in {1: [7]} is open yet.  [released tasks = 5]
2026-07-13 11:05:52 DEBUG: Task 49 blocked: no orders in {1: [6]} is open yet.  [released tasks = 4]
2026-07-13 11:05:52 DEBUG: Task 50 blocked: no orders in {2: [54]} is open yet.  [released tasks = 3]
2026-07-13 11:05:52 DEBUG: Task 54 blocked: no orders in {2: [2]} is open yet.  [released tasks = 2]
2026-07-13 11:05:52 DEBUG: Task 58 blocked: no orders in {2: [2]} is open yet.  [released tasks = 1]
2026-07-13 11:05:52 DEBUG: Task 62 blocked: no orders in {2: [67]} is open yet.  [released tasks = 0]
2026-07-13 11:05:52 DEBUG:    EVENT NUM 365   current_time = 00:02:16   RELEASE_TASK          [queue size = 118]
2026-07-13 11:05:52 DEBUG: Task 64 released: pod 797 required by workstation(s) [7].  [released tasks = 14]
2026-07-13 11:05:52 DEBUG:    EVENT NUM 366   current_time = 00:02:16   START_TASK            [queue size = 118]
2026-07-13 11:05:52 DEBUG: Task 31 blocked: no orders in {0: [17]} is open yet.  [released tasks = 13]
2026-07-13 11:05:52 DEBUG: Task 35 blocked: no orders in {0: [94]} is open yet.  [released tasks = 12]
2026-07-13 11:05:52 DEBUG: Task 36 blocked: no orders in {2: [54]} is open yet.  [released tasks = 11]
2026-07-13 11:05:52 DEBUG: Task 37 blocked: no orders in {0: [97, 71]} is open yet.  [released tasks = 10]
2026-07-13 11:05:52 DEBUG: Task 38 blocked: no orders in {0: [52]} is open yet.  [released tasks = 9]
2026-07-13 11:05:52 DEBUG: Task 39 blocked: no orders in {1: [79]} is open yet.  [released tasks = 8]
2026-07-13 11:05:52 DEBUG: Task 41 blocked: no orders in {2: [54]} is open yet.  [released tasks = 7]
2026-07-13 11:05:52 DEBUG: Task 43 blocked: no orders in {1: [7]} is open yet.  [released tasks = 6]
2026-07-13 11:05:52 DEBUG: Task 49 blocked: no orders in {1: [6]} is open yet.  [released tasks = 5]
2026-07-13 11:05:52 DEBUG: Task 50 blocked: no orders in {2: [54]} is open yet.  [released tasks = 4]
2026-07-13 11:05:52 DEBUG: Task 54 blocked: no orders in {2: [2]} is open yet.  [released tasks = 3]
2026-07-13 11:05:52 DEBUG: Task 58 blocked: no orders in {2: [2]} is open yet.  [released tasks = 2]
2026-07-13 11:05:52 DEBUG: Task 62 blocked: no orders in {2: [67]} is open yet.  [released tasks = 1]
2026-07-13 11:05:52 DEBUG: Task 64 started: robot 13 → pod 797 → workstation 7 for orders {0} (arrival = 158.0 s).   [idle robots = 1/40]
2026-07-13 11:05:52 DEBUG:    EVENT NUM 367   current_time = 00:02:16   END_PICKING           [queue size = 118]
2026-07-13 11:05:52 DEBUG: Ended picking at workstation 1.    [picking_buffer len = {}]
2026-07-13 11:05:52 DEBUG: Task should have served orders {51}, found open orders {41, 44, 51, 21}.
2026-07-13 11:05:52 DEBUG: Task 19 completed: pod 752 returning to storage.
2026-07-13 11:05:52 DEBUG:    EVENT NUM 368   current_time = 00:02:16   CLOSE_ORDER           [queue size = 119]
2026-07-13 11:05:52 DEBUG: Order 51 closed at workstation 1: flow_time = 136.7 s.     [order_buffer = 5] [open_orders = 3/4]
2026-07-13 11:05:52 DEBUG: Next order in buffer: 27
2026-07-13 11:05:52 DEBUG:    EVENT NUM 369   current_time = 00:02:16   OPEN_ORDER            [queue size = 119]
2026-07-13 11:05:52 DEBUG: Order 27 (skus required = {5362, 4539, 4127}) opened at workstation 1.   [open_orders = 4/4]
2026-07-13 11:05:52 DEBUG:    EVENT NUM 370   current_time = 00:02:16   START_TASK            [queue size = 119]
2026-07-13 11:05:52 DEBUG: Task 31 blocked: no orders in {0: [17]} is open yet.  [released tasks = 12]
2026-07-13 11:05:52 DEBUG: Task 35 blocked: no orders in {0: [94]} is open yet.  [released tasks = 11]
2026-07-13 11:05:52 DEBUG: Task 36 blocked: no orders in {2: [54]} is open yet.  [released tasks = 10]
2026-07-13 11:05:52 DEBUG: Task 37 blocked: no orders in {0: [97, 71]} is open yet.  [released tasks = 9]
2026-07-13 11:05:52 DEBUG: Task 38 blocked: no orders in {0: [52]} is open yet.  [released tasks = 8]
2026-07-13 11:05:52 DEBUG: Task 39 blocked: no orders in {1: [79]} is open yet.  [released tasks = 7]
2026-07-13 11:05:52 DEBUG: Task 41 blocked: no orders in {2: [54]} is open yet.  [released tasks = 6]
2026-07-13 11:05:52 DEBUG: Task 43 blocked: no orders in {1: [7]} is open yet.  [released tasks = 5]
2026-07-13 11:05:52 DEBUG: Task 49 started: robot 36 → pod 677 → workstation 1 for orders {6} (arrival = 205.6 s).   [idle robots = 0/40]
2026-07-13 11:05:52 DEBUG:    EVENT NUM 371   current_time = 00:02:16   RETURN_POD            [queue size = 119]
2026-07-13 11:05:52 DEBUG: Pod 731 returned. Robot 39 idle.   [idle robots = 1/40, released tasks = 12]
2026-07-13 11:05:52 DEBUG:    EVENT NUM 372   current_time = 00:02:16   START_TASK            [queue size = 119]
2026-07-13 11:05:52 DEBUG: Task 31 blocked: no orders in {0: [17]} is open yet.  [released tasks = 11]
2026-07-13 11:05:52 DEBUG: Task 35 blocked: no orders in {0: [94]} is open yet.  [released tasks = 10]
2026-07-13 11:05:52 DEBUG: Task 36 blocked: no orders in {2: [54]} is open yet.  [released tasks = 9]
2026-07-13 11:05:52 DEBUG: Task 37 blocked: no orders in {0: [97, 71]} is open yet.  [released tasks = 8]
2026-07-13 11:05:52 DEBUG: Task 38 blocked: no orders in {0: [52]} is open yet.  [released tasks = 7]
2026-07-13 11:05:52 DEBUG: Task 39 blocked: no orders in {1: [79]} is open yet.  [released tasks = 6]
2026-07-13 11:05:52 DEBUG: Task 41 blocked: no orders in {2: [54]} is open yet.  [released tasks = 5]
2026-07-13 11:05:52 DEBUG: Task 43 blocked: no orders in {1: [7]} is open yet.  [released tasks = 4]
2026-07-13 11:05:52 DEBUG: Task 50 blocked: no orders in {2: [54]} is open yet.  [released tasks = 3]
2026-07-13 11:05:52 DEBUG: Task 54 blocked: no orders in {2: [2]} is open yet.  [released tasks = 2]
2026-07-13 11:05:52 DEBUG: Task 58 blocked: no orders in {2: [2]} is open yet.  [released tasks = 1]
2026-07-13 11:05:52 DEBUG: Task 62 blocked: no orders in {2: [67]} is open yet.  [released tasks = 0]
2026-07-13 11:05:52 DEBUG:    EVENT NUM 373   current_time = 00:02:18   RELEASE_TASK          [queue size = 118]
2026-07-13 11:05:52 DEBUG: Task 65 released: pod 597 required by workstation(s) [8].  [released tasks = 13]
2026-07-13 11:05:52 DEBUG:    EVENT NUM 374   current_time = 00:02:18   START_TASK            [queue size = 118]
2026-07-13 11:05:52 DEBUG: Task 31 blocked: no orders in {0: [17]} is open yet.  [released tasks = 12]
2026-07-13 11:05:52 DEBUG: Task 35 blocked: no orders in {0: [94]} is open yet.  [released tasks = 11]
2026-07-13 11:05:52 DEBUG: Task 36 blocked: no orders in {2: [54]} is open yet.  [released tasks = 10]
2026-07-13 11:05:52 DEBUG: Task 37 blocked: no orders in {0: [97, 71]} is open yet.  [released tasks = 9]
2026-07-13 11:05:52 DEBUG: Task 38 blocked: no orders in {0: [52]} is open yet.  [released tasks = 8]
2026-07-13 11:05:52 DEBUG: Task 39 blocked: no orders in {1: [79]} is open yet.  [released tasks = 7]
2026-07-13 11:05:52 DEBUG: Task 41 blocked: no orders in {2: [54]} is open yet.  [released tasks = 6]
2026-07-13 11:05:52 DEBUG: Task 43 blocked: no orders in {1: [7]} is open yet.  [released tasks = 5]
2026-07-13 11:05:52 DEBUG: Task 50 blocked: no orders in {2: [54]} is open yet.  [released tasks = 4]
2026-07-13 11:05:52 DEBUG: Task 54 blocked: no orders in {2: [2]} is open yet.  [released tasks = 3]
2026-07-13 11:05:52 DEBUG: Task 58 blocked: no orders in {2: [2]} is open yet.  [released tasks = 2]
2026-07-13 11:05:52 DEBUG: Task 62 blocked: no orders in {2: [67]} is open yet.  [released tasks = 1]
2026-07-13 11:05:52 DEBUG: Task 65 blocked: no orders in {8: [59]} is open yet.  [released tasks = 0]
2026-07-13 11:05:52 DEBUG:    EVENT NUM 375   current_time = 00:02:20   ARRIVAL_ORDER         [queue size = 117]
2026-07-13 11:05:52 DEBUG: Order 113 arrived: items_required = [9749, 4201].     [orders_in_system = 96]
2026-07-13 11:05:52 DEBUG:    EVENT NUM 376   current_time = 00:02:20   RELEASE_TASK          [queue size = 117]
2026-07-13 11:05:52 DEBUG: Task 66 released: pod 24 required by workstation(s) [3, 3].  [released tasks = 14]
2026-07-13 11:05:52 DEBUG:    EVENT NUM 377   current_time = 00:02:20   START_TASK            [queue size = 117]
2026-07-13 11:05:52 DEBUG: Task 31 blocked: no orders in {0: [17]} is open yet.  [released tasks = 13]
2026-07-13 11:05:52 DEBUG: Task 35 blocked: no orders in {0: [94]} is open yet.  [released tasks = 12]
2026-07-13 11:05:52 DEBUG: Task 36 blocked: no orders in {2: [54]} is open yet.  [released tasks = 11]
2026-07-13 11:05:52 DEBUG: Task 37 blocked: no orders in {0: [97, 71]} is open yet.  [released tasks = 10]
2026-07-13 11:05:52 DEBUG: Task 38 blocked: no orders in {0: [52]} is open yet.  [released tasks = 9]
2026-07-13 11:05:52 DEBUG: Task 39 blocked: no orders in {1: [79]} is open yet.  [released tasks = 8]
2026-07-13 11:05:52 DEBUG: Task 41 blocked: no orders in {2: [54]} is open yet.  [released tasks = 7]
2026-07-13 11:05:52 DEBUG: Task 43 blocked: no orders in {1: [7]} is open yet.  [released tasks = 6]
2026-07-13 11:05:52 DEBUG: Task 50 blocked: no orders in {2: [54]} is open yet.  [released tasks = 5]
2026-07-13 11:05:52 DEBUG: Task 54 blocked: no orders in {2: [2]} is open yet.  [released tasks = 4]
2026-07-13 11:05:52 DEBUG: Task 58 blocked: no orders in {2: [2]} is open yet.  [released tasks = 3]
2026-07-13 11:05:52 DEBUG: Task 62 blocked: no orders in {2: [67]} is open yet.  [released tasks = 2]
2026-07-13 11:05:52 DEBUG: Task 65 blocked: no orders in {8: [59]} is open yet.  [released tasks = 1]
2026-07-13 11:05:52 DEBUG: Task 66 started: robot 39 → pod 24 → workstation 3 for orders {12} (arrival = 308.0 s).   [idle robots = 0/40]
2026-07-13 11:05:52 DEBUG:    EVENT NUM 378   current_time = 00:02:22   END_PICKING           [queue size = 117]
2026-07-13 11:05:52 DEBUG: Ended picking at workstation 0.    [picking_buffer len = {}]
2026-07-13 11:05:52 DEBUG: Task should have served orders {66, 11}, found open orders {66, 11, 45, 56}.
2026-07-13 11:05:52 DEBUG: Task 16 completed: pod 573 returning to storage.
2026-07-13 11:05:52 DEBUG:    EVENT NUM 379   current_time = 00:02:22   CLOSE_ORDER           [queue size = 118]
2026-07-13 11:05:52 DEBUG: Order 11 closed at workstation 0: flow_time = 142.2 s.     [order_buffer = 8] [open_orders = 3/4]
2026-07-13 11:05:52 DEBUG: Next order in buffer: 93
2026-07-13 11:05:52 DEBUG:    EVENT NUM 380   current_time = 00:02:22   OPEN_ORDER            [queue size = 118]
2026-07-13 11:05:52 DEBUG: Order 93 (skus required = {7113, 6617}) opened at workstation 0.   [open_orders = 4/4]
2026-07-13 11:05:52 DEBUG:    EVENT NUM 381   current_time = 00:02:22   START_TASK            [queue size = 118]
2026-07-13 11:05:52 DEBUG: Task 31 blocked: no idle robots.
2026-07-13 11:05:52 DEBUG:    EVENT NUM 382   current_time = 00:02:22   RELEASE_TASK          [queue size = 117]
2026-07-13 11:05:52 DEBUG: Task 67 released: pod 120 required by workstation(s) [2].  [released tasks = 14]
2026-07-13 11:05:52 DEBUG:    EVENT NUM 383   current_time = 00:02:24   RETURN_POD            [queue size = 116]
2026-07-13 11:05:52 DEBUG: Pod 766 returned. Robot 35 idle.   [idle robots = 1/40, released tasks = 14]
2026-07-13 11:05:52 DEBUG:    EVENT NUM 384   current_time = 00:02:24   START_TASK            [queue size = 116]
2026-07-13 11:05:52 DEBUG: Task 31 started: robot 35 → pod 95 → workstation 0 for orders {17} (arrival = 271.2 s).   [idle robots = 0/40]
2026-07-13 11:05:52 DEBUG:    EVENT NUM 385   current_time = 00:02:24   RELEASE_TASK          [queue size = 116]
2026-07-13 11:05:52 DEBUG: Task 68 released: pod 168 required by workstation(s) [8].  [released tasks = 14]
2026-07-13 11:05:52 DEBUG:    EVENT NUM 386   current_time = 00:02:26   RELEASE_TASK          [queue size = 115]
2026-07-13 11:05:52 DEBUG: Task 69 released: pod 723 required by workstation(s) [0].  [released tasks = 15]
2026-07-13 11:05:52 DEBUG:    EVENT NUM 387   current_time = 00:02:28   RELEASE_TASK          [queue size = 114]
2026-07-13 11:05:52 DEBUG: Task 70 released: pod 206 required by workstation(s) [7].  [released tasks = 16]
2026-07-13 11:05:52 DEBUG:    EVENT NUM 388   current_time = 00:02:30   ARRIVAL_ORDER         [queue size = 113]
2026-07-13 11:05:52 DEBUG: Order 114 arrived: items_required = [4556, 6918].     [orders_in_system = 96]
2026-07-13 11:05:52 DEBUG:    EVENT NUM 389   current_time = 00:02:31   RELEASE_TASK          [queue size = 113]
2026-07-13 11:05:52 DEBUG: Task 71 released: pod 802 required by workstation(s) [7].  [released tasks = 17]
2026-07-13 11:05:52 DEBUG:    EVENT NUM 390   current_time = 00:02:32   ARRIVAL_POD_WST       [queue size = 112]
2026-07-13 11:05:52 DEBUG: Pod 369 arrived at workstation 1 - status = IDLE
2026-07-13 11:05:52 DEBUG: Pod queued at workstation.    [picking_buffer = {27: 152.49026736396956}]
2026-07-13 11:05:52 DEBUG:    EVENT NUM 391   current_time = 00:02:32   START_PICKING         [queue size = 112]
2026-07-13 11:05:52 DEBUG: Processing task 27 at workstation 1: picking items {6629} for orders {41}
2026-07-13 11:05:52 DEBUG:    EVENT NUM 392   current_time = 00:02:32   RETURN_POD            [queue size = 112]
2026-07-13 11:05:52 DEBUG: Pod 610 returned. Robot 27 idle.   [idle robots = 1/40, released tasks = 17]
2026-07-13 11:05:52 DEBUG:    EVENT NUM 393   current_time = 00:02:32   START_TASK            [queue size = 112]
2026-07-13 11:05:52 DEBUG: Task 35 blocked: no orders in {0: [94]} is open yet.  [released tasks = 16]
2026-07-13 11:05:52 DEBUG: Task 36 blocked: no orders in {2: [54]} is open yet.  [released tasks = 15]
2026-07-13 11:05:52 DEBUG: Task 37 blocked: no orders in {0: [97, 71]} is open yet.  [released tasks = 14]
2026-07-13 11:05:52 DEBUG: Task 38 blocked: no orders in {0: [52]} is open yet.  [released tasks = 13]
2026-07-13 11:05:52 DEBUG: Task 39 blocked: no orders in {1: [79]} is open yet.  [released tasks = 12]
2026-07-13 11:05:52 DEBUG: Task 41 blocked: no orders in {2: [54]} is open yet.  [released tasks = 11]
2026-07-13 11:05:52 DEBUG: Task 43 blocked: no orders in {1: [7]} is open yet.  [released tasks = 10]
2026-07-13 11:05:52 DEBUG: Task 50 blocked: no orders in {2: [54]} is open yet.  [released tasks = 9]
2026-07-13 11:05:52 DEBUG: Task 54 blocked: no orders in {2: [2]} is open yet.  [released tasks = 8]
2026-07-13 11:05:52 DEBUG: Task 58 blocked: no orders in {2: [2]} is open yet.  [released tasks = 7]
2026-07-13 11:05:52 DEBUG: Task 62 blocked: no orders in {2: [67]} is open yet.  [released tasks = 6]
2026-07-13 11:05:52 DEBUG: Task 65 blocked: no orders in {8: [59]} is open yet.  [released tasks = 5]
2026-07-13 11:05:52 DEBUG: Task 67 blocked: no orders in {2: [95]} is open yet.  [released tasks = 4]
2026-07-13 11:05:52 DEBUG: Task 68 blocked: no orders in {8: [80]} is open yet.  [released tasks = 3]
2026-07-13 11:05:52 DEBUG: Task 69 blocked: no orders in {0: [53]} is open yet.  [released tasks = 2]
2026-07-13 11:05:52 DEBUG: Task 70 started: robot 27 → pod 206 → workstation 7 for orders {92} (arrival = 289.4 s).   [idle robots = 0/40]
2026-07-13 11:05:52 DEBUG:    EVENT NUM 394   current_time = 00:02:33   RELEASE_TASK          [queue size = 112]
2026-07-13 11:05:52 DEBUG: Task 72 released: pod 53 required by workstation(s) [8].  [released tasks = 17]
2026-07-13 11:05:52 DEBUG:    EVENT NUM 395   current_time = 00:02:35   RELEASE_TASK          [queue size = 111]
2026-07-13 11:05:52 DEBUG: Task 73 released: pod 25 required by workstation(s) [0, 0].  [released tasks = 18]
2026-07-13 11:05:52 DEBUG:    EVENT NUM 396   current_time = 00:02:36   ARRIVAL_POD_WST       [queue size = 110]
2026-07-13 11:05:52 DEBUG: Pod 394 arrived at workstation 1 - status = BUSY
2026-07-13 11:05:52 DEBUG: Pod queued at workstation.    [picking_buffer = {24: 156.64287194546824}]
2026-07-13 11:05:52 DEBUG:    EVENT NUM 397   current_time = 00:02:36   ARRIVAL_POD_WST       [queue size = 109]
2026-07-13 11:05:52 DEBUG: Pod 791 arrived at workstation 1 - status = BUSY
2026-07-13 11:05:52 DEBUG: Pod queued at workstation.    [picking_buffer = {24: 156.64287194546824, 63: 156.86252009485736}]
2026-07-13 11:05:52 DEBUG:    EVENT NUM 398   current_time = 00:02:37   RETURN_POD            [queue size = 108]
2026-07-13 11:05:52 DEBUG: Pod 402 returned. Robot 19 idle.   [idle robots = 1/40, released tasks = 18]
2026-07-13 11:05:52 DEBUG:    EVENT NUM 399   current_time = 00:02:37   START_TASK            [queue size = 108]
2026-07-13 11:05:52 DEBUG: Task 35 blocked: no orders in {0: [94]} is open yet.  [released tasks = 17]
2026-07-13 11:05:52 DEBUG: Task 36 blocked: no orders in {2: [54]} is open yet.  [released tasks = 16]
2026-07-13 11:05:52 DEBUG: Task 37 blocked: no orders in {0: [97, 71]} is open yet.  [released tasks = 15]
2026-07-13 11:05:52 DEBUG: Task 38 blocked: no orders in {0: [52]} is open yet.  [released tasks = 14]
2026-07-13 11:05:52 DEBUG: Task 39 blocked: no orders in {1: [79]} is open yet.  [released tasks = 13]
2026-07-13 11:05:52 DEBUG: Task 41 blocked: no orders in {2: [54]} is open yet.  [released tasks = 12]
2026-07-13 11:05:52 DEBUG: Task 43 blocked: no orders in {1: [7]} is open yet.  [released tasks = 11]
2026-07-13 11:05:52 DEBUG: Task 50 blocked: no orders in {2: [54]} is open yet.  [released tasks = 10]
2026-07-13 11:05:52 DEBUG: Task 54 blocked: no orders in {2: [2]} is open yet.  [released tasks = 9]
2026-07-13 11:05:52 DEBUG: Task 58 blocked: no orders in {2: [2]} is open yet.  [released tasks = 8]
2026-07-13 11:05:52 DEBUG: Task 62 blocked: no orders in {2: [67]} is open yet.  [released tasks = 7]
2026-07-13 11:05:52 DEBUG: Task 65 blocked: no orders in {8: [59]} is open yet.  [released tasks = 6]
2026-07-13 11:05:52 DEBUG: Task 67 blocked: no orders in {2: [95]} is open yet.  [released tasks = 5]
2026-07-13 11:05:52 DEBUG: Task 68 blocked: no orders in {8: [80]} is open yet.  [released tasks = 4]
2026-07-13 11:05:52 DEBUG: Task 69 blocked: no orders in {0: [53]} is open yet.  [released tasks = 3]
2026-07-13 11:05:52 DEBUG: Task 71 started: robot 19 → pod 802 → workstation 7 for orders {64} (arrival = 211.9 s).   [idle robots = 0/40]
2026-07-13 11:05:52 DEBUG:    EVENT NUM 400   current_time = 00:02:37   ARRIVAL_POD_WST       [queue size = 108]
2026-07-13 11:05:52 DEBUG: Pod 367 arrived at workstation 0 - status = IDLE
2026-07-13 11:05:52 DEBUG: Pod queued at workstation.    [picking_buffer = {30: 157.33238097887175}]
2026-07-13 11:05:52 DEBUG:    EVENT NUM 401   current_time = 00:02:37   START_PICKING         [queue size = 108]
2026-07-13 11:05:52 DEBUG: Processing task 30 at workstation 0: picking items {10267} for orders {66}
2026-07-13 11:05:52 DEBUG:    EVENT NUM 402   current_time = 00:02:37   RELEASE_TASK          [queue size = 108]
2026-07-13 11:05:52 DEBUG: Task 74 released: pod 671 required by workstation(s) [1].  [released tasks = 18]
2026-07-13 11:05:52 DEBUG:    EVENT NUM 403   current_time = 00:02:37   ARRIVAL_POD_WST       [queue size = 107]
2026-07-13 11:05:52 DEBUG: Pod 46 arrived at workstation 6 - status = IDLE
2026-07-13 11:05:52 DEBUG: Pod queued at workstation.    [picking_buffer = {25: 157.4619027334487}]
2026-07-13 11:05:52 DEBUG:    EVENT NUM 404   current_time = 00:02:37   START_PICKING         [queue size = 107]
2026-07-13 11:05:52 DEBUG: Processing task 25 at workstation 6: picking items {11309} for orders {47}
2026-07-13 11:05:52 DEBUG:    EVENT NUM 405   current_time = 00:02:37   ARRIVAL_POD_WST       [queue size = 107]
2026-07-13 11:05:52 DEBUG: Pod 797 arrived at workstation 7 - status = IDLE
2026-07-13 11:05:52 DEBUG: Pod queued at workstation.    [picking_buffer = {64: 157.99398154084847}]
2026-07-13 11:05:52 DEBUG:    EVENT NUM 406   current_time = 00:02:37   START_PICKING         [queue size = 107]
2026-07-13 11:05:52 DEBUG: Processing task 64 at workstation 7: picking items {8967} for orders {0}
2026-07-13 11:05:52 DEBUG:    EVENT NUM 407   current_time = 00:02:39   RETURN_POD            [queue size = 107]
2026-07-13 11:05:52 DEBUG: Pod 667 returned. Robot 1 idle.   [idle robots = 1/40, released tasks = 18]
2026-07-13 11:05:52 DEBUG:    EVENT NUM 408   current_time = 00:02:39   START_TASK            [queue size = 107]
2026-07-13 11:05:52 DEBUG: Task 35 blocked: no orders in {0: [94]} is open yet.  [released tasks = 17]
2026-07-13 11:05:52 DEBUG: Task 36 blocked: no orders in {2: [54]} is open yet.  [released tasks = 16]
2026-07-13 11:05:52 DEBUG: Task 37 blocked: no orders in {0: [97, 71]} is open yet.  [released tasks = 15]
2026-07-13 11:05:52 DEBUG: Task 38 blocked: no orders in {0: [52]} is open yet.  [released tasks = 14]
2026-07-13 11:05:52 DEBUG: Task 39 blocked: no orders in {1: [79]} is open yet.  [released tasks = 13]
2026-07-13 11:05:52 DEBUG: Task 41 blocked: no orders in {2: [54]} is open yet.  [released tasks = 12]
2026-07-13 11:05:52 DEBUG: Task 43 blocked: no orders in {1: [7]} is open yet.  [released tasks = 11]
2026-07-13 11:05:52 DEBUG: Task 50 blocked: no orders in {2: [54]} is open yet.  [released tasks = 10]
2026-07-13 11:05:52 DEBUG: Task 54 blocked: no orders in {2: [2]} is open yet.  [released tasks = 9]
2026-07-13 11:05:52 DEBUG: Task 58 blocked: no orders in {2: [2]} is open yet.  [released tasks = 8]
2026-07-13 11:05:52 DEBUG: Task 62 blocked: no orders in {2: [67]} is open yet.  [released tasks = 7]
2026-07-13 11:05:52 DEBUG: Task 65 blocked: no orders in {8: [59]} is open yet.  [released tasks = 6]
2026-07-13 11:05:52 DEBUG: Task 67 blocked: no orders in {2: [95]} is open yet.  [released tasks = 5]
2026-07-13 11:05:52 DEBUG: Task 68 blocked: no orders in {8: [80]} is open yet.  [released tasks = 4]
2026-07-13 11:05:52 DEBUG: Task 69 blocked: no orders in {0: [53]} is open yet.  [released tasks = 3]
2026-07-13 11:05:52 DEBUG: Task 72 blocked: no orders in {8: [26]} is open yet.  [released tasks = 2]
2026-07-13 11:05:52 DEBUG: Task 73 blocked: no orders in {0: [25]} is open yet.  [released tasks = 1]
2026-07-13 11:05:52 DEBUG: Task 74 started: robot 1 → pod 671 → workstation 1 for orders {6} (arrival = 192.4 s).   [idle robots = 0/40]
2026-07-13 11:05:52 DEBUG:    EVENT NUM 409   current_time = 00:02:39   RELEASE_TASK          [queue size = 107]
2026-07-13 11:05:52 DEBUG: Task 75 released: pod 98 required by workstation(s) [0].  [released tasks = 18]
2026-07-13 11:05:52 DEBUG:    EVENT NUM 410   current_time = 00:02:40   ARRIVAL_ORDER         [queue size = 106]
2026-07-13 11:05:52 DEBUG: Order 115 arrived: items_required = [9308].     [orders_in_system = 97]
2026-07-13 11:05:52 DEBUG:    EVENT NUM 411   current_time = 00:02:40   RETURN_POD            [queue size = 106]
2026-07-13 11:05:52 DEBUG: Pod 523 returned. Robot 16 idle.   [idle robots = 1/40, released tasks = 18]
2026-07-13 11:05:52 DEBUG:    EVENT NUM 412   current_time = 00:02:40   START_TASK            [queue size = 106]
2026-07-13 11:05:52 DEBUG: Task 35 blocked: no orders in {0: [94]} is open yet.  [released tasks = 17]
2026-07-13 11:05:52 DEBUG: Task 36 blocked: no orders in {2: [54]} is open yet.  [released tasks = 16]
2026-07-13 11:05:52 DEBUG: Task 37 blocked: no orders in {0: [97, 71]} is open yet.  [released tasks = 15]
2026-07-13 11:05:52 DEBUG: Task 38 blocked: no orders in {0: [52]} is open yet.  [released tasks = 14]
2026-07-13 11:05:52 DEBUG: Task 39 blocked: no orders in {1: [79]} is open yet.  [released tasks = 13]
2026-07-13 11:05:52 DEBUG: Task 41 blocked: no orders in {2: [54]} is open yet.  [released tasks = 12]
2026-07-13 11:05:52 DEBUG: Task 43 blocked: no orders in {1: [7]} is open yet.  [released tasks = 11]
2026-07-13 11:05:52 DEBUG: Task 50 blocked: no orders in {2: [54]} is open yet.  [released tasks = 10]
2026-07-13 11:05:52 DEBUG: Task 54 blocked: no orders in {2: [2]} is open yet.  [released tasks = 9]
2026-07-13 11:05:52 DEBUG: Task 58 blocked: no orders in {2: [2]} is open yet.  [released tasks = 8]
2026-07-13 11:05:52 DEBUG: Task 62 blocked: no orders in {2: [67]} is open yet.  [released tasks = 7]
2026-07-13 11:05:52 DEBUG: Task 65 blocked: no orders in {8: [59]} is open yet.  [released tasks = 6]
2026-07-13 11:05:52 DEBUG: Task 67 blocked: no orders in {2: [95]} is open yet.  [released tasks = 5]
2026-07-13 11:05:52 DEBUG: Task 68 blocked: no orders in {8: [80]} is open yet.  [released tasks = 4]
2026-07-13 11:05:52 DEBUG: Task 69 blocked: no orders in {0: [53]} is open yet.  [released tasks = 3]
2026-07-13 11:05:52 DEBUG: Task 72 blocked: no orders in {8: [26]} is open yet.  [released tasks = 2]
2026-07-13 11:05:52 DEBUG: Task 73 blocked: no orders in {0: [25]} is open yet.  [released tasks = 1]
2026-07-13 11:05:52 DEBUG: Task 75 blocked: no orders in {0: [53]} is open yet.  [released tasks = 0]
2026-07-13 11:05:52 DEBUG:    EVENT NUM 413   current_time = 00:02:41   RELEASE_TASK          [queue size = 105]
2026-07-13 11:05:52 DEBUG: Task 76 released: pod 352 required by workstation(s) [1, 4, 4].  [released tasks = 19]
2026-07-13 11:05:52 DEBUG:    EVENT NUM 414   current_time = 00:02:41   START_TASK            [queue size = 105]
2026-07-13 11:05:52 DEBUG: Task 35 blocked: no orders in {0: [94]} is open yet.  [released tasks = 18]
2026-07-13 11:05:52 DEBUG: Task 36 blocked: no orders in {2: [54]} is open yet.  [released tasks = 17]
2026-07-13 11:05:52 DEBUG: Task 37 blocked: no orders in {0: [97, 71]} is open yet.  [released tasks = 16]
2026-07-13 11:05:52 DEBUG: Task 38 blocked: no orders in {0: [52]} is open yet.  [released tasks = 15]
2026-07-13 11:05:52 DEBUG: Task 39 blocked: no orders in {1: [79]} is open yet.  [released tasks = 14]
2026-07-13 11:05:52 DEBUG: Task 41 blocked: no orders in {2: [54]} is open yet.  [released tasks = 13]
2026-07-13 11:05:52 DEBUG: Task 43 blocked: no orders in {1: [7]} is open yet.  [released tasks = 12]
2026-07-13 11:05:52 DEBUG: Task 50 blocked: no orders in {2: [54]} is open yet.  [released tasks = 11]
2026-07-13 11:05:52 DEBUG: Task 54 blocked: no orders in {2: [2]} is open yet.  [released tasks = 10]
2026-07-13 11:05:52 DEBUG: Task 58 blocked: no orders in {2: [2]} is open yet.  [released tasks = 9]
2026-07-13 11:05:52 DEBUG: Task 62 blocked: no orders in {2: [67]} is open yet.  [released tasks = 8]
2026-07-13 11:05:52 DEBUG: Task 65 blocked: no orders in {8: [59]} is open yet.  [released tasks = 7]
2026-07-13 11:05:52 DEBUG: Task 67 blocked: no orders in {2: [95]} is open yet.  [released tasks = 6]
2026-07-13 11:05:52 DEBUG: Task 68 blocked: no orders in {8: [80]} is open yet.  [released tasks = 5]
2026-07-13 11:05:52 DEBUG: Task 69 blocked: no orders in {0: [53]} is open yet.  [released tasks = 4]
2026-07-13 11:05:52 DEBUG: Task 72 blocked: no orders in {8: [26]} is open yet.  [released tasks = 3]
2026-07-13 11:05:52 DEBUG: Task 73 blocked: no orders in {0: [25]} is open yet.  [released tasks = 2]
2026-07-13 11:05:52 DEBUG: Task 75 blocked: no orders in {0: [53]} is open yet.  [released tasks = 1]
2026-07-13 11:05:52 DEBUG: Task 76 started: robot 16 → pod 352 → workstation 1 for orders {6} (arrival = 290.3 s).   [idle robots = 0/40]
2026-07-13 11:05:52 DEBUG:    EVENT NUM 415   current_time = 00:02:42   END_PICKING           [queue size = 105]
2026-07-13 11:05:52 DEBUG: Ended picking at workstation 1.    [picking_buffer len = {24: 156.64287194546824, 63: 156.86252009485736}]
2026-07-13 11:05:52 DEBUG: Task should have served orders {41}, found open orders {41, 44, 21, 27}.
2026-07-13 11:05:52 DEBUG: Task 27 completed: pod 369 returning to storage.
2026-07-13 11:05:52 DEBUG:    EVENT NUM 416   current_time = 00:02:42   CLOSE_ORDER           [queue size = 107]
2026-07-13 11:05:52 DEBUG: Order 41 closed at workstation 1: flow_time = 162.5 s.     [order_buffer = 4] [open_orders = 3/4]
2026-07-13 11:05:52 DEBUG: Next order in buffer: 6
2026-07-13 11:05:52 DEBUG:    EVENT NUM 417   current_time = 00:02:42   START_PICKING         [queue size = 107]
2026-07-13 11:05:52 DEBUG: Processing task 24 at workstation 1: picking items {5750} for orders {44}
2026-07-13 11:05:52 DEBUG:    EVENT NUM 418   current_time = 00:02:42   OPEN_ORDER            [queue size = 107]
2026-07-13 11:05:52 DEBUG: Order 6 (skus required = {5248, 4167, 6000, 5937, 11767, 3833}) opened at workstation 1.   [open_orders = 4/4]
2026-07-13 11:05:52 DEBUG:    EVENT NUM 419   current_time = 00:02:42   START_TASK            [queue size = 107]
2026-07-13 11:05:52 DEBUG: Task 35 blocked: no orders in {0: [94]} is open yet.  [released tasks = 17]
2026-07-13 11:05:52 DEBUG: Task 36 blocked: no orders in {2: [54]} is open yet.  [released tasks = 16]
2026-07-13 11:05:52 DEBUG: Task 37 blocked: no orders in {0: [97, 71]} is open yet.  [released tasks = 15]
2026-07-13 11:05:52 DEBUG: Task 38 blocked: no orders in {0: [52]} is open yet.  [released tasks = 14]
2026-07-13 11:05:52 DEBUG: Task 39 blocked: no orders in {1: [79]} is open yet.  [released tasks = 13]
2026-07-13 11:05:52 DEBUG: Task 41 blocked: no orders in {2: [54]} is open yet.  [released tasks = 12]
2026-07-13 11:05:52 DEBUG: Task 43 blocked: no orders in {1: [7]} is open yet.  [released tasks = 11]
2026-07-13 11:05:52 DEBUG: Task 50 blocked: no orders in {2: [54]} is open yet.  [released tasks = 10]
2026-07-13 11:05:52 DEBUG: Task 54 blocked: no orders in {2: [2]} is open yet.  [released tasks = 9]
2026-07-13 11:05:52 DEBUG: Task 58 blocked: no orders in {2: [2]} is open yet.  [released tasks = 8]
2026-07-13 11:05:52 DEBUG: Task 62 blocked: no orders in {2: [67]} is open yet.  [released tasks = 7]
2026-07-13 11:05:52 DEBUG: Task 65 blocked: no orders in {8: [59]} is open yet.  [released tasks = 6]
2026-07-13 11:05:52 DEBUG: Task 67 blocked: no orders in {2: [95]} is open yet.  [released tasks = 5]
2026-07-13 11:05:52 DEBUG: Task 68 blocked: no orders in {8: [80]} is open yet.  [released tasks = 4]
2026-07-13 11:05:52 DEBUG: Task 69 blocked: no orders in {0: [53]} is open yet.  [released tasks = 3]
2026-07-13 11:05:52 DEBUG: Task 72 blocked: no orders in {8: [26]} is open yet.  [released tasks = 2]
2026-07-13 11:05:52 DEBUG: Task 73 blocked: no orders in {0: [25]} is open yet.  [released tasks = 1]
2026-07-13 11:05:52 DEBUG: Task 75 blocked: no orders in {0: [53]} is open yet.  [released tasks = 0]
2026-07-13 11:05:52 DEBUG:    EVENT NUM 420   current_time = 00:02:43   RELEASE_TASK          [queue size = 106]
2026-07-13 11:05:52 DEBUG: Task 77 released: pod 463 required by workstation(s) [2].  [released tasks = 19]
2026-07-13 11:05:52 DEBUG:    EVENT NUM 421   current_time = 00:02:44   ARRIVAL_POD_WST       [queue size = 105]
2026-07-13 11:05:52 DEBUG: Pod 248 arrived at workstation 3 - status = IDLE
2026-07-13 11:05:52 DEBUG: Pod queued at workstation.    [picking_buffer = {23: 164.14853991221818}]
2026-07-13 11:05:52 DEBUG:    EVENT NUM 422   current_time = 00:02:44   START_PICKING         [queue size = 105]
2026-07-13 11:05:52 DEBUG: Processing task 23 at workstation 3: picking items {3807} for orders {30}
2026-07-13 11:05:52 DEBUG:    EVENT NUM 423   current_time = 00:02:45   ARRIVAL_POD_WST       [queue size = 105]
2026-07-13 11:05:52 DEBUG: Pod 710 arrived at workstation 7 - status = BUSY
2026-07-13 11:05:52 DEBUG: Pod queued at workstation.    [picking_buffer = {56: 165.62187037063902}]
2026-07-13 11:05:52 DEBUG:    EVENT NUM 424   current_time = 00:02:45   RELEASE_TASK          [queue size = 104]
2026-07-13 11:05:52 DEBUG: Task 78 released: pod 887 required by workstation(s) [5].  [released tasks = 20]
2026-07-13 11:05:52 DEBUG:    EVENT NUM 425   current_time = 00:02:46   RETURN_POD            [queue size = 103]
2026-07-13 11:05:52 DEBUG: Pod 521 returned. Robot 23 idle.   [idle robots = 1/40, released tasks = 20]
2026-07-13 11:05:52 DEBUG:    EVENT NUM 426   current_time = 00:02:46   START_TASK            [queue size = 103]
2026-07-13 11:05:52 DEBUG: Task 35 blocked: no orders in {0: [94]} is open yet.  [released tasks = 19]
2026-07-13 11:05:52 DEBUG: Task 36 blocked: no orders in {2: [54]} is open yet.  [released tasks = 18]
2026-07-13 11:05:52 DEBUG: Task 37 blocked: no orders in {0: [97, 71]} is open yet.  [released tasks = 17]
2026-07-13 11:05:52 DEBUG: Task 38 blocked: no orders in {0: [52]} is open yet.  [released tasks = 16]
2026-07-13 11:05:52 DEBUG: Task 39 blocked: no orders in {1: [79]} is open yet.  [released tasks = 15]
2026-07-13 11:05:52 DEBUG: Task 41 blocked: no orders in {2: [54]} is open yet.  [released tasks = 14]
2026-07-13 11:05:52 DEBUG: Task 43 blocked: no orders in {1: [7]} is open yet.  [released tasks = 13]
2026-07-13 11:05:52 DEBUG: Task 50 blocked: no orders in {2: [54]} is open yet.  [released tasks = 12]
2026-07-13 11:05:52 DEBUG: Task 54 blocked: no orders in {2: [2]} is open yet.  [released tasks = 11]
2026-07-13 11:05:52 DEBUG: Task 58 blocked: no orders in {2: [2]} is open yet.  [released tasks = 10]
2026-07-13 11:05:52 DEBUG: Task 62 blocked: no orders in {2: [67]} is open yet.  [released tasks = 9]
2026-07-13 11:05:52 DEBUG: Task 65 blocked: no orders in {8: [59]} is open yet.  [released tasks = 8]
2026-07-13 11:05:52 DEBUG: Task 67 blocked: no orders in {2: [95]} is open yet.  [released tasks = 7]
2026-07-13 11:05:52 DEBUG: Task 68 blocked: no orders in {8: [80]} is open yet.  [released tasks = 6]
2026-07-13 11:05:52 DEBUG: Task 69 blocked: no orders in {0: [53]} is open yet.  [released tasks = 5]
2026-07-13 11:05:52 DEBUG: Task 72 blocked: no orders in {8: [26]} is open yet.  [released tasks = 4]
2026-07-13 11:05:52 DEBUG: Task 73 blocked: no orders in {0: [25]} is open yet.  [released tasks = 3]
2026-07-13 11:05:52 DEBUG: Task 75 blocked: no orders in {0: [53]} is open yet.  [released tasks = 2]
2026-07-13 11:05:52 DEBUG: Task 77 blocked: no orders in {2: [95]} is open yet.  [released tasks = 1]
2026-07-13 11:05:52 DEBUG: Task 78 started: robot 23 → pod 887 → workstation 5 for orders {19} (arrival = 187.9 s).   [idle robots = 0/40]
2026-07-13 11:05:52 DEBUG:    EVENT NUM 427   current_time = 00:02:46   ARRIVAL_POD_WST       [queue size = 103]
2026-07-13 11:05:52 DEBUG: Pod 894 arrived at workstation 8 - status = IDLE
2026-07-13 11:05:52 DEBUG: Pod queued at workstation.    [picking_buffer = {57: 166.5916375765263}]
2026-07-13 11:05:52 DEBUG:    EVENT NUM 428   current_time = 00:02:46   START_PICKING         [queue size = 103]
2026-07-13 11:05:52 DEBUG: Processing task 57 at workstation 8: picking items {4701} for orders {61}
2026-07-13 11:05:52 DEBUG:    EVENT NUM 429   current_time = 00:02:47   END_PICKING           [queue size = 103]
2026-07-13 11:05:52 DEBUG: Ended picking at workstation 0.    [picking_buffer len = {}]
2026-07-13 11:05:52 DEBUG: Task should have served orders {66}, found open orders {66, 45, 56, 93}.
2026-07-13 11:05:52 DEBUG: Task 30 heading to workstation 0.
2026-07-13 11:05:52 DEBUG:    EVENT NUM 430   current_time = 00:02:47   CLOSE_ORDER           [queue size = 104]
2026-07-13 11:05:52 DEBUG: Order 66 closed at workstation 0: flow_time = 167.3 s.     [order_buffer = 7] [open_orders = 3/4]
2026-07-13 11:05:52 DEBUG: Next order in buffer: 17
2026-07-13 11:05:52 DEBUG:    EVENT NUM 431   current_time = 00:02:47   ARRIVAL_POD_WST       [queue size = 104]
2026-07-13 11:05:52 DEBUG: Pod 367 arrived at workstation 0 - status = IDLE
2026-07-13 11:05:52 DEBUG: Pod queued at workstation.    [picking_buffer = {30: 167.33238097887175}]
2026-07-13 11:05:52 DEBUG:    EVENT NUM 432   current_time = 00:02:47   OPEN_ORDER            [queue size = 104]
2026-07-13 11:05:52 DEBUG: Order 17 (skus required = {9476}) opened at workstation 0.   [open_orders = 4/4]
2026-07-13 11:05:52 DEBUG:    EVENT NUM 433   current_time = 00:02:47   START_PICKING         [queue size = 105]
2026-07-13 11:05:52 DEBUG: Processing task 30 at workstation 0: picking items {6617} for orders {93}
2026-07-13 11:05:52 DEBUG:    EVENT NUM 434   current_time = 00:02:47   START_TASK            [queue size = 105]
2026-07-13 11:05:52 DEBUG: Task 35 blocked: no idle robots.
2026-07-13 11:05:52 DEBUG:    EVENT NUM 435   current_time = 00:02:47   START_PICKING         [queue size = 104]
2026-07-13 11:05:52 DEBUG:    EVENT NUM 436   current_time = 00:02:47   END_PICKING           [queue size = 103]
2026-07-13 11:05:52 DEBUG: Ended picking at workstation 6.    [picking_buffer len = {}]
2026-07-13 11:05:52 DEBUG: Task should have served orders {47}, found open orders {5, 70, 47, 86}.
2026-07-13 11:05:52 DEBUG: Task 25 completed: pod 46 returning to storage.
2026-07-13 11:05:52 DEBUG:    EVENT NUM 437   current_time = 00:02:47   CLOSE_ORDER           [queue size = 104]
2026-07-13 11:05:52 DEBUG: Order 47 closed at workstation 6: flow_time = 167.5 s.     [order_buffer = 4] [open_orders = 3/4]
2026-07-13 11:05:52 DEBUG: Next order in buffer: 3
2026-07-13 11:05:52 DEBUG:    EVENT NUM 438   current_time = 00:02:47   OPEN_ORDER            [queue size = 104]
2026-07-13 11:05:52 DEBUG: Order 3 (skus required = {3824, 10643}) opened at workstation 6.   [open_orders = 4/4]
2026-07-13 11:05:52 DEBUG:    EVENT NUM 439   current_time = 00:02:47   START_TASK            [queue size = 104]
2026-07-13 11:05:52 DEBUG: Task 35 blocked: no idle robots.
2026-07-13 11:05:52 DEBUG:    EVENT NUM 440   current_time = 00:02:47   ARRIVAL_POD_WST       [queue size = 103]
2026-07-13 11:05:52 DEBUG: Pod 612 arrived at workstation 2 - status = IDLE
2026-07-13 11:05:52 DEBUG: Pod queued at workstation.    [picking_buffer = {45: 167.87369507707083}]
2026-07-13 11:05:52 DEBUG:    EVENT NUM 441   current_time = 00:02:47   START_PICKING         [queue size = 103]
2026-07-13 11:05:52 DEBUG: start_picking: WS 2 has no actionable task in buffer.
2026-07-13 11:05:52 DEBUG:    EVENT NUM 442   current_time = 00:02:47   RELEASE_TASK          [queue size = 102]
2026-07-13 11:05:52 DEBUG: Task 79 released: pod 238 required by workstation(s) [3].  [released tasks = 20]
2026-07-13 11:05:52 DEBUG:    EVENT NUM 443   current_time = 00:02:47   END_PICKING           [queue size = 101]
2026-07-13 11:05:52 DEBUG: Ended picking at workstation 7.    [picking_buffer len = {56: 165.62187037063902}]
2026-07-13 11:05:52 DEBUG: Task should have served orders {0}, found open orders {0, 50, 64, 63}.
2026-07-13 11:05:52 DEBUG: Task 64 completed: pod 797 returning to storage.
2026-07-13 11:05:52 DEBUG:    EVENT NUM 444   current_time = 00:02:47   CLOSE_ORDER           [queue size = 103]
2026-07-13 11:05:52 DEBUG: Order 0 closed at workstation 7: flow_time = 168.0 s.     [order_buffer = 5] [open_orders = 3/4]
2026-07-13 11:05:52 DEBUG: Next order in buffer: 92
2026-07-13 11:05:52 DEBUG:    EVENT NUM 445   current_time = 00:02:47   START_PICKING         [queue size = 103]
2026-07-13 11:05:52 DEBUG: Processing task 56 at workstation 7: picking items {7593} for orders {50}
2026-07-13 11:05:52 DEBUG:    EVENT NUM 446   current_time = 00:02:47   OPEN_ORDER            [queue size = 103]
2026-07-13 11:05:52 DEBUG: Order 92 (skus required = {1477}) opened at workstation 7.   [open_orders = 4/4]
2026-07-13 11:05:52 DEBUG:    EVENT NUM 447   current_time = 00:02:47   START_TASK            [queue size = 103]
2026-07-13 11:05:52 DEBUG: Task 35 blocked: no idle robots.
2026-07-13 11:05:52 DEBUG:    EVENT NUM 448   current_time = 00:02:50   ARRIVAL_ORDER         [queue size = 102]
2026-07-13 11:05:52 DEBUG: Order 116 arrived: items_required = [6334].     [orders_in_system = 94]
2026-07-13 11:05:52 DEBUG:    EVENT NUM 449   current_time = 00:02:50   RELEASE_TASK          [queue size = 102]
2026-07-13 11:05:52 DEBUG: Task 80 released: pod 227 required by workstation(s) [6].  [released tasks = 21]
2026-07-13 11:05:52 DEBUG:    EVENT NUM 450   current_time = 00:02:52   RELEASE_TASK          [queue size = 101]
2026-07-13 11:05:52 DEBUG: Task 81 released: pod 151 required by workstation(s) [1].  [released tasks = 22]
2026-07-13 11:05:52 DEBUG:    EVENT NUM 451   current_time = 00:02:52   ARRIVAL_POD_WST       [queue size = 100]
2026-07-13 11:05:52 DEBUG: Pod 102 arrived at workstation 2 - status = IDLE
2026-07-13 11:05:52 DEBUG: Pod queued at workstation.    [picking_buffer = {45: 167.87369507707083, 26: 172.20185911218152}]
2026-07-13 11:05:52 DEBUG:    EVENT NUM 452   current_time = 00:02:52   START_PICKING         [queue size = 100]
2026-07-13 11:05:52 DEBUG: Processing task 26 at workstation 2: picking items {3843} for orders {46, 87}
2026-07-13 11:05:52 DEBUG:    EVENT NUM 453   current_time = 00:02:52   END_PICKING           [queue size = 100]
2026-07-13 11:05:52 DEBUG: Ended picking at workstation 1.    [picking_buffer len = {63: 156.86252009485736}]
2026-07-13 11:05:52 DEBUG: Task should have served orders {44}, found open orders {6, 44, 21, 27}.
2026-07-13 11:05:52 DEBUG: Task 24 completed: pod 394 returning to storage.
2026-07-13 11:05:52 DEBUG:    EVENT NUM 454   current_time = 00:02:52   CLOSE_ORDER           [queue size = 102]
2026-07-13 11:05:52 DEBUG: Order 44 closed at workstation 1: flow_time = 172.5 s.     [order_buffer = 3] [open_orders = 3/4]
2026-07-13 11:05:52 DEBUG: Next order in buffer: 72
2026-07-13 11:05:52 DEBUG:    EVENT NUM 455   current_time = 00:02:52   START_PICKING         [queue size = 102]
2026-07-13 11:05:52 DEBUG: Processing task 63 at workstation 1: picking items {4539} for orders {27}
2026-07-13 11:05:52 DEBUG:    EVENT NUM 456   current_time = 00:02:52   OPEN_ORDER            [queue size = 102]
2026-07-13 11:05:52 DEBUG: Order 72 (skus required = {5902}) opened at workstation 1.   [open_orders = 4/4]
2026-07-13 11:05:52 DEBUG:    EVENT NUM 457   current_time = 00:02:52   START_TASK            [queue size = 102]
2026-07-13 11:05:52 DEBUG: Task 35 blocked: no idle robots.
2026-07-13 11:05:52 DEBUG:    EVENT NUM 458   current_time = 00:02:54   END_PICKING           [queue size = 101]
2026-07-13 11:05:52 DEBUG: Ended picking at workstation 3.    [picking_buffer len = {}]
2026-07-13 11:05:52 DEBUG: Task should have served orders {30}, found open orders {75, 12, 58, 30}.
2026-07-13 11:05:52 DEBUG: Task 23 completed: pod 248 returning to storage.
2026-07-13 11:05:52 DEBUG:    EVENT NUM 459   current_time = 00:02:54   CLOSE_ORDER           [queue size = 102]
2026-07-13 11:05:52 DEBUG: Order 30 closed at workstation 3: flow_time = 174.1 s.     [order_buffer = 4] [open_orders = 3/4]
2026-07-13 11:05:52 DEBUG: Next order in buffer: 23
2026-07-13 11:05:52 DEBUG:    EVENT NUM 460   current_time = 00:02:54   OPEN_ORDER            [queue size = 102]
2026-07-13 11:05:52 DEBUG: Order 23 (skus required = {2915, 4236}) opened at workstation 3.   [open_orders = 4/4]
2026-07-13 11:05:52 DEBUG:    EVENT NUM 461   current_time = 00:02:54   START_TASK            [queue size = 102]
2026-07-13 11:05:52 DEBUG: Task 35 blocked: no idle robots.
2026-07-13 11:05:52 DEBUG:    EVENT NUM 462   current_time = 00:02:54   RELEASE_TASK          [queue size = 101]
2026-07-13 11:05:52 DEBUG: Task 82 released: pod 773 required by workstation(s) [5, 5].  [released tasks = 23]
2026-07-13 11:05:52 DEBUG:    EVENT NUM 463   current_time = 00:02:56   RELEASE_TASK          [queue size = 100]
2026-07-13 11:05:52 DEBUG: Task 83 released: pod 525 required by workstation(s) [3].  [released tasks = 24]
2026-07-13 11:05:52 DEBUG:    EVENT NUM 464   current_time = 00:02:56   END_PICKING           [queue size = 99]
2026-07-13 11:05:52 DEBUG: Ended picking at workstation 8.    [picking_buffer len = {}]
2026-07-13 11:05:52 DEBUG: Task should have served orders {61}, found open orders {96, 57, 61, 24}.
2026-07-13 11:05:52 DEBUG: Task 57 completed: pod 894 returning to storage.
2026-07-13 11:05:52 DEBUG:    EVENT NUM 465   current_time = 00:02:56   CLOSE_ORDER           [queue size = 100]
2026-07-13 11:05:52 DEBUG: Order 61 closed at workstation 8: flow_time = 176.6 s.     [order_buffer = 10] [open_orders = 3/4]
2026-07-13 11:05:52 DEBUG: Next order in buffer: 8
2026-07-13 11:05:52 DEBUG:    EVENT NUM 466   current_time = 00:02:56   OPEN_ORDER            [queue size = 100]
2026-07-13 11:05:52 DEBUG: Order 8 (skus required = {467}) opened at workstation 8.   [open_orders = 4/4]
2026-07-13 11:05:52 DEBUG:    EVENT NUM 467   current_time = 00:02:56   START_TASK            [queue size = 100]
2026-07-13 11:05:52 DEBUG: Task 35 blocked: no idle robots.
2026-07-13 11:05:52 DEBUG:    EVENT NUM 468   current_time = 00:02:57   END_PICKING           [queue size = 99]
2026-07-13 11:05:52 DEBUG: Ended picking at workstation 0.    [picking_buffer len = {}]
2026-07-13 11:05:52 DEBUG: Task should have served orders {93}, found open orders {45, 17, 56, 93}.
2026-07-13 11:05:52 DEBUG: Task 30 completed: pod 367 returning to storage.
2026-07-13 11:05:52 DEBUG:    EVENT NUM 469   current_time = 00:02:57   END_PICKING           [queue size = 99]
2026-07-13 11:05:52 DEBUG: Ended picking at workstation 7.    [picking_buffer len = {}]
2026-07-13 11:05:52 DEBUG: Task should have served orders {50}, found open orders {64, 50, 92, 63}.
2026-07-13 11:05:52 DEBUG: Task 56 completed: pod 710 returning to storage.
2026-07-13 11:05:52 DEBUG:    EVENT NUM 470   current_time = 00:02:57   CLOSE_ORDER           [queue size = 100]
2026-07-13 11:05:52 DEBUG: Order 50 closed at workstation 7: flow_time = 178.0 s.     [order_buffer = 4] [open_orders = 3/4]
2026-07-13 11:05:52 DEBUG: Next order in buffer: 28
2026-07-13 11:05:52 DEBUG:    EVENT NUM 471   current_time = 00:02:57   OPEN_ORDER            [queue size = 100]
2026-07-13 11:05:52 DEBUG: Order 28 (skus required = {6354, 4292}) opened at workstation 7.   [open_orders = 4/4]
2026-07-13 11:05:52 DEBUG:    EVENT NUM 472   current_time = 00:02:57   START_TASK            [queue size = 100]
2026-07-13 11:05:52 DEBUG: Task 35 blocked: no idle robots.
2026-07-13 11:05:52 DEBUG:    EVENT NUM 473   current_time = 00:02:58   RELEASE_TASK          [queue size = 99]
2026-07-13 11:05:52 DEBUG: Task 84 released: pod 560 required by workstation(s) [8].  [released tasks = 25]
2026-07-13 11:05:52 DEBUG:    EVENT NUM 474   current_time = 00:02:58   ARRIVAL_POD_WST       [queue size = 98]
2026-07-13 11:05:52 DEBUG: Pod 403 arrived at workstation 3 - status = IDLE
2026-07-13 11:05:52 DEBUG: Pod queued at workstation.    [picking_buffer = {55: 178.72389718812516}]
2026-07-13 11:05:52 DEBUG:    EVENT NUM 475   current_time = 00:02:58   START_PICKING         [queue size = 98]
2026-07-13 11:05:52 DEBUG: Processing task 55 at workstation 3: picking items {7066} for orders {58}
2026-07-13 11:05:52 DEBUG:    EVENT NUM 476   current_time = 00:03:00   ARRIVAL_ORDER         [queue size = 98]
2026-07-13 11:05:52 DEBUG: Order 117 arrived: items_required = [10722].     [orders_in_system = 91]
2026-07-13 11:05:52 DEBUG:    EVENT NUM 477   current_time = 00:03:00   RELEASE_TASK          [queue size = 98]
2026-07-13 11:05:52 DEBUG: Task 85 released: pod 114 required by workstation(s) [1].  [released tasks = 26]
2026-07-13 11:05:52 DEBUG:    EVENT NUM 478   current_time = 00:03:02   END_PICKING           [queue size = 97]
2026-07-13 11:05:52 DEBUG: Ended picking at workstation 2.    [picking_buffer len = {45: 167.87369507707083}]
2026-07-13 11:05:52 DEBUG: Task should have served orders {46, 87}, found open orders {4, 46, 82, 87}.
2026-07-13 11:05:52 DEBUG: Task 26 completed: pod 102 returning to storage.
2026-07-13 11:05:52 DEBUG:    EVENT NUM 479   current_time = 00:03:02   CLOSE_ORDER           [queue size = 100]
2026-07-13 11:05:52 DEBUG: Order 46 closed at workstation 2: flow_time = 182.2 s.     [order_buffer = 5] [open_orders = 3/4]
2026-07-13 11:05:52 DEBUG: Next order in buffer: 98
2026-07-13 11:05:52 DEBUG:    EVENT NUM 480   current_time = 00:03:02   CLOSE_ORDER           [queue size = 100]
2026-07-13 11:05:52 DEBUG: Order 87 closed at workstation 2: flow_time = 182.2 s.     [order_buffer = 4] [open_orders = 2/4]
2026-07-13 11:05:52 DEBUG: Next order in buffer: 54
2026-07-13 11:05:52 DEBUG:    EVENT NUM 481   current_time = 00:03:02   START_PICKING         [queue size = 100]
2026-07-13 11:05:52 DEBUG: start_picking: WS 2 has no actionable task in buffer.
2026-07-13 11:05:52 DEBUG:    EVENT NUM 482   current_time = 00:03:02   OPEN_ORDER            [queue size = 99]
2026-07-13 11:05:52 DEBUG: Order 98 (skus required = {2488, 5611, 3407}) opened at workstation 2.   [open_orders = 3/4]
2026-07-13 11:05:52 DEBUG:    EVENT NUM 483   current_time = 00:03:02   OPEN_ORDER            [queue size = 100]
2026-07-13 11:05:52 DEBUG: Order 54 (skus required = {12983, 7585, 4175}) opened at workstation 2.   [open_orders = 4/4]
2026-07-13 11:05:52 DEBUG:    EVENT NUM 484   current_time = 00:03:02   START_TASK            [queue size = 101]
2026-07-13 11:05:52 DEBUG: Task 35 blocked: no idle robots.
2026-07-13 11:05:52 DEBUG:    EVENT NUM 485   current_time = 00:03:02   START_PICKING         [queue size = 100]
2026-07-13 11:05:52 DEBUG: Processing task 45 at workstation 2: picking items {3407} for orders {98}
2026-07-13 11:05:52 DEBUG:    EVENT NUM 486   current_time = 00:03:02   START_TASK            [queue size = 100]
2026-07-13 11:05:52 DEBUG: Task 35 blocked: no idle robots.
2026-07-13 11:05:52 DEBUG:    EVENT NUM 487   current_time = 00:03:02   START_PICKING         [queue size = 99]
2026-07-13 11:05:52 DEBUG:    EVENT NUM 488   current_time = 00:03:02   END_PICKING           [queue size = 98]
2026-07-13 11:05:52 DEBUG: Ended picking at workstation 1.    [picking_buffer len = {}]
2026-07-13 11:05:52 DEBUG: Task should have served orders {27}, found open orders {6, 72, 21, 27}.
2026-07-13 11:05:52 DEBUG: Task 63 completed: pod 791 returning to storage.
2026-07-13 11:05:52 DEBUG:    EVENT NUM 489   current_time = 00:03:02   RELEASE_TASK          [queue size = 98]
2026-07-13 11:05:52 DEBUG: Task 86 released: pod 419 required by workstation(s) [3].  [released tasks = 27]
2026-07-13 11:05:52 DEBUG:    EVENT NUM 490   current_time = 00:03:02   ARRIVAL_POD_WST       [queue size = 97]
2026-07-13 11:05:52 DEBUG: Pod 287 arrived at workstation 5 - status = IDLE
2026-07-13 11:05:52 DEBUG: Pod queued at workstation.    [picking_buffer = {48: 182.97356522449257}]
2026-07-13 11:05:52 DEBUG:    EVENT NUM 491   current_time = 00:03:02   START_PICKING         [queue size = 97]
2026-07-13 11:05:52 DEBUG: Processing task 48 at workstation 5: picking items {6353} for orders {38}
2026-07-13 11:05:52 DEBUG:    EVENT NUM 492   current_time = 00:03:04   RELEASE_TASK          [queue size = 97]
2026-07-13 11:05:52 DEBUG: Task 87 released: pod 116 required by workstation(s) [8].  [released tasks = 28]
2026-07-13 11:05:52 DEBUG:    EVENT NUM 493   current_time = 00:03:06   RELEASE_TASK          [queue size = 96]
2026-07-13 11:05:52 DEBUG: Task 88 released: pod 754 required by workstation(s) [0].  [released tasks = 29]
2026-07-13 11:05:52 DEBUG:    EVENT NUM 494   current_time = 00:03:07   ARRIVAL_POD_WST       [queue size = 95]
2026-07-13 11:05:52 DEBUG: Pod 887 arrived at workstation 5 - status = BUSY
2026-07-13 11:05:52 DEBUG: Pod queued at workstation.    [picking_buffer = {78: 187.89932593199038}]
2026-07-13 11:05:52 DEBUG:    EVENT NUM 495   current_time = 00:03:08   END_PICKING           [queue size = 94]
2026-07-13 11:05:52 DEBUG: Ended picking at workstation 3.    [picking_buffer len = {}]
2026-07-13 11:05:52 DEBUG: Task should have served orders {58}, found open orders {75, 12, 23, 58}.
2026-07-13 11:05:52 DEBUG: Task 55 completed: pod 403 returning to storage.
2026-07-13 11:05:52 DEBUG:    EVENT NUM 496   current_time = 00:03:08   CLOSE_ORDER           [queue size = 95]
2026-07-13 11:05:52 DEBUG: Order 58 closed at workstation 3: flow_time = 188.7 s.     [order_buffer = 3] [open_orders = 3/4]
2026-07-13 11:05:52 DEBUG: Next order in buffer: 99
2026-07-13 11:05:52 DEBUG:    EVENT NUM 497   current_time = 00:03:08   OPEN_ORDER            [queue size = 95]
2026-07-13 11:05:52 DEBUG: Order 99 (skus required = {3746, 4468, 10374, 8255}) opened at workstation 3.   [open_orders = 4/4]
2026-07-13 11:05:52 DEBUG:    EVENT NUM 498   current_time = 00:03:08   START_TASK            [queue size = 95]
2026-07-13 11:05:52 DEBUG: Task 35 blocked: no idle robots.
2026-07-13 11:05:52 DEBUG:    EVENT NUM 499   current_time = 00:03:09   RELEASE_TASK          [queue size = 94]
2026-07-13 11:05:52 DEBUG: Task 89 released: pod 245 required by workstation(s) [3].  [released tasks = 30]
2026-07-13 11:05:52 DEBUG:    EVENT NUM 500   current_time = 00:03:09   RETURN_POD            [queue size = 93]
2026-07-13 11:05:52 DEBUG: Pod 797 returned. Robot 13 idle.   [idle robots = 1/40, released tasks = 30]
2026-07-13 11:05:52 DEBUG:    EVENT NUM 501   current_time = 00:03:09   START_TASK            [queue size = 93]
2026-07-13 11:05:52 DEBUG: Task 35 started: robot 13 → pod 150 → workstation 0 for orders {94} (arrival = 343.6 s).   [idle robots = 0/40]
2026-07-13 11:05:52 DEBUG:    EVENT NUM 502   current_time = 00:03:10   ARRIVAL_ORDER         [queue size = 93]
2026-07-13 11:05:52 DEBUG: Order 118 arrived: items_required = [10503, 4085].     [orders_in_system = 89]
2026-07-13 11:05:52 DEBUG:    EVENT NUM 503   current_time = 00:03:11   RELEASE_TASK          [queue size = 93]
2026-07-13 11:05:52 DEBUG: Task 90 released: pod 556 required by workstation(s) [6].  [released tasks = 30]
2026-07-13 11:05:52 DEBUG:    EVENT NUM 504   current_time = 00:03:12   END_PICKING           [queue size = 92]
2026-07-13 11:05:52 DEBUG: Ended picking at workstation 2.    [picking_buffer len = {}]
2026-07-13 11:05:52 DEBUG: Task should have served orders {98}, found open orders {98, 4, 82, 54}.
2026-07-13 11:05:52 DEBUG: Task 45 completed: pod 612 returning to storage.
2026-07-13 11:05:52 DEBUG:    EVENT NUM 505   current_time = 00:03:12   ARRIVAL_POD_WST       [queue size = 92]
2026-07-13 11:05:52 DEBUG: Pod 671 arrived at workstation 1 - status = IDLE
2026-07-13 11:05:52 DEBUG: Pod queued at workstation.    [picking_buffer = {74: 192.39602947849008}]
2026-07-13 11:05:52 DEBUG:    EVENT NUM 506   current_time = 00:03:12   START_PICKING         [queue size = 92]
2026-07-13 11:05:52 DEBUG: Processing task 74 at workstation 1: picking items {5937} for orders {6}
2026-07-13 11:05:52 DEBUG:    EVENT NUM 507   current_time = 00:03:12   END_PICKING           [queue size = 92]
2026-07-13 11:05:52 DEBUG: Ended picking at workstation 5.    [picking_buffer len = {78: 187.89932593199038}]
2026-07-13 11:05:52 DEBUG: Task should have served orders {38}, found open orders {19, 83, 13, 38}.
2026-07-13 11:05:52 DEBUG: Task 48 completed: pod 287 returning to storage.
2026-07-13 11:05:52 DEBUG:    EVENT NUM 508   current_time = 00:03:12   CLOSE_ORDER           [queue size = 94]
2026-07-13 11:05:52 DEBUG: Order 38 closed at workstation 5: flow_time = 193.0 s.     [order_buffer = 4] [open_orders = 3/4]
2026-07-13 11:05:52 DEBUG: Next order in buffer: 88
2026-07-13 11:05:52 DEBUG:    EVENT NUM 509   current_time = 00:03:12   START_PICKING         [queue size = 94]
2026-07-13 11:05:52 DEBUG: Processing task 78 at workstation 5: picking items {10407} for orders {19}
2026-07-13 11:05:52 DEBUG:    EVENT NUM 510   current_time = 00:03:12   OPEN_ORDER            [queue size = 94]
2026-07-13 11:05:52 DEBUG: Order 88 (skus required = {2295}) opened at workstation 5.   [open_orders = 4/4]
2026-07-13 11:05:52 DEBUG:    EVENT NUM 511   current_time = 00:03:12   START_TASK            [queue size = 94]
2026-07-13 11:05:52 DEBUG: Task 36 blocked: no idle robots.
2026-07-13 11:05:52 DEBUG:    EVENT NUM 512   current_time = 00:03:13   RELEASE_TASK          [queue size = 93]
2026-07-13 11:05:52 DEBUG: Task 91 released: pod 790 required by workstation(s) [3].  [released tasks = 31]
2026-07-13 11:05:52 DEBUG:    EVENT NUM 513   current_time = 00:03:15   ARRIVAL_POD_WST       [queue size = 92]
2026-07-13 11:05:52 DEBUG: Pod 231 arrived at workstation 8 - status = IDLE
2026-07-13 11:05:52 DEBUG: Pod queued at workstation.    [picking_buffer = {47: 195.14184421918713}]
2026-07-13 11:05:52 DEBUG:    EVENT NUM 514   current_time = 00:03:15   START_PICKING         [queue size = 92]
2026-07-13 11:05:52 DEBUG: Processing task 47 at workstation 8: picking items {5874} for orders {57}
2026-07-13 11:05:52 DEBUG:    EVENT NUM 515   current_time = 00:03:15   RELEASE_TASK          [queue size = 92]
2026-07-13 11:05:52 DEBUG: Task 92 released: pod 674 required by workstation(s) [4].  [released tasks = 32]
2026-07-13 11:05:52 DEBUG:    EVENT NUM 516   current_time = 00:03:17   RELEASE_TASK          [queue size = 91]
2026-07-13 11:05:52 DEBUG: Task 93 released: pod 59 required by workstation(s) [6].  [released tasks = 33]
2026-07-13 11:05:52 DEBUG:    EVENT NUM 517   current_time = 00:03:19   RELEASE_TASK          [queue size = 90]
2026-07-13 11:05:52 DEBUG: Task 94 released: pod 249 required by workstation(s) [0].  [released tasks = 34]
2026-07-13 11:05:52 DEBUG:    EVENT NUM 518   current_time = 00:03:20   ARRIVAL_ORDER         [queue size = 89]
2026-07-13 11:05:52 DEBUG: Order 119 arrived: items_required = [10706].     [orders_in_system = 89]
2026-07-13 11:05:52 DEBUG:    EVENT NUM 519   current_time = 00:03:20   ARRIVAL_POD_WST       [queue size = 89]
2026-07-13 11:05:52 DEBUG: Pod 778 arrived at workstation 8 - status = BUSY
2026-07-13 11:05:52 DEBUG: Pod queued at workstation.    [picking_buffer = {52: 200.7669423583885}]
2026-07-13 11:05:52 DEBUG:    EVENT NUM 520   current_time = 00:03:21   ARRIVAL_POD_WST       [queue size = 88]
2026-07-13 11:05:52 DEBUG: Pod 689 arrived at workstation 8 - status = BUSY
2026-07-13 11:05:52 DEBUG: Pod queued at workstation.    [picking_buffer = {52: 200.7669423583885, 46: 201.11274579762144}]
2026-07-13 11:05:52 DEBUG:    EVENT NUM 521   current_time = 00:03:21   RELEASE_TASK          [queue size = 87]
2026-07-13 11:05:52 DEBUG: Task 95 released: pod 653 required by workstation(s) [6].  [released tasks = 35]
2026-07-13 11:05:52 DEBUG:    EVENT NUM 522   current_time = 00:03:22   RETURN_POD            [queue size = 86]
2026-07-13 11:05:52 DEBUG: Pod 222 returned. Robot 26 idle.   [idle robots = 1/40, released tasks = 35]
2026-07-13 11:05:52 DEBUG:    EVENT NUM 523   current_time = 00:03:22   START_TASK            [queue size = 86]
2026-07-13 11:05:52 DEBUG: Task 36 started: robot 26 → pod 422 → workstation 2 for orders {54} (arrival = 320.4 s).   [idle robots = 0/40]
2026-07-13 11:05:52 DEBUG:    EVENT NUM 524   current_time = 00:03:22   END_PICKING           [queue size = 86]
2026-07-13 11:05:52 DEBUG: Ended picking at workstation 1.    [picking_buffer len = {}]
2026-07-13 11:05:52 DEBUG: Task should have served orders {6}, found open orders {6, 72, 21, 27}.
2026-07-13 11:05:52 DEBUG: Task 74 completed: pod 671 returning to storage.
2026-07-13 11:05:52 DEBUG:    EVENT NUM 525   current_time = 00:03:22   END_PICKING           [queue size = 86]
2026-07-13 11:05:52 DEBUG: Ended picking at workstation 5.    [picking_buffer len = {}]
2026-07-13 11:05:52 DEBUG: Task should have served orders {19}, found open orders {13, 19, 83, 88}.
2026-07-13 11:05:52 DEBUG: Task 78 completed: pod 887 returning to storage.
2026-07-13 11:05:52 DEBUG:    EVENT NUM 526   current_time = 00:03:22   CLOSE_ORDER           [queue size = 87]
2026-07-13 11:05:52 DEBUG: Order 19 closed at workstation 5: flow_time = 203.0 s.     [order_buffer = 3] [open_orders = 3/4]
2026-07-13 11:05:52 DEBUG: Next order in buffer: 39
2026-07-13 11:05:52 DEBUG:    EVENT NUM 527   current_time = 00:03:22   OPEN_ORDER            [queue size = 87]
2026-07-13 11:05:52 DEBUG: Order 39 (skus required = {6912, 6297, 12772}) opened at workstation 5.   [open_orders = 4/4]
2026-07-13 11:05:52 DEBUG:    EVENT NUM 528   current_time = 00:03:22   START_TASK            [queue size = 87]
2026-07-13 11:05:52 DEBUG: Task 37 blocked: no orders in {0: [97, 71]} is open yet.  [released tasks = 33]
2026-07-13 11:05:52 DEBUG: Task 38 blocked: no orders in {0: [52]} is open yet.  [released tasks = 32]
2026-07-13 11:05:52 DEBUG: Task 39 blocked: no idle robots.
2026-07-13 11:05:52 DEBUG:    EVENT NUM 529   current_time = 00:03:23   RELEASE_TASK          [queue size = 86]
2026-07-13 11:05:52 DEBUG: Task 96 released: pod 343 required by workstation(s) [3].  [released tasks = 35]
2026-07-13 11:05:52 DEBUG:    EVENT NUM 530   current_time = 00:03:23   RETURN_POD            [queue size = 85]
2026-07-13 11:05:52 DEBUG: Pod 791 returned. Robot 29 idle.   [idle robots = 1/40, released tasks = 35]
2026-07-13 11:05:52 DEBUG:    EVENT NUM 531   current_time = 00:03:23   START_TASK            [queue size = 85]
2026-07-13 11:05:52 DEBUG: Task 37 blocked: no orders in {0: [97, 71]} is open yet.  [released tasks = 34]
2026-07-13 11:05:52 DEBUG: Task 38 blocked: no orders in {0: [52]} is open yet.  [released tasks = 33]
2026-07-13 11:05:52 DEBUG: Task 39 started: robot 29 → pod 607 → workstation 1 for orders {79} (arrival = 269.8 s).   [idle robots = 0/40]
2026-07-13 11:05:52 DEBUG:    EVENT NUM 532   current_time = 00:03:24   ARRIVAL_POD_WST       [queue size = 85]
2026-07-13 11:05:52 DEBUG: Pod 544 arrived at workstation 2 - status = IDLE
2026-07-13 11:05:52 DEBUG: Pod queued at workstation.    [picking_buffer = {33: 204.46853685952405}]
2026-07-13 11:05:52 DEBUG:    EVENT NUM 533   current_time = 00:03:24   START_PICKING         [queue size = 85]
2026-07-13 11:05:52 DEBUG: Processing task 33 at workstation 2: picking items {8297} for orders {82}
2026-07-13 11:05:52 DEBUG:    EVENT NUM 534   current_time = 00:03:25   END_PICKING           [queue size = 85]
2026-07-13 11:05:52 DEBUG: Ended picking at workstation 8.    [picking_buffer len = {52: 200.7669423583885, 46: 201.11274579762144}]
2026-07-13 11:05:52 DEBUG: Task should have served orders {57}, found open orders {96, 8, 24, 57}.
2026-07-13 11:05:52 DEBUG: Task 47 completed: pod 231 returning to storage.
2026-07-13 11:05:52 DEBUG:    EVENT NUM 535   current_time = 00:03:25   CLOSE_ORDER           [queue size = 87]
2026-07-13 11:05:52 DEBUG: Order 57 closed at workstation 8: flow_time = 205.1 s.     [order_buffer = 9] [open_orders = 3/4]
2026-07-13 11:05:52 DEBUG: Next order in buffer: 80
2026-07-13 11:05:52 DEBUG:    EVENT NUM 536   current_time = 00:03:25   START_PICKING         [queue size = 87]
2026-07-13 11:05:52 DEBUG: Processing task 52 at workstation 8: picking items {1066} for orders {24}
2026-07-13 11:05:52 DEBUG:    EVENT NUM 537   current_time = 00:03:25   OPEN_ORDER            [queue size = 87]
2026-07-13 11:05:52 DEBUG: Order 80 (skus required = {8020}) opened at workstation 8.   [open_orders = 4/4]
2026-07-13 11:05:52 DEBUG:    EVENT NUM 538   current_time = 00:03:25   START_TASK            [queue size = 87]
2026-07-13 11:05:52 DEBUG: Task 37 blocked: no orders in {0: [97, 71]} is open yet.  [released tasks = 33]
2026-07-13 11:05:52 DEBUG: Task 38 blocked: no orders in {0: [52]} is open yet.  [released tasks = 32]
2026-07-13 11:05:52 DEBUG: Task 41 blocked: no idle robots.
2026-07-13 11:05:52 DEBUG:    EVENT NUM 539   current_time = 00:03:25   ARRIVAL_POD_WST       [queue size = 86]
2026-07-13 11:05:52 DEBUG: Pod 677 arrived at workstation 1 - status = IDLE
2026-07-13 11:05:52 DEBUG: Pod queued at workstation.    [picking_buffer = {49: 205.5769762430237}]
2026-07-13 11:05:52 DEBUG:    EVENT NUM 540   current_time = 00:03:25   START_PICKING         [queue size = 86]
2026-07-13 11:05:52 DEBUG: Processing task 49 at workstation 1: picking items {4167} for orders {6}
2026-07-13 11:05:52 DEBUG:    EVENT NUM 541   current_time = 00:03:25   RELEASE_TASK          [queue size = 86]
2026-07-13 11:05:52 DEBUG: Task 97 released: pod 318 required by workstation(s) [4].  [released tasks = 35]
2026-07-13 11:05:52 DEBUG:    EVENT NUM 542   current_time = 00:03:26   ARRIVAL_POD_WST       [queue size = 85]
2026-07-13 11:05:52 DEBUG: Pod 438 arrived at workstation 6 - status = IDLE
2026-07-13 11:05:52 DEBUG: Pod queued at workstation.    [picking_buffer = {60: 206.9366624771549}]
2026-07-13 11:05:52 DEBUG:    EVENT NUM 543   current_time = 00:03:26   START_PICKING         [queue size = 85]
2026-07-13 11:05:52 DEBUG: Processing task 60 at workstation 6: picking items {10643} for orders {5}
2026-07-13 11:05:52 DEBUG:    EVENT NUM 544   current_time = 00:03:27   ARRIVAL_POD_WST       [queue size = 85]
2026-07-13 11:05:52 DEBUG: Pod 37 arrived at workstation 0 - status = IDLE
2026-07-13 11:05:52 DEBUG: Pod queued at workstation.    [picking_buffer = {22: 207.633482531713}]
2026-07-13 11:05:52 DEBUG:    EVENT NUM 545   current_time = 00:03:27   START_PICKING         [queue size = 85]
2026-07-13 11:05:52 DEBUG: Processing task 22 at workstation 0: picking items {9406} for orders {56}
2026-07-13 11:05:52 DEBUG:    EVENT NUM 546   current_time = 00:03:28   RELEASE_TASK          [queue size = 85]
2026-07-13 11:05:52 DEBUG: Task 98 released: pod 307 required by workstation(s) [0].  [released tasks = 36]
2026-07-13 11:05:52 DEBUG:    EVENT NUM 547   current_time = 00:03:29   RETURN_POD            [queue size = 84]
2026-07-13 11:05:52 DEBUG: Pod 864 returned. Robot 34 idle.   [idle robots = 1/40, released tasks = 36]
2026-07-13 11:05:52 DEBUG:    EVENT NUM 548   current_time = 00:03:29   START_TASK            [queue size = 84]
2026-07-13 11:05:52 DEBUG: Task 37 blocked: no orders in {0: [97, 71]} is open yet.  [released tasks = 35]
2026-07-13 11:05:52 DEBUG: Task 38 blocked: no orders in {0: [52]} is open yet.  [released tasks = 34]
2026-07-13 11:05:52 DEBUG: Task 41 started: robot 34 → pod 320 → workstation 2 for orders {54} (arrival = 335.1 s).   [idle robots = 0/40]
2026-07-13 11:05:52 DEBUG:    EVENT NUM 549   current_time = 00:03:30   ARRIVAL_ORDER         [queue size = 84]
2026-07-13 11:05:52 DEBUG: Order 120 arrived: items_required = [9529, 4897].     [orders_in_system = 88]
2026-07-13 11:05:52 DEBUG:    EVENT NUM 550   current_time = 00:03:30   RELEASE_TASK          [queue size = 84]
2026-07-13 11:05:52 DEBUG: Task 99 released: pod 404 required by workstation(s) [3].  [released tasks = 36]
2026-07-13 11:05:52 DEBUG:    EVENT NUM 551   current_time = 00:03:31   ARRIVAL_POD_WST       [queue size = 83]
2026-07-13 11:05:52 DEBUG: Pod 802 arrived at workstation 7 - status = IDLE
2026-07-13 11:05:52 DEBUG: Pod queued at workstation.    [picking_buffer = {71: 211.94549614188495}]
2026-07-13 11:05:52 DEBUG:    EVENT NUM 552   current_time = 00:03:31   START_PICKING         [queue size = 83]
2026-07-13 11:05:52 DEBUG: Processing task 71 at workstation 7: picking items {6203} for orders {64}
2026-07-13 11:05:52 DEBUG:    EVENT NUM 553   current_time = 00:03:32   RELEASE_TASK          [queue size = 83]
2026-07-13 11:05:52 DEBUG: Task 100 released: pod 109 required by workstation(s) [4, 4].  [released tasks = 37]
2026-07-13 11:05:52 DEBUG:    EVENT NUM 554   current_time = 00:03:32   ARRIVAL_POD_WST       [queue size = 82]
2026-07-13 11:05:52 DEBUG: Pod 895 arrived at workstation 2 - status = BUSY
2026-07-13 11:05:52 DEBUG: Pod queued at workstation.    [picking_buffer = {34: 212.75493465702033}]
2026-07-13 11:05:52 DEBUG:    EVENT NUM 555   current_time = 00:03:34   RELEASE_TASK          [queue size = 81]
2026-07-13 11:05:52 DEBUG: Task 101 released: pod 372 required by workstation(s) [4].  [released tasks = 38]
2026-07-13 11:05:52 DEBUG:    EVENT NUM 556   current_time = 00:03:34   END_PICKING           [queue size = 80]
2026-07-13 11:05:52 DEBUG: Ended picking at workstation 2.    [picking_buffer len = {34: 212.75493465702033}]
2026-07-13 11:05:52 DEBUG: Task should have served orders {82}, found open orders {98, 4, 82, 54}.
2026-07-13 11:05:52 DEBUG: Task 33 completed: pod 544 returning to storage.
2026-07-13 11:05:52 DEBUG:    EVENT NUM 557   current_time = 00:03:34   CLOSE_ORDER           [queue size = 82]
2026-07-13 11:05:52 DEBUG: Order 82 closed at workstation 2: flow_time = 214.5 s.     [order_buffer = 3] [open_orders = 3/4]
2026-07-13 11:05:52 DEBUG: Next order in buffer: 2
2026-07-13 11:05:52 DEBUG:    EVENT NUM 558   current_time = 00:03:34   START_PICKING         [queue size = 82]
2026-07-13 11:05:52 DEBUG: Processing task 34 at workstation 2: picking items {2488} for orders {98}
2026-07-13 11:05:52 DEBUG:    EVENT NUM 559   current_time = 00:03:34   OPEN_ORDER            [queue size = 82]
2026-07-13 11:05:52 DEBUG: Order 2 (skus required = {4921, 4820}) opened at workstation 2.   [open_orders = 4/4]
2026-07-13 11:05:52 DEBUG:    EVENT NUM 560   current_time = 00:03:34   START_TASK            [queue size = 82]
2026-07-13 11:05:52 DEBUG: Task 37 blocked: no orders in {0: [97, 71]} is open yet.  [released tasks = 37]
2026-07-13 11:05:52 DEBUG: Task 38 blocked: no orders in {0: [52]} is open yet.  [released tasks = 36]
2026-07-13 11:05:52 DEBUG: Task 43 blocked: no orders in {1: [7]} is open yet.  [released tasks = 35]
2026-07-13 11:05:52 DEBUG: Task 50 blocked: no idle robots.
2026-07-13 11:05:52 DEBUG:    EVENT NUM 561   current_time = 00:03:35   END_PICKING           [queue size = 81]
2026-07-13 11:05:52 DEBUG: Ended picking at workstation 8.    [picking_buffer len = {46: 201.11274579762144}]
2026-07-13 11:05:52 DEBUG: Task should have served orders {24}, found open orders {96, 8, 80, 24}.
2026-07-13 11:05:52 DEBUG: Task 52 completed: pod 778 returning to storage.
2026-07-13 11:05:52 DEBUG:    EVENT NUM 562   current_time = 00:03:35   CLOSE_ORDER           [queue size = 83]
2026-07-13 11:05:52 DEBUG: Order 24 closed at workstation 8: flow_time = 215.1 s.     [order_buffer = 8] [open_orders = 3/4]
2026-07-13 11:05:52 DEBUG: Next order in buffer: 59
2026-07-13 11:05:52 DEBUG:    EVENT NUM 563   current_time = 00:03:35   START_PICKING         [queue size = 83]
2026-07-13 11:05:52 DEBUG: Processing task 46 at workstation 8: picking items {8540} for orders {96}
2026-07-13 11:05:52 DEBUG:    EVENT NUM 564   current_time = 00:03:35   OPEN_ORDER            [queue size = 83]
2026-07-13 11:05:52 DEBUG: Order 59 (skus required = {2028}) opened at workstation 8.   [open_orders = 4/4]
2026-07-13 11:05:52 DEBUG:    EVENT NUM 565   current_time = 00:03:35   START_TASK            [queue size = 83]
2026-07-13 11:05:52 DEBUG: Task 37 blocked: no orders in {0: [97, 71]} is open yet.  [released tasks = 37]
2026-07-13 11:05:52 DEBUG: Task 38 blocked: no orders in {0: [52]} is open yet.  [released tasks = 36]
2026-07-13 11:05:52 DEBUG: Task 43 blocked: no orders in {1: [7]} is open yet.  [released tasks = 35]
2026-07-13 11:05:52 DEBUG: Task 50 blocked: no idle robots.
2026-07-13 11:05:52 DEBUG:    EVENT NUM 566   current_time = 00:03:35   END_PICKING           [queue size = 82]
2026-07-13 11:05:52 DEBUG: Ended picking at workstation 1.    [picking_buffer len = {}]
2026-07-13 11:05:52 DEBUG: Task should have served orders {6}, found open orders {6, 72, 21, 27}.
2026-07-13 11:05:52 DEBUG: Task 49 completed: pod 677 returning to storage.
2026-07-13 11:05:52 DEBUG:    EVENT NUM 567   current_time = 00:03:36   ARRIVAL_POD_WST       [queue size = 82]
2026-07-13 11:05:52 DEBUG: Pod 261 arrived at workstation 8 - status = BUSY
2026-07-13 11:05:52 DEBUG: Pod queued at workstation.    [picking_buffer = {59: 216.0189930161451}]
2026-07-13 11:05:52 DEBUG:    EVENT NUM 568   current_time = 00:03:36   RETURN_POD            [queue size = 81]
2026-07-13 11:05:52 DEBUG: Pod 752 returned. Robot 0 idle.   [idle robots = 1/40, released tasks = 38]
2026-07-13 11:05:52 DEBUG:    EVENT NUM 569   current_time = 00:03:36   START_TASK            [queue size = 81]
2026-07-13 11:05:52 DEBUG: Task 37 blocked: no orders in {0: [97, 71]} is open yet.  [released tasks = 37]
2026-07-13 11:05:52 DEBUG: Task 38 blocked: no orders in {0: [52]} is open yet.  [released tasks = 36]
2026-07-13 11:05:52 DEBUG: Task 43 blocked: no orders in {1: [7]} is open yet.  [released tasks = 35]
2026-07-13 11:05:52 DEBUG: Task 50 started: robot 0 → pod 361 → workstation 2 for orders {54} (arrival = 360.9 s).   [idle robots = 0/40]
2026-07-13 11:05:52 DEBUG:    EVENT NUM 570   current_time = 00:03:36   RELEASE_TASK          [queue size = 81]
2026-07-13 11:05:52 DEBUG: Task 102 released: pod 157 required by workstation(s) [4].  [released tasks = 38]
2026-07-13 11:05:52 DEBUG:    EVENT NUM 571   current_time = 00:03:36   END_PICKING           [queue size = 80]
2026-07-13 11:05:52 DEBUG: Ended picking at workstation 6.    [picking_buffer len = {}]
2026-07-13 11:05:52 DEBUG: Task should have served orders {5}, found open orders {3, 5, 70, 86}.
2026-07-13 11:05:52 DEBUG: Task 60 heading to workstation 6.
2026-07-13 11:05:52 DEBUG:    EVENT NUM 572   current_time = 00:03:36   CLOSE_ORDER           [queue size = 81]
2026-07-13 11:05:52 DEBUG: Order 5 closed at workstation 6: flow_time = 216.9 s.     [order_buffer = 3] [open_orders = 3/4]
2026-07-13 11:05:52 DEBUG: Next order in buffer: 65
2026-07-13 11:05:52 DEBUG:    EVENT NUM 573   current_time = 00:03:36   ARRIVAL_POD_WST       [queue size = 81]
2026-07-13 11:05:52 DEBUG: Pod 438 arrived at workstation 6 - status = IDLE
2026-07-13 11:05:52 DEBUG: Pod queued at workstation.    [picking_buffer = {60: 216.9366624771549}]
2026-07-13 11:05:52 DEBUG:    EVENT NUM 574   current_time = 00:03:36   OPEN_ORDER            [queue size = 81]
2026-07-13 11:05:52 DEBUG: Order 65 (skus required = {7897, 4110}) opened at workstation 6.   [open_orders = 4/4]
2026-07-13 11:05:52 DEBUG:    EVENT NUM 575   current_time = 00:03:36   START_PICKING         [queue size = 82]
2026-07-13 11:05:52 DEBUG: Processing task 60 at workstation 6: picking items {10643} for orders {3}
2026-07-13 11:05:52 DEBUG:    EVENT NUM 576   current_time = 00:03:36   START_TASK            [queue size = 82]
2026-07-13 11:05:52 DEBUG: Task 37 blocked: no orders in {0: [97, 71]} is open yet.  [released tasks = 37]
2026-07-13 11:05:52 DEBUG: Task 38 blocked: no orders in {0: [52]} is open yet.  [released tasks = 36]
2026-07-13 11:05:52 DEBUG: Task 43 blocked: no orders in {1: [7]} is open yet.  [released tasks = 35]
2026-07-13 11:05:52 DEBUG: Task 54 blocked: no idle robots.
2026-07-13 11:05:52 DEBUG:    EVENT NUM 577   current_time = 00:03:36   START_PICKING         [queue size = 81]
2026-07-13 11:05:52 DEBUG:    EVENT NUM 578   current_time = 00:03:37   END_PICKING           [queue size = 80]
2026-07-13 11:05:52 DEBUG: Ended picking at workstation 0.    [picking_buffer len = {}]
2026-07-13 11:05:52 DEBUG: Task should have served orders {56}, found open orders {45, 17, 56, 93}.
2026-07-13 11:05:52 DEBUG: Task 22 completed: pod 37 returning to storage.
2026-07-13 11:05:52 DEBUG:    EVENT NUM 579   current_time = 00:03:37   CLOSE_ORDER           [queue size = 81]
2026-07-13 11:05:52 DEBUG: Order 56 closed at workstation 0: flow_time = 217.6 s.     [order_buffer = 6] [open_orders = 3/4]
2026-07-13 11:05:52 DEBUG: Next order in buffer: 94
2026-07-13 11:05:52 DEBUG:    EVENT NUM 580   current_time = 00:03:37   OPEN_ORDER            [queue size = 81]
2026-07-13 11:05:52 DEBUG: Order 94 (skus required = {11470}) opened at workstation 0.   [open_orders = 4/4]
2026-07-13 11:05:52 DEBUG:    EVENT NUM 581   current_time = 00:03:37   START_TASK            [queue size = 81]
2026-07-13 11:05:52 DEBUG: Task 37 blocked: no idle robots.
2026-07-13 11:05:52 DEBUG:    EVENT NUM 582   current_time = 00:03:38   RELEASE_TASK          [queue size = 80]
2026-07-13 11:05:52 DEBUG: Task 103 released: pod 887 required by workstation(s) [5].  [released tasks = 39]
2026-07-13 11:05:52 DEBUG:    EVENT NUM 583   current_time = 00:03:40   ARRIVAL_ORDER         [queue size = 79]
2026-07-13 11:05:52 DEBUG: Order 121 arrived: items_required = [8083].     [orders_in_system = 85]
2026-07-13 11:05:52 DEBUG:    EVENT NUM 584   current_time = 00:03:40   RELEASE_TASK          [queue size = 79]
2026-07-13 11:05:52 DEBUG: Task 104 released: pod 652 required by workstation(s) [3, 4].  [released tasks = 40]
2026-07-13 11:05:52 DEBUG:    EVENT NUM 585   current_time = 00:03:40   RETURN_POD            [queue size = 78]
2026-07-13 11:05:52 DEBUG: Pod 894 returned. Robot 18 idle.   [idle robots = 1/40, released tasks = 40]
2026-07-13 11:05:52 DEBUG:    EVENT NUM 586   current_time = 00:03:40   START_TASK            [queue size = 78]
2026-07-13 11:05:52 DEBUG: Task 37 started: robot 18 → pod 82 → workstation 0 for orders {97, 71} (arrival = 386.5 s).   [idle robots = 0/40]
2026-07-13 11:05:52 DEBUG:    EVENT NUM 587   current_time = 00:03:41   END_PICKING           [queue size = 78]
2026-07-13 11:05:52 DEBUG: Ended picking at workstation 7.    [picking_buffer len = {}]
2026-07-13 11:05:52 DEBUG: Task should have served orders {64}, found open orders {64, 28, 92, 63}.
2026-07-13 11:05:52 DEBUG: Task 71 completed: pod 802 returning to storage.
2026-07-13 11:05:52 DEBUG:    EVENT NUM 588   current_time = 00:03:41   CLOSE_ORDER           [queue size = 79]
2026-07-13 11:05:52 DEBUG: Order 64 closed at workstation 7: flow_time = 221.9 s.     [order_buffer = 3] [open_orders = 3/4]
2026-07-13 11:05:52 DEBUG: Next order in buffer: 89
2026-07-13 11:05:52 DEBUG:    EVENT NUM 589   current_time = 00:03:41   OPEN_ORDER            [queue size = 79]
2026-07-13 11:05:52 DEBUG: Order 89 (skus required = {12937, 1092}) opened at workstation 7.   [open_orders = 4/4]
2026-07-13 11:05:52 DEBUG:    EVENT NUM 590   current_time = 00:03:41   START_TASK            [queue size = 79]
2026-07-13 11:05:52 DEBUG: Task 38 blocked: no orders in {0: [52]} is open yet.  [released tasks = 38]
2026-07-13 11:05:52 DEBUG: Task 43 blocked: no orders in {1: [7]} is open yet.  [released tasks = 37]
2026-07-13 11:05:52 DEBUG: Task 54 blocked: no idle robots.
2026-07-13 11:05:52 DEBUG:    EVENT NUM 591   current_time = 00:03:42   ARRIVAL_POD_WST       [queue size = 78]
2026-07-13 11:05:52 DEBUG: Pod 301 arrived at workstation 1 - status = IDLE
2026-07-13 11:05:52 DEBUG: Pod queued at workstation.    [picking_buffer = {28: 222.30380991974457}]
2026-07-13 11:05:52 DEBUG:    EVENT NUM 592   current_time = 00:03:42   START_PICKING         [queue size = 78]
2026-07-13 11:05:52 DEBUG: Processing task 28 at workstation 1: picking items {5981} for orders {21}
2026-07-13 11:05:52 DEBUG:    EVENT NUM 593   current_time = 00:03:42   RELEASE_TASK          [queue size = 78]
2026-07-13 11:05:52 DEBUG: Task 105 released: pod 236 required by workstation(s) [5].  [released tasks = 40]
2026-07-13 11:05:52 DEBUG:    EVENT NUM 594   current_time = 00:03:43   RETURN_POD            [queue size = 77]
2026-07-13 11:05:52 DEBUG: Pod 887 returned. Robot 23 idle.   [idle robots = 1/40, released tasks = 40]
2026-07-13 11:05:52 DEBUG:    EVENT NUM 595   current_time = 00:03:43   START_TASK            [queue size = 77]
2026-07-13 11:05:52 DEBUG: Task 38 blocked: no orders in {0: [52]} is open yet.  [released tasks = 39]
2026-07-13 11:05:52 DEBUG: Task 43 blocked: no orders in {1: [7]} is open yet.  [released tasks = 38]
2026-07-13 11:05:52 DEBUG: Task 54 started: robot 23 → pod 305 → workstation 2 for orders {2} (arrival = 343.8 s).   [idle robots = 0/40]
2026-07-13 11:05:52 DEBUG:    EVENT NUM 596   current_time = 00:03:44   END_PICKING           [queue size = 77]
2026-07-13 11:05:52 DEBUG: Ended picking at workstation 2.    [picking_buffer len = {}]
2026-07-13 11:05:52 DEBUG: Task should have served orders {98}, found open orders {98, 2, 4, 54}.
2026-07-13 11:05:52 DEBUG: Task 34 completed: pod 895 returning to storage.
2026-07-13 11:05:52 DEBUG:    EVENT NUM 597   current_time = 00:03:44   RELEASE_TASK          [queue size = 77]
2026-07-13 11:05:52 DEBUG: Task 106 released: pod 110 required by workstation(s) [5].  [released tasks = 40]
2026-07-13 11:05:52 DEBUG:    EVENT NUM 598   current_time = 00:03:45   END_PICKING           [queue size = 76]
2026-07-13 11:05:52 DEBUG: Ended picking at workstation 8.    [picking_buffer len = {59: 216.0189930161451}]
2026-07-13 11:05:52 DEBUG: Task should have served orders {96}, found open orders {96, 8, 80, 59}.
2026-07-13 11:05:52 DEBUG: Task 46 completed: pod 689 returning to storage.
2026-07-13 11:05:52 DEBUG:    EVENT NUM 599   current_time = 00:03:45   CLOSE_ORDER           [queue size = 78]
2026-07-13 11:05:52 DEBUG: Order 96 closed at workstation 8: flow_time = 225.1 s.     [order_buffer = 7] [open_orders = 3/4]
2026-07-13 11:05:52 DEBUG: Next order in buffer: 26
2026-07-13 11:05:52 DEBUG:    EVENT NUM 600   current_time = 00:03:45   START_PICKING         [queue size = 78]
2026-07-13 11:05:52 DEBUG: Processing task 59 at workstation 8: picking items {467} for orders {8}
2026-07-13 11:05:52 DEBUG:    EVENT NUM 601   current_time = 00:03:45   OPEN_ORDER            [queue size = 78]
2026-07-13 11:05:52 DEBUG: Order 26 (skus required = {8206}) opened at workstation 8.   [open_orders = 4/4]
2026-07-13 11:05:52 DEBUG:    EVENT NUM 602   current_time = 00:03:45   START_TASK            [queue size = 78]
2026-07-13 11:05:52 DEBUG: Task 38 blocked: no orders in {0: [52]} is open yet.  [released tasks = 39]
2026-07-13 11:05:52 DEBUG: Task 43 blocked: no orders in {1: [7]} is open yet.  [released tasks = 38]
2026-07-13 11:05:52 DEBUG: Task 58 blocked: no idle robots.
2026-07-13 11:05:52 DEBUG:    EVENT NUM 603   current_time = 00:03:45   ARRIVAL_POD_WST       [queue size = 77]
2026-07-13 11:05:52 DEBUG: Pod 214 arrived at workstation 1 - status = BUSY
2026-07-13 11:05:52 DEBUG: Pod queued at workstation.    [picking_buffer = {29: 225.31224644333253}]
2026-07-13 11:05:52 DEBUG:    EVENT NUM 604   current_time = 00:03:46   END_PICKING           [queue size = 76]
2026-07-13 11:05:52 DEBUG: Ended picking at workstation 6.    [picking_buffer len = {}]
2026-07-13 11:05:52 DEBUG: Task should have served orders {3}, found open orders {65, 3, 70, 86}.
2026-07-13 11:05:52 DEBUG: Task 60 completed: pod 438 returning to storage.
2026-07-13 11:05:52 DEBUG:    EVENT NUM 605   current_time = 00:03:47   RELEASE_TASK          [queue size = 76]
2026-07-13 11:05:52 DEBUG: Task 107 released: pod 865 required by workstation(s) [5].  [released tasks = 41]
2026-07-13 11:05:52 DEBUG:    EVENT NUM 606   current_time = 00:03:47   RETURN_POD            [queue size = 75]
2026-07-13 11:05:52 DEBUG: Pod 710 returned. Robot 37 idle.   [idle robots = 1/40, released tasks = 41]
2026-07-13 11:05:52 DEBUG:    EVENT NUM 607   current_time = 00:03:47   START_TASK            [queue size = 75]
2026-07-13 11:05:52 DEBUG: Task 38 blocked: no orders in {0: [52]} is open yet.  [released tasks = 40]
2026-07-13 11:05:52 DEBUG: Task 43 blocked: no orders in {1: [7]} is open yet.  [released tasks = 39]
2026-07-13 11:05:52 DEBUG: Task 58 started: robot 37 → pod 552 → workstation 2 for orders {2} (arrival = 273.7 s).   [idle robots = 0/40]
2026-07-13 11:05:52 DEBUG:    EVENT NUM 608   current_time = 00:03:48   RETURN_POD            [queue size = 75]
2026-07-13 11:05:52 DEBUG: Pod 612 returned. Robot 24 idle.   [idle robots = 1/40, released tasks = 40]
2026-07-13 11:05:52 DEBUG:    EVENT NUM 609   current_time = 00:03:48   START_TASK            [queue size = 75]
2026-07-13 11:05:52 DEBUG: Task 38 blocked: no orders in {0: [52]} is open yet.  [released tasks = 39]
2026-07-13 11:05:52 DEBUG: Task 43 blocked: no orders in {1: [7]} is open yet.  [released tasks = 38]
2026-07-13 11:05:52 DEBUG: Task 62 started: robot 24 → pod 492 → workstation 2 for orders {67} (arrival = 282.2 s).   [idle robots = 0/40]
2026-07-13 11:05:52 DEBUG:    EVENT NUM 610   current_time = 00:03:49   RELEASE_TASK          [queue size = 75]
2026-07-13 11:05:52 DEBUG: Task 108 released: pod 132 required by workstation(s) [5].  [released tasks = 40]
2026-07-13 11:05:52 DEBUG:    EVENT NUM 611   current_time = 00:03:49   ARRIVAL_POD_WST       [queue size = 74]
2026-07-13 11:05:52 DEBUG: Pod 6 arrived at workstation 2 - status = IDLE
2026-07-13 11:05:52 DEBUG: Pod queued at workstation.    [picking_buffer = {44: 229.56391411228452}]
2026-07-13 11:05:52 DEBUG:    EVENT NUM 612   current_time = 00:03:49   START_PICKING         [queue size = 74]
2026-07-13 11:05:52 DEBUG: Processing task 44 at workstation 2: picking items {6086} for orders {4}
2026-07-13 11:05:52 DEBUG:    EVENT NUM 613   current_time = 00:03:50   ARRIVAL_ORDER         [queue size = 74]
2026-07-13 11:05:52 DEBUG: Order 122 arrived: items_required = [8099, 12075].     [orders_in_system = 84]
2026-07-13 11:05:52 DEBUG:    EVENT NUM 614   current_time = 00:03:50   RETURN_POD            [queue size = 74]
2026-07-13 11:05:52 DEBUG: Pod 573 returned. Robot 15 idle.   [idle robots = 1/40, released tasks = 40]
2026-07-13 11:05:52 DEBUG:    EVENT NUM 615   current_time = 00:03:50   START_TASK            [queue size = 74]
2026-07-13 11:05:52 DEBUG: Task 38 blocked: no orders in {0: [52]} is open yet.  [released tasks = 39]
2026-07-13 11:05:52 DEBUG: Task 43 blocked: no orders in {1: [7]} is open yet.  [released tasks = 38]
2026-07-13 11:05:52 DEBUG: Task 65 started: robot 15 → pod 597 → workstation 8 for orders {59} (arrival = 329.2 s).   [idle robots = 0/40]
2026-07-13 11:05:52 DEBUG:    EVENT NUM 616   current_time = 00:03:51   RELEASE_TASK          [queue size = 74]
2026-07-13 11:05:52 DEBUG: Task 109 released: pod 259 required by workstation(s) [5].  [released tasks = 40]
2026-07-13 11:05:52 DEBUG:    EVENT NUM 617   current_time = 00:03:52   END_PICKING           [queue size = 73]
2026-07-13 11:05:52 DEBUG: Ended picking at workstation 1.    [picking_buffer len = {29: 225.31224644333253}]
2026-07-13 11:05:52 DEBUG: Task should have served orders {21}, found open orders {6, 72, 21, 27}.
2026-07-13 11:05:52 DEBUG: Task 28 heading to workstation 1.
2026-07-13 11:05:52 DEBUG:    EVENT NUM 618   current_time = 00:03:52   CLOSE_ORDER           [queue size = 75]
2026-07-13 11:05:52 DEBUG: Order 21 closed at workstation 1: flow_time = 232.3 s.     [order_buffer = 2] [open_orders = 3/4]
2026-07-13 11:05:52 DEBUG: Next order in buffer: 79
2026-07-13 11:05:52 DEBUG:    EVENT NUM 619   current_time = 00:03:52   ARRIVAL_POD_WST       [queue size = 75]
2026-07-13 11:05:52 DEBUG: Pod 301 arrived at workstation 1 - status = IDLE
2026-07-13 11:05:52 DEBUG: Pod queued at workstation.    [picking_buffer = {29: 225.31224644333253, 28: 232.30380991974457}]
2026-07-13 11:05:52 DEBUG:    EVENT NUM 620   current_time = 00:03:52   START_PICKING         [queue size = 75]
2026-07-13 11:05:52 DEBUG: Processing task 29 at workstation 1: picking items {4127} for orders {27}
2026-07-13 11:05:52 DEBUG:    EVENT NUM 621   current_time = 00:03:52   OPEN_ORDER            [queue size = 75]
2026-07-13 11:05:52 DEBUG: Order 79 (skus required = {861}) opened at workstation 1.   [open_orders = 4/4]
2026-07-13 11:05:52 DEBUG:    EVENT NUM 622   current_time = 00:03:52   START_PICKING         [queue size = 75]
2026-07-13 11:05:52 DEBUG:    EVENT NUM 623   current_time = 00:03:52   START_TASK            [queue size = 74]
2026-07-13 11:05:52 DEBUG: Task 38 blocked: no orders in {0: [52]} is open yet.  [released tasks = 39]
2026-07-13 11:05:52 DEBUG: Task 43 blocked: no idle robots.
2026-07-13 11:05:52 DEBUG:    EVENT NUM 624   current_time = 00:03:53   RELEASE_TASK          [queue size = 73]
2026-07-13 11:05:52 DEBUG: Task 110 released: pod 128 required by workstation(s) [3].  [released tasks = 41]
2026-07-13 11:05:52 DEBUG:    EVENT NUM 625   current_time = 00:03:55   END_PICKING           [queue size = 72]
2026-07-13 11:05:52 DEBUG: Ended picking at workstation 8.    [picking_buffer len = {}]
2026-07-13 11:05:52 DEBUG: Task should have served orders {8}, found open orders {8, 80, 26, 59}.
2026-07-13 11:05:52 DEBUG: Task 59 completed: pod 261 returning to storage.
2026-07-13 11:05:52 DEBUG:    EVENT NUM 626   current_time = 00:03:55   CLOSE_ORDER           [queue size = 73]
2026-07-13 11:05:52 DEBUG: Order 8 closed at workstation 8: flow_time = 235.1 s.     [order_buffer = 6] [open_orders = 3/4]
2026-07-13 11:05:52 DEBUG: Next order in buffer: 81
2026-07-13 11:05:52 DEBUG:    EVENT NUM 627   current_time = 00:03:55   OPEN_ORDER            [queue size = 73]
2026-07-13 11:05:52 DEBUG: Order 81 (skus required = {5993}) opened at workstation 8.   [open_orders = 4/4]
2026-07-13 11:05:52 DEBUG:    EVENT NUM 628   current_time = 00:03:55   START_TASK            [queue size = 73]
2026-07-13 11:05:52 DEBUG: Task 38 blocked: no orders in {0: [52]} is open yet.  [released tasks = 40]
2026-07-13 11:05:52 DEBUG: Task 43 blocked: no idle robots.
2026-07-13 11:05:52 DEBUG:    EVENT NUM 629   current_time = 00:03:55   RELEASE_TASK          [queue size = 72]
2026-07-13 11:05:52 DEBUG: Task 111 released: pod 431 required by workstation(s) [4].  [released tasks = 42]
2026-07-13 11:05:52 DEBUG:    EVENT NUM 630   current_time = 00:03:55   RETURN_POD            [queue size = 71]
2026-07-13 11:05:52 DEBUG: Pod 671 returned. Robot 1 idle.   [idle robots = 1/40, released tasks = 42]
2026-07-13 11:05:52 DEBUG:    EVENT NUM 631   current_time = 00:03:55   START_TASK            [queue size = 71]
2026-07-13 11:05:52 DEBUG: Task 38 blocked: no orders in {0: [52]} is open yet.  [released tasks = 41]
2026-07-13 11:05:52 DEBUG: Task 43 started: robot 1 → pod 546 → workstation 1 for orders {7} (arrival = 311.0 s).   [idle robots = 0/40]
2026-07-13 11:05:52 DEBUG:    EVENT NUM 632   current_time = 00:03:57   RELEASE_TASK          [queue size = 71]
2026-07-13 11:05:52 DEBUG: Task 112 released: pod 559 required by workstation(s) [4].  [released tasks = 42]
2026-07-13 11:05:52 DEBUG:    EVENT NUM 633   current_time = 00:03:59   END_PICKING           [queue size = 70]
2026-07-13 11:05:52 DEBUG: Ended picking at workstation 2.    [picking_buffer len = {}]
2026-07-13 11:05:52 DEBUG: Task should have served orders {4}, found open orders {98, 2, 4, 54}.
2026-07-13 11:05:52 DEBUG: Task 44 completed: pod 6 returning to storage.
2026-07-13 11:05:52 DEBUG:    EVENT NUM 634   current_time = 00:03:59   CLOSE_ORDER           [queue size = 71]
2026-07-13 11:05:52 DEBUG: Order 4 closed at workstation 2: flow_time = 239.6 s.     [order_buffer = 2] [open_orders = 3/4]
2026-07-13 11:05:52 DEBUG: Next order in buffer: 67
2026-07-13 11:05:52 DEBUG:    EVENT NUM 635   current_time = 00:03:59   OPEN_ORDER            [queue size = 71]
2026-07-13 11:05:52 DEBUG: Order 67 (skus required = {6211}) opened at workstation 2.   [open_orders = 4/4]
2026-07-13 11:05:52 DEBUG:    EVENT NUM 636   current_time = 00:03:59   START_TASK            [queue size = 71]
2026-07-13 11:05:52 DEBUG: Task 38 blocked: no orders in {0: [52]} is open yet.  [released tasks = 41]
2026-07-13 11:05:52 DEBUG: Task 67 blocked: no idle robots.
2026-07-13 11:05:52 DEBUG:    EVENT NUM 637   current_time = 00:03:59   RELEASE_TASK          [queue size = 70]
2026-07-13 11:05:52 DEBUG: Task 113 released: pod 232 required by workstation(s) [8].  [released tasks = 43]
2026-07-13 11:05:52 DEBUG:    EVENT NUM 638   current_time = 00:04:00   ARRIVAL_ORDER         [queue size = 69]
2026-07-13 11:05:52 DEBUG: Order 123 arrived: items_required = [3878].     [orders_in_system = 82]
2026-07-13 11:05:52 DEBUG:    EVENT NUM 639   current_time = 00:04:01   RELEASE_TASK          [queue size = 69]
2026-07-13 11:05:52 DEBUG: Task 114 released: pod 165 required by workstation(s) [3].  [released tasks = 44]
2026-07-13 11:05:52 DEBUG:    EVENT NUM 640   current_time = 00:04:02   END_PICKING           [queue size = 68]
2026-07-13 11:05:52 DEBUG: Ended picking at workstation 1.    [picking_buffer len = {28: 232.30380991974457}]
2026-07-13 11:05:52 DEBUG: Task should have served orders {27}, found open orders {6, 72, 79, 27}.
2026-07-13 11:05:52 DEBUG: Task 29 heading to workstation 1.
2026-07-13 11:05:52 DEBUG:    EVENT NUM 641   current_time = 00:04:02   ARRIVAL_POD_WST       [queue size = 69]
2026-07-13 11:05:52 DEBUG: Pod 214 arrived at workstation 1 - status = IDLE
2026-07-13 11:05:52 DEBUG: Pod queued at workstation.    [picking_buffer = {28: 232.30380991974457, 29: 242.30380991974457}]
2026-07-13 11:05:52 DEBUG:    EVENT NUM 642   current_time = 00:04:02   START_PICKING         [queue size = 69]
2026-07-13 11:05:52 DEBUG: Processing task 28 at workstation 1: picking items {5362} for orders {27}
2026-07-13 11:05:52 DEBUG:    EVENT NUM 643   current_time = 00:04:02   START_PICKING         [queue size = 69]
2026-07-13 11:05:52 DEBUG:    EVENT NUM 644   current_time = 00:04:03   RELEASE_TASK          [queue size = 68]
2026-07-13 11:05:52 DEBUG: Task 115 released: pod 843 required by workstation(s) [4].  [released tasks = 45]
2026-07-13 11:05:52 DEBUG:    EVENT NUM 645   current_time = 00:04:05   RETURN_POD            [queue size = 67]
2026-07-13 11:05:52 DEBUG: Pod 369 returned. Robot 9 idle.   [idle robots = 1/40, released tasks = 45]
2026-07-13 11:05:52 DEBUG:    EVENT NUM 646   current_time = 00:04:05   START_TASK            [queue size = 67]
2026-07-13 11:05:52 DEBUG: Task 38 blocked: no orders in {0: [52]} is open yet.  [released tasks = 44]
2026-07-13 11:05:52 DEBUG: Task 67 started: robot 9 → pod 120 → workstation 2 for orders {95} (arrival = 419.4 s).   [idle robots = 0/40]
2026-07-13 11:05:52 DEBUG:    EVENT NUM 647   current_time = 00:04:06   RELEASE_TASK          [queue size = 67]
2026-07-13 11:05:52 DEBUG: Task 116 released: pod 733 required by workstation(s) [3].  [released tasks = 45]
2026-07-13 11:05:52 DEBUG:    EVENT NUM 648   current_time = 00:04:08   RELEASE_TASK          [queue size = 66]
2026-07-13 11:05:52 DEBUG: Task 117 released: pod 594 required by workstation(s) [4].  [released tasks = 46]
2026-07-13 11:05:52 DEBUG:    EVENT NUM 649   current_time = 00:04:10   ARRIVAL_ORDER         [queue size = 65]
2026-07-13 11:05:52 DEBUG: Order 124 arrived: items_required = [10623].     [orders_in_system = 83]
2026-07-13 11:05:52 DEBUG:    EVENT NUM 650   current_time = 00:04:10   RELEASE_TASK          [queue size = 65]
2026-07-13 11:05:52 DEBUG: Task 118 released: pod 417 required by workstation(s) [8].  [released tasks = 47]
2026-07-13 11:05:52 DEBUG:    EVENT NUM 651   current_time = 00:04:10   RETURN_POD            [queue size = 64]
2026-07-13 11:05:52 DEBUG: Pod 403 returned. Robot 3 idle.   [idle robots = 1/40, released tasks = 47]
2026-07-13 11:05:52 DEBUG:    EVENT NUM 652   current_time = 00:04:10   START_TASK            [queue size = 64]
2026-07-13 11:05:52 DEBUG: Task 38 blocked: no orders in {0: [52]} is open yet.  [released tasks = 46]
2026-07-13 11:05:52 DEBUG: Task 68 started: robot 3 → pod 168 → workstation 8 for orders {80} (arrival = 341.6 s).   [idle robots = 0/40]
2026-07-13 11:05:52 DEBUG:    EVENT NUM 653   current_time = 00:04:12   END_PICKING           [queue size = 64]
2026-07-13 11:05:52 DEBUG: Ended picking at workstation 1.    [picking_buffer len = {29: 242.30380991974457}]
2026-07-13 11:05:52 DEBUG: Task should have served orders {27}, found open orders {6, 72, 79, 27}.
2026-07-13 11:05:52 DEBUG: Task 28 completed: pod 301 returning to storage.
2026-07-13 11:05:52 DEBUG:    EVENT NUM 654   current_time = 00:04:12   CLOSE_ORDER           [queue size = 66]
2026-07-13 11:05:52 DEBUG: Order 27 closed at workstation 1: flow_time = 252.3 s.     [order_buffer = 1] [open_orders = 3/4]
2026-07-13 11:05:52 DEBUG: Next order in buffer: 7
2026-07-13 11:05:52 DEBUG:    EVENT NUM 655   current_time = 00:04:12   START_PICKING         [queue size = 66]
2026-07-13 11:05:52 DEBUG: Processing task 29 at workstation 1: picking items {3833, 5902} for orders {72, 6}
2026-07-13 11:05:52 DEBUG:    EVENT NUM 656   current_time = 00:04:12   OPEN_ORDER            [queue size = 66]
2026-07-13 11:05:52 DEBUG: Order 7 (skus required = {1961}) opened at workstation 1.   [open_orders = 4/4]
2026-07-13 11:05:52 DEBUG:    EVENT NUM 657   current_time = 00:04:12   START_TASK            [queue size = 66]
2026-07-13 11:05:52 DEBUG: Task 38 blocked: no orders in {0: [52]} is open yet.  [released tasks = 45]
2026-07-13 11:05:52 DEBUG: Task 69 blocked: no orders in {0: [53]} is open yet.  [released tasks = 44]
2026-07-13 11:05:52 DEBUG: Task 72 blocked: no idle robots.
2026-07-13 11:05:52 DEBUG:    EVENT NUM 658   current_time = 00:04:12   RELEASE_TASK          [queue size = 65]
2026-07-13 11:05:52 DEBUG: Task 119 released: pod 139 required by workstation(s) [6].  [released tasks = 47]
2026-07-13 11:05:52 DEBUG:    EVENT NUM 659   current_time = 00:04:14   RELEASE_TASK          [queue size = 64]
2026-07-13 11:05:52 DEBUG: Task 120 released: pod 185 required by workstation(s) [6].  [released tasks = 48]
2026-07-13 11:05:52 DEBUG:    EVENT NUM 660   current_time = 00:04:16   RELEASE_TASK          [queue size = 63]
2026-07-13 11:05:52 DEBUG: Task 121 released: pod 789 required by workstation(s) [7].  [released tasks = 49]
2026-07-13 11:05:52 DEBUG:    EVENT NUM 661   current_time = 00:04:18   RELEASE_TASK          [queue size = 62]
2026-07-13 11:05:52 DEBUG: Task 122 released: pod 324 required by workstation(s) [7].  [released tasks = 50]
2026-07-13 11:05:52 DEBUG:    EVENT NUM 662   current_time = 00:04:19   ARRIVAL_POD_WST       [queue size = 61]
2026-07-13 11:05:52 DEBUG: Pod 266 arrived at workstation 7 - status = IDLE
2026-07-13 11:05:52 DEBUG: Pod queued at workstation.    [picking_buffer = {61: 259.12220868256844}]
2026-07-13 11:05:52 DEBUG:    EVENT NUM 663   current_time = 00:04:19   START_PICKING         [queue size = 61]
2026-07-13 11:05:52 DEBUG: Processing task 61 at workstation 7: picking items {2957} for orders {63}
2026-07-13 11:05:52 DEBUG:    EVENT NUM 664   current_time = 00:04:20   ARRIVAL_ORDER         [queue size = 61]
2026-07-13 11:05:52 DEBUG: Order 125 arrived: items_required = [7474].     [orders_in_system = 83]
2026-07-13 11:05:52 DEBUG:    EVENT NUM 665   current_time = 00:04:20   RELEASE_TASK          [queue size = 61]
2026-07-13 11:05:52 DEBUG: Task 123 released: pod 664 required by workstation(s) [5].  [released tasks = 51]
2026-07-13 11:05:52 DEBUG:    EVENT NUM 666   current_time = 00:04:22   RELEASE_TASK          [queue size = 60]
2026-07-13 11:05:52 DEBUG: Task 124 released: pod 839 required by workstation(s) [5].  [released tasks = 52]
2026-07-13 11:05:52 DEBUG:    EVENT NUM 667   current_time = 00:04:25   RELEASE_TASK          [queue size = 59]
2026-07-13 11:05:52 DEBUG: Task 125 released: pod 466 required by workstation(s) [6].  [released tasks = 53]
2026-07-13 11:05:52 DEBUG:    EVENT NUM 668   current_time = 00:04:26   RETURN_POD            [queue size = 58]
2026-07-13 11:05:52 DEBUG: Pod 367 returned. Robot 31 idle.   [idle robots = 1/40, released tasks = 53]
2026-07-13 11:05:52 DEBUG:    EVENT NUM 669   current_time = 00:04:26   START_TASK            [queue size = 58]
2026-07-13 11:05:52 DEBUG: Task 38 blocked: no orders in {0: [52]} is open yet.  [released tasks = 52]
2026-07-13 11:05:52 DEBUG: Task 69 blocked: no orders in {0: [53]} is open yet.  [released tasks = 51]
2026-07-13 11:05:52 DEBUG: Task 72 started: robot 31 → pod 53 → workstation 8 for orders {26} (arrival = 392.4 s).   [idle robots = 0/40]
2026-07-13 11:05:52 DEBUG:    EVENT NUM 670   current_time = 00:04:27   RELEASE_TASK          [queue size = 58]
2026-07-13 11:05:52 DEBUG: Task 126 released: pod 171 required by workstation(s) [6].  [released tasks = 53]
2026-07-13 11:05:52 DEBUG:    EVENT NUM 671   current_time = 00:04:27   END_PICKING           [queue size = 57]
2026-07-13 11:05:52 DEBUG: Ended picking at workstation 1.    [picking_buffer len = {}]
2026-07-13 11:05:52 DEBUG: Task should have served orders {72, 6}, found open orders {6, 7, 72, 79}.
2026-07-13 11:05:52 DEBUG: Task 29 completed: pod 214 returning to storage.
2026-07-13 11:05:52 DEBUG:    EVENT NUM 672   current_time = 00:04:27   CLOSE_ORDER           [queue size = 58]
2026-07-13 11:05:52 DEBUG: Order 72 closed at workstation 1: flow_time = 267.3 s.     [order_buffer = 0] [open_orders = 3/4]
2026-07-13 11:05:52 DEBUG:    EVENT NUM 673   current_time = 00:04:29   END_PICKING           [queue size = 57]
2026-07-13 11:05:52 DEBUG: Ended picking at workstation 7.    [picking_buffer len = {}]
2026-07-13 11:05:52 DEBUG: Task should have served orders {63}, found open orders {28, 89, 92, 63}.
2026-07-13 11:05:52 DEBUG: Task 61 completed: pod 266 returning to storage.
2026-07-13 11:05:52 DEBUG:    EVENT NUM 674   current_time = 00:04:29   CLOSE_ORDER           [queue size = 58]
2026-07-13 11:05:52 DEBUG: Order 63 closed at workstation 7: flow_time = 269.1 s.     [order_buffer = 2] [open_orders = 3/4]
2026-07-13 11:05:52 DEBUG: Next order in buffer: 36
2026-07-13 11:05:52 DEBUG:    EVENT NUM 675   current_time = 00:04:29   OPEN_ORDER            [queue size = 58]
2026-07-13 11:05:52 DEBUG: Order 36 (skus required = {2115, 7411}) opened at workstation 7.   [open_orders = 4/4]
2026-07-13 11:05:52 DEBUG:    EVENT NUM 676   current_time = 00:04:29   START_TASK            [queue size = 58]
2026-07-13 11:05:52 DEBUG: Task 38 blocked: no orders in {0: [52]} is open yet.  [released tasks = 52]
2026-07-13 11:05:52 DEBUG: Task 69 blocked: no orders in {0: [53]} is open yet.  [released tasks = 51]
2026-07-13 11:05:52 DEBUG: Task 73 blocked: no orders in {0: [25]} is open yet.  [released tasks = 50]
2026-07-13 11:05:52 DEBUG: Task 75 blocked: no orders in {0: [53]} is open yet.  [released tasks = 49]
2026-07-13 11:05:52 DEBUG: Task 77 blocked: no idle robots.
2026-07-13 11:05:52 DEBUG:    EVENT NUM 677   current_time = 00:04:29   RELEASE_TASK          [queue size = 57]
2026-07-13 11:05:52 DEBUG: Task 127 released: pod 768 required by workstation(s) [7].  [released tasks = 54]
2026-07-13 11:05:52 DEBUG:    EVENT NUM 678   current_time = 00:04:29   ARRIVAL_POD_WST       [queue size = 56]
2026-07-13 11:05:52 DEBUG: Pod 607 arrived at workstation 1 - status = IDLE
2026-07-13 11:05:52 DEBUG: Pod queued at workstation.    [picking_buffer = {39: 269.79587152570605}]
2026-07-13 11:05:52 DEBUG:    EVENT NUM 679   current_time = 00:04:29   START_PICKING         [queue size = 56]
2026-07-13 11:05:52 DEBUG: Processing task 39 at workstation 1: picking items {861} for orders {79}
2026-07-13 11:05:52 DEBUG:    EVENT NUM 680   current_time = 00:04:30   ARRIVAL_ORDER         [queue size = 56]
2026-07-13 11:05:52 DEBUG: Order 126 arrived: items_required = [9838, 10291, 3221].     [orders_in_system = 82]
2026-07-13 11:05:52 DEBUG:    EVENT NUM 681   current_time = 00:04:30   RETURN_POD            [queue size = 56]
2026-07-13 11:05:52 DEBUG: Pod 102 returned. Robot 10 idle.   [idle robots = 1/40, released tasks = 54]
2026-07-13 11:05:52 DEBUG:    EVENT NUM 682   current_time = 00:04:30   START_TASK            [queue size = 56]
2026-07-13 11:05:52 DEBUG: Task 38 blocked: no orders in {0: [52]} is open yet.  [released tasks = 53]
2026-07-13 11:05:52 DEBUG: Task 69 blocked: no orders in {0: [53]} is open yet.  [released tasks = 52]
2026-07-13 11:05:52 DEBUG: Task 73 blocked: no orders in {0: [25]} is open yet.  [released tasks = 51]
2026-07-13 11:05:52 DEBUG: Task 75 blocked: no orders in {0: [53]} is open yet.  [released tasks = 50]
2026-07-13 11:05:52 DEBUG: Task 77 started: robot 10 → pod 463 → workstation 2 for orders {95} (arrival = 324.8 s).   [idle robots = 0/40]
2026-07-13 11:05:52 DEBUG:    EVENT NUM 683   current_time = 00:04:30   ARRIVAL_POD_WST       [queue size = 56]
2026-07-13 11:05:52 DEBUG: Pod 184 arrived at workstation 2 - status = IDLE
2026-07-13 11:05:52 DEBUG: Pod queued at workstation.    [picking_buffer = {40: 270.72946287249283}]
2026-07-13 11:05:52 DEBUG:    EVENT NUM 684   current_time = 00:04:30   START_PICKING         [queue size = 56]
2026-07-13 11:05:52 DEBUG: Processing task 40 at workstation 2: picking items {5611} for orders {98}
2026-07-13 11:05:52 DEBUG:    EVENT NUM 685   current_time = 00:04:31   RETURN_POD            [queue size = 56]
2026-07-13 11:05:52 DEBUG: Pod 802 returned. Robot 19 idle.   [idle robots = 1/40, released tasks = 53]
2026-07-13 11:05:52 DEBUG:    EVENT NUM 686   current_time = 00:04:31   START_TASK            [queue size = 56]
2026-07-13 11:05:52 DEBUG: Task 38 blocked: no orders in {0: [52]} is open yet.  [released tasks = 52]
2026-07-13 11:05:52 DEBUG: Task 69 blocked: no orders in {0: [53]} is open yet.  [released tasks = 51]
2026-07-13 11:05:52 DEBUG: Task 73 blocked: no orders in {0: [25]} is open yet.  [released tasks = 50]
2026-07-13 11:05:52 DEBUG: Task 75 blocked: no orders in {0: [53]} is open yet.  [released tasks = 49]
2026-07-13 11:05:52 DEBUG: Task 79 started: robot 19 → pod 238 → workstation 3 for orders {75} (arrival = 437.1 s).   [idle robots = 0/40]
2026-07-13 11:05:52 DEBUG:    EVENT NUM 687   current_time = 00:04:31   ARRIVAL_POD_WST       [queue size = 56]
2026-07-13 11:05:52 DEBUG: Pod 95 arrived at workstation 0 - status = IDLE
2026-07-13 11:05:52 DEBUG: Pod queued at workstation.    [picking_buffer = {31: 271.19858497918534}]
2026-07-13 11:05:52 DEBUG:    EVENT NUM 688   current_time = 00:04:31   START_PICKING         [queue size = 56]
2026-07-13 11:05:52 DEBUG: Processing task 31 at workstation 0: picking items {9476} for orders {17}
2026-07-13 11:05:52 DEBUG:    EVENT NUM 689   current_time = 00:04:31   RELEASE_TASK          [queue size = 56]
2026-07-13 11:05:52 DEBUG: Task 128 released: pod 149 required by workstation(s) [7].  [released tasks = 53]
2026-07-13 11:05:52 DEBUG:    EVENT NUM 690   current_time = 00:04:32   ARRIVAL_POD_WST       [queue size = 55]
2026-07-13 11:05:52 DEBUG: Pod 385 arrived at workstation 0 - status = BUSY
2026-07-13 11:05:52 DEBUG: Pod queued at workstation.    [picking_buffer = {53: 272.04851430135784}]
2026-07-13 11:05:52 DEBUG:    EVENT NUM 691   current_time = 00:04:32   ARRIVAL_POD_WST       [queue size = 54]
2026-07-13 11:05:52 DEBUG: Pod 87 arrived at workstation 5 - status = IDLE
2026-07-13 11:05:52 DEBUG: Pod queued at workstation.    [picking_buffer = {51: 272.60020857166495}]
2026-07-13 11:05:52 DEBUG:    EVENT NUM 692   current_time = 00:04:32   START_PICKING         [queue size = 54]
2026-07-13 11:05:52 DEBUG: Processing task 51 at workstation 5: picking items {4627} for orders {13}
2026-07-13 11:05:52 DEBUG:    EVENT NUM 693   current_time = 00:04:33   RELEASE_TASK          [queue size = 54]
2026-07-13 11:05:52 DEBUG: Task 129 released: pod 512 required by workstation(s) [7].  [released tasks = 54]
2026-07-13 11:05:52 DEBUG:    EVENT NUM 694   current_time = 00:04:33   ARRIVAL_POD_WST       [queue size = 53]
2026-07-13 11:05:52 DEBUG: Pod 552 arrived at workstation 2 - status = BUSY
2026-07-13 11:05:52 DEBUG: Pod queued at workstation.    [picking_buffer = {58: 273.7294012418276}]
2026-07-13 11:05:52 DEBUG:    EVENT NUM 695   current_time = 00:04:35   RETURN_POD            [queue size = 52]
2026-07-13 11:05:52 DEBUG: Pod 394 returned. Robot 17 idle.   [idle robots = 1/40, released tasks = 54]
2026-07-13 11:05:52 DEBUG:    EVENT NUM 696   current_time = 00:04:35   START_TASK            [queue size = 52]
2026-07-13 11:05:52 DEBUG: Task 38 blocked: no orders in {0: [52]} is open yet.  [released tasks = 53]
2026-07-13 11:05:52 DEBUG: Task 69 blocked: no orders in {0: [53]} is open yet.  [released tasks = 52]
2026-07-13 11:05:52 DEBUG: Task 73 blocked: no orders in {0: [25]} is open yet.  [released tasks = 51]
2026-07-13 11:05:52 DEBUG: Task 75 blocked: no orders in {0: [53]} is open yet.  [released tasks = 50]
2026-07-13 11:05:52 DEBUG: Task 80 started: robot 17 → pod 227 → workstation 6 for orders {70} (arrival = 360.3 s).   [idle robots = 0/40]
2026-07-13 11:05:52 DEBUG:    EVENT NUM 697   current_time = 00:04:35   RELEASE_TASK          [queue size = 52]
2026-07-13 11:05:52 DEBUG: Task 130 released: pod 797 required by workstation(s) [7].  [released tasks = 54]
2026-07-13 11:05:52 DEBUG:    EVENT NUM 698   current_time = 00:04:37   RELEASE_TASK          [queue size = 51]
2026-07-13 11:05:52 DEBUG: Task 131 released: pod 304 required by workstation(s) [6].  [released tasks = 55]
2026-07-13 11:05:52 DEBUG:    EVENT NUM 699   current_time = 00:04:38   RETURN_POD            [queue size = 50]
2026-07-13 11:05:52 DEBUG: Pod 248 returned. Robot 25 idle.   [idle robots = 1/40, released tasks = 55]
2026-07-13 11:05:52 DEBUG:    EVENT NUM 700   current_time = 00:04:38   START_TASK            [queue size = 50]
2026-07-13 11:05:52 DEBUG: Task 38 blocked: no orders in {0: [52]} is open yet.  [released tasks = 54]
2026-07-13 11:05:52 DEBUG: Task 69 blocked: no orders in {0: [53]} is open yet.  [released tasks = 53]
2026-07-13 11:05:52 DEBUG: Task 73 blocked: no orders in {0: [25]} is open yet.  [released tasks = 52]
2026-07-13 11:05:52 DEBUG: Task 75 blocked: no orders in {0: [53]} is open yet.  [released tasks = 51]
2026-07-13 11:05:52 DEBUG: Task 81 started: robot 25 → pod 151 → workstation 1 for orders {6} (arrival = 434.6 s).   [idle robots = 0/40]
2026-07-13 11:05:52 DEBUG:    EVENT NUM 701   current_time = 00:04:39   END_PICKING           [queue size = 50]
2026-07-13 11:05:52 DEBUG: Ended picking at workstation 1.    [picking_buffer len = {}]
2026-07-13 11:05:52 DEBUG: Task should have served orders {79}, found open orders {6, 7, 79}.
2026-07-13 11:05:52 DEBUG: Task 39 completed: pod 607 returning to storage.
2026-07-13 11:05:52 DEBUG:    EVENT NUM 702   current_time = 00:04:39   CLOSE_ORDER           [queue size = 51]
2026-07-13 11:05:52 DEBUG: Order 79 closed at workstation 1: flow_time = 279.8 s.     [order_buffer = 0] [open_orders = 2/4]
2026-07-13 11:05:52 DEBUG:    EVENT NUM 703   current_time = 00:04:39   RELEASE_TASK          [queue size = 50]
2026-07-13 11:05:52 DEBUG: Task 132 released: pod 295 required by workstation(s) [6].  [released tasks = 55]
2026-07-13 11:05:52 DEBUG:    EVENT NUM 704   current_time = 00:04:40   ARRIVAL_ORDER         [queue size = 49]
2026-07-13 11:05:52 DEBUG: Order 127 arrived: items_required = [2285].     [orders_in_system = 82]
2026-07-13 11:05:52 DEBUG:    EVENT NUM 705   current_time = 00:04:40   END_PICKING           [queue size = 49]
2026-07-13 11:05:52 DEBUG: Ended picking at workstation 2.    [picking_buffer len = {58: 273.7294012418276}]
2026-07-13 11:05:52 DEBUG: Task should have served orders {98}, found open orders {98, 2, 67, 54}.
2026-07-13 11:05:52 DEBUG: Task 40 completed: pod 184 returning to storage.
2026-07-13 11:05:52 DEBUG:    EVENT NUM 706   current_time = 00:04:40   CLOSE_ORDER           [queue size = 51]
2026-07-13 11:05:52 DEBUG: Order 98 closed at workstation 2: flow_time = 280.7 s.     [order_buffer = 1] [open_orders = 3/4]
2026-07-13 11:05:52 DEBUG: Next order in buffer: 95
2026-07-13 11:05:52 DEBUG:    EVENT NUM 707   current_time = 00:04:40   START_PICKING         [queue size = 51]
2026-07-13 11:05:52 DEBUG: Processing task 58 at workstation 2: picking items {4921} for orders {2}
2026-07-13 11:05:52 DEBUG:    EVENT NUM 708   current_time = 00:04:40   OPEN_ORDER            [queue size = 51]
2026-07-13 11:05:52 DEBUG: Order 95 (skus required = {5273, 694}) opened at workstation 2.   [open_orders = 4/4]
2026-07-13 11:05:52 DEBUG:    EVENT NUM 709   current_time = 00:04:40   START_TASK            [queue size = 51]
2026-07-13 11:05:52 DEBUG: Task 38 blocked: no orders in {0: [52]} is open yet.  [released tasks = 54]
2026-07-13 11:05:52 DEBUG: Task 69 blocked: no orders in {0: [53]} is open yet.  [released tasks = 53]
2026-07-13 11:05:52 DEBUG: Task 73 blocked: no orders in {0: [25]} is open yet.  [released tasks = 52]
2026-07-13 11:05:52 DEBUG: Task 75 blocked: no orders in {0: [53]} is open yet.  [released tasks = 51]
2026-07-13 11:05:52 DEBUG: Task 82 blocked: no idle robots.
2026-07-13 11:05:52 DEBUG:    EVENT NUM 710   current_time = 00:04:40   RETURN_POD            [queue size = 50]
2026-07-13 11:05:52 DEBUG: Pod 46 returned. Robot 7 idle.   [idle robots = 1/40, released tasks = 55]
2026-07-13 11:05:52 DEBUG:    EVENT NUM 711   current_time = 00:04:40   START_TASK            [queue size = 50]
2026-07-13 11:05:52 DEBUG: Task 38 blocked: no orders in {0: [52]} is open yet.  [released tasks = 54]
2026-07-13 11:05:52 DEBUG: Task 69 blocked: no orders in {0: [53]} is open yet.  [released tasks = 53]
2026-07-13 11:05:52 DEBUG: Task 73 blocked: no orders in {0: [25]} is open yet.  [released tasks = 52]
2026-07-13 11:05:52 DEBUG: Task 75 blocked: no orders in {0: [53]} is open yet.  [released tasks = 51]
2026-07-13 11:05:52 DEBUG: Task 82 started: robot 7 → pod 773 → workstation 5 for orders {88} (arrival = 354.2 s).   [idle robots = 0/40]
2026-07-13 11:05:52 DEBUG:    EVENT NUM 712   current_time = 00:04:41   END_PICKING           [queue size = 50]
2026-07-13 11:05:52 DEBUG: Ended picking at workstation 0.    [picking_buffer len = {53: 272.04851430135784}]
2026-07-13 11:05:52 DEBUG: Task should have served orders {17}, found open orders {45, 17, 93, 94}.
2026-07-13 11:05:52 DEBUG: Task 31 completed: pod 95 returning to storage.
2026-07-13 11:05:52 DEBUG:    EVENT NUM 713   current_time = 00:04:41   CLOSE_ORDER           [queue size = 52]
2026-07-13 11:05:52 DEBUG: Order 17 closed at workstation 0: flow_time = 281.2 s.     [order_buffer = 5] [open_orders = 3/4]
2026-07-13 11:05:52 DEBUG: Next order in buffer: 97
2026-07-13 11:05:52 DEBUG:    EVENT NUM 714   current_time = 00:04:41   START_PICKING         [queue size = 52]
2026-07-13 11:05:52 DEBUG: Processing task 53 at workstation 0: picking items {7113} for orders {93}
2026-07-13 11:05:52 DEBUG:    EVENT NUM 715   current_time = 00:04:41   OPEN_ORDER            [queue size = 52]
2026-07-13 11:05:52 DEBUG: Order 97 (skus required = {12592}) opened at workstation 0.   [open_orders = 4/4]
2026-07-13 11:05:52 DEBUG:    EVENT NUM 716   current_time = 00:04:41   START_TASK            [queue size = 52]
2026-07-13 11:05:52 DEBUG: Task 38 blocked: no orders in {0: [52]} is open yet.  [released tasks = 53]
2026-07-13 11:05:52 DEBUG: Task 69 blocked: no orders in {0: [53]} is open yet.  [released tasks = 52]
2026-07-13 11:05:52 DEBUG: Task 73 blocked: no orders in {0: [25]} is open yet.  [released tasks = 51]
2026-07-13 11:05:52 DEBUG: Task 75 blocked: no orders in {0: [53]} is open yet.  [released tasks = 50]
2026-07-13 11:05:52 DEBUG: Task 83 blocked: no idle robots.
2026-07-13 11:05:52 DEBUG:    EVENT NUM 717   current_time = 00:04:41   RELEASE_TASK          [queue size = 51]
2026-07-13 11:05:52 DEBUG: Task 133 released: pod 351 required by workstation(s) [8].  [released tasks = 55]
2026-07-13 11:05:52 DEBUG:    EVENT NUM 718   current_time = 00:04:42   ARRIVAL_POD_WST       [queue size = 50]
2026-07-13 11:05:52 DEBUG: Pod 492 arrived at workstation 2 - status = BUSY
2026-07-13 11:05:52 DEBUG: Pod queued at workstation.    [picking_buffer = {62: 282.2414157892393}]
2026-07-13 11:05:52 DEBUG:    EVENT NUM 719   current_time = 00:04:42   END_PICKING           [queue size = 49]
2026-07-13 11:05:52 DEBUG: Ended picking at workstation 5.    [picking_buffer len = {}]
2026-07-13 11:05:52 DEBUG: Task should have served orders {13}, found open orders {39, 13, 83, 88}.
2026-07-13 11:05:52 DEBUG: Task 51 heading to workstation 5.
2026-07-13 11:05:52 DEBUG:    EVENT NUM 720   current_time = 00:04:42   CLOSE_ORDER           [queue size = 50]
2026-07-13 11:05:52 DEBUG: Order 13 closed at workstation 5: flow_time = 282.6 s.     [order_buffer = 2] [open_orders = 3/4]
2026-07-13 11:05:52 DEBUG: Next order in buffer: 73
2026-07-13 11:05:52 DEBUG:    EVENT NUM 721   current_time = 00:04:42   ARRIVAL_POD_WST       [queue size = 50]
2026-07-13 11:05:52 DEBUG: Pod 87 arrived at workstation 5 - status = IDLE
2026-07-13 11:05:52 DEBUG: Pod queued at workstation.    [picking_buffer = {51: 282.60020857166495}]
2026-07-13 11:05:52 DEBUG:    EVENT NUM 722   current_time = 00:04:42   OPEN_ORDER            [queue size = 50]
2026-07-13 11:05:52 DEBUG: Order 73 (skus required = {3611, 2295}) opened at workstation 5.   [open_orders = 4/4]
2026-07-13 11:05:52 DEBUG:    EVENT NUM 723   current_time = 00:04:42   START_PICKING         [queue size = 51]
2026-07-13 11:05:52 DEBUG: Processing task 51 at workstation 5: picking items {3311} for orders {83}
2026-07-13 11:05:52 DEBUG:    EVENT NUM 724   current_time = 00:04:42   START_TASK            [queue size = 51]
2026-07-13 11:05:52 DEBUG: Task 38 blocked: no orders in {0: [52]} is open yet.  [released tasks = 54]
2026-07-13 11:05:52 DEBUG: Task 69 blocked: no orders in {0: [53]} is open yet.  [released tasks = 53]
2026-07-13 11:05:52 DEBUG: Task 73 blocked: no orders in {0: [25]} is open yet.  [released tasks = 52]
2026-07-13 11:05:52 DEBUG: Task 75 blocked: no orders in {0: [53]} is open yet.  [released tasks = 51]
2026-07-13 11:05:52 DEBUG: Task 83 blocked: no idle robots.
2026-07-13 11:05:52 DEBUG:    EVENT NUM 725   current_time = 00:04:42   START_PICKING         [queue size = 50]
2026-07-13 11:05:52 DEBUG:    EVENT NUM 726   current_time = 00:04:44   RELEASE_TASK          [queue size = 49]
2026-07-13 11:05:52 DEBUG: Task 134 released: pod 869 required by workstation(s) [8].  [released tasks = 56]
2026-07-13 11:05:52 DEBUG:    EVENT NUM 727   current_time = 00:04:45   RETURN_POD            [queue size = 48]
2026-07-13 11:05:52 DEBUG: Pod 287 returned. Robot 2 idle.   [idle robots = 1/40, released tasks = 56]
2026-07-13 11:05:52 DEBUG:    EVENT NUM 728   current_time = 00:04:45   START_TASK            [queue size = 48]
2026-07-13 11:05:52 DEBUG: Task 38 blocked: no orders in {0: [52]} is open yet.  [released tasks = 55]
2026-07-13 11:05:52 DEBUG: Task 69 blocked: no orders in {0: [53]} is open yet.  [released tasks = 54]
2026-07-13 11:05:52 DEBUG: Task 73 blocked: no orders in {0: [25]} is open yet.  [released tasks = 53]
2026-07-13 11:05:52 DEBUG: Task 75 blocked: no orders in {0: [53]} is open yet.  [released tasks = 52]
2026-07-13 11:05:52 DEBUG: Task 83 started: robot 2 → pod 525 → workstation 3 for orders {23} (arrival = 347.4 s).   [idle robots = 0/40]
2026-07-13 11:05:52 DEBUG:    EVENT NUM 729   current_time = 00:04:46   RELEASE_TASK          [queue size = 48]
2026-07-13 11:05:52 DEBUG: Task 135 released: pod 768 required by workstation(s) [7].  [released tasks = 56]
2026-07-13 11:05:52 DEBUG:    EVENT NUM 730   current_time = 00:04:48   RELEASE_TASK          [queue size = 47]
2026-07-13 11:05:52 DEBUG: Task 136 released: pod 757 required by workstation(s) [7].  [released tasks = 57]
2026-07-13 11:05:52 DEBUG:    EVENT NUM 731   current_time = 00:04:49   ARRIVAL_POD_WST       [queue size = 46]
2026-07-13 11:05:52 DEBUG: Pod 206 arrived at workstation 7 - status = IDLE
2026-07-13 11:05:52 DEBUG: Pod queued at workstation.    [picking_buffer = {70: 289.4089434030073}]
2026-07-13 11:05:52 DEBUG:    EVENT NUM 732   current_time = 00:04:49   START_PICKING         [queue size = 46]
2026-07-13 11:05:52 DEBUG: Processing task 70 at workstation 7: picking items {1477} for orders {92}
2026-07-13 11:05:52 DEBUG:    EVENT NUM 733   current_time = 00:04:50   ARRIVAL_ORDER         [queue size = 46]
2026-07-13 11:05:52 DEBUG: Order 128 arrived: items_required = [2165].     [orders_in_system = 80]
2026-07-13 11:05:52 DEBUG:    EVENT NUM 734   current_time = 00:04:50   RETURN_POD            [queue size = 46]
2026-07-13 11:05:52 DEBUG: Pod 677 returned. Robot 36 idle.   [idle robots = 1/40, released tasks = 57]
2026-07-13 11:05:52 DEBUG:    EVENT NUM 735   current_time = 00:04:50   START_TASK            [queue size = 46]
2026-07-13 11:05:52 DEBUG: Task 38 blocked: no orders in {0: [52]} is open yet.  [released tasks = 56]
2026-07-13 11:05:52 DEBUG: Task 69 blocked: no orders in {0: [53]} is open yet.  [released tasks = 55]
2026-07-13 11:05:52 DEBUG: Task 73 blocked: no orders in {0: [25]} is open yet.  [released tasks = 54]
2026-07-13 11:05:52 DEBUG: Task 75 blocked: no orders in {0: [53]} is open yet.  [released tasks = 53]
2026-07-13 11:05:52 DEBUG: Task 84 started: robot 36 → pod 560 → workstation 8 for orders {81} (arrival = 347.9 s).   [idle robots = 0/40]
2026-07-13 11:05:52 DEBUG:    EVENT NUM 736   current_time = 00:04:50   ARRIVAL_POD_WST       [queue size = 46]
2026-07-13 11:05:52 DEBUG: Pod 352 arrived at workstation 1 - status = IDLE
2026-07-13 11:05:52 DEBUG: Pod queued at workstation.    [picking_buffer = {76: 290.25113203809326}]
2026-07-13 11:05:52 DEBUG:    EVENT NUM 737   current_time = 00:04:50   START_PICKING         [queue size = 46]
2026-07-13 11:05:52 DEBUG: Processing task 76 at workstation 1: picking items {11767} for orders {6}
2026-07-13 11:05:52 DEBUG:    EVENT NUM 738   current_time = 00:04:50   RELEASE_TASK          [queue size = 46]
2026-07-13 11:05:52 DEBUG: Task 137 released: pod 567 required by workstation(s) [7].  [released tasks = 57]
2026-07-13 11:05:52 DEBUG:    EVENT NUM 739   current_time = 00:04:50   END_PICKING           [queue size = 45]
2026-07-13 11:05:52 DEBUG: Ended picking at workstation 2.    [picking_buffer len = {62: 282.2414157892393}]
2026-07-13 11:05:52 DEBUG: Task should have served orders {2}, found open orders {2, 67, 54, 95}.
2026-07-13 11:05:52 DEBUG: Task 58 completed: pod 552 returning to storage.
2026-07-13 11:05:52 DEBUG:    EVENT NUM 740   current_time = 00:04:50   START_PICKING         [queue size = 46]
2026-07-13 11:05:52 DEBUG: Processing task 62 at workstation 2: picking items {6211} for orders {67}
2026-07-13 11:05:52 DEBUG:    EVENT NUM 741   current_time = 00:04:51   END_PICKING           [queue size = 46]
2026-07-13 11:05:52 DEBUG: Ended picking at workstation 0.    [picking_buffer len = {}]
2026-07-13 11:05:52 DEBUG: Task should have served orders {93}, found open orders {97, 45, 93, 94}.
2026-07-13 11:05:52 DEBUG: Task 53 completed: pod 385 returning to storage.
2026-07-13 11:05:52 DEBUG:    EVENT NUM 742   current_time = 00:04:51   CLOSE_ORDER           [queue size = 47]
2026-07-13 11:05:52 DEBUG: Order 93 closed at workstation 0: flow_time = 291.2 s.     [order_buffer = 4] [open_orders = 3/4]
2026-07-13 11:05:52 DEBUG: Next order in buffer: 71
2026-07-13 11:05:52 DEBUG:    EVENT NUM 743   current_time = 00:04:51   OPEN_ORDER            [queue size = 47]
2026-07-13 11:05:52 DEBUG: Order 71 (skus required = {269}) opened at workstation 0.   [open_orders = 4/4]
2026-07-13 11:05:52 DEBUG:    EVENT NUM 744   current_time = 00:04:51   START_TASK            [queue size = 47]
2026-07-13 11:05:52 DEBUG: Task 38 blocked: no idle robots.
2026-07-13 11:05:52 DEBUG:    EVENT NUM 745   current_time = 00:04:52   RELEASE_TASK          [queue size = 46]
2026-07-13 11:05:52 DEBUG: Task 138 released: pod 117 required by workstation(s) [8].  [released tasks = 58]
2026-07-13 11:05:52 DEBUG:    EVENT NUM 746   current_time = 00:04:52   END_PICKING           [queue size = 45]
2026-07-13 11:05:52 DEBUG: Ended picking at workstation 5.    [picking_buffer len = {}]
2026-07-13 11:05:52 DEBUG: Task should have served orders {83}, found open orders {39, 73, 83, 88}.
2026-07-13 11:05:52 DEBUG: Task 51 completed: pod 87 returning to storage.
2026-07-13 11:05:52 DEBUG:    EVENT NUM 747   current_time = 00:04:52   CLOSE_ORDER           [queue size = 46]
2026-07-13 11:05:52 DEBUG: Order 83 closed at workstation 5: flow_time = 292.6 s.     [order_buffer = 1] [open_orders = 3/4]
2026-07-13 11:05:52 DEBUG: Next order in buffer: 20
2026-07-13 11:05:52 DEBUG:    EVENT NUM 748   current_time = 00:04:52   OPEN_ORDER            [queue size = 46]
2026-07-13 11:05:52 DEBUG: Order 20 (skus required = {5984, 8061, 4482, 6016}) opened at workstation 5.   [open_orders = 4/4]
2026-07-13 11:05:52 DEBUG:    EVENT NUM 749   current_time = 00:04:52   START_TASK            [queue size = 46]
2026-07-13 11:05:52 DEBUG: Task 38 blocked: no idle robots.
2026-07-13 11:05:52 DEBUG:    EVENT NUM 750   current_time = 00:04:54   RELEASE_TASK          [queue size = 45]
2026-07-13 11:05:52 DEBUG: Task 139 released: pod 144 required by workstation(s) [8].  [released tasks = 59]
2026-07-13 11:05:52 DEBUG:    EVENT NUM 751   current_time = 00:04:55   RETURN_POD            [queue size = 44]
2026-07-13 11:05:52 DEBUG: Pod 438 returned. Robot 12 idle.   [idle robots = 1/40, released tasks = 59]
2026-07-13 11:05:52 DEBUG:    EVENT NUM 752   current_time = 00:04:55   START_TASK            [queue size = 44]
2026-07-13 11:05:52 DEBUG: Task 38 started: robot 12 → pod 634 → workstation 0 for orders {52} (arrival = 373.0 s).   [idle robots = 0/40]
2026-07-13 11:05:52 DEBUG:    EVENT NUM 753   current_time = 00:04:56   RELEASE_TASK          [queue size = 44]
2026-07-13 11:05:52 DEBUG: Task 140 released: pod 387 required by workstation(s) [8].  [released tasks = 59]
2026-07-13 11:05:52 DEBUG:    EVENT NUM 754   current_time = 00:04:58   RELEASE_TASK          [queue size = 43]
2026-07-13 11:05:52 DEBUG: Task 141 released: pod 566 required by workstation(s) [8].  [released tasks = 60]
2026-07-13 11:05:52 DEBUG:    EVENT NUM 755   current_time = 00:04:59   END_PICKING           [queue size = 42]
2026-07-13 11:05:52 DEBUG: Ended picking at workstation 7.    [picking_buffer len = {}]
2026-07-13 11:05:52 DEBUG: Task should have served orders {92}, found open orders {36, 28, 89, 92}.
2026-07-13 11:05:52 DEBUG: Task 70 completed: pod 206 returning to storage.
2026-07-13 11:05:52 DEBUG:    EVENT NUM 756   current_time = 00:04:59   CLOSE_ORDER           [queue size = 43]
2026-07-13 11:05:52 DEBUG: Order 92 closed at workstation 7: flow_time = 299.4 s.     [order_buffer = 1] [open_orders = 3/4]
2026-07-13 11:05:52 DEBUG: Next order in buffer: 37
2026-07-13 11:05:52 DEBUG:    EVENT NUM 757   current_time = 00:04:59   OPEN_ORDER            [queue size = 43]
2026-07-13 11:05:52 DEBUG: Order 37 (skus required = {9886, 7797, 7286}) opened at workstation 7.   [open_orders = 4/4]
2026-07-13 11:05:52 DEBUG:    EVENT NUM 758   current_time = 00:04:59   START_TASK            [queue size = 43]
2026-07-13 11:05:52 DEBUG: Task 69 blocked: no orders in {0: [53]} is open yet.  [released tasks = 59]
2026-07-13 11:05:52 DEBUG: Task 73 blocked: no orders in {0: [25]} is open yet.  [released tasks = 58]
2026-07-13 11:05:52 DEBUG: Task 75 blocked: no orders in {0: [53]} is open yet.  [released tasks = 57]
2026-07-13 11:05:52 DEBUG: Task 85 blocked: no idle robots.
2026-07-13 11:05:52 DEBUG:    EVENT NUM 759   current_time = 00:05:00   ARRIVAL_ORDER         [queue size = 42]
2026-07-13 11:05:52 DEBUG: Order 129 arrived: items_required = [4505, 9824].     [orders_in_system = 78]
2026-07-13 11:05:52 DEBUG:    EVENT NUM 760   current_time = 00:05:00   END_PICKING           [queue size = 42]
2026-07-13 11:05:52 DEBUG: Ended picking at workstation 1.    [picking_buffer len = {}]
2026-07-13 11:05:52 DEBUG: Task should have served orders {6}, found open orders {6, 7}.
2026-07-13 11:05:52 DEBUG: Task 76 heading to workstation 4.
2026-07-13 11:05:52 DEBUG:    EVENT NUM 761   current_time = 00:05:00   END_PICKING           [queue size = 42]
2026-07-13 11:05:52 DEBUG: Ended picking at workstation 2.    [picking_buffer len = {}]
2026-07-13 11:05:52 DEBUG: Task should have served orders {67}, found open orders {2, 67, 54, 95}.
2026-07-13 11:05:52 DEBUG: Task 62 completed: pod 492 returning to storage.
2026-07-13 11:05:52 DEBUG:    EVENT NUM 762   current_time = 00:05:00   CLOSE_ORDER           [queue size = 43]
2026-07-13 11:05:52 DEBUG: Order 67 closed at workstation 2: flow_time = 300.7 s.     [order_buffer = 0] [open_orders = 3/4]
2026-07-13 11:05:52 DEBUG:    EVENT NUM 763   current_time = 00:05:01   RELEASE_TASK          [queue size = 42]
2026-07-13 11:05:52 DEBUG: Task 142 released: pod 771 required by workstation(s) [8].  [released tasks = 61]
2026-07-13 11:05:52 DEBUG:    EVENT NUM 764   current_time = 00:05:01   RETURN_POD            [queue size = 41]
2026-07-13 11:05:52 DEBUG: Pod 231 returned. Robot 14 idle.   [idle robots = 1/40, released tasks = 61]
2026-07-13 11:05:52 DEBUG:    EVENT NUM 765   current_time = 00:05:01   START_TASK            [queue size = 41]
2026-07-13 11:05:52 DEBUG: Task 69 blocked: no orders in {0: [53]} is open yet.  [released tasks = 60]
2026-07-13 11:05:52 DEBUG: Task 73 blocked: no orders in {0: [25]} is open yet.  [released tasks = 59]
2026-07-13 11:05:52 DEBUG: Task 75 blocked: no orders in {0: [53]} is open yet.  [released tasks = 58]
2026-07-13 11:05:52 DEBUG: Task 85 started: robot 14 → pod 114 → workstation 1 for orders {6} (arrival = 466.2 s).   [idle robots = 0/40]
2026-07-13 11:05:52 DEBUG:    EVENT NUM 766   current_time = 00:05:03   RETURN_POD            [queue size = 41]
2026-07-13 11:05:52 DEBUG: Pod 778 returned. Robot 32 idle.   [idle robots = 1/40, released tasks = 60]
2026-07-13 11:05:52 DEBUG:    EVENT NUM 767   current_time = 00:05:03   START_TASK            [queue size = 41]
2026-07-13 11:05:52 DEBUG: Task 69 blocked: no orders in {0: [53]} is open yet.  [released tasks = 59]
2026-07-13 11:05:52 DEBUG: Task 73 blocked: no orders in {0: [25]} is open yet.  [released tasks = 58]
2026-07-13 11:05:52 DEBUG: Task 75 blocked: no orders in {0: [53]} is open yet.  [released tasks = 57]
2026-07-13 11:05:52 DEBUG: Task 86 started: robot 32 → pod 419 → workstation 3 for orders {99} (arrival = 475.6 s).   [idle robots = 0/40]
2026-07-13 11:05:52 DEBUG:    EVENT NUM 768   current_time = 00:05:08   ARRIVAL_POD_WST       [queue size = 41]
2026-07-13 11:05:52 DEBUG: Pod 24 arrived at workstation 3 - status = IDLE
2026-07-13 11:05:52 DEBUG: Pod queued at workstation.    [picking_buffer = {66: 308.0244108486887}]
2026-07-13 11:05:52 DEBUG:    EVENT NUM 769   current_time = 00:05:08   START_PICKING         [queue size = 41]
2026-07-13 11:05:52 DEBUG: Processing task 66 at workstation 3: picking items {5554} for orders {12}
2026-07-13 11:05:52 DEBUG:    EVENT NUM 770   current_time = 00:05:10   ARRIVAL_ORDER         [queue size = 41]
2026-07-13 11:05:52 DEBUG: Order 130 arrived: items_required = [8846].     [orders_in_system = 78]
2026-07-13 11:05:52 DEBUG:    EVENT NUM 771   current_time = 00:05:10   ARRIVAL_POD_WST       [queue size = 41]
2026-07-13 11:05:52 DEBUG: Pod 546 arrived at workstation 1 - status = IDLE
2026-07-13 11:05:52 DEBUG: Pod queued at workstation.    [picking_buffer = {43: 310.95397868226576}]
2026-07-13 11:05:52 DEBUG:    EVENT NUM 772   current_time = 00:05:10   START_PICKING         [queue size = 41]
2026-07-13 11:05:52 DEBUG: Processing task 43 at workstation 1: picking items {1961} for orders {7}
2026-07-13 11:05:52 DEBUG:    EVENT NUM 773   current_time = 00:05:16   RETURN_POD            [queue size = 41]
2026-07-13 11:05:52 DEBUG: Pod 895 returned. Robot 8 idle.   [idle robots = 1/40, released tasks = 59]
2026-07-13 11:05:52 DEBUG:    EVENT NUM 774   current_time = 00:05:16   START_TASK            [queue size = 41]
2026-07-13 11:05:52 DEBUG: Task 69 blocked: no orders in {0: [53]} is open yet.  [released tasks = 58]
2026-07-13 11:05:52 DEBUG: Task 73 blocked: no orders in {0: [25]} is open yet.  [released tasks = 57]
2026-07-13 11:05:52 DEBUG: Task 75 blocked: no orders in {0: [53]} is open yet.  [released tasks = 56]
2026-07-13 11:05:52 DEBUG: Task 87 started: robot 8 → pod 116 → workstation 8 for orders {48} (arrival = 459.7 s).   [idle robots = 0/40]
2026-07-13 11:05:52 DEBUG:    EVENT NUM 775   current_time = 00:05:17   RETURN_POD            [queue size = 41]
2026-07-13 11:05:52 DEBUG: Pod 544 returned. Robot 38 idle.   [idle robots = 1/40, released tasks = 58]
2026-07-13 11:05:52 DEBUG:    EVENT NUM 776   current_time = 00:05:17   START_TASK            [queue size = 41]
2026-07-13 11:05:52 DEBUG: Task 69 blocked: no orders in {0: [53]} is open yet.  [released tasks = 57]
2026-07-13 11:05:52 DEBUG: Task 73 blocked: no orders in {0: [25]} is open yet.  [released tasks = 56]
2026-07-13 11:05:52 DEBUG: Task 75 blocked: no orders in {0: [53]} is open yet.  [released tasks = 55]
2026-07-13 11:05:52 DEBUG: Task 88 blocked: no orders in {0: [25]} is open yet.  [released tasks = 54]
2026-07-13 11:05:52 DEBUG: Task 89 started: robot 38 → pod 245 → workstation 3 for orders {23} (arrival = 439.5 s).   [idle robots = 0/40]
2026-07-13 11:05:52 DEBUG:    EVENT NUM 777   current_time = 00:05:18   END_PICKING           [queue size = 41]
2026-07-13 11:05:52 DEBUG: Ended picking at workstation 3.    [picking_buffer len = {}]
2026-07-13 11:05:52 DEBUG: Task should have served orders {12}, found open orders {99, 75, 12, 23}.
2026-07-13 11:05:52 DEBUG: Task 66 heading to workstation 3.
2026-07-13 11:05:52 DEBUG:    EVENT NUM 778   current_time = 00:05:18   CLOSE_ORDER           [queue size = 42]
2026-07-13 11:05:52 DEBUG: Order 12 closed at workstation 3: flow_time = 318.0 s.     [order_buffer = 2] [open_orders = 3/4]
2026-07-13 11:05:52 DEBUG: Next order in buffer: 31
2026-07-13 11:05:52 DEBUG:    EVENT NUM 779   current_time = 00:05:18   ARRIVAL_POD_WST       [queue size = 42]
2026-07-13 11:05:52 DEBUG: Pod 24 arrived at workstation 3 - status = IDLE
2026-07-13 11:05:52 DEBUG: Pod queued at workstation.    [picking_buffer = {66: 318.0244108486887}]
2026-07-13 11:05:52 DEBUG:    EVENT NUM 780   current_time = 00:05:18   OPEN_ORDER            [queue size = 42]
2026-07-13 11:05:52 DEBUG: Order 31 (skus required = {6660, 4671}) opened at workstation 3.   [open_orders = 4/4]
2026-07-13 11:05:52 DEBUG:    EVENT NUM 781   current_time = 00:05:18   START_PICKING         [queue size = 43]
2026-07-13 11:05:52 DEBUG: Processing task 66 at workstation 3: picking items {6660} for orders {31}
2026-07-13 11:05:52 DEBUG:    EVENT NUM 782   current_time = 00:05:18   START_TASK            [queue size = 43]
2026-07-13 11:05:52 DEBUG: Task 69 blocked: no orders in {0: [53]} is open yet.  [released tasks = 56]
2026-07-13 11:05:52 DEBUG: Task 73 blocked: no orders in {0: [25]} is open yet.  [released tasks = 55]
2026-07-13 11:05:52 DEBUG: Task 75 blocked: no orders in {0: [53]} is open yet.  [released tasks = 54]
2026-07-13 11:05:52 DEBUG: Task 88 blocked: no orders in {0: [25]} is open yet.  [released tasks = 53]
2026-07-13 11:05:52 DEBUG: Task 90 blocked: no idle robots.
2026-07-13 11:05:52 DEBUG:    EVENT NUM 783   current_time = 00:05:18   START_PICKING         [queue size = 42]
2026-07-13 11:05:52 DEBUG:    EVENT NUM 784   current_time = 00:05:19   ARRIVAL_POD_WST       [queue size = 41]
2026-07-13 11:05:52 DEBUG: Pod 352 arrived at workstation 4 - status = IDLE
2026-07-13 11:05:52 DEBUG: Pod queued at workstation.    [picking_buffer = {76: 319.48532816805425}]
2026-07-13 11:05:52 DEBUG:    EVENT NUM 785   current_time = 00:05:19   START_PICKING         [queue size = 41]
2026-07-13 11:05:52 DEBUG: Processing task 76 at workstation 4: picking items {7106} for orders {32}
2026-07-13 11:05:52 DEBUG:    EVENT NUM 786   current_time = 00:05:20   ARRIVAL_ORDER         [queue size = 41]
2026-07-13 11:05:52 DEBUG: Order 131 arrived: items_required = [6378].     [orders_in_system = 78]
2026-07-13 11:05:52 DEBUG:    EVENT NUM 787   current_time = 00:05:20   ARRIVAL_POD_WST       [queue size = 41]
2026-07-13 11:05:52 DEBUG: Pod 422 arrived at workstation 2 - status = IDLE
2026-07-13 11:05:52 DEBUG: Pod queued at workstation.    [picking_buffer = {36: 320.4358776878783}]
2026-07-13 11:05:52 DEBUG:    EVENT NUM 788   current_time = 00:05:20   START_PICKING         [queue size = 41]
2026-07-13 11:05:52 DEBUG: Processing task 36 at workstation 2: picking items {12983} for orders {54}
2026-07-13 11:05:52 DEBUG:    EVENT NUM 789   current_time = 00:05:20   END_PICKING           [queue size = 41]
2026-07-13 11:05:52 DEBUG: Ended picking at workstation 1.    [picking_buffer len = {}]
2026-07-13 11:05:52 DEBUG: Task should have served orders {7}, found open orders {6, 7}.
2026-07-13 11:05:52 DEBUG: Task 43 completed: pod 546 returning to storage.
2026-07-13 11:05:52 DEBUG:    EVENT NUM 790   current_time = 00:05:20   CLOSE_ORDER           [queue size = 42]
2026-07-13 11:05:52 DEBUG: Order 7 closed at workstation 1: flow_time = 321.0 s.     [order_buffer = 0] [open_orders = 1/4]
2026-07-13 11:05:52 DEBUG:    EVENT NUM 791   current_time = 00:05:24   RETURN_POD            [queue size = 41]
2026-07-13 11:05:52 DEBUG: Pod 689 returned. Robot 6 idle.   [idle robots = 1/40, released tasks = 57]
2026-07-13 11:05:52 DEBUG:    EVENT NUM 792   current_time = 00:05:24   START_TASK            [queue size = 41]
2026-07-13 11:05:52 DEBUG: Task 69 blocked: no orders in {0: [53]} is open yet.  [released tasks = 56]
2026-07-13 11:05:52 DEBUG: Task 73 blocked: no orders in {0: [25]} is open yet.  [released tasks = 55]
2026-07-13 11:05:52 DEBUG: Task 75 blocked: no orders in {0: [53]} is open yet.  [released tasks = 54]
2026-07-13 11:05:52 DEBUG: Task 88 blocked: no orders in {0: [25]} is open yet.  [released tasks = 53]
2026-07-13 11:05:52 DEBUG: Task 90 started: robot 6 → pod 556 → workstation 6 for orders {86} (arrival = 367.8 s).   [idle robots = 0/40]
2026-07-13 11:05:52 DEBUG:    EVENT NUM 793   current_time = 00:05:24   ARRIVAL_POD_WST       [queue size = 41]
2026-07-13 11:05:52 DEBUG: Pod 463 arrived at workstation 2 - status = BUSY
2026-07-13 11:05:52 DEBUG: Pod queued at workstation.    [picking_buffer = {77: 324.83244718634637}]
2026-07-13 11:05:52 DEBUG:    EVENT NUM 794   current_time = 00:05:25   RETURN_POD            [queue size = 40]
2026-07-13 11:05:52 DEBUG: Pod 261 returned. Robot 28 idle.   [idle robots = 1/40, released tasks = 56]
2026-07-13 11:05:52 DEBUG:    EVENT NUM 795   current_time = 00:05:25   START_TASK            [queue size = 40]
2026-07-13 11:05:52 DEBUG: Task 69 blocked: no orders in {0: [53]} is open yet.  [released tasks = 55]
2026-07-13 11:05:52 DEBUG: Task 73 blocked: no orders in {0: [25]} is open yet.  [released tasks = 54]
2026-07-13 11:05:52 DEBUG: Task 75 blocked: no orders in {0: [53]} is open yet.  [released tasks = 53]
2026-07-13 11:05:52 DEBUG: Task 88 blocked: no orders in {0: [25]} is open yet.  [released tasks = 52]
2026-07-13 11:05:52 DEBUG: Task 91 started: robot 28 → pod 790 → workstation 3 for orders {99} (arrival = 362.5 s).   [idle robots = 0/40]
2026-07-13 11:05:52 DEBUG:    EVENT NUM 796   current_time = 00:05:28   END_PICKING           [queue size = 40]
2026-07-13 11:05:52 DEBUG: Ended picking at workstation 3.    [picking_buffer len = {}]
2026-07-13 11:05:52 DEBUG: Task should have served orders {31}, found open orders {99, 75, 23, 31}.
2026-07-13 11:05:52 DEBUG: Task 66 completed: pod 24 returning to storage.
2026-07-13 11:05:52 DEBUG:    EVENT NUM 797   current_time = 00:05:29   ARRIVAL_POD_WST       [queue size = 40]
2026-07-13 11:05:52 DEBUG: Pod 597 arrived at workstation 8 - status = IDLE
2026-07-13 11:05:52 DEBUG: Pod queued at workstation.    [picking_buffer = {65: 329.2476051245932}]
2026-07-13 11:05:52 DEBUG:    EVENT NUM 798   current_time = 00:05:29   START_PICKING         [queue size = 40]
2026-07-13 11:05:52 DEBUG: Processing task 65 at workstation 8: picking items {2028} for orders {59}
2026-07-13 11:05:52 DEBUG:    EVENT NUM 799   current_time = 00:05:29   END_PICKING           [queue size = 40]
2026-07-13 11:05:52 DEBUG: Ended picking at workstation 4.    [picking_buffer len = {}]
2026-07-13 11:05:52 DEBUG: Task should have served orders {32}, found open orders {32, 35, 78, 9}.
2026-07-13 11:05:52 DEBUG: Task 76 heading to workstation 4.
2026-07-13 11:05:52 DEBUG:    EVENT NUM 800   current_time = 00:05:29   ARRIVAL_POD_WST       [queue size = 40]
2026-07-13 11:05:52 DEBUG: Pod 352 arrived at workstation 4 - status = IDLE
2026-07-13 11:05:52 DEBUG: Pod queued at workstation.    [picking_buffer = {76: 329.48532816805425}]
2026-07-13 11:05:52 DEBUG:    EVENT NUM 801   current_time = 00:05:29   START_PICKING         [queue size = 40]
2026-07-13 11:05:52 DEBUG: start_picking: WS 4 has no actionable task in buffer.
2026-07-13 11:05:52 DEBUG:    EVENT NUM 802   current_time = 00:05:30   ARRIVAL_ORDER         [queue size = 39]
2026-07-13 11:05:52 DEBUG: Order 132 arrived: items_required = [5973, 9662].     [orders_in_system = 78]
2026-07-13 11:05:52 DEBUG:    EVENT NUM 803   current_time = 00:05:30   END_PICKING           [queue size = 39]
2026-07-13 11:05:52 DEBUG: Ended picking at workstation 2.    [picking_buffer len = {77: 324.83244718634637}]
2026-07-13 11:05:52 DEBUG: Task should have served orders {54}, found open orders {2, 54, 95}.
2026-07-13 11:05:52 DEBUG: Task 36 completed: pod 422 returning to storage.
2026-07-13 11:05:52 DEBUG:    EVENT NUM 804   current_time = 00:05:30   START_PICKING         [queue size = 40]
2026-07-13 11:05:52 DEBUG: Processing task 77 at workstation 2: picking items {694} for orders {95}
2026-07-13 11:05:52 DEBUG:    EVENT NUM 805   current_time = 00:05:32   RETURN_POD            [queue size = 40]
2026-07-13 11:05:52 DEBUG: Pod 552 returned. Robot 37 idle.   [idle robots = 1/40, released tasks = 55]
2026-07-13 11:05:52 DEBUG:    EVENT NUM 806   current_time = 00:05:32   START_TASK            [queue size = 40]
2026-07-13 11:05:52 DEBUG: Task 69 blocked: no orders in {0: [53]} is open yet.  [released tasks = 54]
2026-07-13 11:05:52 DEBUG: Task 73 blocked: no orders in {0: [25]} is open yet.  [released tasks = 53]
2026-07-13 11:05:52 DEBUG: Task 75 blocked: no orders in {0: [53]} is open yet.  [released tasks = 52]
2026-07-13 11:05:52 DEBUG: Task 88 blocked: no orders in {0: [25]} is open yet.  [released tasks = 51]
2026-07-13 11:05:52 DEBUG: Task 92 started: robot 37 → pod 674 → workstation 4 for orders {35} (arrival = 368.8 s).   [idle robots = 0/40]
2026-07-13 11:05:52 DEBUG:    EVENT NUM 807   current_time = 00:05:33   RETURN_POD            [queue size = 40]
2026-07-13 11:05:52 DEBUG: Pod 37 returned. Robot 4 idle.   [idle robots = 1/40, released tasks = 54]
2026-07-13 11:05:52 DEBUG:    EVENT NUM 808   current_time = 00:05:33   START_TASK            [queue size = 40]
2026-07-13 11:05:52 DEBUG: Task 69 blocked: no orders in {0: [53]} is open yet.  [released tasks = 53]
2026-07-13 11:05:52 DEBUG: Task 73 blocked: no orders in {0: [25]} is open yet.  [released tasks = 52]
2026-07-13 11:05:52 DEBUG: Task 75 blocked: no orders in {0: [53]} is open yet.  [released tasks = 51]
2026-07-13 11:05:52 DEBUG: Task 88 blocked: no orders in {0: [25]} is open yet.  [released tasks = 50]
2026-07-13 11:05:52 DEBUG: Task 93 started: robot 4 → pod 59 → workstation 6 for orders {86} (arrival = 513.6 s).   [idle robots = 0/40]
2026-07-13 11:05:52 DEBUG:    EVENT NUM 809   current_time = 00:05:35   ARRIVAL_POD_WST       [queue size = 40]
2026-07-13 11:05:52 DEBUG: Pod 320 arrived at workstation 2 - status = BUSY
2026-07-13 11:05:52 DEBUG: Pod queued at workstation.    [picking_buffer = {41: 335.13375207806104}]
2026-07-13 11:05:52 DEBUG:    EVENT NUM 810   current_time = 00:05:39   END_PICKING           [queue size = 39]
2026-07-13 11:05:52 DEBUG: Ended picking at workstation 8.    [picking_buffer len = {}]
2026-07-13 11:05:52 DEBUG: Task should have served orders {59}, found open orders {80, 81, 26, 59}.
2026-07-13 11:05:52 DEBUG: Task 65 completed: pod 597 returning to storage.
2026-07-13 11:05:52 DEBUG:    EVENT NUM 811   current_time = 00:05:39   CLOSE_ORDER           [queue size = 40]
2026-07-13 11:05:52 DEBUG: Order 59 closed at workstation 8: flow_time = 339.2 s.     [order_buffer = 5] [open_orders = 3/4]
2026-07-13 11:05:52 DEBUG: Next order in buffer: 48
2026-07-13 11:05:52 DEBUG:    EVENT NUM 812   current_time = 00:05:39   OPEN_ORDER            [queue size = 40]
2026-07-13 11:05:52 DEBUG: Order 48 (skus required = {4579}) opened at workstation 8.   [open_orders = 4/4]
2026-07-13 11:05:52 DEBUG:    EVENT NUM 813   current_time = 00:05:39   START_TASK            [queue size = 40]
2026-07-13 11:05:52 DEBUG: Task 69 blocked: no orders in {0: [53]} is open yet.  [released tasks = 52]
2026-07-13 11:05:52 DEBUG: Task 73 blocked: no orders in {0: [25]} is open yet.  [released tasks = 51]
2026-07-13 11:05:52 DEBUG: Task 75 blocked: no orders in {0: [53]} is open yet.  [released tasks = 50]
2026-07-13 11:05:52 DEBUG: Task 88 blocked: no orders in {0: [25]} is open yet.  [released tasks = 49]
2026-07-13 11:05:52 DEBUG: Task 94 blocked: no idle robots.
2026-07-13 11:05:52 DEBUG:    EVENT NUM 814   current_time = 00:05:40   ARRIVAL_ORDER         [queue size = 39]
2026-07-13 11:05:52 DEBUG: Order 133 arrived: items_required = [1833, 5448, 8687, 8207, 8950].     [orders_in_system = 78]
2026-07-13 11:05:52 DEBUG:    EVENT NUM 815   current_time = 00:05:40   END_PICKING           [queue size = 39]
2026-07-13 11:05:52 DEBUG: Ended picking at workstation 2.    [picking_buffer len = {41: 335.13375207806104}]
2026-07-13 11:05:52 DEBUG: Task should have served orders {95}, found open orders {2, 54, 95}.
2026-07-13 11:05:52 DEBUG: Task 77 completed: pod 463 returning to storage.
2026-07-13 11:05:52 DEBUG:    EVENT NUM 816   current_time = 00:05:40   START_PICKING         [queue size = 40]
2026-07-13 11:05:52 DEBUG: Processing task 41 at workstation 2: picking items {4175} for orders {54}
2026-07-13 11:05:52 DEBUG:    EVENT NUM 817   current_time = 00:05:41   ARRIVAL_POD_WST       [queue size = 40]
2026-07-13 11:05:52 DEBUG: Pod 168 arrived at workstation 8 - status = IDLE
2026-07-13 11:05:52 DEBUG: Pod queued at workstation.    [picking_buffer = {68: 341.57099125059716}]
2026-07-13 11:05:52 DEBUG:    EVENT NUM 818   current_time = 00:05:41   START_PICKING         [queue size = 40]
2026-07-13 11:05:52 DEBUG: Processing task 68 at workstation 8: picking items {8020} for orders {80}
2026-07-13 11:05:52 DEBUG:    EVENT NUM 819   current_time = 00:05:43   RETURN_POD            [queue size = 40]
2026-07-13 11:05:52 DEBUG: Pod 607 returned. Robot 29 idle.   [idle robots = 1/40, released tasks = 53]
2026-07-13 11:05:52 DEBUG:    EVENT NUM 820   current_time = 00:05:43   START_TASK            [queue size = 40]
2026-07-13 11:05:52 DEBUG: Task 69 blocked: no orders in {0: [53]} is open yet.  [released tasks = 52]
2026-07-13 11:05:52 DEBUG: Task 73 blocked: no orders in {0: [25]} is open yet.  [released tasks = 51]
2026-07-13 11:05:52 DEBUG: Task 75 blocked: no orders in {0: [53]} is open yet.  [released tasks = 50]
2026-07-13 11:05:52 DEBUG: Task 88 blocked: no orders in {0: [25]} is open yet.  [released tasks = 49]
2026-07-13 11:05:52 DEBUG: Task 94 started: robot 29 → pod 249 → workstation 0 for orders {45} (arrival = 432.5 s).   [idle robots = 0/40]
2026-07-13 11:05:52 DEBUG:    EVENT NUM 821   current_time = 00:05:43   ARRIVAL_POD_WST       [queue size = 40]
2026-07-13 11:05:52 DEBUG: Pod 150 arrived at workstation 0 - status = IDLE
2026-07-13 11:05:52 DEBUG: Pod queued at workstation.    [picking_buffer = {35: 343.6477490617841}]
2026-07-13 11:05:52 DEBUG:    EVENT NUM 822   current_time = 00:05:43   START_PICKING         [queue size = 40]
2026-07-13 11:05:52 DEBUG: Processing task 35 at workstation 0: picking items {11470} for orders {94}
2026-07-13 11:05:52 DEBUG:    EVENT NUM 823   current_time = 00:05:43   ARRIVAL_POD_WST       [queue size = 40]
2026-07-13 11:05:52 DEBUG: Pod 305 arrived at workstation 2 - status = BUSY
2026-07-13 11:05:52 DEBUG: Pod queued at workstation.    [picking_buffer = {54: 343.7750177933666}]
2026-07-13 11:05:52 DEBUG:    EVENT NUM 824   current_time = 00:05:47   ARRIVAL_POD_WST       [queue size = 39]
2026-07-13 11:05:52 DEBUG: Pod 525 arrived at workstation 3 - status = IDLE
2026-07-13 11:05:52 DEBUG: Pod queued at workstation.    [picking_buffer = {83: 347.4230811725265}]
2026-07-13 11:05:52 DEBUG:    EVENT NUM 825   current_time = 00:05:47   START_PICKING         [queue size = 39]
2026-07-13 11:05:52 DEBUG: Processing task 83 at workstation 3: picking items {4236} for orders {23}
2026-07-13 11:05:52 DEBUG:    EVENT NUM 826   current_time = 00:05:47   ARRIVAL_POD_WST       [queue size = 39]
2026-07-13 11:05:52 DEBUG: Pod 560 arrived at workstation 8 - status = BUSY
2026-07-13 11:05:52 DEBUG: Pod queued at workstation.    [picking_buffer = {84: 347.8871917186078}]
2026-07-13 11:05:52 DEBUG:    EVENT NUM 827   current_time = 00:05:49   RETURN_POD            [queue size = 38]
2026-07-13 11:05:52 DEBUG: Pod 492 returned. Robot 24 idle.   [idle robots = 1/40, released tasks = 52]
2026-07-13 11:05:52 DEBUG:    EVENT NUM 828   current_time = 00:05:49   START_TASK            [queue size = 38]
2026-07-13 11:05:52 DEBUG: Task 69 blocked: no orders in {0: [53]} is open yet.  [released tasks = 51]
2026-07-13 11:05:52 DEBUG: Task 73 blocked: no orders in {0: [25]} is open yet.  [released tasks = 50]
2026-07-13 11:05:52 DEBUG: Task 75 blocked: no orders in {0: [53]} is open yet.  [released tasks = 49]
2026-07-13 11:05:52 DEBUG: Task 88 blocked: no orders in {0: [25]} is open yet.  [released tasks = 48]
2026-07-13 11:05:52 DEBUG: Task 95 started: robot 24 → pod 653 → workstation 6 for orders {3} (arrival = 426.1 s).   [idle robots = 0/40]
2026-07-13 11:05:52 DEBUG:    EVENT NUM 829   current_time = 00:05:50   ARRIVAL_ORDER         [queue size = 38]
2026-07-13 11:05:52 DEBUG: Order 134 arrived: items_required = [7990, 10958, 8150].     [orders_in_system = 79]
2026-07-13 11:05:52 DEBUG:    EVENT NUM 830   current_time = 00:05:50   END_PICKING           [queue size = 38]
2026-07-13 11:05:52 DEBUG: Ended picking at workstation 2.    [picking_buffer len = {54: 343.7750177933666}]
2026-07-13 11:05:52 DEBUG: Task should have served orders {54}, found open orders {2, 54, 95}.
2026-07-13 11:05:52 DEBUG: Task 41 completed: pod 320 returning to storage.
2026-07-13 11:05:52 DEBUG:    EVENT NUM 831   current_time = 00:05:50   START_PICKING         [queue size = 39]
2026-07-13 11:05:52 DEBUG: Processing task 54 at workstation 2: picking items {4820} for orders {2}
2026-07-13 11:05:52 DEBUG:    EVENT NUM 832   current_time = 00:05:51   END_PICKING           [queue size = 39]
2026-07-13 11:05:52 DEBUG: Ended picking at workstation 8.    [picking_buffer len = {84: 347.8871917186078}]
2026-07-13 11:05:52 DEBUG: Task should have served orders {80}, found open orders {80, 81, 48, 26}.
2026-07-13 11:05:52 DEBUG: Task 68 completed: pod 168 returning to storage.
2026-07-13 11:05:52 DEBUG:    EVENT NUM 833   current_time = 00:05:51   CLOSE_ORDER           [queue size = 41]
2026-07-13 11:05:52 DEBUG: Order 80 closed at workstation 8: flow_time = 351.6 s.     [order_buffer = 4] [open_orders = 3/4]
2026-07-13 11:05:52 DEBUG: Next order in buffer: 84
2026-07-13 11:05:52 DEBUG:    EVENT NUM 834   current_time = 00:05:51   START_PICKING         [queue size = 41]
2026-07-13 11:05:52 DEBUG: Processing task 84 at workstation 8: picking items {5993} for orders {81}
2026-07-13 11:05:52 DEBUG:    EVENT NUM 835   current_time = 00:05:51   OPEN_ORDER            [queue size = 41]
2026-07-13 11:05:52 DEBUG: Order 84 (skus required = {3320, 5856}) opened at workstation 8.   [open_orders = 4/4]
2026-07-13 11:05:52 DEBUG:    EVENT NUM 836   current_time = 00:05:51   START_TASK            [queue size = 41]
2026-07-13 11:05:52 DEBUG: Task 69 blocked: no orders in {0: [53]} is open yet.  [released tasks = 50]
2026-07-13 11:05:52 DEBUG: Task 73 blocked: no orders in {0: [25]} is open yet.  [released tasks = 49]
2026-07-13 11:05:52 DEBUG: Task 75 blocked: no orders in {0: [53]} is open yet.  [released tasks = 48]
2026-07-13 11:05:52 DEBUG: Task 88 blocked: no orders in {0: [25]} is open yet.  [released tasks = 47]
2026-07-13 11:05:52 DEBUG: Task 96 blocked: no idle robots.
2026-07-13 11:05:52 DEBUG:    EVENT NUM 837   current_time = 00:05:53   END_PICKING           [queue size = 40]
2026-07-13 11:05:52 DEBUG: Ended picking at workstation 0.    [picking_buffer len = {}]
2026-07-13 11:05:52 DEBUG: Task should have served orders {94}, found open orders {97, 71, 45, 94}.
2026-07-13 11:05:52 DEBUG: Task 35 completed: pod 150 returning to storage.
2026-07-13 11:05:52 DEBUG:    EVENT NUM 838   current_time = 00:05:53   CLOSE_ORDER           [queue size = 41]
2026-07-13 11:05:52 DEBUG: Order 94 closed at workstation 0: flow_time = 353.6 s.     [order_buffer = 3] [open_orders = 3/4]
2026-07-13 11:05:52 DEBUG: Next order in buffer: 52
2026-07-13 11:05:52 DEBUG:    EVENT NUM 839   current_time = 00:05:53   OPEN_ORDER            [queue size = 41]
2026-07-13 11:05:52 DEBUG: Order 52 (skus required = {10796}) opened at workstation 0.   [open_orders = 4/4]
2026-07-13 11:05:52 DEBUG:    EVENT NUM 840   current_time = 00:05:53   START_TASK            [queue size = 41]
2026-07-13 11:05:52 DEBUG: Task 69 blocked: no idle robots.
2026-07-13 11:05:52 DEBUG:    EVENT NUM 841   current_time = 00:05:54   ARRIVAL_POD_WST       [queue size = 40]
2026-07-13 11:05:52 DEBUG: Pod 773 arrived at workstation 5 - status = IDLE
2026-07-13 11:05:52 DEBUG: Pod queued at workstation.    [picking_buffer = {82: 354.22807035428775}]
2026-07-13 11:05:52 DEBUG:    EVENT NUM 842   current_time = 00:05:54   START_PICKING         [queue size = 40]
2026-07-13 11:05:52 DEBUG: Processing task 82 at workstation 5: picking items {2295} for orders {88}
2026-07-13 11:05:52 DEBUG:    EVENT NUM 843   current_time = 00:05:57   END_PICKING           [queue size = 40]
2026-07-13 11:05:52 DEBUG: Ended picking at workstation 3.    [picking_buffer len = {}]
2026-07-13 11:05:52 DEBUG: Task should have served orders {23}, found open orders {99, 75, 23, 31}.
2026-07-13 11:05:52 DEBUG: Task 83 completed: pod 525 returning to storage.
2026-07-13 11:05:52 DEBUG:    EVENT NUM 844   current_time = 00:06:00   ARRIVAL_ORDER         [queue size = 40]
2026-07-13 11:05:52 DEBUG: Order 135 arrived: items_required = [7570].     [orders_in_system = 78]
2026-07-13 11:05:52 DEBUG:    EVENT NUM 845   current_time = 00:06:00   ARRIVAL_POD_WST       [queue size = 40]
2026-07-13 11:05:52 DEBUG: Pod 227 arrived at workstation 6 - status = IDLE
2026-07-13 11:05:52 DEBUG: Pod queued at workstation.    [picking_buffer = {80: 360.27746460950095}]
2026-07-13 11:05:52 DEBUG:    EVENT NUM 846   current_time = 00:06:00   START_PICKING         [queue size = 40]
2026-07-13 11:05:52 DEBUG: Processing task 80 at workstation 6: picking items {9934} for orders {70}
2026-07-13 11:05:52 DEBUG:    EVENT NUM 847   current_time = 00:06:00   END_PICKING           [queue size = 40]
2026-07-13 11:05:52 DEBUG: Ended picking at workstation 2.    [picking_buffer len = {}]
2026-07-13 11:05:52 DEBUG: Task should have served orders {2}, found open orders {2, 54, 95}.
2026-07-13 11:05:52 DEBUG: Task 54 completed: pod 305 returning to storage.
2026-07-13 11:05:52 DEBUG:    EVENT NUM 848   current_time = 00:06:00   CLOSE_ORDER           [queue size = 41]
2026-07-13 11:05:52 DEBUG: Order 2 closed at workstation 2: flow_time = 360.4 s.     [order_buffer = 0] [open_orders = 2/4]
2026-07-13 11:05:52 DEBUG:    EVENT NUM 849   current_time = 00:06:00   ARRIVAL_POD_WST       [queue size = 40]
2026-07-13 11:05:52 DEBUG: Pod 361 arrived at workstation 2 - status = IDLE
2026-07-13 11:05:52 DEBUG: Pod queued at workstation.    [picking_buffer = {50: 360.91152757631176}]
2026-07-13 11:05:52 DEBUG:    EVENT NUM 850   current_time = 00:06:00   START_PICKING         [queue size = 40]
2026-07-13 11:05:52 DEBUG: Processing task 50 at workstation 2: picking items {7585} for orders {54}
2026-07-13 11:05:52 DEBUG:    EVENT NUM 851   current_time = 00:06:01   END_PICKING           [queue size = 40]
2026-07-13 11:05:52 DEBUG: Ended picking at workstation 8.    [picking_buffer len = {}]
2026-07-13 11:05:52 DEBUG: Task should have served orders {81}, found open orders {81, 48, 84, 26}.
2026-07-13 11:05:52 DEBUG: Task 84 completed: pod 560 returning to storage.
2026-07-13 11:05:52 DEBUG:    EVENT NUM 852   current_time = 00:06:01   CLOSE_ORDER           [queue size = 41]
2026-07-13 11:05:52 DEBUG: Order 81 closed at workstation 8: flow_time = 361.6 s.     [order_buffer = 3] [open_orders = 3/4]
2026-07-13 11:05:52 DEBUG: Next order in buffer: 77
2026-07-13 11:05:52 DEBUG:    EVENT NUM 853   current_time = 00:06:01   OPEN_ORDER            [queue size = 41]
2026-07-13 11:05:52 DEBUG: Order 77 (skus required = {5498, 10071}) opened at workstation 8.   [open_orders = 4/4]
2026-07-13 11:05:52 DEBUG:    EVENT NUM 854   current_time = 00:06:01   START_TASK            [queue size = 41]
2026-07-13 11:05:52 DEBUG: Task 69 blocked: no idle robots.
2026-07-13 11:05:52 DEBUG:    EVENT NUM 855   current_time = 00:06:02   ARRIVAL_POD_WST       [queue size = 40]
2026-07-13 11:05:52 DEBUG: Pod 790 arrived at workstation 3 - status = IDLE
2026-07-13 11:05:52 DEBUG: Pod queued at workstation.    [picking_buffer = {91: 362.5188079540112}]
2026-07-13 11:05:52 DEBUG:    EVENT NUM 856   current_time = 00:06:02   START_PICKING         [queue size = 40]
2026-07-13 11:05:52 DEBUG: Processing task 91 at workstation 3: picking items {3746} for orders {99}
2026-07-13 11:05:52 DEBUG:    EVENT NUM 857   current_time = 00:06:04   END_PICKING           [queue size = 40]
2026-07-13 11:05:52 DEBUG: Ended picking at workstation 5.    [picking_buffer len = {}]
2026-07-13 11:05:52 DEBUG: Task should have served orders {88}, found open orders {39, 73, 20, 88}.
2026-07-13 11:05:52 DEBUG: Task 82 heading to workstation 5.
2026-07-13 11:05:52 DEBUG:    EVENT NUM 858   current_time = 00:06:04   CLOSE_ORDER           [queue size = 41]
2026-07-13 11:05:52 DEBUG: Order 88 closed at workstation 5: flow_time = 364.2 s.     [order_buffer = 0] [open_orders = 3/4]
2026-07-13 11:05:52 DEBUG:    EVENT NUM 859   current_time = 00:06:04   ARRIVAL_POD_WST       [queue size = 40]
2026-07-13 11:05:52 DEBUG: Pod 773 arrived at workstation 5 - status = IDLE
2026-07-13 11:05:52 DEBUG: Pod queued at workstation.    [picking_buffer = {82: 364.22807035428775}]
2026-07-13 11:05:52 DEBUG:    EVENT NUM 860   current_time = 00:06:04   START_PICKING         [queue size = 40]
2026-07-13 11:05:52 DEBUG: Processing task 82 at workstation 5: picking items {2295} for orders {73}
2026-07-13 11:05:52 DEBUG:    EVENT NUM 861   current_time = 00:06:07   ARRIVAL_POD_WST       [queue size = 40]
2026-07-13 11:05:52 DEBUG: Pod 556 arrived at workstation 6 - status = BUSY
2026-07-13 11:05:52 DEBUG: Pod queued at workstation.    [picking_buffer = {90: 367.8459104376349}]
2026-07-13 11:05:52 DEBUG:    EVENT NUM 862   current_time = 00:06:08   ARRIVAL_POD_WST       [queue size = 39]
2026-07-13 11:05:52 DEBUG: Pod 674 arrived at workstation 4 - status = IDLE
2026-07-13 11:05:52 DEBUG: Pod queued at workstation.    [picking_buffer = {76: 329.48532816805425, 92: 368.7766117772627}]
2026-07-13 11:05:52 DEBUG:    EVENT NUM 863   current_time = 00:06:08   START_PICKING         [queue size = 39]
2026-07-13 11:05:52 DEBUG: Processing task 92 at workstation 4: picking items {2371} for orders {35}
2026-07-13 11:05:52 DEBUG:    EVENT NUM 864   current_time = 00:06:10   ARRIVAL_ORDER         [queue size = 39]
2026-07-13 11:05:52 DEBUG: Order 136 arrived: items_required = [8965, 11928].     [orders_in_system = 76]
2026-07-13 11:05:52 DEBUG:    EVENT NUM 865   current_time = 00:06:10   END_PICKING           [queue size = 39]
2026-07-13 11:05:52 DEBUG: Ended picking at workstation 6.    [picking_buffer len = {90: 367.8459104376349}]
2026-07-13 11:05:52 DEBUG: Task should have served orders {70}, found open orders {65, 3, 70, 86}.
2026-07-13 11:05:52 DEBUG: Task 80 completed: pod 227 returning to storage.
2026-07-13 11:05:52 DEBUG:    EVENT NUM 866   current_time = 00:06:10   CLOSE_ORDER           [queue size = 41]
2026-07-13 11:05:52 DEBUG: Order 70 closed at workstation 6: flow_time = 370.3 s.     [order_buffer = 2] [open_orders = 3/4]
2026-07-13 11:05:52 DEBUG: Next order in buffer: 29
2026-07-13 11:05:52 DEBUG:    EVENT NUM 867   current_time = 00:06:10   START_PICKING         [queue size = 41]
2026-07-13 11:05:52 DEBUG: Processing task 90 at workstation 6: picking items {4555} for orders {86}
2026-07-13 11:05:52 DEBUG:    EVENT NUM 868   current_time = 00:06:10   OPEN_ORDER            [queue size = 41]
2026-07-13 11:05:52 DEBUG: Order 29 (skus required = {1433, 7202}) opened at workstation 6.   [open_orders = 4/4]
2026-07-13 11:05:52 DEBUG:    EVENT NUM 869   current_time = 00:06:10   START_TASK            [queue size = 41]
2026-07-13 11:05:52 DEBUG: Task 69 blocked: no idle robots.
2026-07-13 11:05:52 DEBUG:    EVENT NUM 870   current_time = 00:06:10   END_PICKING           [queue size = 40]
2026-07-13 11:05:52 DEBUG: Ended picking at workstation 2.    [picking_buffer len = {}]
2026-07-13 11:05:52 DEBUG: Task should have served orders {54}, found open orders {54, 95}.
2026-07-13 11:05:52 DEBUG: Task 50 completed: pod 361 returning to storage.
2026-07-13 11:05:52 DEBUG:    EVENT NUM 871   current_time = 00:06:10   CLOSE_ORDER           [queue size = 41]
2026-07-13 11:05:52 DEBUG: Order 54 closed at workstation 2: flow_time = 370.9 s.     [order_buffer = 0] [open_orders = 1/4]
2026-07-13 11:05:52 DEBUG:    EVENT NUM 872   current_time = 00:06:10   RETURN_POD            [queue size = 40]
2026-07-13 11:05:52 DEBUG: Pod 6 returned. Robot 30 idle.   [idle robots = 1/40, released tasks = 51]
2026-07-13 11:05:52 DEBUG:    EVENT NUM 873   current_time = 00:06:10   START_TASK            [queue size = 40]
2026-07-13 11:05:52 DEBUG: Task 69 started: robot 30 → pod 723 → workstation 0 for orders {53} (arrival = 441.3 s).   [idle robots = 0/40]
2026-07-13 11:05:52 DEBUG:    EVENT NUM 874   current_time = 00:06:12   END_PICKING           [queue size = 40]
2026-07-13 11:05:52 DEBUG: Ended picking at workstation 3.    [picking_buffer len = {}]
2026-07-13 11:05:52 DEBUG: Task should have served orders {99}, found open orders {99, 75, 23, 31}.
2026-07-13 11:05:52 DEBUG: Task 91 completed: pod 790 returning to storage.
2026-07-13 11:05:52 DEBUG:    EVENT NUM 875   current_time = 00:06:12   ARRIVAL_POD_WST       [queue size = 40]
2026-07-13 11:05:52 DEBUG: Pod 634 arrived at workstation 0 - status = IDLE
2026-07-13 11:05:52 DEBUG: Pod queued at workstation.    [picking_buffer = {38: 372.96208283231715}]
2026-07-13 11:05:52 DEBUG:    EVENT NUM 876   current_time = 00:06:12   START_PICKING         [queue size = 40]
2026-07-13 11:05:52 DEBUG: Processing task 38 at workstation 0: picking items {10796} for orders {52}
2026-07-13 11:05:52 DEBUG:    EVENT NUM 877   current_time = 00:06:14   END_PICKING           [queue size = 40]
2026-07-13 11:05:52 DEBUG: Ended picking at workstation 5.    [picking_buffer len = {}]
2026-07-13 11:05:52 DEBUG: Task should have served orders {73}, found open orders {39, 73, 20}.
2026-07-13 11:05:52 DEBUG: Task 82 completed: pod 773 returning to storage.
2026-07-13 11:05:52 DEBUG:    EVENT NUM 878   current_time = 00:06:18   END_PICKING           [queue size = 40]
2026-07-13 11:05:52 DEBUG: Ended picking at workstation 4.    [picking_buffer len = {76: 329.48532816805425}]
2026-07-13 11:05:52 DEBUG: Task should have served orders {35}, found open orders {32, 35, 78, 9}.
2026-07-13 11:05:52 DEBUG: Task 92 completed: pod 674 returning to storage.
2026-07-13 11:05:52 DEBUG:    EVENT NUM 879   current_time = 00:06:18   CLOSE_ORDER           [queue size = 42]
2026-07-13 11:05:52 DEBUG: Order 35 closed at workstation 4: flow_time = 378.8 s.     [order_buffer = 2] [open_orders = 3/4]
2026-07-13 11:05:52 DEBUG: Next order in buffer: 69
2026-07-13 11:05:52 DEBUG:    EVENT NUM 880   current_time = 00:06:18   START_PICKING         [queue size = 42]
2026-07-13 11:05:52 DEBUG: start_picking: WS 4 has no actionable task in buffer.
2026-07-13 11:05:52 DEBUG:    EVENT NUM 881   current_time = 00:06:18   OPEN_ORDER            [queue size = 41]
2026-07-13 11:05:52 DEBUG: Order 69 (skus required = {6469, 10397, 2023}) opened at workstation 4.   [open_orders = 4/4]
2026-07-13 11:05:52 DEBUG:    EVENT NUM 882   current_time = 00:06:18   START_TASK            [queue size = 42]
2026-07-13 11:05:52 DEBUG: Task 73 blocked: no idle robots.
2026-07-13 11:05:52 DEBUG:    EVENT NUM 883   current_time = 00:06:18   START_PICKING         [queue size = 41]
2026-07-13 11:05:52 DEBUG: start_picking: WS 4 has no actionable task in buffer.
2026-07-13 11:05:52 DEBUG:    EVENT NUM 884   current_time = 00:06:20   ARRIVAL_ORDER         [queue size = 40]
2026-07-13 11:05:52 DEBUG: Order 137 arrived: items_required = [6482].     [orders_in_system = 74]
2026-07-13 11:05:52 DEBUG:    EVENT NUM 885   current_time = 00:06:20   END_PICKING           [queue size = 40]
2026-07-13 11:05:52 DEBUG: Ended picking at workstation 6.    [picking_buffer len = {}]
2026-07-13 11:05:52 DEBUG: Task should have served orders {86}, found open orders {65, 3, 86, 29}.
2026-07-13 11:05:52 DEBUG: Task 90 completed: pod 556 returning to storage.
2026-07-13 11:05:52 DEBUG:    EVENT NUM 886   current_time = 00:06:22   END_PICKING           [queue size = 40]
2026-07-13 11:05:52 DEBUG: Ended picking at workstation 0.    [picking_buffer len = {}]
2026-07-13 11:05:52 DEBUG: Task should have served orders {52}, found open orders {97, 71, 45, 52}.
2026-07-13 11:05:52 DEBUG: Task 38 completed: pod 634 returning to storage.
2026-07-13 11:05:52 DEBUG:    EVENT NUM 887   current_time = 00:06:22   CLOSE_ORDER           [queue size = 41]
2026-07-13 11:05:52 DEBUG: Order 52 closed at workstation 0: flow_time = 383.0 s.     [order_buffer = 2] [open_orders = 3/4]
2026-07-13 11:05:52 DEBUG: Next order in buffer: 53
2026-07-13 11:05:52 DEBUG:    EVENT NUM 888   current_time = 00:06:22   OPEN_ORDER            [queue size = 41]
2026-07-13 11:05:52 DEBUG: Order 53 (skus required = {2643, 7700, 9379}) opened at workstation 0.   [open_orders = 4/4]
2026-07-13 11:05:52 DEBUG:    EVENT NUM 889   current_time = 00:06:22   START_TASK            [queue size = 41]
2026-07-13 11:05:52 DEBUG: Task 73 blocked: no idle robots.
2026-07-13 11:05:52 DEBUG:    EVENT NUM 890   current_time = 00:06:26   ARRIVAL_POD_WST       [queue size = 40]
2026-07-13 11:05:52 DEBUG: Pod 82 arrived at workstation 0 - status = IDLE
2026-07-13 11:05:52 DEBUG: Pod queued at workstation.    [picking_buffer = {37: 386.49645157067164}]
2026-07-13 11:05:52 DEBUG:    EVENT NUM 891   current_time = 00:06:26   START_PICKING         [queue size = 40]
2026-07-13 11:05:52 DEBUG: Processing task 37 at workstation 0: picking items {12592, 269} for orders {97, 71}
2026-07-13 11:05:52 DEBUG:    EVENT NUM 892   current_time = 00:06:30   ARRIVAL_ORDER         [queue size = 40]
2026-07-13 11:05:52 DEBUG: Order 138 arrived: items_required = [1653].     [orders_in_system = 74]
2026-07-13 11:05:52 DEBUG:    EVENT NUM 893   current_time = 00:06:30   RETURN_POD            [queue size = 40]
2026-07-13 11:05:52 DEBUG: Pod 214 returned. Robot 22 idle.   [idle robots = 1/40, released tasks = 50]
2026-07-13 11:05:52 DEBUG:    EVENT NUM 894   current_time = 00:06:30   START_TASK            [queue size = 40]
2026-07-13 11:05:52 DEBUG: Task 73 started: robot 22 → pod 25 → workstation 0 for orders {53} (arrival = 590.2 s).   [idle robots = 0/40]
2026-07-13 11:05:52 DEBUG:    EVENT NUM 895   current_time = 00:06:32   ARRIVAL_POD_WST       [queue size = 40]
2026-07-13 11:05:52 DEBUG: Pod 53 arrived at workstation 8 - status = IDLE
2026-07-13 11:05:52 DEBUG: Pod queued at workstation.    [picking_buffer = {72: 392.3565010449086}]
2026-07-13 11:05:52 DEBUG:    EVENT NUM 896   current_time = 00:06:32   START_PICKING         [queue size = 40]
2026-07-13 11:05:52 DEBUG: Processing task 72 at workstation 8: picking items {8206} for orders {26}
2026-07-13 11:05:52 DEBUG:    EVENT NUM 897   current_time = 00:06:34   RETURN_POD            [queue size = 40]
2026-07-13 11:05:52 DEBUG: Pod 546 returned. Robot 1 idle.   [idle robots = 1/40, released tasks = 49]
2026-07-13 11:05:52 DEBUG:    EVENT NUM 898   current_time = 00:06:34   START_TASK            [queue size = 40]
2026-07-13 11:05:52 DEBUG: Task 75 started: robot 1 → pod 98 → workstation 0 for orders {53} (arrival = 499.5 s).   [idle robots = 0/40]
2026-07-13 11:05:52 DEBUG:    EVENT NUM 899   current_time = 00:06:36   RETURN_POD            [queue size = 40]
2026-07-13 11:05:52 DEBUG: Pod 301 returned. Robot 5 idle.   [idle robots = 1/40, released tasks = 48]
2026-07-13 11:05:52 DEBUG:    EVENT NUM 900   current_time = 00:06:36   START_TASK            [queue size = 40]
2026-07-13 11:05:52 DEBUG: Task 88 started: robot 5 → pod 754 → workstation 0 for orders {25} (arrival = 455.2 s).   [idle robots = 0/40]
2026-07-13 11:05:52 DEBUG:    EVENT NUM 901   current_time = 00:06:37   RETURN_POD            [queue size = 40]
2026-07-13 11:05:52 DEBUG: Pod 463 returned. Robot 10 idle.   [idle robots = 1/40, released tasks = 47]
2026-07-13 11:05:52 DEBUG:    EVENT NUM 902   current_time = 00:06:37   START_TASK            [queue size = 40]
2026-07-13 11:05:52 DEBUG: Task 96 started: robot 10 → pod 343 → workstation 3 for orders {99} (arrival = 466.7 s).   [idle robots = 0/40]
2026-07-13 11:05:52 DEBUG:    EVENT NUM 903   current_time = 00:06:40   ARRIVAL_ORDER         [queue size = 40]
2026-07-13 11:05:52 DEBUG: Order 139 arrived: items_required = [9959, 3703].     [orders_in_system = 75]
2026-07-13 11:05:52 DEBUG:    EVENT NUM 904   current_time = 00:06:41   END_PICKING           [queue size = 40]
2026-07-13 11:05:52 DEBUG: Ended picking at workstation 0.    [picking_buffer len = {}]
2026-07-13 11:05:52 DEBUG: Task should have served orders {97, 71}, found open orders {97, 71, 45, 53}.
2026-07-13 11:05:52 DEBUG: Task 37 completed: pod 82 returning to storage.
2026-07-13 11:05:52 DEBUG:    EVENT NUM 905   current_time = 00:06:41   CLOSE_ORDER           [queue size = 42]
2026-07-13 11:05:52 DEBUG: Order 97 closed at workstation 0: flow_time = 401.5 s.     [order_buffer = 1] [open_orders = 3/4]
2026-07-13 11:05:52 DEBUG: Next order in buffer: 25
2026-07-13 11:05:52 DEBUG:    EVENT NUM 906   current_time = 00:06:41   CLOSE_ORDER           [queue size = 42]
2026-07-13 11:05:52 DEBUG: Order 71 closed at workstation 0: flow_time = 401.5 s.     [order_buffer = 0] [open_orders = 2/4]
2026-07-13 11:05:52 DEBUG:    EVENT NUM 907   current_time = 00:06:41   OPEN_ORDER            [queue size = 41]
2026-07-13 11:05:52 DEBUG: Order 25 (skus required = {10994, 7226}) opened at workstation 0.   [open_orders = 3/4]
2026-07-13 11:05:52 DEBUG:    EVENT NUM 908   current_time = 00:06:41   START_TASK            [queue size = 41]
2026-07-13 11:05:52 DEBUG: Task 97 blocked: no idle robots.
2026-07-13 11:05:52 DEBUG:    EVENT NUM 909   current_time = 00:06:42   END_PICKING           [queue size = 40]
2026-07-13 11:05:52 DEBUG: Ended picking at workstation 8.    [picking_buffer len = {}]
2026-07-13 11:05:52 DEBUG: Task should have served orders {26}, found open orders {77, 48, 84, 26}.
2026-07-13 11:05:52 DEBUG: Task 72 completed: pod 53 returning to storage.
2026-07-13 11:05:52 DEBUG:    EVENT NUM 910   current_time = 00:06:42   CLOSE_ORDER           [queue size = 41]
2026-07-13 11:05:52 DEBUG: Order 26 closed at workstation 8: flow_time = 402.4 s.     [order_buffer = 2] [open_orders = 3/4]
2026-07-13 11:05:52 DEBUG: Next order in buffer: 40
2026-07-13 11:05:52 DEBUG:    EVENT NUM 911   current_time = 00:06:42   OPEN_ORDER            [queue size = 41]
2026-07-13 11:05:52 DEBUG: Order 40 (skus required = {3712, 11426}) opened at workstation 8.   [open_orders = 4/4]
2026-07-13 11:05:52 DEBUG:    EVENT NUM 912   current_time = 00:06:42   START_TASK            [queue size = 41]
2026-07-13 11:05:52 DEBUG: Task 97 blocked: no idle robots.
2026-07-13 11:05:52 DEBUG:    EVENT NUM 913   current_time = 00:06:45   RETURN_POD            [queue size = 40]
2026-07-13 11:05:52 DEBUG: Pod 266 returned. Robot 33 idle.   [idle robots = 1/40, released tasks = 46]
2026-07-13 11:05:52 DEBUG:    EVENT NUM 914   current_time = 00:06:45   START_TASK            [queue size = 40]
2026-07-13 11:05:52 DEBUG: Task 97 started: robot 33 → pod 318 → workstation 4 for orders {78} (arrival = 499.1 s).   [idle robots = 0/40]
2026-07-13 11:05:52 DEBUG:    EVENT NUM 915   current_time = 00:06:48   RETURN_POD            [queue size = 40]
2026-07-13 11:05:52 DEBUG: Pod 674 returned. Robot 37 idle.   [idle robots = 1/40, released tasks = 45]
2026-07-13 11:05:52 DEBUG:    EVENT NUM 916   current_time = 00:06:48   START_TASK            [queue size = 40]
2026-07-13 11:05:52 DEBUG: Task 98 started: robot 37 → pod 307 → workstation 0 for orders {45} (arrival = 506.4 s).   [idle robots = 0/40]
2026-07-13 11:05:52 DEBUG:    EVENT NUM 917   current_time = 00:06:48   RETURN_POD            [queue size = 40]
2026-07-13 11:05:52 DEBUG: Pod 95 returned. Robot 35 idle.   [idle robots = 1/40, released tasks = 44]
2026-07-13 11:05:52 DEBUG:    EVENT NUM 918   current_time = 00:06:48   START_TASK            [queue size = 40]
2026-07-13 11:05:52 DEBUG: Task 99 started: robot 35 → pod 404 → workstation 3 for orders {99} (arrival = 478.4 s).   [idle robots = 0/40]
2026-07-13 11:05:52 DEBUG:    EVENT NUM 919   current_time = 00:06:50   ARRIVAL_ORDER         [queue size = 40]
2026-07-13 11:05:52 DEBUG: Order 140 arrived: items_required = [6052].     [orders_in_system = 73]
2026-07-13 11:05:52 DEBUG:    EVENT NUM 920   current_time = 00:06:50   RETURN_POD            [queue size = 40]
2026-07-13 11:05:52 DEBUG: Pod 790 returned. Robot 28 idle.   [idle robots = 1/40, released tasks = 43]
2026-07-13 11:05:52 DEBUG:    EVENT NUM 921   current_time = 00:06:50   START_TASK            [queue size = 40]
2026-07-13 11:05:52 DEBUG: Task 100 started: robot 28 → pod 109 → workstation 4 for orders {9} (arrival = 524.2 s).   [idle robots = 0/40]
2026-07-13 11:05:52 DEBUG:    EVENT NUM 922   current_time = 00:06:53   RETURN_POD            [queue size = 40]
2026-07-13 11:05:52 DEBUG: Pod 525 returned. Robot 2 idle.   [idle robots = 1/40, released tasks = 42]
2026-07-13 11:05:52 DEBUG:    EVENT NUM 923   current_time = 00:06:53   START_TASK            [queue size = 40]
2026-07-13 11:05:52 DEBUG: Task 101 started: robot 2 → pod 372 → workstation 4 for orders {9} (arrival = 493.9 s).   [idle robots = 0/40]
2026-07-13 11:05:52 DEBUG:    EVENT NUM 924   current_time = 00:06:59   RETURN_POD            [queue size = 40]
2026-07-13 11:05:52 DEBUG: Pod 184 returned. Robot 11 idle.   [idle robots = 1/40, released tasks = 41]
2026-07-13 11:05:52 DEBUG:    EVENT NUM 925   current_time = 00:06:59   START_TASK            [queue size = 40]
2026-07-13 11:05:52 DEBUG: Task 102 started: robot 11 → pod 157 → workstation 4 for orders {78} (arrival = 558.0 s).   [idle robots = 0/40]
2026-07-13 11:05:52 DEBUG:    EVENT NUM 926   current_time = 00:06:59   ARRIVAL_POD_WST       [queue size = 40]
2026-07-13 11:05:52 DEBUG: Pod 120 arrived at workstation 2 - status = IDLE
2026-07-13 11:05:52 DEBUG: Pod queued at workstation.    [picking_buffer = {67: 419.3550434146947}]
2026-07-13 11:05:52 DEBUG:    EVENT NUM 927   current_time = 00:06:59   START_PICKING         [queue size = 40]
2026-07-13 11:05:52 DEBUG: Processing task 67 at workstation 2: picking items {5273} for orders {95}
2026-07-13 11:05:52 DEBUG:    EVENT NUM 928   current_time = 00:07:00   ARRIVAL_ORDER         [queue size = 40]
2026-07-13 11:05:52 DEBUG: Order 141 arrived: items_required = [5936].     [orders_in_system = 74]
2026-07-13 11:05:52 DEBUG:    EVENT NUM 929   current_time = 00:07:00   RETURN_POD            [queue size = 40]
2026-07-13 11:05:52 DEBUG: Pod 560 returned. Robot 36 idle.   [idle robots = 1/40, released tasks = 40]
2026-07-13 11:05:52 DEBUG:    EVENT NUM 930   current_time = 00:07:00   START_TASK            [queue size = 40]
2026-07-13 11:05:52 DEBUG: Task 104 started: robot 36 → pod 652 → workstation 3 for orders {31} (arrival = 509.8 s).   [idle robots = 0/40]
2026-07-13 11:05:52 DEBUG:    EVENT NUM 931   current_time = 00:07:05   RETURN_POD            [queue size = 40]
2026-07-13 11:05:52 DEBUG: Pod 556 returned. Robot 6 idle.   [idle robots = 1/40, released tasks = 39]
2026-07-13 11:05:52 DEBUG:    EVENT NUM 932   current_time = 00:07:05   START_TASK            [queue size = 40]
2026-07-13 11:05:52 DEBUG: Task 105 started: robot 6 → pod 236 → workstation 5 for orders {39} (arrival = 571.5 s).   [idle robots = 0/40]
2026-07-13 11:05:52 DEBUG:    EVENT NUM 933   current_time = 00:07:06   ARRIVAL_POD_WST       [queue size = 40]
2026-07-13 11:05:52 DEBUG: Pod 653 arrived at workstation 6 - status = IDLE
2026-07-13 11:05:52 DEBUG: Pod queued at workstation.    [picking_buffer = {95: 426.05403865514836}]
2026-07-13 11:05:52 DEBUG:    EVENT NUM 934   current_time = 00:07:06   START_PICKING         [queue size = 40]
2026-07-13 11:05:52 DEBUG: Processing task 95 at workstation 6: picking items {3824} for orders {3}
2026-07-13 11:05:52 DEBUG:    EVENT NUM 935   current_time = 00:07:09   END_PICKING           [queue size = 40]
2026-07-13 11:05:52 DEBUG: Ended picking at workstation 2.    [picking_buffer len = {}]
2026-07-13 11:05:52 DEBUG: Task should have served orders {95}, found open orders {95}.
2026-07-13 11:05:52 DEBUG: Task 67 completed: pod 120 returning to storage.
2026-07-13 11:05:52 DEBUG:    EVENT NUM 936   current_time = 00:07:09   CLOSE_ORDER           [queue size = 41]
2026-07-13 11:05:52 DEBUG: Order 95 closed at workstation 2: flow_time = 429.4 s.     [order_buffer = 0] [open_orders = 0/4]
2026-07-13 11:05:52 DEBUG:    EVENT NUM 937   current_time = 00:07:10   ARRIVAL_ORDER         [queue size = 40]
2026-07-13 11:05:52 DEBUG: Order 142 arrived: items_required = [9118, 6052, 5413].     [orders_in_system = 74]
2026-07-13 11:05:52 DEBUG:    EVENT NUM 938   current_time = 00:07:11   RETURN_POD            [queue size = 40]
2026-07-13 11:05:52 DEBUG: Pod 168 returned. Robot 3 idle.   [idle robots = 1/40, released tasks = 38]
2026-07-13 11:05:52 DEBUG:    EVENT NUM 939   current_time = 00:07:11   START_TASK            [queue size = 40]
2026-07-13 11:05:52 DEBUG: Task 106 started: robot 3 → pod 110 → workstation 5 for orders {39} (arrival = 550.0 s).   [idle robots = 0/40]
2026-07-13 11:05:52 DEBUG:    EVENT NUM 940   current_time = 00:07:12   RETURN_POD            [queue size = 40]
2026-07-13 11:05:52 DEBUG: Pod 597 returned. Robot 15 idle.   [idle robots = 1/40, released tasks = 37]
2026-07-13 11:05:52 DEBUG:    EVENT NUM 941   current_time = 00:07:12   START_TASK            [queue size = 40]
2026-07-13 11:05:52 DEBUG: Task 107 started: robot 15 → pod 865 → workstation 5 for orders {73} (arrival = 502.6 s).   [idle robots = 0/40]
2026-07-13 11:05:52 DEBUG:    EVENT NUM 942   current_time = 00:07:12   ARRIVAL_POD_WST       [queue size = 40]
2026-07-13 11:05:52 DEBUG: Pod 249 arrived at workstation 0 - status = IDLE
2026-07-13 11:05:52 DEBUG: Pod queued at workstation.    [picking_buffer = {94: 432.49835106689517}]
2026-07-13 11:05:52 DEBUG:    EVENT NUM 943   current_time = 00:07:12   START_PICKING         [queue size = 40]
2026-07-13 11:05:52 DEBUG: Processing task 94 at workstation 0: picking items {5004} for orders {45}
2026-07-13 11:05:52 DEBUG:    EVENT NUM 944   current_time = 00:07:14   ARRIVAL_POD_WST       [queue size = 40]
2026-07-13 11:05:52 DEBUG: Pod 151 arrived at workstation 1 - status = IDLE
2026-07-13 11:05:52 DEBUG: Pod queued at workstation.    [picking_buffer = {81: 434.56081500335773}]
2026-07-13 11:05:52 DEBUG:    EVENT NUM 945   current_time = 00:07:14   START_PICKING         [queue size = 40]
2026-07-13 11:05:52 DEBUG: Processing task 81 at workstation 1: picking items {6000} for orders {6}
2026-07-13 11:05:52 DEBUG:    EVENT NUM 946   current_time = 00:07:16   END_PICKING           [queue size = 40]
2026-07-13 11:05:52 DEBUG: Ended picking at workstation 6.    [picking_buffer len = {}]
2026-07-13 11:05:52 DEBUG: Task should have served orders {3}, found open orders {65, 3, 86, 29}.
2026-07-13 11:05:52 DEBUG: Task 95 completed: pod 653 returning to storage.
2026-07-13 11:05:52 DEBUG:    EVENT NUM 947   current_time = 00:07:16   CLOSE_ORDER           [queue size = 41]
2026-07-13 11:05:52 DEBUG: Order 3 closed at workstation 6: flow_time = 436.1 s.     [order_buffer = 1] [open_orders = 3/4]
2026-07-13 11:05:52 DEBUG: Next order in buffer: 10
2026-07-13 11:05:52 DEBUG:    EVENT NUM 948   current_time = 00:07:16   OPEN_ORDER            [queue size = 41]
2026-07-13 11:05:52 DEBUG: Order 10 (skus required = {10092, 7855}) opened at workstation 6.   [open_orders = 4/4]
2026-07-13 11:05:52 DEBUG:    EVENT NUM 949   current_time = 00:07:16   START_TASK            [queue size = 41]
2026-07-13 11:05:52 DEBUG: Task 108 blocked: no idle robots.
2026-07-13 11:05:52 DEBUG:    EVENT NUM 950   current_time = 00:07:17   ARRIVAL_POD_WST       [queue size = 40]
2026-07-13 11:05:52 DEBUG: Pod 238 arrived at workstation 3 - status = IDLE
2026-07-13 11:05:52 DEBUG: Pod queued at workstation.    [picking_buffer = {79: 437.1000956279122}]
2026-07-13 11:05:52 DEBUG:    EVENT NUM 951   current_time = 00:07:17   START_PICKING         [queue size = 40]
2026-07-13 11:05:52 DEBUG: Processing task 79 at workstation 3: picking items {5914} for orders {75}
2026-07-13 11:05:52 DEBUG:    EVENT NUM 952   current_time = 00:07:19   ARRIVAL_POD_WST       [queue size = 40]
2026-07-13 11:05:52 DEBUG: Pod 245 arrived at workstation 3 - status = BUSY
2026-07-13 11:05:52 DEBUG: Pod queued at workstation.    [picking_buffer = {89: 439.5463916762725}]
2026-07-13 11:05:52 DEBUG:    EVENT NUM 953   current_time = 00:07:20   ARRIVAL_ORDER         [queue size = 39]
2026-07-13 11:05:52 DEBUG: Order 143 arrived: items_required = [1322, 10835].     [orders_in_system = 74]
2026-07-13 11:05:52 DEBUG:    EVENT NUM 954   current_time = 00:07:21   ARRIVAL_POD_WST       [queue size = 39]
2026-07-13 11:05:52 DEBUG: Pod 723 arrived at workstation 0 - status = BUSY
2026-07-13 11:05:52 DEBUG: Pod queued at workstation.    [picking_buffer = {69: 441.3497722483777}]
2026-07-13 11:05:52 DEBUG:    EVENT NUM 955   current_time = 00:07:22   END_PICKING           [queue size = 38]
2026-07-13 11:05:52 DEBUG: Ended picking at workstation 0.    [picking_buffer len = {69: 441.3497722483777}]
2026-07-13 11:05:52 DEBUG: Task should have served orders {45}, found open orders {45, 53, 25}.
2026-07-13 11:05:52 DEBUG: Task 94 completed: pod 249 returning to storage.
2026-07-13 11:05:52 DEBUG:    EVENT NUM 956   current_time = 00:07:22   START_PICKING         [queue size = 39]
2026-07-13 11:05:52 DEBUG: Processing task 69 at workstation 0: picking items {7700} for orders {53}
2026-07-13 11:05:52 DEBUG:    EVENT NUM 957   current_time = 00:07:22   RETURN_POD            [queue size = 39]
2026-07-13 11:05:52 DEBUG: Pod 385 returned. Robot 20 idle.   [idle robots = 1/40, released tasks = 36]
2026-07-13 11:05:52 DEBUG:    EVENT NUM 958   current_time = 00:07:22   START_TASK            [queue size = 39]
2026-07-13 11:05:52 DEBUG: Task 108 started: robot 20 → pod 132 → workstation 5 for orders {20} (arrival = 544.7 s).   [idle robots = 0/40]
2026-07-13 11:05:52 DEBUG:    EVENT NUM 959   current_time = 00:07:24   END_PICKING           [queue size = 39]
2026-07-13 11:05:52 DEBUG: Ended picking at workstation 1.    [picking_buffer len = {}]
2026-07-13 11:05:52 DEBUG: Task should have served orders {6}, found open orders {6}.
2026-07-13 11:05:52 DEBUG: Task 81 completed: pod 151 returning to storage.
2026-07-13 11:05:52 DEBUG:    EVENT NUM 960   current_time = 00:07:25   RETURN_POD            [queue size = 39]
2026-07-13 11:05:52 DEBUG: Pod 773 returned. Robot 7 idle.   [idle robots = 1/40, released tasks = 35]
2026-07-13 11:05:52 DEBUG:    EVENT NUM 961   current_time = 00:07:25   START_TASK            [queue size = 39]
2026-07-13 11:05:52 DEBUG: Task 109 started: robot 7 → pod 259 → workstation 5 for orders {20} (arrival = 548.5 s).   [idle robots = 0/40]
2026-07-13 11:05:52 DEBUG:    EVENT NUM 962   current_time = 00:07:27   END_PICKING           [queue size = 39]
2026-07-13 11:05:52 DEBUG: Ended picking at workstation 3.    [picking_buffer len = {89: 439.5463916762725}]
2026-07-13 11:05:52 DEBUG: Task should have served orders {75}, found open orders {99, 75, 23, 31}.
2026-07-13 11:05:52 DEBUG: Task 79 completed: pod 238 returning to storage.
2026-07-13 11:05:52 DEBUG:    EVENT NUM 963   current_time = 00:07:27   CLOSE_ORDER           [queue size = 41]
2026-07-13 11:05:52 DEBUG: Order 75 closed at workstation 3: flow_time = 447.1 s.     [order_buffer = 1] [open_orders = 3/4]
2026-07-13 11:05:52 DEBUG: Next order in buffer: 90
2026-07-13 11:05:52 DEBUG:    EVENT NUM 964   current_time = 00:07:27   START_PICKING         [queue size = 41]
2026-07-13 11:05:52 DEBUG: Processing task 89 at workstation 3: picking items {2915} for orders {23}
2026-07-13 11:05:52 DEBUG:    EVENT NUM 965   current_time = 00:07:27   OPEN_ORDER            [queue size = 41]
2026-07-13 11:05:52 DEBUG: Order 90 (skus required = {3657, 4123, 10134}) opened at workstation 3.   [open_orders = 4/4]
2026-07-13 11:05:52 DEBUG:    EVENT NUM 966   current_time = 00:07:27   START_TASK            [queue size = 41]
2026-07-13 11:05:52 DEBUG: Task 110 blocked: no idle robots.
2026-07-13 11:05:52 DEBUG:    EVENT NUM 967   current_time = 00:07:30   ARRIVAL_ORDER         [queue size = 40]
2026-07-13 11:05:52 DEBUG: Order 144 arrived: items_required = [8410].     [orders_in_system = 74]
2026-07-13 11:05:52 DEBUG:    EVENT NUM 968   current_time = 00:07:31   RETURN_POD            [queue size = 40]
2026-07-13 11:05:52 DEBUG: Pod 422 returned. Robot 26 idle.   [idle robots = 1/40, released tasks = 34]
2026-07-13 11:05:52 DEBUG:    EVENT NUM 969   current_time = 00:07:31   START_TASK            [queue size = 40]
2026-07-13 11:05:52 DEBUG: Task 110 started: robot 26 → pod 128 → workstation 3 for orders {90} (arrival = 566.1 s).   [idle robots = 0/40]
2026-07-13 11:05:52 DEBUG:    EVENT NUM 970   current_time = 00:07:32   END_PICKING           [queue size = 40]
2026-07-13 11:05:52 DEBUG: Ended picking at workstation 0.    [picking_buffer len = {}]
2026-07-13 11:05:52 DEBUG: Task should have served orders {53}, found open orders {45, 53, 25}.
2026-07-13 11:05:52 DEBUG: Task 69 completed: pod 723 returning to storage.
2026-07-13 11:05:52 DEBUG:    EVENT NUM 971   current_time = 00:07:32   RETURN_POD            [queue size = 40]
2026-07-13 11:05:52 DEBUG: Pod 206 returned. Robot 27 idle.   [idle robots = 1/40, released tasks = 33]
2026-07-13 11:05:52 DEBUG:    EVENT NUM 972   current_time = 00:07:32   START_TASK            [queue size = 40]
2026-07-13 11:05:52 DEBUG: Task 111 started: robot 27 → pod 431 → workstation 4 for orders {69} (arrival = 529.1 s).   [idle robots = 0/40]
2026-07-13 11:05:52 DEBUG:    EVENT NUM 973   current_time = 00:07:35   ARRIVAL_POD_WST       [queue size = 40]
2026-07-13 11:05:52 DEBUG: Pod 754 arrived at workstation 0 - status = IDLE
2026-07-13 11:05:52 DEBUG: Pod queued at workstation.    [picking_buffer = {88: 455.1929415861624}]
2026-07-13 11:05:52 DEBUG:    EVENT NUM 974   current_time = 00:07:35   START_PICKING         [queue size = 40]
2026-07-13 11:05:52 DEBUG: Processing task 88 at workstation 0: picking items {10994} for orders {25}
2026-07-13 11:05:52 DEBUG:    EVENT NUM 975   current_time = 00:07:37   END_PICKING           [queue size = 40]
2026-07-13 11:05:52 DEBUG: Ended picking at workstation 3.    [picking_buffer len = {}]
2026-07-13 11:05:52 DEBUG: Task should have served orders {23}, found open orders {99, 23, 90, 31}.
2026-07-13 11:05:52 DEBUG: Task 89 completed: pod 245 returning to storage.
2026-07-13 11:05:52 DEBUG:    EVENT NUM 976   current_time = 00:07:37   CLOSE_ORDER           [queue size = 41]
2026-07-13 11:05:52 DEBUG: Order 23 closed at workstation 3: flow_time = 457.1 s.     [order_buffer = 0] [open_orders = 3/4]
2026-07-13 11:05:52 DEBUG:    EVENT NUM 977   current_time = 00:07:37   RETURN_POD            [queue size = 40]
2026-07-13 11:05:52 DEBUG: Pod 227 returned. Robot 17 idle.   [idle robots = 1/40, released tasks = 32]
2026-07-13 11:05:52 DEBUG:    EVENT NUM 978   current_time = 00:07:37   START_TASK            [queue size = 40]
2026-07-13 11:05:52 DEBUG: Task 112 started: robot 17 → pod 559 → workstation 4 for orders {15} (arrival = 528.5 s).   [idle robots = 0/40]
2026-07-13 11:05:52 DEBUG:    EVENT NUM 979   current_time = 00:07:39   ARRIVAL_POD_WST       [queue size = 40]
2026-07-13 11:05:52 DEBUG: Pod 116 arrived at workstation 8 - status = IDLE
2026-07-13 11:05:52 DEBUG: Pod queued at workstation.    [picking_buffer = {87: 459.7179156833562}]
2026-07-13 11:05:52 DEBUG:    EVENT NUM 980   current_time = 00:07:39   START_PICKING         [queue size = 40]
2026-07-13 11:05:52 DEBUG: Processing task 87 at workstation 8: picking items {4579} for orders {48}
2026-07-13 11:05:52 DEBUG:    EVENT NUM 981   current_time = 00:07:40   ARRIVAL_ORDER         [queue size = 40]
2026-07-13 11:05:52 DEBUG: Order 145 arrived: items_required = [841, 5900].     [orders_in_system = 74]
2026-07-13 11:05:52 DEBUG:    EVENT NUM 982   current_time = 00:07:40   RETURN_POD            [queue size = 40]
2026-07-13 11:05:52 DEBUG: Pod 634 returned. Robot 12 idle.   [idle robots = 1/40, released tasks = 31]
2026-07-13 11:05:52 DEBUG:    EVENT NUM 983   current_time = 00:07:40   START_TASK            [queue size = 40]
2026-07-13 11:05:52 DEBUG: Task 113 started: robot 12 → pod 232 → workstation 8 for orders {84} (arrival = 560.4 s).   [idle robots = 0/40]
2026-07-13 11:05:52 DEBUG:    EVENT NUM 984   current_time = 00:07:44   RETURN_POD            [queue size = 40]
2026-07-13 11:05:52 DEBUG: Pod 87 returned. Robot 21 idle.   [idle robots = 1/40, released tasks = 30]
2026-07-13 11:05:52 DEBUG:    EVENT NUM 985   current_time = 00:07:44   START_TASK            [queue size = 40]
2026-07-13 11:05:52 DEBUG: Task 114 started: robot 21 → pod 165 → workstation 3 for orders {90} (arrival = 570.0 s).   [idle robots = 0/40]
2026-07-13 11:05:52 DEBUG:    EVENT NUM 986   current_time = 00:07:45   RETURN_POD            [queue size = 40]
2026-07-13 11:05:52 DEBUG: Pod 320 returned. Robot 34 idle.   [idle robots = 1/40, released tasks = 29]
2026-07-13 11:05:52 DEBUG:    EVENT NUM 987   current_time = 00:07:45   START_TASK            [queue size = 40]
2026-07-13 11:05:52 DEBUG: Task 115 started: robot 34 → pod 843 → workstation 4 for orders {15} (arrival = 555.1 s).   [idle robots = 0/40]
2026-07-13 11:05:52 DEBUG:    EVENT NUM 988   current_time = 00:07:45   END_PICKING           [queue size = 40]
2026-07-13 11:05:52 DEBUG: Ended picking at workstation 0.    [picking_buffer len = {}]
2026-07-13 11:05:52 DEBUG: Task should have served orders {25}, found open orders {45, 53, 25}.
2026-07-13 11:05:52 DEBUG: Task 88 completed: pod 754 returning to storage.
2026-07-13 11:05:52 DEBUG:    EVENT NUM 989   current_time = 00:07:46   ARRIVAL_POD_WST       [queue size = 40]
2026-07-13 11:05:52 DEBUG: Pod 114 arrived at workstation 1 - status = IDLE
2026-07-13 11:05:52 DEBUG: Pod queued at workstation.    [picking_buffer = {85: 466.197698350451}]
2026-07-13 11:05:52 DEBUG:    EVENT NUM 990   current_time = 00:07:46   START_PICKING         [queue size = 40]
2026-07-13 11:05:52 DEBUG: Processing task 85 at workstation 1: picking items {5248} for orders {6}
2026-07-13 11:05:52 DEBUG:    EVENT NUM 991   current_time = 00:07:46   ARRIVAL_POD_WST       [queue size = 40]
2026-07-13 11:05:52 DEBUG: Pod 343 arrived at workstation 3 - status = IDLE
2026-07-13 11:05:52 DEBUG: Pod queued at workstation.    [picking_buffer = {96: 466.7269900049658}]
2026-07-13 11:05:52 DEBUG:    EVENT NUM 992   current_time = 00:07:46   START_PICKING         [queue size = 40]
2026-07-13 11:05:52 DEBUG: Processing task 96 at workstation 3: picking items {4468} for orders {99}
2026-07-13 11:05:52 DEBUG:    EVENT NUM 993   current_time = 00:07:49   END_PICKING           [queue size = 40]
2026-07-13 11:05:52 DEBUG: Ended picking at workstation 8.    [picking_buffer len = {}]
2026-07-13 11:05:52 DEBUG: Task should have served orders {48}, found open orders {40, 77, 48, 84}.
2026-07-13 11:05:52 DEBUG: Task 87 completed: pod 116 returning to storage.
2026-07-13 11:05:52 DEBUG:    EVENT NUM 994   current_time = 00:07:49   CLOSE_ORDER           [queue size = 41]
2026-07-13 11:05:52 DEBUG: Order 48 closed at workstation 8: flow_time = 469.7 s.     [order_buffer = 1] [open_orders = 3/4]
2026-07-13 11:05:52 DEBUG: Next order in buffer: 74
2026-07-13 11:05:52 DEBUG:    EVENT NUM 995   current_time = 00:07:49   OPEN_ORDER            [queue size = 41]
2026-07-13 11:05:52 DEBUG: Order 74 (skus required = {6225, 3183, 5359}) opened at workstation 8.   [open_orders = 4/4]
2026-07-13 11:05:52 DEBUG:    EVENT NUM 996   current_time = 00:07:49   START_TASK            [queue size = 41]
2026-07-13 11:05:52 DEBUG: Task 116 blocked: no idle robots.
2026-07-13 11:05:52 DEBUG:    EVENT NUM 997   current_time = 00:07:50   ARRIVAL_ORDER         [queue size = 40]
2026-07-13 11:05:52 DEBUG: Order 146 arrived: items_required = [7229].     [orders_in_system = 74]
2026-07-13 11:05:52 DEBUG:    EVENT NUM 998   current_time = 00:07:51   RETURN_POD            [queue size = 40]
2026-07-13 11:05:52 DEBUG: Pod 305 returned. Robot 23 idle.   [idle robots = 1/40, released tasks = 28]
2026-07-13 11:05:52 DEBUG:    EVENT NUM 999   current_time = 00:07:51   START_TASK            [queue size = 40]
2026-07-13 11:05:52 DEBUG: Task 116 started: robot 23 → pod 733 → workstation 3 for orders {90} (arrival = 499.2 s).   [idle robots = 0/40]
2026-07-13 11:05:52 DEBUG:    EVENT NUM 1000  current_time = 00:07:55   ARRIVAL_POD_WST       [queue size = 40]
2026-07-13 11:05:52 DEBUG: Pod 419 arrived at workstation 3 - status = BUSY
2026-07-13 11:05:52 DEBUG: Pod queued at workstation.    [picking_buffer = {86: 475.62594355490165}]
2026-07-13 11:05:52 DEBUG:    EVENT NUM 1001  current_time = 00:07:56   END_PICKING           [queue size = 39]
2026-07-13 11:05:52 DEBUG: Ended picking at workstation 1.    [picking_buffer len = {}]
2026-07-13 11:05:52 DEBUG: Task should have served orders {6}, found open orders {6}.
2026-07-13 11:05:52 DEBUG: Task 85 completed: pod 114 returning to storage.
2026-07-13 11:05:52 DEBUG:    EVENT NUM 1002  current_time = 00:07:56   CLOSE_ORDER           [queue size = 40]
2026-07-13 11:05:52 DEBUG: Order 6 closed at workstation 1: flow_time = 476.2 s.     [order_buffer = 0] [open_orders = 0/4]
2026-07-13 11:05:52 DEBUG:    EVENT NUM 1003  current_time = 00:07:56   END_PICKING           [queue size = 39]
2026-07-13 11:05:52 DEBUG: Ended picking at workstation 3.    [picking_buffer len = {86: 475.62594355490165}]
2026-07-13 11:05:52 DEBUG: Task should have served orders {99}, found open orders {99, 90, 31}.
2026-07-13 11:05:52 DEBUG: Task 96 completed: pod 343 returning to storage.
2026-07-13 11:05:52 DEBUG:    EVENT NUM 1004  current_time = 00:07:56   START_PICKING         [queue size = 40]
2026-07-13 11:05:52 DEBUG: Processing task 86 at workstation 3: picking items {10374} for orders {99}
2026-07-13 11:05:52 DEBUG:    EVENT NUM 1005  current_time = 00:07:58   ARRIVAL_POD_WST       [queue size = 40]
2026-07-13 11:05:52 DEBUG: Pod 404 arrived at workstation 3 - status = BUSY
2026-07-13 11:05:52 DEBUG: Pod queued at workstation.    [picking_buffer = {99: 478.42121686568606}]
2026-07-13 11:05:52 DEBUG:    EVENT NUM 1006  current_time = 00:08:00   ARRIVAL_ORDER         [queue size = 39]
2026-07-13 11:05:52 DEBUG: Order 147 arrived: items_required = [5171].     [orders_in_system = 74]
2026-07-13 11:05:52 DEBUG:    EVENT NUM 1007  current_time = 00:08:06   END_PICKING           [queue size = 39]
2026-07-13 11:05:52 DEBUG: Ended picking at workstation 3.    [picking_buffer len = {99: 478.42121686568606}]
2026-07-13 11:05:52 DEBUG: Task should have served orders {99}, found open orders {99, 90, 31}.
2026-07-13 11:05:52 DEBUG: Task 86 completed: pod 419 returning to storage.
2026-07-13 11:05:52 DEBUG:    EVENT NUM 1008  current_time = 00:08:06   START_PICKING         [queue size = 40]
2026-07-13 11:05:52 DEBUG: Processing task 99 at workstation 3: picking items {8255} for orders {99}
2026-07-13 11:05:52 DEBUG:    EVENT NUM 1009  current_time = 00:08:10   ARRIVAL_ORDER         [queue size = 40]
2026-07-13 11:05:52 DEBUG: Order 148 arrived: items_required = [9339].     [orders_in_system = 75]
2026-07-13 11:05:52 DEBUG:    EVENT NUM 1010  current_time = 00:08:13   ARRIVAL_POD_WST       [queue size = 40]
2026-07-13 11:05:52 DEBUG: Pod 372 arrived at workstation 4 - status = IDLE
2026-07-13 11:05:52 DEBUG: Pod queued at workstation.    [picking_buffer = {76: 329.48532816805425, 101: 493.86795473532436}]
2026-07-13 11:05:52 DEBUG:    EVENT NUM 1011  current_time = 00:08:13   START_PICKING         [queue size = 40]
2026-07-13 11:05:52 DEBUG: Processing task 101 at workstation 4: picking items {6641} for orders {9}
2026-07-13 11:05:52 DEBUG:    EVENT NUM 1012  current_time = 00:08:14   RETURN_POD            [queue size = 40]
2026-07-13 11:05:52 DEBUG: Pod 150 returned. Robot 13 idle.   [idle robots = 1/40, released tasks = 27]
2026-07-13 11:05:52 DEBUG:    EVENT NUM 1013  current_time = 00:08:14   START_TASK            [queue size = 40]
2026-07-13 11:05:52 DEBUG: Task 117 started: robot 13 → pod 594 → workstation 4 for orders {69} (arrival = 607.1 s).   [idle robots = 0/40]
2026-07-13 11:05:52 DEBUG:    EVENT NUM 1014  current_time = 00:08:16   END_PICKING           [queue size = 40]
2026-07-13 11:05:52 DEBUG: Ended picking at workstation 3.    [picking_buffer len = {}]
2026-07-13 11:05:52 DEBUG: Task should have served orders {99}, found open orders {99, 90, 31}.
2026-07-13 11:05:52 DEBUG: Task 99 completed: pod 404 returning to storage.
2026-07-13 11:05:52 DEBUG:    EVENT NUM 1015  current_time = 00:08:16   CLOSE_ORDER           [queue size = 41]
2026-07-13 11:05:52 DEBUG: Order 99 closed at workstation 3: flow_time = 496.7 s.     [order_buffer = 0] [open_orders = 2/4]
2026-07-13 11:05:52 DEBUG:    EVENT NUM 1016  current_time = 00:08:19   ARRIVAL_POD_WST       [queue size = 40]
2026-07-13 11:05:52 DEBUG: Pod 318 arrived at workstation 4 - status = BUSY
2026-07-13 11:05:52 DEBUG: Pod queued at workstation.    [picking_buffer = {76: 329.48532816805425, 97: 499.1296409233619}]
2026-07-13 11:05:52 DEBUG:    EVENT NUM 1017  current_time = 00:08:19   ARRIVAL_POD_WST       [queue size = 39]
2026-07-13 11:05:52 DEBUG: Pod 733 arrived at workstation 3 - status = IDLE
2026-07-13 11:05:52 DEBUG: Pod queued at workstation.    [picking_buffer = {116: 499.1638282897091}]
2026-07-13 11:05:52 DEBUG:    EVENT NUM 1018  current_time = 00:08:19   START_PICKING         [queue size = 39]
2026-07-13 11:05:52 DEBUG: Processing task 116 at workstation 3: picking items {4123} for orders {90}
2026-07-13 11:05:52 DEBUG:    EVENT NUM 1019  current_time = 00:08:19   ARRIVAL_POD_WST       [queue size = 39]
2026-07-13 11:05:52 DEBUG: Pod 98 arrived at workstation 0 - status = IDLE
2026-07-13 11:05:52 DEBUG: Pod queued at workstation.    [picking_buffer = {75: 499.4790996810922}]
2026-07-13 11:05:52 DEBUG:    EVENT NUM 1020  current_time = 00:08:19   START_PICKING         [queue size = 39]
2026-07-13 11:05:52 DEBUG: Processing task 75 at workstation 0: picking items {2643} for orders {53}
2026-07-13 11:05:52 DEBUG:    EVENT NUM 1021  current_time = 00:08:20   ARRIVAL_ORDER         [queue size = 39]
2026-07-13 11:05:52 DEBUG: Order 149 arrived: items_required = [5577].     [orders_in_system = 75]
2026-07-13 11:05:52 DEBUG:    EVENT NUM 1022  current_time = 00:08:20   RETURN_POD            [queue size = 39]
2026-07-13 11:05:52 DEBUG: Pod 361 returned. Robot 0 idle.   [idle robots = 1/40, released tasks = 26]
2026-07-13 11:05:52 DEBUG:    EVENT NUM 1023  current_time = 00:08:20   START_TASK            [queue size = 39]
2026-07-13 11:05:52 DEBUG: Task 118 started: robot 0 → pod 417 → workstation 8 for orders {84} (arrival = 613.3 s).   [idle robots = 0/40]
2026-07-13 11:05:52 DEBUG:    EVENT NUM 1024  current_time = 00:08:20   RETURN_POD            [queue size = 39]
2026-07-13 11:05:52 DEBUG: Pod 24 returned. Robot 39 idle.   [idle robots = 1/40, released tasks = 25]
2026-07-13 11:05:52 DEBUG:    EVENT NUM 1025  current_time = 00:08:20   START_TASK            [queue size = 39]
2026-07-13 11:05:52 DEBUG: Task 119 started: robot 39 → pod 139 → workstation 6 for orders {65} (arrival = 606.6 s).   [idle robots = 0/40]
2026-07-13 11:05:52 DEBUG:    EVENT NUM 1026  current_time = 00:08:22   ARRIVAL_POD_WST       [queue size = 39]
2026-07-13 11:05:52 DEBUG: Pod 865 arrived at workstation 5 - status = IDLE
2026-07-13 11:05:52 DEBUG: Pod queued at workstation.    [picking_buffer = {107: 502.6423123546681}]
2026-07-13 11:05:52 DEBUG:    EVENT NUM 1027  current_time = 00:08:22   START_PICKING         [queue size = 39]
2026-07-13 11:05:52 DEBUG: Processing task 107 at workstation 5: picking items {3611} for orders {73}
2026-07-13 11:05:52 DEBUG:    EVENT NUM 1028  current_time = 00:08:23   END_PICKING           [queue size = 39]
2026-07-13 11:05:52 DEBUG: Ended picking at workstation 4.    [picking_buffer len = {76: 329.48532816805425, 97: 499.1296409233619}]
2026-07-13 11:05:52 DEBUG: Task should have served orders {9}, found open orders {32, 69, 78, 9}.
2026-07-13 11:05:52 DEBUG: Task 101 completed: pod 372 returning to storage.
2026-07-13 11:05:52 DEBUG:    EVENT NUM 1029  current_time = 00:08:23   START_PICKING         [queue size = 40]
2026-07-13 11:05:52 DEBUG: Processing task 97 at workstation 4: picking items {6824} for orders {78}
2026-07-13 11:05:52 DEBUG:    EVENT NUM 1030  current_time = 00:08:26   ARRIVAL_POD_WST       [queue size = 40]
2026-07-13 11:05:52 DEBUG: Pod 307 arrived at workstation 0 - status = BUSY
2026-07-13 11:05:52 DEBUG: Pod queued at workstation.    [picking_buffer = {98: 506.3828153921715}]
2026-07-13 11:05:52 DEBUG:    EVENT NUM 1031  current_time = 00:08:29   END_PICKING           [queue size = 39]
2026-07-13 11:05:52 DEBUG: Ended picking at workstation 3.    [picking_buffer len = {}]
2026-07-13 11:05:52 DEBUG: Task should have served orders {90}, found open orders {90, 31}.
2026-07-13 11:05:52 DEBUG: Task 116 completed: pod 733 returning to storage.
2026-07-13 11:05:52 DEBUG:    EVENT NUM 1032  current_time = 00:08:29   RETURN_POD            [queue size = 39]
2026-07-13 11:05:52 DEBUG: Pod 653 returned. Robot 24 idle.   [idle robots = 1/40, released tasks = 24]
2026-07-13 11:05:52 DEBUG:    EVENT NUM 1033  current_time = 00:08:29   START_TASK            [queue size = 39]
2026-07-13 11:05:52 DEBUG: Task 120 started: robot 24 → pod 185 → workstation 6 for orders {65} (arrival = 666.7 s).   [idle robots = 0/40]
2026-07-13 11:05:52 DEBUG:    EVENT NUM 1034  current_time = 00:08:29   END_PICKING           [queue size = 39]
2026-07-13 11:05:52 DEBUG: Ended picking at workstation 0.    [picking_buffer len = {98: 506.3828153921715}]
2026-07-13 11:05:52 DEBUG: Task should have served orders {53}, found open orders {45, 53, 25}.
2026-07-13 11:05:52 DEBUG: Task 75 completed: pod 98 returning to storage.
2026-07-13 11:05:52 DEBUG:    EVENT NUM 1035  current_time = 00:08:29   START_PICKING         [queue size = 40]
2026-07-13 11:05:52 DEBUG: Processing task 98 at workstation 0: picking items {3421} for orders {45}
2026-07-13 11:05:52 DEBUG:    EVENT NUM 1036  current_time = 00:08:29   ARRIVAL_POD_WST       [queue size = 40]
2026-07-13 11:05:52 DEBUG: Pod 652 arrived at workstation 3 - status = IDLE
2026-07-13 11:05:52 DEBUG: Pod queued at workstation.    [picking_buffer = {104: 509.7947071195461}]
2026-07-13 11:05:52 DEBUG:    EVENT NUM 1037  current_time = 00:08:29   START_PICKING         [queue size = 40]
2026-07-13 11:05:52 DEBUG: Processing task 104 at workstation 3: picking items {4671} for orders {31}
2026-07-13 11:05:52 DEBUG:    EVENT NUM 1038  current_time = 00:08:30   ARRIVAL_ORDER         [queue size = 40]
2026-07-13 11:05:52 DEBUG: Order 150 arrived: items_required = [6776].     [orders_in_system = 76]
2026-07-13 11:05:52 DEBUG:    EVENT NUM 1039  current_time = 00:08:32   END_PICKING           [queue size = 40]
2026-07-13 11:05:52 DEBUG: Ended picking at workstation 5.    [picking_buffer len = {}]
2026-07-13 11:05:52 DEBUG: Task should have served orders {73}, found open orders {39, 73, 20}.
2026-07-13 11:05:52 DEBUG: Task 107 completed: pod 865 returning to storage.
2026-07-13 11:05:52 DEBUG:    EVENT NUM 1040  current_time = 00:08:32   CLOSE_ORDER           [queue size = 41]
2026-07-13 11:05:52 DEBUG: Order 73 closed at workstation 5: flow_time = 512.6 s.     [order_buffer = 0] [open_orders = 2/4]
2026-07-13 11:05:52 DEBUG:    EVENT NUM 1041  current_time = 00:08:33   ARRIVAL_POD_WST       [queue size = 40]
2026-07-13 11:05:52 DEBUG: Pod 59 arrived at workstation 6 - status = IDLE
2026-07-13 11:05:52 DEBUG: Pod queued at workstation.    [picking_buffer = {93: 513.6355629721556}]
2026-07-13 11:05:52 DEBUG:    EVENT NUM 1042  current_time = 00:08:33   START_PICKING         [queue size = 40]
2026-07-13 11:05:52 DEBUG: Processing task 93 at workstation 6: picking items {8536} for orders {86}
2026-07-13 11:05:52 DEBUG:    EVENT NUM 1043  current_time = 00:08:33   END_PICKING           [queue size = 40]
2026-07-13 11:05:52 DEBUG: Ended picking at workstation 4.    [picking_buffer len = {76: 329.48532816805425}]
2026-07-13 11:05:52 DEBUG: Task should have served orders {78}, found open orders {32, 69, 78, 9}.
2026-07-13 11:05:52 DEBUG: Task 97 completed: pod 318 returning to storage.
2026-07-13 11:05:52 DEBUG:    EVENT NUM 1044  current_time = 00:08:33   START_PICKING         [queue size = 41]
2026-07-13 11:05:52 DEBUG: start_picking: WS 4 has no actionable task in buffer.
2026-07-13 11:05:52 DEBUG:    EVENT NUM 1045  current_time = 00:08:39   END_PICKING           [queue size = 40]
2026-07-13 11:05:52 DEBUG: Ended picking at workstation 0.    [picking_buffer len = {}]
2026-07-13 11:05:52 DEBUG: Task should have served orders {45}, found open orders {45, 53, 25}.
2026-07-13 11:05:52 DEBUG: Task 98 completed: pod 307 returning to storage.
2026-07-13 11:05:52 DEBUG:    EVENT NUM 1046  current_time = 00:08:39   CLOSE_ORDER           [queue size = 41]
2026-07-13 11:05:52 DEBUG: Order 45 closed at workstation 0: flow_time = 519.5 s.     [order_buffer = 0] [open_orders = 2/4]
2026-07-13 11:05:52 DEBUG:    EVENT NUM 1047  current_time = 00:08:39   END_PICKING           [queue size = 40]
2026-07-13 11:05:52 DEBUG: Ended picking at workstation 3.    [picking_buffer len = {}]
2026-07-13 11:05:52 DEBUG: Task should have served orders {31}, found open orders {90, 31}.
2026-07-13 11:05:52 DEBUG: Task 104 heading to workstation 4.
2026-07-13 11:05:52 DEBUG:    EVENT NUM 1048  current_time = 00:08:39   CLOSE_ORDER           [queue size = 41]
2026-07-13 11:05:52 DEBUG: Order 31 closed at workstation 3: flow_time = 519.8 s.     [order_buffer = 0] [open_orders = 1/4]
2026-07-13 11:05:52 DEBUG:    EVENT NUM 1049  current_time = 00:08:40   ARRIVAL_ORDER         [queue size = 40]
2026-07-13 11:05:52 DEBUG: Order 151 arrived: items_required = [2026].     [orders_in_system = 74]
2026-07-13 11:05:52 DEBUG:    EVENT NUM 1050  current_time = 00:08:43   END_PICKING           [queue size = 40]
2026-07-13 11:05:52 DEBUG: Ended picking at workstation 6.    [picking_buffer len = {}]
2026-07-13 11:05:52 DEBUG: Task should have served orders {86}, found open orders {65, 10, 86, 29}.
2026-07-13 11:05:52 DEBUG: Task 93 completed: pod 59 returning to storage.
2026-07-13 11:05:52 DEBUG:    EVENT NUM 1051  current_time = 00:08:43   CLOSE_ORDER           [queue size = 41]
2026-07-13 11:05:52 DEBUG: Order 86 closed at workstation 6: flow_time = 523.6 s.     [order_buffer = 0] [open_orders = 3/4]
2026-07-13 11:05:52 DEBUG:    EVENT NUM 1052  current_time = 00:08:44   ARRIVAL_POD_WST       [queue size = 40]
2026-07-13 11:05:52 DEBUG: Pod 109 arrived at workstation 4 - status = IDLE
2026-07-13 11:05:52 DEBUG: Pod queued at workstation.    [picking_buffer = {76: 329.48532816805425, 100: 524.1501245766019}]
2026-07-13 11:05:52 DEBUG:    EVENT NUM 1053  current_time = 00:08:44   START_PICKING         [queue size = 40]
2026-07-13 11:05:52 DEBUG: Processing task 100 at workstation 4: picking items {9696} for orders {9}
2026-07-13 11:05:52 DEBUG:    EVENT NUM 1054  current_time = 00:08:46   RETURN_POD            [queue size = 40]
2026-07-13 11:05:52 DEBUG: Pod 754 returned. Robot 5 idle.   [idle robots = 1/40, released tasks = 23]
2026-07-13 11:05:52 DEBUG:    EVENT NUM 1055  current_time = 00:08:46   START_TASK            [queue size = 40]
2026-07-13 11:05:52 DEBUG: Task 121 started: robot 5 → pod 789 → workstation 7 for orders {28} (arrival = 605.4 s).   [idle robots = 0/40]
2026-07-13 11:05:52 DEBUG:    EVENT NUM 1056  current_time = 00:08:46   ARRIVAL_POD_WST       [queue size = 40]
2026-07-13 11:05:52 DEBUG: Pod 652 arrived at workstation 4 - status = BUSY
2026-07-13 11:05:52 DEBUG: Pod queued at workstation.    [picking_buffer = {76: 329.48532816805425, 104: 526.1590485820403}]
2026-07-13 11:05:52 DEBUG:    EVENT NUM 1057  current_time = 00:08:46   RETURN_POD            [queue size = 39]
2026-07-13 11:05:52 DEBUG: Pod 53 returned. Robot 31 idle.   [idle robots = 1/40, released tasks = 22]
2026-07-13 11:05:52 DEBUG:    EVENT NUM 1058  current_time = 00:08:46   START_TASK            [queue size = 39]
2026-07-13 11:05:52 DEBUG: Task 122 started: robot 31 → pod 324 → workstation 7 for orders {28} (arrival = 642.8 s).   [idle robots = 0/40]
2026-07-13 11:05:52 DEBUG:    EVENT NUM 1059  current_time = 00:08:47   RETURN_POD            [queue size = 39]
2026-07-13 11:05:52 DEBUG: Pod 249 returned. Robot 29 idle.   [idle robots = 1/40, released tasks = 21]
2026-07-13 11:05:52 DEBUG:    EVENT NUM 1060  current_time = 00:08:47   START_TASK            [queue size = 39]
2026-07-13 11:05:52 DEBUG: Task 123 started: robot 29 → pod 664 → workstation 5 for orders {20} (arrival = 626.0 s).   [idle robots = 0/40]
2026-07-13 11:05:52 DEBUG:    EVENT NUM 1061  current_time = 00:08:48   RETURN_POD            [queue size = 39]
2026-07-13 11:05:52 DEBUG: Pod 723 returned. Robot 30 idle.   [idle robots = 1/40, released tasks = 20]
2026-07-13 11:05:52 DEBUG:    EVENT NUM 1062  current_time = 00:08:48   START_TASK            [queue size = 39]
2026-07-13 11:05:52 DEBUG: Task 124 started: robot 30 → pod 839 → workstation 5 for orders {20} (arrival = 626.3 s).   [idle robots = 0/40]
2026-07-13 11:05:52 DEBUG:    EVENT NUM 1063  current_time = 00:08:48   ARRIVAL_POD_WST       [queue size = 39]
2026-07-13 11:05:52 DEBUG: Pod 559 arrived at workstation 4 - status = BUSY
2026-07-13 11:05:52 DEBUG: Pod queued at workstation.    [picking_buffer = {76: 329.48532816805425, 104: 526.1590485820403, 112: 528.4756750546837}]
2026-07-13 11:05:52 DEBUG:    EVENT NUM 1064  current_time = 00:08:49   ARRIVAL_POD_WST       [queue size = 38]
2026-07-13 11:05:52 DEBUG: Pod 431 arrived at workstation 4 - status = BUSY
2026-07-13 11:05:52 DEBUG: Pod queued at workstation.    [picking_buffer = {76: 329.48532816805425, 104: 526.1590485820403, 112: 528.4756750546837, 111: 529.0766278628962}]
2026-07-13 11:05:52 DEBUG:    EVENT NUM 1065  current_time = 00:08:50   ARRIVAL_ORDER         [queue size = 37]
2026-07-13 11:05:52 DEBUG: Order 152 arrived: items_required = [8687].     [orders_in_system = 74]
2026-07-13 11:05:52 DEBUG:    EVENT NUM 1066  current_time = 00:08:54   END_PICKING           [queue size = 37]
2026-07-13 11:05:52 DEBUG: Ended picking at workstation 4.    [picking_buffer len = {76: 329.48532816805425, 104: 526.1590485820403, 112: 528.4756750546837, 111: 529.0766278628962}]
2026-07-13 11:05:52 DEBUG: Task should have served orders {9}, found open orders {32, 69, 78, 9}.
2026-07-13 11:05:52 DEBUG: Task 100 heading to workstation 4.
2026-07-13 11:05:52 DEBUG:    EVENT NUM 1067  current_time = 00:08:54   CLOSE_ORDER           [queue size = 39]
2026-07-13 11:05:52 DEBUG: Order 9 closed at workstation 4: flow_time = 534.2 s.     [order_buffer = 1] [open_orders = 3/4]
2026-07-13 11:05:52 DEBUG: Next order in buffer: 15
2026-07-13 11:05:52 DEBUG:    EVENT NUM 1068  current_time = 00:08:54   ARRIVAL_POD_WST       [queue size = 39]
2026-07-13 11:05:52 DEBUG: Pod 109 arrived at workstation 4 - status = IDLE
2026-07-13 11:05:52 DEBUG: Pod queued at workstation.    [picking_buffer = {76: 329.48532816805425, 104: 526.1590485820403, 112: 528.4756750546837, 111: 529.0766278628962, 100: 534.1501245766019}]
2026-07-13 11:05:52 DEBUG:    EVENT NUM 1069  current_time = 00:08:54   START_PICKING         [queue size = 39]
2026-07-13 11:05:52 DEBUG: Processing task 104 at workstation 4: picking items {5423} for orders {32}
2026-07-13 11:05:52 DEBUG:    EVENT NUM 1070  current_time = 00:08:54   OPEN_ORDER            [queue size = 39]
2026-07-13 11:05:52 DEBUG: Order 15 (skus required = {4202, 3565, 2398}) opened at workstation 4.   [open_orders = 4/4]
2026-07-13 11:05:52 DEBUG:    EVENT NUM 1071  current_time = 00:08:54   START_PICKING         [queue size = 39]
2026-07-13 11:05:52 DEBUG:    EVENT NUM 1072  current_time = 00:08:54   START_TASK            [queue size = 38]
2026-07-13 11:05:52 DEBUG: Task 125 blocked: no idle robots.
2026-07-13 11:05:52 DEBUG:    EVENT NUM 1073  current_time = 00:08:56   RETURN_POD            [queue size = 37]
2026-07-13 11:05:52 DEBUG: Pod 733 returned. Robot 23 idle.   [idle robots = 1/40, released tasks = 19]
2026-07-13 11:05:52 DEBUG:    EVENT NUM 1074  current_time = 00:08:56   START_TASK            [queue size = 37]
2026-07-13 11:05:52 DEBUG: Task 125 started: robot 23 → pod 466 → workstation 6 for orders {29} (arrival = 590.3 s).   [idle robots = 0/40]
2026-07-13 11:05:52 DEBUG:    EVENT NUM 1075  current_time = 00:09:00   ARRIVAL_ORDER         [queue size = 37]
2026-07-13 11:05:52 DEBUG: Order 153 arrived: items_required = [8972, 5213, 9389].     [orders_in_system = 74]
2026-07-13 11:05:52 DEBUG:    EVENT NUM 1076  current_time = 00:09:04   END_PICKING           [queue size = 37]
2026-07-13 11:05:52 DEBUG: Ended picking at workstation 4.    [picking_buffer len = {76: 329.48532816805425, 112: 528.4756750546837, 111: 529.0766278628962, 100: 534.1501245766019}]
2026-07-13 11:05:52 DEBUG: Task should have served orders {32}, found open orders {32, 69, 78, 15}.
2026-07-13 11:05:52 DEBUG: Task 104 completed: pod 652 returning to storage.
2026-07-13 11:05:52 DEBUG:    EVENT NUM 1077  current_time = 00:09:04   CLOSE_ORDER           [queue size = 39]
2026-07-13 11:05:52 DEBUG: Order 32 closed at workstation 4: flow_time = 544.2 s.     [order_buffer = 0] [open_orders = 3/4]
2026-07-13 11:05:52 DEBUG:    EVENT NUM 1078  current_time = 00:09:04   START_PICKING         [queue size = 38]
2026-07-13 11:05:52 DEBUG: Processing task 76 at workstation 4: picking items {4202} for orders {15}
2026-07-13 11:05:52 DEBUG:    EVENT NUM 1079  current_time = 00:09:04   ARRIVAL_POD_WST       [queue size = 38]
2026-07-13 11:05:52 DEBUG: Pod 132 arrived at workstation 5 - status = IDLE
2026-07-13 11:05:52 DEBUG: Pod queued at workstation.    [picking_buffer = {108: 544.7029512930951}]
2026-07-13 11:05:52 DEBUG:    EVENT NUM 1080  current_time = 00:09:04   START_PICKING         [queue size = 38]
2026-07-13 11:05:52 DEBUG: Processing task 108 at workstation 5: picking items {6016} for orders {20}
2026-07-13 11:05:52 DEBUG:    EVENT NUM 1081  current_time = 00:09:04   RETURN_POD            [queue size = 38]
2026-07-13 11:05:52 DEBUG: Pod 343 returned. Robot 10 idle.   [idle robots = 1/40, released tasks = 18]
2026-07-13 11:05:52 DEBUG:    EVENT NUM 1082  current_time = 00:09:04   START_TASK            [queue size = 38]
2026-07-13 11:05:52 DEBUG: Task 126 started: robot 10 → pod 171 → workstation 6 for orders {29} (arrival = 651.7 s).   [idle robots = 0/40]
2026-07-13 11:05:52 DEBUG:    EVENT NUM 1083  current_time = 00:09:08   ARRIVAL_POD_WST       [queue size = 38]
2026-07-13 11:05:52 DEBUG: Pod 259 arrived at workstation 5 - status = BUSY
2026-07-13 11:05:52 DEBUG: Pod queued at workstation.    [picking_buffer = {109: 548.4568352406059}]
2026-07-13 11:05:52 DEBUG:    EVENT NUM 1084  current_time = 00:09:09   ARRIVAL_POD_WST       [queue size = 37]
2026-07-13 11:05:52 DEBUG: Pod 110 arrived at workstation 5 - status = BUSY
2026-07-13 11:05:52 DEBUG: Pod queued at workstation.    [picking_buffer = {109: 548.4568352406059, 106: 549.9956975660034}]
2026-07-13 11:05:52 DEBUG:    EVENT NUM 1085  current_time = 00:09:10   ARRIVAL_ORDER         [queue size = 36]
2026-07-13 11:05:52 DEBUG: Order 154 arrived: items_required = [8047].     [orders_in_system = 74]
2026-07-13 11:05:52 DEBUG:    EVENT NUM 1086  current_time = 00:09:14   END_PICKING           [queue size = 36]
2026-07-13 11:05:52 DEBUG: Ended picking at workstation 4.    [picking_buffer len = {112: 528.4756750546837, 111: 529.0766278628962, 100: 534.1501245766019}]
2026-07-13 11:05:52 DEBUG: Task should have served orders {15}, found open orders {69, 78, 15}.
2026-07-13 11:05:52 DEBUG: Task 76 completed: pod 352 returning to storage.
2026-07-13 11:05:52 DEBUG:    EVENT NUM 1087  current_time = 00:09:14   START_PICKING         [queue size = 37]
2026-07-13 11:05:52 DEBUG: Processing task 112 at workstation 4: picking items {3565} for orders {15}
2026-07-13 11:05:52 DEBUG:    EVENT NUM 1088  current_time = 00:09:14   END_PICKING           [queue size = 37]
2026-07-13 11:05:52 DEBUG: Ended picking at workstation 5.    [picking_buffer len = {109: 548.4568352406059, 106: 549.9956975660034}]
2026-07-13 11:05:52 DEBUG: Task should have served orders {20}, found open orders {39, 20}.
2026-07-13 11:05:52 DEBUG: Task 108 completed: pod 132 returning to storage.
2026-07-13 11:05:52 DEBUG:    EVENT NUM 1089  current_time = 00:09:14   START_PICKING         [queue size = 38]
2026-07-13 11:05:52 DEBUG: Processing task 109 at workstation 5: picking items {5984} for orders {20}
2026-07-13 11:05:52 DEBUG:    EVENT NUM 1090  current_time = 00:09:15   ARRIVAL_POD_WST       [queue size = 38]
2026-07-13 11:05:52 DEBUG: Pod 843 arrived at workstation 4 - status = BUSY
2026-07-13 11:05:52 DEBUG: Pod queued at workstation.    [picking_buffer = {111: 529.0766278628962, 100: 534.1501245766019, 115: 555.1385904434775}]
2026-07-13 11:05:52 DEBUG:    EVENT NUM 1091  current_time = 00:09:18   ARRIVAL_POD_WST       [queue size = 37]
2026-07-13 11:05:52 DEBUG: Pod 157 arrived at workstation 4 - status = BUSY
2026-07-13 11:05:52 DEBUG: Pod queued at workstation.    [picking_buffer = {111: 529.0766278628962, 100: 534.1501245766019, 115: 555.1385904434775, 102: 558.0251168649769}]
2026-07-13 11:05:52 DEBUG:    EVENT NUM 1092  current_time = 00:09:20   ARRIVAL_ORDER         [queue size = 36]
2026-07-13 11:05:52 DEBUG: Order 155 arrived: items_required = [12186, 12154].     [orders_in_system = 75]
2026-07-13 11:05:52 DEBUG:    EVENT NUM 1093  current_time = 00:09:20   ARRIVAL_POD_WST       [queue size = 36]
2026-07-13 11:05:52 DEBUG: Pod 232 arrived at workstation 8 - status = IDLE
2026-07-13 11:05:52 DEBUG: Pod queued at workstation.    [picking_buffer = {113: 560.4450859668779}]
2026-07-13 11:05:52 DEBUG:    EVENT NUM 1094  current_time = 00:09:20   START_PICKING         [queue size = 36]
2026-07-13 11:05:52 DEBUG: Processing task 113 at workstation 8: picking items {5856} for orders {84}
2026-07-13 11:05:52 DEBUG:    EVENT NUM 1095  current_time = 00:09:22   RETURN_POD            [queue size = 36]
2026-07-13 11:05:52 DEBUG: Pod 404 returned. Robot 35 idle.   [idle robots = 1/40, released tasks = 17]
2026-07-13 11:05:52 DEBUG:    EVENT NUM 1096  current_time = 00:09:22   START_TASK            [queue size = 36]
2026-07-13 11:05:52 DEBUG: Task 127 started: robot 35 → pod 768 → workstation 7 for orders {89} (arrival = 592.4 s).   [idle robots = 0/40]
2026-07-13 11:05:52 DEBUG:    EVENT NUM 1097  current_time = 00:09:24   END_PICKING           [queue size = 36]
2026-07-13 11:05:52 DEBUG: Ended picking at workstation 4.    [picking_buffer len = {111: 529.0766278628962, 100: 534.1501245766019, 115: 555.1385904434775, 102: 558.0251168649769}]
2026-07-13 11:05:52 DEBUG: Task should have served orders {15}, found open orders {69, 78, 15}.
2026-07-13 11:05:52 DEBUG: Task 112 completed: pod 559 returning to storage.
2026-07-13 11:05:52 DEBUG:    EVENT NUM 1098  current_time = 00:09:24   START_PICKING         [queue size = 37]
2026-07-13 11:05:52 DEBUG: Processing task 111 at workstation 4: picking items {10397} for orders {69}
2026-07-13 11:05:52 DEBUG:    EVENT NUM 1099  current_time = 00:09:24   END_PICKING           [queue size = 37]
2026-07-13 11:05:52 DEBUG: Ended picking at workstation 5.    [picking_buffer len = {106: 549.9956975660034}]
2026-07-13 11:05:52 DEBUG: Task should have served orders {20}, found open orders {39, 20}.
2026-07-13 11:05:52 DEBUG: Task 109 completed: pod 259 returning to storage.
2026-07-13 11:05:52 DEBUG:    EVENT NUM 1100  current_time = 00:09:24   START_PICKING         [queue size = 38]
2026-07-13 11:05:52 DEBUG: Processing task 106 at workstation 5: picking items {6297} for orders {39}
2026-07-13 11:05:52 DEBUG:    EVENT NUM 1101  current_time = 00:09:26   ARRIVAL_POD_WST       [queue size = 38]
2026-07-13 11:05:52 DEBUG: Pod 128 arrived at workstation 3 - status = IDLE
2026-07-13 11:05:52 DEBUG: Pod queued at workstation.    [picking_buffer = {110: 566.1043297501633}]
2026-07-13 11:05:52 DEBUG:    EVENT NUM 1102  current_time = 00:09:26   START_PICKING         [queue size = 38]
2026-07-13 11:05:52 DEBUG: Processing task 110 at workstation 3: picking items {3657} for orders {90}
2026-07-13 11:05:52 DEBUG:    EVENT NUM 1103  current_time = 00:09:30   ARRIVAL_ORDER         [queue size = 38]
2026-07-13 11:05:52 DEBUG: Order 156 arrived: items_required = [6341].     [orders_in_system = 76]
2026-07-13 11:05:52 DEBUG:    EVENT NUM 1104  current_time = 00:09:30   ARRIVAL_POD_WST       [queue size = 38]
2026-07-13 11:05:52 DEBUG: Pod 165 arrived at workstation 3 - status = BUSY
2026-07-13 11:05:52 DEBUG: Pod queued at workstation.    [picking_buffer = {114: 570.0074677087549}]
2026-07-13 11:05:52 DEBUG:    EVENT NUM 1105  current_time = 00:09:30   RETURN_POD            [queue size = 37]
2026-07-13 11:05:52 DEBUG: Pod 82 returned. Robot 18 idle.   [idle robots = 1/40, released tasks = 16]
2026-07-13 11:05:52 DEBUG:    EVENT NUM 1106  current_time = 00:09:30   START_TASK            [queue size = 37]
2026-07-13 11:05:52 DEBUG: Task 128 started: robot 18 → pod 149 → workstation 7 for orders {36} (arrival = 722.1 s).   [idle robots = 0/40]
2026-07-13 11:05:52 DEBUG:    EVENT NUM 1107  current_time = 00:09:30   END_PICKING           [queue size = 37]
2026-07-13 11:05:52 DEBUG: Ended picking at workstation 8.    [picking_buffer len = {}]
2026-07-13 11:05:52 DEBUG: Task should have served orders {84}, found open orders {40, 74, 77, 84}.
2026-07-13 11:05:52 DEBUG: Task 113 completed: pod 232 returning to storage.
2026-07-13 11:05:52 DEBUG:    EVENT NUM 1108  current_time = 00:09:31   ARRIVAL_POD_WST       [queue size = 37]
2026-07-13 11:05:52 DEBUG: Pod 236 arrived at workstation 5 - status = BUSY
2026-07-13 11:05:52 DEBUG: Pod queued at workstation.    [picking_buffer = {105: 571.5061411133657}]
2026-07-13 11:05:52 DEBUG:    EVENT NUM 1109  current_time = 00:09:34   END_PICKING           [queue size = 36]
2026-07-13 11:05:52 DEBUG: Ended picking at workstation 4.    [picking_buffer len = {100: 534.1501245766019, 115: 555.1385904434775, 102: 558.0251168649769}]
2026-07-13 11:05:52 DEBUG: Task should have served orders {69}, found open orders {69, 78, 15}.
2026-07-13 11:05:52 DEBUG: Task 111 completed: pod 431 returning to storage.
2026-07-13 11:05:52 DEBUG:    EVENT NUM 1110  current_time = 00:09:34   START_PICKING         [queue size = 37]
2026-07-13 11:05:52 DEBUG: Processing task 100 at workstation 4: picking items {6469} for orders {69}
2026-07-13 11:05:52 DEBUG:    EVENT NUM 1111  current_time = 00:09:34   END_PICKING           [queue size = 37]
2026-07-13 11:05:52 DEBUG: Ended picking at workstation 5.    [picking_buffer len = {105: 571.5061411133657}]
2026-07-13 11:05:52 DEBUG: Task should have served orders {39}, found open orders {39, 20}.
2026-07-13 11:05:52 DEBUG: Task 106 completed: pod 110 returning to storage.
2026-07-13 11:05:52 DEBUG:    EVENT NUM 1112  current_time = 00:09:34   START_PICKING         [queue size = 38]
2026-07-13 11:05:52 DEBUG: Processing task 105 at workstation 5: picking items {12772} for orders {39}
2026-07-13 11:05:52 DEBUG:    EVENT NUM 1113  current_time = 00:09:36   END_PICKING           [queue size = 38]
2026-07-13 11:05:52 DEBUG: Ended picking at workstation 3.    [picking_buffer len = {114: 570.0074677087549}]
2026-07-13 11:05:52 DEBUG: Task should have served orders {90}, found open orders {90}.
2026-07-13 11:05:52 DEBUG: Task 110 completed: pod 128 returning to storage.
2026-07-13 11:05:52 DEBUG:    EVENT NUM 1114  current_time = 00:09:36   START_PICKING         [queue size = 39]
2026-07-13 11:05:52 DEBUG: Processing task 114 at workstation 3: picking items {10134} for orders {90}
2026-07-13 11:05:52 DEBUG:    EVENT NUM 1115  current_time = 00:09:39   RETURN_POD            [queue size = 39]
2026-07-13 11:05:52 DEBUG: Pod 372 returned. Robot 2 idle.   [idle robots = 1/40, released tasks = 15]
2026-07-13 11:05:52 DEBUG:    EVENT NUM 1116  current_time = 00:09:39   START_TASK            [queue size = 39]
2026-07-13 11:05:52 DEBUG: Task 129 started: robot 2 → pod 512 → workstation 7 for orders {36} (arrival = 724.8 s).   [idle robots = 0/40]
2026-07-13 11:05:52 DEBUG:    EVENT NUM 1117  current_time = 00:09:40   ARRIVAL_ORDER         [queue size = 39]
2026-07-13 11:05:52 DEBUG: Order 157 arrived: items_required = [8944, 8046].     [orders_in_system = 77]
2026-07-13 11:05:52 DEBUG:    EVENT NUM 1118  current_time = 00:09:40   RETURN_POD            [queue size = 39]
2026-07-13 11:05:52 DEBUG: Pod 245 returned. Robot 38 idle.   [idle robots = 1/40, released tasks = 14]
2026-07-13 11:05:52 DEBUG:    EVENT NUM 1119  current_time = 00:09:40   START_TASK            [queue size = 39]
2026-07-13 11:05:52 DEBUG: Task 130 started: robot 38 → pod 797 → workstation 7 for orders {89} (arrival = 600.8 s).   [idle robots = 0/40]
2026-07-13 11:05:52 DEBUG:    EVENT NUM 1120  current_time = 00:09:42   RETURN_POD            [queue size = 39]
2026-07-13 11:05:52 DEBUG: Pod 865 returned. Robot 15 idle.   [idle robots = 1/40, released tasks = 13]
2026-07-13 11:05:52 DEBUG:    EVENT NUM 1121  current_time = 00:09:42   START_TASK            [queue size = 39]
2026-07-13 11:05:52 DEBUG: Task 131 started: robot 15 → pod 304 → workstation 6 for orders {10} (arrival = 731.3 s).   [idle robots = 0/40]
2026-07-13 11:05:52 DEBUG:    EVENT NUM 1122  current_time = 00:09:44   END_PICKING           [queue size = 39]
2026-07-13 11:05:52 DEBUG: Ended picking at workstation 4.    [picking_buffer len = {115: 555.1385904434775, 102: 558.0251168649769}]
2026-07-13 11:05:52 DEBUG: Task should have served orders {69}, found open orders {69, 78, 15}.
2026-07-13 11:05:52 DEBUG: Task 100 completed: pod 109 returning to storage.
2026-07-13 11:05:52 DEBUG:    EVENT NUM 1123  current_time = 00:09:44   START_PICKING         [queue size = 40]
2026-07-13 11:05:52 DEBUG: Processing task 115 at workstation 4: picking items {2398} for orders {15}
2026-07-13 11:05:52 DEBUG:    EVENT NUM 1124  current_time = 00:09:44   END_PICKING           [queue size = 40]
2026-07-13 11:05:52 DEBUG: Ended picking at workstation 5.    [picking_buffer len = {}]
2026-07-13 11:05:52 DEBUG: Task should have served orders {39}, found open orders {39, 20}.
2026-07-13 11:05:52 DEBUG: Task 105 completed: pod 236 returning to storage.
2026-07-13 11:05:52 DEBUG:    EVENT NUM 1125  current_time = 00:09:46   END_PICKING           [queue size = 40]
2026-07-13 11:05:52 DEBUG: Ended picking at workstation 3.    [picking_buffer len = {}]
2026-07-13 11:05:52 DEBUG: Task should have served orders {90}, found open orders {90}.
2026-07-13 11:05:52 DEBUG: Task 114 completed: pod 165 returning to storage.
2026-07-13 11:05:52 DEBUG:    EVENT NUM 1126  current_time = 00:09:46   CLOSE_ORDER           [queue size = 41]
2026-07-13 11:05:52 DEBUG: Order 90 closed at workstation 3: flow_time = 586.1 s.     [order_buffer = 0] [open_orders = 0/4]
2026-07-13 11:05:52 DEBUG:    EVENT NUM 1127  current_time = 00:09:50   ARRIVAL_ORDER         [queue size = 40]
2026-07-13 11:05:52 DEBUG: Order 158 arrived: items_required = [6003].     [orders_in_system = 77]
2026-07-13 11:05:52 DEBUG:    EVENT NUM 1128  current_time = 00:09:50   ARRIVAL_POD_WST       [queue size = 40]
2026-07-13 11:05:52 DEBUG: Pod 25 arrived at workstation 0 - status = IDLE
2026-07-13 11:05:52 DEBUG: Pod queued at workstation.    [picking_buffer = {73: 590.2310074847207}]
2026-07-13 11:05:52 DEBUG:    EVENT NUM 1129  current_time = 00:09:50   START_PICKING         [queue size = 40]
2026-07-13 11:05:52 DEBUG: Processing task 73 at workstation 0: picking items {9379} for orders {53}
2026-07-13 11:05:52 DEBUG:    EVENT NUM 1130  current_time = 00:09:50   ARRIVAL_POD_WST       [queue size = 40]
2026-07-13 11:05:52 DEBUG: Pod 466 arrived at workstation 6 - status = IDLE
2026-07-13 11:05:52 DEBUG: Pod queued at workstation.    [picking_buffer = {125: 590.3409552062093}]
2026-07-13 11:05:52 DEBUG:    EVENT NUM 1131  current_time = 00:09:50   START_PICKING         [queue size = 40]
2026-07-13 11:05:52 DEBUG: Processing task 125 at workstation 6: picking items {7202} for orders {29}
2026-07-13 11:05:52 DEBUG:    EVENT NUM 1132  current_time = 00:09:52   ARRIVAL_POD_WST       [queue size = 40]
2026-07-13 11:05:52 DEBUG: Pod 768 arrived at workstation 7 - status = IDLE
2026-07-13 11:05:52 DEBUG: Pod queued at workstation.    [picking_buffer = {127: 592.4306691852796}]
2026-07-13 11:05:52 DEBUG:    EVENT NUM 1133  current_time = 00:09:52   START_PICKING         [queue size = 40]
2026-07-13 11:05:52 DEBUG: Processing task 127 at workstation 7: picking items {12937} for orders {89}
2026-07-13 11:05:52 DEBUG:    EVENT NUM 1134  current_time = 00:09:54   END_PICKING           [queue size = 40]
2026-07-13 11:05:52 DEBUG: Ended picking at workstation 4.    [picking_buffer len = {102: 558.0251168649769}]
2026-07-13 11:05:52 DEBUG: Task should have served orders {15}, found open orders {69, 78, 15}.
2026-07-13 11:05:52 DEBUG: Task 115 completed: pod 843 returning to storage.
2026-07-13 11:05:52 DEBUG:    EVENT NUM 1135  current_time = 00:09:54   CLOSE_ORDER           [queue size = 42]
2026-07-13 11:05:52 DEBUG: Order 15 closed at workstation 4: flow_time = 594.2 s.     [order_buffer = 0] [open_orders = 2/4]
2026-07-13 11:05:52 DEBUG:    EVENT NUM 1136  current_time = 00:09:54   START_PICKING         [queue size = 41]
2026-07-13 11:05:52 DEBUG: Processing task 102 at workstation 4: picking items {8330} for orders {78}
2026-07-13 11:05:52 DEBUG:    EVENT NUM 1137  current_time = 00:09:55   RETURN_POD            [queue size = 41]
2026-07-13 11:05:52 DEBUG: Pod 120 returned. Robot 9 idle.   [idle robots = 1/40, released tasks = 12]
2026-07-13 11:05:52 DEBUG:    EVENT NUM 1138  current_time = 00:09:55   START_TASK            [queue size = 41]
2026-07-13 11:05:52 DEBUG: Task 132 started: robot 9 → pod 295 → workstation 6 for orders {10} (arrival = 715.3 s).   [idle robots = 0/40]
2026-07-13 11:05:52 DEBUG:    EVENT NUM 1139  current_time = 00:10:00   ARRIVAL_ORDER         [queue size = 41]
2026-07-13 11:05:52 DEBUG: Order 159 arrived: items_required = [4828].     [orders_in_system = 77]
2026-07-13 11:05:52 DEBUG:    EVENT NUM 1140  current_time = 00:10:00   END_PICKING           [queue size = 41]
2026-07-13 11:05:52 DEBUG: Ended picking at workstation 0.    [picking_buffer len = {}]
2026-07-13 11:05:52 DEBUG: Task should have served orders {53}, found open orders {53, 25}.
2026-07-13 11:05:52 DEBUG: Task 73 heading to workstation 0.
2026-07-13 11:05:52 DEBUG:    EVENT NUM 1141  current_time = 00:10:00   CLOSE_ORDER           [queue size = 42]
2026-07-13 11:05:52 DEBUG: Order 53 closed at workstation 0: flow_time = 600.2 s.     [order_buffer = 0] [open_orders = 1/4]
2026-07-13 11:05:52 DEBUG:    EVENT NUM 1142  current_time = 00:10:00   ARRIVAL_POD_WST       [queue size = 41]
2026-07-13 11:05:52 DEBUG: Pod 25 arrived at workstation 0 - status = IDLE
2026-07-13 11:05:52 DEBUG: Pod queued at workstation.    [picking_buffer = {73: 600.2310074847207}]
2026-07-13 11:05:52 DEBUG:    EVENT NUM 1143  current_time = 00:10:00   START_PICKING         [queue size = 41]
2026-07-13 11:05:52 DEBUG: Processing task 73 at workstation 0: picking items {7226} for orders {25}
2026-07-13 11:05:52 DEBUG:    EVENT NUM 1144  current_time = 00:10:00   RETURN_POD            [queue size = 41]
2026-07-13 11:05:52 DEBUG: Pod 151 returned. Robot 25 idle.   [idle robots = 1/40, released tasks = 11]
2026-07-13 11:05:52 DEBUG:    EVENT NUM 1145  current_time = 00:10:00   START_TASK            [queue size = 41]
2026-07-13 11:05:52 DEBUG: Task 133 started: robot 25 → pod 351 → workstation 8 for orders {77} (arrival = 689.0 s).   [idle robots = 0/40]
2026-07-13 11:05:52 DEBUG:    EVENT NUM 1146  current_time = 00:10:00   END_PICKING           [queue size = 41]
2026-07-13 11:05:52 DEBUG: Ended picking at workstation 6.    [picking_buffer len = {}]
2026-07-13 11:05:52 DEBUG: Task should have served orders {29}, found open orders {65, 10, 29}.
2026-07-13 11:05:52 DEBUG: Task 125 completed: pod 466 returning to storage.
2026-07-13 11:05:52 DEBUG:    EVENT NUM 1147  current_time = 00:10:00   ARRIVAL_POD_WST       [queue size = 41]
2026-07-13 11:05:52 DEBUG: Pod 797 arrived at workstation 7 - status = BUSY
2026-07-13 11:05:52 DEBUG: Pod queued at workstation.    [picking_buffer = {130: 600.8446440869172}]
2026-07-13 11:05:52 DEBUG:    EVENT NUM 1148  current_time = 00:10:02   END_PICKING           [queue size = 40]
2026-07-13 11:05:52 DEBUG: Ended picking at workstation 7.    [picking_buffer len = {130: 600.8446440869172}]
2026-07-13 11:05:52 DEBUG: Task should have served orders {89}, found open orders {36, 37, 28, 89}.
2026-07-13 11:05:52 DEBUG: Task 127 completed: pod 768 returning to storage.
2026-07-13 11:05:52 DEBUG:    EVENT NUM 1149  current_time = 00:10:02   START_PICKING         [queue size = 41]
2026-07-13 11:05:52 DEBUG: Processing task 130 at workstation 7: picking items {1092} for orders {89}
2026-07-13 11:05:52 DEBUG:    EVENT NUM 1150  current_time = 00:10:04   END_PICKING           [queue size = 41]
2026-07-13 11:05:52 DEBUG: Ended picking at workstation 4.    [picking_buffer len = {}]
2026-07-13 11:05:52 DEBUG: Task should have served orders {78}, found open orders {69, 78}.
2026-07-13 11:05:52 DEBUG: Task 102 completed: pod 157 returning to storage.
2026-07-13 11:05:52 DEBUG:    EVENT NUM 1151  current_time = 00:10:04   CLOSE_ORDER           [queue size = 42]
2026-07-13 11:05:52 DEBUG: Order 78 closed at workstation 4: flow_time = 604.2 s.     [order_buffer = 0] [open_orders = 1/4]
2026-07-13 11:05:52 DEBUG:    EVENT NUM 1152  current_time = 00:10:05   RETURN_POD            [queue size = 41]
2026-07-13 11:05:52 DEBUG: Pod 318 returned. Robot 33 idle.   [idle robots = 1/40, released tasks = 10]
2026-07-13 11:05:52 DEBUG:    EVENT NUM 1153  current_time = 00:10:05   START_TASK            [queue size = 41]
2026-07-13 11:05:52 DEBUG: Task 134 started: robot 33 → pod 869 → workstation 8 for orders {77} (arrival = 682.5 s).   [idle robots = 0/40]
2026-07-13 11:05:52 DEBUG:    EVENT NUM 1154  current_time = 00:10:05   ARRIVAL_POD_WST       [queue size = 41]
2026-07-13 11:05:52 DEBUG: Pod 789 arrived at workstation 7 - status = BUSY
2026-07-13 11:05:52 DEBUG: Pod queued at workstation.    [picking_buffer = {121: 605.4306940373067}]
2026-07-13 11:05:52 DEBUG:    EVENT NUM 1155  current_time = 00:10:06   ARRIVAL_POD_WST       [queue size = 40]
2026-07-13 11:05:52 DEBUG: Pod 139 arrived at workstation 6 - status = IDLE
2026-07-13 11:05:52 DEBUG: Pod queued at workstation.    [picking_buffer = {119: 606.6021221343083}]
2026-07-13 11:05:52 DEBUG:    EVENT NUM 1156  current_time = 00:10:06   START_PICKING         [queue size = 40]
2026-07-13 11:05:52 DEBUG: Processing task 119 at workstation 6: picking items {4110} for orders {65}
2026-07-13 11:05:52 DEBUG:    EVENT NUM 1157  current_time = 00:10:07   ARRIVAL_POD_WST       [queue size = 40]
2026-07-13 11:05:52 DEBUG: Pod 594 arrived at workstation 4 - status = IDLE
2026-07-13 11:05:52 DEBUG: Pod queued at workstation.    [picking_buffer = {117: 607.128586568223}]
2026-07-13 11:05:52 DEBUG:    EVENT NUM 1158  current_time = 00:10:07   START_PICKING         [queue size = 40]
2026-07-13 11:05:52 DEBUG: Processing task 117 at workstation 4: picking items {2023} for orders {69}
2026-07-13 11:05:52 DEBUG:    EVENT NUM 1159  current_time = 00:10:09   RETURN_POD            [queue size = 40]
2026-07-13 11:05:52 DEBUG: Pod 98 returned. Robot 1 idle.   [idle robots = 1/40, released tasks = 9]
2026-07-13 11:05:52 DEBUG:    EVENT NUM 1160  current_time = 00:10:09   START_TASK            [queue size = 40]
2026-07-13 11:05:52 DEBUG: Task 135 blocked: pod 768 not idle.  [released tasks = 8]
2026-07-13 11:05:52 DEBUG: Task 136 started: robot 1 → pod 757 → workstation 7 for orders {37} (arrival = 694.2 s).   [idle robots = 0/40]
2026-07-13 11:05:52 DEBUG:    EVENT NUM 1161  current_time = 00:10:10   ARRIVAL_ORDER         [queue size = 40]
2026-07-13 11:05:52 DEBUG: Order 160 arrived: items_required = [7889].     [orders_in_system = 76]
2026-07-13 11:05:52 DEBUG:    EVENT NUM 1162  current_time = 00:10:10   END_PICKING           [queue size = 40]
2026-07-13 11:05:52 DEBUG: Ended picking at workstation 0.    [picking_buffer len = {}]
2026-07-13 11:05:52 DEBUG: Task should have served orders {25}, found open orders {25}.
2026-07-13 11:05:52 DEBUG: Task 73 completed: pod 25 returning to storage.
2026-07-13 11:05:52 DEBUG:    EVENT NUM 1163  current_time = 00:10:10   CLOSE_ORDER           [queue size = 41]
2026-07-13 11:05:52 DEBUG: Order 25 closed at workstation 0: flow_time = 610.2 s.     [order_buffer = 0] [open_orders = 0/4]
2026-07-13 11:05:52 DEBUG:    EVENT NUM 1164  current_time = 00:10:12   END_PICKING           [queue size = 40]
2026-07-13 11:05:52 DEBUG: Ended picking at workstation 7.    [picking_buffer len = {121: 605.4306940373067}]
2026-07-13 11:05:52 DEBUG: Task should have served orders {89}, found open orders {36, 37, 28, 89}.
2026-07-13 11:05:52 DEBUG: Task 130 completed: pod 797 returning to storage.
2026-07-13 11:05:52 DEBUG:    EVENT NUM 1165  current_time = 00:10:12   CLOSE_ORDER           [queue size = 42]
2026-07-13 11:05:52 DEBUG: Order 89 closed at workstation 7: flow_time = 612.4 s.     [order_buffer = 0] [open_orders = 3/4]
2026-07-13 11:05:52 DEBUG:    EVENT NUM 1166  current_time = 00:10:12   START_PICKING         [queue size = 41]
2026-07-13 11:05:52 DEBUG: Processing task 121 at workstation 7: picking items {4292} for orders {28}
2026-07-13 11:05:52 DEBUG:    EVENT NUM 1167  current_time = 00:10:13   ARRIVAL_POD_WST       [queue size = 41]
2026-07-13 11:05:52 DEBUG: Pod 417 arrived at workstation 8 - status = IDLE
2026-07-13 11:05:52 DEBUG: Pod queued at workstation.    [picking_buffer = {118: 613.2998964777282}]
2026-07-13 11:05:52 DEBUG:    EVENT NUM 1168  current_time = 00:10:13   START_PICKING         [queue size = 41]
2026-07-13 11:05:52 DEBUG: Processing task 118 at workstation 8: picking items {3320} for orders {84}
2026-07-13 11:05:52 DEBUG:    EVENT NUM 1169  current_time = 00:10:16   END_PICKING           [queue size = 41]
2026-07-13 11:05:52 DEBUG: Ended picking at workstation 6.    [picking_buffer len = {}]
2026-07-13 11:05:52 DEBUG: Task should have served orders {65}, found open orders {65, 10, 29}.
2026-07-13 11:05:52 DEBUG: Task 119 completed: pod 139 returning to storage.
2026-07-13 11:05:52 DEBUG:    EVENT NUM 1170  current_time = 00:10:17   END_PICKING           [queue size = 41]
2026-07-13 11:05:52 DEBUG: Ended picking at workstation 4.    [picking_buffer len = {}]
2026-07-13 11:05:52 DEBUG: Task should have served orders {69}, found open orders {69}.
2026-07-13 11:05:52 DEBUG: Task 117 completed: pod 594 returning to storage.
2026-07-13 11:05:52 DEBUG:    EVENT NUM 1171  current_time = 00:10:17   CLOSE_ORDER           [queue size = 42]
2026-07-13 11:05:52 DEBUG: Order 69 closed at workstation 4: flow_time = 617.1 s.     [order_buffer = 0] [open_orders = 0/4]
2026-07-13 11:05:52 DEBUG:    EVENT NUM 1172  current_time = 00:10:17   RETURN_POD            [queue size = 41]
2026-07-13 11:05:52 DEBUG: Pod 307 returned. Robot 37 idle.   [idle robots = 1/40, released tasks = 8]
2026-07-13 11:05:52 DEBUG:    EVENT NUM 1173  current_time = 00:10:17   START_TASK            [queue size = 41]
2026-07-13 11:05:52 DEBUG: Task 137 started: robot 37 → pod 567 → workstation 7 for orders {37} (arrival = 719.8 s).   [idle robots = 0/40]
2026-07-13 11:05:52 DEBUG:    EVENT NUM 1174  current_time = 00:10:17   RETURN_POD            [queue size = 41]
2026-07-13 11:05:52 DEBUG: Pod 116 returned. Robot 8 idle.   [idle robots = 1/40, released tasks = 7]
2026-07-13 11:05:52 DEBUG:    EVENT NUM 1175  current_time = 00:10:17   START_TASK            [queue size = 41]
2026-07-13 11:05:52 DEBUG: Task 138 started: robot 8 → pod 117 → workstation 8 for orders {40} (arrival = 771.6 s).   [idle robots = 0/40]
2026-07-13 11:05:52 DEBUG:    EVENT NUM 1176  current_time = 00:10:17   RETURN_POD            [queue size = 41]
2026-07-13 11:05:52 DEBUG: Pod 238 returned. Robot 19 idle.   [idle robots = 1/40, released tasks = 6]
2026-07-13 11:05:52 DEBUG:    EVENT NUM 1177  current_time = 00:10:17   START_TASK            [queue size = 41]
2026-07-13 11:05:52 DEBUG: Task 139 started: robot 19 → pod 144 → workstation 8 for orders {74} (arrival = 738.2 s).   [idle robots = 0/40]
2026-07-13 11:05:52 DEBUG:    EVENT NUM 1178  current_time = 00:10:20   ARRIVAL_ORDER         [queue size = 41]
2026-07-13 11:05:52 DEBUG: Order 161 arrived: items_required = [479].     [orders_in_system = 74]
2026-07-13 11:05:52 DEBUG:    EVENT NUM 1179  current_time = 00:10:22   END_PICKING           [queue size = 41]
2026-07-13 11:05:52 DEBUG: Ended picking at workstation 7.    [picking_buffer len = {}]
2026-07-13 11:05:52 DEBUG: Task should have served orders {28}, found open orders {36, 37, 28}.
2026-07-13 11:05:52 DEBUG: Task 121 completed: pod 789 returning to storage.
2026-07-13 11:05:52 DEBUG:    EVENT NUM 1180  current_time = 00:10:23   END_PICKING           [queue size = 41]
2026-07-13 11:05:52 DEBUG: Ended picking at workstation 8.    [picking_buffer len = {}]
2026-07-13 11:05:52 DEBUG: Task should have served orders {84}, found open orders {40, 74, 77, 84}.
2026-07-13 11:05:52 DEBUG: Task 118 completed: pod 417 returning to storage.
2026-07-13 11:05:52 DEBUG:    EVENT NUM 1181  current_time = 00:10:23   CLOSE_ORDER           [queue size = 42]
2026-07-13 11:05:52 DEBUG: Order 84 closed at workstation 8: flow_time = 623.3 s.     [order_buffer = 0] [open_orders = 3/4]
2026-07-13 11:05:52 DEBUG:    EVENT NUM 1182  current_time = 00:10:25   ARRIVAL_POD_WST       [queue size = 41]
2026-07-13 11:05:52 DEBUG: Pod 664 arrived at workstation 5 - status = IDLE
2026-07-13 11:05:52 DEBUG: Pod queued at workstation.    [picking_buffer = {123: 625.9608237617423}]
2026-07-13 11:05:52 DEBUG:    EVENT NUM 1183  current_time = 00:10:25   START_PICKING         [queue size = 41]
2026-07-13 11:05:52 DEBUG: Processing task 123 at workstation 5: picking items {8061} for orders {20}
2026-07-13 11:05:52 DEBUG:    EVENT NUM 1184  current_time = 00:10:26   ARRIVAL_POD_WST       [queue size = 41]
2026-07-13 11:05:52 DEBUG: Pod 839 arrived at workstation 5 - status = BUSY
2026-07-13 11:05:52 DEBUG: Pod queued at workstation.    [picking_buffer = {124: 626.3243401987293}]
2026-07-13 11:05:52 DEBUG:    EVENT NUM 1185  current_time = 00:10:27   RETURN_POD            [queue size = 40]
2026-07-13 11:05:52 DEBUG: Pod 652 returned. Robot 36 idle.   [idle robots = 1/40, released tasks = 5]
2026-07-13 11:05:52 DEBUG:    EVENT NUM 1186  current_time = 00:10:27   START_TASK            [queue size = 40]
2026-07-13 11:05:52 DEBUG: Task 140 started: robot 36 → pod 387 → workstation 8 for orders {40} (arrival = 745.1 s).   [idle robots = 0/40]
2026-07-13 11:05:52 DEBUG:    EVENT NUM 1187  current_time = 00:10:30   ARRIVAL_ORDER         [queue size = 40]
2026-07-13 11:05:52 DEBUG: Order 162 arrived: items_required = [10581, 7985, 9226].     [orders_in_system = 74]
2026-07-13 11:05:52 DEBUG:    EVENT NUM 1188  current_time = 00:10:30   RETURN_POD            [queue size = 40]
2026-07-13 11:05:52 DEBUG: Pod 768 returned. Robot 35 idle.   [idle robots = 1/40, released tasks = 4]
2026-07-13 11:05:52 DEBUG:    EVENT NUM 1189  current_time = 00:10:30   START_TASK            [queue size = 40]
2026-07-13 11:05:52 DEBUG: Task 141 started: robot 35 → pod 566 → workstation 8 for orders {74} (arrival = 727.7 s).   [idle robots = 0/40]
2026-07-13 11:05:52 DEBUG:    EVENT NUM 1190  current_time = 00:10:34   RETURN_POD            [queue size = 40]
2026-07-13 11:05:52 DEBUG: Pod 797 returned. Robot 38 idle.   [idle robots = 1/40, released tasks = 3]
2026-07-13 11:05:52 DEBUG:    EVENT NUM 1191  current_time = 00:10:34   START_TASK            [queue size = 40]
2026-07-13 11:05:52 DEBUG: Task 142 started: robot 38 → pod 771 → workstation 8 for orders {74} (arrival = 673.7 s).   [idle robots = 0/40]
2026-07-13 11:05:52 DEBUG:    EVENT NUM 1192  current_time = 00:10:35   RETURN_POD            [queue size = 40]
2026-07-13 11:05:52 DEBUG: Pod 419 returned. Robot 32 idle.   [idle robots = 1/40, released tasks = 2]
2026-07-13 11:05:52 DEBUG:    EVENT NUM 1193  current_time = 00:10:35   START_TASK            [queue size = 40]
2026-07-13 11:05:52 DEBUG: Task 103 started: robot 32 → pod 887 → workstation 5 for orders {39} (arrival = 653.2 s).   [idle robots = 0/40]
2026-07-13 11:05:52 DEBUG:    EVENT NUM 1194  current_time = 00:10:35   END_PICKING           [queue size = 40]
2026-07-13 11:05:52 DEBUG: Ended picking at workstation 5.    [picking_buffer len = {124: 626.3243401987293}]
2026-07-13 11:05:52 DEBUG: Task should have served orders {20}, found open orders {39, 20}.
2026-07-13 11:05:52 DEBUG: Task 123 completed: pod 664 returning to storage.
2026-07-13 11:05:52 DEBUG:    EVENT NUM 1195  current_time = 00:10:35   START_PICKING         [queue size = 41]
2026-07-13 11:05:52 DEBUG: Processing task 124 at workstation 5: picking items {4482} for orders {20}
2026-07-13 11:05:52 DEBUG:    EVENT NUM 1196  current_time = 00:10:39   RETURN_POD            [queue size = 41]
2026-07-13 11:05:52 DEBUG: Pod 559 returned. Robot 17 idle.   [idle robots = 1/40, released tasks = 1]
2026-07-13 11:05:52 DEBUG:    EVENT NUM 1197  current_time = 00:10:39   START_TASK            [queue size = 41]
2026-07-13 11:05:52 DEBUG: Task 135 started: robot 17 → pod 768 → workstation 7 for orders {37} (arrival = 668.6 s).   [idle robots = 0/40]
2026-07-13 11:05:52 DEBUG:    EVENT NUM 1198  current_time = 00:10:40   ARRIVAL_ORDER         [queue size = 41]
2026-07-13 11:05:52 DEBUG: Order 163 arrived: items_required = [5488, 3520, 9733].     [orders_in_system = 75]
2026-07-13 11:05:52 DEBUG:    EVENT NUM 1199  current_time = 00:10:42   ARRIVAL_POD_WST       [queue size = 41]
2026-07-13 11:05:52 DEBUG: Pod 324 arrived at workstation 7 - status = IDLE
2026-07-13 11:05:52 DEBUG: Pod queued at workstation.    [picking_buffer = {122: 642.7958326189621}]
2026-07-13 11:05:52 DEBUG:    EVENT NUM 1200  current_time = 00:10:42   START_PICKING         [queue size = 41]
2026-07-13 11:05:52 DEBUG: Processing task 122 at workstation 7: picking items {6354} for orders {28}
2026-07-13 11:05:52 DEBUG:    EVENT NUM 1201  current_time = 00:10:45   END_PICKING           [queue size = 41]
2026-07-13 11:05:52 DEBUG: Ended picking at workstation 5.    [picking_buffer len = {}]
2026-07-13 11:05:52 DEBUG: Task should have served orders {20}, found open orders {39, 20}.
2026-07-13 11:05:52 DEBUG: Task 124 completed: pod 839 returning to storage.
2026-07-13 11:05:52 DEBUG:    EVENT NUM 1202  current_time = 00:10:45   CLOSE_ORDER           [queue size = 42]
2026-07-13 11:05:52 DEBUG: Order 20 closed at workstation 5: flow_time = 646.0 s.     [order_buffer = 0] [open_orders = 1/4]
2026-07-13 11:05:52 DEBUG:    EVENT NUM 1203  current_time = 00:10:50   ARRIVAL_ORDER         [queue size = 41]
2026-07-13 11:05:52 DEBUG: Order 164 arrived: items_required = [7003].     [orders_in_system = 75]
2026-07-13 11:05:52 DEBUG:    EVENT NUM 1204  current_time = 00:10:51   ARRIVAL_POD_WST       [queue size = 41]
2026-07-13 11:05:52 DEBUG: Pod 171 arrived at workstation 6 - status = IDLE
2026-07-13 11:05:52 DEBUG: Pod queued at workstation.    [picking_buffer = {126: 651.6631470217953}]
2026-07-13 11:05:52 DEBUG:    EVENT NUM 1205  current_time = 00:10:51   START_PICKING         [queue size = 41]
2026-07-13 11:05:52 DEBUG: Processing task 126 at workstation 6: picking items {1433} for orders {29}
2026-07-13 11:05:52 DEBUG:    EVENT NUM 1206  current_time = 00:10:51   RETURN_POD            [queue size = 41]
2026-07-13 11:05:52 DEBUG: Pod 466 returned. Robot 23 idle.   [idle robots = 1/40, released tasks = 0]
2026-07-13 11:05:52 DEBUG:    EVENT NUM 1207  current_time = 00:10:52   END_PICKING           [queue size = 40]
2026-07-13 11:05:52 DEBUG: Ended picking at workstation 7.    [picking_buffer len = {}]
2026-07-13 11:05:52 DEBUG: Task should have served orders {28}, found open orders {36, 37, 28}.
2026-07-13 11:05:52 DEBUG: Task 122 completed: pod 324 returning to storage.
2026-07-13 11:05:52 DEBUG:    EVENT NUM 1208  current_time = 00:10:52   CLOSE_ORDER           [queue size = 41]
2026-07-13 11:05:52 DEBUG: Order 28 closed at workstation 7: flow_time = 652.8 s.     [order_buffer = 0] [open_orders = 2/4]
2026-07-13 11:05:52 DEBUG:    EVENT NUM 1209  current_time = 00:10:53   ARRIVAL_POD_WST       [queue size = 40]
2026-07-13 11:05:52 DEBUG: Pod 887 arrived at workstation 5 - status = IDLE
2026-07-13 11:05:52 DEBUG: Pod queued at workstation.    [picking_buffer = {103: 653.1869076436174}]
2026-07-13 11:05:52 DEBUG:    EVENT NUM 1210  current_time = 00:10:53   START_PICKING         [queue size = 40]
2026-07-13 11:05:52 DEBUG: Processing task 103 at workstation 5: picking items {6912} for orders {39}
2026-07-13 11:05:52 DEBUG:    EVENT NUM 1211  current_time = 00:10:55   RETURN_POD            [queue size = 40]
2026-07-13 11:05:52 DEBUG: Pod 114 returned. Robot 14 idle.   [idle robots = 2/40, released tasks = 0]
2026-07-13 11:05:52 DEBUG:    EVENT NUM 1212  current_time = 00:11:00   ARRIVAL_ORDER         [queue size = 39]
2026-07-13 11:05:52 DEBUG: Order 165 arrived: items_required = [4198].     [orders_in_system = 75]
2026-07-13 11:05:52 DEBUG:    EVENT NUM 1213  current_time = 00:11:01   END_PICKING           [queue size = 39]
2026-07-13 11:05:52 DEBUG: Ended picking at workstation 6.    [picking_buffer len = {}]
2026-07-13 11:05:52 DEBUG: Task should have served orders {29}, found open orders {65, 10, 29}.
2026-07-13 11:05:52 DEBUG: Task 126 completed: pod 171 returning to storage.
2026-07-13 11:05:52 DEBUG:    EVENT NUM 1214  current_time = 00:11:01   CLOSE_ORDER           [queue size = 40]
2026-07-13 11:05:52 DEBUG: Order 29 closed at workstation 6: flow_time = 661.7 s.     [order_buffer = 0] [open_orders = 2/4]
2026-07-13 11:05:52 DEBUG:    EVENT NUM 1215  current_time = 00:11:03   END_PICKING           [queue size = 39]
2026-07-13 11:05:52 DEBUG: Ended picking at workstation 5.    [picking_buffer len = {}]
2026-07-13 11:05:52 DEBUG: Task should have served orders {39}, found open orders {39}.
2026-07-13 11:05:52 DEBUG: Task 103 completed: pod 887 returning to storage.
2026-07-13 11:05:52 DEBUG:    EVENT NUM 1216  current_time = 00:11:03   CLOSE_ORDER           [queue size = 40]
2026-07-13 11:05:52 DEBUG: Order 39 closed at workstation 5: flow_time = 663.2 s.     [order_buffer = 0] [open_orders = 0/4]
2026-07-13 11:05:52 DEBUG:    EVENT NUM 1217  current_time = 00:11:04   RETURN_POD            [queue size = 39]
2026-07-13 11:05:52 DEBUG: Pod 431 returned. Robot 27 idle.   [idle robots = 3/40, released tasks = 0]
2026-07-13 11:05:52 DEBUG:    EVENT NUM 1218  current_time = 00:11:05   RETURN_POD            [queue size = 38]
2026-07-13 11:05:52 DEBUG: Pod 132 returned. Robot 20 idle.   [idle robots = 4/40, released tasks = 0]
2026-07-13 11:05:52 DEBUG:    EVENT NUM 1219  current_time = 00:11:06   ARRIVAL_POD_WST       [queue size = 37]
2026-07-13 11:05:52 DEBUG: Pod 185 arrived at workstation 6 - status = IDLE
2026-07-13 11:05:52 DEBUG: Pod queued at workstation.    [picking_buffer = {120: 666.6651746330773}]
2026-07-13 11:05:52 DEBUG:    EVENT NUM 1220  current_time = 00:11:06   START_PICKING         [queue size = 37]
2026-07-13 11:05:52 DEBUG: Processing task 120 at workstation 6: picking items {7897} for orders {65}
2026-07-13 11:05:52 DEBUG:    EVENT NUM 1221  current_time = 00:11:08   ARRIVAL_POD_WST       [queue size = 37]
2026-07-13 11:05:52 DEBUG: Pod 768 arrived at workstation 7 - status = IDLE
2026-07-13 11:05:52 DEBUG: Pod queued at workstation.    [picking_buffer = {135: 668.5615343688505}]
2026-07-13 11:05:52 DEBUG:    EVENT NUM 1222  current_time = 00:11:08   START_PICKING         [queue size = 37]
2026-07-13 11:05:52 DEBUG: Processing task 135 at workstation 7: picking items {7286} for orders {37}
2026-07-13 11:05:52 DEBUG:    EVENT NUM 1223  current_time = 00:11:09   RETURN_POD            [queue size = 37]
2026-07-13 11:05:52 DEBUG: Pod 352 returned. Robot 16 idle.   [idle robots = 5/40, released tasks = 0]
2026-07-13 11:05:52 DEBUG:    EVENT NUM 1224  current_time = 00:11:10   ARRIVAL_ORDER         [queue size = 36]
2026-07-13 11:05:52 DEBUG: Order 166 arrived: items_required = [5273].     [orders_in_system = 74]
2026-07-13 11:05:52 DEBUG:    EVENT NUM 1225  current_time = 00:11:10   RETURN_POD            [queue size = 36]
2026-07-13 11:05:52 DEBUG: Pod 259 returned. Robot 7 idle.   [idle robots = 6/40, released tasks = 0]
2026-07-13 11:05:52 DEBUG:    EVENT NUM 1226  current_time = 00:11:13   ARRIVAL_POD_WST       [queue size = 35]
2026-07-13 11:05:52 DEBUG: Pod 771 arrived at workstation 8 - status = IDLE
2026-07-13 11:05:52 DEBUG: Pod queued at workstation.    [picking_buffer = {142: 673.7287233580979}]
2026-07-13 11:05:52 DEBUG:    EVENT NUM 1227  current_time = 00:11:13   START_PICKING         [queue size = 35]
2026-07-13 11:05:52 DEBUG: Processing task 142 at workstation 8: picking items {3183} for orders {74}
2026-07-13 11:05:52 DEBUG:    EVENT NUM 1228  current_time = 00:11:15   RETURN_POD            [queue size = 35]
2026-07-13 11:05:52 DEBUG: Pod 843 returned. Robot 34 idle.   [idle robots = 7/40, released tasks = 0]
2026-07-13 11:05:52 DEBUG:    EVENT NUM 1229  current_time = 00:11:16   END_PICKING           [queue size = 34]
2026-07-13 11:05:52 DEBUG: Ended picking at workstation 6.    [picking_buffer len = {}]
2026-07-13 11:05:52 DEBUG: Task should have served orders {65}, found open orders {65, 10}.
2026-07-13 11:05:52 DEBUG: Task 120 completed: pod 185 returning to storage.
2026-07-13 11:05:52 DEBUG:    EVENT NUM 1230  current_time = 00:11:16   CLOSE_ORDER           [queue size = 35]
2026-07-13 11:05:52 DEBUG: Order 65 closed at workstation 6: flow_time = 676.7 s.     [order_buffer = 0] [open_orders = 1/4]
2026-07-13 11:05:52 DEBUG:    EVENT NUM 1231  current_time = 00:11:18   RETURN_POD            [queue size = 34]
2026-07-13 11:05:52 DEBUG: Pod 165 returned. Robot 21 idle.   [idle robots = 8/40, released tasks = 0]
2026-07-13 11:05:52 DEBUG:    EVENT NUM 1232  current_time = 00:11:18   END_PICKING           [queue size = 33]
2026-07-13 11:05:52 DEBUG: Ended picking at workstation 7.    [picking_buffer len = {}]
2026-07-13 11:05:52 DEBUG: Task should have served orders {37}, found open orders {36, 37}.
2026-07-13 11:05:52 DEBUG: Task 135 completed: pod 768 returning to storage.
2026-07-13 11:05:52 DEBUG:    EVENT NUM 1233  current_time = 00:11:20   ARRIVAL_ORDER         [queue size = 33]
2026-07-13 11:05:52 DEBUG: Order 167 arrived: items_required = [2550].     [orders_in_system = 74]
2026-07-13 11:05:52 DEBUG:    EVENT NUM 1234  current_time = 00:11:22   ARRIVAL_POD_WST       [queue size = 33]
2026-07-13 11:05:52 DEBUG: Pod 869 arrived at workstation 8 - status = BUSY
2026-07-13 11:05:52 DEBUG: Pod queued at workstation.    [picking_buffer = {134: 682.5372903149602}]
2026-07-13 11:05:52 DEBUG:    EVENT NUM 1235  current_time = 00:11:22   RETURN_POD            [queue size = 32]
2026-07-13 11:05:52 DEBUG: Pod 887 returned. Robot 32 idle.   [idle robots = 9/40, released tasks = 0]
2026-07-13 11:05:52 DEBUG:    EVENT NUM 1236  current_time = 00:11:23   END_PICKING           [queue size = 31]
2026-07-13 11:05:52 DEBUG: Ended picking at workstation 8.    [picking_buffer len = {134: 682.5372903149602}]
2026-07-13 11:05:52 DEBUG: Task should have served orders {74}, found open orders {40, 74, 77}.
2026-07-13 11:05:52 DEBUG: Task 142 completed: pod 771 returning to storage.
2026-07-13 11:05:52 DEBUG:    EVENT NUM 1237  current_time = 00:11:23   START_PICKING         [queue size = 32]
2026-07-13 11:05:52 DEBUG: Processing task 134 at workstation 8: picking items {10071} for orders {77}
2026-07-13 11:05:52 DEBUG:    EVENT NUM 1238  current_time = 00:11:25   RETURN_POD            [queue size = 32]
2026-07-13 11:05:52 DEBUG: Pod 232 returned. Robot 12 idle.   [idle robots = 10/40, released tasks = 0]
2026-07-13 11:05:52 DEBUG:    EVENT NUM 1239  current_time = 00:11:29   ARRIVAL_POD_WST       [queue size = 31]
2026-07-13 11:05:52 DEBUG: Pod 351 arrived at workstation 8 - status = BUSY
2026-07-13 11:05:52 DEBUG: Pod queued at workstation.    [picking_buffer = {133: 689.0080668467507}]
2026-07-13 11:05:52 DEBUG:    EVENT NUM 1240  current_time = 00:11:30   ARRIVAL_ORDER         [queue size = 30]
2026-07-13 11:05:52 DEBUG: Order 168 arrived: items_required = [8332].     [orders_in_system = 75]
2026-07-13 11:05:52 DEBUG:    EVENT NUM 1241  current_time = 00:11:33   END_PICKING           [queue size = 30]
2026-07-13 11:05:52 DEBUG: Ended picking at workstation 8.    [picking_buffer len = {133: 689.0080668467507}]
2026-07-13 11:05:52 DEBUG: Task should have served orders {77}, found open orders {40, 74, 77}.
2026-07-13 11:05:52 DEBUG: Task 134 completed: pod 869 returning to storage.
2026-07-13 11:05:52 DEBUG:    EVENT NUM 1242  current_time = 00:11:33   START_PICKING         [queue size = 31]
2026-07-13 11:05:52 DEBUG: Processing task 133 at workstation 8: picking items {5498} for orders {77}
2026-07-13 11:05:52 DEBUG:    EVENT NUM 1243  current_time = 00:11:34   ARRIVAL_POD_WST       [queue size = 31]
2026-07-13 11:05:52 DEBUG: Pod 757 arrived at workstation 7 - status = IDLE
2026-07-13 11:05:52 DEBUG: Pod queued at workstation.    [picking_buffer = {136: 694.2428411351275}]
2026-07-13 11:05:52 DEBUG:    EVENT NUM 1244  current_time = 00:11:34   START_PICKING         [queue size = 31]
2026-07-13 11:05:52 DEBUG: Processing task 136 at workstation 7: picking items {7797} for orders {37}
2026-07-13 11:05:52 DEBUG:    EVENT NUM 1245  current_time = 00:11:35   RETURN_POD            [queue size = 31]
2026-07-13 11:05:52 DEBUG: Pod 110 returned. Robot 3 idle.   [idle robots = 11/40, released tasks = 0]
2026-07-13 11:05:52 DEBUG:    EVENT NUM 1246  current_time = 00:11:36   RETURN_POD            [queue size = 30]
2026-07-13 11:05:52 DEBUG: Pod 789 returned. Robot 5 idle.   [idle robots = 12/40, released tasks = 0]
2026-07-13 11:05:52 DEBUG:    EVENT NUM 1247  current_time = 00:11:40   ARRIVAL_ORDER         [queue size = 29]
2026-07-13 11:05:52 DEBUG: Order 169 arrived: items_required = [7483].     [orders_in_system = 76]
2026-07-13 11:05:52 DEBUG:    EVENT NUM 1248  current_time = 00:11:40   RETURN_POD            [queue size = 29]
2026-07-13 11:05:52 DEBUG: Pod 128 returned. Robot 26 idle.   [idle robots = 13/40, released tasks = 0]
2026-07-13 11:05:52 DEBUG:    EVENT NUM 1249  current_time = 00:11:41   RETURN_POD            [queue size = 28]
2026-07-13 11:05:52 DEBUG: Pod 109 returned. Robot 28 idle.   [idle robots = 14/40, released tasks = 0]
2026-07-13 11:05:52 DEBUG:    EVENT NUM 1250  current_time = 00:11:43   END_PICKING           [queue size = 27]
2026-07-13 11:05:52 DEBUG: Ended picking at workstation 8.    [picking_buffer len = {}]
2026-07-13 11:05:52 DEBUG: Task should have served orders {77}, found open orders {40, 74, 77}.
2026-07-13 11:05:52 DEBUG: Task 133 completed: pod 351 returning to storage.
2026-07-13 11:05:52 DEBUG:    EVENT NUM 1251  current_time = 00:11:43   CLOSE_ORDER           [queue size = 28]
2026-07-13 11:05:52 DEBUG: Order 77 closed at workstation 8: flow_time = 703.7 s.     [order_buffer = 0] [open_orders = 2/4]
2026-07-13 11:05:52 DEBUG:    EVENT NUM 1252  current_time = 00:11:44   END_PICKING           [queue size = 27]
2026-07-13 11:05:52 DEBUG: Ended picking at workstation 7.    [picking_buffer len = {}]
2026-07-13 11:05:52 DEBUG: Task should have served orders {37}, found open orders {36, 37}.
2026-07-13 11:05:52 DEBUG: Task 136 completed: pod 757 returning to storage.
2026-07-13 11:05:52 DEBUG:    EVENT NUM 1253  current_time = 00:11:45   RETURN_POD            [queue size = 27]
2026-07-13 11:05:52 DEBUG: Pod 59 returned. Robot 4 idle.   [idle robots = 15/40, released tasks = 0]
2026-07-13 11:05:52 DEBUG:    EVENT NUM 1254  current_time = 00:11:46   RETURN_POD            [queue size = 26]
2026-07-13 11:05:52 DEBUG: Pod 768 returned. Robot 17 idle.   [idle robots = 16/40, released tasks = 0]
2026-07-13 11:05:52 DEBUG:    EVENT NUM 1255  current_time = 00:11:50   ARRIVAL_ORDER         [queue size = 25]
2026-07-13 11:05:52 DEBUG: Order 170 arrived: items_required = [4373, 11788].     [orders_in_system = 76]
2026-07-13 11:05:52 DEBUG:    EVENT NUM 1256  current_time = 00:11:55   ARRIVAL_POD_WST       [queue size = 25]
2026-07-13 11:05:52 DEBUG: Pod 295 arrived at workstation 6 - status = IDLE
2026-07-13 11:05:52 DEBUG: Pod queued at workstation.    [picking_buffer = {132: 715.2624419466667}]
2026-07-13 11:05:52 DEBUG:    EVENT NUM 1257  current_time = 00:11:55   START_PICKING         [queue size = 25]
2026-07-13 11:05:52 DEBUG: Processing task 132 at workstation 6: picking items {10092} for orders {10}
2026-07-13 11:05:52 DEBUG:    EVENT NUM 1258  current_time = 00:11:59   ARRIVAL_POD_WST       [queue size = 25]
2026-07-13 11:05:52 DEBUG: Pod 567 arrived at workstation 7 - status = IDLE
2026-07-13 11:05:52 DEBUG: Pod queued at workstation.    [picking_buffer = {137: 719.8249779098626}]
2026-07-13 11:05:52 DEBUG:    EVENT NUM 1259  current_time = 00:11:59   START_PICKING         [queue size = 25]
2026-07-13 11:05:52 DEBUG: Processing task 137 at workstation 7: picking items {9886} for orders {37}
2026-07-13 11:05:52 DEBUG:    EVENT NUM 1260  current_time = 00:12:00   ARRIVAL_ORDER         [queue size = 25]
2026-07-13 11:05:52 DEBUG: Order 171 arrived: items_required = [4491, 4772, 7106, 5595].     [orders_in_system = 77]
2026-07-13 11:05:52 DEBUG:    EVENT NUM 1261  current_time = 00:12:02   ARRIVAL_POD_WST       [queue size = 25]
2026-07-13 11:05:52 DEBUG: Pod 149 arrived at workstation 7 - status = BUSY
2026-07-13 11:05:52 DEBUG: Pod queued at workstation.    [picking_buffer = {128: 722.0946807280329}]
2026-07-13 11:05:52 DEBUG:    EVENT NUM 1262  current_time = 00:12:02   RETURN_POD            [queue size = 24]
2026-07-13 11:05:52 DEBUG: Pod 139 returned. Robot 39 idle.   [idle robots = 17/40, released tasks = 0]
2026-07-13 11:05:52 DEBUG:    EVENT NUM 1263  current_time = 00:12:03   RETURN_POD            [queue size = 23]
2026-07-13 11:05:52 DEBUG: Pod 771 returned. Robot 38 idle.   [idle robots = 18/40, released tasks = 0]
2026-07-13 11:05:52 DEBUG:    EVENT NUM 1264  current_time = 00:12:04   ARRIVAL_POD_WST       [queue size = 22]
2026-07-13 11:05:52 DEBUG: Pod 512 arrived at workstation 7 - status = BUSY
2026-07-13 11:05:52 DEBUG: Pod queued at workstation.    [picking_buffer = {128: 722.0946807280329, 129: 724.7935468227421}]
2026-07-13 11:05:52 DEBUG:    EVENT NUM 1265  current_time = 00:12:05   END_PICKING           [queue size = 21]
2026-07-13 11:05:52 DEBUG: Ended picking at workstation 6.    [picking_buffer len = {}]
2026-07-13 11:05:52 DEBUG: Task should have served orders {10}, found open orders {10}.
2026-07-13 11:05:52 DEBUG: Task 132 completed: pod 295 returning to storage.
2026-07-13 11:05:52 DEBUG:    EVENT NUM 1266  current_time = 00:12:07   RETURN_POD            [queue size = 21]
2026-07-13 11:05:52 DEBUG: Pod 594 returned. Robot 13 idle.   [idle robots = 19/40, released tasks = 0]
2026-07-13 11:05:52 DEBUG:    EVENT NUM 1267  current_time = 00:12:07   ARRIVAL_POD_WST       [queue size = 20]
2026-07-13 11:05:52 DEBUG: Pod 566 arrived at workstation 8 - status = IDLE
2026-07-13 11:05:52 DEBUG: Pod queued at workstation.    [picking_buffer = {141: 727.6608657253059}]
2026-07-13 11:05:52 DEBUG:    EVENT NUM 1268  current_time = 00:12:07   START_PICKING         [queue size = 20]
2026-07-13 11:05:52 DEBUG: Processing task 141 at workstation 8: picking items {5359} for orders {74}
2026-07-13 11:05:52 DEBUG:    EVENT NUM 1269  current_time = 00:12:08   RETURN_POD            [queue size = 20]
2026-07-13 11:05:52 DEBUG: Pod 236 returned. Robot 6 idle.   [idle robots = 20/40, released tasks = 0]
2026-07-13 11:05:52 DEBUG:    EVENT NUM 1270  current_time = 00:12:09   END_PICKING           [queue size = 19]
2026-07-13 11:05:52 DEBUG: Ended picking at workstation 7.    [picking_buffer len = {128: 722.0946807280329, 129: 724.7935468227421}]
2026-07-13 11:05:52 DEBUG: Task should have served orders {37}, found open orders {36, 37}.
2026-07-13 11:05:52 DEBUG: Task 137 completed: pod 567 returning to storage.
2026-07-13 11:05:52 DEBUG:    EVENT NUM 1271  current_time = 00:12:09   CLOSE_ORDER           [queue size = 21]
2026-07-13 11:05:52 DEBUG: Order 37 closed at workstation 7: flow_time = 729.8 s.     [order_buffer = 0] [open_orders = 1/4]
2026-07-13 11:05:52 DEBUG:    EVENT NUM 1272  current_time = 00:12:09   START_PICKING         [queue size = 20]
2026-07-13 11:05:52 DEBUG: Processing task 128 at workstation 7: picking items {2115} for orders {36}
2026-07-13 11:05:52 DEBUG:    EVENT NUM 1273  current_time = 00:12:10   ARRIVAL_ORDER         [queue size = 20]
2026-07-13 11:05:52 DEBUG: Order 172 arrived: items_required = [10208].     [orders_in_system = 77]
2026-07-13 11:05:52 DEBUG:    EVENT NUM 1274  current_time = 00:12:11   ARRIVAL_POD_WST       [queue size = 20]
2026-07-13 11:05:52 DEBUG: Pod 304 arrived at workstation 6 - status = IDLE
2026-07-13 11:05:52 DEBUG: Pod queued at workstation.    [picking_buffer = {131: 731.3482591754216}]
2026-07-13 11:05:52 DEBUG:    EVENT NUM 1275  current_time = 00:12:11   START_PICKING         [queue size = 20]
2026-07-13 11:05:52 DEBUG: Processing task 131 at workstation 6: picking items {7855} for orders {10}
2026-07-13 11:05:52 DEBUG:    EVENT NUM 1276  current_time = 00:12:13   RETURN_POD            [queue size = 20]
2026-07-13 11:05:52 DEBUG: Pod 157 returned. Robot 11 idle.   [idle robots = 21/40, released tasks = 0]
2026-07-13 11:05:52 DEBUG:    EVENT NUM 1277  current_time = 00:12:16   RETURN_POD            [queue size = 19]
2026-07-13 11:05:52 DEBUG: Pod 664 returned. Robot 29 idle.   [idle robots = 22/40, released tasks = 0]
2026-07-13 11:05:52 DEBUG:    EVENT NUM 1278  current_time = 00:12:17   END_PICKING           [queue size = 18]
2026-07-13 11:05:52 DEBUG: Ended picking at workstation 8.    [picking_buffer len = {}]
2026-07-13 11:05:52 DEBUG: Task should have served orders {74}, found open orders {40, 74}.
2026-07-13 11:05:52 DEBUG: Task 141 completed: pod 566 returning to storage.
2026-07-13 11:05:52 DEBUG:    EVENT NUM 1279  current_time = 00:12:18   ARRIVAL_POD_WST       [queue size = 18]
2026-07-13 11:05:52 DEBUG: Pod 144 arrived at workstation 8 - status = IDLE
2026-07-13 11:05:52 DEBUG: Pod queued at workstation.    [picking_buffer = {139: 738.1783390089236}]
2026-07-13 11:05:52 DEBUG:    EVENT NUM 1280  current_time = 00:12:18   START_PICKING         [queue size = 18]
2026-07-13 11:05:52 DEBUG: Processing task 139 at workstation 8: picking items {6225} for orders {74}
2026-07-13 11:05:52 DEBUG:    EVENT NUM 1281  current_time = 00:12:19   END_PICKING           [queue size = 18]
2026-07-13 11:05:52 DEBUG: Ended picking at workstation 7.    [picking_buffer len = {129: 724.7935468227421}]
2026-07-13 11:05:52 DEBUG: Task should have served orders {36}, found open orders {36}.
2026-07-13 11:05:52 DEBUG: Task 128 completed: pod 149 returning to storage.
2026-07-13 11:05:52 DEBUG:    EVENT NUM 1282  current_time = 00:12:19   START_PICKING         [queue size = 19]
2026-07-13 11:05:52 DEBUG: Processing task 129 at workstation 7: picking items {7411} for orders {36}
2026-07-13 11:05:52 DEBUG:    EVENT NUM 1283  current_time = 00:12:20   ARRIVAL_ORDER         [queue size = 19]
2026-07-13 11:05:52 DEBUG: Order 173 arrived: items_required = [6075].     [orders_in_system = 78]
2026-07-13 11:05:52 DEBUG:    EVENT NUM 1284  current_time = 00:12:21   END_PICKING           [queue size = 19]
2026-07-13 11:05:52 DEBUG: Ended picking at workstation 6.    [picking_buffer len = {}]
2026-07-13 11:05:52 DEBUG: Task should have served orders {10}, found open orders {10}.
2026-07-13 11:05:52 DEBUG: Task 131 completed: pod 304 returning to storage.
2026-07-13 11:05:52 DEBUG:    EVENT NUM 1285  current_time = 00:12:21   CLOSE_ORDER           [queue size = 20]
2026-07-13 11:05:52 DEBUG: Order 10 closed at workstation 6: flow_time = 741.3 s.     [order_buffer = 0] [open_orders = 0/4]
2026-07-13 11:05:52 DEBUG:    EVENT NUM 1286  current_time = 00:12:23   RETURN_POD            [queue size = 19]
2026-07-13 11:05:52 DEBUG: Pod 417 returned. Robot 0 idle.   [idle robots = 23/40, released tasks = 0]
2026-07-13 11:05:52 DEBUG:    EVENT NUM 1287  current_time = 00:12:24   RETURN_POD            [queue size = 18]
2026-07-13 11:05:52 DEBUG: Pod 839 returned. Robot 30 idle.   [idle robots = 24/40, released tasks = 0]
2026-07-13 11:05:52 DEBUG:    EVENT NUM 1288  current_time = 00:12:25   ARRIVAL_POD_WST       [queue size = 17]
2026-07-13 11:05:52 DEBUG: Pod 387 arrived at workstation 8 - status = BUSY
2026-07-13 11:05:52 DEBUG: Pod queued at workstation.    [picking_buffer = {140: 745.0691561496955}]
2026-07-13 11:05:52 DEBUG:    EVENT NUM 1289  current_time = 00:12:28   END_PICKING           [queue size = 16]
2026-07-13 11:05:52 DEBUG: Ended picking at workstation 8.    [picking_buffer len = {140: 745.0691561496955}]
2026-07-13 11:05:52 DEBUG: Task should have served orders {74}, found open orders {40, 74}.
2026-07-13 11:05:52 DEBUG: Task 139 completed: pod 144 returning to storage.
2026-07-13 11:05:52 DEBUG:    EVENT NUM 1290  current_time = 00:12:28   CLOSE_ORDER           [queue size = 18]
2026-07-13 11:05:52 DEBUG: Order 74 closed at workstation 8: flow_time = 748.2 s.     [order_buffer = 0] [open_orders = 1/4]
2026-07-13 11:05:52 DEBUG:    EVENT NUM 1291  current_time = 00:12:28   START_PICKING         [queue size = 17]
2026-07-13 11:05:52 DEBUG: Processing task 140 at workstation 8: picking items {3712} for orders {40}
2026-07-13 11:05:52 DEBUG:    EVENT NUM 1292  current_time = 00:12:29   END_PICKING           [queue size = 17]
2026-07-13 11:05:52 DEBUG: Ended picking at workstation 7.    [picking_buffer len = {}]
2026-07-13 11:05:52 DEBUG: Task should have served orders {36}, found open orders {36}.
2026-07-13 11:05:52 DEBUG: Task 129 completed: pod 512 returning to storage.
2026-07-13 11:05:52 DEBUG:    EVENT NUM 1293  current_time = 00:12:29   CLOSE_ORDER           [queue size = 18]
2026-07-13 11:05:52 DEBUG: Order 36 closed at workstation 7: flow_time = 749.8 s.     [order_buffer = 0] [open_orders = 0/4]
2026-07-13 11:05:52 DEBUG:    EVENT NUM 1294  current_time = 00:12:30   ARRIVAL_ORDER         [queue size = 17]
2026-07-13 11:05:52 DEBUG: Order 174 arrived: items_required = [9033, 6851].     [orders_in_system = 76]
2026-07-13 11:05:52 DEBUG:    EVENT NUM 1295  current_time = 00:12:38   END_PICKING           [queue size = 17]
2026-07-13 11:05:52 DEBUG: Ended picking at workstation 8.    [picking_buffer len = {}]
2026-07-13 11:05:52 DEBUG: Task should have served orders {40}, found open orders {40}.
2026-07-13 11:05:52 DEBUG: Task 140 completed: pod 387 returning to storage.
2026-07-13 11:05:52 DEBUG:    EVENT NUM 1296  current_time = 00:12:40   ARRIVAL_ORDER         [queue size = 17]
2026-07-13 11:05:52 DEBUG: Order 175 arrived: items_required = [10370].     [orders_in_system = 77]
2026-07-13 11:05:52 DEBUG:    EVENT NUM 1297  current_time = 00:12:45   RETURN_POD            [queue size = 17]
2026-07-13 11:05:52 DEBUG: Pod 324 returned. Robot 31 idle.   [idle robots = 25/40, released tasks = 0]
2026-07-13 11:05:52 DEBUG:    EVENT NUM 1298  current_time = 00:12:50   ARRIVAL_ORDER         [queue size = 16]
2026-07-13 11:05:52 DEBUG: Order 176 arrived: items_required = [5851, 6683].     [orders_in_system = 78]
2026-07-13 11:05:52 DEBUG:    EVENT NUM 1299  current_time = 00:12:50   RETURN_POD            [queue size = 16]
2026-07-13 11:05:52 DEBUG: Pod 171 returned. Robot 10 idle.   [idle robots = 26/40, released tasks = 0]
2026-07-13 11:05:52 DEBUG:    EVENT NUM 1300  current_time = 00:12:51   ARRIVAL_POD_WST       [queue size = 15]
2026-07-13 11:05:52 DEBUG: Pod 117 arrived at workstation 8 - status = IDLE
2026-07-13 11:05:52 DEBUG: Pod queued at workstation.    [picking_buffer = {138: 771.6249702390411}]
2026-07-13 11:05:52 DEBUG:    EVENT NUM 1301  current_time = 00:12:51   START_PICKING         [queue size = 15]
2026-07-13 11:05:52 DEBUG: Processing task 138 at workstation 8: picking items {11426} for orders {40}
2026-07-13 11:05:52 DEBUG:    EVENT NUM 1302  current_time = 00:12:58   RETURN_POD            [queue size = 15]
2026-07-13 11:05:52 DEBUG: Pod 869 returned. Robot 33 idle.   [idle robots = 27/40, released tasks = 0]
2026-07-13 11:05:52 DEBUG:    EVENT NUM 1303  current_time = 00:13:00   ARRIVAL_ORDER         [queue size = 14]
2026-07-13 11:05:52 DEBUG: Order 177 arrived: items_required = [11602].     [orders_in_system = 79]
2026-07-13 11:05:52 DEBUG:    EVENT NUM 1304  current_time = 00:13:00   RETURN_POD            [queue size = 14]
2026-07-13 11:05:52 DEBUG: Pod 351 returned. Robot 25 idle.   [idle robots = 28/40, released tasks = 0]
2026-07-13 11:05:52 DEBUG:    EVENT NUM 1305  current_time = 00:13:01   END_PICKING           [queue size = 13]
2026-07-13 11:05:52 DEBUG: Ended picking at workstation 8.    [picking_buffer len = {}]
2026-07-13 11:05:52 DEBUG: Task should have served orders {40}, found open orders {40}.
2026-07-13 11:05:52 DEBUG: Task 138 completed: pod 117 returning to storage.
2026-07-13 11:05:52 DEBUG:    EVENT NUM 1306  current_time = 00:13:01   CLOSE_ORDER           [queue size = 14]
2026-07-13 11:05:52 DEBUG: Order 40 closed at workstation 8: flow_time = 781.6 s.     [order_buffer = 0] [open_orders = 0/4]
2026-07-13 11:05:52 DEBUG:    EVENT NUM 1307  current_time = 00:13:10   ARRIVAL_ORDER         [queue size = 13]
2026-07-13 11:05:52 DEBUG: Order 178 arrived: items_required = [3965, 3813, 7856].     [orders_in_system = 79]
2026-07-13 11:05:52 DEBUG:    EVENT NUM 1308  current_time = 00:13:10   RETURN_POD            [queue size = 13]
2026-07-13 11:05:52 DEBUG: Pod 757 returned. Robot 1 idle.   [idle robots = 29/40, released tasks = 0]
2026-07-13 11:05:52 DEBUG:    EVENT NUM 1309  current_time = 00:13:14   RETURN_POD            [queue size = 12]
2026-07-13 11:05:52 DEBUG: Pod 25 returned. Robot 22 idle.   [idle robots = 30/40, released tasks = 0]
2026-07-13 11:05:52 DEBUG:    EVENT NUM 1310  current_time = 00:13:20   ARRIVAL_ORDER         [queue size = 11]
2026-07-13 11:05:52 DEBUG: Order 179 arrived: items_required = [10626].     [orders_in_system = 80]
2026-07-13 11:05:52 DEBUG:    EVENT NUM 1311  current_time = 00:13:30   ARRIVAL_ORDER         [queue size = 11]
2026-07-13 11:05:52 DEBUG: Order 180 arrived: items_required = [3286, 11188].     [orders_in_system = 81]
2026-07-13 11:05:52 DEBUG:    EVENT NUM 1312  current_time = 00:13:40   ARRIVAL_ORDER         [queue size = 11]
2026-07-13 11:05:52 DEBUG: Order 181 arrived: items_required = [2317, 4123].     [orders_in_system = 82]
2026-07-13 11:05:52 DEBUG:    EVENT NUM 1313  current_time = 00:13:50   ARRIVAL_ORDER         [queue size = 11]
2026-07-13 11:05:52 DEBUG: Order 182 arrived: items_required = [6652].     [orders_in_system = 83]
2026-07-13 11:05:52 DEBUG:    EVENT NUM 1314  current_time = 00:13:55   RETURN_POD            [queue size = 11]
2026-07-13 11:05:52 DEBUG: Pod 566 returned. Robot 35 idle.   [idle robots = 31/40, released tasks = 0]
2026-07-13 11:05:52 DEBUG:    EVENT NUM 1315  current_time = 00:13:57   RETURN_POD            [queue size = 10]
2026-07-13 11:05:52 DEBUG: Pod 567 returned. Robot 37 idle.   [idle robots = 32/40, released tasks = 0]
2026-07-13 11:05:52 DEBUG:    EVENT NUM 1316  current_time = 00:14:00   ARRIVAL_ORDER         [queue size = 9]
2026-07-13 11:05:52 DEBUG: Order 183 arrived: items_required = [7828, 11403].     [orders_in_system = 84]
2026-07-13 11:05:52 DEBUG:    EVENT NUM 1317  current_time = 00:14:02   RETURN_POD            [queue size = 9]
2026-07-13 11:05:52 DEBUG: Pod 185 returned. Robot 24 idle.   [idle robots = 33/40, released tasks = 0]
2026-07-13 11:05:52 DEBUG:    EVENT NUM 1318  current_time = 00:14:10   ARRIVAL_ORDER         [queue size = 8]
2026-07-13 11:05:52 DEBUG: Order 184 arrived: items_required = [13472].     [orders_in_system = 85]
2026-07-13 11:05:52 DEBUG:    EVENT NUM 1319  current_time = 00:14:15   RETURN_POD            [queue size = 8]
2026-07-13 11:05:52 DEBUG: Pod 295 returned. Robot 9 idle.   [idle robots = 34/40, released tasks = 0]
2026-07-13 11:05:52 DEBUG:    EVENT NUM 1320  current_time = 00:14:20   ARRIVAL_ORDER         [queue size = 7]
2026-07-13 11:05:52 DEBUG: Order 185 arrived: items_required = [5137].     [orders_in_system = 86]
2026-07-13 11:05:52 DEBUG:    EVENT NUM 1321  current_time = 00:14:30   ARRIVAL_ORDER         [queue size = 7]
2026-07-13 11:05:52 DEBUG: Order 186 arrived: items_required = [2252].     [orders_in_system = 87]
2026-07-13 11:05:52 DEBUG:    EVENT NUM 1322  current_time = 00:14:30   RETURN_POD            [queue size = 7]
2026-07-13 11:05:52 DEBUG: Pod 144 returned. Robot 19 idle.   [idle robots = 35/40, released tasks = 0]
2026-07-13 11:05:52 DEBUG:    EVENT NUM 1323  current_time = 00:14:33   RETURN_POD            [queue size = 6]
2026-07-13 11:05:52 DEBUG: Pod 387 returned. Robot 36 idle.   [idle robots = 36/40, released tasks = 0]
2026-07-13 11:05:52 DEBUG:    EVENT NUM 1324  current_time = 00:14:40   ARRIVAL_ORDER         [queue size = 5]
2026-07-13 11:05:52 DEBUG: Order 187 arrived: items_required = [344].     [orders_in_system = 88]
2026-07-13 11:05:52 DEBUG:    EVENT NUM 1325  current_time = 00:14:41   RETURN_POD            [queue size = 5]
2026-07-13 11:05:52 DEBUG: Pod 304 returned. Robot 15 idle.   [idle robots = 37/40, released tasks = 0]
2026-07-13 11:05:52 DEBUG:    EVENT NUM 1326  current_time = 00:14:46   RETURN_POD            [queue size = 4]
2026-07-13 11:05:52 DEBUG: Pod 512 returned. Robot 2 idle.   [idle robots = 38/40, released tasks = 0]
2026-07-13 11:05:52 DEBUG:    EVENT NUM 1327  current_time = 00:14:50   ARRIVAL_ORDER         [queue size = 3]
2026-07-13 11:05:52 DEBUG: Order 188 arrived: items_required = [9547].     [orders_in_system = 89]
2026-07-13 11:05:52 DEBUG:    EVENT NUM 1328  current_time = 00:14:51   RETURN_POD            [queue size = 3]
2026-07-13 11:05:52 DEBUG: Pod 149 returned. Robot 18 idle.   [idle robots = 39/40, released tasks = 0]
2026-07-13 11:05:52 DEBUG:    EVENT NUM 1329  current_time = 00:15:00   ARRIVAL_ORDER         [queue size = 2]
2026-07-13 11:05:52 DEBUG: Order 189 arrived: items_required = [5550, 8678].     [orders_in_system = 90]
2026-07-13 11:05:52 DEBUG:    EVENT NUM 1330  current_time = 00:15:01   RUN_OPTIMIZER         [queue size = 2]
2026-07-13 11:05:52 INFO: Solving stage 1 ... 
2026-07-13 11:05:52 INFO: [ls_stage1] Building initial solution ...
2026-07-13 11:05:52 INFO: [ls_stage1] Initial objective = 191.4400
2026-07-13 11:05:52 WARNING: 
Variables size:
  shape x = (146, 900)
  shape y = (9, 900)
  shape z = (90, 9)
  constraints_satisfied = 1182854

2026-07-13 11:05:54 INFO: [ls_stage1] Iter 1: IMPROVEMENT move=('swap', 67, 71) obj=189.6700
2026-07-13 11:05:56 INFO: [ls_stage1] Iter 2: IMPROVEMENT move=('swap', 9, 63) obj=188.1500
2026-07-13 11:05:58 INFO: [ls_stage1] Iter 3: IMPROVEMENT move=('swap', 15, 41) obj=186.5700
2026-07-13 11:06:00 INFO: [ls_stage1] Iter 4: IMPROVEMENT move=('swap', 5, 53) obj=185.0800
2026-07-13 11:06:02 INFO: [ls_stage1] Iter 5: IMPROVEMENT move=('swap', 16, 37) obj=183.6600
2026-07-13 11:06:04 INFO: [ls_stage1] Iter 6: IMPROVEMENT move=('swap', 44, 83) obj=182.1900
2026-07-13 11:06:06 INFO: [ls_stage1] Iter 7: IMPROVEMENT move=('moveto', 85, 5) obj=180.8000
2026-07-13 11:06:08 INFO: [ls_stage1] Iter 8: IMPROVEMENT move=('swap', 3, 51) obj=179.4200
2026-07-13 11:06:10 INFO: [ls_stage1] Iter 9: IMPROVEMENT move=('swap', 60, 84) obj=178.1200
2026-07-13 11:06:13 INFO: [ls_stage1] Iter 10: IMPROVEMENT move=('repod', 102, 644) obj=177.6700
2026-07-13 11:06:15 INFO: [ls_stage1] Iter 11: IMPROVEMENT move=('repod', 12, 821) obj=176.3400
2026-07-13 11:06:17 INFO: [ls_stage1] Iter 12: IMPROVEMENT move=('swap', 11, 24) obj=175.9800
2026-07-13 11:06:19 INFO: [ls_stage1] Iter 13: IMPROVEMENT move=('swap', 1, 12) obj=175.5400
2026-07-13 11:06:21 INFO: [ls_stage1] Iter 14: IMPROVEMENT move=('repod', 55, 556) obj=175.2600
2026-07-13 11:06:23 INFO: [ls_stage1] Iter 15: IMPROVEMENT move=('swap', 21, 64) obj=175.0200
2026-07-13 11:06:25 INFO: [ls_stage1] Iter 16: IMPROVEMENT move=('swap', 6, 26) obj=174.6400
2026-07-13 11:06:27 INFO: [ls_stage1] Iter 17: IMPROVEMENT move=('repod', 35, 875) obj=174.2800
2026-07-13 11:06:29 INFO: [ls_stage1] Iter 18: IMPROVEMENT move=('swap', 8, 62) obj=174.0400
2026-07-13 11:06:31 INFO: [ls_stage1] Iter 19: IMPROVEMENT move=('swap', 27, 56) obj=173.8000
2026-07-13 11:06:33 INFO: [ls_stage1] Iter 20: IMPROVEMENT move=('moveto', 45, 8) obj=173.6000
2026-07-13 11:06:35 INFO: [ls_stage1] Iter 21: IMPROVEMENT move=('repod', 9, 760) obj=173.2400
2026-07-13 11:06:37 INFO: [ls_stage1] Iter 22: IMPROVEMENT move=('swap', 14, 70) obj=173.0600
2026-07-13 11:06:39 INFO: [ls_stage1] Iter 23: IMPROVEMENT move=('repod', 98, 797) obj=172.8300
2026-07-13 11:06:41 INFO: [ls_stage1] Iter 24: IMPROVEMENT move=('swap', 10, 54) obj=172.6500
2026-07-13 11:06:43 INFO: [ls_stage1] Iter 25: IMPROVEMENT move=('repod', 39, 791) obj=172.4500
2026-07-13 11:06:45 INFO: [ls_stage1] Iter 26: IMPROVEMENT move=('moveto', 75, 8) obj=172.3100
2026-07-13 11:06:47 INFO: [ls_stage1] Iter 27: IMPROVEMENT move=('repod', 116, 899) obj=172.1600
2026-07-13 11:06:49 INFO: [ls_stage1] Iter 28: IMPROVEMENT move=('repod', 95, 634) obj=171.8900
2026-07-13 11:06:51 INFO: [ls_stage1] Iter 29: IMPROVEMENT move=('moveto', 47, 8) obj=171.7500
2026-07-13 11:06:53 INFO: [ls_stage1] Iter 30: IMPROVEMENT move=('repod', 89, 488) obj=171.5700
2026-07-13 11:06:56 INFO: [ls_stage1] Iter 31: IMPROVEMENT move=('repod', 4, 879) obj=171.1700
2026-07-13 11:06:58 INFO: [ls_stage1] Iter 32: IMPROVEMENT move=('repod', 28, 679) obj=170.8800
2026-07-13 11:07:00 INFO: [ls_stage1] Iter 33: IMPROVEMENT move=('moveto', 38, 8) obj=170.7600
2026-07-13 11:07:02 INFO: [ls_stage1] Iter 34: IMPROVEMENT move=('moveto', 31, 8) obj=170.6600
2026-07-13 11:07:04 INFO: [ls_stage1] Iter 35: IMPROVEMENT move=('repod', 18, 347) obj=170.4900
2026-07-13 11:07:06 INFO: [ls_stage1] Iter 36: IMPROVEMENT move=('repod', 128, 694) obj=170.2400
2026-07-13 11:07:08 INFO: [ls_stage1] Iter 37: IMPROVEMENT move=('swap', 29, 49) obj=170.1200
2026-07-13 11:07:10 INFO: [ls_stage1] Iter 38: IMPROVEMENT move=('repod', 62, 461) obj=169.9900
2026-07-13 11:07:12 INFO: [ls_stage1] Iter 39: IMPROVEMENT move=('swap', 18, 65) obj=169.8700
2026-07-13 11:07:14 INFO: [ls_stage1] Iter 40: IMPROVEMENT move=('moveto', 35, 7) obj=169.7700
2026-07-13 11:07:16 INFO: [ls_stage1] Iter 41: IMPROVEMENT move=('swap', 13, 48) obj=169.7100
2026-07-13 11:07:18 INFO: [ls_stage1] Iter 42: IMPROVEMENT move=('swap', 7, 43) obj=169.5700
2026-07-13 11:07:20 INFO: [ls_stage1] Iter 43: IMPROVEMENT move=('moveto', 30, 8) obj=169.4500
2026-07-13 11:07:22 INFO: [ls_stage1] Iter 44: IMPROVEMENT move=('moveto', 68, 8) obj=169.3500
2026-07-13 11:07:24 INFO: [ls_stage1] Iter 45: IMPROVEMENT move=('moveto', 59, 8) obj=169.2700
2026-07-13 11:07:26 INFO: [ls_stage1] Iter 46: IMPROVEMENT move=('moveto', 58, 7) obj=169.1900
2026-07-13 11:07:28 INFO: [ls_stage1] Iter 47: IMPROVEMENT move=('repod', 144, 766) obj=169.0900
2026-07-13 11:07:31 INFO: [ls_stage1] Iter 48: IMPROVEMENT move=('swap', 15, 27) obj=168.1200
2026-07-13 11:07:33 INFO: [ls_stage1] Iter 49: IMPROVEMENT move=('repod', 108, 104) obj=168.0300
2026-07-13 11:07:35 INFO: [ls_stage1] Iter 50: IMPROVEMENT move=('swap', 64, 88) obj=167.9500
2026-07-13 11:07:37 INFO: [ls_stage1] Iter 51: IMPROVEMENT move=('repod', 91, 444) obj=167.8500
2026-07-13 11:07:39 INFO: [ls_stage1] Iter 52: IMPROVEMENT move=('swap', 15, 86) obj=167.7700
2026-07-13 11:07:41 INFO: [ls_stage1] Iter 53: IMPROVEMENT move=('repod', 131, 551) obj=167.7000
2026-07-13 11:07:43 INFO: [ls_stage1] Iter 54: IMPROVEMENT move=('swap', 73, 79) obj=167.6200
2026-07-13 11:07:45 INFO: [ls_stage1] Iter 55: IMPROVEMENT move=('repod', 117, 166) obj=167.5400
2026-07-13 11:07:47 INFO: [ls_stage1] Iter 56: IMPROVEMENT move=('swap', 34, 62) obj=167.4800
2026-07-13 11:07:49 INFO: [ls_stage1] Iter 57: IMPROVEMENT move=('repod', 44, 632) obj=167.4100
2026-07-13 11:07:51 INFO: [ls_stage1] Iter 58: IMPROVEMENT move=('repod', 31, 716) obj=167.3600
2026-07-13 11:07:53 INFO: [ls_stage1] Iter 59: IMPROVEMENT move=('moveto', 46, 0) obj=167.3000
2026-07-13 11:07:55 INFO: [ls_stage1] Iter 60: IMPROVEMENT move=('moveto', 79, 1) obj=167.2200
2026-07-13 11:07:57 INFO: [ls_stage1] Iter 61: IMPROVEMENT move=('swap', 4, 22) obj=167.2000
2026-07-13 11:07:59 INFO: [ls_stage1] Iter 62: IMPROVEMENT move=('swap', 80, 87) obj=167.1600
2026-07-13 11:08:01 INFO: [ls_stage1] Iter 63: IMPROVEMENT move=('swap', 14, 59) obj=167.0800
2026-07-13 11:08:03 INFO: [ls_stage1] Iter 64: IMPROVEMENT move=('repod', 121, 564) obj=165.7500
2026-07-13 11:08:05 INFO: [ls_stage1] Iter 65: IMPROVEMENT move=('repod', 84, 395) obj=165.7100
2026-07-13 11:08:07 INFO: [ls_stage1] Iter 66: IMPROVEMENT move=('repod', 20, 706) obj=165.5700
2026-07-13 11:08:09 INFO: [ls_stage1] Iter 67: IMPROVEMENT move=('repod', 6, 781) obj=165.5100
2026-07-13 11:08:11 INFO: [ls_stage1] Iter 68: IMPROVEMENT move=('moveto', 87, 1) obj=165.4900
2026-07-13 11:08:13 INFO: [ls_stage1] Iter 69: IMPROVEMENT move=('swap', 3, 35) obj=165.4700
2026-07-13 11:08:15 INFO: [ls_stage1] Iter 70: IMPROVEMENT move=('swap', 0, 59) obj=165.4500
2026-07-13 11:08:17 INFO: [ls_stage1] Iter 71: IMPROVEMENT move=('swap', 17, 58) obj=165.4300
2026-07-13 11:08:19 INFO: [ls_stage1] Iter 72: IMPROVEMENT move=('swap', 23, 65) obj=165.4100
2026-07-13 11:08:21 INFO: [ls_stage1] Iter 73: PLATEAU move=('swap', 29, 39) obj=165.4100
2026-07-13 11:08:23 INFO: [ls_stage1] Iter 74: PLATEAU move=('swap', 21, 66) obj=165.4100
2026-07-13 11:08:25 INFO: [ls_stage1] Iter 75: IMPROVEMENT move=('swap', 39, 61) obj=165.3700
2026-07-13 11:08:28 INFO: [ls_stage1] Iter 76: IMPROVEMENT move=('moveto', 61, 1) obj=165.3500
2026-07-13 11:08:30 INFO: [ls_stage1] Iter 77: IMPROVEMENT move=('moveto', 15, 1) obj=165.2900
2026-07-13 11:08:32 INFO: [ls_stage1] Iter 78: IMPROVEMENT move=('repod', 26, 577) obj=165.2700
2026-07-13 11:08:34 INFO: [ls_stage1] Iter 79: PLATEAU move=('swap', 22, 26) obj=165.2700
2026-07-13 11:08:36 INFO: [ls_stage1] Iter 80: IMPROVEMENT move=('repod', 127, 724) obj=165.2300
2026-07-13 11:08:38 INFO: [ls_stage1] Iter 81: PLATEAU move=('swap', 13, 33) obj=165.2300
2026-07-13 11:08:40 INFO: [ls_stage1] Iter 82: IMPROVEMENT move=('swap', 0, 64) obj=165.1900
2026-07-13 11:08:42 INFO: [ls_stage1] Iter 83: PLATEAU move=('swap', 20, 76) obj=165.1900
2026-07-13 11:08:44 INFO: [ls_stage1] Iter 84: PLATEAU move=('swap', 36, 55) obj=165.1900
2026-07-13 11:08:46 INFO: [ls_stage1] Iter 85: PLATEAU move=('swap', 47, 88) obj=165.1900
2026-07-13 11:08:48 INFO: [ls_stage1] Iter 86: IMPROVEMENT move=('repod', 130, 469) obj=165.1700
2026-07-13 11:08:50 INFO: [ls_stage1] Iter 87: PLATEAU move=('swap', 30, 43) obj=165.1700
2026-07-13 11:08:52 INFO: [ls_stage1] Iter 88: PLATEAU move=('repod', 50, 688) obj=165.1700
2026-07-13 11:08:54 INFO: [ls_stage1] Iter 89: PLATEAU move=('repod', 54, 709) obj=165.1700
2026-07-13 11:08:56 INFO: [ls_stage1] Iter 90: PLATEAU move=('swap', 45, 75) obj=165.1700
2026-07-13 11:08:58 INFO: [ls_stage1] Iter 91: PLATEAU move=('swap', 63, 72) obj=165.1700
2026-07-13 11:09:00 INFO: [ls_stage1] Iter 92: PLATEAU move=('swap', 30, 49) obj=165.1700
2026-07-13 11:09:02 INFO: [ls_stage1] Iter 93: PLATEAU move=('swap', 26, 60) obj=165.1700
2026-07-13 11:09:04 INFO: [ls_stage1] Iter 94: PLATEAU move=('swap', 47, 69) obj=165.1700
2026-07-13 11:09:06 INFO: [ls_stage1] Iter 95: PLATEAU move=('swap', 4, 21) obj=165.1700
2026-07-13 11:09:08 INFO: [ls_stage1] Iter 96: PLATEAU move=('swap', 54, 88) obj=165.1700
2026-07-13 11:09:08 INFO: [ls_stage1] Converged after 10 iterations without imprevement.
2026-07-13 11:09:08 INFO: [ls_stage1] Final objective = 165.1700
2026-07-13 11:09:08 INFO: Stage 1 solved.
2026-07-13 11:09:08 INFO: Solving stage 2 ... 
2026-07-13 11:09:08 INFO: [ls_stage2] Building initial solution ...
2026-07-13 11:09:53 INFO: [ls_stage2] Feasible initial solution: obj = 52.1978
2026-07-13 11:09:53 WARNING: 
Variables size:
  x shape = (146, 100)
  f0 = (90, 100)
  g0 = (90, 100)
  v0 = (90, 100)
  y shape = (128, 1615321)
  num constraints satisfied = 1857622

2026-07-13 11:10:39 INFO: [ls_stage2] Iter 1: improved move=('item', 25, -8) obj=52.8422
2026-07-13 11:11:24 INFO: [ls_stage2] Iter 2: improved move=('item', 33, -6) obj=53.3225
2026-07-13 11:12:09 INFO: [ls_stage2] Iter 3: improved move=('item', 34, -8) obj=53.9589
2026-07-13 11:12:55 INFO: [ls_stage2] Iter 4: improved move=('item', 33, -8) obj=54.5433
2026-07-13 11:13:40 INFO: [ls_stage2] Iter 5: improved move=('multi_item', (np.int64(13), np.int64(54), np.int64(34)), -5) obj=55.2938
2026-07-13 11:14:25 INFO: [ls_stage2] Iter 6: improved move=('multi_item', (np.int64(69), np.int64(99), np.int64(139)), -5) obj=56.1396
2026-07-13 11:15:11 INFO: [ls_stage2] Iter 7: improved move=('multi_item', (np.int64(72), np.int64(79), np.int64(123)), -5) obj=56.9578
2026-07-13 11:15:56 INFO: [ls_stage2] Iter 8: improved move=('multi_item', (np.int64(72), np.int64(36), np.int64(85)), -5) obj=57.6544
2026-07-13 11:15:57 WARNING: _rebuild_pod_row: pod 273 cannot reach ws 25 by t=4 from 1457 t=0 — staying put
2026-07-13 11:15:57 WARNING: _rebuild_pod_row: pod 706 cannot reach ws 33 by t=1 from 602 t=0 — staying put
2026-07-13 11:16:41 INFO: [ls_stage2] Candidate rejected: move=('multi_item', (np.int64(101), np.int64(54), np.int64(20)), -5) obj=58.3426 violations=['EC18']
2026-07-13 11:17:26 INFO: [ls_stage2] Iter 9: improved move=('item', 72, -8) obj=58.1508
2026-07-13 11:17:27 WARNING: _rebuild_pod_row: pod 632 cannot reach ws 25 by t=2 from 700 t=0 — staying put
2026-07-13 11:18:12 INFO: [ls_stage2] Candidate rejected: move=('multi_item', (np.int64(44), np.int64(34), np.int64(85)), -5) obj=58.9540 violations=['EC18']
2026-07-13 11:18:12 WARNING: _rebuild_pod_row: pod 632 cannot reach ws 25 by t=2 from 700 t=0 — staying put
2026-07-13 11:18:56 INFO: [ls_stage2] Candidate rejected: move=('multi_item', (np.int64(121), np.int64(11), np.int64(44)), -5) obj=58.8815 violations=['EC18']
2026-07-13 11:19:41 INFO: [ls_stage2] Iter 10: improved move=('item', 53, -8) obj=58.7512
2026-07-13 11:20:27 INFO: [ls_stage2] Iter 11: improved move=('item', 33, -8) obj=59.2716
2026-07-13 11:21:12 INFO: [ls_stage2] Iter 12: improved move=('item', 11, -8) obj=59.7680
2026-07-13 11:21:57 INFO: [ls_stage2] Iter 13: improved move=('multi_item', (np.int64(69), np.int64(54), np.int64(33)), -4) obj=60.5786
2026-07-13 11:22:42 INFO: [ls_stage2] Iter 14: improved move=('multi_item', (np.int64(69), np.int64(83)), -5) obj=61.1716
2026-07-13 11:22:43 WARNING: _rebuild_pod_row: pod 576 cannot reach ws 23 by t=1 from 834 t=0 — staying put
2026-07-13 11:23:27 INFO: [ls_stage2] Candidate rejected: move=('multi_item', (np.int64(124), np.int64(25), np.int64(82)), -4) obj=61.7682 violations=['EC18']
2026-07-13 11:24:12 INFO: [ls_stage2] Iter 15: improved move=('item', 53, -8) obj=61.7080
2026-07-13 11:24:13 WARNING: _rebuild_pod_row: pod 103 cannot reach ws 27 by t=2 from 1855 t=0 — staying put
2026-07-13 11:24:57 INFO: [ls_stage2] Candidate rejected: move=('multi_item', (np.int64(79), np.int64(23), np.int64(73)), -5) obj=62.3787 violations=['EC18']
2026-07-13 11:25:42 INFO: [ls_stage2] Iter 16: improved move=('multi_item', (np.int64(136), np.int64(35), np.int64(79)), -5) obj=62.2277
2026-07-13 11:25:43 WARNING: _rebuild_pod_row: pod 120 cannot reach ws 25 by t=5 from 1767 t=0 — staying put
2026-07-13 11:25:43 WARNING: _rebuild_pod_row: pod 407 cannot reach ws 33 by t=0 from 1233 t=0 — staying put
2026-07-13 11:26:27 INFO: [ls_stage2] Candidate rejected: move=('multi_item', (np.int64(108), np.int64(110), np.int64(0)), -5) obj=62.7359 violations=['EC18']
2026-07-13 11:27:12 INFO: [ls_stage2] Iter 17: improved move=('multi_item', (np.int64(50), np.int64(65), np.int64(5)), -4) obj=62.7141
2026-07-13 11:27:57 INFO: [ls_stage2] Iter 18: improved move=('multi_item', (np.int64(12), np.int64(113), np.int64(38)), -5) obj=63.2921
2026-07-13 11:28:43 INFO: [ls_stage2] Iter 19: improved move=('multi_item', (np.int64(55), np.int64(85), np.int64(99)), -4) obj=63.9567
2026-07-13 11:28:43 WARNING: _rebuild_pod_row: pod 632 cannot reach ws 25 by t=2 from 700 t=0 — staying put
2026-07-13 11:28:43 WARNING: _rebuild_pod_row: pod 564 cannot reach ws 29 by t=31 from 37 t=30 — staying put
2026-07-13 11:29:28 INFO: [ls_stage2] Candidate rejected: move=('multi_item', (np.int64(33), np.int64(44), np.int64(86)), -5) obj=64.6749 violations=['EC18']
2026-07-13 11:30:13 INFO: [ls_stage2] Iter 20: improved move=('multi_item', (np.int64(68), np.int64(50), np.int64(100)), -5) obj=64.6074
2026-07-13 11:30:14 WARNING: _rebuild_pod_row: pod 311 cannot reach ws 25 by t=1 from 1410 t=0 — staying put
2026-07-13 11:30:58 INFO: [ls_stage2] Candidate rejected: move=('multi_item', (np.int64(37), np.int64(34), np.int64(33)), -5) obj=65.4157 violations=['EC18']
2026-07-13 11:30:58 WARNING: _rebuild_pod_row: pod 311 cannot reach ws 25 by t=1 from 1410 t=0 — staying put
2026-07-13 11:30:58 WARNING: _rebuild_pod_row: pod 103 cannot reach ws 27 by t=2 from 1855 t=0 — staying put
2026-07-13 11:31:43 INFO: [ls_stage2] Candidate rejected: move=('multi_item', (np.int64(83), np.int64(23), np.int64(37)), -5) obj=65.2607 violations=['EC18']
2026-07-13 11:32:27 INFO: [ls_stage2] Iter 21: improved move=('multi_item', (np.int64(72), np.int64(11), np.int64(97)), -4) obj=65.2140
2026-07-13 11:33:13 INFO: [ls_stage2] Iter 22: improved move=('multi_item', (np.int64(79), np.int64(69), np.int64(68)), -5) obj=65.9048
2026-07-13 11:33:14 WARNING: _rebuild_pod_row: pod 657 cannot reach ws 33 by t=4 from 749 t=0 — staying put
2026-07-13 11:33:58 INFO: [ls_stage2] Candidate rejected: move=('multi_item', (np.int64(53), np.int64(126), np.int64(79)), -5) obj=66.5080 violations=['EC18']
2026-07-13 11:33:59 WARNING: _rebuild_pod_row: pod 103 cannot reach ws 27 by t=3 from 1855 t=0 — staying put
2026-07-13 11:34:43 INFO: [ls_stage2] Candidate rejected: move=('multi_item', (np.int64(23), np.int64(15), np.int64(120)), -4) obj=66.4854 violations=['EC18']
2026-07-13 11:35:28 INFO: [ls_stage2] Iter 23: improved move=('item', 34, -8) obj=66.4372
2026-07-13 11:36:13 INFO: [ls_stage2] Iter 24: improved move=('multi_item', (np.int64(71), np.int64(68), np.int64(54)), -5) obj=67.0217
2026-07-13 11:36:58 INFO: [ls_stage2] Iter 25: improved move=('multi_item', (np.int64(15), np.int64(25), np.int64(57)), -4) obj=67.6081
2026-07-13 11:36:59 WARNING: _rebuild_pod_row: pod 560 cannot reach ws 27 by t=4 from 925 t=0 — staying put
2026-07-13 11:37:44 INFO: [ls_stage2] Candidate rejected: move=('multi_item', (np.int64(100), np.int64(109), np.int64(50)), -5) obj=68.1489 violations=['EC18']
2026-07-13 11:37:44 WARNING: _rebuild_pod_row: pod 341 cannot reach ws 29 by t=4 from 1347 t=0 — staying put
2026-07-13 11:38:29 INFO: [ls_stage2] Candidate rejected: move=('multi_item', (np.int64(14), np.int64(43), np.int64(68)), -4) obj=68.1307 violations=['EC18']
2026-07-13 11:39:14 INFO: [ls_stage2] Iter 26: improved move=('item', 33, -8) obj=68.0325
2026-07-13 11:39:59 INFO: [ls_stage2] Iter 27: improved move=('multi_item', (np.int64(49), np.int64(20), np.int64(11)), -4) obj=68.5711
2026-07-13 11:40:45 INFO: [ls_stage2] Iter 28: improved move=('multi_item', (np.int64(99), np.int64(97), np.int64(120)), -5) obj=69.1194
2026-07-13 11:41:30 INFO: [ls_stage2] Iter 29: improved move=('multi_item', (np.int64(132), np.int64(38), np.int64(14)), -5) obj=69.6924
2026-07-13 11:41:31 WARNING: _rebuild_pod_row: pod 151 cannot reach ws 25 by t=7 from 1705 t=0 — staying put
2026-07-13 11:42:15 INFO: [ls_stage2] Candidate rejected: move=('multi_item', (np.int64(109), np.int64(142), np.int64(88)), -5) obj=70.2106 violations=['EC18']
2026-07-13 11:42:16 WARNING: _rebuild_pod_row: pod 564 cannot reach ws 37 by t=33 from 29 t=32 — staying put
2026-07-13 11:42:16 WARNING: _rebuild_pod_row: pod 564 cannot reach ws 37 by t=34 from 29 t=34 — staying put
2026-07-13 11:43:00 INFO: [ls_stage2] Candidate rejected: move=('item', 88, -8) obj=70.1408 violations=['EC18']
2026-07-13 11:43:01 WARNING: _rebuild_pod_row: pod 657 cannot reach ws 33 by t=4 from 749 t=0 — staying put
2026-07-13 11:43:45 INFO: [ls_stage2] Candidate rejected: move=('multi_item', (np.int64(88), np.int64(63), np.int64(79)), -5) obj=70.1279 violations=['EC18']
2026-07-13 11:43:45 INFO: [ls_stage2] Iter 30: no accepted move (1/5)
2026-07-13 11:44:30 INFO: [ls_stage2] Iter 31: improved move=('multi_item', (np.int64(81), np.int64(88), np.int64(122)), -2) obj=69.9336
2026-07-13 11:45:15 INFO: [ls_stage2] Iter 32: improved move=('multi_item', (np.int64(48), np.int64(108), np.int64(43)), -5) obj=70.3561
2026-07-13 11:45:16 WARNING: _rebuild_pod_row: pod 657 cannot reach ws 33 by t=5 from 749 t=0 — staying put
2026-07-13 11:46:01 INFO: [ls_stage2] Candidate rejected: move=('multi_item', (np.int64(79), np.int64(32), np.int64(85)), -4) obj=70.9207 violations=['EC18']
2026-07-13 11:46:46 INFO: [ls_stage2] Iter 33: improved move=('multi_item', (np.int64(54), np.int64(65)), -4) obj=70.8365
2026-07-13 11:47:31 INFO: [ls_stage2] Iter 34: improved move=('multi_item', (np.int64(29), np.int64(88), np.int64(50)), -5) obj=71.5672
2026-07-13 11:47:32 WARNING: _rebuild_pod_row: pod 407 cannot reach ws 33 by t=0 from 1233 t=0 — staying put
2026-07-13 11:48:16 INFO: [ls_stage2] Candidate rejected: move=('multi_item', (np.int64(0), np.int64(92), np.int64(114)), -5) obj=72.0927 violations=['EC18']
2026-07-13 11:48:16 WARNING: _rebuild_pod_row: pod 407 cannot reach ws 33 by t=0 from 1233 t=0 — staying put
2026-07-13 11:49:01 INFO: [ls_stage2] Candidate rejected: move=('multi_item', (np.int64(0), np.int64(92)), -5) obj=72.0927 violations=['EC18']
2026-07-13 11:49:01 WARNING: _rebuild_pod_row: pod 672 cannot reach ws 27 by t=0 from 657 t=0 — staying put
2026-07-13 11:49:01 WARNING: _rebuild_pod_row: pod 499 cannot reach ws 37 by t=0 from 1048 t=0 — staying put
2026-07-13 11:49:46 INFO: [ls_stage2] Candidate rejected: move=('multi_item', (np.int64(43), np.int64(140), np.int64(45)), -5) obj=72.0679 violations=['EC18']
2026-07-13 11:49:46 INFO: [ls_stage2] Iter 35: no accepted move (1/5)
2026-07-13 11:50:31 INFO: [ls_stage2] Iter 36: improved move=('multi_item', (np.int64(77), np.int64(126), np.int64(78)), -2) obj=71.7884
2026-07-13 11:51:16 INFO: [ls_stage2] Iter 37: improved move=('item', 53, -8) obj=72.2608
2026-07-13 11:52:01 INFO: [ls_stage2] Iter 38: improved move=('multi_item', (np.int64(33), np.int64(53), np.int64(140)), -5) obj=72.9015
2026-07-13 11:52:46 INFO: [ls_stage2] Iter 39: improved move=('item', 32, -8) obj=73.3619
2026-07-13 11:53:32 INFO: [ls_stage2] Iter 40: improved move=('item', 65, -8) obj=73.7663
2026-07-13 11:54:17 INFO: [ls_stage2] Iter 41: improved move=('multi_item', (np.int64(54), np.int64(34), np.int64(131)), -5) obj=74.4321
2026-07-13 11:55:02 INFO: [ls_stage2] Iter 42: improved move=('item', 54, -8) obj=74.8525
2026-07-13 11:55:03 WARNING: _rebuild_pod_row: pod 273 cannot reach ws 25 by t=4 from 1457 t=0 — staying put
2026-07-13 11:55:47 INFO: [ls_stage2] Candidate rejected: move=('multi_item', (np.int64(34), np.int64(101), np.int64(70)), -5) obj=75.4592 violations=['EC18']
2026-07-13 11:55:48 WARNING: _rebuild_pod_row: pod 151 cannot reach ws 25 by t=7 from 1705 t=0 — staying put
2026-07-13 11:56:32 INFO: [ls_stage2] Candidate rejected: move=('multi_item', (np.int64(70), np.int64(142), np.int64(83)), -5) obj=75.3692 violations=['EC18']
2026-07-13 11:57:17 INFO: [ls_stage2] Iter 43: improved move=('multi_item', (np.int64(145), np.int64(53), np.int64(34)), -5) obj=75.3655
2026-07-13 11:57:18 WARNING: _rebuild_pod_row: pod 144 cannot reach ws 29 by t=5 from 1815 t=0 — staying put
2026-07-13 11:58:02 INFO: [ls_stage2] Candidate rejected: move=('multi_item', (np.int64(106), np.int64(54), np.int64(38)), -5) obj=75.8865 violations=['EC18']
2026-07-13 11:58:47 INFO: [ls_stage2] Iter 44: improved move=('multi_item', (np.int64(115), np.int64(83), np.int64(72)), -4) obj=75.7834
2026-07-13 11:58:48 WARNING: _rebuild_pod_row: pod 407 cannot reach ws 33 by t=0 from 1233 t=0 — staying put
2026-07-13 11:59:33 INFO: [ls_stage2] Candidate rejected: move=('multi_item', (np.int64(0), np.int64(130), np.int64(99)), -5) obj=76.2560 violations=['EC18']
2026-07-13 12:00:18 INFO: [ls_stage2] Iter 45: improved move=('item', 69, -8) obj=76.2238
2026-07-13 12:00:19 WARNING: _rebuild_pod_row: pod 120 cannot reach ws 25 by t=5 from 1767 t=0 — staying put
2026-07-13 12:00:19 WARNING: _rebuild_pod_row: pod 103 cannot reach ws 27 by t=2 from 1855 t=0 — staying put
2026-07-13 12:01:03 INFO: [ls_stage2] Candidate rejected: move=('multi_item', (np.int64(110), np.int64(126), np.int64(23)), -5) obj=76.6871 violations=['EC18']
2026-07-13 12:01:48 INFO: [ls_stage2] Iter 46: improved move=('item', 92, -8) obj=76.6722
2026-07-13 12:02:33 INFO: [ls_stage2] Iter 47: improved move=('multi_item', (np.int64(54), np.int64(73)), -5) obj=77.1527
2026-07-13 12:02:34 WARNING: _rebuild_pod_row: pod 564 cannot reach ws 29 by t=31 from 37 t=30 — staying put
2026-07-13 12:03:18 INFO: [ls_stage2] Candidate rejected: move=('multi_item', (np.int64(109), np.int64(88), np.int64(113)), -5) obj=77.8160 violations=['EC18']
2026-07-13 12:04:03 INFO: [ls_stage2] Iter 48: improved move=('multi_item', (np.int64(108), np.int64(73), np.int64(109)), -5) obj=77.7010
2026-07-13 12:04:04 WARNING: _rebuild_pod_row: pod 341 cannot reach ws 29 by t=3 from 1347 t=0 — staying put
2026-07-13 12:04:49 INFO: [ls_stage2] Candidate rejected: move=('multi_item', (np.int64(83), np.int64(68), np.int64(40)), -5) obj=78.3317 violations=['EC18']
2026-07-13 12:04:49 WARNING: _rebuild_pod_row: pod 103 cannot reach ws 27 by t=3 from 1855 t=0 — staying put
2026-07-13 12:04:49 WARNING: _rebuild_pod_row: pod 311 cannot reach ws 25 by t=2 from 1410 t=0 — staying put
2026-07-13 12:05:34 INFO: [ls_stage2] Candidate rejected: move=('multi_item', (np.int64(37), np.int64(23), np.int64(73)), -4) obj=78.2016 violations=['EC18']
2026-07-13 12:05:34 WARNING: _rebuild_pod_row: pod 311 cannot reach ws 25 by t=2 from 1410 t=0 — staying put
2026-07-13 12:06:18 INFO: [ls_stage2] Candidate rejected: move=('multi_item', (np.int64(21), np.int64(99), np.int64(37)), -4) obj=78.1154 violations=['EC18']
2026-07-13 12:06:18 INFO: [ls_stage2] Iter 49: no accepted move (1/5)
2026-07-13 12:07:04 INFO: [ls_stage2] Iter 50: improved move=('multi_item', (np.int64(74), np.int64(109), np.int64(25)), -2) obj=77.9072
2026-07-13 12:07:49 INFO: [ls_stage2] Iter 51: improved move=('item', 86, -8) obj=78.3076
2026-07-13 12:08:34 INFO: [ls_stage2] Iter 52: improved move=('item', 88, -8) obj=78.7000
2026-07-13 12:08:35 WARNING: _rebuild_pod_row: pod 632 cannot reach ws 25 by t=3 from 700 t=0 — staying put
2026-07-13 12:09:19 INFO: [ls_stage2] Candidate rejected: move=('multi_item', (np.int64(44), np.int64(139), np.int64(65)), -4) obj=79.1626 violations=['EC18']
2026-07-13 12:10:04 INFO: [ls_stage2] Iter 53: improved move=('item', 38, -8) obj=79.1164
2026-07-13 12:10:49 INFO: [ls_stage2] Iter 54: improved move=('multi_item', (np.int64(65), np.int64(70), np.int64(40)), -4) obj=79.7270
2026-07-13 12:10:50 WARNING: _rebuild_pod_row: pod 499 cannot reach ws 37 by t=0 from 1048 t=0 — staying put
2026-07-13 12:11:35 INFO: [ls_stage2] Candidate rejected: move=('multi_item', (np.int64(45), np.int64(50), np.int64(113)), -5) obj=80.3702 violations=['EC18']
2026-07-13 12:11:35 WARNING: _rebuild_pod_row: pod 321 cannot reach ws 37 by t=2 from 1430 t=0 — staying put
2026-07-13 12:12:20 INFO: [ls_stage2] Candidate rejected: move=('multi_item', (np.int64(53), np.int64(87), np.int64(33)), -5) obj=80.3477 violations=['EC18']
2026-07-13 12:13:04 INFO: [ls_stage2] Iter 55: improved move=('multi_item', (np.int64(119), np.int64(32), np.int64(99)), -5) obj=80.1925
2026-07-13 12:13:50 INFO: [ls_stage2] Iter 56: improved move=('multi_item', (np.int64(85), np.int64(123), np.int64(53)), -5) obj=80.7446
2026-07-13 12:13:51 WARNING: _rebuild_pod_row: pod 321 cannot reach ws 37 by t=3 from 1430 t=0 — staying put
2026-07-13 12:14:35 INFO: [ls_stage2] Candidate rejected: move=('multi_item', (np.int64(54), np.int64(33), np.int64(121)), -4) obj=81.2612 violations=['EC18']
2026-07-13 12:14:35 WARNING: _rebuild_pod_row: pod 811 cannot reach ws 23 by t=1 from 319 t=0 — staying put
2026-07-13 12:14:35 WARNING: _rebuild_pod_row: pod 407 cannot reach ws 33 by t=0 from 1233 t=0 — staying put
2026-07-13 12:15:20 INFO: [ls_stage2] Candidate rejected: move=('multi_item', (np.int64(115), np.int64(112), np.int64(0)), -5) obj=81.2401 violations=['EC18']
2026-07-13 12:16:05 INFO: [ls_stage2] Iter 57: improved move=('item', 112, -8) obj=81.1450
2026-07-13 12:16:05 WARNING: _rebuild_pod_row: pod 560 cannot reach ws 27 by t=4 from 925 t=0 — staying put
2026-07-13 12:16:05 WARNING: _rebuild_pod_row: pod 395 cannot reach ws 23 by t=2 from 1209 t=0 — staying put
2026-07-13 12:16:05 WARNING: _rebuild_pod_row: pod 140 cannot reach ws 39 by t=5 from 1807 t=0 — staying put
2026-07-13 12:16:50 INFO: [ls_stage2] Candidate rejected: move=('multi_item', (np.int64(84), np.int64(53), np.int64(100)), -5) obj=81.5682 violations=['EC18']
2026-07-13 12:16:50 WARNING: _rebuild_pod_row: pod 551 cannot reach ws 25 by t=1 from 906 t=0 — staying put
2026-07-13 12:17:35 INFO: [ls_stage2] Candidate rejected: move=('multi_item', (np.int64(88), np.int64(28), np.int64(131)), -5) obj=81.5281 violations=['EC18']
2026-07-13 12:18:20 INFO: [ls_stage2] Iter 58: improved move=('item', 124, -8) obj=81.5254
2026-07-13 12:18:20 WARNING: _rebuild_pod_row: pod 766 cannot reach ws 25 by t=0 from 476 t=0 — staying put
2026-07-13 12:19:05 INFO: [ls_stage2] Candidate rejected: move=('multi_item', (np.int64(49), np.int64(69), np.int64(87)), -4) obj=82.0180 violations=['EC18']
2026-07-13 12:19:50 INFO: [ls_stage2] Iter 59: improved move=('multi_item', (np.int64(86), np.int64(136), np.int64(28)), -5) obj=81.9610
2026-07-13 12:19:51 WARNING: _rebuild_pod_row: pod 657 cannot reach ws 33 by t=4 from 749 t=0 — staying put
2026-07-13 12:19:51 WARNING: _rebuild_pod_row: pod 140 cannot reach ws 39 by t=5 from 1807 t=0 — staying put
