2026-07-12 12:19:20 INFO: Warehouse initialization | grid=25x24, physical=54x29, num_skus=9000, num_robots=30, num_ws=8
2026-07-12 12:19:20 INFO: Warehouse initialized | 600 pods  (average number of skus per pod = 20.93), 8 workstations, 30 robots
2026-07-12 12:19:20 INFO: [OptManager] Building time-space network ...
2026-07-12 12:19:22 INFO: [OptManager] Network ready: 60800 nodes, 914536 travelling arcs, 60192 idle arcs.
2026-07-12 12:19:22 INFO: 
=============================================
2026-07-12 12:19:22 INFO:   START SIMULATION  {TIME HORIZON = 01:00:00}
2026-07-12 12:19:22 DEBUG:    EVENT NUM 1     current_time = 00:00:00   ARRIVAL_ORDER         [queue size = 1]
2026-07-12 12:19:22 DEBUG: Order 0 arrived: items_required = [2784, 1207, 4551, 2792].     [orders_in_system = 1]
2026-07-12 12:19:22 DEBUG: Order 1 arrived: items_required = [2564].     [orders_in_system = 2]
2026-07-12 12:19:22 DEBUG: Order 2 arrived: items_required = [4353].     [orders_in_system = 3]
2026-07-12 12:19:22 DEBUG: Order 3 arrived: items_required = [4201].     [orders_in_system = 4]
2026-07-12 12:19:22 DEBUG: Order 4 arrived: items_required = [7104, 6148].     [orders_in_system = 5]
2026-07-12 12:19:22 DEBUG: Order 5 arrived: items_required = [6532, 2931].     [orders_in_system = 6]
2026-07-12 12:19:22 DEBUG: Order 6 arrived: items_required = [2375].     [orders_in_system = 7]
2026-07-12 12:19:22 DEBUG: Order 7 arrived: items_required = [6530].     [orders_in_system = 8]
2026-07-12 12:19:22 DEBUG: Order 8 arrived: items_required = [1990].     [orders_in_system = 9]
2026-07-12 12:19:22 DEBUG: Order 9 arrived: items_required = [4950, 4023].     [orders_in_system = 10]
2026-07-12 12:19:22 DEBUG: Order 10 arrived: items_required = [5688, 6227, 5722, 1550].     [orders_in_system = 11]
2026-07-12 12:19:22 DEBUG: Order 11 arrived: items_required = [6338, 2951].     [orders_in_system = 12]
2026-07-12 12:19:22 DEBUG: Order 12 arrived: items_required = [2332].     [orders_in_system = 13]
2026-07-12 12:19:22 DEBUG: Order 13 arrived: items_required = [5895].     [orders_in_system = 14]
2026-07-12 12:19:22 DEBUG: Order 14 arrived: items_required = [3331].     [orders_in_system = 15]
2026-07-12 12:19:22 DEBUG: Order 15 arrived: items_required = [5079].     [orders_in_system = 16]
2026-07-12 12:19:22 DEBUG: Order 16 arrived: items_required = [5328].     [orders_in_system = 17]
2026-07-12 12:19:22 DEBUG: Order 17 arrived: items_required = [5022, 6165].     [orders_in_system = 18]
2026-07-12 12:19:22 DEBUG: Order 18 arrived: items_required = [3468, 6617].     [orders_in_system = 19]
2026-07-12 12:19:22 DEBUG: Order 19 arrived: items_required = [1734, 2384].     [orders_in_system = 20]
2026-07-12 12:19:22 DEBUG: Order 20 arrived: items_required = [1677, 2489].     [orders_in_system = 21]
2026-07-12 12:19:22 DEBUG: Order 21 arrived: items_required = [2436].     [orders_in_system = 22]
2026-07-12 12:19:22 DEBUG: Order 22 arrived: items_required = [2890, 5469].     [orders_in_system = 23]
2026-07-12 12:19:22 DEBUG: Order 23 arrived: items_required = [6613].     [orders_in_system = 24]
2026-07-12 12:19:22 DEBUG: Order 24 arrived: items_required = [6151].     [orders_in_system = 25]
2026-07-12 12:19:22 DEBUG: Order 25 arrived: items_required = [1860, 3007].     [orders_in_system = 26]
2026-07-12 12:19:22 DEBUG: Order 26 arrived: items_required = [3432, 3760].     [orders_in_system = 27]
2026-07-12 12:19:22 DEBUG: Order 27 arrived: items_required = [2175].     [orders_in_system = 28]
2026-07-12 12:19:22 DEBUG: Order 28 arrived: items_required = [1208, 5206].     [orders_in_system = 29]
2026-07-12 12:19:22 DEBUG: Order 29 arrived: items_required = [6466, 4966].     [orders_in_system = 30]
2026-07-12 12:19:22 DEBUG: Order 30 arrived: items_required = [4216].     [orders_in_system = 31]
2026-07-12 12:19:22 DEBUG: Order 31 arrived: items_required = [6105, 2083].     [orders_in_system = 32]
2026-07-12 12:19:22 DEBUG: Order 32 arrived: items_required = [6782, 5982, 4761, 2147].     [orders_in_system = 33]
2026-07-12 12:19:22 DEBUG: Order 33 arrived: items_required = [7219].     [orders_in_system = 34]
2026-07-12 12:19:22 DEBUG: Order 34 arrived: items_required = [2874, 6667].     [orders_in_system = 35]
2026-07-12 12:19:22 DEBUG: Order 35 arrived: items_required = [167].     [orders_in_system = 36]
2026-07-12 12:19:22 DEBUG: Order 36 arrived: items_required = [5147, 8176, 2184].     [orders_in_system = 37]
2026-07-12 12:19:22 DEBUG: Order 37 arrived: items_required = [5426].     [orders_in_system = 38]
2026-07-12 12:19:22 DEBUG: Order 38 arrived: items_required = [2287].     [orders_in_system = 39]
2026-07-12 12:19:22 DEBUG: Order 39 arrived: items_required = [5803, 1133].     [orders_in_system = 40]
2026-07-12 12:19:22 DEBUG: Order 40 arrived: items_required = [4239, 3633].     [orders_in_system = 41]
2026-07-12 12:19:22 DEBUG: Order 41 arrived: items_required = [851].     [orders_in_system = 42]
2026-07-12 12:19:22 DEBUG: Order 42 arrived: items_required = [5932, 2823, 6410, 2978].     [orders_in_system = 43]
2026-07-12 12:19:22 DEBUG: Order 43 arrived: items_required = [7573, 7305].     [orders_in_system = 44]
2026-07-12 12:19:22 DEBUG: Order 44 arrived: items_required = [1997].     [orders_in_system = 45]
2026-07-12 12:19:22 DEBUG: Order 45 arrived: items_required = [2597, 3909, 2666].     [orders_in_system = 46]
2026-07-12 12:19:22 DEBUG: Order 46 arrived: items_required = [2000].     [orders_in_system = 47]
2026-07-12 12:19:22 DEBUG: Order 47 arrived: items_required = [3837, 8081].     [orders_in_system = 48]
2026-07-12 12:19:22 DEBUG: Order 48 arrived: items_required = [5073, 4694].     [orders_in_system = 49]
2026-07-12 12:19:22 DEBUG: Order 49 arrived: items_required = [5946, 3025, 5306].     [orders_in_system = 50]
2026-07-12 12:19:22 DEBUG: Order 50 arrived: items_required = [4232].     [orders_in_system = 51]
2026-07-12 12:19:22 DEBUG: Order 51 arrived: items_required = [8105, 5817].     [orders_in_system = 52]
2026-07-12 12:19:22 DEBUG: Order 52 arrived: items_required = [2420].     [orders_in_system = 53]
2026-07-12 12:19:22 DEBUG: Order 53 arrived: items_required = [4683].     [orders_in_system = 54]
2026-07-12 12:19:22 DEBUG: Order 54 arrived: items_required = [3368].     [orders_in_system = 55]
2026-07-12 12:19:22 DEBUG: Order 55 arrived: items_required = [1880].     [orders_in_system = 56]
2026-07-12 12:19:22 DEBUG: Order 56 arrived: items_required = [3661].     [orders_in_system = 57]
2026-07-12 12:19:22 DEBUG: Order 57 arrived: items_required = [4832].     [orders_in_system = 58]
2026-07-12 12:19:22 DEBUG: Order 58 arrived: items_required = [7352].     [orders_in_system = 59]
2026-07-12 12:19:22 DEBUG: Order 59 arrived: items_required = [7293].     [orders_in_system = 60]
2026-07-12 12:19:22 DEBUG: Order 60 arrived: items_required = [355, 5371, 7738].     [orders_in_system = 61]
2026-07-12 12:19:22 DEBUG: Order 61 arrived: items_required = [4110, 2628].     [orders_in_system = 62]
2026-07-12 12:19:22 DEBUG: Order 62 arrived: items_required = [2861, 7582, 5203, 4593].     [orders_in_system = 63]
2026-07-12 12:19:22 DEBUG: Order 63 arrived: items_required = [4427, 3954].     [orders_in_system = 64]
2026-07-12 12:19:22 DEBUG: Order 64 arrived: items_required = [6314, 4190].     [orders_in_system = 65]
2026-07-12 12:19:22 DEBUG: Order 65 arrived: items_required = [3885].     [orders_in_system = 66]
2026-07-12 12:19:22 DEBUG: Order 66 arrived: items_required = [7370, 5642].     [orders_in_system = 67]
2026-07-12 12:19:22 DEBUG: Order 67 arrived: items_required = [1743, 7974].     [orders_in_system = 68]
2026-07-12 12:19:22 DEBUG: Order 68 arrived: items_required = [2813, 4301].     [orders_in_system = 69]
2026-07-12 12:19:22 DEBUG: Order 69 arrived: items_required = [8376, 6790, 6842, 4240, 4645, 3759].     [orders_in_system = 70]
2026-07-12 12:19:22 DEBUG: Order 70 arrived: items_required = [3461, 5886].     [orders_in_system = 71]
2026-07-12 12:19:22 DEBUG: Order 71 arrived: items_required = [5826].     [orders_in_system = 72]
2026-07-12 12:19:22 DEBUG: Order 72 arrived: items_required = [8553, 8686].     [orders_in_system = 73]
2026-07-12 12:19:22 DEBUG: Order 73 arrived: items_required = [4387, 4860].     [orders_in_system = 74]
2026-07-12 12:19:22 DEBUG: Order 74 arrived: items_required = [8650].     [orders_in_system = 75]
2026-07-12 12:19:22 DEBUG: Order 75 arrived: items_required = [6700].     [orders_in_system = 76]
2026-07-12 12:19:22 DEBUG: Order 76 arrived: items_required = [4528, 7795].     [orders_in_system = 77]
2026-07-12 12:19:22 DEBUG: Order 77 arrived: items_required = [4590, 3330].     [orders_in_system = 78]
2026-07-12 12:19:22 DEBUG: Order 78 arrived: items_required = [6742].     [orders_in_system = 79]
2026-07-12 12:19:22 DEBUG: Order 79 arrived: items_required = [1897].     [orders_in_system = 80]
2026-07-12 12:19:22 DEBUG: Order 80 arrived: items_required = [2347].     [orders_in_system = 81]
2026-07-12 12:19:22 DEBUG: Order 81 arrived: items_required = [1141, 4363, 5640].     [orders_in_system = 82]
2026-07-12 12:19:22 DEBUG: Order 82 arrived: items_required = [3315, 4665].     [orders_in_system = 83]
2026-07-12 12:19:22 DEBUG: Order 83 arrived: items_required = [5534].     [orders_in_system = 84]
2026-07-12 12:19:22 DEBUG: Order 84 arrived: items_required = [5064, 5084, 635].     [orders_in_system = 85]
2026-07-12 12:19:22 DEBUG: Order 85 arrived: items_required = [4643].     [orders_in_system = 86]
2026-07-12 12:19:22 DEBUG: Order 86 arrived: items_required = [2227].     [orders_in_system = 87]
2026-07-12 12:19:22 DEBUG: Order 87 arrived: items_required = [4929].     [orders_in_system = 88]
2026-07-12 12:19:22 DEBUG: Order 88 arrived: items_required = [7765].     [orders_in_system = 89]
2026-07-12 12:19:22 DEBUG: Order 89 arrived: items_required = [2991].     [orders_in_system = 90]
2026-07-12 12:19:22 DEBUG: Order 90 arrived: items_required = [4454].     [orders_in_system = 91]
2026-07-12 12:19:22 DEBUG: Order 91 arrived: items_required = [5654, 7016].     [orders_in_system = 92]
2026-07-12 12:19:22 DEBUG: Order 92 arrived: items_required = [5009, 3677].     [orders_in_system = 93]
2026-07-12 12:19:22 DEBUG: Order 93 arrived: items_required = [8344].     [orders_in_system = 94]
2026-07-12 12:19:22 DEBUG: Order 94 arrived: items_required = [3956, 6324].     [orders_in_system = 95]
2026-07-12 12:19:22 DEBUG: Order 95 arrived: items_required = [2239, 2589].     [orders_in_system = 96]
2026-07-12 12:19:22 DEBUG: Order 96 arrived: items_required = [540].     [orders_in_system = 97]
2026-07-12 12:19:22 DEBUG: Order 97 arrived: items_required = [5373, 1268].     [orders_in_system = 98]
2026-07-12 12:19:22 DEBUG: Order 98 arrived: items_required = [1750].     [orders_in_system = 99]
2026-07-12 12:19:22 DEBUG: Order 99 arrived: items_required = [6067, 6149].     [orders_in_system = 100]
2026-07-12 12:19:22 DEBUG:    EVENT NUM 2     current_time = 00:00:01   RUN_OPTIMIZER         [queue size = 1]
2026-07-12 12:19:22 INFO: Solving stage 1 ... 
2026-07-12 12:19:22 INFO: [ls_stage1] Building initial solution ...
2026-07-12 12:19:22 INFO: [ls_stage1] Initial objective = 208.8300
2026-07-12 12:19:22 WARNING: 
Variables size:
  shape x = (171, 600)
  shape y = (8, 600)
  shape z = (100, 8)
  constraints_satisfied = 821087

2026-07-12 12:19:24 INFO: [ls_stage1] Iter 1: IMPROVEMENT move=('swap', 22, 36) obj=206.2100
2026-07-12 12:19:26 INFO: [ls_stage1] Iter 2: IMPROVEMENT move=('swap', 45, 66) obj=202.5100
2026-07-12 12:19:28 INFO: [ls_stage1] Iter 3: IMPROVEMENT move=('swap', 77, 86) obj=200.8800
2026-07-12 12:19:30 INFO: [ls_stage1] Iter 4: IMPROVEMENT move=('swap', 81, 91) obj=199.3100
2026-07-12 12:19:32 INFO: [ls_stage1] Iter 5: IMPROVEMENT move=('swap', 3, 12) obj=197.7300
2026-07-12 12:19:34 INFO: [ls_stage1] Iter 6: IMPROVEMENT move=('swap', 46, 89) obj=196.3700
2026-07-12 12:19:36 INFO: [ls_stage1] Iter 7: IMPROVEMENT move=('swap', 13, 26) obj=195.0200
2026-07-12 12:19:38 INFO: [ls_stage1] Iter 8: IMPROVEMENT move=('moveto', 41, 4) obj=193.7100
2026-07-12 12:19:40 INFO: [ls_stage1] Iter 9: IMPROVEMENT move=('swap', 69, 84) obj=192.8000
2026-07-12 12:19:42 INFO: [ls_stage1] Iter 10: IMPROVEMENT move=('swap', 40, 98) obj=191.5900
2026-07-12 12:19:44 INFO: [ls_stage1] Iter 11: IMPROVEMENT move=('swap', 18, 28) obj=191.0500
2026-07-12 12:19:46 INFO: [ls_stage1] Iter 12: IMPROVEMENT move=('moveto', 54, 2) obj=189.9500
2026-07-12 12:19:48 INFO: [ls_stage1] Iter 13: IMPROVEMENT move=('repod', 111, 493) obj=188.6600
2026-07-12 12:19:50 INFO: [ls_stage1] Iter 14: IMPROVEMENT move=('swap', 51, 76) obj=188.3400
2026-07-12 12:19:52 INFO: [ls_stage1] Iter 15: IMPROVEMENT move=('swap', 48, 97) obj=188.0200
2026-07-12 12:19:54 INFO: [ls_stage1] Iter 16: IMPROVEMENT move=('repod', 110, 587) obj=187.7300
2026-07-12 12:19:56 INFO: [ls_stage1] Iter 17: IMPROVEMENT move=('swap', 7, 35) obj=187.4900
2026-07-12 12:19:58 INFO: [ls_stage1] Iter 18: IMPROVEMENT move=('swap', 38, 47) obj=187.0700
2026-07-12 12:20:00 INFO: [ls_stage1] Iter 19: IMPROVEMENT move=('swap', 33, 95) obj=186.9500
2026-07-12 12:20:02 INFO: [ls_stage1] Iter 20: IMPROVEMENT move=('repod', 104, 184) obj=186.6300
2026-07-12 12:20:04 INFO: [ls_stage1] Iter 21: IMPROVEMENT move=('repod', 90, 565) obj=186.3800
2026-07-12 12:20:06 INFO: [ls_stage1] Iter 22: IMPROVEMENT move=('repod', 84, 338) obj=186.1900
2026-07-12 12:20:08 INFO: [ls_stage1] Iter 23: IMPROVEMENT move=('moveto', 23, 7) obj=186.1100
2026-07-12 12:20:10 INFO: [ls_stage1] Iter 24: IMPROVEMENT move=('swap', 0, 96) obj=185.9700
2026-07-12 12:20:12 INFO: [ls_stage1] Iter 25: IMPROVEMENT move=('swap', 27, 83) obj=185.8100
2026-07-12 12:20:14 INFO: [ls_stage1] Iter 26: IMPROVEMENT move=('swap', 65, 98) obj=185.7100
2026-07-12 12:20:16 INFO: [ls_stage1] Iter 27: IMPROVEMENT move=('repod', 16, 492) obj=185.6000
2026-07-12 12:20:18 INFO: [ls_stage1] Iter 28: IMPROVEMENT move=('repod', 53, 589) obj=185.4400
2026-07-12 12:20:20 INFO: [ls_stage1] Iter 29: IMPROVEMENT move=('moveto', 2, 7) obj=185.3000
2026-07-12 12:20:22 INFO: [ls_stage1] Iter 30: IMPROVEMENT move=('repod', 116, 367) obj=185.1200
2026-07-12 12:20:24 INFO: [ls_stage1] Iter 31: IMPROVEMENT move=('repod', 52, 559) obj=184.8500
2026-07-12 12:20:26 INFO: [ls_stage1] Iter 32: IMPROVEMENT move=('swap', 1, 14) obj=184.6500
2026-07-12 12:20:28 INFO: [ls_stage1] Iter 33: IMPROVEMENT move=('swap', 29, 67) obj=184.4900
2026-07-12 12:20:30 INFO: [ls_stage1] Iter 34: IMPROVEMENT move=('moveto', 68, 7) obj=184.4100
2026-07-12 12:20:32 INFO: [ls_stage1] Iter 35: IMPROVEMENT move=('repod', 41, 360) obj=184.2800
2026-07-12 12:20:34 INFO: [ls_stage1] Iter 36: IMPROVEMENT move=('swap', 90, 97) obj=184.2000
2026-07-12 12:20:36 INFO: [ls_stage1] Iter 37: IMPROVEMENT move=('swap', 4, 98) obj=184.0400
2026-07-12 12:20:38 INFO: [ls_stage1] Iter 38: IMPROVEMENT move=('moveto', 75, 6) obj=184.0000
2026-07-12 12:20:40 INFO: [ls_stage1] Iter 39: IMPROVEMENT move=('repod', 102, 436) obj=183.8900
2026-07-12 12:20:42 INFO: [ls_stage1] Iter 40: IMPROVEMENT move=('swap', 57, 96) obj=183.8500
2026-07-12 12:20:44 INFO: [ls_stage1] Iter 41: IMPROVEMENT move=('repod', 155, 336) obj=183.7100
2026-07-12 12:20:46 INFO: [ls_stage1] Iter 42: IMPROVEMENT move=('repod', 108, 507) obj=183.4600
2026-07-12 12:20:48 INFO: [ls_stage1] Iter 43: IMPROVEMENT move=('repod', 75, 521) obj=183.3700
2026-07-12 12:20:50 INFO: [ls_stage1] Iter 44: IMPROVEMENT move=('swap', 76, 95) obj=183.2700
2026-07-12 12:20:52 INFO: [ls_stage1] Iter 45: IMPROVEMENT move=('repod', 6, 438) obj=183.1200
2026-07-12 12:20:54 INFO: [ls_stage1] Iter 46: IMPROVEMENT move=('repod', 158, 550) obj=182.9600
2026-07-12 12:20:56 INFO: [ls_stage1] Iter 47: IMPROVEMENT move=('repod', 145, 519) obj=182.9000
2026-07-12 12:20:58 INFO: [ls_stage1] Iter 48: IMPROVEMENT move=('moveto', 3, 5) obj=182.8200
2026-07-12 12:21:00 INFO: [ls_stage1] Iter 49: IMPROVEMENT move=('moveto', 15, 6) obj=182.7600
2026-07-12 12:21:02 INFO: [ls_stage1] Iter 50: IMPROVEMENT move=('moveto', 74, 0) obj=182.7200
2026-07-12 12:21:04 INFO: [ls_stage1] Iter 51: IMPROVEMENT move=('repod', 26, 407) obj=182.6700
2026-07-12 12:21:06 INFO: [ls_stage1] Iter 52: IMPROVEMENT move=('swap', 16, 86) obj=181.5400
2026-07-12 12:21:08 INFO: [ls_stage1] Iter 53: IMPROVEMENT move=('swap', 25, 86) obj=181.4800
2026-07-12 12:21:10 INFO: [ls_stage1] Iter 54: IMPROVEMENT move=('repod', 1, 232) obj=181.3600
2026-07-12 12:21:12 INFO: [ls_stage1] Iter 55: IMPROVEMENT move=('swap', 48, 65) obj=181.3200
2026-07-12 12:21:14 INFO: [ls_stage1] Iter 56: IMPROVEMENT move=('swap', 80, 81) obj=181.2400
2026-07-12 12:21:16 INFO: [ls_stage1] Iter 57: IMPROVEMENT move=('repod', 130, 559) obj=180.0600
2026-07-12 12:21:18 INFO: [ls_stage1] Iter 58: IMPROVEMENT move=('repod', 83, 234) obj=179.9600
2026-07-12 12:21:20 INFO: [ls_stage1] Iter 59: IMPROVEMENT move=('repod', 1, 493) obj=179.9100
2026-07-12 12:21:22 INFO: [ls_stage1] Iter 60: IMPROVEMENT move=('swap', 21, 86) obj=179.8700
2026-07-12 12:21:24 INFO: [ls_stage1] Iter 61: IMPROVEMENT move=('moveto', 55, 4) obj=179.8500
2026-07-12 12:21:26 INFO: [ls_stage1] Iter 62: IMPROVEMENT move=('moveto', 27, 6) obj=179.8100
2026-07-12 12:21:28 INFO: [ls_stage1] Iter 63: IMPROVEMENT move=('repod', 63, 241) obj=179.7500
2026-07-12 12:21:30 INFO: [ls_stage1] Iter 64: IMPROVEMENT move=('moveto', 37, 3) obj=178.5600
2026-07-12 12:21:32 INFO: [ls_stage1] Iter 65: IMPROVEMENT move=('swap', 29, 48) obj=178.5400
2026-07-12 12:21:34 INFO: [ls_stage1] Iter 66: IMPROVEMENT move=('moveto', 89, 7) obj=178.5200
2026-07-12 12:21:36 INFO: [ls_stage1] Iter 67: IMPROVEMENT move=('swap', 82, 90) obj=178.5000
2026-07-12 12:21:38 INFO: [ls_stage1] Iter 68: IMPROVEMENT move=('repod', 142, 481) obj=178.4700
2026-07-12 12:21:40 INFO: [ls_stage1] Iter 69: IMPROVEMENT move=('moveto', 30, 3) obj=177.3700
2026-07-12 12:21:42 INFO: [ls_stage1] Iter 70: PLATEAU move=('swap', 29, 69) obj=177.3700
2026-07-12 12:21:44 INFO: [ls_stage1] Iter 71: IMPROVEMENT move=('swap', 21, 48) obj=177.3500
2026-07-12 12:21:46 INFO: [ls_stage1] Iter 72: IMPROVEMENT move=('swap', 8, 85) obj=177.3300
2026-07-12 12:21:47 INFO: [ls_stage1] Iter 73: PLATEAU move=('swap', 20, 93) obj=177.3300
2026-07-12 12:21:49 INFO: [ls_stage1] Iter 74: IMPROVEMENT move=('repod', 41, 538) obj=177.3100
2026-07-12 12:21:51 INFO: [ls_stage1] Iter 75: IMPROVEMENT move=('repod', 84, 579) obj=177.2400
2026-07-12 12:21:53 INFO: [ls_stage1] Iter 76: IMPROVEMENT move=('repod', 42, 233) obj=177.1900
2026-07-12 12:21:55 INFO: [ls_stage1] Iter 77: IMPROVEMENT move=('swap', 64, 95) obj=177.1300
2026-07-12 12:21:57 INFO: [ls_stage1] Iter 78: IMPROVEMENT move=('swap', 39, 48) obj=176.0800
2026-07-12 12:21:59 INFO: [ls_stage1] Iter 79: IMPROVEMENT move=('swap', 26, 98) obj=175.0100
2026-07-12 12:22:01 INFO: [ls_stage1] Iter 80: IMPROVEMENT move=('moveto', 24, 3) obj=173.7400
2026-07-12 12:22:03 INFO: [ls_stage1] Iter 81: IMPROVEMENT move=('swap', 88, 98) obj=173.7000
2026-07-12 12:22:05 INFO: [ls_stage1] Iter 82: IMPROVEMENT move=('moveto', 98, 3) obj=173.6800
2026-07-12 12:22:07 INFO: [ls_stage1] Iter 83: IMPROVEMENT move=('swap', 95, 97) obj=173.6400
2026-07-12 12:22:09 INFO: [ls_stage1] Iter 84: PLATEAU move=('swap', 19, 36) obj=173.6400
2026-07-12 12:22:11 INFO: [ls_stage1] Iter 85: IMPROVEMENT move=('repod', 170, 113) obj=173.6100
2026-07-12 12:22:13 INFO: [ls_stage1] Iter 86: PLATEAU move=('swap', 22, 86) obj=173.6100
2026-07-12 12:22:15 INFO: [ls_stage1] Iter 87: IMPROVEMENT move=('moveto', 75, 7) obj=173.5900
2026-07-12 12:22:17 INFO: [ls_stage1] Iter 88: IMPROVEMENT move=('moveto', 7, 0) obj=173.5700
2026-07-12 12:22:19 INFO: [ls_stage1] Iter 89: IMPROVEMENT move=('moveto', 15, 7) obj=173.5500
2026-07-12 12:22:21 INFO: [ls_stage1] Iter 90: PLATEAU move=('swap', 8, 19) obj=173.5500
2026-07-12 12:22:23 INFO: [ls_stage1] Iter 91: IMPROVEMENT move=('moveto', 91, 4) obj=173.5300
2026-07-12 12:22:25 INFO: [ls_stage1] Iter 92: PLATEAU move=('swap', 6, 8) obj=173.5300
2026-07-12 12:22:27 INFO: [ls_stage1] Iter 93: PLATEAU move=('swap', 0, 98) obj=173.5300
2026-07-12 12:22:29 INFO: [ls_stage1] Iter 94: IMPROVEMENT move=('moveto', 93, 7) obj=173.4900
2026-07-12 12:22:31 INFO: [ls_stage1] Iter 95: IMPROVEMENT move=('swap', 14, 93) obj=173.4700
2026-07-12 12:22:33 INFO: [ls_stage1] Iter 96: IMPROVEMENT move=('moveto', 6, 0) obj=173.4500
2026-07-12 12:22:35 INFO: [ls_stage1] Iter 97: IMPROVEMENT move=('repod', 87, 309) obj=173.2700
2026-07-12 12:22:37 INFO: [ls_stage1] Iter 98: PLATEAU move=('swap', 6, 53) obj=173.2700
2026-07-12 12:22:39 INFO: [ls_stage1] Iter 99: PLATEAU move=('moveto', 65, 7) obj=173.2700
2026-07-12 12:22:41 INFO: [ls_stage1] Iter 100: PLATEAU move=('swap', 68, 81) obj=173.2700
2026-07-12 12:22:41 INFO: [ls_stage1] Final objective = 173.2700
2026-07-12 12:22:41 INFO: Stage 1 solved.
2026-07-12 12:22:41 INFO: Solving stage 2 ... 
2026-07-12 12:22:41 INFO: [ls_stage2] Building initial solution ...
2026-07-12 12:23:38 INFO: [ls_stage2] Feasible initial solution: obj = -124.5720
2026-07-12 12:23:38 WARNING: 
Variables size:
  x shape = (171, 100)
  f0 = (100, 100)
  g0 = (100, 100)
  v0 = (100, 100)
  y shape = (138, 974728)
  num constraints satisfied = 2133667

2026-07-12 12:24:34 INFO: [ls_stage2] Iter 1: improved move=('multi_item', (np.int64(5), np.int64(140), np.int64(63)), -4) obj=-121.8855
2026-07-12 12:25:31 INFO: [ls_stage2] Candidate rejected: move=('order', 69, -1) obj=-115.8855 violations=['EC11']
2026-07-12 12:26:27 INFO: [ls_stage2] Iter 2: improved move=('order', 32, -2) obj=-117.7865
2026-07-12 12:27:24 INFO: [ls_stage2] Iter 3: improved move=('multi_item', (np.int64(133), np.int64(24)), -2) obj=-115.5884
2026-07-12 12:28:19 INFO: [ls_stage2] Candidate rejected: move=('order', 81, -2) obj=-112.4893 violations=['EC11']
2026-07-12 12:29:15 INFO: [ls_stage2] Candidate rejected: move=('order', 63, -2) obj=-113.4893 violations=['EC11']
2026-07-12 12:30:12 INFO: [ls_stage2] Candidate rejected: move=('order', 20, -2) obj=-113.4893 violations=['EC11']
2026-07-12 12:30:12 INFO: [ls_stage2] Iter 4: no accepted move (1/5)
2026-07-12 12:31:09 INFO: [ls_stage2] Iter 5: improved move=('multi_item', (np.int64(12), np.int64(22), np.int64(30)), -1) obj=-113.5583
2026-07-12 12:32:06 INFO: [ls_stage2] Iter 6: improved move=('order', 67, -2) obj=-111.4593
2026-07-12 12:33:02 INFO: [ls_stage2] Iter 7: improved move=('order', 17, -2) obj=-109.3602
2026-07-12 12:33:59 INFO: [ls_stage2] Candidate rejected: move=('order', 69, -2) obj=-103.2612 violations=['EC11']
2026-07-12 12:34:56 INFO: [ls_stage2] Iter 8: improved move=('multi_item', (np.int64(12), np.int64(9), np.int64(10)), -2) obj=-107.2041
2026-07-12 12:35:52 INFO: [ls_stage2] Candidate rejected: move=('order', 69, -1) obj=-101.2041 violations=['EC11']
2026-07-12 12:36:49 INFO: [ls_stage2] Candidate rejected: move=('order', 81, -2) obj=-104.1050 violations=['EC11']
2026-07-12 12:37:45 INFO: [ls_stage2] Iter 9: improved move=('order', 48, -2) obj=-105.1050
2026-07-12 12:38:42 INFO: [ls_stage2] Candidate rejected: move=('order', 63, -2) obj=-103.0060 violations=['EC11']
2026-07-12 12:39:37 INFO: [ls_stage2] Iter 10: improved move=('multi_item', (np.int64(144), np.int64(154), np.int64(29)), -2) obj=-103.0060
2026-07-12 12:40:34 INFO: [ls_stage2] Candidate rejected: move=('order', 20, -2) obj=-100.9069 violations=['EC11']
2026-07-12 12:41:30 INFO: [ls_stage2] Iter 11: improved move=('order', 63, -1) obj=-101.0060
2026-07-12 12:42:27 INFO: [ls_stage2] Iter 12: improved move=('order', 10, -1) obj=-97.0060
2026-07-12 12:43:23 INFO: [ls_stage2] Candidate rejected: move=('order', 69, -2) obj=-90.9069 violations=['EC11']
2026-07-12 12:44:19 INFO: [ls_stage2] Candidate rejected: move=('order', 77, -2) obj=-94.9069 violations=['EC11']
2026-07-12 12:45:16 INFO: [ls_stage2] Candidate rejected: move=('order', 43, -1) obj=-95.0060 violations=['EC11']
2026-07-12 12:45:16 INFO: [ls_stage2] Iter 13: no accepted move (1/5)
2026-07-12 12:46:12 INFO: [ls_stage2] Candidate rejected: move=('multi_item', (np.int64(80), np.int64(137), np.int64(162)), -1) obj=-94.0060 violations=['EC11']
2026-07-12 12:47:09 INFO: [ls_stage2] Candidate rejected: move=('multi_item', (np.int64(162), np.int64(113), np.int64(145)), -1) obj=-94.9659 violations=['EC11']
2026-07-12 12:48:05 INFO: [ls_stage2] Iter 14: improved move=('multi_item', (np.int64(48), np.int64(12), np.int64(160)), -1) obj=-94.9789
2026-07-12 12:49:02 INFO: [ls_stage2] Candidate rejected: move=('order', 66, -2) obj=-92.8799 violations=['EC11']
2026-07-12 12:49:58 INFO: [ls_stage2] Candidate rejected: move=('order', 43, -2) obj=-92.8799 violations=['EC11']
2026-07-12 12:50:54 INFO: [ls_stage2] Candidate rejected: move=('order', 73, -2) obj=-92.8799 violations=['EC11']
2026-07-12 12:50:54 INFO: [ls_stage2] Iter 15: no accepted move (1/5)
2026-07-12 12:51:51 INFO: [ls_stage2] Iter 16: improved move=('multi_item', (np.int64(130), np.int64(73), np.int64(141)), -1) obj=-92.9449
2026-07-12 12:52:48 INFO: [ls_stage2] Iter 17: improved move=('multi_item', (np.int64(24), np.int64(69), np.int64(91)), -4) obj=-89.9704
2026-07-12 12:53:45 INFO: [ls_stage2] Candidate rejected: move=('order', 68, -2) obj=-87.8713 violations=['EC11']
2026-07-12 12:54:41 INFO: [ls_stage2] Candidate rejected: move=('order', 91, -1) obj=-87.9704 violations=['EC11']
2026-07-12 12:55:38 INFO: [ls_stage2] Iter 18: improved move=('item', 23, -8) obj=-88.2980
2026-07-12 12:56:34 INFO: [ls_stage2] Candidate rejected: move=('order', 77, -2) obj=-86.1990 violations=['EC11']
2026-07-12 12:57:31 INFO: [ls_stage2] Candidate rejected: move=('order', 61, -2) obj=-86.1990 violations=['EC11']
2026-07-12 12:58:27 INFO: [ls_stage2] Candidate rejected: move=('order', 91, -2) obj=-86.1990 violations=['EC11']
2026-07-12 12:58:27 INFO: [ls_stage2] Iter 19: no accepted move (1/5)
2026-07-12 12:59:24 INFO: [ls_stage2] Candidate rejected: move=('multi_item', (np.int64(137), np.int64(168), np.int64(25)), -1) obj=-86.2710 violations=['EC11']
2026-07-12 13:00:20 INFO: [ls_stage2] Candidate rejected: move=('multi_item', (np.int64(98), np.int64(34), np.int64(137)), -1) obj=-86.2750 violations=['EC11']
2026-07-12 13:01:16 INFO: [ls_stage2] Candidate rejected: move=('multi_item', (np.int64(124), np.int64(103), np.int64(135)), -1) obj=-86.2810 violations=['EC11']
2026-07-12 13:01:16 INFO: [ls_stage2] Iter 20: no accepted move (2/5)
2026-07-12 13:02:13 INFO: [ls_stage2] Candidate rejected: move=('multi_item', (np.int64(18), np.int64(125), np.int64(126)), -1) obj=-86.2980 violations=['EC11']
2026-07-12 13:03:09 INFO: [ls_stage2] Iter 21: improved move=('item', 138, -2) obj=-87.1990
2026-07-12 13:04:06 INFO: [ls_stage2] Candidate rejected: move=('order', 70, -2) obj=-85.0999 violations=['EC11']
2026-07-12 13:05:03 INFO: [ls_stage2] Iter 22: improved move=('order', 94, -1) obj=-85.1990
2026-07-12 13:06:00 INFO: [ls_stage2] Candidate rejected: move=('order', 61, -2) obj=-83.0999 violations=['EC11']
2026-07-12 13:06:56 INFO: [ls_stage2] Candidate rejected: move=('order', 47, -1) obj=-83.1990 violations=['EC11']
2026-07-12 13:06:56 WARNING: _rebuild_pod_row: pod 388 cannot reach ws 27 by t=0 from 622 t=0 — staying put
2026-07-12 13:07:52 INFO: [ls_stage2] Candidate rejected: move=('multi_item', (np.int64(91), np.int64(165), np.int64(152)), -5) obj=-83.3233 violations=['EC18']
2026-07-12 13:07:52 INFO: [ls_stage2] Iter 23: no accepted move (1/5)
2026-07-12 13:08:49 INFO: [ls_stage2] Candidate rejected: move=('multi_item', (np.int64(96), np.int64(126), np.int64(125)), -1) obj=-82.1990 violations=['EC11']
2026-07-12 13:09:46 INFO: [ls_stage2] Candidate rejected: move=('multi_item', (np.int64(96), np.int64(126)), -1) obj=-83.1990 violations=['EC11']
2026-07-12 13:10:42 INFO: [ls_stage2] Iter 24: improved move=('item', 80, -2) obj=-84.0999
2026-07-12 13:11:39 INFO: [ls_stage2] Candidate rejected: move=('order', 69, -1) obj=-78.0999 violations=['EC11']
2026-07-12 13:12:35 INFO: [ls_stage2] Candidate rejected: move=('order', 66, -2) obj=-82.0009 violations=['EC11']
2026-07-12 13:13:31 INFO: [ls_stage2] Iter 25: improved move=('item', 96, -8) obj=-82.4276
2026-07-12 13:14:28 INFO: [ls_stage2] Candidate rejected: move=('order', 47, -1) obj=-80.4276 violations=['EC11']
2026-07-12 13:15:24 INFO: [ls_stage2] Candidate rejected: move=('order', 77, -1) obj=-80.4276 violations=['EC11']
2026-07-12 13:16:21 INFO: [ls_stage2] Iter 26: improved move=('item', 56, -6) obj=-80.9423
2026-07-12 13:17:18 INFO: [ls_stage2] Candidate rejected: move=('order', 43, -2) obj=-78.8433 violations=['EC11']
2026-07-12 13:18:14 INFO: [ls_stage2] Candidate rejected: move=('order', 91, -1) obj=-78.9423 violations=['EC11']
2026-07-12 13:19:10 INFO: [ls_stage2] Candidate rejected: move=('order', 43, -1) obj=-78.9423 violations=['EC11']
2026-07-12 13:19:10 INFO: [ls_stage2] Iter 27: no accepted move (1/5)
2026-07-12 13:20:07 INFO: [ls_stage2] Candidate rejected: move=('multi_item', (np.int64(42), np.int64(125), np.int64(102)), -1) obj=-78.8993 violations=['EC11']
2026-07-12 13:21:04 INFO: [ls_stage2] Candidate rejected: move=('multi_item', (np.int64(102), np.int64(133), np.int64(101)), -1) obj=-79.8082 violations=['EC11']
2026-07-12 13:22:00 INFO: [ls_stage2] Candidate rejected: move=('multi_item', (np.int64(102), np.int64(133)), -1) obj=-79.8443 violations=['EC11']
2026-07-12 13:22:00 INFO: [ls_stage2] Iter 28: no accepted move (2/5)
2026-07-12 13:22:57 INFO: [ls_stage2] Candidate rejected: move=('multi_item', (np.int64(82), np.int64(143), np.int64(5)), -1) obj=-78.8463 violations=['EC11']
2026-07-12 13:23:54 INFO: [ls_stage2] Candidate rejected: move=('multi_item', (np.int64(82), np.int64(143)), -1) obj=-78.9423 violations=['EC11']
2026-07-12 13:24:50 INFO: [ls_stage2] Iter 29: improved move=('multi_item', (np.int64(120), np.int64(58)), -1) obj=-79.9133
2026-07-12 13:25:47 INFO: [ls_stage2] Candidate rejected: move=('order', 66, -2) obj=-77.8142 violations=['EC11']
2026-07-12 13:26:42 INFO: [ls_stage2] Candidate rejected: move=('order', 20, -1) obj=-77.9133 violations=['EC11']
2026-07-12 13:27:39 INFO: [ls_stage2] Iter 30: improved move=('item', 165, -8) obj=-78.2409
2026-07-12 13:28:36 INFO: [ls_stage2] Candidate rejected: move=('order', 91, -2) obj=-76.1419 violations=['EC11']
2026-07-12 13:29:32 INFO: [ls_stage2] Candidate rejected: move=('order', 43, -1) obj=-76.2409 violations=['EC11']
2026-07-12 13:29:32 WARNING: _rebuild_pod_row: pod 493 cannot reach ws 25 by t=1 from 417 t=0 — staying put
2026-07-12 13:29:32 WARNING: _rebuild_pod_row: pod 493 cannot reach ws 25 by t=5 from 417 t=2 — staying put
2026-07-12 13:30:29 INFO: [ls_stage2] Candidate rejected: move=('multi_item', (np.int64(142), np.int64(154), np.int64(1)), -4) obj=-76.8547 violations=['EC18']
2026-07-12 13:30:29 INFO: [ls_stage2] Iter 31: no accepted move (1/5)
2026-07-12 13:31:25 INFO: [ls_stage2] Candidate rejected: move=('multi_item', (np.int64(103), np.int64(38), np.int64(87)), -1) obj=-76.2319 violations=['EC11']
2026-07-12 13:32:22 INFO: [ls_stage2] Candidate rejected: move=('multi_item', (np.int64(103), np.int64(38)), -1) obj=-76.2409 violations=['EC11']
2026-07-12 13:33:18 INFO: [ls_stage2] Iter 32: improved move=('multi_item', (np.int64(53), np.int64(168), np.int64(157)), -1) obj=-77.2139
2026-07-12 13:34:15 INFO: [ls_stage2] Candidate rejected: move=('order', 77, -2) obj=-75.1148 violations=['EC11']
2026-07-12 13:35:12 INFO: [ls_stage2] Candidate rejected: move=('order', 61, -2) obj=-75.1148 violations=['EC11']
2026-07-12 13:36:08 INFO: [ls_stage2] Iter 33: improved move=('item', 59, -8) obj=-75.5415
2026-07-12 13:37:04 INFO: [ls_stage2] Candidate rejected: move=('order', 69, -2) obj=-70.4425 violations=['EC11']
2026-07-12 13:38:01 INFO: [ls_stage2] Iter 34: improved move=('multi_item', (np.int64(112), np.int64(119)), -4) obj=-73.2474
2026-07-12 13:38:57 INFO: [ls_stage2] Candidate rejected: move=('order', 66, -2) obj=-71.1483 violations=['EC11']
2026-07-12 13:39:54 INFO: [ls_stage2] Candidate rejected: move=('order', 68, -1) obj=-71.2474 violations=['EC11']
2026-07-12 13:40:50 INFO: [ls_stage2] Iter 35: improved move=('multi_item', (np.int64(25), np.int64(59), np.int64(99)), -5) obj=-71.4069
2026-07-12 13:41:47 INFO: [ls_stage2] Iter 36: improved move=('item', 38, -8) obj=-69.7346
2026-07-12 13:42:44 INFO: [ls_stage2] Candidate rejected: move=('order', 70, -2) obj=-67.6355 violations=['EC11']
2026-07-12 13:43:40 INFO: [ls_stage2] Iter 37: improved move=('multi_item', (np.int64(25), np.int64(66), np.int64(139)), -5) obj=-67.8791
2026-07-12 13:44:37 INFO: [ls_stage2] Candidate rejected: move=('order', 77, -1) obj=-65.8791 violations=['EC11']
2026-07-12 13:45:34 INFO: [ls_stage2] Iter 38: improved move=('multi_item', (np.int64(9), np.int64(123), np.int64(24)), -4) obj=-66.5089
2026-07-12 13:46:30 INFO: [ls_stage2] Candidate rejected: move=('order', 20, -2) obj=-64.4099 violations=['EC11']
2026-07-12 13:47:27 INFO: [ls_stage2] Iter 39: improved move=('multi_item', (np.int64(124), np.int64(35)), -4) obj=-65.4227
2026-07-12 13:48:24 INFO: [ls_stage2] Candidate rejected: move=('order', 69, -2) obj=-63.3237 violations=['EC11']
2026-07-12 13:49:21 INFO: [ls_stage2] Candidate rejected: move=('order', 61, -1) obj=-63.4227 violations=['EC11']
2026-07-12 13:50:17 INFO: [ls_stage2] Candidate rejected: move=('order', 47, -1) obj=-63.4227 violations=['EC11']
2026-07-12 13:50:17 INFO: [ls_stage2] Iter 40: no accepted move (1/5)
2026-07-12 13:51:14 INFO: [ls_stage2] Iter 41: improved move=('multi_item', (np.int64(22), np.int64(85), np.int64(131)), -1) obj=-64.3237
2026-07-12 13:52:11 INFO: [ls_stage2] Candidate rejected: move=('order', 70, -2) obj=-62.2246 violations=['EC11']
2026-07-12 13:53:08 INFO: [ls_stage2] Candidate rejected: move=('order', 20, -1) obj=-62.3237 violations=['EC11']
2026-07-12 13:54:04 INFO: [ls_stage2] Candidate rejected: move=('order', 66, -1) obj=-62.3237 violations=['EC11']
2026-07-12 13:54:04 INFO: [ls_stage2] Iter 42: no accepted move (1/5)
2026-07-12 13:55:01 INFO: [ls_stage2] Iter 43: improved move=('multi_item', (np.int64(10), np.int64(65), np.int64(121)), -1) obj=-63.2086
2026-07-12 13:55:58 INFO: [ls_stage2] Candidate rejected: move=('order', 61, -1) obj=-61.2086 violations=['EC11']
2026-07-12 13:56:55 INFO: [ls_stage2] Candidate rejected: move=('order', 47, -1) obj=-61.2086 violations=['EC11']
2026-07-12 13:57:51 INFO: [ls_stage2] Candidate rejected: move=('order', 77, -1) obj=-61.2086 violations=['EC11']
2026-07-12 13:57:51 INFO: [ls_stage2] Iter 44: no accepted move (1/5)
2026-07-12 13:58:48 INFO: [ls_stage2] Candidate rejected: move=('multi_item', (np.int64(139), np.int64(156)), -2) obj=-62.0195 violations=['EC11']
2026-07-12 13:59:45 INFO: [ls_stage2] Candidate rejected: move=('multi_item', (np.int64(139), np.int64(156), np.int64(18)), -2) obj=-62.0195 violations=['EC11']
2026-07-12 14:00:41 INFO: [ls_stage2] Candidate rejected: move=('multi_item', (np.int64(20), np.int64(36), np.int64(103)), -1) obj=-62.2005 violations=['EC11']
2026-07-12 14:00:41 INFO: [ls_stage2] Iter 45: no accepted move (2/5)
2026-07-12 14:00:42 WARNING: _rebuild_pod_row: pod 493 cannot reach ws 25 by t=3 from 417 t=0 — staying put
2026-07-12 14:00:42 WARNING: _rebuild_pod_row: pod 493 cannot reach ws 25 by t=5 from 417 t=4 — staying put
2026-07-12 14:01:38 INFO: [ls_stage2] Candidate rejected: move=('multi_item', (np.int64(47), np.int64(23), np.int64(1)), -2) obj=-62.0255 violations=['EC18']
2026-07-12 14:02:35 INFO: [ls_stage2] Iter 46: improved move=('multi_item', (np.int64(47), np.int64(23)), -2) obj=-62.0255
2026-07-12 14:03:31 INFO: [ls_stage2] Candidate rejected: move=('order', 20, -1) obj=-60.0255 violations=['EC11']
2026-07-12 14:04:28 INFO: [ls_stage2] Candidate rejected: move=('order', 68, -1) obj=-60.0255 violations=['EC11']
2026-07-12 14:05:24 INFO: [ls_stage2] Iter 47: improved move=('item', 156, -8) obj=-61.0255
2026-07-12 14:06:21 INFO: [ls_stage2] Candidate rejected: move=('order', 43, -2) obj=-58.9264 violations=['EC11']
2026-07-12 14:07:17 INFO: [ls_stage2] Candidate rejected: move=('order', 66, -1) obj=-59.0255 violations=['EC11']
2026-07-12 14:08:14 INFO: [ls_stage2] Candidate rejected: move=('order', 77, -1) obj=-59.0255 violations=['EC11']
2026-07-12 14:08:14 INFO: [ls_stage2] Iter 48: no accepted move (1/5)
2026-07-12 14:09:11 INFO: [ls_stage2] Candidate rejected: move=('multi_item', (np.int64(74), np.int64(164), np.int64(3)), -1) obj=-59.9814 violations=['EC11']
2026-07-12 14:10:07 INFO: [ls_stage2] Candidate rejected: move=('multi_item', (np.int64(3), np.int64(6), np.int64(33)), -1) obj=-59.9964 violations=['EC11']
2026-07-12 14:11:04 INFO: [ls_stage2] Candidate rejected: move=('multi_item', (np.int64(78), np.int64(118), np.int64(17)), -1) obj=-60.0034 violations=['EC11']
2026-07-12 14:11:04 INFO: [ls_stage2] Iter 49: no accepted move (2/5)
2026-07-12 14:12:01 INFO: [ls_stage2] Candidate rejected: move=('item', 74, -1) obj=-60.0255 violations=['EC11']
2026-07-12 14:12:57 INFO: [ls_stage2] Candidate rejected: move=('item', 125, -1) obj=-60.0255 violations=['EC11']
2026-07-12 14:13:54 INFO: [ls_stage2] Candidate rejected: move=('item', 126, -1) obj=-60.0255 violations=['EC11']
2026-07-12 14:13:54 INFO: [ls_stage2] Iter 50: no accepted move (3/5)
2026-07-12 14:14:51 INFO: [ls_stage2] Candidate rejected: move=('multi_item', (np.int64(110), np.int64(137)), -1) obj=-60.0184 violations=['EC11']
2026-07-12 14:15:47 INFO: [ls_stage2] Candidate rejected: move=('item', 103, -1) obj=-60.0255 violations=['EC11']
2026-07-12 14:16:44 INFO: [ls_stage2] Candidate rejected: move=('item', 137, -1) obj=-60.0255 violations=['EC11']
2026-07-12 14:16:44 INFO: [ls_stage2] Iter 51: no accepted move (4/5)
2026-07-12 14:17:40 INFO: [ls_stage2] Candidate rejected: move=('multi_item', (np.int64(29), np.int64(103), np.int64(23)), -1) obj=-59.9354 violations=['EC11']
2026-07-12 14:18:37 INFO: [ls_stage2] Candidate rejected: move=('item', 142, -1) obj=-60.0255 violations=['EC11']
2026-07-12 14:19:34 INFO: [ls_stage2] Iter 52: improved move=('item', 122, -2) obj=-60.0255
2026-07-12 14:20:30 INFO: [ls_stage2] Iter 53: improved move=('multi_item', (np.int64(55), np.int64(5), np.int64(133)), -4) obj=-59.2611
2026-07-12 14:21:27 INFO: [ls_stage2] Candidate rejected: move=('order', 66, -2) obj=-57.1620 violations=['EC11']
2026-07-12 14:22:24 INFO: [ls_stage2] Candidate rejected: move=('order', 47, -1) obj=-57.2611 violations=['EC11']
2026-07-12 14:23:20 INFO: [ls_stage2] Candidate rejected: move=('order', 68, -1) obj=-57.2611 violations=['EC11']
2026-07-12 14:23:20 INFO: [ls_stage2] Iter 54: no accepted move (1/5)
2026-07-12 14:24:17 INFO: [ls_stage2] Candidate rejected: move=('item', 117, -1) obj=-58.2611 violations=['EC11']
2026-07-12 14:25:14 INFO: [ls_stage2] Candidate rejected: move=('item', 143, -1) obj=-58.2611 violations=['EC11']
2026-07-12 14:26:10 INFO: [ls_stage2] Candidate rejected: move=('item', 75, -1) obj=-58.2611 violations=['EC11']
2026-07-12 14:26:10 INFO: [ls_stage2] Iter 55: no accepted move (2/5)
2026-07-12 14:27:07 INFO: [ls_stage2] Candidate rejected: move=('multi_item', (np.int64(22), np.int64(5), np.int64(33)), -1) obj=-58.0710 violations=['EC11']
2026-07-12 14:28:03 INFO: [ls_stage2] Candidate rejected: move=('multi_item', (np.int64(154), np.int64(46), np.int64(34)), -1) obj=-58.1490 violations=['EC11']
2026-07-12 14:28:59 INFO: [ls_stage2] Candidate rejected: move=('multi_item', (np.int64(34), np.int64(169)), -1) obj=-58.2380 violations=['EC11']
2026-07-12 14:28:59 INFO: [ls_stage2] Iter 56: no accepted move (3/5)
2026-07-12 14:29:53 INFO: [ls_stage2] Candidate rejected: move=('item', 34, -1) obj=-58.2611 violations=['EC11']
2026-07-12 14:30:49 INFO: [ls_stage2] Candidate rejected: move=('item', 125, -1) obj=-58.2611 violations=['EC11']
2026-07-12 14:31:46 INFO: [ls_stage2] Candidate rejected: move=('item', 114, -1) obj=-58.2611 violations=['EC11']
2026-07-12 14:31:46 INFO: [ls_stage2] Iter 57: no accepted move (4/5)
2026-07-12 14:32:43 INFO: [ls_stage2] Candidate rejected: move=('multi_item', (np.int64(114), np.int64(42), np.int64(38)), -1) obj=-58.1260 violations=['EC11']
2026-07-12 14:33:39 INFO: [ls_stage2] Candidate rejected: move=('multi_item', (np.int64(114), np.int64(42)), -1) obj=-58.2180 violations=['EC11']
2026-07-12 14:34:36 INFO: [ls_stage2] Candidate rejected: move=('multi_item', (np.int64(118), np.int64(6), np.int64(51)), -1) obj=-58.2470 violations=['EC11']
2026-07-12 14:34:36 INFO: [ls_stage2] Iter 58: no accepted move (5/5)
2026-07-12 14:34:36 INFO: [ls_stage2] Converged after 5 iterations without accepted moves. Best obj=-59.2611
2026-07-12 14:34:36 INFO: Stage 2 solved.
2026-07-12 14:34:59 DEBUG: Order 4 will be opened at workstation 0. [opened orders = 0 / 4]
2026-07-12 14:34:59 DEBUG: Order 22 will be opened at workstation 0. [opened orders = 0 / 4]
2026-07-12 14:34:59 DEBUG: Order 85 will be opened at workstation 0. [opened orders = 0 / 4]
2026-07-12 14:34:59 DEBUG: Order 6 will be opened at workstation 0. [opened orders = 0 / 4]
2026-07-12 14:34:59 DEBUG: Order 88 queued at workstation 0. [order_queue len = 1]
2026-07-12 14:34:59 DEBUG: Order 74 queued at workstation 0. [order_queue len = 2]
2026-07-12 14:34:59 DEBUG: Order 28 queued at workstation 0. [order_queue len = 3]
2026-07-12 14:34:59 DEBUG: Order 53 queued at workstation 0. [order_queue len = 4]
2026-07-12 14:34:59 DEBUG: Order 45 queued at workstation 0. [order_queue len = 5]
2026-07-12 14:34:59 DEBUG: Order 76 queued at workstation 0. [order_queue len = 6]
2026-07-12 14:34:59 DEBUG: Order 86 queued at workstation 0. [order_queue len = 7]
2026-07-12 14:34:59 DEBUG: Order 56 queued at workstation 0. [order_queue len = 8]
2026-07-12 14:34:59 DEBUG: Order 59 queued at workstation 0. [order_queue len = 9]
2026-07-12 14:34:59 DEBUG: Order 83 queued at workstation 0. [order_queue len = 10]
2026-07-12 14:34:59 DEBUG: Order 1 queued at workstation 0. [order_queue len = 11]
2026-07-12 14:34:59 DEBUG: Order 7 queued at workstation 0. [order_queue len = 12]
2026-07-12 14:34:59 DEBUG: Order 38 queued at workstation 0. [order_queue len = 13]
2026-07-12 14:34:59 DEBUG: Order 16 queued at workstation 0. [order_queue len = 14]
2026-07-12 14:34:59 DEBUG: Order 97 queued at workstation 0. [order_queue len = 15]
2026-07-12 14:34:59 DEBUG: Order 49 will be opened at workstation 1. [opened orders = 0 / 4]
2026-07-12 14:34:59 DEBUG: Order 36 will be opened at workstation 1. [opened orders = 0 / 4]
2026-07-12 14:34:59 DEBUG: Order 8 will be opened at workstation 1. [opened orders = 0 / 4]
2026-07-12 14:34:59 DEBUG: Order 39 will be opened at workstation 1. [opened orders = 0 / 4]
2026-07-12 14:34:59 DEBUG: Order 71 queued at workstation 1. [order_queue len = 1]
2026-07-12 14:34:59 DEBUG: Order 11 queued at workstation 1. [order_queue len = 2]
2026-07-12 14:34:59 DEBUG: Order 99 queued at workstation 1. [order_queue len = 3]
2026-07-12 14:34:59 DEBUG: Order 40 queued at workstation 1. [order_queue len = 4]
2026-07-12 14:34:59 DEBUG: Order 19 queued at workstation 1. [order_queue len = 5]
2026-07-12 14:34:59 DEBUG: Order 95 queued at workstation 1. [order_queue len = 6]
2026-07-12 14:34:59 DEBUG: Order 54 will be opened at workstation 2. [opened orders = 0 / 4]
2026-07-12 14:34:59 DEBUG: Order 62 will be opened at workstation 2. [opened orders = 0 / 4]
2026-07-12 14:34:59 DEBUG: Order 72 will be opened at workstation 2. [opened orders = 0 / 4]
2026-07-12 14:34:59 DEBUG: Order 31 will be opened at workstation 2. [opened orders = 0 / 4]
2026-07-12 14:34:59 DEBUG: Order 21 queued at workstation 2. [order_queue len = 1]
2026-07-12 14:34:59 DEBUG: Order 58 queued at workstation 2. [order_queue len = 2]
2026-07-12 14:34:59 DEBUG: Order 92 queued at workstation 2. [order_queue len = 3]
2026-07-12 14:34:59 DEBUG: Order 44 queued at workstation 2. [order_queue len = 4]
2026-07-12 14:34:59 DEBUG: Order 25 queued at workstation 2. [order_queue len = 5]
2026-07-12 14:34:59 DEBUG: Order 34 queued at workstation 2. [order_queue len = 6]
2026-07-12 14:34:59 DEBUG: Order 90 queued at workstation 2. [order_queue len = 7]
2026-07-12 14:34:59 DEBUG: Order 42 queued at workstation 2. [order_queue len = 8]
2026-07-12 14:34:59 DEBUG: Order 0 will be opened at workstation 3. [opened orders = 0 / 4]
2026-07-12 14:34:59 DEBUG: Order 64 will be opened at workstation 3. [opened orders = 0 / 4]
2026-07-12 14:34:59 DEBUG: Order 24 will be opened at workstation 3. [opened orders = 0 / 4]
2026-07-12 14:34:59 DEBUG: Order 30 will be opened at workstation 3. [opened orders = 0 / 4]
2026-07-12 14:34:59 DEBUG: Order 60 queued at workstation 3. [order_queue len = 1]
2026-07-12 14:34:59 DEBUG: Order 37 queued at workstation 3. [order_queue len = 2]
2026-07-12 14:34:59 DEBUG: Order 98 queued at workstation 3. [order_queue len = 3]
2026-07-12 14:34:59 DEBUG: Order 50 queued at workstation 3. [order_queue len = 4]
2026-07-12 14:34:59 DEBUG: Order 82 queued at workstation 3. [order_queue len = 5]
2026-07-12 14:34:59 DEBUG: Order 9 queued at workstation 3. [order_queue len = 6]
2026-07-12 14:34:59 DEBUG: Order 84 queued at workstation 3. [order_queue len = 7]
2026-07-12 14:34:59 DEBUG: Order 26 queued at workstation 3. [order_queue len = 8]
2026-07-12 14:34:59 DEBUG: Order 87 will be opened at workstation 4. [opened orders = 0 / 4]
2026-07-12 14:34:59 DEBUG: Order 55 will be opened at workstation 4. [opened orders = 0 / 4]
2026-07-12 14:34:59 DEBUG: Order 91 will be opened at workstation 4. [opened orders = 0 / 4]
2026-07-12 14:34:59 DEBUG: Order 32 will be opened at workstation 4. [opened orders = 0 / 4]
2026-07-12 14:34:59 DEBUG: Order 41 queued at workstation 4. [order_queue len = 1]
2026-07-12 14:34:59 DEBUG: Order 12 queued at workstation 4. [order_queue len = 2]
2026-07-12 14:34:59 DEBUG: Order 73 queued at workstation 4. [order_queue len = 3]
2026-07-12 14:34:59 DEBUG: Order 63 queued at workstation 4. [order_queue len = 4]
2026-07-12 14:34:59 DEBUG: Order 3 will be opened at workstation 5. [opened orders = 0 / 4]
2026-07-12 14:34:59 DEBUG: Order 33 will be opened at workstation 5. [opened orders = 0 / 4]
2026-07-12 14:34:59 DEBUG: Order 5 will be opened at workstation 5. [opened orders = 0 / 4]
2026-07-12 14:34:59 DEBUG: Order 69 will be opened at workstation 5. [opened orders = 0 / 4]
2026-07-12 14:34:59 DEBUG: Order 80 queued at workstation 5. [order_queue len = 1]
2026-07-12 14:34:59 DEBUG: Order 46 queued at workstation 5. [order_queue len = 2]
2026-07-12 14:34:59 DEBUG: Order 48 queued at workstation 5. [order_queue len = 3]
2026-07-12 14:34:59 DEBUG: Order 29 queued at workstation 5. [order_queue len = 4]
2026-07-12 14:34:59 DEBUG: Order 93 queued at workstation 5. [order_queue len = 5]
2026-07-12 14:34:59 DEBUG: Order 27 will be opened at workstation 6. [opened orders = 0 / 4]
2026-07-12 14:34:59 DEBUG: Order 57 will be opened at workstation 6. [opened orders = 0 / 4]
2026-07-12 14:34:59 DEBUG: Order 67 will be opened at workstation 6. [opened orders = 0 / 4]
2026-07-12 14:34:59 DEBUG: Order 17 will be opened at workstation 6. [opened orders = 0 / 4]
2026-07-12 14:34:59 DEBUG: Order 10 queued at workstation 6. [order_queue len = 1]
2026-07-12 14:34:59 DEBUG: Order 51 will be opened at workstation 7. [opened orders = 0 / 4]
2026-07-12 14:34:59 DEBUG: Order 35 will be opened at workstation 7. [opened orders = 0 / 4]
2026-07-12 14:34:59 DEBUG: Order 13 will be opened at workstation 7. [opened orders = 0 / 4]
2026-07-12 14:34:59 DEBUG: Order 14 will be opened at workstation 7. [opened orders = 0 / 4]
2026-07-12 14:34:59 DEBUG: Order 15 queued at workstation 7. [order_queue len = 1]
2026-07-12 14:34:59 DEBUG: Order 2 queued at workstation 7. [order_queue len = 2]
2026-07-12 14:34:59 DEBUG: Order 23 queued at workstation 7. [order_queue len = 3]
2026-07-12 14:34:59 DEBUG: Order 96 queued at workstation 7. [order_queue len = 4]
2026-07-12 14:34:59 DEBUG: Order 75 queued at workstation 7. [order_queue len = 5]
2026-07-12 14:34:59 DEBUG: Order 79 queued at workstation 7. [order_queue len = 6]
2026-07-12 14:34:59 DEBUG: Order 65 queued at workstation 7. [order_queue len = 7]
2026-07-12 14:34:59 DEBUG: Order 52 queued at workstation 7. [order_queue len = 8]
2026-07-12 14:34:59 DEBUG: Order 78 queued at workstation 7. [order_queue len = 9]
2026-07-12 14:34:59 DEBUG: Order 18 queued at workstation 7. [order_queue len = 10]
2026-07-12 14:34:59 DEBUG: Order 89 queued at workstation 7. [order_queue len = 11]
2026-07-12 14:34:59 DEBUG: Order 81 queued at workstation 7. [order_queue len = 12]
2026-07-12 14:34:59 DEBUG: Order 94 queued at workstation 7. [order_queue len = 13]
2026-07-12 14:34:59 WARNING: Task designing ended. Optimizer designed 131 tasks.
2026-07-12 14:34:59 DEBUG:    EVENT NUM 3     current_time = 00:00:01   RELEASE_TASK          [queue size = 164]
2026-07-12 14:34:59 DEBUG: Task 0 released: pod 565 required by workstation(s) [7].  [released tasks = 1]
2026-07-12 14:34:59 DEBUG:    EVENT NUM 4     current_time = 00:00:01   OPEN_ORDER            [queue size = 164]
2026-07-12 14:34:59 DEBUG: Order 4 (skus required = {7104, 6148}) opened at workstation 0.   [open_orders = 1/4]
2026-07-12 14:34:59 DEBUG:    EVENT NUM 5     current_time = 00:00:01   OPEN_ORDER            [queue size = 164]
2026-07-12 14:34:59 DEBUG: Order 22 (skus required = {2890, 5469}) opened at workstation 0.   [open_orders = 2/4]
2026-07-12 14:34:59 DEBUG:    EVENT NUM 6     current_time = 00:00:01   OPEN_ORDER            [queue size = 164]
2026-07-12 14:34:59 DEBUG: Order 85 (skus required = {4643}) opened at workstation 0.   [open_orders = 3/4]
2026-07-12 14:34:59 DEBUG:    EVENT NUM 7     current_time = 00:00:01   OPEN_ORDER            [queue size = 164]
2026-07-12 14:34:59 DEBUG: Order 6 (skus required = {2375}) opened at workstation 0.   [open_orders = 4/4]
2026-07-12 14:34:59 DEBUG:    EVENT NUM 8     current_time = 00:00:01   OPEN_ORDER            [queue size = 164]
2026-07-12 14:34:59 DEBUG: Order 49 (skus required = {5306, 3025, 5946}) opened at workstation 1.   [open_orders = 1/4]
2026-07-12 14:34:59 DEBUG:    EVENT NUM 9     current_time = 00:00:01   OPEN_ORDER            [queue size = 164]
2026-07-12 14:34:59 DEBUG: Order 36 (skus required = {8176, 5147, 2184}) opened at workstation 1.   [open_orders = 2/4]
2026-07-12 14:34:59 DEBUG:    EVENT NUM 10    current_time = 00:00:01   OPEN_ORDER            [queue size = 164]
2026-07-12 14:34:59 DEBUG: Order 8 (skus required = {1990}) opened at workstation 1.   [open_orders = 3/4]
2026-07-12 14:34:59 DEBUG:    EVENT NUM 11    current_time = 00:00:01   OPEN_ORDER            [queue size = 164]
2026-07-12 14:34:59 DEBUG: Order 39 (skus required = {5803, 1133}) opened at workstation 1.   [open_orders = 4/4]
2026-07-12 14:34:59 DEBUG:    EVENT NUM 12    current_time = 00:00:01   OPEN_ORDER            [queue size = 164]
2026-07-12 14:34:59 DEBUG: Order 54 (skus required = {3368}) opened at workstation 2.   [open_orders = 1/4]
2026-07-12 14:34:59 DEBUG:    EVENT NUM 13    current_time = 00:00:01   OPEN_ORDER            [queue size = 164]
2026-07-12 14:34:59 DEBUG: Order 62 (skus required = {4593, 5203, 2861, 7582}) opened at workstation 2.   [open_orders = 2/4]
2026-07-12 14:34:59 DEBUG:    EVENT NUM 14    current_time = 00:00:01   OPEN_ORDER            [queue size = 164]
2026-07-12 14:34:59 DEBUG: Order 72 (skus required = {8553, 8686}) opened at workstation 2.   [open_orders = 3/4]
2026-07-12 14:34:59 DEBUG:    EVENT NUM 15    current_time = 00:00:01   OPEN_ORDER            [queue size = 164]
2026-07-12 14:34:59 DEBUG: Order 31 (skus required = {6105, 2083}) opened at workstation 2.   [open_orders = 4/4]
2026-07-12 14:34:59 DEBUG:    EVENT NUM 16    current_time = 00:00:01   OPEN_ORDER            [queue size = 164]
2026-07-12 14:34:59 DEBUG: Order 0 (skus required = {2784, 4551, 2792, 1207}) opened at workstation 3.   [open_orders = 1/4]
2026-07-12 14:34:59 DEBUG:    EVENT NUM 17    current_time = 00:00:01   OPEN_ORDER            [queue size = 164]
2026-07-12 14:34:59 DEBUG: Order 64 (skus required = {6314, 4190}) opened at workstation 3.   [open_orders = 2/4]
2026-07-12 14:34:59 DEBUG:    EVENT NUM 18    current_time = 00:00:01   OPEN_ORDER            [queue size = 164]
2026-07-12 14:34:59 DEBUG: Order 24 (skus required = {6151}) opened at workstation 3.   [open_orders = 3/4]
2026-07-12 14:34:59 DEBUG:    EVENT NUM 19    current_time = 00:00:01   OPEN_ORDER            [queue size = 164]
2026-07-12 14:34:59 DEBUG: Order 30 (skus required = {4216}) opened at workstation 3.   [open_orders = 4/4]
2026-07-12 14:34:59 DEBUG:    EVENT NUM 20    current_time = 00:00:01   OPEN_ORDER            [queue size = 164]
2026-07-12 14:34:59 DEBUG: Order 87 (skus required = {4929}) opened at workstation 4.   [open_orders = 1/4]
2026-07-12 14:34:59 DEBUG:    EVENT NUM 21    current_time = 00:00:01   OPEN_ORDER            [queue size = 164]
2026-07-12 14:34:59 DEBUG: Order 55 (skus required = {1880}) opened at workstation 4.   [open_orders = 2/4]
2026-07-12 14:34:59 DEBUG:    EVENT NUM 22    current_time = 00:00:01   OPEN_ORDER            [queue size = 164]
2026-07-12 14:34:59 DEBUG: Order 91 (skus required = {7016, 5654}) opened at workstation 4.   [open_orders = 3/4]
2026-07-12 14:34:59 DEBUG:    EVENT NUM 23    current_time = 00:00:01   OPEN_ORDER            [queue size = 164]
2026-07-12 14:34:59 DEBUG: Order 32 (skus required = {5982, 4761, 2147, 6782}) opened at workstation 4.   [open_orders = 4/4]
2026-07-12 14:34:59 DEBUG:    EVENT NUM 24    current_time = 00:00:01   OPEN_ORDER            [queue size = 164]
2026-07-12 14:34:59 DEBUG: Order 3 (skus required = {4201}) opened at workstation 5.   [open_orders = 1/4]
2026-07-12 14:34:59 DEBUG:    EVENT NUM 25    current_time = 00:00:01   OPEN_ORDER            [queue size = 164]
2026-07-12 14:34:59 DEBUG: Order 33 (skus required = {7219}) opened at workstation 5.   [open_orders = 2/4]
2026-07-12 14:34:59 DEBUG:    EVENT NUM 26    current_time = 00:00:01   OPEN_ORDER            [queue size = 164]
2026-07-12 14:34:59 DEBUG: Order 5 (skus required = {2931, 6532}) opened at workstation 5.   [open_orders = 3/4]
2026-07-12 14:34:59 DEBUG:    EVENT NUM 27    current_time = 00:00:01   OPEN_ORDER            [queue size = 164]
2026-07-12 14:34:59 DEBUG: Order 69 (skus required = {4645, 6790, 3759, 4240, 8376, 6842}) opened at workstation 5.   [open_orders = 4/4]
2026-07-12 14:34:59 DEBUG:    EVENT NUM 28    current_time = 00:00:01   OPEN_ORDER            [queue size = 164]
2026-07-12 14:34:59 DEBUG: Order 27 (skus required = {2175}) opened at workstation 6.   [open_orders = 1/4]
2026-07-12 14:34:59 DEBUG:    EVENT NUM 29    current_time = 00:00:01   OPEN_ORDER            [queue size = 164]
2026-07-12 14:34:59 DEBUG: Order 57 (skus required = {4832}) opened at workstation 6.   [open_orders = 2/4]
2026-07-12 14:34:59 DEBUG:    EVENT NUM 30    current_time = 00:00:01   OPEN_ORDER            [queue size = 164]
2026-07-12 14:34:59 DEBUG: Order 67 (skus required = {7974, 1743}) opened at workstation 6.   [open_orders = 3/4]
2026-07-12 14:34:59 DEBUG:    EVENT NUM 31    current_time = 00:00:01   OPEN_ORDER            [queue size = 164]
2026-07-12 14:34:59 DEBUG: Order 17 (skus required = {6165, 5022}) opened at workstation 6.   [open_orders = 4/4]
2026-07-12 14:34:59 DEBUG:    EVENT NUM 32    current_time = 00:00:01   OPEN_ORDER            [queue size = 164]
2026-07-12 14:34:59 DEBUG: Order 51 (skus required = {8105, 5817}) opened at workstation 7.   [open_orders = 1/4]
2026-07-12 14:34:59 DEBUG:    EVENT NUM 33    current_time = 00:00:01   OPEN_ORDER            [queue size = 164]
2026-07-12 14:34:59 DEBUG: Order 35 (skus required = {167}) opened at workstation 7.   [open_orders = 2/4]
2026-07-12 14:34:59 DEBUG:    EVENT NUM 34    current_time = 00:00:01   OPEN_ORDER            [queue size = 164]
2026-07-12 14:34:59 DEBUG: Order 13 (skus required = {5895}) opened at workstation 7.   [open_orders = 3/4]
2026-07-12 14:34:59 DEBUG:    EVENT NUM 35    current_time = 00:00:01   OPEN_ORDER            [queue size = 164]
2026-07-12 14:34:59 DEBUG: Order 14 (skus required = {3331}) opened at workstation 7.   [open_orders = 4/4]
2026-07-12 14:34:59 DEBUG:    EVENT NUM 36    current_time = 00:00:01   START_TASK            [queue size = 164]
2026-07-12 14:34:59 DEBUG: Task 0 started: robot 1 → pod 565 → workstation 7 for orders {51} (arrival = 16.8 s).   [idle robots = 29/30]
2026-07-12 14:34:59 DEBUG:    EVENT NUM 37    current_time = 00:00:01   START_TASK            [queue size = 164]
2026-07-12 14:34:59 DEBUG:    EVENT NUM 38    current_time = 00:00:01   START_TASK            [queue size = 163]
2026-07-12 14:34:59 DEBUG:    EVENT NUM 39    current_time = 00:00:01   START_TASK            [queue size = 162]
2026-07-12 14:34:59 DEBUG:    EVENT NUM 40    current_time = 00:00:01   START_TASK            [queue size = 161]
2026-07-12 14:34:59 DEBUG:    EVENT NUM 41    current_time = 00:00:01   START_TASK            [queue size = 160]
2026-07-12 14:34:59 DEBUG:    EVENT NUM 42    current_time = 00:00:01   START_TASK            [queue size = 159]
2026-07-12 14:34:59 DEBUG:    EVENT NUM 43    current_time = 00:00:01   START_TASK            [queue size = 158]
2026-07-12 14:34:59 DEBUG:    EVENT NUM 44    current_time = 00:00:01   START_TASK            [queue size = 157]
2026-07-12 14:34:59 DEBUG:    EVENT NUM 45    current_time = 00:00:01   START_TASK            [queue size = 156]
2026-07-12 14:34:59 DEBUG:    EVENT NUM 46    current_time = 00:00:01   START_TASK            [queue size = 155]
2026-07-12 14:34:59 DEBUG:    EVENT NUM 47    current_time = 00:00:01   START_TASK            [queue size = 154]
2026-07-12 14:34:59 DEBUG:    EVENT NUM 48    current_time = 00:00:01   START_TASK            [queue size = 153]
2026-07-12 14:34:59 DEBUG:    EVENT NUM 49    current_time = 00:00:01   START_TASK            [queue size = 152]
2026-07-12 14:34:59 DEBUG:    EVENT NUM 50    current_time = 00:00:01   START_TASK            [queue size = 151]
2026-07-12 14:34:59 DEBUG:    EVENT NUM 51    current_time = 00:00:01   START_TASK            [queue size = 150]
2026-07-12 14:34:59 DEBUG:    EVENT NUM 52    current_time = 00:00:01   START_TASK            [queue size = 149]
2026-07-12 14:34:59 DEBUG:    EVENT NUM 53    current_time = 00:00:01   START_TASK            [queue size = 148]
2026-07-12 14:34:59 DEBUG:    EVENT NUM 54    current_time = 00:00:01   START_TASK            [queue size = 147]
2026-07-12 14:34:59 DEBUG:    EVENT NUM 55    current_time = 00:00:01   START_TASK            [queue size = 146]
2026-07-12 14:34:59 DEBUG:    EVENT NUM 56    current_time = 00:00:01   START_TASK            [queue size = 145]
2026-07-12 14:34:59 DEBUG:    EVENT NUM 57    current_time = 00:00:01   START_TASK            [queue size = 144]
2026-07-12 14:34:59 DEBUG:    EVENT NUM 58    current_time = 00:00:01   START_TASK            [queue size = 143]
2026-07-12 14:34:59 DEBUG:    EVENT NUM 59    current_time = 00:00:01   START_TASK            [queue size = 142]
2026-07-12 14:34:59 DEBUG:    EVENT NUM 60    current_time = 00:00:01   START_TASK            [queue size = 141]
2026-07-12 14:34:59 DEBUG:    EVENT NUM 61    current_time = 00:00:01   START_TASK            [queue size = 140]
2026-07-12 14:34:59 DEBUG:    EVENT NUM 62    current_time = 00:00:01   START_TASK            [queue size = 139]
2026-07-12 14:34:59 DEBUG:    EVENT NUM 63    current_time = 00:00:01   START_TASK            [queue size = 138]
2026-07-12 14:34:59 DEBUG:    EVENT NUM 64    current_time = 00:00:01   START_TASK            [queue size = 137]
2026-07-12 14:34:59 DEBUG:    EVENT NUM 65    current_time = 00:00:01   START_TASK            [queue size = 136]
2026-07-12 14:34:59 DEBUG:    EVENT NUM 66    current_time = 00:00:01   START_TASK            [queue size = 135]
2026-07-12 14:34:59 DEBUG:    EVENT NUM 67    current_time = 00:00:01   START_TASK            [queue size = 134]
2026-07-12 14:34:59 DEBUG:    EVENT NUM 68    current_time = 00:00:01   START_TASK            [queue size = 133]
2026-07-12 14:34:59 DEBUG:    EVENT NUM 69    current_time = 00:00:03   RELEASE_TASK          [queue size = 132]
2026-07-12 14:34:59 DEBUG: Task 1 released: pod 517 required by workstation(s) [7].  [released tasks = 1]
2026-07-12 14:34:59 DEBUG:    EVENT NUM 70    current_time = 00:00:03   START_TASK            [queue size = 132]
2026-07-12 14:34:59 DEBUG: Task 1 started: robot 12 → pod 517 → workstation 7 for orders {51} (arrival = 30.7 s).   [idle robots = 28/30]
2026-07-12 14:34:59 DEBUG:    EVENT NUM 71    current_time = 00:00:05   RELEASE_TASK          [queue size = 132]
2026-07-12 14:34:59 DEBUG: Task 2 released: pod 570 required by workstation(s) [6].  [released tasks = 1]
2026-07-12 14:34:59 DEBUG:    EVENT NUM 72    current_time = 00:00:05   START_TASK            [queue size = 132]
2026-07-12 14:34:59 DEBUG: Task 2 started: robot 18 → pod 570 → workstation 6 for orders {27} (arrival = 53.0 s).   [idle robots = 27/30]
2026-07-12 14:34:59 DEBUG:    EVENT NUM 73    current_time = 00:00:07   RELEASE_TASK          [queue size = 132]
2026-07-12 14:34:59 DEBUG: Task 3 released: pod 556 required by workstation(s) [2].  [released tasks = 1]
2026-07-12 14:34:59 DEBUG:    EVENT NUM 74    current_time = 00:00:07   START_TASK            [queue size = 132]
2026-07-12 14:34:59 DEBUG: Task 3 started: robot 2 → pod 556 → workstation 2 for orders {62, 54} (arrival = 44.9 s).   [idle robots = 26/30]
2026-07-12 14:34:59 DEBUG:    EVENT NUM 75    current_time = 00:00:10   ARRIVAL_ORDER         [queue size = 132]
2026-07-12 14:34:59 DEBUG: Order 100 arrived: items_required = [3635, 6589].     [orders_in_system = 101]
2026-07-12 14:34:59 DEBUG:    EVENT NUM 76    current_time = 00:00:10   RELEASE_TASK          [queue size = 132]
2026-07-12 14:34:59 DEBUG: Task 4 released: pod 438 required by workstation(s) [5].  [released tasks = 1]
2026-07-12 14:34:59 DEBUG:    EVENT NUM 77    current_time = 00:00:10   START_TASK            [queue size = 132]
2026-07-12 14:34:59 DEBUG: Task 4 started: robot 16 → pod 438 → workstation 5 for orders {3} (arrival = 42.7 s).   [idle robots = 25/30]
2026-07-12 14:34:59 DEBUG:    EVENT NUM 78    current_time = 00:00:12   RELEASE_TASK          [queue size = 132]
2026-07-12 14:34:59 DEBUG: Task 5 released: pod 543 required by workstation(s) [1, 1].  [released tasks = 1]
2026-07-12 14:34:59 DEBUG:    EVENT NUM 79    current_time = 00:00:12   START_TASK            [queue size = 132]
2026-07-12 14:34:59 DEBUG: Task 5 started: robot 7 → pod 543 → workstation 1 for orders {49} (arrival = 84.3 s).   [idle robots = 24/30]
2026-07-12 14:34:59 DEBUG:    EVENT NUM 80    current_time = 00:00:14   RELEASE_TASK          [queue size = 132]
2026-07-12 14:34:59 DEBUG: Task 6 released: pod 493 required by workstation(s) [3].  [released tasks = 1]
2026-07-12 14:34:59 DEBUG:    EVENT NUM 81    current_time = 00:00:14   START_TASK            [queue size = 132]
2026-07-12 14:34:59 DEBUG: Task 6 started: robot 26 → pod 493 → workstation 3 for orders {0, 24, 64} (arrival = 82.2 s).   [idle robots = 23/30]
2026-07-12 14:34:59 DEBUG:    EVENT NUM 82    current_time = 00:00:16   ARRIVAL_POD_WST       [queue size = 132]
2026-07-12 14:34:59 DEBUG: Pod 565 arrived at workstation 7 - status = IDLE
2026-07-12 14:34:59 DEBUG: Pod queued at workstation.    [picking_buffer = {0: 16.832500436163972}]
2026-07-12 14:34:59 DEBUG:    EVENT NUM 83    current_time = 00:00:16   START_PICKING         [queue size = 132]
2026-07-12 14:34:59 DEBUG: Processing task 0 at workstation 7: picking items {5817} for orders {51}
2026-07-12 14:34:59 DEBUG:    EVENT NUM 84    current_time = 00:00:17   RELEASE_TASK          [queue size = 132]
2026-07-12 14:34:59 DEBUG: Task 7 released: pod 453 required by workstation(s) [0].  [released tasks = 1]
2026-07-12 14:34:59 DEBUG:    EVENT NUM 85    current_time = 00:00:17   START_TASK            [queue size = 132]
2026-07-12 14:34:59 DEBUG: Task 7 started: robot 6 → pod 453 → workstation 0 for orders {4} (arrival = 79.9 s).   [idle robots = 22/30]
2026-07-12 14:34:59 DEBUG:    EVENT NUM 86    current_time = 00:00:19   RELEASE_TASK          [queue size = 132]
2026-07-12 14:34:59 DEBUG: Task 8 released: pod 388 required by workstation(s) [4].  [released tasks = 1]
2026-07-12 14:34:59 DEBUG:    EVENT NUM 87    current_time = 00:00:19   START_TASK            [queue size = 132]
2026-07-12 14:34:59 DEBUG: Task 8 started: robot 20 → pod 388 → workstation 4 for orders {87} (arrival = 61.2 s).   [idle robots = 21/30]
2026-07-12 14:34:59 DEBUG:    EVENT NUM 88    current_time = 00:00:20   ARRIVAL_ORDER         [queue size = 132]
2026-07-12 14:34:59 DEBUG: Order 101 arrived: items_required = [3654].     [orders_in_system = 102]
2026-07-12 14:34:59 DEBUG:    EVENT NUM 89    current_time = 00:00:21   RELEASE_TASK          [queue size = 132]
2026-07-12 14:34:59 DEBUG: Task 9 released: pod 188 required by workstation(s) [4].  [released tasks = 1]
2026-07-12 14:34:59 DEBUG:    EVENT NUM 90    current_time = 00:00:21   START_TASK            [queue size = 132]
2026-07-12 14:34:59 DEBUG: Task 9 started: robot 13 → pod 188 → workstation 4 for orders {55} (arrival = 85.5 s).   [idle robots = 20/30]
2026-07-12 14:34:59 DEBUG:    EVENT NUM 91    current_time = 00:00:24   RELEASE_TASK          [queue size = 132]
2026-07-12 14:34:59 DEBUG: Task 10 released: pod 490 required by workstation(s) [0, 2].  [released tasks = 1]
2026-07-12 14:34:59 DEBUG:    EVENT NUM 92    current_time = 00:00:24   START_TASK            [queue size = 132]
2026-07-12 14:34:59 DEBUG: Task 10 started: robot 25 → pod 490 → workstation 0 for orders {22} (arrival = 95.8 s).   [idle robots = 19/30]
2026-07-12 14:34:59 DEBUG:    EVENT NUM 93    current_time = 00:00:26   RELEASE_TASK          [queue size = 132]
2026-07-12 14:34:59 DEBUG: Task 11 released: pod 512 required by workstation(s) [3].  [released tasks = 1]
2026-07-12 14:34:59 DEBUG:    EVENT NUM 94    current_time = 00:00:26   START_TASK            [queue size = 132]
2026-07-12 14:34:59 DEBUG: Task 11 started: robot 15 → pod 512 → workstation 3 for orders {0, 30} (arrival = 53.2 s).   [idle robots = 18/30]
2026-07-12 14:34:59 DEBUG:    EVENT NUM 95    current_time = 00:00:26   END_PICKING           [queue size = 132]
2026-07-12 14:34:59 DEBUG: Ended picking at workstation 7.    [picking_buffer len = {}]
2026-07-12 14:34:59 DEBUG: Task should have served orders {51}, found open orders {35, 51, 13, 14}.
2026-07-12 14:34:59 DEBUG: Task 0 completed: pod 565 returning to storage.
2026-07-12 14:34:59 DEBUG:    EVENT NUM 96    current_time = 00:00:28   RELEASE_TASK          [queue size = 132]
2026-07-12 14:34:59 DEBUG: Task 12 released: pod 202 required by workstation(s) [0].  [released tasks = 1]
2026-07-12 14:34:59 DEBUG:    EVENT NUM 97    current_time = 00:00:28   START_TASK            [queue size = 132]
2026-07-12 14:34:59 DEBUG: Task 12 started: robot 27 → pod 202 → workstation 0 for orders {85} (arrival = 119.6 s).   [idle robots = 17/30]
2026-07-12 14:34:59 DEBUG:    EVENT NUM 98    current_time = 00:00:30   ARRIVAL_ORDER         [queue size = 132]
2026-07-12 14:34:59 DEBUG: Order 102 arrived: items_required = [2133].     [orders_in_system = 103]
2026-07-12 14:34:59 DEBUG:    EVENT NUM 99    current_time = 00:00:30   ARRIVAL_POD_WST       [queue size = 132]
2026-07-12 14:34:59 DEBUG: Pod 517 arrived at workstation 7 - status = IDLE
2026-07-12 14:34:59 DEBUG: Pod queued at workstation.    [picking_buffer = {1: 30.729976039157123}]
2026-07-12 14:34:59 DEBUG:    EVENT NUM 100   current_time = 00:00:30   START_PICKING         [queue size = 132]
2026-07-12 14:34:59 DEBUG: Processing task 1 at workstation 7: picking items {8105} for orders {51}
2026-07-12 14:34:59 DEBUG:    EVENT NUM 101   current_time = 00:00:31   RELEASE_TASK          [queue size = 132]
2026-07-12 14:34:59 DEBUG: Task 13 released: pod 459 required by workstation(s) [1].  [released tasks = 1]
2026-07-12 14:34:59 DEBUG:    EVENT NUM 102   current_time = 00:00:31   START_TASK            [queue size = 132]
2026-07-12 14:34:59 DEBUG: Task 13 started: robot 0 → pod 459 → workstation 1 for orders {8} (arrival = 58.1 s).   [idle robots = 16/30]
2026-07-12 14:34:59 DEBUG:    EVENT NUM 103   current_time = 00:00:33   RELEASE_TASK          [queue size = 132]
2026-07-12 14:34:59 DEBUG: Task 14 released: pod 190 required by workstation(s) [0].  [released tasks = 1]
2026-07-12 14:34:59 DEBUG:    EVENT NUM 104   current_time = 00:00:33   START_TASK            [queue size = 132]
2026-07-12 14:34:59 DEBUG: Task 14 started: robot 14 → pod 190 → workstation 0 for orders {22} (arrival = 140.0 s).   [idle robots = 15/30]
2026-07-12 14:34:59 DEBUG:    EVENT NUM 105   current_time = 00:00:35   RELEASE_TASK          [queue size = 132]
2026-07-12 14:34:59 DEBUG: Task 15 released: pod 587 required by workstation(s) [3].  [released tasks = 1]
2026-07-12 14:34:59 DEBUG:    EVENT NUM 106   current_time = 00:00:35   START_TASK            [queue size = 132]
2026-07-12 14:34:59 DEBUG: Task 15 started: robot 8 → pod 587 → workstation 3 for orders {64} (arrival = 51.9 s).   [idle robots = 14/30]
2026-07-12 14:34:59 DEBUG:    EVENT NUM 107   current_time = 00:00:37   RELEASE_TASK          [queue size = 132]
2026-07-12 14:34:59 DEBUG: Task 16 released: pod 248 required by workstation(s) [2].  [released tasks = 1]
2026-07-12 14:34:59 DEBUG:    EVENT NUM 108   current_time = 00:00:37   START_TASK            [queue size = 132]
2026-07-12 14:34:59 DEBUG: Task 16 started: robot 5 → pod 248 → workstation 2 for orders {72, 31} (arrival = 180.2 s).   [idle robots = 13/30]
2026-07-12 14:34:59 DEBUG:    EVENT NUM 109   current_time = 00:00:40   ARRIVAL_ORDER         [queue size = 132]
2026-07-12 14:34:59 DEBUG: Order 103 arrived: items_required = [1128, 6387, 1821, 7938].     [orders_in_system = 104]
2026-07-12 14:34:59 DEBUG:    EVENT NUM 110   current_time = 00:00:40   RELEASE_TASK          [queue size = 132]
2026-07-12 14:34:59 DEBUG: Task 17 released: pod 409 required by workstation(s) [1].  [released tasks = 1]
2026-07-12 14:34:59 DEBUG:    EVENT NUM 111   current_time = 00:00:40   START_TASK            [queue size = 132]
2026-07-12 14:34:59 DEBUG: Task 17 started: robot 23 → pod 409 → workstation 1 for orders {49} (arrival = 75.9 s).   [idle robots = 12/30]
2026-07-12 14:34:59 DEBUG:    EVENT NUM 112   current_time = 00:00:40   END_PICKING           [queue size = 132]
2026-07-12 14:34:59 DEBUG: Ended picking at workstation 7.    [picking_buffer len = {}]
2026-07-12 14:34:59 DEBUG: Task should have served orders {51}, found open orders {35, 51, 13, 14}.
2026-07-12 14:34:59 DEBUG: Task 1 completed: pod 517 returning to storage.
2026-07-12 14:34:59 DEBUG:    EVENT NUM 113   current_time = 00:00:40   CLOSE_ORDER           [queue size = 133]
2026-07-12 14:34:59 DEBUG: Order 51 closed at workstation 7: flow_time = 40.7 s.     [order_buffer = 13] [open_orders = 3/4]
2026-07-12 14:34:59 DEBUG: Next order in buffer: 15
2026-07-12 14:34:59 DEBUG:    EVENT NUM 114   current_time = 00:00:40   OPEN_ORDER            [queue size = 133]
2026-07-12 14:34:59 DEBUG: Order 15 (skus required = {5079}) opened at workstation 7.   [open_orders = 4/4]
2026-07-12 14:34:59 DEBUG:    EVENT NUM 115   current_time = 00:00:42   RELEASE_TASK          [queue size = 132]
2026-07-12 14:34:59 DEBUG: Task 18 released: pod 77 required by workstation(s) [0].  [released tasks = 1]
2026-07-12 14:34:59 DEBUG:    EVENT NUM 116   current_time = 00:00:42   START_TASK            [queue size = 132]
2026-07-12 14:34:59 DEBUG: Task 18 started: robot 9 → pod 77 → workstation 0 for orders {6} (arrival = 151.8 s).   [idle robots = 11/30]
2026-07-12 14:34:59 DEBUG:    EVENT NUM 117   current_time = 00:00:42   ARRIVAL_POD_WST       [queue size = 132]
2026-07-12 14:34:59 DEBUG: Pod 438 arrived at workstation 5 - status = IDLE
2026-07-12 14:34:59 DEBUG: Pod queued at workstation.    [picking_buffer = {4: 42.71153428582742}]
2026-07-12 14:34:59 DEBUG:    EVENT NUM 118   current_time = 00:00:42   START_PICKING         [queue size = 132]
2026-07-12 14:34:59 DEBUG: Processing task 4 at workstation 5: picking items {4201} for orders {3}
2026-07-12 14:34:59 DEBUG:    EVENT NUM 119   current_time = 00:00:43   RETURN_POD            [queue size = 132]
2026-07-12 14:34:59 DEBUG: Pod 565 returned. Robot 1 idle.   [idle robots = 12/30, released tasks = 0]
2026-07-12 14:34:59 DEBUG:    EVENT NUM 120   current_time = 00:00:44   RELEASE_TASK          [queue size = 131]
2026-07-12 14:34:59 DEBUG: Task 19 released: pod 124 required by workstation(s) [2].  [released tasks = 1]
2026-07-12 14:34:59 DEBUG:    EVENT NUM 121   current_time = 00:00:44   START_TASK            [queue size = 131]
2026-07-12 14:34:59 DEBUG: Task 19 started: robot 21 → pod 124 → workstation 2 for orders {62, 31} (arrival = 195.5 s).   [idle robots = 11/30]
2026-07-12 14:34:59 DEBUG:    EVENT NUM 122   current_time = 00:00:44   ARRIVAL_POD_WST       [queue size = 131]
2026-07-12 14:34:59 DEBUG: Pod 556 arrived at workstation 2 - status = IDLE
2026-07-12 14:34:59 DEBUG: Pod queued at workstation.    [picking_buffer = {3: 44.9332641302004}]
2026-07-12 14:34:59 DEBUG:    EVENT NUM 123   current_time = 00:00:44   START_PICKING         [queue size = 131]
2026-07-12 14:34:59 DEBUG: Processing task 3 at workstation 2: picking items {3368, 2861} for orders {62, 54}
2026-07-12 14:34:59 DEBUG:    EVENT NUM 124   current_time = 00:00:47   RELEASE_TASK          [queue size = 131]
2026-07-12 14:34:59 DEBUG: Task 20 released: pod 309 required by workstation(s) [1].  [released tasks = 1]
2026-07-12 14:34:59 DEBUG:    EVENT NUM 125   current_time = 00:00:47   START_TASK            [queue size = 131]
2026-07-12 14:34:59 DEBUG: Task 20 started: robot 11 → pod 309 → workstation 1 for orders {49} (arrival = 93.7 s).   [idle robots = 10/30]
2026-07-12 14:34:59 DEBUG:    EVENT NUM 126   current_time = 00:00:49   RELEASE_TASK          [queue size = 131]
2026-07-12 14:34:59 DEBUG: Task 21 released: pod 384 required by workstation(s) [1].  [released tasks = 1]
2026-07-12 14:34:59 DEBUG:    EVENT NUM 127   current_time = 00:00:49   START_TASK            [queue size = 131]
2026-07-12 14:34:59 DEBUG: Task 21 started: robot 19 → pod 384 → workstation 1 for orders {39} (arrival = 86.8 s).   [idle robots = 9/30]
2026-07-12 14:34:59 DEBUG:    EVENT NUM 128   current_time = 00:00:50   ARRIVAL_ORDER         [queue size = 131]
2026-07-12 14:34:59 DEBUG: Order 104 arrived: items_required = [4038].     [orders_in_system = 104]
2026-07-12 14:34:59 DEBUG:    EVENT NUM 129   current_time = 00:00:51   RELEASE_TASK          [queue size = 131]
2026-07-12 14:34:59 DEBUG: Task 22 released: pod 151 required by workstation(s) [0].  [released tasks = 1]
2026-07-12 14:34:59 DEBUG:    EVENT NUM 130   current_time = 00:00:51   START_TASK            [queue size = 131]
2026-07-12 14:34:59 DEBUG: Task 22 started: robot 22 → pod 151 → workstation 0 for orders {4} (arrival = 156.0 s).   [idle robots = 8/30]
2026-07-12 14:34:59 DEBUG:    EVENT NUM 131   current_time = 00:00:51   ARRIVAL_POD_WST       [queue size = 131]
2026-07-12 14:34:59 DEBUG: Pod 587 arrived at workstation 3 - status = IDLE
2026-07-12 14:34:59 DEBUG: Pod queued at workstation.    [picking_buffer = {15: 51.93268216665646}]
2026-07-12 14:34:59 DEBUG:    EVENT NUM 132   current_time = 00:00:51   START_PICKING         [queue size = 131]
2026-07-12 14:34:59 DEBUG: Processing task 15 at workstation 3: picking items {6314} for orders {64}
2026-07-12 14:34:59 DEBUG:    EVENT NUM 133   current_time = 00:00:52   END_PICKING           [queue size = 131]
2026-07-12 14:34:59 DEBUG: Ended picking at workstation 5.    [picking_buffer len = {}]
2026-07-12 14:34:59 DEBUG: Task should have served orders {3}, found open orders {33, 3, 69, 5}.
2026-07-12 14:34:59 DEBUG: Task 4 completed: pod 438 returning to storage.
2026-07-12 14:34:59 DEBUG:    EVENT NUM 134   current_time = 00:00:52   CLOSE_ORDER           [queue size = 132]
2026-07-12 14:34:59 DEBUG: Order 3 closed at workstation 5: flow_time = 52.7 s.     [order_buffer = 5] [open_orders = 3/4]
2026-07-12 14:34:59 DEBUG: Next order in buffer: 80
2026-07-12 14:34:59 DEBUG:    EVENT NUM 135   current_time = 00:00:52   OPEN_ORDER            [queue size = 132]
2026-07-12 14:34:59 DEBUG: Order 80 (skus required = {2347}) opened at workstation 5.   [open_orders = 4/4]
2026-07-12 14:34:59 DEBUG:    EVENT NUM 136   current_time = 00:00:53   ARRIVAL_POD_WST       [queue size = 131]
2026-07-12 14:34:59 DEBUG: Pod 570 arrived at workstation 6 - status = IDLE
2026-07-12 14:34:59 DEBUG: Pod queued at workstation.    [picking_buffer = {2: 53.04770697309633}]
2026-07-12 14:34:59 DEBUG:    EVENT NUM 137   current_time = 00:00:53   START_PICKING         [queue size = 131]
2026-07-12 14:34:59 DEBUG: Processing task 2 at workstation 6: picking items {2175} for orders {27}
2026-07-12 14:34:59 DEBUG:    EVENT NUM 138   current_time = 00:00:53   ARRIVAL_POD_WST       [queue size = 131]
2026-07-12 14:34:59 DEBUG: Pod 512 arrived at workstation 3 - status = BUSY
2026-07-12 14:34:59 DEBUG: Pod queued at workstation.    [picking_buffer = {11: 53.21429777026361}]
2026-07-12 14:34:59 DEBUG:    EVENT NUM 139   current_time = 00:00:54   RELEASE_TASK          [queue size = 130]
2026-07-12 14:34:59 DEBUG: Task 23 released: pod 104 required by workstation(s) [1, 1].  [released tasks = 1]
2026-07-12 14:34:59 DEBUG:    EVENT NUM 140   current_time = 00:00:54   START_TASK            [queue size = 130]
2026-07-12 14:34:59 DEBUG: Task 23 started: robot 3 → pod 104 → workstation 1 for orders {71} (arrival = 164.1 s).   [idle robots = 7/30]
2026-07-12 14:34:59 DEBUG:    EVENT NUM 141   current_time = 00:00:56   RELEASE_TASK          [queue size = 130]
2026-07-12 14:34:59 DEBUG: Task 24 released: pod 573 required by workstation(s) [1].  [released tasks = 1]
2026-07-12 14:34:59 DEBUG:    EVENT NUM 142   current_time = 00:00:56   START_TASK            [queue size = 130]
2026-07-12 14:34:59 DEBUG: Task 24 started: robot 17 → pod 573 → workstation 1 for orders {36} (arrival = 155.4 s).   [idle robots = 6/30]
2026-07-12 14:34:59 DEBUG:    EVENT NUM 143   current_time = 00:00:58   ARRIVAL_POD_WST       [queue size = 130]
2026-07-12 14:34:59 DEBUG: Pod 459 arrived at workstation 1 - status = IDLE
2026-07-12 14:34:59 DEBUG: Pod queued at workstation.    [picking_buffer = {13: 58.07655624770466}]
2026-07-12 14:34:59 DEBUG:    EVENT NUM 144   current_time = 00:00:58   START_PICKING         [queue size = 130]
2026-07-12 14:34:59 DEBUG: Processing task 13 at workstation 1: picking items {1990} for orders {8}
2026-07-12 14:34:59 DEBUG:    EVENT NUM 145   current_time = 00:00:58   RELEASE_TASK          [queue size = 130]
2026-07-12 14:34:59 DEBUG: Task 25 released: pod 295 required by workstation(s) [1, 1].  [released tasks = 1]
2026-07-12 14:34:59 DEBUG:    EVENT NUM 146   current_time = 00:00:58   START_TASK            [queue size = 130]
2026-07-12 14:34:59 DEBUG: Task 25 started: robot 28 → pod 295 → workstation 1 for orders {36} (arrival = 181.9 s).   [idle robots = 5/30]
2026-07-12 14:34:59 DEBUG:    EVENT NUM 147   current_time = 00:00:59   END_PICKING           [queue size = 130]
2026-07-12 14:34:59 DEBUG: Ended picking at workstation 2.    [picking_buffer len = {}]
2026-07-12 14:34:59 DEBUG: Task should have served orders {62, 54}, found open orders {62, 72, 54, 31}.
2026-07-12 14:34:59 DEBUG: Task 3 completed: pod 556 returning to storage.
2026-07-12 14:34:59 DEBUG:    EVENT NUM 148   current_time = 00:00:59   CLOSE_ORDER           [queue size = 131]
2026-07-12 14:34:59 DEBUG: Order 54 closed at workstation 2: flow_time = 59.9 s.     [order_buffer = 8] [open_orders = 3/4]
2026-07-12 14:34:59 DEBUG: Next order in buffer: 21
2026-07-12 14:34:59 DEBUG:    EVENT NUM 149   current_time = 00:00:59   OPEN_ORDER            [queue size = 131]
2026-07-12 14:34:59 DEBUG: Order 21 (skus required = {2436}) opened at workstation 2.   [open_orders = 4/4]
2026-07-12 14:34:59 DEBUG:    EVENT NUM 150   current_time = 00:01:00   ARRIVAL_ORDER         [queue size = 130]
2026-07-12 14:34:59 DEBUG: Order 105 arrived: items_required = [6165].     [orders_in_system = 103]
2026-07-12 14:34:59 DEBUG:    EVENT NUM 151   current_time = 00:01:01   RELEASE_TASK          [queue size = 130]
2026-07-12 14:34:59 DEBUG: Task 26 released: pod 532 required by workstation(s) [0].  [released tasks = 1]
2026-07-12 14:34:59 DEBUG:    EVENT NUM 152   current_time = 00:01:01   START_TASK            [queue size = 130]
2026-07-12 14:34:59 DEBUG: Task 26 started: robot 1 → pod 532 → workstation 0 for orders {88} (arrival = 87.2 s).   [idle robots = 4/30]
2026-07-12 14:34:59 DEBUG:    EVENT NUM 153   current_time = 00:01:01   ARRIVAL_POD_WST       [queue size = 130]
2026-07-12 14:34:59 DEBUG: Pod 388 arrived at workstation 4 - status = IDLE
2026-07-12 14:34:59 DEBUG: Pod queued at workstation.    [picking_buffer = {8: 61.157216495880746}]
2026-07-12 14:34:59 DEBUG:    EVENT NUM 154   current_time = 00:01:01   START_PICKING         [queue size = 130]
2026-07-12 14:34:59 DEBUG: Processing task 8 at workstation 4: picking items {4929} for orders {87}
2026-07-12 14:34:59 DEBUG:    EVENT NUM 155   current_time = 00:01:01   END_PICKING           [queue size = 130]
2026-07-12 14:34:59 DEBUG: Ended picking at workstation 3.    [picking_buffer len = {11: 53.21429777026361}]
2026-07-12 14:34:59 DEBUG: Task should have served orders {64}, found open orders {0, 24, 64, 30}.
2026-07-12 14:34:59 DEBUG: Task 15 completed: pod 587 returning to storage.
2026-07-12 14:34:59 DEBUG:    EVENT NUM 156   current_time = 00:01:01   START_PICKING         [queue size = 131]
2026-07-12 14:34:59 DEBUG: Processing task 11 at workstation 3: picking items {2784, 4216} for orders {0, 30}
2026-07-12 14:34:59 DEBUG:    EVENT NUM 157   current_time = 00:01:03   END_PICKING           [queue size = 131]
2026-07-12 14:34:59 DEBUG: Ended picking at workstation 6.    [picking_buffer len = {}]
2026-07-12 14:34:59 DEBUG: Task should have served orders {27}, found open orders {57, 67, 27, 17}.
2026-07-12 14:34:59 DEBUG: Task 2 completed: pod 570 returning to storage.
2026-07-12 14:34:59 DEBUG:    EVENT NUM 158   current_time = 00:01:03   CLOSE_ORDER           [queue size = 132]
2026-07-12 14:34:59 DEBUG: Order 27 closed at workstation 6: flow_time = 63.0 s.     [order_buffer = 1] [open_orders = 3/4]
2026-07-12 14:34:59 DEBUG: Next order in buffer: 10
2026-07-12 14:34:59 DEBUG:    EVENT NUM 159   current_time = 00:01:03   OPEN_ORDER            [queue size = 132]
2026-07-12 14:34:59 DEBUG: Order 10 (skus required = {5688, 5722, 6227, 1550}) opened at workstation 6.   [open_orders = 4/4]
2026-07-12 14:34:59 DEBUG:    EVENT NUM 160   current_time = 00:01:03   RELEASE_TASK          [queue size = 131]
2026-07-12 14:34:59 DEBUG: Task 27 released: pod 177 required by workstation(s) [0].  [released tasks = 1]
2026-07-12 14:34:59 DEBUG:    EVENT NUM 161   current_time = 00:01:03   START_TASK            [queue size = 131]
2026-07-12 14:34:59 DEBUG: Task 27 blocked: no orders in {0: [74]} is open yet.  [released tasks = 0]
2026-07-12 14:34:59 DEBUG:    EVENT NUM 162   current_time = 00:01:05   RELEASE_TASK          [queue size = 130]
2026-07-12 14:34:59 DEBUG: Task 28 released: pod 184 required by workstation(s) [2].  [released tasks = 2]
2026-07-12 14:34:59 DEBUG:    EVENT NUM 163   current_time = 00:01:05   START_TASK            [queue size = 130]
2026-07-12 14:34:59 DEBUG: Task 27 blocked: no orders in {0: [74]} is open yet.  [released tasks = 1]
2026-07-12 14:34:59 DEBUG: Task 28 started: robot 10 → pod 184 → workstation 2 for orders {62} (arrival = 131.0 s).   [idle robots = 3/30]
2026-07-12 14:34:59 DEBUG:    EVENT NUM 164   current_time = 00:01:07   RELEASE_TASK          [queue size = 130]
2026-07-12 14:34:59 DEBUG: Task 29 released: pod 3 required by workstation(s) [0].  [released tasks = 2]
2026-07-12 14:34:59 DEBUG:    EVENT NUM 165   current_time = 00:01:07   START_TASK            [queue size = 130]
2026-07-12 14:34:59 DEBUG: Task 27 blocked: no orders in {0: [74]} is open yet.  [released tasks = 1]
2026-07-12 14:34:59 DEBUG: Task 29 blocked: no orders in {0: [28]} is open yet.  [released tasks = 0]
2026-07-12 14:34:59 DEBUG:    EVENT NUM 166   current_time = 00:01:08   END_PICKING           [queue size = 129]
2026-07-12 14:34:59 DEBUG: Ended picking at workstation 1.    [picking_buffer len = {}]
2026-07-12 14:34:59 DEBUG: Task should have served orders {8}, found open orders {8, 49, 36, 39}.
2026-07-12 14:34:59 DEBUG: Task 13 completed: pod 459 returning to storage.
2026-07-12 14:34:59 DEBUG:    EVENT NUM 167   current_time = 00:01:08   CLOSE_ORDER           [queue size = 130]
2026-07-12 14:34:59 DEBUG: Order 8 closed at workstation 1: flow_time = 68.1 s.     [order_buffer = 6] [open_orders = 3/4]
2026-07-12 14:34:59 DEBUG: Next order in buffer: 71
2026-07-12 14:34:59 DEBUG:    EVENT NUM 168   current_time = 00:01:08   OPEN_ORDER            [queue size = 130]
2026-07-12 14:34:59 DEBUG: Order 71 (skus required = {5826}) opened at workstation 1.   [open_orders = 4/4]
2026-07-12 14:34:59 DEBUG:    EVENT NUM 169   current_time = 00:01:08   START_TASK            [queue size = 130]
2026-07-12 14:34:59 DEBUG: Task 27 blocked: no orders in {0: [74]} is open yet.  [released tasks = 1]
2026-07-12 14:34:59 DEBUG: Task 29 blocked: no orders in {0: [28]} is open yet.  [released tasks = 0]
2026-07-12 14:34:59 DEBUG:    EVENT NUM 170   current_time = 00:01:09   RETURN_POD            [queue size = 129]
2026-07-12 14:34:59 DEBUG: Pod 517 returned. Robot 12 idle.   [idle robots = 4/30, released tasks = 2]
2026-07-12 14:34:59 DEBUG:    EVENT NUM 171   current_time = 00:01:09   START_TASK            [queue size = 129]
2026-07-12 14:34:59 DEBUG: Task 27 blocked: no orders in {0: [74]} is open yet.  [released tasks = 1]
2026-07-12 14:34:59 DEBUG: Task 29 blocked: no orders in {0: [28]} is open yet.  [released tasks = 0]
2026-07-12 14:34:59 DEBUG:    EVENT NUM 172   current_time = 00:01:10   ARRIVAL_ORDER         [queue size = 128]
2026-07-12 14:34:59 DEBUG: Order 106 arrived: items_required = [4609, 3580].     [orders_in_system = 102]
2026-07-12 14:34:59 DEBUG:    EVENT NUM 173   current_time = 00:01:10   RELEASE_TASK          [queue size = 128]
2026-07-12 14:34:59 DEBUG: Task 30 released: pod 11 required by workstation(s) [1].  [released tasks = 3]
2026-07-12 14:34:59 DEBUG:    EVENT NUM 174   current_time = 00:01:10   START_TASK            [queue size = 128]
2026-07-12 14:34:59 DEBUG: Task 27 blocked: no orders in {0: [74]} is open yet.  [released tasks = 2]
2026-07-12 14:34:59 DEBUG: Task 29 blocked: no orders in {0: [28]} is open yet.  [released tasks = 1]
2026-07-12 14:34:59 DEBUG: Task 30 blocked: no orders in {1: [40, 19]} is open yet.  [released tasks = 0]
2026-07-12 14:34:59 DEBUG:    EVENT NUM 175   current_time = 00:01:11   END_PICKING           [queue size = 127]
2026-07-12 14:34:59 DEBUG: Ended picking at workstation 4.    [picking_buffer len = {}]
2026-07-12 14:34:59 DEBUG: Task should have served orders {87}, found open orders {32, 91, 55, 87}.
2026-07-12 14:34:59 DEBUG: Task 8 completed: pod 388 returning to storage.
2026-07-12 14:34:59 DEBUG:    EVENT NUM 176   current_time = 00:01:11   CLOSE_ORDER           [queue size = 128]
2026-07-12 14:34:59 DEBUG: Order 87 closed at workstation 4: flow_time = 71.2 s.     [order_buffer = 4] [open_orders = 3/4]
2026-07-12 14:34:59 DEBUG: Next order in buffer: 41
2026-07-12 14:34:59 DEBUG:    EVENT NUM 177   current_time = 00:01:11   OPEN_ORDER            [queue size = 128]
2026-07-12 14:34:59 DEBUG: Order 41 (skus required = {851}) opened at workstation 4.   [open_orders = 4/4]
2026-07-12 14:34:59 DEBUG:    EVENT NUM 178   current_time = 00:01:11   START_TASK            [queue size = 128]
2026-07-12 14:34:59 DEBUG: Task 27 blocked: no orders in {0: [74]} is open yet.  [released tasks = 2]
2026-07-12 14:34:59 DEBUG: Task 29 blocked: no orders in {0: [28]} is open yet.  [released tasks = 1]
2026-07-12 14:34:59 DEBUG: Task 30 blocked: no orders in {1: [40, 19]} is open yet.  [released tasks = 0]
2026-07-12 14:34:59 DEBUG:    EVENT NUM 179   current_time = 00:01:12   RELEASE_TASK          [queue size = 127]
2026-07-12 14:34:59 DEBUG: Task 31 released: pod 443 required by workstation(s) [2].  [released tasks = 4]
2026-07-12 14:34:59 DEBUG:    EVENT NUM 180   current_time = 00:01:12   START_TASK            [queue size = 127]
2026-07-12 14:34:59 DEBUG: Task 27 blocked: no orders in {0: [74]} is open yet.  [released tasks = 3]
2026-07-12 14:34:59 DEBUG: Task 29 blocked: no orders in {0: [28]} is open yet.  [released tasks = 2]
2026-07-12 14:34:59 DEBUG: Task 30 blocked: no orders in {1: [40, 19]} is open yet.  [released tasks = 1]
2026-07-12 14:34:59 DEBUG: Task 31 started: robot 12 → pod 443 → workstation 2 for orders {62} (arrival = 158.5 s).   [idle robots = 3/30]
2026-07-12 14:34:59 DEBUG:    EVENT NUM 181   current_time = 00:01:14   RELEASE_TASK          [queue size = 127]
2026-07-12 14:34:59 DEBUG: Task 32 released: pod 76 required by workstation(s) [0].  [released tasks = 4]
2026-07-12 14:34:59 DEBUG:    EVENT NUM 182   current_time = 00:01:14   START_TASK            [queue size = 127]
2026-07-12 14:34:59 DEBUG: Task 27 blocked: no orders in {0: [74]} is open yet.  [released tasks = 3]
2026-07-12 14:34:59 DEBUG: Task 29 blocked: no orders in {0: [28]} is open yet.  [released tasks = 2]
2026-07-12 14:34:59 DEBUG: Task 30 blocked: no orders in {1: [40, 19]} is open yet.  [released tasks = 1]
2026-07-12 14:34:59 DEBUG: Task 32 blocked: no orders in {0: [28]} is open yet.  [released tasks = 0]
2026-07-12 14:34:59 DEBUG:    EVENT NUM 183   current_time = 00:01:15   ARRIVAL_POD_WST       [queue size = 126]
2026-07-12 14:34:59 DEBUG: Pod 409 arrived at workstation 1 - status = IDLE
2026-07-12 14:34:59 DEBUG: Pod queued at workstation.    [picking_buffer = {17: 75.92860366330873}]
2026-07-12 14:34:59 DEBUG:    EVENT NUM 184   current_time = 00:01:15   START_PICKING         [queue size = 126]
2026-07-12 14:34:59 DEBUG: Processing task 17 at workstation 1: picking items {3025} for orders {49}
2026-07-12 14:34:59 DEBUG:    EVENT NUM 185   current_time = 00:01:16   END_PICKING           [queue size = 126]
2026-07-12 14:34:59 DEBUG: Ended picking at workstation 3.    [picking_buffer len = {}]
2026-07-12 14:34:59 DEBUG: Task should have served orders {0, 30}, found open orders {0, 24, 64, 30}.
2026-07-12 14:34:59 DEBUG: Task 11 completed: pod 512 returning to storage.
2026-07-12 14:34:59 DEBUG:    EVENT NUM 186   current_time = 00:01:16   CLOSE_ORDER           [queue size = 127]
2026-07-12 14:34:59 DEBUG: Order 30 closed at workstation 3: flow_time = 76.9 s.     [order_buffer = 8] [open_orders = 3/4]
2026-07-12 14:34:59 DEBUG: Next order in buffer: 60
2026-07-12 14:34:59 DEBUG:    EVENT NUM 187   current_time = 00:01:16   OPEN_ORDER            [queue size = 127]
2026-07-12 14:34:59 DEBUG: Order 60 (skus required = {7738, 355, 5371}) opened at workstation 3.   [open_orders = 4/4]
2026-07-12 14:34:59 DEBUG:    EVENT NUM 188   current_time = 00:01:16   START_TASK            [queue size = 127]
2026-07-12 14:34:59 DEBUG: Task 27 blocked: no orders in {0: [74]} is open yet.  [released tasks = 3]
2026-07-12 14:34:59 DEBUG: Task 29 blocked: no orders in {0: [28]} is open yet.  [released tasks = 2]
2026-07-12 14:34:59 DEBUG: Task 30 blocked: no orders in {1: [40, 19]} is open yet.  [released tasks = 1]
2026-07-12 14:34:59 DEBUG: Task 32 blocked: no orders in {0: [28]} is open yet.  [released tasks = 0]
2026-07-12 14:34:59 DEBUG:    EVENT NUM 189   current_time = 00:01:17   RELEASE_TASK          [queue size = 126]
2026-07-12 14:34:59 DEBUG: Task 33 released: pod 19 required by workstation(s) [0, 0].  [released tasks = 5]
2026-07-12 14:34:59 DEBUG:    EVENT NUM 190   current_time = 00:01:17   START_TASK            [queue size = 126]
2026-07-12 14:34:59 DEBUG: Task 27 blocked: no orders in {0: [74]} is open yet.  [released tasks = 4]
2026-07-12 14:34:59 DEBUG: Task 29 blocked: no orders in {0: [28]} is open yet.  [released tasks = 3]
2026-07-12 14:34:59 DEBUG: Task 30 blocked: no orders in {1: [40, 19]} is open yet.  [released tasks = 2]
2026-07-12 14:34:59 DEBUG: Task 32 blocked: no orders in {0: [28]} is open yet.  [released tasks = 1]
2026-07-12 14:34:59 DEBUG: Task 33 blocked: no orders in {0: [45]} is open yet.  [released tasks = 0]
2026-07-12 14:34:59 DEBUG:    EVENT NUM 191   current_time = 00:01:18   RETURN_POD            [queue size = 125]
2026-07-12 14:34:59 DEBUG: Pod 587 returned. Robot 8 idle.   [idle robots = 4/30, released tasks = 5]
2026-07-12 14:34:59 DEBUG:    EVENT NUM 192   current_time = 00:01:18   START_TASK            [queue size = 125]
2026-07-12 14:34:59 DEBUG: Task 27 blocked: no orders in {0: [74]} is open yet.  [released tasks = 4]
2026-07-12 14:34:59 DEBUG: Task 29 blocked: no orders in {0: [28]} is open yet.  [released tasks = 3]
2026-07-12 14:34:59 DEBUG: Task 30 blocked: no orders in {1: [40, 19]} is open yet.  [released tasks = 2]
2026-07-12 14:34:59 DEBUG: Task 32 blocked: no orders in {0: [28]} is open yet.  [released tasks = 1]
2026-07-12 14:34:59 DEBUG: Task 33 blocked: no orders in {0: [45]} is open yet.  [released tasks = 0]
2026-07-12 14:34:59 DEBUG:    EVENT NUM 193   current_time = 00:01:19   RELEASE_TASK          [queue size = 124]
2026-07-12 14:34:59 DEBUG: Task 34 released: pod 163 required by workstation(s) [1].  [released tasks = 6]
2026-07-12 14:34:59 DEBUG:    EVENT NUM 194   current_time = 00:01:19   START_TASK            [queue size = 124]
2026-07-12 14:34:59 DEBUG: Task 27 blocked: no orders in {0: [74]} is open yet.  [released tasks = 5]
2026-07-12 14:34:59 DEBUG: Task 29 blocked: no orders in {0: [28]} is open yet.  [released tasks = 4]
2026-07-12 14:34:59 DEBUG: Task 30 blocked: no orders in {1: [40, 19]} is open yet.  [released tasks = 3]
2026-07-12 14:34:59 DEBUG: Task 32 blocked: no orders in {0: [28]} is open yet.  [released tasks = 2]
2026-07-12 14:34:59 DEBUG: Task 33 blocked: no orders in {0: [45]} is open yet.  [released tasks = 1]
2026-07-12 14:34:59 DEBUG: Task 34 blocked: no orders in {1: [95]} is open yet.  [released tasks = 0]
2026-07-12 14:34:59 DEBUG:    EVENT NUM 195   current_time = 00:01:19   ARRIVAL_POD_WST       [queue size = 123]
2026-07-12 14:34:59 DEBUG: Pod 453 arrived at workstation 0 - status = IDLE
2026-07-12 14:34:59 DEBUG: Pod queued at workstation.    [picking_buffer = {7: 79.8685194459959}]
2026-07-12 14:34:59 DEBUG:    EVENT NUM 196   current_time = 00:01:19   START_PICKING         [queue size = 123]
2026-07-12 14:34:59 DEBUG: Processing task 7 at workstation 0: picking items {7104} for orders {4}
2026-07-12 14:34:59 DEBUG:    EVENT NUM 197   current_time = 00:01:20   ARRIVAL_ORDER         [queue size = 123]
2026-07-12 14:34:59 DEBUG: Order 107 arrived: items_required = [5781, 2678].     [orders_in_system = 101]
2026-07-12 14:34:59 DEBUG:    EVENT NUM 198   current_time = 00:01:21   RELEASE_TASK          [queue size = 123]
2026-07-12 14:34:59 DEBUG: Task 35 released: pod 569 required by workstation(s) [1].  [released tasks = 7]
2026-07-12 14:34:59 DEBUG:    EVENT NUM 199   current_time = 00:01:21   START_TASK            [queue size = 123]
2026-07-12 14:34:59 DEBUG: Task 27 blocked: no orders in {0: [74]} is open yet.  [released tasks = 6]
2026-07-12 14:34:59 DEBUG: Task 29 blocked: no orders in {0: [28]} is open yet.  [released tasks = 5]
2026-07-12 14:34:59 DEBUG: Task 30 blocked: no orders in {1: [40, 19]} is open yet.  [released tasks = 4]
2026-07-12 14:34:59 DEBUG: Task 32 blocked: no orders in {0: [28]} is open yet.  [released tasks = 3]
2026-07-12 14:34:59 DEBUG: Task 33 blocked: no orders in {0: [45]} is open yet.  [released tasks = 2]
2026-07-12 14:34:59 DEBUG: Task 34 blocked: no orders in {1: [95]} is open yet.  [released tasks = 1]
2026-07-12 14:34:59 DEBUG: Task 35 started: robot 8 → pod 569 → workstation 1 for orders {39} (arrival = 157.0 s).   [idle robots = 3/30]
2026-07-12 14:34:59 DEBUG:    EVENT NUM 200   current_time = 00:01:22   ARRIVAL_POD_WST       [queue size = 123]
2026-07-12 14:34:59 DEBUG: Pod 493 arrived at workstation 3 - status = IDLE
2026-07-12 14:34:59 DEBUG: Pod queued at workstation.    [picking_buffer = {6: 82.1699461339114}]
2026-07-12 14:34:59 DEBUG:    EVENT NUM 201   current_time = 00:01:22   START_PICKING         [queue size = 123]
2026-07-12 14:34:59 DEBUG: Processing task 6 at workstation 3: picking items {6151, 4190, 4551} for orders {0, 24, 64}
2026-07-12 14:34:59 DEBUG:    EVENT NUM 202   current_time = 00:01:23   RETURN_POD            [queue size = 123]
2026-07-12 14:34:59 DEBUG: Pod 438 returned. Robot 16 idle.   [idle robots = 4/30, released tasks = 6]
2026-07-12 14:34:59 DEBUG:    EVENT NUM 203   current_time = 00:01:23   START_TASK            [queue size = 123]
2026-07-12 14:34:59 DEBUG: Task 27 blocked: no orders in {0: [74]} is open yet.  [released tasks = 5]
2026-07-12 14:34:59 DEBUG: Task 29 blocked: no orders in {0: [28]} is open yet.  [released tasks = 4]
2026-07-12 14:34:59 DEBUG: Task 30 blocked: no orders in {1: [40, 19]} is open yet.  [released tasks = 3]
2026-07-12 14:34:59 DEBUG: Task 32 blocked: no orders in {0: [28]} is open yet.  [released tasks = 2]
2026-07-12 14:34:59 DEBUG: Task 33 blocked: no orders in {0: [45]} is open yet.  [released tasks = 1]
2026-07-12 14:34:59 DEBUG: Task 34 blocked: no orders in {1: [95]} is open yet.  [released tasks = 0]
2026-07-12 14:34:59 DEBUG:    EVENT NUM 204   current_time = 00:01:24   RELEASE_TASK          [queue size = 122]
2026-07-12 14:34:59 DEBUG: Task 36 released: pod 133 required by workstation(s) [1].  [released tasks = 7]
2026-07-12 14:34:59 DEBUG:    EVENT NUM 205   current_time = 00:01:24   START_TASK            [queue size = 122]
2026-07-12 14:34:59 DEBUG: Task 27 blocked: no orders in {0: [74]} is open yet.  [released tasks = 6]
2026-07-12 14:34:59 DEBUG: Task 29 blocked: no orders in {0: [28]} is open yet.  [released tasks = 5]
2026-07-12 14:34:59 DEBUG: Task 30 blocked: no orders in {1: [40, 19]} is open yet.  [released tasks = 4]
2026-07-12 14:34:59 DEBUG: Task 32 blocked: no orders in {0: [28]} is open yet.  [released tasks = 3]
2026-07-12 14:34:59 DEBUG: Task 33 blocked: no orders in {0: [45]} is open yet.  [released tasks = 2]
2026-07-12 14:34:59 DEBUG: Task 34 blocked: no orders in {1: [95]} is open yet.  [released tasks = 1]
2026-07-12 14:34:59 DEBUG: Task 36 blocked: no orders in {1: [19]} is open yet.  [released tasks = 0]
2026-07-12 14:34:59 DEBUG:    EVENT NUM 206   current_time = 00:01:24   ARRIVAL_POD_WST       [queue size = 121]
2026-07-12 14:34:59 DEBUG: Pod 543 arrived at workstation 1 - status = BUSY
2026-07-12 14:34:59 DEBUG: Pod queued at workstation.    [picking_buffer = {5: 84.34872035145678}]
2026-07-12 14:34:59 DEBUG:    EVENT NUM 207   current_time = 00:01:25   ARRIVAL_POD_WST       [queue size = 120]
2026-07-12 14:34:59 DEBUG: Pod 188 arrived at workstation 4 - status = IDLE
2026-07-12 14:34:59 DEBUG: Pod queued at workstation.    [picking_buffer = {9: 85.48908952384876}]
2026-07-12 14:34:59 DEBUG:    EVENT NUM 208   current_time = 00:01:25   START_PICKING         [queue size = 120]
2026-07-12 14:34:59 DEBUG: Processing task 9 at workstation 4: picking items {1880} for orders {55}
2026-07-12 14:34:59 DEBUG:    EVENT NUM 209   current_time = 00:01:25   END_PICKING           [queue size = 120]
2026-07-12 14:34:59 DEBUG: Ended picking at workstation 1.    [picking_buffer len = {5: 84.34872035145678}]
2026-07-12 14:34:59 DEBUG: Task should have served orders {49}, found open orders {36, 71, 39, 49}.
2026-07-12 14:34:59 DEBUG: Task 17 completed: pod 409 returning to storage.
2026-07-12 14:34:59 DEBUG:    EVENT NUM 210   current_time = 00:01:25   START_PICKING         [queue size = 121]
2026-07-12 14:34:59 DEBUG: Processing task 5 at workstation 1: picking items {5306} for orders {49}
2026-07-12 14:34:59 DEBUG:    EVENT NUM 211   current_time = 00:01:26   RELEASE_TASK          [queue size = 121]
2026-07-12 14:34:59 DEBUG: Task 37 released: pod 407 required by workstation(s) [0].  [released tasks = 8]
2026-07-12 14:34:59 DEBUG:    EVENT NUM 212   current_time = 00:01:26   START_TASK            [queue size = 121]
2026-07-12 14:34:59 DEBUG: Task 27 blocked: no orders in {0: [74]} is open yet.  [released tasks = 7]
2026-07-12 14:34:59 DEBUG: Task 29 blocked: no orders in {0: [28]} is open yet.  [released tasks = 6]
2026-07-12 14:34:59 DEBUG: Task 30 blocked: no orders in {1: [40, 19]} is open yet.  [released tasks = 5]
2026-07-12 14:34:59 DEBUG: Task 32 blocked: no orders in {0: [28]} is open yet.  [released tasks = 4]
2026-07-12 14:34:59 DEBUG: Task 33 blocked: no orders in {0: [45]} is open yet.  [released tasks = 3]
2026-07-12 14:34:59 DEBUG: Task 34 blocked: no orders in {1: [95]} is open yet.  [released tasks = 2]
2026-07-12 14:34:59 DEBUG: Task 36 blocked: no orders in {1: [19]} is open yet.  [released tasks = 1]
2026-07-12 14:34:59 DEBUG: Task 37 blocked: no orders in {0: [76]} is open yet.  [released tasks = 0]
2026-07-12 14:34:59 DEBUG:    EVENT NUM 213   current_time = 00:01:26   ARRIVAL_POD_WST       [queue size = 120]
2026-07-12 14:34:59 DEBUG: Pod 384 arrived at workstation 1 - status = BUSY
2026-07-12 14:34:59 DEBUG: Pod queued at workstation.    [picking_buffer = {21: 86.79734524037015}]
2026-07-12 14:34:59 DEBUG:    EVENT NUM 214   current_time = 00:01:27   ARRIVAL_POD_WST       [queue size = 119]
2026-07-12 14:34:59 DEBUG: Pod 532 arrived at workstation 0 - status = BUSY
2026-07-12 14:34:59 DEBUG: Pod queued at workstation.    [picking_buffer = {26: 87.18104071919413}]
2026-07-12 14:34:59 DEBUG:    EVENT NUM 215   current_time = 00:01:28   RELEASE_TASK          [queue size = 118]
2026-07-12 14:34:59 DEBUG: Task 38 released: pod 259 required by workstation(s) [0].  [released tasks = 9]
2026-07-12 14:34:59 DEBUG:    EVENT NUM 216   current_time = 00:01:28   START_TASK            [queue size = 118]
2026-07-12 14:34:59 DEBUG: Task 27 blocked: no orders in {0: [74]} is open yet.  [released tasks = 8]
2026-07-12 14:34:59 DEBUG: Task 29 blocked: no orders in {0: [28]} is open yet.  [released tasks = 7]
2026-07-12 14:34:59 DEBUG: Task 30 blocked: no orders in {1: [40, 19]} is open yet.  [released tasks = 6]
2026-07-12 14:34:59 DEBUG: Task 32 blocked: no orders in {0: [28]} is open yet.  [released tasks = 5]
2026-07-12 14:34:59 DEBUG: Task 33 blocked: no orders in {0: [45]} is open yet.  [released tasks = 4]
2026-07-12 14:34:59 DEBUG: Task 34 blocked: no orders in {1: [95]} is open yet.  [released tasks = 3]
2026-07-12 14:34:59 DEBUG: Task 36 blocked: no orders in {1: [19]} is open yet.  [released tasks = 2]
2026-07-12 14:34:59 DEBUG: Task 37 blocked: no orders in {0: [76]} is open yet.  [released tasks = 1]
2026-07-12 14:34:59 DEBUG: Task 38 blocked: no orders in {0: [76]} is open yet.  [released tasks = 0]
2026-07-12 14:34:59 DEBUG:    EVENT NUM 217   current_time = 00:01:29   END_PICKING           [queue size = 117]
2026-07-12 14:34:59 DEBUG: Ended picking at workstation 0.    [picking_buffer len = {26: 87.18104071919413}]
2026-07-12 14:34:59 DEBUG: Task should have served orders {4}, found open orders {4, 85, 22, 6}.
2026-07-12 14:34:59 DEBUG: Task 7 completed: pod 453 returning to storage.
2026-07-12 14:34:59 DEBUG:    EVENT NUM 218   current_time = 00:01:29   START_PICKING         [queue size = 118]
2026-07-12 14:34:59 DEBUG: start_picking: WS 0 has no actionable task in buffer.
2026-07-12 14:34:59 DEBUG:    EVENT NUM 219   current_time = 00:01:30   ARRIVAL_ORDER         [queue size = 117]
2026-07-12 14:34:59 DEBUG: Order 108 arrived: items_required = [2438, 2616].     [orders_in_system = 102]
2026-07-12 14:34:59 DEBUG:    EVENT NUM 220   current_time = 00:01:31   RELEASE_TASK          [queue size = 117]
2026-07-12 14:34:59 DEBUG: Task 39 released: pod 496 required by workstation(s) [1].  [released tasks = 10]
2026-07-12 14:34:59 DEBUG:    EVENT NUM 221   current_time = 00:01:31   START_TASK            [queue size = 117]
2026-07-12 14:34:59 DEBUG: Task 27 blocked: no orders in {0: [74]} is open yet.  [released tasks = 9]
2026-07-12 14:34:59 DEBUG: Task 29 blocked: no orders in {0: [28]} is open yet.  [released tasks = 8]
2026-07-12 14:34:59 DEBUG: Task 30 blocked: no orders in {1: [40, 19]} is open yet.  [released tasks = 7]
2026-07-12 14:34:59 DEBUG: Task 32 blocked: no orders in {0: [28]} is open yet.  [released tasks = 6]
2026-07-12 14:34:59 DEBUG: Task 33 blocked: no orders in {0: [45]} is open yet.  [released tasks = 5]
2026-07-12 14:34:59 DEBUG: Task 34 blocked: no orders in {1: [95]} is open yet.  [released tasks = 4]
2026-07-12 14:34:59 DEBUG: Task 36 blocked: no orders in {1: [19]} is open yet.  [released tasks = 3]
2026-07-12 14:34:59 DEBUG: Task 37 blocked: no orders in {0: [76]} is open yet.  [released tasks = 2]
2026-07-12 14:34:59 DEBUG: Task 38 blocked: no orders in {0: [76]} is open yet.  [released tasks = 1]
2026-07-12 14:34:59 DEBUG: Task 39 blocked: no orders in {1: [40]} is open yet.  [released tasks = 0]
2026-07-12 14:34:59 DEBUG:    EVENT NUM 222   current_time = 00:01:33   RELEASE_TASK          [queue size = 116]
2026-07-12 14:34:59 DEBUG: Task 40 released: pod 2 required by workstation(s) [1].  [released tasks = 11]
2026-07-12 14:34:59 DEBUG:    EVENT NUM 223   current_time = 00:01:33   START_TASK            [queue size = 116]
2026-07-12 14:34:59 DEBUG: Task 27 blocked: no orders in {0: [74]} is open yet.  [released tasks = 10]
2026-07-12 14:34:59 DEBUG: Task 29 blocked: no orders in {0: [28]} is open yet.  [released tasks = 9]
2026-07-12 14:34:59 DEBUG: Task 30 blocked: no orders in {1: [40, 19]} is open yet.  [released tasks = 8]
2026-07-12 14:34:59 DEBUG: Task 32 blocked: no orders in {0: [28]} is open yet.  [released tasks = 7]
2026-07-12 14:34:59 DEBUG: Task 33 blocked: no orders in {0: [45]} is open yet.  [released tasks = 6]
2026-07-12 14:34:59 DEBUG: Task 34 blocked: no orders in {1: [95]} is open yet.  [released tasks = 5]
2026-07-12 14:34:59 DEBUG: Task 36 blocked: no orders in {1: [19]} is open yet.  [released tasks = 4]
2026-07-12 14:34:59 DEBUG: Task 37 blocked: no orders in {0: [76]} is open yet.  [released tasks = 3]
2026-07-12 14:34:59 DEBUG: Task 38 blocked: no orders in {0: [76]} is open yet.  [released tasks = 2]
2026-07-12 14:34:59 DEBUG: Task 39 blocked: no orders in {1: [40]} is open yet.  [released tasks = 1]
2026-07-12 14:34:59 DEBUG: Task 40 blocked: no orders in {1: [95]} is open yet.  [released tasks = 0]
2026-07-12 14:34:59 DEBUG:    EVENT NUM 224   current_time = 00:01:33   ARRIVAL_POD_WST       [queue size = 115]
2026-07-12 14:34:59 DEBUG: Pod 309 arrived at workstation 1 - status = BUSY
2026-07-12 14:34:59 DEBUG: Pod queued at workstation.    [picking_buffer = {21: 86.79734524037015, 20: 93.69270335781547}]
2026-07-12 14:34:59 DEBUG:    EVENT NUM 225   current_time = 00:01:35   END_PICKING           [queue size = 114]
2026-07-12 14:34:59 DEBUG: Ended picking at workstation 4.    [picking_buffer len = {}]
2026-07-12 14:34:59 DEBUG: Task should have served orders {55}, found open orders {32, 41, 55, 91}.
2026-07-12 14:34:59 DEBUG: Task 9 completed: pod 188 returning to storage.
2026-07-12 14:34:59 DEBUG:    EVENT NUM 226   current_time = 00:01:35   CLOSE_ORDER           [queue size = 115]
2026-07-12 14:34:59 DEBUG: Order 55 closed at workstation 4: flow_time = 95.5 s.     [order_buffer = 3] [open_orders = 3/4]
2026-07-12 14:34:59 DEBUG: Next order in buffer: 12
2026-07-12 14:34:59 DEBUG:    EVENT NUM 227   current_time = 00:01:35   OPEN_ORDER            [queue size = 115]
2026-07-12 14:34:59 DEBUG: Order 12 (skus required = {2332}) opened at workstation 4.   [open_orders = 4/4]
2026-07-12 14:34:59 DEBUG:    EVENT NUM 228   current_time = 00:01:35   START_TASK            [queue size = 115]
2026-07-12 14:34:59 DEBUG: Task 27 blocked: no orders in {0: [74]} is open yet.  [released tasks = 10]
2026-07-12 14:34:59 DEBUG: Task 29 blocked: no orders in {0: [28]} is open yet.  [released tasks = 9]
2026-07-12 14:34:59 DEBUG: Task 30 blocked: no orders in {1: [40, 19]} is open yet.  [released tasks = 8]
2026-07-12 14:34:59 DEBUG: Task 32 blocked: no orders in {0: [28]} is open yet.  [released tasks = 7]
2026-07-12 14:34:59 DEBUG: Task 33 blocked: no orders in {0: [45]} is open yet.  [released tasks = 6]
2026-07-12 14:34:59 DEBUG: Task 34 blocked: no orders in {1: [95]} is open yet.  [released tasks = 5]
2026-07-12 14:34:59 DEBUG: Task 36 blocked: no orders in {1: [19]} is open yet.  [released tasks = 4]
2026-07-12 14:34:59 DEBUG: Task 37 blocked: no orders in {0: [76]} is open yet.  [released tasks = 3]
2026-07-12 14:34:59 DEBUG: Task 38 blocked: no orders in {0: [76]} is open yet.  [released tasks = 2]
2026-07-12 14:34:59 DEBUG: Task 39 blocked: no orders in {1: [40]} is open yet.  [released tasks = 1]
2026-07-12 14:34:59 DEBUG: Task 40 blocked: no orders in {1: [95]} is open yet.  [released tasks = 0]
2026-07-12 14:34:59 DEBUG:    EVENT NUM 229   current_time = 00:01:35   RELEASE_TASK          [queue size = 114]
2026-07-12 14:34:59 DEBUG: Task 41 released: pod 456 required by workstation(s) [0].  [released tasks = 12]
2026-07-12 14:34:59 DEBUG:    EVENT NUM 230   current_time = 00:01:35   START_TASK            [queue size = 114]
2026-07-12 14:34:59 DEBUG: Task 27 blocked: no orders in {0: [74]} is open yet.  [released tasks = 11]
2026-07-12 14:34:59 DEBUG: Task 29 blocked: no orders in {0: [28]} is open yet.  [released tasks = 10]
2026-07-12 14:34:59 DEBUG: Task 30 blocked: no orders in {1: [40, 19]} is open yet.  [released tasks = 9]
2026-07-12 14:34:59 DEBUG: Task 32 blocked: no orders in {0: [28]} is open yet.  [released tasks = 8]
2026-07-12 14:34:59 DEBUG: Task 33 blocked: no orders in {0: [45]} is open yet.  [released tasks = 7]
2026-07-12 14:34:59 DEBUG: Task 34 blocked: no orders in {1: [95]} is open yet.  [released tasks = 6]
2026-07-12 14:34:59 DEBUG: Task 36 blocked: no orders in {1: [19]} is open yet.  [released tasks = 5]
2026-07-12 14:34:59 DEBUG: Task 37 blocked: no orders in {0: [76]} is open yet.  [released tasks = 4]
2026-07-12 14:34:59 DEBUG: Task 38 blocked: no orders in {0: [76]} is open yet.  [released tasks = 3]
2026-07-12 14:34:59 DEBUG: Task 39 blocked: no orders in {1: [40]} is open yet.  [released tasks = 2]
2026-07-12 14:34:59 DEBUG: Task 40 blocked: no orders in {1: [95]} is open yet.  [released tasks = 1]
2026-07-12 14:34:59 DEBUG: Task 41 blocked: no orders in {0: [86]} is open yet.  [released tasks = 0]
2026-07-12 14:34:59 DEBUG:    EVENT NUM 231   current_time = 00:01:35   ARRIVAL_POD_WST       [queue size = 113]
2026-07-12 14:34:59 DEBUG: Pod 490 arrived at workstation 0 - status = IDLE
2026-07-12 14:34:59 DEBUG: Pod queued at workstation.    [picking_buffer = {26: 87.18104071919413, 10: 95.82569816281784}]
2026-07-12 14:34:59 DEBUG:    EVENT NUM 232   current_time = 00:01:35   START_PICKING         [queue size = 113]
2026-07-12 14:34:59 DEBUG: Processing task 10 at workstation 0: picking items {5469} for orders {22}
2026-07-12 14:34:59 DEBUG:    EVENT NUM 233   current_time = 00:01:35   END_PICKING           [queue size = 113]
2026-07-12 14:34:59 DEBUG: Ended picking at workstation 1.    [picking_buffer len = {21: 86.79734524037015, 20: 93.69270335781547}]
2026-07-12 14:34:59 DEBUG: Task should have served orders {49}, found open orders {36, 71, 39, 49}.
2026-07-12 14:34:59 DEBUG: Task 5 heading to workstation 1.
2026-07-12 14:34:59 DEBUG:    EVENT NUM 234   current_time = 00:01:35   ARRIVAL_POD_WST       [queue size = 114]
2026-07-12 14:34:59 DEBUG: Pod 543 arrived at workstation 1 - status = IDLE
2026-07-12 14:34:59 DEBUG: Pod queued at workstation.    [picking_buffer = {21: 86.79734524037015, 20: 93.69270335781547, 5: 95.92860366330873}]
2026-07-12 14:34:59 DEBUG:    EVENT NUM 235   current_time = 00:01:35   START_PICKING         [queue size = 114]
2026-07-12 14:34:59 DEBUG: Processing task 21 at workstation 1: picking items {1133} for orders {39}
2026-07-12 14:34:59 DEBUG:    EVENT NUM 236   current_time = 00:01:35   START_PICKING         [queue size = 114]
2026-07-12 14:34:59 DEBUG:    EVENT NUM 237   current_time = 00:01:36   RETURN_POD            [queue size = 113]
2026-07-12 14:34:59 DEBUG: Pod 459 returned. Robot 0 idle.   [idle robots = 5/30, released tasks = 12]
2026-07-12 14:34:59 DEBUG:    EVENT NUM 238   current_time = 00:01:36   START_TASK            [queue size = 113]
2026-07-12 14:34:59 DEBUG: Task 27 blocked: no orders in {0: [74]} is open yet.  [released tasks = 11]
2026-07-12 14:34:59 DEBUG: Task 29 blocked: no orders in {0: [28]} is open yet.  [released tasks = 10]
2026-07-12 14:34:59 DEBUG: Task 30 blocked: no orders in {1: [40, 19]} is open yet.  [released tasks = 9]
2026-07-12 14:34:59 DEBUG: Task 32 blocked: no orders in {0: [28]} is open yet.  [released tasks = 8]
2026-07-12 14:34:59 DEBUG: Task 33 blocked: no orders in {0: [45]} is open yet.  [released tasks = 7]
2026-07-12 14:34:59 DEBUG: Task 34 blocked: no orders in {1: [95]} is open yet.  [released tasks = 6]
2026-07-12 14:34:59 DEBUG: Task 36 blocked: no orders in {1: [19]} is open yet.  [released tasks = 5]
2026-07-12 14:34:59 DEBUG: Task 37 blocked: no orders in {0: [76]} is open yet.  [released tasks = 4]
2026-07-12 14:34:59 DEBUG: Task 38 blocked: no orders in {0: [76]} is open yet.  [released tasks = 3]
2026-07-12 14:34:59 DEBUG: Task 39 blocked: no orders in {1: [40]} is open yet.  [released tasks = 2]
2026-07-12 14:34:59 DEBUG: Task 40 blocked: no orders in {1: [95]} is open yet.  [released tasks = 1]
2026-07-12 14:34:59 DEBUG: Task 41 blocked: no orders in {0: [86]} is open yet.  [released tasks = 0]
2026-07-12 14:34:59 DEBUG:    EVENT NUM 239   current_time = 00:01:36   RETURN_POD            [queue size = 112]
2026-07-12 14:34:59 DEBUG: Pod 556 returned. Robot 2 idle.   [idle robots = 6/30, released tasks = 12]
2026-07-12 14:34:59 DEBUG:    EVENT NUM 240   current_time = 00:01:36   START_TASK            [queue size = 112]
2026-07-12 14:34:59 DEBUG: Task 27 blocked: no orders in {0: [74]} is open yet.  [released tasks = 11]
2026-07-12 14:34:59 DEBUG: Task 29 blocked: no orders in {0: [28]} is open yet.  [released tasks = 10]
2026-07-12 14:34:59 DEBUG: Task 30 blocked: no orders in {1: [40, 19]} is open yet.  [released tasks = 9]
2026-07-12 14:34:59 DEBUG: Task 32 blocked: no orders in {0: [28]} is open yet.  [released tasks = 8]
2026-07-12 14:34:59 DEBUG: Task 33 blocked: no orders in {0: [45]} is open yet.  [released tasks = 7]
2026-07-12 14:34:59 DEBUG: Task 34 blocked: no orders in {1: [95]} is open yet.  [released tasks = 6]
2026-07-12 14:34:59 DEBUG: Task 36 blocked: no orders in {1: [19]} is open yet.  [released tasks = 5]
2026-07-12 14:34:59 DEBUG: Task 37 blocked: no orders in {0: [76]} is open yet.  [released tasks = 4]
2026-07-12 14:34:59 DEBUG: Task 38 blocked: no orders in {0: [76]} is open yet.  [released tasks = 3]
2026-07-12 14:34:59 DEBUG: Task 39 blocked: no orders in {1: [40]} is open yet.  [released tasks = 2]
2026-07-12 14:34:59 DEBUG: Task 40 blocked: no orders in {1: [95]} is open yet.  [released tasks = 1]
2026-07-12 14:34:59 DEBUG: Task 41 blocked: no orders in {0: [86]} is open yet.  [released tasks = 0]
2026-07-12 14:34:59 DEBUG:    EVENT NUM 241   current_time = 00:01:37   RELEASE_TASK          [queue size = 111]
2026-07-12 14:34:59 DEBUG: Task 42 released: pod 60 required by workstation(s) [2].  [released tasks = 13]
2026-07-12 14:34:59 DEBUG:    EVENT NUM 242   current_time = 00:01:37   START_TASK            [queue size = 111]
2026-07-12 14:34:59 DEBUG: Task 27 blocked: no orders in {0: [74]} is open yet.  [released tasks = 12]
2026-07-12 14:34:59 DEBUG: Task 29 blocked: no orders in {0: [28]} is open yet.  [released tasks = 11]
2026-07-12 14:34:59 DEBUG: Task 30 blocked: no orders in {1: [40, 19]} is open yet.  [released tasks = 10]
2026-07-12 14:34:59 DEBUG: Task 32 blocked: no orders in {0: [28]} is open yet.  [released tasks = 9]
2026-07-12 14:34:59 DEBUG: Task 33 blocked: no orders in {0: [45]} is open yet.  [released tasks = 8]
2026-07-12 14:34:59 DEBUG: Task 34 blocked: no orders in {1: [95]} is open yet.  [released tasks = 7]
2026-07-12 14:34:59 DEBUG: Task 36 blocked: no orders in {1: [19]} is open yet.  [released tasks = 6]
2026-07-12 14:34:59 DEBUG: Task 37 blocked: no orders in {0: [76]} is open yet.  [released tasks = 5]
2026-07-12 14:34:59 DEBUG: Task 38 blocked: no orders in {0: [76]} is open yet.  [released tasks = 4]
2026-07-12 14:34:59 DEBUG: Task 39 blocked: no orders in {1: [40]} is open yet.  [released tasks = 3]
2026-07-12 14:34:59 DEBUG: Task 40 blocked: no orders in {1: [95]} is open yet.  [released tasks = 2]
2026-07-12 14:34:59 DEBUG: Task 41 blocked: no orders in {0: [86]} is open yet.  [released tasks = 1]
2026-07-12 14:34:59 DEBUG: Task 42 started: robot 4 → pod 60 → workstation 2 for orders {21} (arrival = 170.1 s).   [idle robots = 5/30]
2026-07-12 14:34:59 DEBUG:    EVENT NUM 243   current_time = 00:01:40   ARRIVAL_ORDER         [queue size = 111]
2026-07-12 14:34:59 DEBUG: Order 109 arrived: items_required = [6008].     [orders_in_system = 102]
2026-07-12 14:34:59 DEBUG:    EVENT NUM 244   current_time = 00:01:40   RELEASE_TASK          [queue size = 111]
2026-07-12 14:34:59 DEBUG: Task 43 released: pod 83 required by workstation(s) [0].  [released tasks = 13]
2026-07-12 14:34:59 DEBUG:    EVENT NUM 245   current_time = 00:01:40   START_TASK            [queue size = 111]
2026-07-12 14:34:59 DEBUG: Task 27 blocked: no orders in {0: [74]} is open yet.  [released tasks = 12]
2026-07-12 14:34:59 DEBUG: Task 29 blocked: no orders in {0: [28]} is open yet.  [released tasks = 11]
2026-07-12 14:34:59 DEBUG: Task 30 blocked: no orders in {1: [40, 19]} is open yet.  [released tasks = 10]
2026-07-12 14:34:59 DEBUG: Task 32 blocked: no orders in {0: [28]} is open yet.  [released tasks = 9]
2026-07-12 14:34:59 DEBUG: Task 33 blocked: no orders in {0: [45]} is open yet.  [released tasks = 8]
2026-07-12 14:34:59 DEBUG: Task 34 blocked: no orders in {1: [95]} is open yet.  [released tasks = 7]
2026-07-12 14:34:59 DEBUG: Task 36 blocked: no orders in {1: [19]} is open yet.  [released tasks = 6]
2026-07-12 14:34:59 DEBUG: Task 37 blocked: no orders in {0: [76]} is open yet.  [released tasks = 5]
2026-07-12 14:34:59 DEBUG: Task 38 blocked: no orders in {0: [76]} is open yet.  [released tasks = 4]
2026-07-12 14:34:59 DEBUG: Task 39 blocked: no orders in {1: [40]} is open yet.  [released tasks = 3]
2026-07-12 14:34:59 DEBUG: Task 40 blocked: no orders in {1: [95]} is open yet.  [released tasks = 2]
2026-07-12 14:34:59 DEBUG: Task 41 blocked: no orders in {0: [86]} is open yet.  [released tasks = 1]
2026-07-12 14:34:59 DEBUG: Task 43 blocked: no orders in {0: [56]} is open yet.  [released tasks = 0]
2026-07-12 14:34:59 DEBUG:    EVENT NUM 246   current_time = 00:01:42   END_PICKING           [queue size = 110]
2026-07-12 14:34:59 DEBUG: Ended picking at workstation 3.    [picking_buffer len = {}]
2026-07-12 14:34:59 DEBUG: Task should have served orders {0, 24, 64}, found open orders {0, 64, 24, 60}.
2026-07-12 14:34:59 DEBUG: Task 6 completed: pod 493 returning to storage.
2026-07-12 14:34:59 DEBUG:    EVENT NUM 247   current_time = 00:01:42   CLOSE_ORDER           [queue size = 112]
2026-07-12 14:34:59 DEBUG: Order 24 closed at workstation 3: flow_time = 102.2 s.     [order_buffer = 7] [open_orders = 3/4]
2026-07-12 14:34:59 DEBUG: Next order in buffer: 37
2026-07-12 14:34:59 DEBUG:    EVENT NUM 248   current_time = 00:01:42   CLOSE_ORDER           [queue size = 112]
2026-07-12 14:34:59 DEBUG: Order 64 closed at workstation 3: flow_time = 102.2 s.     [order_buffer = 6] [open_orders = 2/4]
2026-07-12 14:34:59 DEBUG: Next order in buffer: 98
2026-07-12 14:34:59 DEBUG:    EVENT NUM 249   current_time = 00:01:42   OPEN_ORDER            [queue size = 112]
2026-07-12 14:34:59 DEBUG: Order 37 (skus required = {5426}) opened at workstation 3.   [open_orders = 3/4]
2026-07-12 14:34:59 DEBUG:    EVENT NUM 250   current_time = 00:01:42   OPEN_ORDER            [queue size = 112]
2026-07-12 14:34:59 DEBUG: Order 98 (skus required = {1750}) opened at workstation 3.   [open_orders = 4/4]
2026-07-12 14:34:59 DEBUG:    EVENT NUM 251   current_time = 00:01:42   START_TASK            [queue size = 112]
2026-07-12 14:34:59 DEBUG: Task 27 blocked: no orders in {0: [74]} is open yet.  [released tasks = 12]
2026-07-12 14:34:59 DEBUG: Task 29 blocked: no orders in {0: [28]} is open yet.  [released tasks = 11]
2026-07-12 14:34:59 DEBUG: Task 30 blocked: no orders in {1: [40, 19]} is open yet.  [released tasks = 10]
2026-07-12 14:34:59 DEBUG: Task 32 blocked: no orders in {0: [28]} is open yet.  [released tasks = 9]
2026-07-12 14:34:59 DEBUG: Task 33 blocked: no orders in {0: [45]} is open yet.  [released tasks = 8]
2026-07-12 14:34:59 DEBUG: Task 34 blocked: no orders in {1: [95]} is open yet.  [released tasks = 7]
2026-07-12 14:34:59 DEBUG: Task 36 blocked: no orders in {1: [19]} is open yet.  [released tasks = 6]
2026-07-12 14:34:59 DEBUG: Task 37 blocked: no orders in {0: [76]} is open yet.  [released tasks = 5]
2026-07-12 14:34:59 DEBUG: Task 38 blocked: no orders in {0: [76]} is open yet.  [released tasks = 4]
2026-07-12 14:34:59 DEBUG: Task 39 blocked: no orders in {1: [40]} is open yet.  [released tasks = 3]
2026-07-12 14:34:59 DEBUG: Task 40 blocked: no orders in {1: [95]} is open yet.  [released tasks = 2]
2026-07-12 14:34:59 DEBUG: Task 41 blocked: no orders in {0: [86]} is open yet.  [released tasks = 1]
2026-07-12 14:34:59 DEBUG: Task 43 blocked: no orders in {0: [56]} is open yet.  [released tasks = 0]
2026-07-12 14:34:59 DEBUG:    EVENT NUM 252   current_time = 00:01:42   START_TASK            [queue size = 111]
2026-07-12 14:34:59 DEBUG: Task 27 blocked: no orders in {0: [74]} is open yet.  [released tasks = 12]
2026-07-12 14:34:59 DEBUG: Task 29 blocked: no orders in {0: [28]} is open yet.  [released tasks = 11]
2026-07-12 14:34:59 DEBUG: Task 30 blocked: no orders in {1: [40, 19]} is open yet.  [released tasks = 10]
2026-07-12 14:34:59 DEBUG: Task 32 blocked: no orders in {0: [28]} is open yet.  [released tasks = 9]
2026-07-12 14:34:59 DEBUG: Task 33 blocked: no orders in {0: [45]} is open yet.  [released tasks = 8]
2026-07-12 14:34:59 DEBUG: Task 34 blocked: no orders in {1: [95]} is open yet.  [released tasks = 7]
2026-07-12 14:34:59 DEBUG: Task 36 blocked: no orders in {1: [19]} is open yet.  [released tasks = 6]
2026-07-12 14:34:59 DEBUG: Task 37 blocked: no orders in {0: [76]} is open yet.  [released tasks = 5]
2026-07-12 14:34:59 DEBUG: Task 38 blocked: no orders in {0: [76]} is open yet.  [released tasks = 4]
2026-07-12 14:34:59 DEBUG: Task 39 blocked: no orders in {1: [40]} is open yet.  [released tasks = 3]
2026-07-12 14:34:59 DEBUG: Task 40 blocked: no orders in {1: [95]} is open yet.  [released tasks = 2]
2026-07-12 14:34:59 DEBUG: Task 41 blocked: no orders in {0: [86]} is open yet.  [released tasks = 1]
2026-07-12 14:34:59 DEBUG: Task 43 blocked: no orders in {0: [56]} is open yet.  [released tasks = 0]
2026-07-12 14:34:59 DEBUG:    EVENT NUM 253   current_time = 00:01:42   RELEASE_TASK          [queue size = 110]
2026-07-12 14:34:59 DEBUG: Task 44 released: pod 102 required by workstation(s) [0].  [released tasks = 14]
2026-07-12 14:34:59 DEBUG:    EVENT NUM 254   current_time = 00:01:42   START_TASK            [queue size = 110]
2026-07-12 14:34:59 DEBUG: Task 27 blocked: no orders in {0: [74]} is open yet.  [released tasks = 13]
2026-07-12 14:34:59 DEBUG: Task 29 blocked: no orders in {0: [28]} is open yet.  [released tasks = 12]
2026-07-12 14:34:59 DEBUG: Task 30 blocked: no orders in {1: [40, 19]} is open yet.  [released tasks = 11]
2026-07-12 14:34:59 DEBUG: Task 32 blocked: no orders in {0: [28]} is open yet.  [released tasks = 10]
2026-07-12 14:34:59 DEBUG: Task 33 blocked: no orders in {0: [45]} is open yet.  [released tasks = 9]
2026-07-12 14:34:59 DEBUG: Task 34 blocked: no orders in {1: [95]} is open yet.  [released tasks = 8]
2026-07-12 14:34:59 DEBUG: Task 36 blocked: no orders in {1: [19]} is open yet.  [released tasks = 7]
2026-07-12 14:34:59 DEBUG: Task 37 blocked: no orders in {0: [76]} is open yet.  [released tasks = 6]
2026-07-12 14:34:59 DEBUG: Task 38 blocked: no orders in {0: [76]} is open yet.  [released tasks = 5]
2026-07-12 14:34:59 DEBUG: Task 39 blocked: no orders in {1: [40]} is open yet.  [released tasks = 4]
2026-07-12 14:34:59 DEBUG: Task 40 blocked: no orders in {1: [95]} is open yet.  [released tasks = 3]
2026-07-12 14:34:59 DEBUG: Task 41 blocked: no orders in {0: [86]} is open yet.  [released tasks = 2]
2026-07-12 14:34:59 DEBUG: Task 43 blocked: no orders in {0: [56]} is open yet.  [released tasks = 1]
2026-07-12 14:34:59 DEBUG: Task 44 blocked: no orders in {0: [45]} is open yet.  [released tasks = 0]
2026-07-12 14:34:59 DEBUG:    EVENT NUM 255   current_time = 00:01:43   RETURN_POD            [queue size = 109]
2026-07-12 14:34:59 DEBUG: Pod 512 returned. Robot 15 idle.   [idle robots = 6/30, released tasks = 14]
2026-07-12 14:34:59 DEBUG:    EVENT NUM 256   current_time = 00:01:43   START_TASK            [queue size = 109]
2026-07-12 14:34:59 DEBUG: Task 27 blocked: no orders in {0: [74]} is open yet.  [released tasks = 13]
2026-07-12 14:34:59 DEBUG: Task 29 blocked: no orders in {0: [28]} is open yet.  [released tasks = 12]
2026-07-12 14:34:59 DEBUG: Task 30 blocked: no orders in {1: [40, 19]} is open yet.  [released tasks = 11]
2026-07-12 14:34:59 DEBUG: Task 32 blocked: no orders in {0: [28]} is open yet.  [released tasks = 10]
2026-07-12 14:34:59 DEBUG: Task 33 blocked: no orders in {0: [45]} is open yet.  [released tasks = 9]
2026-07-12 14:34:59 DEBUG: Task 34 blocked: no orders in {1: [95]} is open yet.  [released tasks = 8]
2026-07-12 14:34:59 DEBUG: Task 36 blocked: no orders in {1: [19]} is open yet.  [released tasks = 7]
2026-07-12 14:34:59 DEBUG: Task 37 blocked: no orders in {0: [76]} is open yet.  [released tasks = 6]
2026-07-12 14:34:59 DEBUG: Task 38 blocked: no orders in {0: [76]} is open yet.  [released tasks = 5]
2026-07-12 14:34:59 DEBUG: Task 39 blocked: no orders in {1: [40]} is open yet.  [released tasks = 4]
2026-07-12 14:34:59 DEBUG: Task 40 blocked: no orders in {1: [95]} is open yet.  [released tasks = 3]
2026-07-12 14:34:59 DEBUG: Task 41 blocked: no orders in {0: [86]} is open yet.  [released tasks = 2]
2026-07-12 14:34:59 DEBUG: Task 43 blocked: no orders in {0: [56]} is open yet.  [released tasks = 1]
2026-07-12 14:34:59 DEBUG: Task 44 blocked: no orders in {0: [45]} is open yet.  [released tasks = 0]
2026-07-12 14:34:59 DEBUG:    EVENT NUM 257   current_time = 00:01:44   RELEASE_TASK          [queue size = 108]
2026-07-12 14:34:59 DEBUG: Task 45 released: pod 190 required by workstation(s) [0].  [released tasks = 15]
2026-07-12 14:34:59 DEBUG:    EVENT NUM 258   current_time = 00:01:44   START_TASK            [queue size = 108]
2026-07-12 14:34:59 DEBUG: Task 27 blocked: no orders in {0: [74]} is open yet.  [released tasks = 14]
2026-07-12 14:34:59 DEBUG: Task 29 blocked: no orders in {0: [28]} is open yet.  [released tasks = 13]
2026-07-12 14:34:59 DEBUG: Task 30 blocked: no orders in {1: [40, 19]} is open yet.  [released tasks = 12]
2026-07-12 14:34:59 DEBUG: Task 32 blocked: no orders in {0: [28]} is open yet.  [released tasks = 11]
2026-07-12 14:34:59 DEBUG: Task 33 blocked: no orders in {0: [45]} is open yet.  [released tasks = 10]
2026-07-12 14:34:59 DEBUG: Task 34 blocked: no orders in {1: [95]} is open yet.  [released tasks = 9]
2026-07-12 14:34:59 DEBUG: Task 36 blocked: no orders in {1: [19]} is open yet.  [released tasks = 8]
2026-07-12 14:34:59 DEBUG: Task 37 blocked: no orders in {0: [76]} is open yet.  [released tasks = 7]
2026-07-12 14:34:59 DEBUG: Task 38 blocked: no orders in {0: [76]} is open yet.  [released tasks = 6]
2026-07-12 14:34:59 DEBUG: Task 39 blocked: no orders in {1: [40]} is open yet.  [released tasks = 5]
2026-07-12 14:34:59 DEBUG: Task 40 blocked: no orders in {1: [95]} is open yet.  [released tasks = 4]
2026-07-12 14:34:59 DEBUG: Task 41 blocked: no orders in {0: [86]} is open yet.  [released tasks = 3]
2026-07-12 14:34:59 DEBUG: Task 43 blocked: no orders in {0: [56]} is open yet.  [released tasks = 2]
2026-07-12 14:34:59 DEBUG: Task 44 blocked: no orders in {0: [45]} is open yet.  [released tasks = 1]
2026-07-12 14:34:59 DEBUG: Task 45 blocked: no orders in {0: [45]} is open yet.  [released tasks = 0]
2026-07-12 14:34:59 DEBUG:    EVENT NUM 259   current_time = 00:01:45   END_PICKING           [queue size = 107]
2026-07-12 14:34:59 DEBUG: Ended picking at workstation 0.    [picking_buffer len = {26: 87.18104071919413}]
2026-07-12 14:34:59 DEBUG: Task should have served orders {22}, found open orders {4, 85, 22, 6}.
2026-07-12 14:34:59 DEBUG: Task 10 heading to workstation 2.
2026-07-12 14:34:59 DEBUG:    EVENT NUM 260   current_time = 00:01:45   START_PICKING         [queue size = 108]
2026-07-12 14:34:59 DEBUG: start_picking: WS 0 has no actionable task in buffer.
2026-07-12 14:34:59 DEBUG:    EVENT NUM 261   current_time = 00:01:45   END_PICKING           [queue size = 107]
2026-07-12 14:34:59 DEBUG: Ended picking at workstation 1.    [picking_buffer len = {20: 93.69270335781547, 5: 95.92860366330873}]
2026-07-12 14:34:59 DEBUG: Task should have served orders {39}, found open orders {36, 71, 39, 49}.
2026-07-12 14:34:59 DEBUG: Task 21 completed: pod 384 returning to storage.
2026-07-12 14:34:59 DEBUG:    EVENT NUM 262   current_time = 00:01:45   START_PICKING         [queue size = 108]
2026-07-12 14:34:59 DEBUG: Processing task 20 at workstation 1: picking items {5946} for orders {49}
2026-07-12 14:34:59 DEBUG:    EVENT NUM 263   current_time = 00:01:47   RELEASE_TASK          [queue size = 108]
2026-07-12 14:34:59 DEBUG: Task 46 released: pod 113 required by workstation(s) [1].  [released tasks = 16]
2026-07-12 14:34:59 DEBUG:    EVENT NUM 264   current_time = 00:01:47   START_TASK            [queue size = 108]
2026-07-12 14:34:59 DEBUG: Task 27 blocked: no orders in {0: [74]} is open yet.  [released tasks = 15]
2026-07-12 14:34:59 DEBUG: Task 29 blocked: no orders in {0: [28]} is open yet.  [released tasks = 14]
2026-07-12 14:34:59 DEBUG: Task 30 blocked: no orders in {1: [40, 19]} is open yet.  [released tasks = 13]
2026-07-12 14:34:59 DEBUG: Task 32 blocked: no orders in {0: [28]} is open yet.  [released tasks = 12]
2026-07-12 14:34:59 DEBUG: Task 33 blocked: no orders in {0: [45]} is open yet.  [released tasks = 11]
2026-07-12 14:34:59 DEBUG: Task 34 blocked: no orders in {1: [95]} is open yet.  [released tasks = 10]
2026-07-12 14:34:59 DEBUG: Task 36 blocked: no orders in {1: [19]} is open yet.  [released tasks = 9]
2026-07-12 14:34:59 DEBUG: Task 37 blocked: no orders in {0: [76]} is open yet.  [released tasks = 8]
2026-07-12 14:34:59 DEBUG: Task 38 blocked: no orders in {0: [76]} is open yet.  [released tasks = 7]
2026-07-12 14:34:59 DEBUG: Task 39 blocked: no orders in {1: [40]} is open yet.  [released tasks = 6]
2026-07-12 14:34:59 DEBUG: Task 40 blocked: no orders in {1: [95]} is open yet.  [released tasks = 5]
2026-07-12 14:34:59 DEBUG: Task 41 blocked: no orders in {0: [86]} is open yet.  [released tasks = 4]
2026-07-12 14:34:59 DEBUG: Task 43 blocked: no orders in {0: [56]} is open yet.  [released tasks = 3]
2026-07-12 14:34:59 DEBUG: Task 44 blocked: no orders in {0: [45]} is open yet.  [released tasks = 2]
2026-07-12 14:34:59 DEBUG: Task 46 blocked: no orders in {1: [99]} is open yet.  [released tasks = 1]
2026-07-12 14:34:59 DEBUG: Task 45 blocked: no orders in {0: [45]} is open yet.  [released tasks = 0]
2026-07-12 14:34:59 DEBUG:    EVENT NUM 265   current_time = 00:01:48   RETURN_POD            [queue size = 107]
2026-07-12 14:34:59 DEBUG: Pod 388 returned. Robot 20 idle.   [idle robots = 7/30, released tasks = 16]
2026-07-12 14:34:59 DEBUG:    EVENT NUM 266   current_time = 00:01:48   START_TASK            [queue size = 107]
2026-07-12 14:34:59 DEBUG: Task 27 blocked: no orders in {0: [74]} is open yet.  [released tasks = 15]
2026-07-12 14:34:59 DEBUG: Task 29 blocked: no orders in {0: [28]} is open yet.  [released tasks = 14]
2026-07-12 14:34:59 DEBUG: Task 30 blocked: no orders in {1: [40, 19]} is open yet.  [released tasks = 13]
2026-07-12 14:34:59 DEBUG: Task 32 blocked: no orders in {0: [28]} is open yet.  [released tasks = 12]
2026-07-12 14:34:59 DEBUG: Task 33 blocked: no orders in {0: [45]} is open yet.  [released tasks = 11]
2026-07-12 14:34:59 DEBUG: Task 34 blocked: no orders in {1: [95]} is open yet.  [released tasks = 10]
2026-07-12 14:34:59 DEBUG: Task 36 blocked: no orders in {1: [19]} is open yet.  [released tasks = 9]
2026-07-12 14:34:59 DEBUG: Task 37 blocked: no orders in {0: [76]} is open yet.  [released tasks = 8]
2026-07-12 14:34:59 DEBUG: Task 38 blocked: no orders in {0: [76]} is open yet.  [released tasks = 7]
2026-07-12 14:34:59 DEBUG: Task 39 blocked: no orders in {1: [40]} is open yet.  [released tasks = 6]
2026-07-12 14:34:59 DEBUG: Task 40 blocked: no orders in {1: [95]} is open yet.  [released tasks = 5]
2026-07-12 14:34:59 DEBUG: Task 41 blocked: no orders in {0: [86]} is open yet.  [released tasks = 4]
2026-07-12 14:34:59 DEBUG: Task 43 blocked: no orders in {0: [56]} is open yet.  [released tasks = 3]
2026-07-12 14:34:59 DEBUG: Task 44 blocked: no orders in {0: [45]} is open yet.  [released tasks = 2]
2026-07-12 14:34:59 DEBUG: Task 46 blocked: no orders in {1: [99]} is open yet.  [released tasks = 1]
2026-07-12 14:34:59 DEBUG: Task 45 blocked: no orders in {0: [45]} is open yet.  [released tasks = 0]
2026-07-12 14:34:59 DEBUG:    EVENT NUM 267   current_time = 00:01:49   RELEASE_TASK          [queue size = 106]
2026-07-12 14:34:59 DEBUG: Task 47 released: pod 241 required by workstation(s) [3, 3].  [released tasks = 17]
2026-07-12 14:34:59 DEBUG:    EVENT NUM 268   current_time = 00:01:49   START_TASK            [queue size = 106]
2026-07-12 14:34:59 DEBUG: Task 27 blocked: no orders in {0: [74]} is open yet.  [released tasks = 16]
2026-07-12 14:34:59 DEBUG: Task 29 blocked: no orders in {0: [28]} is open yet.  [released tasks = 15]
2026-07-12 14:34:59 DEBUG: Task 30 blocked: no orders in {1: [40, 19]} is open yet.  [released tasks = 14]
2026-07-12 14:34:59 DEBUG: Task 32 blocked: no orders in {0: [28]} is open yet.  [released tasks = 13]
2026-07-12 14:34:59 DEBUG: Task 33 blocked: no orders in {0: [45]} is open yet.  [released tasks = 12]
2026-07-12 14:34:59 DEBUG: Task 34 blocked: no orders in {1: [95]} is open yet.  [released tasks = 11]
2026-07-12 14:34:59 DEBUG: Task 36 blocked: no orders in {1: [19]} is open yet.  [released tasks = 10]
2026-07-12 14:34:59 DEBUG: Task 37 blocked: no orders in {0: [76]} is open yet.  [released tasks = 9]
2026-07-12 14:34:59 DEBUG: Task 38 blocked: no orders in {0: [76]} is open yet.  [released tasks = 8]
2026-07-12 14:34:59 DEBUG: Task 39 blocked: no orders in {1: [40]} is open yet.  [released tasks = 7]
2026-07-12 14:34:59 DEBUG: Task 40 blocked: no orders in {1: [95]} is open yet.  [released tasks = 6]
2026-07-12 14:34:59 DEBUG: Task 41 blocked: no orders in {0: [86]} is open yet.  [released tasks = 5]
2026-07-12 14:34:59 DEBUG: Task 43 blocked: no orders in {0: [56]} is open yet.  [released tasks = 4]
2026-07-12 14:34:59 DEBUG: Task 44 blocked: no orders in {0: [45]} is open yet.  [released tasks = 3]
2026-07-12 14:34:59 DEBUG: Task 46 blocked: no orders in {1: [99]} is open yet.  [released tasks = 2]
2026-07-12 14:34:59 DEBUG: Task 47 started: robot 29 → pod 241 → workstation 3 for orders {60} (arrival = 206.6 s).   [idle robots = 6/30]
2026-07-12 14:34:59 DEBUG:    EVENT NUM 269   current_time = 00:01:50   ARRIVAL_ORDER         [queue size = 106]
2026-07-12 14:34:59 DEBUG: Order 110 arrived: items_required = [4946, 3511].     [orders_in_system = 101]
2026-07-12 14:34:59 DEBUG:    EVENT NUM 270   current_time = 00:01:51   RELEASE_TASK          [queue size = 106]
2026-07-12 14:34:59 DEBUG: Task 48 released: pod 176 required by workstation(s) [1].  [released tasks = 17]
2026-07-12 14:34:59 DEBUG:    EVENT NUM 271   current_time = 00:01:51   START_TASK            [queue size = 106]
2026-07-12 14:34:59 DEBUG: Task 27 blocked: no orders in {0: [74]} is open yet.  [released tasks = 16]
2026-07-12 14:34:59 DEBUG: Task 29 blocked: no orders in {0: [28]} is open yet.  [released tasks = 15]
2026-07-12 14:34:59 DEBUG: Task 30 blocked: no orders in {1: [40, 19]} is open yet.  [released tasks = 14]
2026-07-12 14:34:59 DEBUG: Task 32 blocked: no orders in {0: [28]} is open yet.  [released tasks = 13]
2026-07-12 14:34:59 DEBUG: Task 33 blocked: no orders in {0: [45]} is open yet.  [released tasks = 12]
2026-07-12 14:34:59 DEBUG: Task 34 blocked: no orders in {1: [95]} is open yet.  [released tasks = 11]
2026-07-12 14:34:59 DEBUG: Task 36 blocked: no orders in {1: [19]} is open yet.  [released tasks = 10]
2026-07-12 14:34:59 DEBUG: Task 37 blocked: no orders in {0: [76]} is open yet.  [released tasks = 9]
2026-07-12 14:34:59 DEBUG: Task 38 blocked: no orders in {0: [76]} is open yet.  [released tasks = 8]
2026-07-12 14:34:59 DEBUG: Task 39 blocked: no orders in {1: [40]} is open yet.  [released tasks = 7]
2026-07-12 14:34:59 DEBUG: Task 40 blocked: no orders in {1: [95]} is open yet.  [released tasks = 6]
2026-07-12 14:34:59 DEBUG: Task 41 blocked: no orders in {0: [86]} is open yet.  [released tasks = 5]
2026-07-12 14:34:59 DEBUG: Task 43 blocked: no orders in {0: [56]} is open yet.  [released tasks = 4]
2026-07-12 14:34:59 DEBUG: Task 44 blocked: no orders in {0: [45]} is open yet.  [released tasks = 3]
2026-07-12 14:34:59 DEBUG: Task 46 blocked: no orders in {1: [99]} is open yet.  [released tasks = 2]
2026-07-12 14:34:59 DEBUG: Task 48 started: robot 2 → pod 176 → workstation 1 for orders {11} (arrival = 227.0 s).   [idle robots = 5/30]
2026-07-12 14:34:59 DEBUG:    EVENT NUM 272   current_time = 00:01:52   RETURN_POD            [queue size = 106]
2026-07-12 14:34:59 DEBUG: Pod 570 returned. Robot 18 idle.   [idle robots = 6/30, released tasks = 16]
2026-07-12 14:34:59 DEBUG:    EVENT NUM 273   current_time = 00:01:52   START_TASK            [queue size = 106]
2026-07-12 14:34:59 DEBUG: Task 27 blocked: no orders in {0: [74]} is open yet.  [released tasks = 15]
2026-07-12 14:34:59 DEBUG: Task 29 blocked: no orders in {0: [28]} is open yet.  [released tasks = 14]
2026-07-12 14:34:59 DEBUG: Task 30 blocked: no orders in {1: [40, 19]} is open yet.  [released tasks = 13]
2026-07-12 14:34:59 DEBUG: Task 32 blocked: no orders in {0: [28]} is open yet.  [released tasks = 12]
2026-07-12 14:34:59 DEBUG: Task 33 blocked: no orders in {0: [45]} is open yet.  [released tasks = 11]
2026-07-12 14:34:59 DEBUG: Task 34 blocked: no orders in {1: [95]} is open yet.  [released tasks = 10]
2026-07-12 14:34:59 DEBUG: Task 36 blocked: no orders in {1: [19]} is open yet.  [released tasks = 9]
2026-07-12 14:34:59 DEBUG: Task 37 blocked: no orders in {0: [76]} is open yet.  [released tasks = 8]
2026-07-12 14:34:59 DEBUG: Task 38 blocked: no orders in {0: [76]} is open yet.  [released tasks = 7]
2026-07-12 14:34:59 DEBUG: Task 39 blocked: no orders in {1: [40]} is open yet.  [released tasks = 6]
2026-07-12 14:34:59 DEBUG: Task 40 blocked: no orders in {1: [95]} is open yet.  [released tasks = 5]
2026-07-12 14:34:59 DEBUG: Task 41 blocked: no orders in {0: [86]} is open yet.  [released tasks = 4]
2026-07-12 14:34:59 DEBUG: Task 43 blocked: no orders in {0: [56]} is open yet.  [released tasks = 3]
2026-07-12 14:34:59 DEBUG: Task 44 blocked: no orders in {0: [45]} is open yet.  [released tasks = 2]
2026-07-12 14:34:59 DEBUG: Task 46 blocked: no orders in {1: [99]} is open yet.  [released tasks = 1]
2026-07-12 14:34:59 DEBUG: Task 45 blocked: no orders in {0: [45]} is open yet.  [released tasks = 0]
2026-07-12 14:34:59 DEBUG:    EVENT NUM 274   current_time = 00:01:54   RELEASE_TASK          [queue size = 105]
2026-07-12 14:34:59 DEBUG: Task 49 released: pod 31 required by workstation(s) [2, 2].  [released tasks = 17]
2026-07-12 14:34:59 DEBUG:    EVENT NUM 275   current_time = 00:01:54   START_TASK            [queue size = 105]
2026-07-12 14:34:59 DEBUG: Task 27 blocked: no orders in {0: [74]} is open yet.  [released tasks = 16]
2026-07-12 14:34:59 DEBUG: Task 29 blocked: no orders in {0: [28]} is open yet.  [released tasks = 15]
2026-07-12 14:34:59 DEBUG: Task 30 blocked: no orders in {1: [40, 19]} is open yet.  [released tasks = 14]
2026-07-12 14:34:59 DEBUG: Task 32 blocked: no orders in {0: [28]} is open yet.  [released tasks = 13]
2026-07-12 14:34:59 DEBUG: Task 33 blocked: no orders in {0: [45]} is open yet.  [released tasks = 12]
2026-07-12 14:34:59 DEBUG: Task 34 blocked: no orders in {1: [95]} is open yet.  [released tasks = 11]
2026-07-12 14:34:59 DEBUG: Task 36 blocked: no orders in {1: [19]} is open yet.  [released tasks = 10]
2026-07-12 14:34:59 DEBUG: Task 37 blocked: no orders in {0: [76]} is open yet.  [released tasks = 9]
2026-07-12 14:34:59 DEBUG: Task 38 blocked: no orders in {0: [76]} is open yet.  [released tasks = 8]
2026-07-12 14:34:59 DEBUG: Task 39 blocked: no orders in {1: [40]} is open yet.  [released tasks = 7]
2026-07-12 14:34:59 DEBUG: Task 40 blocked: no orders in {1: [95]} is open yet.  [released tasks = 6]
2026-07-12 14:34:59 DEBUG: Task 41 blocked: no orders in {0: [86]} is open yet.  [released tasks = 5]
2026-07-12 14:34:59 DEBUG: Task 43 blocked: no orders in {0: [56]} is open yet.  [released tasks = 4]
2026-07-12 14:34:59 DEBUG: Task 44 blocked: no orders in {0: [45]} is open yet.  [released tasks = 3]
2026-07-12 14:34:59 DEBUG: Task 46 blocked: no orders in {1: [99]} is open yet.  [released tasks = 2]
2026-07-12 14:34:59 DEBUG: Task 49 started: robot 0 → pod 31 → workstation 2 for orders {58, 92} (arrival = 214.2 s).   [idle robots = 5/30]
2026-07-12 14:34:59 DEBUG:    EVENT NUM 276   current_time = 00:01:55   END_PICKING           [queue size = 105]
2026-07-12 14:34:59 DEBUG: Ended picking at workstation 1.    [picking_buffer len = {5: 95.92860366330873}]
2026-07-12 14:34:59 DEBUG: Task should have served orders {49}, found open orders {36, 71, 39, 49}.
2026-07-12 14:34:59 DEBUG: Task 20 completed: pod 309 returning to storage.
2026-07-12 14:34:59 DEBUG:    EVENT NUM 277   current_time = 00:01:55   CLOSE_ORDER           [queue size = 107]
2026-07-12 14:34:59 DEBUG: Order 49 closed at workstation 1: flow_time = 115.9 s.     [order_buffer = 5] [open_orders = 3/4]
2026-07-12 14:34:59 DEBUG: Next order in buffer: 11
2026-07-12 14:34:59 DEBUG:    EVENT NUM 278   current_time = 00:01:55   START_PICKING         [queue size = 107]
2026-07-12 14:34:59 DEBUG: Processing task 5 at workstation 1: picking items {8176} for orders {36}
2026-07-12 14:34:59 DEBUG:    EVENT NUM 279   current_time = 00:01:55   OPEN_ORDER            [queue size = 107]
2026-07-12 14:34:59 DEBUG: Order 11 (skus required = {6338, 2951}) opened at workstation 1.   [open_orders = 4/4]
2026-07-12 14:34:59 DEBUG:    EVENT NUM 280   current_time = 00:01:55   START_TASK            [queue size = 107]
2026-07-12 14:34:59 DEBUG: Task 27 blocked: no orders in {0: [74]} is open yet.  [released tasks = 15]
2026-07-12 14:34:59 DEBUG: Task 29 blocked: no orders in {0: [28]} is open yet.  [released tasks = 14]
2026-07-12 14:34:59 DEBUG: Task 30 blocked: no orders in {1: [40, 19]} is open yet.  [released tasks = 13]
2026-07-12 14:34:59 DEBUG: Task 32 blocked: no orders in {0: [28]} is open yet.  [released tasks = 12]
2026-07-12 14:34:59 DEBUG: Task 33 blocked: no orders in {0: [45]} is open yet.  [released tasks = 11]
2026-07-12 14:34:59 DEBUG: Task 34 blocked: no orders in {1: [95]} is open yet.  [released tasks = 10]
2026-07-12 14:34:59 DEBUG: Task 36 blocked: no orders in {1: [19]} is open yet.  [released tasks = 9]
2026-07-12 14:34:59 DEBUG: Task 37 blocked: no orders in {0: [76]} is open yet.  [released tasks = 8]
2026-07-12 14:34:59 DEBUG: Task 38 blocked: no orders in {0: [76]} is open yet.  [released tasks = 7]
2026-07-12 14:34:59 DEBUG: Task 39 blocked: no orders in {1: [40]} is open yet.  [released tasks = 6]
2026-07-12 14:34:59 DEBUG: Task 40 blocked: no orders in {1: [95]} is open yet.  [released tasks = 5]
2026-07-12 14:34:59 DEBUG: Task 41 blocked: no orders in {0: [86]} is open yet.  [released tasks = 4]
2026-07-12 14:34:59 DEBUG: Task 43 blocked: no orders in {0: [56]} is open yet.  [released tasks = 3]
2026-07-12 14:34:59 DEBUG: Task 44 blocked: no orders in {0: [45]} is open yet.  [released tasks = 2]
2026-07-12 14:34:59 DEBUG: Task 46 started: robot 20 → pod 113 → workstation 1 for orders {99} (arrival = 205.2 s).   [idle robots = 4/30]
2026-07-12 14:34:59 DEBUG:    EVENT NUM 281   current_time = 00:01:56   RELEASE_TASK          [queue size = 107]
2026-07-12 14:34:59 DEBUG: Task 50 released: pod 558 required by workstation(s) [0].  [released tasks = 16]
2026-07-12 14:34:59 DEBUG:    EVENT NUM 282   current_time = 00:01:56   START_TASK            [queue size = 107]
2026-07-12 14:34:59 DEBUG: Task 27 blocked: no orders in {0: [74]} is open yet.  [released tasks = 15]
2026-07-12 14:34:59 DEBUG: Task 29 blocked: no orders in {0: [28]} is open yet.  [released tasks = 14]
2026-07-12 14:34:59 DEBUG: Task 30 blocked: no orders in {1: [40, 19]} is open yet.  [released tasks = 13]
2026-07-12 14:34:59 DEBUG: Task 32 blocked: no orders in {0: [28]} is open yet.  [released tasks = 12]
2026-07-12 14:34:59 DEBUG: Task 33 blocked: no orders in {0: [45]} is open yet.  [released tasks = 11]
2026-07-12 14:34:59 DEBUG: Task 34 blocked: no orders in {1: [95]} is open yet.  [released tasks = 10]
2026-07-12 14:34:59 DEBUG: Task 36 blocked: no orders in {1: [19]} is open yet.  [released tasks = 9]
2026-07-12 14:34:59 DEBUG: Task 37 blocked: no orders in {0: [76]} is open yet.  [released tasks = 8]
2026-07-12 14:34:59 DEBUG: Task 38 blocked: no orders in {0: [76]} is open yet.  [released tasks = 7]
2026-07-12 14:34:59 DEBUG: Task 39 blocked: no orders in {1: [40]} is open yet.  [released tasks = 6]
2026-07-12 14:34:59 DEBUG: Task 40 blocked: no orders in {1: [95]} is open yet.  [released tasks = 5]
2026-07-12 14:34:59 DEBUG: Task 41 blocked: no orders in {0: [86]} is open yet.  [released tasks = 4]
2026-07-12 14:34:59 DEBUG: Task 43 blocked: no orders in {0: [56]} is open yet.  [released tasks = 3]
2026-07-12 14:34:59 DEBUG: Task 44 blocked: no orders in {0: [45]} is open yet.  [released tasks = 2]
2026-07-12 14:34:59 DEBUG: Task 50 blocked: no orders in {0: [59]} is open yet.  [released tasks = 1]
2026-07-12 14:34:59 DEBUG: Task 45 blocked: no orders in {0: [45]} is open yet.  [released tasks = 0]
2026-07-12 14:34:59 DEBUG:    EVENT NUM 283   current_time = 00:01:57   ARRIVAL_POD_WST       [queue size = 106]
2026-07-12 14:34:59 DEBUG: Pod 490 arrived at workstation 2 - status = IDLE
2026-07-12 14:34:59 DEBUG: Pod queued at workstation.    [picking_buffer = {10: 117.88630201210498}]
2026-07-12 14:34:59 DEBUG:    EVENT NUM 284   current_time = 00:01:57   START_PICKING         [queue size = 106]
2026-07-12 14:34:59 DEBUG: Processing task 10 at workstation 2: picking items {8686} for orders {72}
2026-07-12 14:34:59 DEBUG:    EVENT NUM 285   current_time = 00:01:58   RELEASE_TASK          [queue size = 106]
2026-07-12 14:34:59 DEBUG: Task 51 released: pod 550 required by workstation(s) [2].  [released tasks = 17]
2026-07-12 14:34:59 DEBUG:    EVENT NUM 286   current_time = 00:01:58   START_TASK            [queue size = 106]
2026-07-12 14:34:59 DEBUG: Task 27 blocked: no orders in {0: [74]} is open yet.  [released tasks = 16]
2026-07-12 14:34:59 DEBUG: Task 29 blocked: no orders in {0: [28]} is open yet.  [released tasks = 15]
2026-07-12 14:34:59 DEBUG: Task 30 blocked: no orders in {1: [40, 19]} is open yet.  [released tasks = 14]
2026-07-12 14:34:59 DEBUG: Task 32 blocked: no orders in {0: [28]} is open yet.  [released tasks = 13]
2026-07-12 14:34:59 DEBUG: Task 33 blocked: no orders in {0: [45]} is open yet.  [released tasks = 12]
2026-07-12 14:34:59 DEBUG: Task 34 blocked: no orders in {1: [95]} is open yet.  [released tasks = 11]
2026-07-12 14:34:59 DEBUG: Task 36 blocked: no orders in {1: [19]} is open yet.  [released tasks = 10]
2026-07-12 14:34:59 DEBUG: Task 37 blocked: no orders in {0: [76]} is open yet.  [released tasks = 9]
2026-07-12 14:34:59 DEBUG: Task 38 blocked: no orders in {0: [76]} is open yet.  [released tasks = 8]
2026-07-12 14:34:59 DEBUG: Task 39 blocked: no orders in {1: [40]} is open yet.  [released tasks = 7]
2026-07-12 14:34:59 DEBUG: Task 40 blocked: no orders in {1: [95]} is open yet.  [released tasks = 6]
2026-07-12 14:34:59 DEBUG: Task 41 blocked: no orders in {0: [86]} is open yet.  [released tasks = 5]
2026-07-12 14:34:59 DEBUG: Task 43 blocked: no orders in {0: [56]} is open yet.  [released tasks = 4]
2026-07-12 14:34:59 DEBUG: Task 44 blocked: no orders in {0: [45]} is open yet.  [released tasks = 3]
2026-07-12 14:34:59 DEBUG: Task 50 blocked: no orders in {0: [59]} is open yet.  [released tasks = 2]
2026-07-12 14:34:59 DEBUG: Task 51 blocked: no orders in {2: [92]} is open yet.  [released tasks = 1]
2026-07-12 14:34:59 DEBUG: Task 45 blocked: no orders in {0: [45]} is open yet.  [released tasks = 0]
2026-07-12 14:34:59 DEBUG:    EVENT NUM 287   current_time = 00:01:58   RETURN_POD            [queue size = 105]
2026-07-12 14:34:59 DEBUG: Pod 409 returned. Robot 23 idle.   [idle robots = 5/30, released tasks = 17]
2026-07-12 14:34:59 DEBUG:    EVENT NUM 288   current_time = 00:01:58   START_TASK            [queue size = 105]
2026-07-12 14:34:59 DEBUG: Task 27 blocked: no orders in {0: [74]} is open yet.  [released tasks = 16]
2026-07-12 14:34:59 DEBUG: Task 29 blocked: no orders in {0: [28]} is open yet.  [released tasks = 15]
2026-07-12 14:34:59 DEBUG: Task 30 blocked: no orders in {1: [40, 19]} is open yet.  [released tasks = 14]
2026-07-12 14:34:59 DEBUG: Task 32 blocked: no orders in {0: [28]} is open yet.  [released tasks = 13]
2026-07-12 14:34:59 DEBUG: Task 33 blocked: no orders in {0: [45]} is open yet.  [released tasks = 12]
2026-07-12 14:34:59 DEBUG: Task 34 blocked: no orders in {1: [95]} is open yet.  [released tasks = 11]
2026-07-12 14:34:59 DEBUG: Task 36 blocked: no orders in {1: [19]} is open yet.  [released tasks = 10]
2026-07-12 14:34:59 DEBUG: Task 37 blocked: no orders in {0: [76]} is open yet.  [released tasks = 9]
2026-07-12 14:34:59 DEBUG: Task 38 blocked: no orders in {0: [76]} is open yet.  [released tasks = 8]
2026-07-12 14:34:59 DEBUG: Task 39 blocked: no orders in {1: [40]} is open yet.  [released tasks = 7]
2026-07-12 14:34:59 DEBUG: Task 40 blocked: no orders in {1: [95]} is open yet.  [released tasks = 6]
2026-07-12 14:34:59 DEBUG: Task 41 blocked: no orders in {0: [86]} is open yet.  [released tasks = 5]
2026-07-12 14:34:59 DEBUG: Task 43 blocked: no orders in {0: [56]} is open yet.  [released tasks = 4]
2026-07-12 14:34:59 DEBUG: Task 44 blocked: no orders in {0: [45]} is open yet.  [released tasks = 3]
2026-07-12 14:34:59 DEBUG: Task 50 blocked: no orders in {0: [59]} is open yet.  [released tasks = 2]
2026-07-12 14:34:59 DEBUG: Task 51 blocked: no orders in {2: [92]} is open yet.  [released tasks = 1]
2026-07-12 14:34:59 DEBUG: Task 45 blocked: no orders in {0: [45]} is open yet.  [released tasks = 0]
2026-07-12 14:34:59 DEBUG:    EVENT NUM 289   current_time = 00:01:59   ARRIVAL_POD_WST       [queue size = 104]
2026-07-12 14:34:59 DEBUG: Pod 202 arrived at workstation 0 - status = IDLE
2026-07-12 14:34:59 DEBUG: Pod queued at workstation.    [picking_buffer = {26: 87.18104071919413, 12: 119.64518055066458}]
2026-07-12 14:34:59 DEBUG:    EVENT NUM 290   current_time = 00:01:59   START_PICKING         [queue size = 104]
2026-07-12 14:34:59 DEBUG: Processing task 12 at workstation 0: picking items {4643} for orders {85}
2026-07-12 14:34:59 DEBUG:    EVENT NUM 291   current_time = 00:02:00   ARRIVAL_ORDER         [queue size = 104]
2026-07-12 14:34:59 DEBUG: Order 111 arrived: items_required = [6150, 4998].     [orders_in_system = 101]
2026-07-12 14:34:59 DEBUG:    EVENT NUM 292   current_time = 00:02:01   RELEASE_TASK          [queue size = 104]
2026-07-12 14:34:59 DEBUG: Task 52 released: pod 527 required by workstation(s) [3].  [released tasks = 18]
2026-07-12 14:34:59 DEBUG:    EVENT NUM 293   current_time = 00:02:01   START_TASK            [queue size = 104]
2026-07-12 14:34:59 DEBUG: Task 27 blocked: no orders in {0: [74]} is open yet.  [released tasks = 17]
2026-07-12 14:34:59 DEBUG: Task 29 blocked: no orders in {0: [28]} is open yet.  [released tasks = 16]
2026-07-12 14:34:59 DEBUG: Task 30 blocked: no orders in {1: [40, 19]} is open yet.  [released tasks = 15]
2026-07-12 14:34:59 DEBUG: Task 32 blocked: no orders in {0: [28]} is open yet.  [released tasks = 14]
2026-07-12 14:34:59 DEBUG: Task 33 blocked: no orders in {0: [45]} is open yet.  [released tasks = 13]
2026-07-12 14:34:59 DEBUG: Task 34 blocked: no orders in {1: [95]} is open yet.  [released tasks = 12]
2026-07-12 14:34:59 DEBUG: Task 36 blocked: no orders in {1: [19]} is open yet.  [released tasks = 11]
2026-07-12 14:34:59 DEBUG: Task 37 blocked: no orders in {0: [76]} is open yet.  [released tasks = 10]
2026-07-12 14:34:59 DEBUG: Task 38 blocked: no orders in {0: [76]} is open yet.  [released tasks = 9]
2026-07-12 14:34:59 DEBUG: Task 39 blocked: no orders in {1: [40]} is open yet.  [released tasks = 8]
2026-07-12 14:34:59 DEBUG: Task 40 blocked: no orders in {1: [95]} is open yet.  [released tasks = 7]
2026-07-12 14:34:59 DEBUG: Task 41 blocked: no orders in {0: [86]} is open yet.  [released tasks = 6]
2026-07-12 14:34:59 DEBUG: Task 43 blocked: no orders in {0: [56]} is open yet.  [released tasks = 5]
2026-07-12 14:34:59 DEBUG: Task 44 blocked: no orders in {0: [45]} is open yet.  [released tasks = 4]
2026-07-12 14:34:59 DEBUG: Task 50 blocked: no orders in {0: [59]} is open yet.  [released tasks = 3]
2026-07-12 14:34:59 DEBUG: Task 51 blocked: no orders in {2: [92]} is open yet.  [released tasks = 2]
2026-07-12 14:34:59 DEBUG: Task 52 started: robot 23 → pod 527 → workstation 3 for orders {0} (arrival = 189.6 s).   [idle robots = 4/30]
2026-07-12 14:34:59 DEBUG:    EVENT NUM 294   current_time = 00:02:03   RELEASE_TASK          [queue size = 104]
2026-07-12 14:34:59 DEBUG: Task 53 released: pod 506 required by workstation(s) [0].  [released tasks = 18]
2026-07-12 14:34:59 DEBUG:    EVENT NUM 295   current_time = 00:02:03   START_TASK            [queue size = 104]
2026-07-12 14:34:59 DEBUG: Task 27 blocked: no orders in {0: [74]} is open yet.  [released tasks = 17]
2026-07-12 14:34:59 DEBUG: Task 29 blocked: no orders in {0: [28]} is open yet.  [released tasks = 16]
2026-07-12 14:34:59 DEBUG: Task 30 blocked: no orders in {1: [40, 19]} is open yet.  [released tasks = 15]
2026-07-12 14:34:59 DEBUG: Task 32 blocked: no orders in {0: [28]} is open yet.  [released tasks = 14]
2026-07-12 14:34:59 DEBUG: Task 33 blocked: no orders in {0: [45]} is open yet.  [released tasks = 13]
2026-07-12 14:34:59 DEBUG: Task 34 blocked: no orders in {1: [95]} is open yet.  [released tasks = 12]
2026-07-12 14:34:59 DEBUG: Task 36 blocked: no orders in {1: [19]} is open yet.  [released tasks = 11]
2026-07-12 14:34:59 DEBUG: Task 37 blocked: no orders in {0: [76]} is open yet.  [released tasks = 10]
2026-07-12 14:34:59 DEBUG: Task 38 blocked: no orders in {0: [76]} is open yet.  [released tasks = 9]
2026-07-12 14:34:59 DEBUG: Task 39 blocked: no orders in {1: [40]} is open yet.  [released tasks = 8]
2026-07-12 14:34:59 DEBUG: Task 40 blocked: no orders in {1: [95]} is open yet.  [released tasks = 7]
2026-07-12 14:34:59 DEBUG: Task 41 blocked: no orders in {0: [86]} is open yet.  [released tasks = 6]
2026-07-12 14:34:59 DEBUG: Task 43 blocked: no orders in {0: [56]} is open yet.  [released tasks = 5]
2026-07-12 14:34:59 DEBUG: Task 44 blocked: no orders in {0: [45]} is open yet.  [released tasks = 4]
2026-07-12 14:34:59 DEBUG: Task 50 blocked: no orders in {0: [59]} is open yet.  [released tasks = 3]
2026-07-12 14:34:59 DEBUG: Task 51 blocked: no orders in {2: [92]} is open yet.  [released tasks = 2]
2026-07-12 14:34:59 DEBUG: Task 53 blocked: no orders in {0: [83]} is open yet.  [released tasks = 1]
2026-07-12 14:34:59 DEBUG: Task 45 blocked: no orders in {0: [45]} is open yet.  [released tasks = 0]
2026-07-12 14:34:59 DEBUG:    EVENT NUM 296   current_time = 00:02:05   RELEASE_TASK          [queue size = 103]
2026-07-12 14:34:59 DEBUG: Task 54 released: pod 448 required by workstation(s) [3].  [released tasks = 19]
2026-07-12 14:34:59 DEBUG:    EVENT NUM 297   current_time = 00:02:05   START_TASK            [queue size = 103]
2026-07-12 14:34:59 DEBUG: Task 27 blocked: no orders in {0: [74]} is open yet.  [released tasks = 18]
2026-07-12 14:34:59 DEBUG: Task 29 blocked: no orders in {0: [28]} is open yet.  [released tasks = 17]
2026-07-12 14:34:59 DEBUG: Task 30 blocked: no orders in {1: [40, 19]} is open yet.  [released tasks = 16]
2026-07-12 14:34:59 DEBUG: Task 32 blocked: no orders in {0: [28]} is open yet.  [released tasks = 15]
2026-07-12 14:34:59 DEBUG: Task 33 blocked: no orders in {0: [45]} is open yet.  [released tasks = 14]
2026-07-12 14:34:59 DEBUG: Task 34 blocked: no orders in {1: [95]} is open yet.  [released tasks = 13]
2026-07-12 14:34:59 DEBUG: Task 36 blocked: no orders in {1: [19]} is open yet.  [released tasks = 12]
2026-07-12 14:34:59 DEBUG: Task 37 blocked: no orders in {0: [76]} is open yet.  [released tasks = 11]
2026-07-12 14:34:59 DEBUG: Task 38 blocked: no orders in {0: [76]} is open yet.  [released tasks = 10]
2026-07-12 14:34:59 DEBUG: Task 39 blocked: no orders in {1: [40]} is open yet.  [released tasks = 9]
2026-07-12 14:34:59 DEBUG: Task 40 blocked: no orders in {1: [95]} is open yet.  [released tasks = 8]
2026-07-12 14:34:59 DEBUG: Task 41 blocked: no orders in {0: [86]} is open yet.  [released tasks = 7]
2026-07-12 14:34:59 DEBUG: Task 43 blocked: no orders in {0: [56]} is open yet.  [released tasks = 6]
2026-07-12 14:34:59 DEBUG: Task 44 blocked: no orders in {0: [45]} is open yet.  [released tasks = 5]
2026-07-12 14:34:59 DEBUG: Task 50 blocked: no orders in {0: [59]} is open yet.  [released tasks = 4]
2026-07-12 14:34:59 DEBUG: Task 51 blocked: no orders in {2: [92]} is open yet.  [released tasks = 3]
2026-07-12 14:34:59 DEBUG: Task 53 blocked: no orders in {0: [83]} is open yet.  [released tasks = 2]
2026-07-12 14:34:59 DEBUG: Task 54 started: robot 18 → pod 448 → workstation 3 for orders {0} (arrival = 230.0 s).   [idle robots = 3/30]
2026-07-12 14:34:59 DEBUG:    EVENT NUM 298   current_time = 00:02:05   END_PICKING           [queue size = 103]
2026-07-12 14:34:59 DEBUG: Ended picking at workstation 1.    [picking_buffer len = {}]
2026-07-12 14:34:59 DEBUG: Task should have served orders {36}, found open orders {36, 71, 39, 11}.
2026-07-12 14:34:59 DEBUG: Task 5 completed: pod 543 returning to storage.
2026-07-12 14:34:59 DEBUG:    EVENT NUM 299   current_time = 00:02:07   END_PICKING           [queue size = 103]
2026-07-12 14:34:59 DEBUG: Ended picking at workstation 2.    [picking_buffer len = {}]
2026-07-12 14:34:59 DEBUG: Task should have served orders {72}, found open orders {72, 21, 62, 31}.
2026-07-12 14:34:59 DEBUG: Task 10 completed: pod 490 returning to storage.
2026-07-12 14:34:59 DEBUG:    EVENT NUM 300   current_time = 00:02:07   RELEASE_TASK          [queue size = 103]
2026-07-12 14:34:59 DEBUG: Task 55 released: pod 111 required by workstation(s) [2].  [released tasks = 19]
2026-07-12 14:34:59 DEBUG:    EVENT NUM 301   current_time = 00:02:07   START_TASK            [queue size = 103]
2026-07-12 14:34:59 DEBUG: Task 27 blocked: no orders in {0: [74]} is open yet.  [released tasks = 18]
2026-07-12 14:34:59 DEBUG: Task 29 blocked: no orders in {0: [28]} is open yet.  [released tasks = 17]
2026-07-12 14:34:59 DEBUG: Task 30 blocked: no orders in {1: [40, 19]} is open yet.  [released tasks = 16]
2026-07-12 14:34:59 DEBUG: Task 32 blocked: no orders in {0: [28]} is open yet.  [released tasks = 15]
2026-07-12 14:34:59 DEBUG: Task 33 blocked: no orders in {0: [45]} is open yet.  [released tasks = 14]
2026-07-12 14:34:59 DEBUG: Task 34 blocked: no orders in {1: [95]} is open yet.  [released tasks = 13]
2026-07-12 14:34:59 DEBUG: Task 36 blocked: no orders in {1: [19]} is open yet.  [released tasks = 12]
2026-07-12 14:34:59 DEBUG: Task 37 blocked: no orders in {0: [76]} is open yet.  [released tasks = 11]
2026-07-12 14:34:59 DEBUG: Task 38 blocked: no orders in {0: [76]} is open yet.  [released tasks = 10]
2026-07-12 14:34:59 DEBUG: Task 39 blocked: no orders in {1: [40]} is open yet.  [released tasks = 9]
2026-07-12 14:34:59 DEBUG: Task 40 blocked: no orders in {1: [95]} is open yet.  [released tasks = 8]
2026-07-12 14:34:59 DEBUG: Task 41 blocked: no orders in {0: [86]} is open yet.  [released tasks = 7]
2026-07-12 14:34:59 DEBUG: Task 43 blocked: no orders in {0: [56]} is open yet.  [released tasks = 6]
2026-07-12 14:34:59 DEBUG: Task 44 blocked: no orders in {0: [45]} is open yet.  [released tasks = 5]
2026-07-12 14:34:59 DEBUG: Task 50 blocked: no orders in {0: [59]} is open yet.  [released tasks = 4]
2026-07-12 14:34:59 DEBUG: Task 51 blocked: no orders in {2: [92]} is open yet.  [released tasks = 3]
2026-07-12 14:34:59 DEBUG: Task 53 blocked: no orders in {0: [83]} is open yet.  [released tasks = 2]
2026-07-12 14:34:59 DEBUG: Task 55 blocked: no orders in {2: [44]} is open yet.  [released tasks = 1]
2026-07-12 14:34:59 DEBUG: Task 45 blocked: no orders in {0: [45]} is open yet.  [released tasks = 0]
2026-07-12 14:34:59 DEBUG:    EVENT NUM 302   current_time = 00:02:09   END_PICKING           [queue size = 102]
2026-07-12 14:34:59 DEBUG: Ended picking at workstation 0.    [picking_buffer len = {26: 87.18104071919413}]
2026-07-12 14:34:59 DEBUG: Task should have served orders {85}, found open orders {4, 85, 22, 6}.
2026-07-12 14:34:59 DEBUG: Task 12 completed: pod 202 returning to storage.
2026-07-12 14:34:59 DEBUG:    EVENT NUM 303   current_time = 00:02:09   CLOSE_ORDER           [queue size = 104]
2026-07-12 14:34:59 DEBUG: Order 85 closed at workstation 0: flow_time = 129.6 s.     [order_buffer = 15] [open_orders = 3/4]
2026-07-12 14:34:59 DEBUG: Next order in buffer: 88
2026-07-12 14:34:59 DEBUG:    EVENT NUM 304   current_time = 00:02:09   START_PICKING         [queue size = 104]
2026-07-12 14:34:59 DEBUG: start_picking: WS 0 has no actionable task in buffer.
2026-07-12 14:34:59 DEBUG:    EVENT NUM 305   current_time = 00:02:09   OPEN_ORDER            [queue size = 103]
2026-07-12 14:34:59 DEBUG: Order 88 (skus required = {7765}) opened at workstation 0.   [open_orders = 4/4]
2026-07-12 14:34:59 DEBUG:    EVENT NUM 306   current_time = 00:02:09   START_TASK            [queue size = 104]
2026-07-12 14:34:59 DEBUG: Task 27 started: robot 16 → pod 177 → workstation 0 for orders {74} (arrival = 233.9 s).   [idle robots = 2/30]
2026-07-12 14:34:59 DEBUG:    EVENT NUM 307   current_time = 00:02:09   START_PICKING         [queue size = 104]
2026-07-12 14:34:59 DEBUG: Processing task 26 at workstation 0: picking items {7765} for orders {88}
2026-07-12 14:34:59 DEBUG:    EVENT NUM 308   current_time = 00:02:10   ARRIVAL_ORDER         [queue size = 104]
2026-07-12 14:34:59 DEBUG: Order 112 arrived: items_required = [6094, 6631].     [orders_in_system = 101]
2026-07-12 14:34:59 DEBUG:    EVENT NUM 309   current_time = 00:02:10   RELEASE_TASK          [queue size = 104]
2026-07-12 14:34:59 DEBUG: Task 56 released: pod 279 required by workstation(s) [0].  [released tasks = 19]
2026-07-12 14:34:59 DEBUG:    EVENT NUM 310   current_time = 00:02:10   START_TASK            [queue size = 104]
2026-07-12 14:34:59 DEBUG: Task 29 blocked: no orders in {0: [28]} is open yet.  [released tasks = 18]
2026-07-12 14:34:59 DEBUG: Task 30 blocked: no orders in {1: [40, 19]} is open yet.  [released tasks = 17]
2026-07-12 14:34:59 DEBUG: Task 32 blocked: no orders in {0: [28]} is open yet.  [released tasks = 16]
2026-07-12 14:34:59 DEBUG: Task 33 blocked: no orders in {0: [45]} is open yet.  [released tasks = 15]
2026-07-12 14:34:59 DEBUG: Task 34 blocked: no orders in {1: [95]} is open yet.  [released tasks = 14]
2026-07-12 14:34:59 DEBUG: Task 36 blocked: no orders in {1: [19]} is open yet.  [released tasks = 13]
2026-07-12 14:34:59 DEBUG: Task 37 blocked: no orders in {0: [76]} is open yet.  [released tasks = 12]
2026-07-12 14:34:59 DEBUG: Task 38 blocked: no orders in {0: [76]} is open yet.  [released tasks = 11]
2026-07-12 14:34:59 DEBUG: Task 39 blocked: no orders in {1: [40]} is open yet.  [released tasks = 10]
2026-07-12 14:34:59 DEBUG: Task 40 blocked: no orders in {1: [95]} is open yet.  [released tasks = 9]
2026-07-12 14:34:59 DEBUG: Task 41 blocked: no orders in {0: [86]} is open yet.  [released tasks = 8]
2026-07-12 14:34:59 DEBUG: Task 43 blocked: no orders in {0: [56]} is open yet.  [released tasks = 7]
2026-07-12 14:34:59 DEBUG: Task 44 blocked: no orders in {0: [45]} is open yet.  [released tasks = 6]
2026-07-12 14:34:59 DEBUG: Task 50 blocked: no orders in {0: [59]} is open yet.  [released tasks = 5]
2026-07-12 14:34:59 DEBUG: Task 51 blocked: no orders in {2: [92]} is open yet.  [released tasks = 4]
2026-07-12 14:34:59 DEBUG: Task 53 blocked: no orders in {0: [83]} is open yet.  [released tasks = 3]
2026-07-12 14:34:59 DEBUG: Task 55 blocked: no orders in {2: [44]} is open yet.  [released tasks = 2]
2026-07-12 14:34:59 DEBUG: Task 56 blocked: no orders in {0: [1]} is open yet.  [released tasks = 1]
2026-07-12 14:34:59 DEBUG: Task 45 blocked: no orders in {0: [45]} is open yet.  [released tasks = 0]
2026-07-12 14:34:59 DEBUG:    EVENT NUM 311   current_time = 00:02:10   ARRIVAL_POD_WST       [queue size = 103]
2026-07-12 14:34:59 DEBUG: Pod 184 arrived at workstation 2 - status = IDLE
2026-07-12 14:34:59 DEBUG: Pod queued at workstation.    [picking_buffer = {28: 130.97536107545594}]
2026-07-12 14:34:59 DEBUG:    EVENT NUM 312   current_time = 00:02:10   START_PICKING         [queue size = 103]
2026-07-12 14:34:59 DEBUG: Processing task 28 at workstation 2: picking items {4593} for orders {62}
2026-07-12 14:34:59 DEBUG:    EVENT NUM 313   current_time = 00:02:12   RELEASE_TASK          [queue size = 103]
2026-07-12 14:34:59 DEBUG: Task 57 released: pod 25 required by workstation(s) [0].  [released tasks = 20]
2026-07-12 14:34:59 DEBUG:    EVENT NUM 314   current_time = 00:02:12   START_TASK            [queue size = 103]
2026-07-12 14:34:59 DEBUG: Task 29 blocked: no orders in {0: [28]} is open yet.  [released tasks = 19]
2026-07-12 14:34:59 DEBUG: Task 30 blocked: no orders in {1: [40, 19]} is open yet.  [released tasks = 18]
2026-07-12 14:34:59 DEBUG: Task 32 blocked: no orders in {0: [28]} is open yet.  [released tasks = 17]
2026-07-12 14:34:59 DEBUG: Task 33 blocked: no orders in {0: [45]} is open yet.  [released tasks = 16]
2026-07-12 14:34:59 DEBUG: Task 34 blocked: no orders in {1: [95]} is open yet.  [released tasks = 15]
2026-07-12 14:34:59 DEBUG: Task 36 blocked: no orders in {1: [19]} is open yet.  [released tasks = 14]
2026-07-12 14:34:59 DEBUG: Task 37 blocked: no orders in {0: [76]} is open yet.  [released tasks = 13]
2026-07-12 14:34:59 DEBUG: Task 38 blocked: no orders in {0: [76]} is open yet.  [released tasks = 12]
2026-07-12 14:34:59 DEBUG: Task 39 blocked: no orders in {1: [40]} is open yet.  [released tasks = 11]
2026-07-12 14:34:59 DEBUG: Task 40 blocked: no orders in {1: [95]} is open yet.  [released tasks = 10]
2026-07-12 14:34:59 DEBUG: Task 41 blocked: no orders in {0: [86]} is open yet.  [released tasks = 9]
2026-07-12 14:34:59 DEBUG: Task 43 blocked: no orders in {0: [56]} is open yet.  [released tasks = 8]
2026-07-12 14:34:59 DEBUG: Task 44 blocked: no orders in {0: [45]} is open yet.  [released tasks = 7]
2026-07-12 14:34:59 DEBUG: Task 50 blocked: no orders in {0: [59]} is open yet.  [released tasks = 6]
2026-07-12 14:34:59 DEBUG: Task 51 blocked: no orders in {2: [92]} is open yet.  [released tasks = 5]
2026-07-12 14:34:59 DEBUG: Task 53 blocked: no orders in {0: [83]} is open yet.  [released tasks = 4]
2026-07-12 14:34:59 DEBUG: Task 55 blocked: no orders in {2: [44]} is open yet.  [released tasks = 3]
2026-07-12 14:34:59 DEBUG: Task 56 blocked: no orders in {0: [1]} is open yet.  [released tasks = 2]
2026-07-12 14:34:59 DEBUG: Task 57 blocked: no orders in {0: [38]} is open yet.  [released tasks = 1]
2026-07-12 14:34:59 DEBUG: Task 45 blocked: no orders in {0: [45]} is open yet.  [released tasks = 0]
2026-07-12 14:34:59 DEBUG:    EVENT NUM 315   current_time = 00:02:14   RELEASE_TASK          [queue size = 102]
2026-07-12 14:34:59 DEBUG: Task 58 released: pod 86 required by workstation(s) [3].  [released tasks = 21]
2026-07-12 14:34:59 DEBUG:    EVENT NUM 316   current_time = 00:02:14   START_TASK            [queue size = 102]
2026-07-12 14:34:59 DEBUG: Task 29 blocked: no orders in {0: [28]} is open yet.  [released tasks = 20]
2026-07-12 14:34:59 DEBUG: Task 30 blocked: no orders in {1: [40, 19]} is open yet.  [released tasks = 19]
2026-07-12 14:34:59 DEBUG: Task 32 blocked: no orders in {0: [28]} is open yet.  [released tasks = 18]
2026-07-12 14:34:59 DEBUG: Task 33 blocked: no orders in {0: [45]} is open yet.  [released tasks = 17]
2026-07-12 14:34:59 DEBUG: Task 34 blocked: no orders in {1: [95]} is open yet.  [released tasks = 16]
2026-07-12 14:34:59 DEBUG: Task 36 blocked: no orders in {1: [19]} is open yet.  [released tasks = 15]
2026-07-12 14:34:59 DEBUG: Task 37 blocked: no orders in {0: [76]} is open yet.  [released tasks = 14]
2026-07-12 14:34:59 DEBUG: Task 38 blocked: no orders in {0: [76]} is open yet.  [released tasks = 13]
2026-07-12 14:34:59 DEBUG: Task 39 blocked: no orders in {1: [40]} is open yet.  [released tasks = 12]
2026-07-12 14:34:59 DEBUG: Task 40 blocked: no orders in {1: [95]} is open yet.  [released tasks = 11]
2026-07-12 14:34:59 DEBUG: Task 41 blocked: no orders in {0: [86]} is open yet.  [released tasks = 10]
2026-07-12 14:34:59 DEBUG: Task 43 blocked: no orders in {0: [56]} is open yet.  [released tasks = 9]
2026-07-12 14:34:59 DEBUG: Task 44 blocked: no orders in {0: [45]} is open yet.  [released tasks = 8]
2026-07-12 14:34:59 DEBUG: Task 50 blocked: no orders in {0: [59]} is open yet.  [released tasks = 7]
2026-07-12 14:34:59 DEBUG: Task 51 blocked: no orders in {2: [92]} is open yet.  [released tasks = 6]
2026-07-12 14:34:59 DEBUG: Task 53 blocked: no orders in {0: [83]} is open yet.  [released tasks = 5]
2026-07-12 14:34:59 DEBUG: Task 55 blocked: no orders in {2: [44]} is open yet.  [released tasks = 4]
2026-07-12 14:34:59 DEBUG: Task 56 blocked: no orders in {0: [1]} is open yet.  [released tasks = 3]
2026-07-12 14:34:59 DEBUG: Task 57 blocked: no orders in {0: [38]} is open yet.  [released tasks = 2]
2026-07-12 14:34:59 DEBUG: Task 58 started: robot 15 → pod 86 → workstation 3 for orders {98} (arrival = 210.7 s).   [idle robots = 1/30]
2026-07-12 14:34:59 DEBUG:    EVENT NUM 317   current_time = 00:02:17   RELEASE_TASK          [queue size = 102]
2026-07-12 14:34:59 DEBUG: Task 59 released: pod 525 required by workstation(s) [0].  [released tasks = 21]
2026-07-12 14:34:59 DEBUG:    EVENT NUM 318   current_time = 00:02:17   START_TASK            [queue size = 102]
2026-07-12 14:34:59 DEBUG: Task 29 blocked: no orders in {0: [28]} is open yet.  [released tasks = 20]
2026-07-12 14:34:59 DEBUG: Task 30 blocked: no orders in {1: [40, 19]} is open yet.  [released tasks = 19]
2026-07-12 14:34:59 DEBUG: Task 32 blocked: no orders in {0: [28]} is open yet.  [released tasks = 18]
2026-07-12 14:34:59 DEBUG: Task 33 blocked: no orders in {0: [45]} is open yet.  [released tasks = 17]
2026-07-12 14:34:59 DEBUG: Task 34 blocked: no orders in {1: [95]} is open yet.  [released tasks = 16]
2026-07-12 14:34:59 DEBUG: Task 36 blocked: no orders in {1: [19]} is open yet.  [released tasks = 15]
2026-07-12 14:34:59 DEBUG: Task 37 blocked: no orders in {0: [76]} is open yet.  [released tasks = 14]
2026-07-12 14:34:59 DEBUG: Task 38 blocked: no orders in {0: [76]} is open yet.  [released tasks = 13]
2026-07-12 14:34:59 DEBUG: Task 39 blocked: no orders in {1: [40]} is open yet.  [released tasks = 12]
2026-07-12 14:34:59 DEBUG: Task 40 blocked: no orders in {1: [95]} is open yet.  [released tasks = 11]
2026-07-12 14:34:59 DEBUG: Task 41 blocked: no orders in {0: [86]} is open yet.  [released tasks = 10]
2026-07-12 14:34:59 DEBUG: Task 43 blocked: no orders in {0: [56]} is open yet.  [released tasks = 9]
2026-07-12 14:34:59 DEBUG: Task 44 blocked: no orders in {0: [45]} is open yet.  [released tasks = 8]
2026-07-12 14:34:59 DEBUG: Task 50 blocked: no orders in {0: [59]} is open yet.  [released tasks = 7]
2026-07-12 14:34:59 DEBUG: Task 51 blocked: no orders in {2: [92]} is open yet.  [released tasks = 6]
2026-07-12 14:34:59 DEBUG: Task 53 blocked: no orders in {0: [83]} is open yet.  [released tasks = 5]
2026-07-12 14:34:59 DEBUG: Task 55 blocked: no orders in {2: [44]} is open yet.  [released tasks = 4]
2026-07-12 14:34:59 DEBUG: Task 56 blocked: no orders in {0: [1]} is open yet.  [released tasks = 3]
2026-07-12 14:34:59 DEBUG: Task 57 blocked: no orders in {0: [38]} is open yet.  [released tasks = 2]
2026-07-12 14:34:59 DEBUG: Task 59 blocked: no orders in {0: [7]} is open yet.  [released tasks = 1]
2026-07-12 14:34:59 DEBUG: Task 45 blocked: no orders in {0: [45]} is open yet.  [released tasks = 0]
2026-07-12 14:34:59 DEBUG:    EVENT NUM 319   current_time = 00:02:19   RELEASE_TASK          [queue size = 101]
2026-07-12 14:34:59 DEBUG: Task 60 released: pod 385 required by workstation(s) [2].  [released tasks = 22]
2026-07-12 14:34:59 DEBUG:    EVENT NUM 320   current_time = 00:02:19   START_TASK            [queue size = 101]
2026-07-12 14:34:59 DEBUG: Task 29 blocked: no orders in {0: [28]} is open yet.  [released tasks = 21]
2026-07-12 14:34:59 DEBUG: Task 30 blocked: no orders in {1: [40, 19]} is open yet.  [released tasks = 20]
2026-07-12 14:34:59 DEBUG: Task 32 blocked: no orders in {0: [28]} is open yet.  [released tasks = 19]
2026-07-12 14:34:59 DEBUG: Task 33 blocked: no orders in {0: [45]} is open yet.  [released tasks = 18]
2026-07-12 14:34:59 DEBUG: Task 34 blocked: no orders in {1: [95]} is open yet.  [released tasks = 17]
2026-07-12 14:34:59 DEBUG: Task 36 blocked: no orders in {1: [19]} is open yet.  [released tasks = 16]
2026-07-12 14:34:59 DEBUG: Task 37 blocked: no orders in {0: [76]} is open yet.  [released tasks = 15]
2026-07-12 14:34:59 DEBUG: Task 38 blocked: no orders in {0: [76]} is open yet.  [released tasks = 14]
2026-07-12 14:34:59 DEBUG: Task 39 blocked: no orders in {1: [40]} is open yet.  [released tasks = 13]
2026-07-12 14:34:59 DEBUG: Task 40 blocked: no orders in {1: [95]} is open yet.  [released tasks = 12]
2026-07-12 14:34:59 DEBUG: Task 41 blocked: no orders in {0: [86]} is open yet.  [released tasks = 11]
2026-07-12 14:34:59 DEBUG: Task 43 blocked: no orders in {0: [56]} is open yet.  [released tasks = 10]
2026-07-12 14:34:59 DEBUG: Task 44 blocked: no orders in {0: [45]} is open yet.  [released tasks = 9]
2026-07-12 14:34:59 DEBUG: Task 50 blocked: no orders in {0: [59]} is open yet.  [released tasks = 8]
2026-07-12 14:34:59 DEBUG: Task 51 blocked: no orders in {2: [92]} is open yet.  [released tasks = 7]
2026-07-12 14:34:59 DEBUG: Task 53 blocked: no orders in {0: [83]} is open yet.  [released tasks = 6]
2026-07-12 14:34:59 DEBUG: Task 55 blocked: no orders in {2: [44]} is open yet.  [released tasks = 5]
2026-07-12 14:34:59 DEBUG: Task 56 blocked: no orders in {0: [1]} is open yet.  [released tasks = 4]
2026-07-12 14:34:59 DEBUG: Task 57 blocked: no orders in {0: [38]} is open yet.  [released tasks = 3]
2026-07-12 14:34:59 DEBUG: Task 59 blocked: no orders in {0: [7]} is open yet.  [released tasks = 2]
2026-07-12 14:34:59 DEBUG: Task 60 blocked: no orders in {2: [25]} is open yet.  [released tasks = 1]
2026-07-12 14:34:59 DEBUG: Task 45 blocked: no orders in {0: [45]} is open yet.  [released tasks = 0]
2026-07-12 14:34:59 DEBUG:    EVENT NUM 321   current_time = 00:02:19   END_PICKING           [queue size = 100]
2026-07-12 14:34:59 DEBUG: Ended picking at workstation 0.    [picking_buffer len = {}]
2026-07-12 14:34:59 DEBUG: Task should have served orders {88}, found open orders {4, 6, 22, 88}.
2026-07-12 14:34:59 DEBUG: Task 26 completed: pod 532 returning to storage.
2026-07-12 14:34:59 DEBUG:    EVENT NUM 322   current_time = 00:02:19   CLOSE_ORDER           [queue size = 101]
2026-07-12 14:34:59 DEBUG: Order 88 closed at workstation 0: flow_time = 139.6 s.     [order_buffer = 14] [open_orders = 3/4]
2026-07-12 14:34:59 DEBUG: Next order in buffer: 74
2026-07-12 14:34:59 DEBUG:    EVENT NUM 323   current_time = 00:02:19   OPEN_ORDER            [queue size = 101]
2026-07-12 14:34:59 DEBUG: Order 74 (skus required = {8650}) opened at workstation 0.   [open_orders = 4/4]
2026-07-12 14:34:59 DEBUG:    EVENT NUM 324   current_time = 00:02:19   START_TASK            [queue size = 101]
2026-07-12 14:34:59 DEBUG: Task 29 started: robot 24 → pod 3 → workstation 0 for orders {28} (arrival = 252.2 s).   [idle robots = 0/30]
2026-07-12 14:34:59 DEBUG:    EVENT NUM 325   current_time = 00:02:19   ARRIVAL_POD_WST       [queue size = 101]
2026-07-12 14:34:59 DEBUG: Pod 190 arrived at workstation 0 - status = IDLE
2026-07-12 14:34:59 DEBUG: Pod queued at workstation.    [picking_buffer = {14: 139.97487634856174}]
2026-07-12 14:34:59 DEBUG:    EVENT NUM 326   current_time = 00:02:19   START_PICKING         [queue size = 101]
2026-07-12 14:34:59 DEBUG: Processing task 14 at workstation 0: picking items {2890} for orders {22}
2026-07-12 14:34:59 DEBUG:    EVENT NUM 327   current_time = 00:02:20   ARRIVAL_ORDER         [queue size = 101]
2026-07-12 14:34:59 DEBUG: Order 113 arrived: items_required = [3050, 6185, 5621].     [orders_in_system = 101]
2026-07-12 14:34:59 DEBUG:    EVENT NUM 328   current_time = 00:02:20   END_PICKING           [queue size = 101]
2026-07-12 14:34:59 DEBUG: Ended picking at workstation 2.    [picking_buffer len = {}]
2026-07-12 14:34:59 DEBUG: Task should have served orders {62}, found open orders {72, 21, 62, 31}.
2026-07-12 14:34:59 DEBUG: Task 28 completed: pod 184 returning to storage.
2026-07-12 14:34:59 DEBUG:    EVENT NUM 329   current_time = 00:02:21   RELEASE_TASK          [queue size = 101]
2026-07-12 14:34:59 DEBUG: Task 61 released: pod 407 required by workstation(s) [0].  [released tasks = 22]
2026-07-12 14:34:59 DEBUG:    EVENT NUM 330   current_time = 00:02:22   RETURN_POD            [queue size = 100]
2026-07-12 14:34:59 DEBUG: Pod 384 returned. Robot 19 idle.   [idle robots = 1/30, released tasks = 22]
2026-07-12 14:34:59 DEBUG:    EVENT NUM 331   current_time = 00:02:22   START_TASK            [queue size = 100]
2026-07-12 14:34:59 DEBUG: Task 30 blocked: no orders in {1: [40, 19]} is open yet.  [released tasks = 21]
2026-07-12 14:34:59 DEBUG: Task 32 started: robot 19 → pod 76 → workstation 0 for orders {28} (arrival = 261.3 s).   [idle robots = 0/30]
2026-07-12 14:34:59 DEBUG:    EVENT NUM 332   current_time = 00:02:24   RELEASE_TASK          [queue size = 100]
2026-07-12 14:34:59 DEBUG: Task 62 released: pod 538 required by workstation(s) [2].  [released tasks = 22]
2026-07-12 14:34:59 DEBUG:    EVENT NUM 333   current_time = 00:02:26   RELEASE_TASK          [queue size = 99]
2026-07-12 14:34:59 DEBUG: Task 63 released: pod 233 required by workstation(s) [3].  [released tasks = 23]
2026-07-12 14:34:59 DEBUG:    EVENT NUM 334   current_time = 00:02:28   RETURN_POD            [queue size = 98]
2026-07-12 14:34:59 DEBUG: Pod 453 returned. Robot 6 idle.   [idle robots = 1/30, released tasks = 23]
2026-07-12 14:34:59 DEBUG:    EVENT NUM 335   current_time = 00:02:28   START_TASK            [queue size = 98]
2026-07-12 14:34:59 DEBUG: Task 30 blocked: no orders in {1: [40, 19]} is open yet.  [released tasks = 22]
2026-07-12 14:34:59 DEBUG: Task 33 blocked: no orders in {0: [45]} is open yet.  [released tasks = 21]
2026-07-12 14:34:59 DEBUG: Task 34 blocked: no orders in {1: [95]} is open yet.  [released tasks = 20]
2026-07-12 14:34:59 DEBUG: Task 36 blocked: no orders in {1: [19]} is open yet.  [released tasks = 19]
2026-07-12 14:34:59 DEBUG: Task 37 blocked: no orders in {0: [76]} is open yet.  [released tasks = 18]
2026-07-12 14:34:59 DEBUG: Task 38 blocked: no orders in {0: [76]} is open yet.  [released tasks = 17]
2026-07-12 14:34:59 DEBUG: Task 39 blocked: no orders in {1: [40]} is open yet.  [released tasks = 16]
2026-07-12 14:34:59 DEBUG: Task 40 blocked: no orders in {1: [95]} is open yet.  [released tasks = 15]
2026-07-12 14:34:59 DEBUG: Task 41 blocked: no orders in {0: [86]} is open yet.  [released tasks = 14]
2026-07-12 14:34:59 DEBUG: Task 43 blocked: no orders in {0: [56]} is open yet.  [released tasks = 13]
2026-07-12 14:34:59 DEBUG: Task 44 blocked: no orders in {0: [45]} is open yet.  [released tasks = 12]
2026-07-12 14:34:59 DEBUG: Task 50 blocked: no orders in {0: [59]} is open yet.  [released tasks = 11]
2026-07-12 14:34:59 DEBUG: Task 51 blocked: no orders in {2: [92]} is open yet.  [released tasks = 10]
2026-07-12 14:34:59 DEBUG: Task 53 blocked: no orders in {0: [83]} is open yet.  [released tasks = 9]
2026-07-12 14:34:59 DEBUG: Task 55 blocked: no orders in {2: [44]} is open yet.  [released tasks = 8]
2026-07-12 14:34:59 DEBUG: Task 56 blocked: no orders in {0: [1]} is open yet.  [released tasks = 7]
2026-07-12 14:34:59 DEBUG: Task 57 blocked: no orders in {0: [38]} is open yet.  [released tasks = 6]
2026-07-12 14:34:59 DEBUG: Task 59 blocked: no orders in {0: [7]} is open yet.  [released tasks = 5]
2026-07-12 14:34:59 DEBUG: Task 60 blocked: no orders in {2: [25]} is open yet.  [released tasks = 4]
2026-07-12 14:34:59 DEBUG: Task 61 blocked: no orders in {0: [16]} is open yet.  [released tasks = 3]
2026-07-12 14:34:59 DEBUG: Task 62 blocked: no orders in {2: [25]} is open yet.  [released tasks = 2]
2026-07-12 14:34:59 DEBUG: Task 63 started: robot 6 → pod 233 → workstation 3 for orders {60} (arrival = 221.0 s).   [idle robots = 0/30]
2026-07-12 14:34:59 DEBUG:    EVENT NUM 336   current_time = 00:02:28   RELEASE_TASK          [queue size = 98]
2026-07-12 14:34:59 DEBUG: Task 64 released: pod 235 required by workstation(s) [2].  [released tasks = 23]
2026-07-12 14:34:59 DEBUG:    EVENT NUM 337   current_time = 00:02:29   END_PICKING           [queue size = 97]
2026-07-12 14:34:59 DEBUG: Ended picking at workstation 0.    [picking_buffer len = {}]
2026-07-12 14:34:59 DEBUG: Task should have served orders {22}, found open orders {4, 6, 74, 22}.
2026-07-12 14:34:59 DEBUG: Task 14 completed: pod 190 returning to storage.
2026-07-12 14:34:59 DEBUG:    EVENT NUM 338   current_time = 00:02:29   CLOSE_ORDER           [queue size = 98]
2026-07-12 14:34:59 DEBUG: Order 22 closed at workstation 0: flow_time = 150.0 s.     [order_buffer = 13] [open_orders = 3/4]
2026-07-12 14:34:59 DEBUG: Next order in buffer: 28
2026-07-12 14:34:59 DEBUG:    EVENT NUM 339   current_time = 00:02:29   OPEN_ORDER            [queue size = 98]
2026-07-12 14:34:59 DEBUG: Order 28 (skus required = {1208, 5206}) opened at workstation 0.   [open_orders = 4/4]
2026-07-12 14:34:59 DEBUG:    EVENT NUM 340   current_time = 00:02:29   START_TASK            [queue size = 98]
2026-07-12 14:34:59 DEBUG: Task 30 blocked: no orders in {1: [40, 19]} is open yet.  [released tasks = 22]
2026-07-12 14:34:59 DEBUG: Task 33 blocked: no idle robots.
2026-07-12 14:34:59 DEBUG:    EVENT NUM 341   current_time = 00:02:30   ARRIVAL_ORDER         [queue size = 97]
2026-07-12 14:34:59 DEBUG: Order 114 arrived: items_required = [5342].     [orders_in_system = 101]
2026-07-12 14:34:59 DEBUG:    EVENT NUM 342   current_time = 00:02:31   RELEASE_TASK          [queue size = 97]
2026-07-12 14:34:59 DEBUG: Task 65 released: pod 260 required by workstation(s) [2].  [released tasks = 24]
2026-07-12 14:34:59 DEBUG:    EVENT NUM 343   current_time = 00:02:31   ARRIVAL_POD_WST       [queue size = 96]
2026-07-12 14:34:59 DEBUG: Pod 77 arrived at workstation 0 - status = IDLE
2026-07-12 14:34:59 DEBUG: Pod queued at workstation.    [picking_buffer = {18: 151.75918665611462}]
2026-07-12 14:34:59 DEBUG:    EVENT NUM 344   current_time = 00:02:31   START_PICKING         [queue size = 96]
2026-07-12 14:34:59 DEBUG: Processing task 18 at workstation 0: picking items {2375} for orders {6}
2026-07-12 14:34:59 DEBUG:    EVENT NUM 345   current_time = 00:02:33   RELEASE_TASK          [queue size = 96]
2026-07-12 14:34:59 DEBUG: Task 66 released: pod 505 required by workstation(s) [0].  [released tasks = 25]
2026-07-12 14:34:59 DEBUG:    EVENT NUM 346   current_time = 00:02:35   ARRIVAL_POD_WST       [queue size = 95]
2026-07-12 14:34:59 DEBUG: Pod 573 arrived at workstation 1 - status = IDLE
2026-07-12 14:34:59 DEBUG: Pod queued at workstation.    [picking_buffer = {24: 155.42125134897276}]
2026-07-12 14:34:59 DEBUG:    EVENT NUM 347   current_time = 00:02:35   START_PICKING         [queue size = 95]
2026-07-12 14:34:59 DEBUG: Processing task 24 at workstation 1: picking items {2184} for orders {36}
2026-07-12 14:34:59 DEBUG:    EVENT NUM 348   current_time = 00:02:35   RELEASE_TASK          [queue size = 95]
2026-07-12 14:34:59 DEBUG: Task 67 released: pod 203 required by workstation(s) [3].  [released tasks = 26]
2026-07-12 14:34:59 DEBUG:    EVENT NUM 349   current_time = 00:02:35   ARRIVAL_POD_WST       [queue size = 94]
2026-07-12 14:34:59 DEBUG: Pod 151 arrived at workstation 0 - status = BUSY
2026-07-12 14:34:59 DEBUG: Pod queued at workstation.    [picking_buffer = {22: 155.99235904088889}]
2026-07-12 14:34:59 DEBUG:    EVENT NUM 350   current_time = 00:02:36   ARRIVAL_POD_WST       [queue size = 93]
2026-07-12 14:34:59 DEBUG: Pod 569 arrived at workstation 1 - status = BUSY
2026-07-12 14:34:59 DEBUG: Pod queued at workstation.    [picking_buffer = {35: 156.95358242178474}]
2026-07-12 14:34:59 DEBUG:    EVENT NUM 351   current_time = 00:02:37   RETURN_POD            [queue size = 92]
2026-07-12 14:34:59 DEBUG: Pod 188 returned. Robot 13 idle.   [idle robots = 1/30, released tasks = 26]
2026-07-12 14:34:59 DEBUG:    EVENT NUM 352   current_time = 00:02:37   START_TASK            [queue size = 92]
2026-07-12 14:34:59 DEBUG: Task 30 blocked: no orders in {1: [40, 19]} is open yet.  [released tasks = 25]
2026-07-12 14:34:59 DEBUG: Task 33 started: robot 13 → pod 19 → workstation 0 for orders {53} (arrival = 339.4 s).   [idle robots = 0/30]
2026-07-12 14:34:59 DEBUG:    EVENT NUM 353   current_time = 00:02:37   RELEASE_TASK          [queue size = 92]
2026-07-12 14:34:59 DEBUG: Task 68 released: pod 257 required by workstation(s) [0].  [released tasks = 26]
2026-07-12 14:34:59 DEBUG:    EVENT NUM 354   current_time = 00:02:38   ARRIVAL_POD_WST       [queue size = 91]
2026-07-12 14:34:59 DEBUG: Pod 443 arrived at workstation 2 - status = IDLE
2026-07-12 14:34:59 DEBUG: Pod queued at workstation.    [picking_buffer = {31: 158.46088785506723}]
2026-07-12 14:34:59 DEBUG:    EVENT NUM 355   current_time = 00:02:38   START_PICKING         [queue size = 91]
2026-07-12 14:34:59 DEBUG: Processing task 31 at workstation 2: picking items {5203} for orders {62}
2026-07-12 14:34:59 DEBUG:    EVENT NUM 356   current_time = 00:02:40   ARRIVAL_ORDER         [queue size = 91]
2026-07-12 14:34:59 DEBUG: Order 115 arrived: items_required = [7225, 461, 2936].     [orders_in_system = 102]
2026-07-12 14:34:59 DEBUG:    EVENT NUM 357   current_time = 00:02:40   RELEASE_TASK          [queue size = 91]
2026-07-12 14:34:59 DEBUG: Task 69 released: pod 336 required by workstation(s) [2].  [released tasks = 27]
2026-07-12 14:34:59 DEBUG:    EVENT NUM 358   current_time = 00:02:41   END_PICKING           [queue size = 90]
2026-07-12 14:34:59 DEBUG: Ended picking at workstation 0.    [picking_buffer len = {22: 155.99235904088889}]
2026-07-12 14:34:59 DEBUG: Task should have served orders {6}, found open orders {4, 6, 74, 28}.
2026-07-12 14:34:59 DEBUG: Task 18 completed: pod 77 returning to storage.
2026-07-12 14:34:59 DEBUG:    EVENT NUM 359   current_time = 00:02:41   CLOSE_ORDER           [queue size = 92]
2026-07-12 14:34:59 DEBUG: Order 6 closed at workstation 0: flow_time = 161.8 s.     [order_buffer = 12] [open_orders = 3/4]
2026-07-12 14:34:59 DEBUG: Next order in buffer: 53
2026-07-12 14:34:59 DEBUG:    EVENT NUM 360   current_time = 00:02:41   START_PICKING         [queue size = 92]
2026-07-12 14:34:59 DEBUG: Processing task 22 at workstation 0: picking items {6148} for orders {4}
2026-07-12 14:34:59 DEBUG:    EVENT NUM 361   current_time = 00:02:41   OPEN_ORDER            [queue size = 92]
2026-07-12 14:34:59 DEBUG: Order 53 (skus required = {4683}) opened at workstation 0.   [open_orders = 4/4]
2026-07-12 14:34:59 DEBUG:    EVENT NUM 362   current_time = 00:02:41   START_TASK            [queue size = 92]
2026-07-12 14:34:59 DEBUG: Task 30 blocked: no orders in {1: [40, 19]} is open yet.  [released tasks = 26]
2026-07-12 14:34:59 DEBUG: Task 34 blocked: no orders in {1: [95]} is open yet.  [released tasks = 25]
2026-07-12 14:34:59 DEBUG: Task 36 blocked: no orders in {1: [19]} is open yet.  [released tasks = 24]
2026-07-12 14:34:59 DEBUG: Task 37 blocked: no orders in {0: [76]} is open yet.  [released tasks = 23]
2026-07-12 14:34:59 DEBUG: Task 38 blocked: no orders in {0: [76]} is open yet.  [released tasks = 22]
2026-07-12 14:34:59 DEBUG: Task 39 blocked: no orders in {1: [40]} is open yet.  [released tasks = 21]
2026-07-12 14:34:59 DEBUG: Task 40 blocked: no orders in {1: [95]} is open yet.  [released tasks = 20]
2026-07-12 14:34:59 DEBUG: Task 41 blocked: no orders in {0: [86]} is open yet.  [released tasks = 19]
2026-07-12 14:34:59 DEBUG: Task 43 blocked: no orders in {0: [56]} is open yet.  [released tasks = 18]
2026-07-12 14:34:59 DEBUG: Task 44 blocked: no idle robots.
2026-07-12 14:34:59 DEBUG:    EVENT NUM 363   current_time = 00:02:42   RELEASE_TASK          [queue size = 91]
2026-07-12 14:34:59 DEBUG: Task 70 released: pod 268 required by workstation(s) [2].  [released tasks = 28]
2026-07-12 14:34:59 DEBUG:    EVENT NUM 364   current_time = 00:02:43   RETURN_POD            [queue size = 90]
2026-07-12 14:34:59 DEBUG: Pod 532 returned. Robot 1 idle.   [idle robots = 1/30, released tasks = 28]
2026-07-12 14:34:59 DEBUG:    EVENT NUM 365   current_time = 00:02:43   START_TASK            [queue size = 90]
2026-07-12 14:34:59 DEBUG: Task 30 blocked: no orders in {1: [40, 19]} is open yet.  [released tasks = 27]
2026-07-12 14:34:59 DEBUG: Task 34 blocked: no orders in {1: [95]} is open yet.  [released tasks = 26]
2026-07-12 14:34:59 DEBUG: Task 36 blocked: no orders in {1: [19]} is open yet.  [released tasks = 25]
2026-07-12 14:34:59 DEBUG: Task 37 blocked: no orders in {0: [76]} is open yet.  [released tasks = 24]
2026-07-12 14:34:59 DEBUG: Task 38 blocked: no orders in {0: [76]} is open yet.  [released tasks = 23]
2026-07-12 14:34:59 DEBUG: Task 39 blocked: no orders in {1: [40]} is open yet.  [released tasks = 22]
2026-07-12 14:34:59 DEBUG: Task 40 blocked: no orders in {1: [95]} is open yet.  [released tasks = 21]
2026-07-12 14:34:59 DEBUG: Task 41 blocked: no orders in {0: [86]} is open yet.  [released tasks = 20]
2026-07-12 14:34:59 DEBUG: Task 43 blocked: no orders in {0: [56]} is open yet.  [released tasks = 19]
2026-07-12 14:34:59 DEBUG: Task 44 started: robot 1 → pod 102 → workstation 0 for orders {45} (arrival = 267.7 s).   [idle robots = 0/30]
2026-07-12 14:34:59 DEBUG:    EVENT NUM 366   current_time = 00:02:44   ARRIVAL_POD_WST       [queue size = 90]
2026-07-12 14:34:59 DEBUG: Pod 104 arrived at workstation 1 - status = BUSY
2026-07-12 14:34:59 DEBUG: Pod queued at workstation.    [picking_buffer = {35: 156.95358242178474, 23: 164.07476876473032}]
2026-07-12 14:34:59 DEBUG:    EVENT NUM 367   current_time = 00:02:44   RELEASE_TASK          [queue size = 89]
2026-07-12 14:34:59 DEBUG: Task 71 released: pod 322 required by workstation(s) [2].  [released tasks = 28]
2026-07-12 14:34:59 DEBUG:    EVENT NUM 368   current_time = 00:02:45   END_PICKING           [queue size = 88]
2026-07-12 14:34:59 DEBUG: Ended picking at workstation 1.    [picking_buffer len = {35: 156.95358242178474, 23: 164.07476876473032}]
2026-07-12 14:34:59 DEBUG: Task should have served orders {36}, found open orders {36, 71, 39, 11}.
2026-07-12 14:34:59 DEBUG: Task 24 completed: pod 573 returning to storage.
2026-07-12 14:34:59 DEBUG:    EVENT NUM 369   current_time = 00:02:45   START_PICKING         [queue size = 89]
2026-07-12 14:34:59 DEBUG: Processing task 35 at workstation 1: picking items {5803} for orders {39}
2026-07-12 14:34:59 DEBUG:    EVENT NUM 370   current_time = 00:02:47   RELEASE_TASK          [queue size = 89]
2026-07-12 14:34:59 DEBUG: Task 72 released: pod 128 required by workstation(s) [2].  [released tasks = 29]
2026-07-12 14:34:59 DEBUG:    EVENT NUM 371   current_time = 00:02:47   RETURN_POD            [queue size = 88]
2026-07-12 14:34:59 DEBUG: Pod 493 returned. Robot 26 idle.   [idle robots = 1/30, released tasks = 29]
2026-07-12 14:34:59 DEBUG:    EVENT NUM 372   current_time = 00:02:47   START_TASK            [queue size = 88]
2026-07-12 14:34:59 DEBUG: Task 30 blocked: no orders in {1: [40, 19]} is open yet.  [released tasks = 28]
2026-07-12 14:34:59 DEBUG: Task 34 blocked: no orders in {1: [95]} is open yet.  [released tasks = 27]
2026-07-12 14:34:59 DEBUG: Task 36 blocked: no orders in {1: [19]} is open yet.  [released tasks = 26]
2026-07-12 14:34:59 DEBUG: Task 37 blocked: no orders in {0: [76]} is open yet.  [released tasks = 25]
2026-07-12 14:34:59 DEBUG: Task 38 blocked: no orders in {0: [76]} is open yet.  [released tasks = 24]
2026-07-12 14:34:59 DEBUG: Task 39 blocked: no orders in {1: [40]} is open yet.  [released tasks = 23]
2026-07-12 14:34:59 DEBUG: Task 40 blocked: no orders in {1: [95]} is open yet.  [released tasks = 22]
2026-07-12 14:34:59 DEBUG: Task 41 blocked: no orders in {0: [86]} is open yet.  [released tasks = 21]
2026-07-12 14:34:59 DEBUG: Task 43 blocked: no orders in {0: [56]} is open yet.  [released tasks = 20]
2026-07-12 14:34:59 DEBUG: Task 50 blocked: no orders in {0: [59]} is open yet.  [released tasks = 19]
2026-07-12 14:34:59 DEBUG: Task 51 blocked: no orders in {2: [92]} is open yet.  [released tasks = 18]
2026-07-12 14:34:59 DEBUG: Task 53 blocked: no orders in {0: [83]} is open yet.  [released tasks = 17]
2026-07-12 14:34:59 DEBUG: Task 55 blocked: no orders in {2: [44]} is open yet.  [released tasks = 16]
2026-07-12 14:34:59 DEBUG: Task 56 blocked: no orders in {0: [1]} is open yet.  [released tasks = 15]
2026-07-12 14:34:59 DEBUG: Task 57 blocked: no orders in {0: [38]} is open yet.  [released tasks = 14]
2026-07-12 14:34:59 DEBUG: Task 59 blocked: no orders in {0: [7]} is open yet.  [released tasks = 13]
2026-07-12 14:34:59 DEBUG: Task 60 blocked: no orders in {2: [25]} is open yet.  [released tasks = 12]
2026-07-12 14:34:59 DEBUG: Task 61 blocked: no orders in {0: [16]} is open yet.  [released tasks = 11]
2026-07-12 14:34:59 DEBUG: Task 62 blocked: no orders in {2: [25]} is open yet.  [released tasks = 10]
2026-07-12 14:34:59 DEBUG: Task 64 blocked: no orders in {2: [34]} is open yet.  [released tasks = 9]
2026-07-12 14:34:59 DEBUG: Task 65 blocked: no orders in {2: [34]} is open yet.  [released tasks = 8]
2026-07-12 14:34:59 DEBUG: Task 66 blocked: no orders in {0: [97]} is open yet.  [released tasks = 7]
2026-07-12 14:34:59 DEBUG: Task 67 started: robot 26 → pod 203 → workstation 3 for orders {50} (arrival = 288.1 s).   [idle robots = 0/30]
2026-07-12 14:34:59 DEBUG:    EVENT NUM 373   current_time = 00:02:47   RETURN_POD            [queue size = 88]
2026-07-12 14:34:59 DEBUG: Pod 309 returned. Robot 11 idle.   [idle robots = 1/30, released tasks = 28]
2026-07-12 14:34:59 DEBUG:    EVENT NUM 374   current_time = 00:02:47   START_TASK            [queue size = 88]
2026-07-12 14:34:59 DEBUG: Task 30 blocked: no orders in {1: [40, 19]} is open yet.  [released tasks = 27]
2026-07-12 14:34:59 DEBUG: Task 34 blocked: no orders in {1: [95]} is open yet.  [released tasks = 26]
2026-07-12 14:34:59 DEBUG: Task 36 blocked: no orders in {1: [19]} is open yet.  [released tasks = 25]
2026-07-12 14:34:59 DEBUG: Task 37 blocked: no orders in {0: [76]} is open yet.  [released tasks = 24]
2026-07-12 14:34:59 DEBUG: Task 38 blocked: no orders in {0: [76]} is open yet.  [released tasks = 23]
2026-07-12 14:34:59 DEBUG: Task 39 blocked: no orders in {1: [40]} is open yet.  [released tasks = 22]
2026-07-12 14:34:59 DEBUG: Task 40 blocked: no orders in {1: [95]} is open yet.  [released tasks = 21]
2026-07-12 14:34:59 DEBUG: Task 41 blocked: no orders in {0: [86]} is open yet.  [released tasks = 20]
2026-07-12 14:34:59 DEBUG: Task 43 blocked: no orders in {0: [56]} is open yet.  [released tasks = 19]
2026-07-12 14:34:59 DEBUG: Task 50 blocked: no orders in {0: [59]} is open yet.  [released tasks = 18]
2026-07-12 14:34:59 DEBUG: Task 51 blocked: no orders in {2: [92]} is open yet.  [released tasks = 17]
2026-07-12 14:34:59 DEBUG: Task 53 blocked: no orders in {0: [83]} is open yet.  [released tasks = 16]
2026-07-12 14:34:59 DEBUG: Task 55 blocked: no orders in {2: [44]} is open yet.  [released tasks = 15]
2026-07-12 14:34:59 DEBUG: Task 56 blocked: no orders in {0: [1]} is open yet.  [released tasks = 14]
2026-07-12 14:34:59 DEBUG: Task 57 blocked: no orders in {0: [38]} is open yet.  [released tasks = 13]
2026-07-12 14:34:59 DEBUG: Task 59 blocked: no orders in {0: [7]} is open yet.  [released tasks = 12]
2026-07-12 14:34:59 DEBUG: Task 60 blocked: no orders in {2: [25]} is open yet.  [released tasks = 11]
2026-07-12 14:34:59 DEBUG: Task 61 blocked: no orders in {0: [16]} is open yet.  [released tasks = 10]
2026-07-12 14:34:59 DEBUG: Task 62 blocked: no orders in {2: [25]} is open yet.  [released tasks = 9]
2026-07-12 14:34:59 DEBUG: Task 64 blocked: no orders in {2: [34]} is open yet.  [released tasks = 8]
2026-07-12 14:34:59 DEBUG: Task 65 blocked: no orders in {2: [34]} is open yet.  [released tasks = 7]
2026-07-12 14:34:59 DEBUG: Task 66 blocked: no orders in {0: [97]} is open yet.  [released tasks = 6]
2026-07-12 14:34:59 DEBUG: Task 68 blocked: no orders in {0: [97]} is open yet.  [released tasks = 5]
2026-07-12 14:34:59 DEBUG: Task 69 blocked: no orders in {2: [90]} is open yet.  [released tasks = 4]
2026-07-12 14:34:59 DEBUG: Task 70 blocked: no orders in {2: [42]} is open yet.  [released tasks = 3]
2026-07-12 14:34:59 DEBUG: Task 71 blocked: no orders in {2: [42]} is open yet.  [released tasks = 2]
2026-07-12 14:34:59 DEBUG: Task 72 blocked: no orders in {2: [42]} is open yet.  [released tasks = 1]
2026-07-12 14:34:59 DEBUG: Task 45 blocked: pod 190 not idle.  [released tasks = 0]
2026-07-12 14:34:59 DEBUG:    EVENT NUM 375   current_time = 00:02:48   END_PICKING           [queue size = 87]
2026-07-12 14:34:59 DEBUG: Ended picking at workstation 2.    [picking_buffer len = {}]
2026-07-12 14:34:59 DEBUG: Task should have served orders {62}, found open orders {72, 21, 62, 31}.
2026-07-12 14:34:59 DEBUG: Task 31 completed: pod 443 returning to storage.
2026-07-12 14:34:59 DEBUG:    EVENT NUM 376   current_time = 00:02:49   RELEASE_TASK          [queue size = 87]
2026-07-12 14:34:59 DEBUG: Task 73 released: pod 49 required by workstation(s) [3].  [released tasks = 29]
2026-07-12 14:34:59 DEBUG:    EVENT NUM 377   current_time = 00:02:49   START_TASK            [queue size = 87]
2026-07-12 14:34:59 DEBUG: Task 30 blocked: no orders in {1: [40, 19]} is open yet.  [released tasks = 28]
2026-07-12 14:34:59 DEBUG: Task 34 blocked: no orders in {1: [95]} is open yet.  [released tasks = 27]
2026-07-12 14:34:59 DEBUG: Task 36 blocked: no orders in {1: [19]} is open yet.  [released tasks = 26]
2026-07-12 14:34:59 DEBUG: Task 37 blocked: no orders in {0: [76]} is open yet.  [released tasks = 25]
2026-07-12 14:34:59 DEBUG: Task 38 blocked: no orders in {0: [76]} is open yet.  [released tasks = 24]
2026-07-12 14:34:59 DEBUG: Task 39 blocked: no orders in {1: [40]} is open yet.  [released tasks = 23]
2026-07-12 14:34:59 DEBUG: Task 40 blocked: no orders in {1: [95]} is open yet.  [released tasks = 22]
2026-07-12 14:34:59 DEBUG: Task 41 blocked: no orders in {0: [86]} is open yet.  [released tasks = 21]
2026-07-12 14:34:59 DEBUG: Task 43 blocked: no orders in {0: [56]} is open yet.  [released tasks = 20]
2026-07-12 14:34:59 DEBUG: Task 50 blocked: no orders in {0: [59]} is open yet.  [released tasks = 19]
2026-07-12 14:34:59 DEBUG: Task 51 blocked: no orders in {2: [92]} is open yet.  [released tasks = 18]
2026-07-12 14:34:59 DEBUG: Task 53 blocked: no orders in {0: [83]} is open yet.  [released tasks = 17]
2026-07-12 14:34:59 DEBUG: Task 55 blocked: no orders in {2: [44]} is open yet.  [released tasks = 16]
2026-07-12 14:34:59 DEBUG: Task 56 blocked: no orders in {0: [1]} is open yet.  [released tasks = 15]
2026-07-12 14:34:59 DEBUG: Task 57 blocked: no orders in {0: [38]} is open yet.  [released tasks = 14]
2026-07-12 14:34:59 DEBUG: Task 59 blocked: no orders in {0: [7]} is open yet.  [released tasks = 13]
2026-07-12 14:34:59 DEBUG: Task 60 blocked: no orders in {2: [25]} is open yet.  [released tasks = 12]
2026-07-12 14:34:59 DEBUG: Task 61 blocked: no orders in {0: [16]} is open yet.  [released tasks = 11]
2026-07-12 14:34:59 DEBUG: Task 62 blocked: no orders in {2: [25]} is open yet.  [released tasks = 10]
2026-07-12 14:34:59 DEBUG: Task 64 blocked: no orders in {2: [34]} is open yet.  [released tasks = 9]
2026-07-12 14:34:59 DEBUG: Task 65 blocked: no orders in {2: [34]} is open yet.  [released tasks = 8]
2026-07-12 14:34:59 DEBUG: Task 66 blocked: no orders in {0: [97]} is open yet.  [released tasks = 7]
2026-07-12 14:34:59 DEBUG: Task 68 blocked: no orders in {0: [97]} is open yet.  [released tasks = 6]
2026-07-12 14:34:59 DEBUG: Task 69 blocked: no orders in {2: [90]} is open yet.  [released tasks = 5]
2026-07-12 14:34:59 DEBUG: Task 70 blocked: no orders in {2: [42]} is open yet.  [released tasks = 4]
2026-07-12 14:34:59 DEBUG: Task 71 blocked: no orders in {2: [42]} is open yet.  [released tasks = 3]
2026-07-12 14:34:59 DEBUG: Task 72 blocked: no orders in {2: [42]} is open yet.  [released tasks = 2]
2026-07-12 14:34:59 DEBUG: Task 73 started: robot 11 → pod 49 → workstation 3 for orders {60} (arrival = 331.8 s).   [idle robots = 0/30]
2026-07-12 14:34:59 DEBUG:    EVENT NUM 378   current_time = 00:02:50   ARRIVAL_ORDER         [queue size = 87]
2026-07-12 14:34:59 DEBUG: Order 116 arrived: items_required = [5055, 5018].     [orders_in_system = 102]
2026-07-12 14:34:59 DEBUG:    EVENT NUM 379   current_time = 00:02:50   ARRIVAL_POD_WST       [queue size = 87]
2026-07-12 14:34:59 DEBUG: Pod 60 arrived at workstation 2 - status = IDLE
2026-07-12 14:34:59 DEBUG: Pod queued at workstation.    [picking_buffer = {42: 170.0668851010621}]
2026-07-12 14:34:59 DEBUG:    EVENT NUM 380   current_time = 00:02:50   START_PICKING         [queue size = 87]
2026-07-12 14:34:59 DEBUG: Processing task 42 at workstation 2: picking items {2436} for orders {21}
2026-07-12 14:34:59 DEBUG:    EVENT NUM 381   current_time = 00:02:51   END_PICKING           [queue size = 87]
2026-07-12 14:34:59 DEBUG: Ended picking at workstation 0.    [picking_buffer len = {}]
2026-07-12 14:34:59 DEBUG: Task should have served orders {4}, found open orders {4, 74, 53, 28}.
2026-07-12 14:34:59 DEBUG: Task 22 completed: pod 151 returning to storage.
2026-07-12 14:34:59 DEBUG:    EVENT NUM 382   current_time = 00:02:51   CLOSE_ORDER           [queue size = 88]
2026-07-12 14:34:59 DEBUG: Order 4 closed at workstation 0: flow_time = 171.8 s.     [order_buffer = 11] [open_orders = 3/4]
2026-07-12 14:34:59 DEBUG: Next order in buffer: 45
2026-07-12 14:34:59 DEBUG:    EVENT NUM 383   current_time = 00:02:51   OPEN_ORDER            [queue size = 88]
2026-07-12 14:34:59 DEBUG: Order 45 (skus required = {2666, 3909, 2597}) opened at workstation 0.   [open_orders = 4/4]
2026-07-12 14:34:59 DEBUG:    EVENT NUM 384   current_time = 00:02:51   START_TASK            [queue size = 88]
2026-07-12 14:34:59 DEBUG: Task 30 blocked: no orders in {1: [40, 19]} is open yet.  [released tasks = 27]
2026-07-12 14:34:59 DEBUG: Task 34 blocked: no orders in {1: [95]} is open yet.  [released tasks = 26]
2026-07-12 14:34:59 DEBUG: Task 36 blocked: no orders in {1: [19]} is open yet.  [released tasks = 25]
2026-07-12 14:34:59 DEBUG: Task 37 blocked: no idle robots.
2026-07-12 14:34:59 DEBUG:    EVENT NUM 385   current_time = 00:02:51   RELEASE_TASK          [queue size = 87]
2026-07-12 14:34:59 DEBUG: Task 74 released: pod 512 required by workstation(s) [3].  [released tasks = 29]
2026-07-12 14:34:59 DEBUG:    EVENT NUM 386   current_time = 00:02:54   RELEASE_TASK          [queue size = 86]
2026-07-12 14:34:59 DEBUG: Task 75 released: pod 513 required by workstation(s) [3].  [released tasks = 30]
2026-07-12 14:34:59 DEBUG:    EVENT NUM 387   current_time = 00:02:55   END_PICKING           [queue size = 85]
2026-07-12 14:34:59 DEBUG: Ended picking at workstation 1.    [picking_buffer len = {23: 164.07476876473032}]
2026-07-12 14:34:59 DEBUG: Task should have served orders {39}, found open orders {36, 71, 39, 11}.
2026-07-12 14:34:59 DEBUG: Task 35 completed: pod 569 returning to storage.
2026-07-12 14:34:59 DEBUG:    EVENT NUM 388   current_time = 00:02:55   CLOSE_ORDER           [queue size = 87]
2026-07-12 14:34:59 DEBUG: Order 39 closed at workstation 1: flow_time = 175.4 s.     [order_buffer = 4] [open_orders = 3/4]
2026-07-12 14:34:59 DEBUG: Next order in buffer: 99
2026-07-12 14:34:59 DEBUG:    EVENT NUM 389   current_time = 00:02:55   START_PICKING         [queue size = 87]
2026-07-12 14:34:59 DEBUG: Processing task 23 at workstation 1: picking items {5826} for orders {71}
2026-07-12 14:34:59 DEBUG:    EVENT NUM 390   current_time = 00:02:55   OPEN_ORDER            [queue size = 87]
2026-07-12 14:34:59 DEBUG: Order 99 (skus required = {6067, 6149}) opened at workstation 1.   [open_orders = 4/4]
2026-07-12 14:34:59 DEBUG:    EVENT NUM 391   current_time = 00:02:55   START_TASK            [queue size = 87]
2026-07-12 14:34:59 DEBUG: Task 30 blocked: no idle robots.
2026-07-12 14:34:59 DEBUG:    EVENT NUM 392   current_time = 00:02:56   RELEASE_TASK          [queue size = 86]
2026-07-12 14:34:59 DEBUG: Task 76 released: pod 580 required by workstation(s) [3].  [released tasks = 31]
2026-07-12 14:34:59 DEBUG:    EVENT NUM 393   current_time = 00:02:57   RETURN_POD            [queue size = 85]
2026-07-12 14:34:59 DEBUG: Pod 490 returned. Robot 25 idle.   [idle robots = 1/30, released tasks = 31]
2026-07-12 14:34:59 DEBUG:    EVENT NUM 394   current_time = 00:02:57   START_TASK            [queue size = 85]
2026-07-12 14:34:59 DEBUG: Task 30 started: robot 25 → pod 11 → workstation 1 for orders {40, 19} (arrival = 264.1 s).   [idle robots = 0/30]
2026-07-12 14:34:59 DEBUG:    EVENT NUM 395   current_time = 00:02:58   RELEASE_TASK          [queue size = 85]
2026-07-12 14:34:59 DEBUG: Task 77 released: pod 519 required by workstation(s) [3].  [released tasks = 31]
2026-07-12 14:34:59 DEBUG:    EVENT NUM 396   current_time = 00:03:00   ARRIVAL_ORDER         [queue size = 84]
2026-07-12 14:34:59 DEBUG: Order 117 arrived: items_required = [5551, 5463].     [orders_in_system = 101]
2026-07-12 14:34:59 DEBUG:    EVENT NUM 397   current_time = 00:03:00   END_PICKING           [queue size = 84]
2026-07-12 14:34:59 DEBUG: Ended picking at workstation 2.    [picking_buffer len = {}]
2026-07-12 14:34:59 DEBUG: Task should have served orders {21}, found open orders {72, 21, 62, 31}.
2026-07-12 14:34:59 DEBUG: Task 42 completed: pod 60 returning to storage.
2026-07-12 14:34:59 DEBUG:    EVENT NUM 398   current_time = 00:03:00   CLOSE_ORDER           [queue size = 85]
2026-07-12 14:34:59 DEBUG: Order 21 closed at workstation 2: flow_time = 180.1 s.     [order_buffer = 7] [open_orders = 3/4]
2026-07-12 14:34:59 DEBUG: Next order in buffer: 58
2026-07-12 14:34:59 DEBUG:    EVENT NUM 399   current_time = 00:03:00   OPEN_ORDER            [queue size = 85]
2026-07-12 14:34:59 DEBUG: Order 58 (skus required = {7352}) opened at workstation 2.   [open_orders = 4/4]
2026-07-12 14:34:59 DEBUG:    EVENT NUM 400   current_time = 00:03:00   START_TASK            [queue size = 85]
2026-07-12 14:34:59 DEBUG: Task 34 blocked: no orders in {1: [95]} is open yet.  [released tasks = 30]
2026-07-12 14:34:59 DEBUG: Task 36 blocked: no orders in {1: [19]} is open yet.  [released tasks = 29]
2026-07-12 14:34:59 DEBUG: Task 37 blocked: no idle robots.
2026-07-12 14:34:59 DEBUG:    EVENT NUM 401   current_time = 00:03:00   ARRIVAL_POD_WST       [queue size = 84]
2026-07-12 14:34:59 DEBUG: Pod 248 arrived at workstation 2 - status = IDLE
2026-07-12 14:34:59 DEBUG: Pod queued at workstation.    [picking_buffer = {16: 180.20469320594657}]
2026-07-12 14:34:59 DEBUG:    EVENT NUM 402   current_time = 00:03:00   START_PICKING         [queue size = 84]
2026-07-12 14:34:59 DEBUG: Processing task 16 at workstation 2: picking items {6105, 8553} for orders {72, 31}
2026-07-12 14:34:59 DEBUG:    EVENT NUM 403   current_time = 00:03:01   RELEASE_TASK          [queue size = 84]
2026-07-12 14:34:59 DEBUG: Task 78 released: pod 289 required by workstation(s) [3].  [released tasks = 32]
2026-07-12 14:34:59 DEBUG:    EVENT NUM 404   current_time = 00:03:01   ARRIVAL_POD_WST       [queue size = 83]
2026-07-12 14:34:59 DEBUG: Pod 295 arrived at workstation 1 - status = BUSY
2026-07-12 14:34:59 DEBUG: Pod queued at workstation.    [picking_buffer = {25: 181.85630176694224}]
2026-07-12 14:34:59 DEBUG:    EVENT NUM 405   current_time = 00:03:03   RELEASE_TASK          [queue size = 82]
2026-07-12 14:34:59 DEBUG: Task 79 released: pod 420 required by workstation(s) [3].  [released tasks = 33]
2026-07-12 14:34:59 DEBUG:    EVENT NUM 406   current_time = 00:03:05   END_PICKING           [queue size = 81]
2026-07-12 14:34:59 DEBUG: Ended picking at workstation 1.    [picking_buffer len = {25: 181.85630176694224}]
2026-07-12 14:34:59 DEBUG: Task should have served orders {71}, found open orders {99, 36, 71, 11}.
2026-07-12 14:34:59 DEBUG: Task 23 heading to workstation 1.
2026-07-12 14:34:59 DEBUG:    EVENT NUM 407   current_time = 00:03:05   CLOSE_ORDER           [queue size = 83]
2026-07-12 14:34:59 DEBUG: Order 71 closed at workstation 1: flow_time = 185.4 s.     [order_buffer = 3] [open_orders = 3/4]
2026-07-12 14:34:59 DEBUG: Next order in buffer: 40
2026-07-12 14:34:59 DEBUG:    EVENT NUM 408   current_time = 00:03:05   ARRIVAL_POD_WST       [queue size = 83]
2026-07-12 14:34:59 DEBUG: Pod 104 arrived at workstation 1 - status = IDLE
2026-07-12 14:34:59 DEBUG: Pod queued at workstation.    [picking_buffer = {25: 181.85630176694224, 23: 185.42125134897276}]
2026-07-12 14:34:59 DEBUG:    EVENT NUM 409   current_time = 00:03:05   START_PICKING         [queue size = 83]
2026-07-12 14:34:59 DEBUG: Processing task 25 at workstation 1: picking items {5147} for orders {36}
2026-07-12 14:34:59 DEBUG:    EVENT NUM 410   current_time = 00:03:05   OPEN_ORDER            [queue size = 83]
2026-07-12 14:34:59 DEBUG: Order 40 (skus required = {3633, 4239}) opened at workstation 1.   [open_orders = 4/4]
2026-07-12 14:34:59 DEBUG:    EVENT NUM 411   current_time = 00:03:05   START_PICKING         [queue size = 83]
2026-07-12 14:34:59 DEBUG:    EVENT NUM 412   current_time = 00:03:05   START_TASK            [queue size = 82]
2026-07-12 14:34:59 DEBUG: Task 34 blocked: no orders in {1: [95]} is open yet.  [released tasks = 32]
2026-07-12 14:34:59 DEBUG: Task 36 blocked: no idle robots.
2026-07-12 14:34:59 DEBUG:    EVENT NUM 413   current_time = 00:03:05   RELEASE_TASK          [queue size = 81]
2026-07-12 14:34:59 DEBUG: Task 80 released: pod 233 required by workstation(s) [3].  [released tasks = 34]
2026-07-12 14:34:59 DEBUG:    EVENT NUM 414   current_time = 00:03:07   RELEASE_TASK          [queue size = 80]
2026-07-12 14:34:59 DEBUG: Task 81 released: pod 203 required by workstation(s) [3].  [released tasks = 35]
2026-07-12 14:34:59 DEBUG:    EVENT NUM 415   current_time = 00:03:09   ARRIVAL_POD_WST       [queue size = 79]
2026-07-12 14:34:59 DEBUG: Pod 527 arrived at workstation 3 - status = IDLE
2026-07-12 14:34:59 DEBUG: Pod queued at workstation.    [picking_buffer = {52: 189.5833512800935}]
2026-07-12 14:34:59 DEBUG:    EVENT NUM 416   current_time = 00:03:09   START_PICKING         [queue size = 79]
2026-07-12 14:34:59 DEBUG: Processing task 52 at workstation 3: picking items {2792} for orders {0}
2026-07-12 14:34:59 DEBUG:    EVENT NUM 417   current_time = 00:03:10   ARRIVAL_ORDER         [queue size = 79]
2026-07-12 14:34:59 DEBUG: Order 118 arrived: items_required = [5213].     [orders_in_system = 100]
2026-07-12 14:34:59 DEBUG:    EVENT NUM 418   current_time = 00:03:10   RELEASE_TASK          [queue size = 79]
2026-07-12 14:34:59 DEBUG: Task 82 released: pod 45 required by workstation(s) [7].  [released tasks = 36]
2026-07-12 14:34:59 DEBUG:    EVENT NUM 419   current_time = 00:03:12   RELEASE_TASK          [queue size = 78]
2026-07-12 14:34:59 DEBUG: Task 83 released: pod 141 required by workstation(s) [7].  [released tasks = 37]
2026-07-12 14:34:59 DEBUG:    EVENT NUM 420   current_time = 00:03:14   RELEASE_TASK          [queue size = 77]
2026-07-12 14:34:59 DEBUG: Task 84 released: pod 581 required by workstation(s) [7, 7].  [released tasks = 38]
2026-07-12 14:34:59 DEBUG:    EVENT NUM 421   current_time = 00:03:15   END_PICKING           [queue size = 76]
2026-07-12 14:34:59 DEBUG: Ended picking at workstation 2.    [picking_buffer len = {}]
2026-07-12 14:34:59 DEBUG: Task should have served orders {72, 31}, found open orders {72, 58, 62, 31}.
2026-07-12 14:34:59 DEBUG: Task 16 completed: pod 248 returning to storage.
2026-07-12 14:34:59 DEBUG:    EVENT NUM 422   current_time = 00:03:15   CLOSE_ORDER           [queue size = 77]
2026-07-12 14:34:59 DEBUG: Order 72 closed at workstation 2: flow_time = 195.2 s.     [order_buffer = 6] [open_orders = 3/4]
2026-07-12 14:34:59 DEBUG: Next order in buffer: 92
2026-07-12 14:34:59 DEBUG:    EVENT NUM 423   current_time = 00:03:15   OPEN_ORDER            [queue size = 77]
2026-07-12 14:34:59 DEBUG: Order 92 (skus required = {5009, 3677}) opened at workstation 2.   [open_orders = 4/4]
2026-07-12 14:34:59 DEBUG:    EVENT NUM 424   current_time = 00:03:15   START_TASK            [queue size = 77]
2026-07-12 14:34:59 DEBUG: Task 34 blocked: no orders in {1: [95]} is open yet.  [released tasks = 37]
2026-07-12 14:34:59 DEBUG: Task 36 blocked: no idle robots.
2026-07-12 14:34:59 DEBUG:    EVENT NUM 425   current_time = 00:03:15   END_PICKING           [queue size = 76]
2026-07-12 14:34:59 DEBUG: Ended picking at workstation 1.    [picking_buffer len = {23: 185.42125134897276}]
2026-07-12 14:34:59 DEBUG: Task should have served orders {36}, found open orders {99, 36, 40, 11}.
2026-07-12 14:34:59 DEBUG: Task 25 heading to workstation 1.
2026-07-12 14:34:59 DEBUG:    EVENT NUM 426   current_time = 00:03:15   CLOSE_ORDER           [queue size = 78]
2026-07-12 14:34:59 DEBUG: Order 36 closed at workstation 1: flow_time = 195.4 s.     [order_buffer = 2] [open_orders = 3/4]
2026-07-12 14:34:59 DEBUG: Next order in buffer: 19
2026-07-12 14:34:59 DEBUG:    EVENT NUM 427   current_time = 00:03:15   ARRIVAL_POD_WST       [queue size = 78]
2026-07-12 14:34:59 DEBUG: Pod 295 arrived at workstation 1 - status = IDLE
2026-07-12 14:34:59 DEBUG: Pod queued at workstation.    [picking_buffer = {23: 185.42125134897276, 25: 195.42125134897276}]
2026-07-12 14:34:59 DEBUG:    EVENT NUM 428   current_time = 00:03:15   START_PICKING         [queue size = 78]
2026-07-12 14:34:59 DEBUG: Processing task 23 at workstation 1: picking items {6338} for orders {11}
2026-07-12 14:34:59 DEBUG:    EVENT NUM 429   current_time = 00:03:15   OPEN_ORDER            [queue size = 78]
2026-07-12 14:34:59 DEBUG: Order 19 (skus required = {2384, 1734}) opened at workstation 1.   [open_orders = 4/4]
2026-07-12 14:34:59 DEBUG:    EVENT NUM 430   current_time = 00:03:15   START_PICKING         [queue size = 78]
2026-07-12 14:34:59 DEBUG:    EVENT NUM 431   current_time = 00:03:15   START_TASK            [queue size = 77]
2026-07-12 14:34:59 DEBUG: Task 34 blocked: no idle robots.
2026-07-12 14:34:59 DEBUG:    EVENT NUM 432   current_time = 00:03:15   ARRIVAL_POD_WST       [queue size = 76]
2026-07-12 14:34:59 DEBUG: Pod 124 arrived at workstation 2 - status = IDLE
2026-07-12 14:34:59 DEBUG: Pod queued at workstation.    [picking_buffer = {19: 195.49417567807743}]
2026-07-12 14:34:59 DEBUG:    EVENT NUM 433   current_time = 00:03:15   START_PICKING         [queue size = 76]
2026-07-12 14:34:59 DEBUG: Processing task 19 at workstation 2: picking items {2083, 7582} for orders {62, 31}
2026-07-12 14:34:59 DEBUG:    EVENT NUM 434   current_time = 00:03:17   RELEASE_TASK          [queue size = 76]
2026-07-12 14:34:59 DEBUG: Task 85 released: pod 419 required by workstation(s) [7].  [released tasks = 39]
2026-07-12 14:34:59 DEBUG:    EVENT NUM 435   current_time = 00:03:19   RELEASE_TASK          [queue size = 75]
2026-07-12 14:34:59 DEBUG: Task 86 released: pod 399 required by workstation(s) [4].  [released tasks = 40]
2026-07-12 14:34:59 DEBUG:    EVENT NUM 436   current_time = 00:03:19   END_PICKING           [queue size = 74]
2026-07-12 14:34:59 DEBUG: Ended picking at workstation 3.    [picking_buffer len = {}]
2026-07-12 14:34:59 DEBUG: Task should have served orders {0}, found open orders {0, 98, 37, 60}.
2026-07-12 14:34:59 DEBUG: Task 52 completed: pod 527 returning to storage.
2026-07-12 14:34:59 DEBUG:    EVENT NUM 437   current_time = 00:03:19   RETURN_POD            [queue size = 74]
2026-07-12 14:34:59 DEBUG: Pod 543 returned. Robot 7 idle.   [idle robots = 1/30, released tasks = 40]
2026-07-12 14:34:59 DEBUG:    EVENT NUM 438   current_time = 00:03:19   START_TASK            [queue size = 74]
2026-07-12 14:34:59 DEBUG: Task 34 started: robot 7 → pod 163 → workstation 1 for orders {95} (arrival = 292.2 s).   [idle robots = 0/30]
2026-07-12 14:34:59 DEBUG:    EVENT NUM 439   current_time = 00:03:20   ARRIVAL_ORDER         [queue size = 74]
2026-07-12 14:34:59 DEBUG: Order 119 arrived: items_required = [4886].     [orders_in_system = 99]
2026-07-12 14:34:59 DEBUG:    EVENT NUM 440   current_time = 00:03:21   RELEASE_TASK          [queue size = 74]
2026-07-12 14:34:59 DEBUG: Task 87 released: pod 89 required by workstation(s) [6].  [released tasks = 40]
2026-07-12 14:34:59 DEBUG:    EVENT NUM 441   current_time = 00:03:24   RELEASE_TASK          [queue size = 73]
2026-07-12 14:34:59 DEBUG: Task 88 released: pod 316 required by workstation(s) [7].  [released tasks = 41]
2026-07-12 14:34:59 DEBUG:    EVENT NUM 442   current_time = 00:03:25   ARRIVAL_POD_WST       [queue size = 72]
2026-07-12 14:34:59 DEBUG: Pod 113 arrived at workstation 1 - status = BUSY
2026-07-12 14:34:59 DEBUG: Pod queued at workstation.    [picking_buffer = {25: 195.42125134897276, 46: 205.16582821250927}]
2026-07-12 14:34:59 DEBUG:    EVENT NUM 443   current_time = 00:03:25   END_PICKING           [queue size = 71]
2026-07-12 14:34:59 DEBUG: Ended picking at workstation 1.    [picking_buffer len = {25: 195.42125134897276, 46: 205.16582821250927}]
2026-07-12 14:34:59 DEBUG: Task should have served orders {11}, found open orders {99, 40, 11, 19}.
2026-07-12 14:34:59 DEBUG: Task 23 completed: pod 104 returning to storage.
2026-07-12 14:34:59 DEBUG:    EVENT NUM 444   current_time = 00:03:25   START_PICKING         [queue size = 72]
2026-07-12 14:34:59 DEBUG: Processing task 25 at workstation 1: picking items {6067} for orders {99}
2026-07-12 14:34:59 DEBUG:    EVENT NUM 445   current_time = 00:03:26   RELEASE_TASK          [queue size = 72]
2026-07-12 14:34:59 DEBUG: Task 89 released: pod 342 required by workstation(s) [7].  [released tasks = 42]
2026-07-12 14:34:59 DEBUG:    EVENT NUM 446   current_time = 00:03:26   ARRIVAL_POD_WST       [queue size = 71]
2026-07-12 14:34:59 DEBUG: Pod 241 arrived at workstation 3 - status = IDLE
2026-07-12 14:34:59 DEBUG: Pod queued at workstation.    [picking_buffer = {47: 206.55402231676294}]
2026-07-12 14:34:59 DEBUG:    EVENT NUM 447   current_time = 00:03:26   START_PICKING         [queue size = 71]
2026-07-12 14:34:59 DEBUG: Processing task 47 at workstation 3: picking items {7738} for orders {60}
2026-07-12 14:34:59 DEBUG:    EVENT NUM 448   current_time = 00:03:28   RETURN_POD            [queue size = 71]
2026-07-12 14:34:59 DEBUG: Pod 184 returned. Robot 10 idle.   [idle robots = 1/30, released tasks = 42]
2026-07-12 14:34:59 DEBUG:    EVENT NUM 449   current_time = 00:03:28   START_TASK            [queue size = 71]
2026-07-12 14:34:59 DEBUG: Task 36 started: robot 10 → pod 133 → workstation 1 for orders {19} (arrival = 280.4 s).   [idle robots = 0/30]
2026-07-12 14:34:59 DEBUG:    EVENT NUM 450   current_time = 00:03:28   RELEASE_TASK          [queue size = 71]
2026-07-12 14:34:59 DEBUG: Task 90 released: pod 418 required by workstation(s) [7].  [released tasks = 42]
2026-07-12 14:34:59 DEBUG:    EVENT NUM 451   current_time = 00:03:30   ARRIVAL_ORDER         [queue size = 70]
2026-07-12 14:34:59 DEBUG: Order 120 arrived: items_required = [4102, 2884, 5321].     [orders_in_system = 100]
2026-07-12 14:34:59 DEBUG:    EVENT NUM 452   current_time = 00:03:30   END_PICKING           [queue size = 70]
2026-07-12 14:34:59 DEBUG: Ended picking at workstation 2.    [picking_buffer len = {}]
2026-07-12 14:34:59 DEBUG: Task should have served orders {62, 31}, found open orders {58, 92, 62, 31}.
2026-07-12 14:34:59 DEBUG: Task 19 completed: pod 124 returning to storage.
2026-07-12 14:34:59 DEBUG:    EVENT NUM 453   current_time = 00:03:30   CLOSE_ORDER           [queue size = 72]
2026-07-12 14:34:59 DEBUG: Order 62 closed at workstation 2: flow_time = 210.5 s.     [order_buffer = 5] [open_orders = 3/4]
2026-07-12 14:34:59 DEBUG: Next order in buffer: 44
2026-07-12 14:34:59 DEBUG:    EVENT NUM 454   current_time = 00:03:30   CLOSE_ORDER           [queue size = 72]
2026-07-12 14:34:59 DEBUG: Order 31 closed at workstation 2: flow_time = 210.5 s.     [order_buffer = 4] [open_orders = 2/4]
2026-07-12 14:34:59 DEBUG: Next order in buffer: 25
2026-07-12 14:34:59 DEBUG:    EVENT NUM 455   current_time = 00:03:30   OPEN_ORDER            [queue size = 72]
2026-07-12 14:34:59 DEBUG: Order 44 (skus required = {1997}) opened at workstation 2.   [open_orders = 3/4]
2026-07-12 14:34:59 DEBUG:    EVENT NUM 456   current_time = 00:03:30   OPEN_ORDER            [queue size = 72]
2026-07-12 14:34:59 DEBUG: Order 25 (skus required = {1860, 3007}) opened at workstation 2.   [open_orders = 4/4]
2026-07-12 14:34:59 DEBUG:    EVENT NUM 457   current_time = 00:03:30   START_TASK            [queue size = 72]
2026-07-12 14:34:59 DEBUG: Task 37 blocked: no idle robots.
2026-07-12 14:34:59 DEBUG:    EVENT NUM 458   current_time = 00:03:30   START_TASK            [queue size = 71]
2026-07-12 14:34:59 DEBUG: Task 37 blocked: no idle robots.
2026-07-12 14:34:59 DEBUG:    EVENT NUM 459   current_time = 00:03:30   ARRIVAL_POD_WST       [queue size = 70]
2026-07-12 14:34:59 DEBUG: Pod 86 arrived at workstation 3 - status = BUSY
2026-07-12 14:34:59 DEBUG: Pod queued at workstation.    [picking_buffer = {58: 210.6899003011405}]
2026-07-12 14:34:59 DEBUG:    EVENT NUM 460   current_time = 00:03:31   RELEASE_TASK          [queue size = 69]
2026-07-12 14:34:59 DEBUG: Task 91 released: pod 579 required by workstation(s) [5, 5].  [released tasks = 43]
2026-07-12 14:34:59 DEBUG:    EVENT NUM 461   current_time = 00:03:33   RELEASE_TASK          [queue size = 68]
2026-07-12 14:34:59 DEBUG: Task 92 released: pod 266 required by workstation(s) [7].  [released tasks = 44]
2026-07-12 14:34:59 DEBUG:    EVENT NUM 462   current_time = 00:03:34   ARRIVAL_POD_WST       [queue size = 67]
2026-07-12 14:34:59 DEBUG: Pod 31 arrived at workstation 2 - status = IDLE
2026-07-12 14:34:59 DEBUG: Pod queued at workstation.    [picking_buffer = {49: 214.1815435516918}]
2026-07-12 14:34:59 DEBUG:    EVENT NUM 463   current_time = 00:03:34   START_PICKING         [queue size = 67]
2026-07-12 14:34:59 DEBUG: Processing task 49 at workstation 2: picking items {7352, 3677} for orders {58, 92}
2026-07-12 14:34:59 DEBUG:    EVENT NUM 464   current_time = 00:03:35   END_PICKING           [queue size = 67]
2026-07-12 14:34:59 DEBUG: Ended picking at workstation 1.    [picking_buffer len = {46: 205.16582821250927}]
2026-07-12 14:34:59 DEBUG: Task should have served orders {99}, found open orders {99, 40, 11, 19}.
2026-07-12 14:34:59 DEBUG: Task 25 completed: pod 295 returning to storage.
2026-07-12 14:34:59 DEBUG:    EVENT NUM 465   current_time = 00:03:35   START_PICKING         [queue size = 68]
2026-07-12 14:34:59 DEBUG: Processing task 46 at workstation 1: picking items {6149} for orders {99}
2026-07-12 14:34:59 DEBUG:    EVENT NUM 466   current_time = 00:03:35   RELEASE_TASK          [queue size = 68]
2026-07-12 14:34:59 DEBUG: Task 93 released: pod 286 required by workstation(s) [4].  [released tasks = 45]
2026-07-12 14:34:59 DEBUG:    EVENT NUM 467   current_time = 00:03:36   END_PICKING           [queue size = 67]
2026-07-12 14:34:59 DEBUG: Ended picking at workstation 3.    [picking_buffer len = {58: 210.6899003011405}]
2026-07-12 14:34:59 DEBUG: Task should have served orders {60}, found open orders {0, 98, 37, 60}.
2026-07-12 14:34:59 DEBUG: Task 47 heading to workstation 3.
2026-07-12 14:34:59 DEBUG:    EVENT NUM 468   current_time = 00:03:36   ARRIVAL_POD_WST       [queue size = 68]
2026-07-12 14:34:59 DEBUG: Pod 241 arrived at workstation 3 - status = IDLE
2026-07-12 14:34:59 DEBUG: Pod queued at workstation.    [picking_buffer = {58: 210.6899003011405, 47: 216.55402231676294}]
2026-07-12 14:34:59 DEBUG:    EVENT NUM 469   current_time = 00:03:36   START_PICKING         [queue size = 68]
2026-07-12 14:34:59 DEBUG: Processing task 58 at workstation 3: picking items {1750} for orders {98}
2026-07-12 14:34:59 DEBUG:    EVENT NUM 470   current_time = 00:03:36   START_PICKING         [queue size = 68]
2026-07-12 14:34:59 DEBUG:    EVENT NUM 471   current_time = 00:03:37   RELEASE_TASK          [queue size = 67]
2026-07-12 14:34:59 DEBUG: Task 94 released: pod 516 required by workstation(s) [5].  [released tasks = 46]
2026-07-12 14:34:59 DEBUG:    EVENT NUM 472   current_time = 00:03:40   ARRIVAL_ORDER         [queue size = 66]
2026-07-12 14:34:59 DEBUG: Order 121 arrived: items_required = [6111].     [orders_in_system = 99]
2026-07-12 14:34:59 DEBUG:    EVENT NUM 473   current_time = 00:03:40   RELEASE_TASK          [queue size = 66]
2026-07-12 14:34:59 DEBUG: Task 95 released: pod 168 required by workstation(s) [7].  [released tasks = 47]
2026-07-12 14:34:59 DEBUG:    EVENT NUM 474   current_time = 00:03:40   ARRIVAL_POD_WST       [queue size = 65]
2026-07-12 14:34:59 DEBUG: Pod 233 arrived at workstation 3 - status = BUSY
2026-07-12 14:34:59 DEBUG: Pod queued at workstation.    [picking_buffer = {47: 216.55402231676294, 63: 220.95155255665912}]
2026-07-12 14:34:59 DEBUG:    EVENT NUM 475   current_time = 00:03:42   RELEASE_TASK          [queue size = 64]
2026-07-12 14:34:59 DEBUG: Task 96 released: pod 99 required by workstation(s) [7, 7].  [released tasks = 48]
2026-07-12 14:34:59 DEBUG:    EVENT NUM 476   current_time = 00:03:44   RELEASE_TASK          [queue size = 63]
2026-07-12 14:34:59 DEBUG: Task 97 released: pod 129 required by workstation(s) [4, 4].  [released tasks = 49]
2026-07-12 14:34:59 DEBUG:    EVENT NUM 477   current_time = 00:03:45   END_PICKING           [queue size = 62]
2026-07-12 14:34:59 DEBUG: Ended picking at workstation 1.    [picking_buffer len = {}]
2026-07-12 14:34:59 DEBUG: Task should have served orders {99}, found open orders {99, 40, 11, 19}.
2026-07-12 14:34:59 DEBUG: Task 46 completed: pod 113 returning to storage.
2026-07-12 14:34:59 DEBUG:    EVENT NUM 478   current_time = 00:03:45   CLOSE_ORDER           [queue size = 63]
2026-07-12 14:34:59 DEBUG: Order 99 closed at workstation 1: flow_time = 225.4 s.     [order_buffer = 1] [open_orders = 3/4]
2026-07-12 14:34:59 DEBUG: Next order in buffer: 95
2026-07-12 14:34:59 DEBUG:    EVENT NUM 479   current_time = 00:03:45   OPEN_ORDER            [queue size = 63]
2026-07-12 14:34:59 DEBUG: Order 95 (skus required = {2589, 2239}) opened at workstation 1.   [open_orders = 4/4]
2026-07-12 14:34:59 DEBUG:    EVENT NUM 480   current_time = 00:03:45   START_TASK            [queue size = 63]
2026-07-12 14:34:59 DEBUG: Task 37 blocked: no idle robots.
2026-07-12 14:34:59 DEBUG:    EVENT NUM 481   current_time = 00:03:46   END_PICKING           [queue size = 62]
2026-07-12 14:34:59 DEBUG: Ended picking at workstation 3.    [picking_buffer len = {47: 216.55402231676294, 63: 220.95155255665912}]
2026-07-12 14:34:59 DEBUG: Task should have served orders {98}, found open orders {0, 98, 37, 60}.
2026-07-12 14:34:59 DEBUG: Task 58 completed: pod 86 returning to storage.
2026-07-12 14:34:59 DEBUG:    EVENT NUM 482   current_time = 00:03:46   CLOSE_ORDER           [queue size = 64]
2026-07-12 14:34:59 DEBUG: Order 98 closed at workstation 3: flow_time = 226.6 s.     [order_buffer = 5] [open_orders = 3/4]
2026-07-12 14:34:59 DEBUG: Next order in buffer: 50
2026-07-12 14:34:59 DEBUG:    EVENT NUM 483   current_time = 00:03:46   START_PICKING         [queue size = 64]
2026-07-12 14:34:59 DEBUG: Processing task 47 at workstation 3: picking items {5426} for orders {37}
2026-07-12 14:34:59 DEBUG:    EVENT NUM 484   current_time = 00:03:46   OPEN_ORDER            [queue size = 64]
2026-07-12 14:34:59 DEBUG: Order 50 (skus required = {4232}) opened at workstation 3.   [open_orders = 4/4]
2026-07-12 14:34:59 DEBUG:    EVENT NUM 485   current_time = 00:03:46   START_TASK            [queue size = 64]
2026-07-12 14:34:59 DEBUG: Task 37 blocked: no idle robots.
2026-07-12 14:34:59 DEBUG:    EVENT NUM 486   current_time = 00:03:47   ARRIVAL_POD_WST       [queue size = 63]
2026-07-12 14:34:59 DEBUG: Pod 176 arrived at workstation 1 - status = IDLE
2026-07-12 14:34:59 DEBUG: Pod queued at workstation.    [picking_buffer = {48: 227.02898112620153}]
2026-07-12 14:34:59 DEBUG:    EVENT NUM 487   current_time = 00:03:47   START_PICKING         [queue size = 63]
2026-07-12 14:34:59 DEBUG: Processing task 48 at workstation 1: picking items {2951} for orders {11}
2026-07-12 14:34:59 DEBUG:    EVENT NUM 488   current_time = 00:03:47   RELEASE_TASK          [queue size = 63]
2026-07-12 14:34:59 DEBUG: Task 98 released: pod 426 required by workstation(s) [5].  [released tasks = 50]
2026-07-12 14:34:59 DEBUG:    EVENT NUM 489   current_time = 00:03:48   RETURN_POD            [queue size = 62]
2026-07-12 14:34:59 DEBUG: Pod 202 returned. Robot 27 idle.   [idle robots = 1/30, released tasks = 50]
2026-07-12 14:34:59 DEBUG:    EVENT NUM 490   current_time = 00:03:48   START_TASK            [queue size = 62]
2026-07-12 14:34:59 DEBUG: Task 37 started: robot 27 → pod 407 → workstation 0 for orders {76} (arrival = 268.2 s).   [idle robots = 0/30]
2026-07-12 14:34:59 DEBUG:    EVENT NUM 491   current_time = 00:03:49   END_PICKING           [queue size = 62]
2026-07-12 14:34:59 DEBUG: Ended picking at workstation 2.    [picking_buffer len = {}]
2026-07-12 14:34:59 DEBUG: Task should have served orders {58, 92}, found open orders {44, 25, 58, 92}.
2026-07-12 14:34:59 DEBUG: Task 49 heading to workstation 2.
2026-07-12 14:34:59 DEBUG:    EVENT NUM 492   current_time = 00:03:49   CLOSE_ORDER           [queue size = 63]
2026-07-12 14:34:59 DEBUG: Order 58 closed at workstation 2: flow_time = 229.2 s.     [order_buffer = 3] [open_orders = 3/4]
2026-07-12 14:34:59 DEBUG: Next order in buffer: 34
2026-07-12 14:34:59 DEBUG:    EVENT NUM 493   current_time = 00:03:49   ARRIVAL_POD_WST       [queue size = 63]
2026-07-12 14:34:59 DEBUG: Pod 31 arrived at workstation 2 - status = IDLE
2026-07-12 14:34:59 DEBUG: Pod queued at workstation.    [picking_buffer = {49: 229.1815435516918}]
2026-07-12 14:34:59 DEBUG:    EVENT NUM 494   current_time = 00:03:49   OPEN_ORDER            [queue size = 63]
2026-07-12 14:34:59 DEBUG: Order 34 (skus required = {2874, 6667}) opened at workstation 2.   [open_orders = 4/4]
2026-07-12 14:34:59 DEBUG:    EVENT NUM 495   current_time = 00:03:49   START_PICKING         [queue size = 64]
2026-07-12 14:34:59 DEBUG: start_picking: WS 2 has no actionable task in buffer.
2026-07-12 14:34:59 DEBUG:    EVENT NUM 496   current_time = 00:03:49   START_TASK            [queue size = 63]
2026-07-12 14:34:59 DEBUG: Task 38 blocked: no idle robots.
2026-07-12 14:34:59 DEBUG:    EVENT NUM 497   current_time = 00:03:49   START_PICKING         [queue size = 62]
2026-07-12 14:34:59 DEBUG: start_picking: WS 2 has no actionable task in buffer.
2026-07-12 14:34:59 DEBUG:    EVENT NUM 498   current_time = 00:03:49   RELEASE_TASK          [queue size = 61]
2026-07-12 14:34:59 DEBUG: Task 99 released: pod 268 required by workstation(s) [5].  [released tasks = 50]
2026-07-12 14:34:59 DEBUG:    EVENT NUM 499   current_time = 00:03:50   ARRIVAL_ORDER         [queue size = 60]
2026-07-12 14:34:59 DEBUG: Order 122 arrived: items_required = [5447].     [orders_in_system = 97]
2026-07-12 14:34:59 DEBUG:    EVENT NUM 500   current_time = 00:03:50   ARRIVAL_POD_WST       [queue size = 60]
2026-07-12 14:34:59 DEBUG: Pod 448 arrived at workstation 3 - status = BUSY
2026-07-12 14:34:59 DEBUG: Pod queued at workstation.    [picking_buffer = {63: 220.95155255665912, 54: 230.0202772126899}]
2026-07-12 14:34:59 DEBUG:    EVENT NUM 501   current_time = 00:03:51   RELEASE_TASK          [queue size = 59]
2026-07-12 14:34:59 DEBUG: Task 100 released: pod 549 required by workstation(s) [7].  [released tasks = 51]
2026-07-12 14:34:59 DEBUG:    EVENT NUM 502   current_time = 00:03:53   ARRIVAL_POD_WST       [queue size = 58]
2026-07-12 14:34:59 DEBUG: Pod 177 arrived at workstation 0 - status = IDLE
2026-07-12 14:34:59 DEBUG: Pod queued at workstation.    [picking_buffer = {27: 233.93892807660058}]
2026-07-12 14:34:59 DEBUG:    EVENT NUM 503   current_time = 00:03:53   START_PICKING         [queue size = 58]
2026-07-12 14:34:59 DEBUG: Processing task 27 at workstation 0: picking items {8650} for orders {74}
2026-07-12 14:34:59 DEBUG:    EVENT NUM 504   current_time = 00:03:54   RELEASE_TASK          [queue size = 58]
2026-07-12 14:34:59 DEBUG: Task 101 released: pod 598 required by workstation(s) [5].  [released tasks = 52]
2026-07-12 14:34:59 DEBUG:    EVENT NUM 505   current_time = 00:03:56   RELEASE_TASK          [queue size = 57]
2026-07-12 14:34:59 DEBUG: Task 102 released: pod 586 required by workstation(s) [5].  [released tasks = 53]
2026-07-12 14:34:59 DEBUG:    EVENT NUM 506   current_time = 00:03:56   END_PICKING           [queue size = 56]
2026-07-12 14:34:59 DEBUG: Ended picking at workstation 3.    [picking_buffer len = {63: 220.95155255665912, 54: 230.0202772126899}]
2026-07-12 14:34:59 DEBUG: Task should have served orders {37}, found open orders {0, 37, 50, 60}.
2026-07-12 14:34:59 DEBUG: Task 47 completed: pod 241 returning to storage.
2026-07-12 14:34:59 DEBUG:    EVENT NUM 507   current_time = 00:03:56   CLOSE_ORDER           [queue size = 58]
2026-07-12 14:34:59 DEBUG: Order 37 closed at workstation 3: flow_time = 236.6 s.     [order_buffer = 4] [open_orders = 3/4]
2026-07-12 14:34:59 DEBUG: Next order in buffer: 82
2026-07-12 14:34:59 DEBUG:    EVENT NUM 508   current_time = 00:03:56   START_PICKING         [queue size = 58]
2026-07-12 14:34:59 DEBUG: Processing task 63 at workstation 3: picking items {355} for orders {60}
2026-07-12 14:34:59 DEBUG:    EVENT NUM 509   current_time = 00:03:56   OPEN_ORDER            [queue size = 58]
2026-07-12 14:34:59 DEBUG: Order 82 (skus required = {4665, 3315}) opened at workstation 3.   [open_orders = 4/4]
2026-07-12 14:34:59 DEBUG:    EVENT NUM 510   current_time = 00:03:56   START_TASK            [queue size = 58]
2026-07-12 14:34:59 DEBUG: Task 38 blocked: no idle robots.
2026-07-12 14:34:59 DEBUG:    EVENT NUM 511   current_time = 00:03:57   END_PICKING           [queue size = 57]
2026-07-12 14:34:59 DEBUG: Ended picking at workstation 1.    [picking_buffer len = {}]
2026-07-12 14:34:59 DEBUG: Task should have served orders {11}, found open orders {40, 11, 19, 95}.
2026-07-12 14:34:59 DEBUG: Task 48 completed: pod 176 returning to storage.
2026-07-12 14:34:59 DEBUG:    EVENT NUM 512   current_time = 00:03:57   CLOSE_ORDER           [queue size = 58]
2026-07-12 14:34:59 DEBUG: Order 11 closed at workstation 1: flow_time = 237.0 s.     [order_buffer = 0] [open_orders = 3/4]
2026-07-12 14:34:59 DEBUG:    EVENT NUM 513   current_time = 00:03:58   RELEASE_TASK          [queue size = 57]
2026-07-12 14:34:59 DEBUG: Task 103 released: pod 182 required by workstation(s) [5, 5].  [released tasks = 54]
2026-07-12 14:34:59 DEBUG:    EVENT NUM 514   current_time = 00:04:00   ARRIVAL_ORDER         [queue size = 56]
2026-07-12 14:34:59 DEBUG: Order 123 arrived: items_required = [5952].     [orders_in_system = 96]
2026-07-12 14:34:59 DEBUG:    EVENT NUM 515   current_time = 00:04:01   RELEASE_TASK          [queue size = 56]
2026-07-12 14:34:59 DEBUG: Task 104 released: pod 50 required by workstation(s) [6].  [released tasks = 55]
2026-07-12 14:34:59 DEBUG:    EVENT NUM 516   current_time = 00:04:03   RELEASE_TASK          [queue size = 55]
2026-07-12 14:34:59 DEBUG: Task 105 released: pod 148 required by workstation(s) [4].  [released tasks = 56]
2026-07-12 14:34:59 DEBUG:    EVENT NUM 517   current_time = 00:04:03   END_PICKING           [queue size = 54]
2026-07-12 14:34:59 DEBUG: Ended picking at workstation 0.    [picking_buffer len = {}]
2026-07-12 14:34:59 DEBUG: Task should have served orders {74}, found open orders {74, 45, 53, 28}.
2026-07-12 14:34:59 DEBUG: Task 27 completed: pod 177 returning to storage.
2026-07-12 14:34:59 DEBUG:    EVENT NUM 518   current_time = 00:04:03   CLOSE_ORDER           [queue size = 55]
2026-07-12 14:34:59 DEBUG: Order 74 closed at workstation 0: flow_time = 243.9 s.     [order_buffer = 10] [open_orders = 3/4]
2026-07-12 14:34:59 DEBUG: Next order in buffer: 76
2026-07-12 14:34:59 DEBUG:    EVENT NUM 519   current_time = 00:04:03   OPEN_ORDER            [queue size = 55]
2026-07-12 14:34:59 DEBUG: Order 76 (skus required = {4528, 7795}) opened at workstation 0.   [open_orders = 4/4]
2026-07-12 14:34:59 DEBUG:    EVENT NUM 520   current_time = 00:04:03   START_TASK            [queue size = 55]
2026-07-12 14:34:59 DEBUG: Task 38 blocked: no idle robots.
2026-07-12 14:34:59 DEBUG:    EVENT NUM 521   current_time = 00:04:05   RELEASE_TASK          [queue size = 54]
2026-07-12 14:34:59 DEBUG: Task 106 released: pod 152 required by workstation(s) [5].  [released tasks = 57]
2026-07-12 14:34:59 DEBUG:    EVENT NUM 522   current_time = 00:04:06   END_PICKING           [queue size = 53]
2026-07-12 14:34:59 DEBUG: Ended picking at workstation 3.    [picking_buffer len = {54: 230.0202772126899}]
2026-07-12 14:34:59 DEBUG: Task should have served orders {60}, found open orders {0, 50, 82, 60}.
2026-07-12 14:34:59 DEBUG: Task 63 completed: pod 233 returning to storage.
2026-07-12 14:34:59 DEBUG:    EVENT NUM 523   current_time = 00:04:06   START_PICKING         [queue size = 54]
2026-07-12 14:34:59 DEBUG: Processing task 54 at workstation 3: picking items {1207} for orders {0}
2026-07-12 14:34:59 DEBUG:    EVENT NUM 524   current_time = 00:04:07   RETURN_POD            [queue size = 54]
2026-07-12 14:34:59 DEBUG: Pod 443 returned. Robot 12 idle.   [idle robots = 1/30, released tasks = 57]
2026-07-12 14:34:59 DEBUG:    EVENT NUM 525   current_time = 00:04:07   START_TASK            [queue size = 54]
2026-07-12 14:34:59 DEBUG: Task 38 started: robot 12 → pod 259 → workstation 0 for orders {76} (arrival = 305.7 s).   [idle robots = 0/30]
2026-07-12 14:34:59 DEBUG:    EVENT NUM 526   current_time = 00:04:07   RELEASE_TASK          [queue size = 54]
2026-07-12 14:34:59 DEBUG: Task 107 released: pod 589 required by workstation(s) [4].  [released tasks = 57]
2026-07-12 14:34:59 DEBUG:    EVENT NUM 527   current_time = 00:04:08   RETURN_POD            [queue size = 53]
2026-07-12 14:34:59 DEBUG: Pod 190 returned. Robot 14 idle.   [idle robots = 1/30, released tasks = 57]
2026-07-12 14:34:59 DEBUG:    EVENT NUM 528   current_time = 00:04:08   START_TASK            [queue size = 53]
2026-07-12 14:34:59 DEBUG: Task 39 started: robot 14 → pod 496 → workstation 1 for orders {40} (arrival = 346.6 s).   [idle robots = 0/30]
2026-07-12 14:34:59 DEBUG:    EVENT NUM 529   current_time = 00:04:10   ARRIVAL_ORDER         [queue size = 53]
2026-07-12 14:34:59 DEBUG: Order 124 arrived: items_required = [3822].     [orders_in_system = 96]
2026-07-12 14:34:59 DEBUG:    EVENT NUM 530   current_time = 00:04:10   RELEASE_TASK          [queue size = 53]
2026-07-12 14:34:59 DEBUG: Task 108 released: pod 234 required by workstation(s) [5].  [released tasks = 57]
2026-07-12 14:34:59 DEBUG:    EVENT NUM 531   current_time = 00:04:11   RETURN_POD            [queue size = 52]
2026-07-12 14:34:59 DEBUG: Pod 569 returned. Robot 8 idle.   [idle robots = 1/30, released tasks = 57]
2026-07-12 14:34:59 DEBUG:    EVENT NUM 532   current_time = 00:04:11   START_TASK            [queue size = 52]
2026-07-12 14:34:59 DEBUG: Task 40 started: robot 8 → pod 2 → workstation 1 for orders {95} (arrival = 377.8 s).   [idle robots = 0/30]
2026-07-12 14:34:59 DEBUG:    EVENT NUM 533   current_time = 00:04:12   ARRIVAL_POD_WST       [queue size = 52]
2026-07-12 14:34:59 DEBUG: Pod 3 arrived at workstation 0 - status = IDLE
2026-07-12 14:34:59 DEBUG: Pod queued at workstation.    [picking_buffer = {29: 252.22669295743646}]
2026-07-12 14:34:59 DEBUG:    EVENT NUM 534   current_time = 00:04:12   START_PICKING         [queue size = 52]
2026-07-12 14:34:59 DEBUG: Processing task 29 at workstation 0: picking items {1208} for orders {28}
2026-07-12 14:34:59 DEBUG:    EVENT NUM 535   current_time = 00:04:12   RELEASE_TASK          [queue size = 52]
2026-07-12 14:34:59 DEBUG: Task 109 released: pod 397 required by workstation(s) [7].  [released tasks = 57]
2026-07-12 14:34:59 DEBUG:    EVENT NUM 536   current_time = 00:04:14   RELEASE_TASK          [queue size = 51]
2026-07-12 14:34:59 DEBUG: Task 110 released: pod 218 required by workstation(s) [7].  [released tasks = 58]
2026-07-12 14:34:59 DEBUG:    EVENT NUM 537   current_time = 00:04:15   RETURN_POD            [queue size = 50]
2026-07-12 14:34:59 DEBUG: Pod 60 returned. Robot 4 idle.   [idle robots = 1/30, released tasks = 58]
2026-07-12 14:34:59 DEBUG:    EVENT NUM 538   current_time = 00:04:15   START_TASK            [queue size = 50]
2026-07-12 14:34:59 DEBUG: Task 41 started: robot 4 → pod 456 → workstation 0 for orders {86} (arrival = 292.5 s).   [idle robots = 0/30]
2026-07-12 14:34:59 DEBUG:    EVENT NUM 539   current_time = 00:04:16   END_PICKING           [queue size = 50]
2026-07-12 14:34:59 DEBUG: Ended picking at workstation 3.    [picking_buffer len = {}]
2026-07-12 14:34:59 DEBUG: Task should have served orders {0}, found open orders {0, 50, 82, 60}.
2026-07-12 14:34:59 DEBUG: Task 54 completed: pod 448 returning to storage.
2026-07-12 14:34:59 DEBUG:    EVENT NUM 540   current_time = 00:04:16   CLOSE_ORDER           [queue size = 51]
2026-07-12 14:34:59 DEBUG: Order 0 closed at workstation 3: flow_time = 256.6 s.     [order_buffer = 3] [open_orders = 3/4]
2026-07-12 14:34:59 DEBUG: Next order in buffer: 9
2026-07-12 14:34:59 DEBUG:    EVENT NUM 541   current_time = 00:04:16   OPEN_ORDER            [queue size = 51]
2026-07-12 14:34:59 DEBUG: Order 9 (skus required = {4950, 4023}) opened at workstation 3.   [open_orders = 4/4]
2026-07-12 14:34:59 DEBUG:    EVENT NUM 542   current_time = 00:04:16   START_TASK            [queue size = 51]
2026-07-12 14:34:59 DEBUG: Task 43 blocked: no orders in {0: [56]} is open yet.  [released tasks = 56]
2026-07-12 14:34:59 DEBUG: Task 50 blocked: no orders in {0: [59]} is open yet.  [released tasks = 55]
2026-07-12 14:34:59 DEBUG: Task 51 blocked: no idle robots.
2026-07-12 14:34:59 DEBUG:    EVENT NUM 543   current_time = 00:04:17   RELEASE_TASK          [queue size = 50]
2026-07-12 14:34:59 DEBUG: Task 111 released: pod 242 required by workstation(s) [5].  [released tasks = 58]
2026-07-12 14:34:59 DEBUG:    EVENT NUM 544   current_time = 00:04:19   RELEASE_TASK          [queue size = 49]
2026-07-12 14:34:59 DEBUG: Task 112 released: pod 553 required by workstation(s) [4].  [released tasks = 59]
2026-07-12 14:34:59 DEBUG:    EVENT NUM 545   current_time = 00:04:20   ARRIVAL_ORDER         [queue size = 48]
2026-07-12 14:34:59 DEBUG: Order 125 arrived: items_required = [1330, 4586].     [orders_in_system = 96]
2026-07-12 14:34:59 DEBUG:    EVENT NUM 546   current_time = 00:04:21   ARRIVAL_POD_WST       [queue size = 48]
2026-07-12 14:34:59 DEBUG: Pod 76 arrived at workstation 0 - status = BUSY
2026-07-12 14:34:59 DEBUG: Pod queued at workstation.    [picking_buffer = {32: 261.288770324542}]
2026-07-12 14:34:59 DEBUG:    EVENT NUM 547   current_time = 00:04:21   RELEASE_TASK          [queue size = 47]
2026-07-12 14:34:59 DEBUG: Task 113 released: pod 47 required by workstation(s) [5].  [released tasks = 60]
2026-07-12 14:34:59 DEBUG:    EVENT NUM 548   current_time = 00:04:22   END_PICKING           [queue size = 46]
2026-07-12 14:34:59 DEBUG: Ended picking at workstation 0.    [picking_buffer len = {32: 261.288770324542}]
2026-07-12 14:34:59 DEBUG: Task should have served orders {28}, found open orders {76, 45, 53, 28}.
2026-07-12 14:34:59 DEBUG: Task 29 completed: pod 3 returning to storage.
2026-07-12 14:34:59 DEBUG:    EVENT NUM 549   current_time = 00:04:22   START_PICKING         [queue size = 47]
2026-07-12 14:34:59 DEBUG: Processing task 32 at workstation 0: picking items {5206} for orders {28}
2026-07-12 14:34:59 DEBUG:    EVENT NUM 550   current_time = 00:04:22   RETURN_POD            [queue size = 47]
2026-07-12 14:34:59 DEBUG: Pod 573 returned. Robot 17 idle.   [idle robots = 1/30, released tasks = 60]
2026-07-12 14:34:59 DEBUG:    EVENT NUM 551   current_time = 00:04:22   START_TASK            [queue size = 47]
2026-07-12 14:34:59 DEBUG: Task 43 blocked: no orders in {0: [56]} is open yet.  [released tasks = 59]
2026-07-12 14:34:59 DEBUG: Task 50 blocked: no orders in {0: [59]} is open yet.  [released tasks = 58]
2026-07-12 14:34:59 DEBUG: Task 51 started: robot 17 → pod 550 → workstation 2 for orders {92} (arrival = 339.5 s).   [idle robots = 0/30]
2026-07-12 14:34:59 DEBUG:    EVENT NUM 552   current_time = 00:04:24   RELEASE_TASK          [queue size = 47]
2026-07-12 14:34:59 DEBUG: Task 114 released: pod 80 required by workstation(s) [6].  [released tasks = 60]
2026-07-12 14:34:59 DEBUG:    EVENT NUM 553   current_time = 00:04:24   ARRIVAL_POD_WST       [queue size = 46]
2026-07-12 14:34:59 DEBUG: Pod 11 arrived at workstation 1 - status = IDLE
2026-07-12 14:34:59 DEBUG: Pod queued at workstation.    [picking_buffer = {30: 264.1085008860867}]
2026-07-12 14:34:59 DEBUG:    EVENT NUM 554   current_time = 00:04:24   START_PICKING         [queue size = 46]
2026-07-12 14:34:59 DEBUG: Processing task 30 at workstation 1: picking items {3633, 1734} for orders {40, 19}
2026-07-12 14:34:59 DEBUG:    EVENT NUM 555   current_time = 00:04:26   RELEASE_TASK          [queue size = 46]
2026-07-12 14:34:59 DEBUG: Task 115 released: pod 367 required by workstation(s) [6].  [released tasks = 61]
2026-07-12 14:34:59 DEBUG:    EVENT NUM 556   current_time = 00:04:27   RETURN_POD            [queue size = 45]
2026-07-12 14:34:59 DEBUG: Pod 77 returned. Robot 9 idle.   [idle robots = 1/30, released tasks = 61]
2026-07-12 14:34:59 DEBUG:    EVENT NUM 557   current_time = 00:04:27   START_TASK            [queue size = 45]
2026-07-12 14:34:59 DEBUG: Task 43 blocked: no orders in {0: [56]} is open yet.  [released tasks = 60]
2026-07-12 14:34:59 DEBUG: Task 50 blocked: no orders in {0: [59]} is open yet.  [released tasks = 59]
2026-07-12 14:34:59 DEBUG: Task 53 blocked: no orders in {0: [83]} is open yet.  [released tasks = 58]
2026-07-12 14:34:59 DEBUG: Task 55 started: robot 9 → pod 111 → workstation 2 for orders {44} (arrival = 337.1 s).   [idle robots = 0/30]
2026-07-12 14:34:59 DEBUG:    EVENT NUM 558   current_time = 00:04:27   ARRIVAL_POD_WST       [queue size = 45]
2026-07-12 14:34:59 DEBUG: Pod 102 arrived at workstation 0 - status = BUSY
2026-07-12 14:34:59 DEBUG: Pod queued at workstation.    [picking_buffer = {44: 267.74834812647066}]
2026-07-12 14:34:59 DEBUG:    EVENT NUM 559   current_time = 00:04:28   ARRIVAL_POD_WST       [queue size = 44]
2026-07-12 14:34:59 DEBUG: Pod 407 arrived at workstation 0 - status = BUSY
2026-07-12 14:34:59 DEBUG: Pod queued at workstation.    [picking_buffer = {44: 267.74834812647066, 37: 268.15924765700316}]
2026-07-12 14:34:59 DEBUG:    EVENT NUM 560   current_time = 00:04:28   RELEASE_TASK          [queue size = 43]
2026-07-12 14:34:59 DEBUG: Task 116 released: pod 57 required by workstation(s) [7].  [released tasks = 61]
2026-07-12 14:34:59 DEBUG:    EVENT NUM 561   current_time = 00:04:30   ARRIVAL_ORDER         [queue size = 42]
2026-07-12 14:34:59 DEBUG: Order 126 arrived: items_required = [4026, 3021].     [orders_in_system = 97]
2026-07-12 14:34:59 DEBUG:    EVENT NUM 562   current_time = 00:04:31   RELEASE_TASK          [queue size = 42]
2026-07-12 14:34:59 DEBUG: Task 117 released: pod 149 required by workstation(s) [6].  [released tasks = 62]
2026-07-12 14:34:59 DEBUG:    EVENT NUM 563   current_time = 00:04:32   END_PICKING           [queue size = 41]
2026-07-12 14:34:59 DEBUG: Ended picking at workstation 0.    [picking_buffer len = {44: 267.74834812647066, 37: 268.15924765700316}]
2026-07-12 14:34:59 DEBUG: Task should have served orders {28}, found open orders {76, 45, 53, 28}.
2026-07-12 14:34:59 DEBUG: Task 32 completed: pod 76 returning to storage.
2026-07-12 14:34:59 DEBUG:    EVENT NUM 564   current_time = 00:04:32   CLOSE_ORDER           [queue size = 43]
2026-07-12 14:34:59 DEBUG: Order 28 closed at workstation 0: flow_time = 272.2 s.     [order_buffer = 9] [open_orders = 3/4]
2026-07-12 14:34:59 DEBUG: Next order in buffer: 86
2026-07-12 14:34:59 DEBUG:    EVENT NUM 565   current_time = 00:04:32   START_PICKING         [queue size = 43]
2026-07-12 14:34:59 DEBUG: Processing task 44 at workstation 0: picking items {2666} for orders {45}
2026-07-12 14:34:59 DEBUG:    EVENT NUM 566   current_time = 00:04:32   OPEN_ORDER            [queue size = 43]
2026-07-12 14:34:59 DEBUG: Order 86 (skus required = {2227}) opened at workstation 0.   [open_orders = 4/4]
2026-07-12 14:34:59 DEBUG:    EVENT NUM 567   current_time = 00:04:32   START_TASK            [queue size = 43]
2026-07-12 14:34:59 DEBUG: Task 43 blocked: no idle robots.
2026-07-12 14:34:59 DEBUG:    EVENT NUM 568   current_time = 00:04:33   RELEASE_TASK          [queue size = 42]
2026-07-12 14:34:59 DEBUG: Task 118 released: pod 55 required by workstation(s) [4].  [released tasks = 63]
2026-07-12 14:34:59 DEBUG:    EVENT NUM 569   current_time = 00:04:34   RETURN_POD            [queue size = 41]
2026-07-12 14:34:59 DEBUG: Pod 527 returned. Robot 23 idle.   [idle robots = 1/30, released tasks = 63]
2026-07-12 14:34:59 DEBUG:    EVENT NUM 570   current_time = 00:04:34   START_TASK            [queue size = 41]
2026-07-12 14:34:59 DEBUG: Task 43 started: robot 23 → pod 83 → workstation 0 for orders {56} (arrival = 345.9 s).   [idle robots = 0/30]
2026-07-12 14:34:59 DEBUG:    EVENT NUM 571   current_time = 00:04:35   RELEASE_TASK          [queue size = 41]
2026-07-12 14:34:59 DEBUG: Task 119 released: pod 277 required by workstation(s) [5].  [released tasks = 63]
2026-07-12 14:34:59 DEBUG:    EVENT NUM 572   current_time = 00:04:37   RELEASE_TASK          [queue size = 40]
2026-07-12 14:34:59 DEBUG: Task 120 released: pod 364 required by workstation(s) [6].  [released tasks = 64]
2026-07-12 14:34:59 DEBUG:    EVENT NUM 573   current_time = 00:04:39   END_PICKING           [queue size = 39]
2026-07-12 14:34:59 DEBUG: Ended picking at workstation 1.    [picking_buffer len = {}]
2026-07-12 14:34:59 DEBUG: Task should have served orders {40, 19}, found open orders {40, 19, 95}.
2026-07-12 14:34:59 DEBUG: Task 30 completed: pod 11 returning to storage.
2026-07-12 14:34:59 DEBUG:    EVENT NUM 574   current_time = 00:04:40   ARRIVAL_ORDER         [queue size = 39]
2026-07-12 14:34:59 DEBUG: Order 127 arrived: items_required = [6005].     [orders_in_system = 97]
2026-07-12 14:34:59 DEBUG:    EVENT NUM 575   current_time = 00:04:40   RELEASE_TASK          [queue size = 39]
2026-07-12 14:34:59 DEBUG: Task 121 released: pod 559 required by workstation(s) [4, 4].  [released tasks = 65]
2026-07-12 14:34:59 DEBUG:    EVENT NUM 576   current_time = 00:04:40   ARRIVAL_POD_WST       [queue size = 38]
2026-07-12 14:34:59 DEBUG: Pod 133 arrived at workstation 1 - status = IDLE
2026-07-12 14:34:59 DEBUG: Pod queued at workstation.    [picking_buffer = {36: 280.40411514945663}]
2026-07-12 14:34:59 DEBUG:    EVENT NUM 577   current_time = 00:04:40   START_PICKING         [queue size = 38]
2026-07-12 14:34:59 DEBUG: Processing task 36 at workstation 1: picking items {2384} for orders {19}
2026-07-12 14:34:59 DEBUG:    EVENT NUM 578   current_time = 00:04:42   END_PICKING           [queue size = 38]
2026-07-12 14:34:59 DEBUG: Ended picking at workstation 0.    [picking_buffer len = {37: 268.15924765700316}]
2026-07-12 14:34:59 DEBUG: Task should have served orders {45}, found open orders {76, 45, 53, 86}.
2026-07-12 14:34:59 DEBUG: Task 44 completed: pod 102 returning to storage.
2026-07-12 14:34:59 DEBUG:    EVENT NUM 579   current_time = 00:04:42   START_PICKING         [queue size = 39]
2026-07-12 14:34:59 DEBUG: Processing task 37 at workstation 0: picking items {4528} for orders {76}
2026-07-12 14:34:59 DEBUG:    EVENT NUM 580   current_time = 00:04:42   RELEASE_TASK          [queue size = 39]
2026-07-12 14:34:59 DEBUG: Task 122 released: pod 487 required by workstation(s) [6].  [released tasks = 66]
2026-07-12 14:34:59 DEBUG:    EVENT NUM 581   current_time = 00:04:44   RELEASE_TASK          [queue size = 38]
2026-07-12 14:34:59 DEBUG: Task 123 released: pod 377 required by workstation(s) [4].  [released tasks = 67]
2026-07-12 14:34:59 DEBUG:    EVENT NUM 582   current_time = 00:04:47   RELEASE_TASK          [queue size = 37]
2026-07-12 14:34:59 DEBUG: Task 124 released: pod 144 required by workstation(s) [6].  [released tasks = 68]
2026-07-12 14:34:59 DEBUG:    EVENT NUM 583   current_time = 00:04:48   ARRIVAL_POD_WST       [queue size = 36]
2026-07-12 14:34:59 DEBUG: Pod 203 arrived at workstation 3 - status = IDLE
2026-07-12 14:34:59 DEBUG: Pod queued at workstation.    [picking_buffer = {67: 288.0832213515714}]
2026-07-12 14:34:59 DEBUG:    EVENT NUM 584   current_time = 00:04:48   START_PICKING         [queue size = 36]
2026-07-12 14:34:59 DEBUG: Processing task 67 at workstation 3: picking items {4232} for orders {50}
2026-07-12 14:34:59 DEBUG:    EVENT NUM 585   current_time = 00:04:49   RELEASE_TASK          [queue size = 36]
2026-07-12 14:34:59 DEBUG: Task 125 released: pod 220 required by workstation(s) [7].  [released tasks = 69]
2026-07-12 14:34:59 DEBUG:    EVENT NUM 586   current_time = 00:04:50   ARRIVAL_ORDER         [queue size = 35]
2026-07-12 14:34:59 DEBUG: Order 128 arrived: items_required = [5903, 2658, 7507, 3644, 3370, 2746].     [orders_in_system = 98]
2026-07-12 14:34:59 DEBUG:    EVENT NUM 587   current_time = 00:04:50   END_PICKING           [queue size = 35]
2026-07-12 14:34:59 DEBUG: Ended picking at workstation 1.    [picking_buffer len = {}]
2026-07-12 14:34:59 DEBUG: Task should have served orders {19}, found open orders {40, 19, 95}.
2026-07-12 14:34:59 DEBUG: Task 36 completed: pod 133 returning to storage.
2026-07-12 14:34:59 DEBUG:    EVENT NUM 588   current_time = 00:04:50   CLOSE_ORDER           [queue size = 36]
2026-07-12 14:34:59 DEBUG: Order 19 closed at workstation 1: flow_time = 290.4 s.     [order_buffer = 0] [open_orders = 2/4]
2026-07-12 14:34:59 DEBUG:    EVENT NUM 589   current_time = 00:04:51   RELEASE_TASK          [queue size = 35]
2026-07-12 14:34:59 DEBUG: Task 126 released: pod 356 required by workstation(s) [5].  [released tasks = 70]
2026-07-12 14:34:59 DEBUG:    EVENT NUM 590   current_time = 00:04:52   ARRIVAL_POD_WST       [queue size = 34]
2026-07-12 14:34:59 DEBUG: Pod 163 arrived at workstation 1 - status = IDLE
2026-07-12 14:34:59 DEBUG: Pod queued at workstation.    [picking_buffer = {34: 292.2165191945729}]
2026-07-12 14:34:59 DEBUG:    EVENT NUM 591   current_time = 00:04:52   START_PICKING         [queue size = 34]
2026-07-12 14:34:59 DEBUG: Processing task 34 at workstation 1: picking items {2589} for orders {95}
2026-07-12 14:34:59 DEBUG:    EVENT NUM 592   current_time = 00:04:52   END_PICKING           [queue size = 34]
2026-07-12 14:34:59 DEBUG: Ended picking at workstation 0.    [picking_buffer len = {}]
2026-07-12 14:34:59 DEBUG: Task should have served orders {76}, found open orders {76, 45, 53, 86}.
2026-07-12 14:34:59 DEBUG: Task 37 completed: pod 407 returning to storage.
2026-07-12 14:34:59 DEBUG:    EVENT NUM 593   current_time = 00:04:52   ARRIVAL_POD_WST       [queue size = 34]
2026-07-12 14:34:59 DEBUG: Pod 456 arrived at workstation 0 - status = IDLE
2026-07-12 14:34:59 DEBUG: Pod queued at workstation.    [picking_buffer = {41: 292.5055824725441}]
2026-07-12 14:34:59 DEBUG:    EVENT NUM 594   current_time = 00:04:52   START_PICKING         [queue size = 34]
2026-07-12 14:34:59 DEBUG: Processing task 41 at workstation 0: picking items {2227} for orders {86}
2026-07-12 14:34:59 DEBUG:    EVENT NUM 595   current_time = 00:04:53   RETURN_POD            [queue size = 34]
2026-07-12 14:34:59 DEBUG: Pod 151 returned. Robot 22 idle.   [idle robots = 1/30, released tasks = 70]
2026-07-12 14:34:59 DEBUG:    EVENT NUM 596   current_time = 00:04:53   START_TASK            [queue size = 34]
2026-07-12 14:34:59 DEBUG: Task 50 blocked: no orders in {0: [59]} is open yet.  [released tasks = 69]
2026-07-12 14:34:59 DEBUG: Task 53 blocked: no orders in {0: [83]} is open yet.  [released tasks = 68]
2026-07-12 14:34:59 DEBUG: Task 56 blocked: no orders in {0: [1]} is open yet.  [released tasks = 67]
2026-07-12 14:34:59 DEBUG: Task 57 blocked: no orders in {0: [38]} is open yet.  [released tasks = 66]
2026-07-12 14:34:59 DEBUG: Task 59 blocked: no orders in {0: [7]} is open yet.  [released tasks = 65]
2026-07-12 14:34:59 DEBUG: Task 60 started: robot 22 → pod 385 → workstation 2 for orders {25} (arrival = 327.2 s).   [idle robots = 0/30]
2026-07-12 14:34:59 DEBUG:    EVENT NUM 597   current_time = 00:04:54   RELEASE_TASK          [queue size = 34]
2026-07-12 14:34:59 DEBUG: Task 127 released: pod 290 required by workstation(s) [5].  [released tasks = 70]
2026-07-12 14:34:59 DEBUG:    EVENT NUM 598   current_time = 00:04:56   RELEASE_TASK          [queue size = 33]
2026-07-12 14:34:59 DEBUG: Task 128 released: pod 507 required by workstation(s) [4].  [released tasks = 71]
2026-07-12 14:34:59 DEBUG:    EVENT NUM 599   current_time = 00:04:57   RETURN_POD            [queue size = 32]
2026-07-12 14:34:59 DEBUG: Pod 86 returned. Robot 15 idle.   [idle robots = 1/30, released tasks = 71]
2026-07-12 14:34:59 DEBUG:    EVENT NUM 600   current_time = 00:04:57   START_TASK            [queue size = 32]
2026-07-12 14:34:59 DEBUG: Task 50 blocked: no orders in {0: [59]} is open yet.  [released tasks = 70]
2026-07-12 14:34:59 DEBUG: Task 53 blocked: no orders in {0: [83]} is open yet.  [released tasks = 69]
2026-07-12 14:34:59 DEBUG: Task 56 blocked: no orders in {0: [1]} is open yet.  [released tasks = 68]
2026-07-12 14:34:59 DEBUG: Task 57 blocked: no orders in {0: [38]} is open yet.  [released tasks = 67]
2026-07-12 14:34:59 DEBUG: Task 59 blocked: no orders in {0: [7]} is open yet.  [released tasks = 66]
2026-07-12 14:34:59 DEBUG: Task 61 blocked: no orders in {0: [16]} is open yet.  [released tasks = 65]
2026-07-12 14:34:59 DEBUG: Task 62 started: robot 15 → pod 538 → workstation 2 for orders {25} (arrival = 329.5 s).   [idle robots = 0/30]
2026-07-12 14:34:59 DEBUG:    EVENT NUM 601   current_time = 00:04:58   END_PICKING           [queue size = 32]
2026-07-12 14:34:59 DEBUG: Ended picking at workstation 3.    [picking_buffer len = {}]
2026-07-12 14:34:59 DEBUG: Task should have served orders {50}, found open orders {9, 50, 82, 60}.
2026-07-12 14:34:59 DEBUG: Task 67 completed: pod 203 returning to storage.
2026-07-12 14:34:59 DEBUG:    EVENT NUM 602   current_time = 00:04:58   CLOSE_ORDER           [queue size = 33]
2026-07-12 14:34:59 DEBUG: Order 50 closed at workstation 3: flow_time = 298.1 s.     [order_buffer = 2] [open_orders = 3/4]
2026-07-12 14:34:59 DEBUG: Next order in buffer: 84
2026-07-12 14:34:59 DEBUG:    EVENT NUM 603   current_time = 00:04:58   OPEN_ORDER            [queue size = 33]
2026-07-12 14:34:59 DEBUG: Order 84 (skus required = {5064, 635, 5084}) opened at workstation 3.   [open_orders = 4/4]
2026-07-12 14:34:59 DEBUG:    EVENT NUM 604   current_time = 00:04:58   START_TASK            [queue size = 33]
2026-07-12 14:34:59 DEBUG: Task 50 blocked: no orders in {0: [59]} is open yet.  [released tasks = 69]
2026-07-12 14:34:59 DEBUG: Task 53 blocked: no orders in {0: [83]} is open yet.  [released tasks = 68]
2026-07-12 14:34:59 DEBUG: Task 56 blocked: no orders in {0: [1]} is open yet.  [released tasks = 67]
2026-07-12 14:34:59 DEBUG: Task 57 blocked: no orders in {0: [38]} is open yet.  [released tasks = 66]
2026-07-12 14:34:59 DEBUG: Task 59 blocked: no orders in {0: [7]} is open yet.  [released tasks = 65]
2026-07-12 14:34:59 DEBUG: Task 64 blocked: no idle robots.
2026-07-12 14:34:59 DEBUG:    EVENT NUM 605   current_time = 00:04:58   RELEASE_TASK          [queue size = 32]
2026-07-12 14:34:59 DEBUG: Task 129 released: pod 492 required by workstation(s) [6].  [released tasks = 71]
2026-07-12 14:34:59 DEBUG:    EVENT NUM 606   current_time = 00:05:00   ARRIVAL_ORDER         [queue size = 31]
2026-07-12 14:34:59 DEBUG: Order 129 arrived: items_required = [1939].     [orders_in_system = 97]
2026-07-12 14:34:59 DEBUG:    EVENT NUM 607   current_time = 00:05:01   RELEASE_TASK          [queue size = 31]
2026-07-12 14:34:59 DEBUG: Task 130 released: pod 590 required by workstation(s) [7].  [released tasks = 72]
2026-07-12 14:34:59 DEBUG:    EVENT NUM 608   current_time = 00:05:02   END_PICKING           [queue size = 30]
2026-07-12 14:34:59 DEBUG: Ended picking at workstation 1.    [picking_buffer len = {}]
2026-07-12 14:34:59 DEBUG: Task should have served orders {95}, found open orders {40, 95}.
2026-07-12 14:34:59 DEBUG: Task 34 completed: pod 163 returning to storage.
2026-07-12 14:34:59 DEBUG:    EVENT NUM 609   current_time = 00:05:02   END_PICKING           [queue size = 30]
2026-07-12 14:34:59 DEBUG: Ended picking at workstation 0.    [picking_buffer len = {}]
2026-07-12 14:34:59 DEBUG: Task should have served orders {86}, found open orders {76, 45, 53, 86}.
2026-07-12 14:34:59 DEBUG: Task 41 completed: pod 456 returning to storage.
2026-07-12 14:34:59 DEBUG:    EVENT NUM 610   current_time = 00:05:02   CLOSE_ORDER           [queue size = 31]
2026-07-12 14:34:59 DEBUG: Order 86 closed at workstation 0: flow_time = 302.5 s.     [order_buffer = 8] [open_orders = 3/4]
2026-07-12 14:34:59 DEBUG: Next order in buffer: 56
2026-07-12 14:34:59 DEBUG:    EVENT NUM 611   current_time = 00:05:02   OPEN_ORDER            [queue size = 31]
2026-07-12 14:34:59 DEBUG: Order 56 (skus required = {3661}) opened at workstation 0.   [open_orders = 4/4]
2026-07-12 14:34:59 DEBUG:    EVENT NUM 612   current_time = 00:05:02   START_TASK            [queue size = 31]
2026-07-12 14:34:59 DEBUG: Task 50 blocked: no idle robots.
2026-07-12 14:34:59 DEBUG:    EVENT NUM 613   current_time = 00:05:05   ARRIVAL_POD_WST       [queue size = 30]
2026-07-12 14:34:59 DEBUG: Pod 259 arrived at workstation 0 - status = IDLE
2026-07-12 14:34:59 DEBUG: Pod queued at workstation.    [picking_buffer = {38: 305.74718914667693}]
2026-07-12 14:34:59 DEBUG:    EVENT NUM 614   current_time = 00:05:05   START_PICKING         [queue size = 30]
2026-07-12 14:34:59 DEBUG: Processing task 38 at workstation 0: picking items {7795} for orders {76}
2026-07-12 14:34:59 DEBUG:    EVENT NUM 615   current_time = 00:05:10   ARRIVAL_ORDER         [queue size = 30]
2026-07-12 14:34:59 DEBUG: Order 130 arrived: items_required = [4990, 5779, 2556, 5042, 5006, 5507, 4468].     [orders_in_system = 97]
2026-07-12 14:34:59 DEBUG:    EVENT NUM 616   current_time = 00:05:11   RETURN_POD            [queue size = 30]
2026-07-12 14:34:59 DEBUG: Pod 104 returned. Robot 3 idle.   [idle robots = 1/30, released tasks = 72]
2026-07-12 14:34:59 DEBUG:    EVENT NUM 617   current_time = 00:05:11   START_TASK            [queue size = 30]
2026-07-12 14:34:59 DEBUG: Task 50 started: robot 3 → pod 558 → workstation 0 for orders {59} (arrival = 323.8 s).   [idle robots = 0/30]
2026-07-12 14:34:59 DEBUG:    EVENT NUM 618   current_time = 00:05:15   END_PICKING           [queue size = 30]
2026-07-12 14:34:59 DEBUG: Ended picking at workstation 0.    [picking_buffer len = {}]
2026-07-12 14:34:59 DEBUG: Task should have served orders {76}, found open orders {76, 45, 53, 56}.
2026-07-12 14:34:59 DEBUG: Task 38 completed: pod 259 returning to storage.
2026-07-12 14:34:59 DEBUG:    EVENT NUM 619   current_time = 00:05:15   CLOSE_ORDER           [queue size = 31]
2026-07-12 14:34:59 DEBUG: Order 76 closed at workstation 0: flow_time = 315.7 s.     [order_buffer = 7] [open_orders = 3/4]
2026-07-12 14:34:59 DEBUG: Next order in buffer: 59
2026-07-12 14:34:59 DEBUG:    EVENT NUM 620   current_time = 00:05:15   OPEN_ORDER            [queue size = 31]
2026-07-12 14:34:59 DEBUG: Order 59 (skus required = {7293}) opened at workstation 0.   [open_orders = 4/4]
2026-07-12 14:34:59 DEBUG:    EVENT NUM 621   current_time = 00:05:15   START_TASK            [queue size = 31]
2026-07-12 14:34:59 DEBUG: Task 53 blocked: no idle robots.
2026-07-12 14:34:59 DEBUG:    EVENT NUM 622   current_time = 00:05:17   RETURN_POD            [queue size = 30]
2026-07-12 14:34:59 DEBUG: Pod 113 returned. Robot 20 idle.   [idle robots = 1/30, released tasks = 71]
2026-07-12 14:34:59 DEBUG:    EVENT NUM 623   current_time = 00:05:17   START_TASK            [queue size = 30]
2026-07-12 14:34:59 DEBUG: Task 53 started: robot 20 → pod 506 → workstation 0 for orders {83} (arrival = 348.1 s).   [idle robots = 0/30]
2026-07-12 14:34:59 DEBUG:    EVENT NUM 624   current_time = 00:05:20   ARRIVAL_ORDER         [queue size = 30]
2026-07-12 14:34:59 DEBUG: Order 131 arrived: items_required = [3987, 1319].     [orders_in_system = 97]
2026-07-12 14:34:59 DEBUG:    EVENT NUM 625   current_time = 00:05:23   ARRIVAL_POD_WST       [queue size = 30]
2026-07-12 14:34:59 DEBUG: Pod 558 arrived at workstation 0 - status = IDLE
2026-07-12 14:34:59 DEBUG: Pod queued at workstation.    [picking_buffer = {50: 323.81917885726426}]
2026-07-12 14:34:59 DEBUG:    EVENT NUM 626   current_time = 00:05:23   START_PICKING         [queue size = 30]
2026-07-12 14:34:59 DEBUG: Processing task 50 at workstation 0: picking items {7293} for orders {59}
2026-07-12 14:34:59 DEBUG:    EVENT NUM 627   current_time = 00:05:27   RETURN_POD            [queue size = 30]
2026-07-12 14:34:59 DEBUG: Pod 233 returned. Robot 6 idle.   [idle robots = 1/30, released tasks = 70]
2026-07-12 14:34:59 DEBUG:    EVENT NUM 628   current_time = 00:05:27   START_TASK            [queue size = 30]
2026-07-12 14:34:59 DEBUG: Task 56 blocked: no orders in {0: [1]} is open yet.  [released tasks = 69]
2026-07-12 14:34:59 DEBUG: Task 57 blocked: no orders in {0: [38]} is open yet.  [released tasks = 68]
2026-07-12 14:34:59 DEBUG: Task 59 blocked: no orders in {0: [7]} is open yet.  [released tasks = 67]
2026-07-12 14:34:59 DEBUG: Task 64 started: robot 6 → pod 235 → workstation 2 for orders {34} (arrival = 380.2 s).   [idle robots = 0/30]
2026-07-12 14:34:59 DEBUG:    EVENT NUM 629   current_time = 00:05:27   ARRIVAL_POD_WST       [queue size = 30]
2026-07-12 14:34:59 DEBUG: Pod 385 arrived at workstation 2 - status = IDLE
2026-07-12 14:34:59 DEBUG: Pod queued at workstation.    [picking_buffer = {49: 229.1815435516918, 60: 327.2157085319979}]
2026-07-12 14:34:59 DEBUG:    EVENT NUM 630   current_time = 00:05:27   START_PICKING         [queue size = 30]
2026-07-12 14:34:59 DEBUG: Processing task 60 at workstation 2: picking items {1860} for orders {25}
2026-07-12 14:34:59 DEBUG:    EVENT NUM 631   current_time = 00:05:29   ARRIVAL_POD_WST       [queue size = 30]
2026-07-12 14:34:59 DEBUG: Pod 538 arrived at workstation 2 - status = BUSY
2026-07-12 14:34:59 DEBUG: Pod queued at workstation.    [picking_buffer = {49: 229.1815435516918, 62: 329.48417904688023}]
2026-07-12 14:34:59 DEBUG:    EVENT NUM 632   current_time = 00:05:30   ARRIVAL_ORDER         [queue size = 29]
2026-07-12 14:34:59 DEBUG: Order 132 arrived: items_required = [4621].     [orders_in_system = 98]
2026-07-12 14:34:59 DEBUG:    EVENT NUM 633   current_time = 00:05:30   RETURN_POD            [queue size = 29]
2026-07-12 14:34:59 DEBUG: Pod 241 returned. Robot 29 idle.   [idle robots = 1/30, released tasks = 69]
2026-07-12 14:34:59 DEBUG:    EVENT NUM 634   current_time = 00:05:30   START_TASK            [queue size = 29]
2026-07-12 14:34:59 DEBUG: Task 56 blocked: no orders in {0: [1]} is open yet.  [released tasks = 68]
2026-07-12 14:34:59 DEBUG: Task 57 blocked: no orders in {0: [38]} is open yet.  [released tasks = 67]
2026-07-12 14:34:59 DEBUG: Task 59 blocked: no orders in {0: [7]} is open yet.  [released tasks = 66]
2026-07-12 14:34:59 DEBUG: Task 65 started: robot 29 → pod 260 → workstation 2 for orders {34} (arrival = 378.9 s).   [idle robots = 0/30]
2026-07-12 14:34:59 DEBUG:    EVENT NUM 635   current_time = 00:05:31   RETURN_POD            [queue size = 29]
2026-07-12 14:34:59 DEBUG: Pod 248 returned. Robot 5 idle.   [idle robots = 1/30, released tasks = 68]
2026-07-12 14:34:59 DEBUG:    EVENT NUM 636   current_time = 00:05:31   START_TASK            [queue size = 29]
2026-07-12 14:34:59 DEBUG: Task 56 blocked: no orders in {0: [1]} is open yet.  [released tasks = 67]
2026-07-12 14:34:59 DEBUG: Task 57 blocked: no orders in {0: [38]} is open yet.  [released tasks = 66]
2026-07-12 14:34:59 DEBUG: Task 59 blocked: no orders in {0: [7]} is open yet.  [released tasks = 65]
2026-07-12 14:34:59 DEBUG: Task 66 blocked: no orders in {0: [97]} is open yet.  [released tasks = 64]
2026-07-12 14:34:59 DEBUG: Task 68 blocked: no orders in {0: [97]} is open yet.  [released tasks = 63]
2026-07-12 14:34:59 DEBUG: Task 69 started: robot 5 → pod 336 → workstation 2 for orders {90} (arrival = 372.9 s).   [idle robots = 0/30]
2026-07-12 14:34:59 DEBUG:    EVENT NUM 637   current_time = 00:05:31   RETURN_POD            [queue size = 29]
2026-07-12 14:34:59 DEBUG: Pod 295 returned. Robot 28 idle.   [idle robots = 1/30, released tasks = 67]
2026-07-12 14:34:59 DEBUG:    EVENT NUM 638   current_time = 00:05:31   START_TASK            [queue size = 29]
2026-07-12 14:34:59 DEBUG: Task 56 blocked: no orders in {0: [1]} is open yet.  [released tasks = 66]
2026-07-12 14:34:59 DEBUG: Task 57 blocked: no orders in {0: [38]} is open yet.  [released tasks = 65]
2026-07-12 14:34:59 DEBUG: Task 59 blocked: no orders in {0: [7]} is open yet.  [released tasks = 64]
2026-07-12 14:34:59 DEBUG: Task 66 blocked: no orders in {0: [97]} is open yet.  [released tasks = 63]
2026-07-12 14:34:59 DEBUG: Task 68 blocked: no orders in {0: [97]} is open yet.  [released tasks = 62]
2026-07-12 14:34:59 DEBUG: Task 70 blocked: no orders in {2: [42]} is open yet.  [released tasks = 61]
2026-07-12 14:34:59 DEBUG: Task 71 blocked: no orders in {2: [42]} is open yet.  [released tasks = 60]
2026-07-12 14:34:59 DEBUG: Task 72 blocked: no orders in {2: [42]} is open yet.  [released tasks = 59]
2026-07-12 14:34:59 DEBUG: Task 74 started: robot 28 → pod 512 → workstation 3 for orders {82} (arrival = 357.0 s).   [idle robots = 0/30]
2026-07-12 14:34:59 DEBUG:    EVENT NUM 639   current_time = 00:05:31   ARRIVAL_POD_WST       [queue size = 29]
2026-07-12 14:34:59 DEBUG: Pod 49 arrived at workstation 3 - status = IDLE
2026-07-12 14:34:59 DEBUG: Pod queued at workstation.    [picking_buffer = {73: 331.7566330111972}]
2026-07-12 14:34:59 DEBUG:    EVENT NUM 640   current_time = 00:05:31   START_PICKING         [queue size = 29]
2026-07-12 14:34:59 DEBUG: Processing task 73 at workstation 3: picking items {5371} for orders {60}
2026-07-12 14:34:59 DEBUG:    EVENT NUM 641   current_time = 00:05:33   END_PICKING           [queue size = 29]
2026-07-12 14:34:59 DEBUG: Ended picking at workstation 0.    [picking_buffer len = {}]
2026-07-12 14:34:59 DEBUG: Task should have served orders {59}, found open orders {45, 53, 56, 59}.
2026-07-12 14:34:59 DEBUG: Task 50 completed: pod 558 returning to storage.
2026-07-12 14:34:59 DEBUG:    EVENT NUM 642   current_time = 00:05:33   CLOSE_ORDER           [queue size = 30]
2026-07-12 14:34:59 DEBUG: Order 59 closed at workstation 0: flow_time = 333.8 s.     [order_buffer = 6] [open_orders = 3/4]
2026-07-12 14:34:59 DEBUG: Next order in buffer: 83
2026-07-12 14:34:59 DEBUG:    EVENT NUM 643   current_time = 00:05:33   OPEN_ORDER            [queue size = 30]
2026-07-12 14:34:59 DEBUG: Order 83 (skus required = {5534}) opened at workstation 0.   [open_orders = 4/4]
2026-07-12 14:34:59 DEBUG:    EVENT NUM 644   current_time = 00:05:33   START_TASK            [queue size = 30]
2026-07-12 14:34:59 DEBUG: Task 56 blocked: no idle robots.
2026-07-12 14:34:59 DEBUG:    EVENT NUM 645   current_time = 00:05:33   RETURN_POD            [queue size = 29]
2026-07-12 14:34:59 DEBUG: Pod 407 returned. Robot 27 idle.   [idle robots = 1/30, released tasks = 66]
2026-07-12 14:34:59 DEBUG:    EVENT NUM 646   current_time = 00:05:33   START_TASK            [queue size = 29]
2026-07-12 14:34:59 DEBUG: Task 56 started: robot 27 → pod 279 → workstation 0 for orders {1} (arrival = 406.8 s).   [idle robots = 0/30]
2026-07-12 14:34:59 DEBUG:    EVENT NUM 647   current_time = 00:05:37   ARRIVAL_POD_WST       [queue size = 29]
2026-07-12 14:34:59 DEBUG: Pod 111 arrived at workstation 2 - status = BUSY
2026-07-12 14:34:59 DEBUG: Pod queued at workstation.    [picking_buffer = {49: 229.1815435516918, 62: 329.48417904688023, 55: 337.12628326779884}]
2026-07-12 14:34:59 DEBUG:    EVENT NUM 648   current_time = 00:05:37   END_PICKING           [queue size = 28]
2026-07-12 14:34:59 DEBUG: Ended picking at workstation 2.    [picking_buffer len = {49: 229.1815435516918, 62: 329.48417904688023, 55: 337.12628326779884}]
2026-07-12 14:34:59 DEBUG: Task should have served orders {25}, found open orders {34, 44, 25, 92}.
2026-07-12 14:34:59 DEBUG: Task 60 completed: pod 385 returning to storage.
2026-07-12 14:34:59 DEBUG:    EVENT NUM 649   current_time = 00:05:37   START_PICKING         [queue size = 29]
2026-07-12 14:34:59 DEBUG: Processing task 62 at workstation 2: picking items {3007} for orders {25}
2026-07-12 14:34:59 DEBUG:    EVENT NUM 650   current_time = 00:05:39   ARRIVAL_POD_WST       [queue size = 29]
2026-07-12 14:34:59 DEBUG: Pod 19 arrived at workstation 0 - status = IDLE
2026-07-12 14:34:59 DEBUG: Pod queued at workstation.    [picking_buffer = {33: 339.444004591782}]
2026-07-12 14:34:59 DEBUG:    EVENT NUM 651   current_time = 00:05:39   START_PICKING         [queue size = 29]
2026-07-12 14:34:59 DEBUG: Processing task 33 at workstation 0: picking items {4683} for orders {53}
2026-07-12 14:34:59 DEBUG:    EVENT NUM 652   current_time = 00:05:39   ARRIVAL_POD_WST       [queue size = 29]
2026-07-12 14:34:59 DEBUG: Pod 550 arrived at workstation 2 - status = BUSY
2026-07-12 14:34:59 DEBUG: Pod queued at workstation.    [picking_buffer = {49: 229.1815435516918, 55: 337.12628326779884, 51: 339.5413831744611}]
2026-07-12 14:34:59 DEBUG:    EVENT NUM 653   current_time = 00:05:39   RETURN_POD            [queue size = 28]
2026-07-12 14:34:59 DEBUG: Pod 456 returned. Robot 4 idle.   [idle robots = 1/30, released tasks = 65]
2026-07-12 14:34:59 DEBUG:    EVENT NUM 654   current_time = 00:05:39   START_TASK            [queue size = 28]
2026-07-12 14:34:59 DEBUG: Task 57 blocked: no orders in {0: [38]} is open yet.  [released tasks = 64]
2026-07-12 14:34:59 DEBUG: Task 59 blocked: no orders in {0: [7]} is open yet.  [released tasks = 63]
2026-07-12 14:34:59 DEBUG: Task 66 blocked: no orders in {0: [97]} is open yet.  [released tasks = 62]
2026-07-12 14:34:59 DEBUG: Task 68 blocked: no orders in {0: [97]} is open yet.  [released tasks = 61]
2026-07-12 14:34:59 DEBUG: Task 70 blocked: no orders in {2: [42]} is open yet.  [released tasks = 60]
2026-07-12 14:34:59 DEBUG: Task 71 blocked: no orders in {2: [42]} is open yet.  [released tasks = 59]
2026-07-12 14:34:59 DEBUG: Task 72 blocked: no orders in {2: [42]} is open yet.  [released tasks = 58]
2026-07-12 14:34:59 DEBUG: Task 75 started: robot 4 → pod 513 → workstation 3 for orders {9, 84} (arrival = 367.8 s).   [idle robots = 0/30]
2026-07-12 14:34:59 DEBUG:    EVENT NUM 655   current_time = 00:05:40   ARRIVAL_ORDER         [queue size = 28]
2026-07-12 14:34:59 DEBUG: Order 133 arrived: items_required = [3355, 3341, 3497].     [orders_in_system = 98]
2026-07-12 14:34:59 DEBUG:    EVENT NUM 656   current_time = 00:05:40   RETURN_POD            [queue size = 28]
2026-07-12 14:34:59 DEBUG: Pod 177 returned. Robot 16 idle.   [idle robots = 1/30, released tasks = 64]
2026-07-12 14:34:59 DEBUG:    EVENT NUM 657   current_time = 00:05:40   START_TASK            [queue size = 28]
2026-07-12 14:34:59 DEBUG: Task 57 blocked: no orders in {0: [38]} is open yet.  [released tasks = 63]
2026-07-12 14:34:59 DEBUG: Task 59 blocked: no orders in {0: [7]} is open yet.  [released tasks = 62]
2026-07-12 14:34:59 DEBUG: Task 66 blocked: no orders in {0: [97]} is open yet.  [released tasks = 61]
2026-07-12 14:34:59 DEBUG: Task 68 blocked: no orders in {0: [97]} is open yet.  [released tasks = 60]
2026-07-12 14:34:59 DEBUG: Task 70 blocked: no orders in {2: [42]} is open yet.  [released tasks = 59]
2026-07-12 14:34:59 DEBUG: Task 71 blocked: no orders in {2: [42]} is open yet.  [released tasks = 58]
2026-07-12 14:34:59 DEBUG: Task 72 blocked: no orders in {2: [42]} is open yet.  [released tasks = 57]
2026-07-12 14:34:59 DEBUG: Task 76 started: robot 16 → pod 580 → workstation 3 for orders {26} (arrival = 389.1 s).   [idle robots = 0/30]
2026-07-12 14:34:59 DEBUG:    EVENT NUM 658   current_time = 00:05:41   END_PICKING           [queue size = 28]
2026-07-12 14:34:59 DEBUG: Ended picking at workstation 3.    [picking_buffer len = {}]
2026-07-12 14:34:59 DEBUG: Task should have served orders {60}, found open orders {9, 82, 84, 60}.
2026-07-12 14:34:59 DEBUG: Task 73 completed: pod 49 returning to storage.
2026-07-12 14:34:59 DEBUG:    EVENT NUM 659   current_time = 00:05:41   CLOSE_ORDER           [queue size = 29]
2026-07-12 14:34:59 DEBUG: Order 60 closed at workstation 3: flow_time = 341.8 s.     [order_buffer = 1] [open_orders = 3/4]
2026-07-12 14:34:59 DEBUG: Next order in buffer: 26
2026-07-12 14:34:59 DEBUG:    EVENT NUM 660   current_time = 00:05:41   OPEN_ORDER            [queue size = 29]
2026-07-12 14:34:59 DEBUG: Order 26 (skus required = {3432, 3760}) opened at workstation 3.   [open_orders = 4/4]
2026-07-12 14:34:59 DEBUG:    EVENT NUM 661   current_time = 00:05:41   START_TASK            [queue size = 29]
2026-07-12 14:34:59 DEBUG: Task 57 blocked: no orders in {0: [38]} is open yet.  [released tasks = 62]
2026-07-12 14:34:59 DEBUG: Task 59 blocked: no orders in {0: [7]} is open yet.  [released tasks = 61]
2026-07-12 14:34:59 DEBUG: Task 66 blocked: no orders in {0: [97]} is open yet.  [released tasks = 60]
2026-07-12 14:34:59 DEBUG: Task 68 blocked: no orders in {0: [97]} is open yet.  [released tasks = 59]
2026-07-12 14:34:59 DEBUG: Task 70 blocked: no orders in {2: [42]} is open yet.  [released tasks = 58]
2026-07-12 14:34:59 DEBUG: Task 71 blocked: no orders in {2: [42]} is open yet.  [released tasks = 57]
2026-07-12 14:34:59 DEBUG: Task 72 blocked: no orders in {2: [42]} is open yet.  [released tasks = 56]
2026-07-12 14:34:59 DEBUG: Task 77 blocked: no idle robots.
2026-07-12 14:34:59 DEBUG:    EVENT NUM 662   current_time = 00:05:45   RETURN_POD            [queue size = 28]
2026-07-12 14:34:59 DEBUG: Pod 558 returned. Robot 3 idle.   [idle robots = 1/30, released tasks = 63]
2026-07-12 14:34:59 DEBUG:    EVENT NUM 663   current_time = 00:05:45   START_TASK            [queue size = 28]
2026-07-12 14:34:59 DEBUG: Task 57 blocked: no orders in {0: [38]} is open yet.  [released tasks = 62]
2026-07-12 14:34:59 DEBUG: Task 59 blocked: no orders in {0: [7]} is open yet.  [released tasks = 61]
2026-07-12 14:34:59 DEBUG: Task 66 blocked: no orders in {0: [97]} is open yet.  [released tasks = 60]
2026-07-12 14:34:59 DEBUG: Task 68 blocked: no orders in {0: [97]} is open yet.  [released tasks = 59]
2026-07-12 14:34:59 DEBUG: Task 70 blocked: no orders in {2: [42]} is open yet.  [released tasks = 58]
2026-07-12 14:34:59 DEBUG: Task 71 blocked: no orders in {2: [42]} is open yet.  [released tasks = 57]
2026-07-12 14:34:59 DEBUG: Task 72 blocked: no orders in {2: [42]} is open yet.  [released tasks = 56]
2026-07-12 14:34:59 DEBUG: Task 77 started: robot 3 → pod 519 → workstation 3 for orders {82} (arrival = 411.2 s).   [idle robots = 0/30]
2026-07-12 14:34:59 DEBUG:    EVENT NUM 664   current_time = 00:05:45   ARRIVAL_POD_WST       [queue size = 28]
2026-07-12 14:34:59 DEBUG: Pod 83 arrived at workstation 0 - status = BUSY
2026-07-12 14:34:59 DEBUG: Pod queued at workstation.    [picking_buffer = {43: 345.9181025915038}]
2026-07-12 14:34:59 DEBUG:    EVENT NUM 665   current_time = 00:05:46   RETURN_POD            [queue size = 27]
2026-07-12 14:34:59 DEBUG: Pod 176 returned. Robot 2 idle.   [idle robots = 1/30, released tasks = 62]
2026-07-12 14:34:59 DEBUG:    EVENT NUM 666   current_time = 00:05:46   START_TASK            [queue size = 27]
2026-07-12 14:34:59 DEBUG: Task 57 blocked: no orders in {0: [38]} is open yet.  [released tasks = 61]
2026-07-12 14:34:59 DEBUG: Task 59 blocked: no orders in {0: [7]} is open yet.  [released tasks = 60]
2026-07-12 14:34:59 DEBUG: Task 66 blocked: no orders in {0: [97]} is open yet.  [released tasks = 59]
2026-07-12 14:34:59 DEBUG: Task 68 blocked: no orders in {0: [97]} is open yet.  [released tasks = 58]
2026-07-12 14:34:59 DEBUG: Task 70 blocked: no orders in {2: [42]} is open yet.  [released tasks = 57]
2026-07-12 14:34:59 DEBUG: Task 71 blocked: no orders in {2: [42]} is open yet.  [released tasks = 56]
2026-07-12 14:34:59 DEBUG: Task 72 blocked: no orders in {2: [42]} is open yet.  [released tasks = 55]
2026-07-12 14:34:59 DEBUG: Task 78 started: robot 2 → pod 289 → workstation 3 for orders {84} (arrival = 409.1 s).   [idle robots = 0/30]
2026-07-12 14:34:59 DEBUG:    EVENT NUM 667   current_time = 00:05:46   ARRIVAL_POD_WST       [queue size = 27]
2026-07-12 14:34:59 DEBUG: Pod 496 arrived at workstation 1 - status = IDLE
2026-07-12 14:34:59 DEBUG: Pod queued at workstation.    [picking_buffer = {39: 346.62745215701557}]
2026-07-12 14:34:59 DEBUG:    EVENT NUM 668   current_time = 00:05:46   START_PICKING         [queue size = 27]
2026-07-12 14:34:59 DEBUG: Processing task 39 at workstation 1: picking items {4239} for orders {40}
2026-07-12 14:34:59 DEBUG:    EVENT NUM 669   current_time = 00:05:47   END_PICKING           [queue size = 27]
2026-07-12 14:34:59 DEBUG: Ended picking at workstation 2.    [picking_buffer len = {49: 229.1815435516918, 55: 337.12628326779884, 51: 339.5413831744611}]
2026-07-12 14:34:59 DEBUG: Task should have served orders {25}, found open orders {34, 44, 25, 92}.
2026-07-12 14:34:59 DEBUG: Task 62 completed: pod 538 returning to storage.
2026-07-12 14:34:59 DEBUG:    EVENT NUM 670   current_time = 00:05:47   CLOSE_ORDER           [queue size = 29]
2026-07-12 14:34:59 DEBUG: Order 25 closed at workstation 2: flow_time = 347.2 s.     [order_buffer = 2] [open_orders = 3/4]
2026-07-12 14:34:59 DEBUG: Next order in buffer: 90
2026-07-12 14:34:59 DEBUG:    EVENT NUM 671   current_time = 00:05:47   START_PICKING         [queue size = 29]
2026-07-12 14:34:59 DEBUG: Processing task 55 at workstation 2: picking items {1997} for orders {44}
2026-07-12 14:34:59 DEBUG:    EVENT NUM 672   current_time = 00:05:47   OPEN_ORDER            [queue size = 29]
2026-07-12 14:34:59 DEBUG: Order 90 (skus required = {4454}) opened at workstation 2.   [open_orders = 4/4]
2026-07-12 14:34:59 DEBUG:    EVENT NUM 673   current_time = 00:05:47   START_TASK            [queue size = 29]
2026-07-12 14:34:59 DEBUG: Task 57 blocked: no orders in {0: [38]} is open yet.  [released tasks = 60]
2026-07-12 14:34:59 DEBUG: Task 59 blocked: no orders in {0: [7]} is open yet.  [released tasks = 59]
2026-07-12 14:34:59 DEBUG: Task 66 blocked: no orders in {0: [97]} is open yet.  [released tasks = 58]
2026-07-12 14:34:59 DEBUG: Task 68 blocked: no orders in {0: [97]} is open yet.  [released tasks = 57]
2026-07-12 14:34:59 DEBUG: Task 70 blocked: no idle robots.
2026-07-12 14:34:59 DEBUG:    EVENT NUM 674   current_time = 00:05:48   ARRIVAL_POD_WST       [queue size = 28]
2026-07-12 14:34:59 DEBUG: Pod 506 arrived at workstation 0 - status = BUSY
2026-07-12 14:34:59 DEBUG: Pod queued at workstation.    [picking_buffer = {43: 345.9181025915038, 53: 348.0866645340103}]
2026-07-12 14:34:59 DEBUG:    EVENT NUM 675   current_time = 00:05:49   END_PICKING           [queue size = 27]
2026-07-12 14:34:59 DEBUG: Ended picking at workstation 0.    [picking_buffer len = {43: 345.9181025915038, 53: 348.0866645340103}]
2026-07-12 14:34:59 DEBUG: Task should have served orders {53}, found open orders {45, 83, 53, 56}.
2026-07-12 14:34:59 DEBUG: Task 33 heading to workstation 0.
2026-07-12 14:34:59 DEBUG:    EVENT NUM 676   current_time = 00:05:49   CLOSE_ORDER           [queue size = 29]
2026-07-12 14:34:59 DEBUG: Order 53 closed at workstation 0: flow_time = 349.4 s.     [order_buffer = 5] [open_orders = 3/4]
2026-07-12 14:34:59 DEBUG: Next order in buffer: 1
2026-07-12 14:34:59 DEBUG:    EVENT NUM 677   current_time = 00:05:49   ARRIVAL_POD_WST       [queue size = 29]
2026-07-12 14:34:59 DEBUG: Pod 19 arrived at workstation 0 - status = IDLE
2026-07-12 14:34:59 DEBUG: Pod queued at workstation.    [picking_buffer = {43: 345.9181025915038, 53: 348.0866645340103, 33: 349.444004591782}]
2026-07-12 14:34:59 DEBUG:    EVENT NUM 678   current_time = 00:05:49   START_PICKING         [queue size = 29]
2026-07-12 14:34:59 DEBUG: Processing task 43 at workstation 0: picking items {3661} for orders {56}
2026-07-12 14:34:59 DEBUG:    EVENT NUM 679   current_time = 00:05:49   OPEN_ORDER            [queue size = 29]
2026-07-12 14:34:59 DEBUG: Order 1 (skus required = {2564}) opened at workstation 0.   [open_orders = 4/4]
2026-07-12 14:34:59 DEBUG:    EVENT NUM 680   current_time = 00:05:49   START_PICKING         [queue size = 29]
2026-07-12 14:34:59 DEBUG:    EVENT NUM 681   current_time = 00:05:49   START_TASK            [queue size = 28]
2026-07-12 14:34:59 DEBUG: Task 57 blocked: no orders in {0: [38]} is open yet.  [released tasks = 60]
2026-07-12 14:34:59 DEBUG: Task 59 blocked: no idle robots.
2026-07-12 14:34:59 DEBUG:    EVENT NUM 682   current_time = 00:05:50   ARRIVAL_ORDER         [queue size = 27]
2026-07-12 14:34:59 DEBUG: Order 134 arrived: items_required = [1959, 5023].     [orders_in_system = 96]
2026-07-12 14:34:59 DEBUG:    EVENT NUM 683   current_time = 00:05:56   END_PICKING           [queue size = 27]
2026-07-12 14:34:59 DEBUG: Ended picking at workstation 1.    [picking_buffer len = {}]
2026-07-12 14:34:59 DEBUG: Task should have served orders {40}, found open orders {40, 95}.
2026-07-12 14:34:59 DEBUG: Task 39 completed: pod 496 returning to storage.
2026-07-12 14:34:59 DEBUG:    EVENT NUM 684   current_time = 00:05:56   CLOSE_ORDER           [queue size = 28]
2026-07-12 14:34:59 DEBUG: Order 40 closed at workstation 1: flow_time = 356.6 s.     [order_buffer = 0] [open_orders = 1/4]
2026-07-12 14:34:59 DEBUG:    EVENT NUM 685   current_time = 00:05:57   ARRIVAL_POD_WST       [queue size = 27]
2026-07-12 14:34:59 DEBUG: Pod 512 arrived at workstation 3 - status = IDLE
2026-07-12 14:34:59 DEBUG: Pod queued at workstation.    [picking_buffer = {74: 357.0468599789885}]
2026-07-12 14:34:59 DEBUG:    EVENT NUM 686   current_time = 00:05:57   START_PICKING         [queue size = 27]
2026-07-12 14:34:59 DEBUG: Processing task 74 at workstation 3: picking items {4665} for orders {82}
2026-07-12 14:34:59 DEBUG:    EVENT NUM 687   current_time = 00:05:57   END_PICKING           [queue size = 27]
2026-07-12 14:34:59 DEBUG: Ended picking at workstation 2.    [picking_buffer len = {49: 229.1815435516918, 51: 339.5413831744611}]
2026-07-12 14:34:59 DEBUG: Task should have served orders {44}, found open orders {34, 44, 90, 92}.
2026-07-12 14:34:59 DEBUG: Task 55 completed: pod 111 returning to storage.
2026-07-12 14:34:59 DEBUG:    EVENT NUM 688   current_time = 00:05:57   CLOSE_ORDER           [queue size = 29]
2026-07-12 14:34:59 DEBUG: Order 44 closed at workstation 2: flow_time = 357.2 s.     [order_buffer = 1] [open_orders = 3/4]
2026-07-12 14:34:59 DEBUG: Next order in buffer: 42
2026-07-12 14:34:59 DEBUG:    EVENT NUM 689   current_time = 00:05:57   START_PICKING         [queue size = 29]
2026-07-12 14:34:59 DEBUG: Processing task 51 at workstation 2: picking items {5009} for orders {92}
2026-07-12 14:34:59 DEBUG:    EVENT NUM 690   current_time = 00:05:57   OPEN_ORDER            [queue size = 29]
2026-07-12 14:34:59 DEBUG: Order 42 (skus required = {2978, 6410, 5932, 2823}) opened at workstation 2.   [open_orders = 4/4]
2026-07-12 14:34:59 DEBUG:    EVENT NUM 691   current_time = 00:05:57   START_TASK            [queue size = 29]
2026-07-12 14:34:59 DEBUG: Task 57 blocked: no orders in {0: [38]} is open yet.  [released tasks = 60]
2026-07-12 14:34:59 DEBUG: Task 59 blocked: no idle robots.
2026-07-12 14:34:59 DEBUG:    EVENT NUM 692   current_time = 00:05:59   END_PICKING           [queue size = 28]
2026-07-12 14:34:59 DEBUG: Ended picking at workstation 0.    [picking_buffer len = {53: 348.0866645340103, 33: 349.444004591782}]
2026-07-12 14:34:59 DEBUG: Task should have served orders {56}, found open orders {1, 45, 83, 56}.
2026-07-12 14:34:59 DEBUG: Task 43 completed: pod 83 returning to storage.
2026-07-12 14:34:59 DEBUG:    EVENT NUM 693   current_time = 00:05:59   CLOSE_ORDER           [queue size = 30]
2026-07-12 14:34:59 DEBUG: Order 56 closed at workstation 0: flow_time = 359.4 s.     [order_buffer = 4] [open_orders = 3/4]
2026-07-12 14:34:59 DEBUG: Next order in buffer: 7
2026-07-12 14:34:59 DEBUG:    EVENT NUM 694   current_time = 00:05:59   START_PICKING         [queue size = 30]
2026-07-12 14:34:59 DEBUG: Processing task 53 at workstation 0: picking items {5534} for orders {83}
2026-07-12 14:34:59 DEBUG:    EVENT NUM 695   current_time = 00:05:59   OPEN_ORDER            [queue size = 30]
2026-07-12 14:34:59 DEBUG: Order 7 (skus required = {6530}) opened at workstation 0.   [open_orders = 4/4]
2026-07-12 14:34:59 DEBUG:    EVENT NUM 696   current_time = 00:05:59   START_TASK            [queue size = 30]
2026-07-12 14:34:59 DEBUG: Task 57 blocked: no idle robots.
2026-07-12 14:34:59 DEBUG:    EVENT NUM 697   current_time = 00:06:00   ARRIVAL_ORDER         [queue size = 29]
2026-07-12 14:34:59 DEBUG: Order 135 arrived: items_required = [5526].     [orders_in_system = 94]
2026-07-12 14:34:59 DEBUG:    EVENT NUM 698   current_time = 00:06:03   RETURN_POD            [queue size = 29]
2026-07-12 14:34:59 DEBUG: Pod 133 returned. Robot 10 idle.   [idle robots = 1/30, released tasks = 61]
2026-07-12 14:34:59 DEBUG:    EVENT NUM 699   current_time = 00:06:03   START_TASK            [queue size = 29]
2026-07-12 14:34:59 DEBUG: Task 57 started: robot 10 → pod 25 → workstation 0 for orders {38} (arrival = 484.1 s).   [idle robots = 0/30]
2026-07-12 14:34:59 DEBUG:    EVENT NUM 700   current_time = 00:06:04   RETURN_POD            [queue size = 29]
2026-07-12 14:34:59 DEBUG: Pod 124 returned. Robot 21 idle.   [idle robots = 1/30, released tasks = 60]
2026-07-12 14:34:59 DEBUG:    EVENT NUM 701   current_time = 00:06:04   START_TASK            [queue size = 29]
2026-07-12 14:34:59 DEBUG: Task 59 started: robot 21 → pod 525 → workstation 0 for orders {7} (arrival = 430.9 s).   [idle robots = 0/30]
2026-07-12 14:34:59 DEBUG:    EVENT NUM 702   current_time = 00:06:06   RETURN_POD            [queue size = 29]
2026-07-12 14:34:59 DEBUG: Pod 259 returned. Robot 12 idle.   [idle robots = 1/30, released tasks = 59]
2026-07-12 14:34:59 DEBUG:    EVENT NUM 703   current_time = 00:06:06   START_TASK            [queue size = 29]
2026-07-12 14:34:59 DEBUG: Task 66 blocked: no orders in {0: [97]} is open yet.  [released tasks = 58]
2026-07-12 14:34:59 DEBUG: Task 68 blocked: no orders in {0: [97]} is open yet.  [released tasks = 57]
2026-07-12 14:34:59 DEBUG: Task 70 started: robot 12 → pod 268 → workstation 2 for orders {42} (arrival = 462.8 s).   [idle robots = 0/30]
2026-07-12 14:34:59 DEBUG:    EVENT NUM 704   current_time = 00:06:07   END_PICKING           [queue size = 29]
2026-07-12 14:34:59 DEBUG: Ended picking at workstation 3.    [picking_buffer len = {}]
2026-07-12 14:34:59 DEBUG: Task should have served orders {82}, found open orders {9, 82, 84, 26}.
2026-07-12 14:34:59 DEBUG: Task 74 completed: pod 512 returning to storage.
2026-07-12 14:34:59 DEBUG:    EVENT NUM 705   current_time = 00:06:07   END_PICKING           [queue size = 29]
2026-07-12 14:34:59 DEBUG: Ended picking at workstation 2.    [picking_buffer len = {49: 229.1815435516918}]
2026-07-12 14:34:59 DEBUG: Task should have served orders {92}, found open orders {34, 42, 90, 92}.
2026-07-12 14:34:59 DEBUG: Task 51 completed: pod 550 returning to storage.
2026-07-12 14:34:59 DEBUG:    EVENT NUM 706   current_time = 00:06:07   CLOSE_ORDER           [queue size = 31]
2026-07-12 14:34:59 DEBUG: Order 92 closed at workstation 2: flow_time = 367.2 s.     [order_buffer = 0] [open_orders = 3/4]
2026-07-12 14:34:59 DEBUG:    EVENT NUM 707   current_time = 00:06:07   START_PICKING         [queue size = 30]
2026-07-12 14:34:59 DEBUG: Processing task 49 at workstation 2: picking items {5932} for orders {42}
2026-07-12 14:34:59 DEBUG:    EVENT NUM 708   current_time = 00:06:07   RETURN_POD            [queue size = 30]
2026-07-12 14:34:59 DEBUG: Pod 11 returned. Robot 25 idle.   [idle robots = 1/30, released tasks = 58]
2026-07-12 14:34:59 DEBUG:    EVENT NUM 709   current_time = 00:06:07   START_TASK            [queue size = 30]
2026-07-12 14:34:59 DEBUG: Task 66 blocked: no orders in {0: [97]} is open yet.  [released tasks = 57]
2026-07-12 14:34:59 DEBUG: Task 68 blocked: no orders in {0: [97]} is open yet.  [released tasks = 56]
2026-07-12 14:34:59 DEBUG: Task 71 started: robot 25 → pod 322 → workstation 2 for orders {42} (arrival = 503.8 s).   [idle robots = 0/30]
2026-07-12 14:34:59 DEBUG:    EVENT NUM 710   current_time = 00:06:07   ARRIVAL_POD_WST       [queue size = 30]
2026-07-12 14:34:59 DEBUG: Pod 513 arrived at workstation 3 - status = IDLE
2026-07-12 14:34:59 DEBUG: Pod queued at workstation.    [picking_buffer = {75: 367.789750610679}]
2026-07-12 14:34:59 DEBUG:    EVENT NUM 711   current_time = 00:06:07   START_PICKING         [queue size = 30]
2026-07-12 14:34:59 DEBUG: Processing task 75 at workstation 3: picking items {635, 4023} for orders {9, 84}
2026-07-12 14:34:59 DEBUG:    EVENT NUM 712   current_time = 00:06:08   RETURN_POD            [queue size = 30]
2026-07-12 14:34:59 DEBUG: Pod 448 returned. Robot 18 idle.   [idle robots = 1/30, released tasks = 57]
2026-07-12 14:34:59 DEBUG:    EVENT NUM 713   current_time = 00:06:08   START_TASK            [queue size = 30]
2026-07-12 14:34:59 DEBUG: Task 66 blocked: no orders in {0: [97]} is open yet.  [released tasks = 56]
2026-07-12 14:34:59 DEBUG: Task 68 blocked: no orders in {0: [97]} is open yet.  [released tasks = 55]
2026-07-12 14:34:59 DEBUG: Task 72 started: robot 18 → pod 128 → workstation 2 for orders {42} (arrival = 478.8 s).   [idle robots = 0/30]
2026-07-12 14:34:59 DEBUG:    EVENT NUM 714   current_time = 00:06:09   END_PICKING           [queue size = 30]
2026-07-12 14:34:59 DEBUG: Ended picking at workstation 0.    [picking_buffer len = {33: 349.444004591782}]
2026-07-12 14:34:59 DEBUG: Task should have served orders {83}, found open orders {1, 7, 45, 83}.
2026-07-12 14:34:59 DEBUG: Task 53 completed: pod 506 returning to storage.
2026-07-12 14:34:59 DEBUG:    EVENT NUM 715   current_time = 00:06:09   CLOSE_ORDER           [queue size = 32]
2026-07-12 14:34:59 DEBUG: Order 83 closed at workstation 0: flow_time = 369.4 s.     [order_buffer = 3] [open_orders = 3/4]
2026-07-12 14:34:59 DEBUG: Next order in buffer: 38
2026-07-12 14:34:59 DEBUG:    EVENT NUM 716   current_time = 00:06:09   START_PICKING         [queue size = 32]
2026-07-12 14:34:59 DEBUG: Processing task 33 at workstation 0: picking items {3909} for orders {45}
2026-07-12 14:34:59 DEBUG:    EVENT NUM 717   current_time = 00:06:09   OPEN_ORDER            [queue size = 32]
2026-07-12 14:34:59 DEBUG: Order 38 (skus required = {2287}) opened at workstation 0.   [open_orders = 4/4]
2026-07-12 14:34:59 DEBUG:    EVENT NUM 718   current_time = 00:06:09   START_TASK            [queue size = 32]
2026-07-12 14:34:59 DEBUG: Task 66 blocked: no orders in {0: [97]} is open yet.  [released tasks = 55]
2026-07-12 14:34:59 DEBUG: Task 68 blocked: no orders in {0: [97]} is open yet.  [released tasks = 54]
2026-07-12 14:34:59 DEBUG: Task 79 blocked: no idle robots.
2026-07-12 14:34:59 DEBUG:    EVENT NUM 719   current_time = 00:06:10   ARRIVAL_ORDER         [queue size = 31]
2026-07-12 14:34:59 DEBUG: Order 136 arrived: items_required = [17].     [orders_in_system = 93]
2026-07-12 14:34:59 DEBUG:    EVENT NUM 720   current_time = 00:06:12   ARRIVAL_POD_WST       [queue size = 31]
2026-07-12 14:34:59 DEBUG: Pod 336 arrived at workstation 2 - status = BUSY
2026-07-12 14:34:59 DEBUG: Pod queued at workstation.    [picking_buffer = {69: 372.9208530091519}]
2026-07-12 14:34:59 DEBUG:    EVENT NUM 721   current_time = 00:06:17   END_PICKING           [queue size = 30]
2026-07-12 14:34:59 DEBUG: Ended picking at workstation 2.    [picking_buffer len = {69: 372.9208530091519}]
2026-07-12 14:34:59 DEBUG: Task should have served orders {42}, found open orders {34, 42, 90}.
2026-07-12 14:34:59 DEBUG: Task 49 completed: pod 31 returning to storage.
2026-07-12 14:34:59 DEBUG:    EVENT NUM 722   current_time = 00:06:17   START_PICKING         [queue size = 31]
2026-07-12 14:34:59 DEBUG: Processing task 69 at workstation 2: picking items {4454} for orders {90}
2026-07-12 14:34:59 DEBUG:    EVENT NUM 723   current_time = 00:06:17   ARRIVAL_POD_WST       [queue size = 31]
2026-07-12 14:34:59 DEBUG: Pod 2 arrived at workstation 1 - status = IDLE
2026-07-12 14:34:59 DEBUG: Pod queued at workstation.    [picking_buffer = {40: 377.8384084121048}]
2026-07-12 14:34:59 DEBUG:    EVENT NUM 724   current_time = 00:06:17   START_PICKING         [queue size = 31]
2026-07-12 14:34:59 DEBUG: Processing task 40 at workstation 1: picking items {2239} for orders {95}
2026-07-12 14:34:59 DEBUG:    EVENT NUM 725   current_time = 00:06:17   RETURN_POD            [queue size = 31]
2026-07-12 14:34:59 DEBUG: Pod 538 returned. Robot 15 idle.   [idle robots = 1/30, released tasks = 56]
2026-07-12 14:34:59 DEBUG:    EVENT NUM 726   current_time = 00:06:17   START_TASK            [queue size = 31]
2026-07-12 14:34:59 DEBUG: Task 66 blocked: no orders in {0: [97]} is open yet.  [released tasks = 55]
2026-07-12 14:34:59 DEBUG: Task 68 blocked: no orders in {0: [97]} is open yet.  [released tasks = 54]
2026-07-12 14:34:59 DEBUG: Task 79 started: robot 15 → pod 420 → workstation 3 for orders {84} (arrival = 463.6 s).   [idle robots = 0/30]
2026-07-12 14:34:59 DEBUG:    EVENT NUM 727   current_time = 00:06:17   RETURN_POD            [queue size = 31]
2026-07-12 14:34:59 DEBUG: Pod 385 returned. Robot 22 idle.   [idle robots = 1/30, released tasks = 55]
2026-07-12 14:34:59 DEBUG:    EVENT NUM 728   current_time = 00:06:17   START_TASK            [queue size = 31]
2026-07-12 14:34:59 DEBUG: Task 66 blocked: no orders in {0: [97]} is open yet.  [released tasks = 54]
2026-07-12 14:34:59 DEBUG: Task 68 blocked: no orders in {0: [97]} is open yet.  [released tasks = 53]
2026-07-12 14:34:59 DEBUG: Task 82 started: robot 22 → pod 45 → workstation 7 for orders {35} (arrival = 495.2 s).   [idle robots = 0/30]
2026-07-12 14:34:59 DEBUG:    EVENT NUM 729   current_time = 00:06:18   ARRIVAL_POD_WST       [queue size = 31]
2026-07-12 14:34:59 DEBUG: Pod 260 arrived at workstation 2 - status = BUSY
2026-07-12 14:34:59 DEBUG: Pod queued at workstation.    [picking_buffer = {65: 378.92811068662974}]
2026-07-12 14:34:59 DEBUG:    EVENT NUM 730   current_time = 00:06:19   END_PICKING           [queue size = 30]
2026-07-12 14:34:59 DEBUG: Ended picking at workstation 0.    [picking_buffer len = {}]
2026-07-12 14:34:59 DEBUG: Task should have served orders {45}, found open orders {1, 38, 7, 45}.
2026-07-12 14:34:59 DEBUG: Task 33 completed: pod 19 returning to storage.
2026-07-12 14:34:59 DEBUG:    EVENT NUM 731   current_time = 00:06:20   ARRIVAL_ORDER         [queue size = 30]
2026-07-12 14:34:59 DEBUG: Order 137 arrived: items_required = [1586, 7515].     [orders_in_system = 94]
2026-07-12 14:34:59 DEBUG:    EVENT NUM 732   current_time = 00:06:20   ARRIVAL_POD_WST       [queue size = 30]
2026-07-12 14:34:59 DEBUG: Pod 235 arrived at workstation 2 - status = BUSY
2026-07-12 14:34:59 DEBUG: Pod queued at workstation.    [picking_buffer = {65: 378.92811068662974, 64: 380.22378325966514}]
2026-07-12 14:34:59 DEBUG:    EVENT NUM 733   current_time = 00:06:22   END_PICKING           [queue size = 29]
2026-07-12 14:34:59 DEBUG: Ended picking at workstation 3.    [picking_buffer len = {}]
2026-07-12 14:34:59 DEBUG: Task should have served orders {9, 84}, found open orders {9, 82, 84, 26}.
2026-07-12 14:34:59 DEBUG: Task 75 completed: pod 513 returning to storage.
2026-07-12 14:34:59 DEBUG:    EVENT NUM 734   current_time = 00:06:23   RETURN_POD            [queue size = 29]
2026-07-12 14:34:59 DEBUG: Pod 163 returned. Robot 7 idle.   [idle robots = 1/30, released tasks = 54]
2026-07-12 14:34:59 DEBUG:    EVENT NUM 735   current_time = 00:06:23   START_TASK            [queue size = 29]
2026-07-12 14:34:59 DEBUG: Task 66 blocked: no orders in {0: [97]} is open yet.  [released tasks = 53]
2026-07-12 14:34:59 DEBUG: Task 68 blocked: no orders in {0: [97]} is open yet.  [released tasks = 52]
2026-07-12 14:34:59 DEBUG: Task 83 started: robot 7 → pod 141 → workstation 7 for orders {14} (arrival = 455.0 s).   [idle robots = 0/30]
2026-07-12 14:34:59 DEBUG:    EVENT NUM 736   current_time = 00:06:27   END_PICKING           [queue size = 29]
2026-07-12 14:34:59 DEBUG: Ended picking at workstation 2.    [picking_buffer len = {65: 378.92811068662974, 64: 380.22378325966514}]
2026-07-12 14:34:59 DEBUG: Task should have served orders {90}, found open orders {34, 42, 90}.
2026-07-12 14:34:59 DEBUG: Task 69 completed: pod 336 returning to storage.
2026-07-12 14:34:59 DEBUG:    EVENT NUM 737   current_time = 00:06:27   CLOSE_ORDER           [queue size = 31]
2026-07-12 14:34:59 DEBUG: Order 90 closed at workstation 2: flow_time = 387.2 s.     [order_buffer = 0] [open_orders = 2/4]
2026-07-12 14:34:59 DEBUG:    EVENT NUM 738   current_time = 00:06:27   START_PICKING         [queue size = 30]
2026-07-12 14:34:59 DEBUG: Processing task 65 at workstation 2: picking items {2874} for orders {34}
2026-07-12 14:34:59 DEBUG:    EVENT NUM 739   current_time = 00:06:27   END_PICKING           [queue size = 30]
2026-07-12 14:34:59 DEBUG: Ended picking at workstation 1.    [picking_buffer len = {}]
2026-07-12 14:34:59 DEBUG: Task should have served orders {95}, found open orders {95}.
2026-07-12 14:34:59 DEBUG: Task 40 completed: pod 2 returning to storage.
2026-07-12 14:34:59 DEBUG:    EVENT NUM 740   current_time = 00:06:27   CLOSE_ORDER           [queue size = 31]
2026-07-12 14:34:59 DEBUG: Order 95 closed at workstation 1: flow_time = 387.8 s.     [order_buffer = 0] [open_orders = 0/4]
2026-07-12 14:34:59 DEBUG:    EVENT NUM 741   current_time = 00:06:28   RETURN_POD            [queue size = 30]
2026-07-12 14:34:59 DEBUG: Pod 102 returned. Robot 1 idle.   [idle robots = 1/30, released tasks = 53]
2026-07-12 14:34:59 DEBUG:    EVENT NUM 742   current_time = 00:06:28   START_TASK            [queue size = 30]
2026-07-12 14:34:59 DEBUG: Task 66 blocked: no orders in {0: [97]} is open yet.  [released tasks = 52]
2026-07-12 14:34:59 DEBUG: Task 68 blocked: no orders in {0: [97]} is open yet.  [released tasks = 51]
2026-07-12 14:34:59 DEBUG: Task 84 started: robot 1 → pod 581 → workstation 7 for orders {13} (arrival = 455.5 s).   [idle robots = 0/30]
2026-07-12 14:34:59 DEBUG:    EVENT NUM 743   current_time = 00:06:29   ARRIVAL_POD_WST       [queue size = 30]
2026-07-12 14:34:59 DEBUG: Pod 580 arrived at workstation 3 - status = IDLE
2026-07-12 14:34:59 DEBUG: Pod queued at workstation.    [picking_buffer = {76: 389.1213138355852}]
2026-07-12 14:34:59 DEBUG:    EVENT NUM 744   current_time = 00:06:29   START_PICKING         [queue size = 30]
2026-07-12 14:34:59 DEBUG: Processing task 76 at workstation 3: picking items {3760} for orders {26}
2026-07-12 14:34:59 DEBUG:    EVENT NUM 745   current_time = 00:06:30   ARRIVAL_ORDER         [queue size = 30]
2026-07-12 14:34:59 DEBUG: Order 138 arrived: items_required = [455, 4314].     [orders_in_system = 93]
2026-07-12 14:34:59 DEBUG:    EVENT NUM 746   current_time = 00:06:32   RETURN_POD            [queue size = 30]
2026-07-12 14:34:59 DEBUG: Pod 512 returned. Robot 28 idle.   [idle robots = 1/30, released tasks = 52]
2026-07-12 14:34:59 DEBUG:    EVENT NUM 747   current_time = 00:06:32   START_TASK            [queue size = 30]
2026-07-12 14:34:59 DEBUG: Task 66 blocked: no orders in {0: [97]} is open yet.  [released tasks = 51]
2026-07-12 14:34:59 DEBUG: Task 68 blocked: no orders in {0: [97]} is open yet.  [released tasks = 50]
2026-07-12 14:34:59 DEBUG: Task 85 started: robot 28 → pod 419 → workstation 7 for orders {15} (arrival = 447.6 s).   [idle robots = 0/30]
2026-07-12 14:34:59 DEBUG:    EVENT NUM 748   current_time = 00:06:35   RETURN_POD            [queue size = 30]
2026-07-12 14:34:59 DEBUG: Pod 3 returned. Robot 24 idle.   [idle robots = 1/30, released tasks = 51]
2026-07-12 14:34:59 DEBUG:    EVENT NUM 749   current_time = 00:06:35   START_TASK            [queue size = 30]
2026-07-12 14:34:59 DEBUG: Task 66 blocked: no orders in {0: [97]} is open yet.  [released tasks = 50]
2026-07-12 14:34:59 DEBUG: Task 68 blocked: no orders in {0: [97]} is open yet.  [released tasks = 49]
2026-07-12 14:34:59 DEBUG: Task 86 started: robot 24 → pod 399 → workstation 4 for orders {91} (arrival = 509.7 s).   [idle robots = 0/30]
2026-07-12 14:34:59 DEBUG:    EVENT NUM 750   current_time = 00:06:36   RETURN_POD            [queue size = 30]
2026-07-12 14:34:59 DEBUG: Pod 76 returned. Robot 19 idle.   [idle robots = 1/30, released tasks = 50]
2026-07-12 14:34:59 DEBUG:    EVENT NUM 751   current_time = 00:06:36   START_TASK            [queue size = 30]
2026-07-12 14:34:59 DEBUG: Task 66 blocked: no orders in {0: [97]} is open yet.  [released tasks = 49]
2026-07-12 14:34:59 DEBUG: Task 68 blocked: no orders in {0: [97]} is open yet.  [released tasks = 48]
2026-07-12 14:34:59 DEBUG: Task 87 started: robot 19 → pod 89 → workstation 6 for orders {57} (arrival = 468.0 s).   [idle robots = 0/30]
2026-07-12 14:34:59 DEBUG:    EVENT NUM 752   current_time = 00:06:37   END_PICKING           [queue size = 30]
2026-07-12 14:34:59 DEBUG: Ended picking at workstation 2.    [picking_buffer len = {64: 380.22378325966514}]
2026-07-12 14:34:59 DEBUG: Task should have served orders {34}, found open orders {34, 42}.
2026-07-12 14:34:59 DEBUG: Task 65 completed: pod 260 returning to storage.
2026-07-12 14:34:59 DEBUG:    EVENT NUM 753   current_time = 00:06:37   START_PICKING         [queue size = 31]
2026-07-12 14:34:59 DEBUG: Processing task 64 at workstation 2: picking items {6667} for orders {34}
2026-07-12 14:34:59 DEBUG:    EVENT NUM 754   current_time = 00:06:39   END_PICKING           [queue size = 31]
2026-07-12 14:34:59 DEBUG: Ended picking at workstation 3.    [picking_buffer len = {}]
2026-07-12 14:34:59 DEBUG: Task should have served orders {26}, found open orders {9, 82, 84, 26}.
2026-07-12 14:34:59 DEBUG: Task 76 completed: pod 580 returning to storage.
2026-07-12 14:34:59 DEBUG:    EVENT NUM 755   current_time = 00:06:39   RETURN_POD            [queue size = 31]
2026-07-12 14:34:59 DEBUG: Pod 506 returned. Robot 20 idle.   [idle robots = 1/30, released tasks = 49]
2026-07-12 14:34:59 DEBUG:    EVENT NUM 756   current_time = 00:06:39   START_TASK            [queue size = 31]
2026-07-12 14:34:59 DEBUG: Task 66 blocked: no orders in {0: [97]} is open yet.  [released tasks = 48]
2026-07-12 14:34:59 DEBUG: Task 68 blocked: no orders in {0: [97]} is open yet.  [released tasks = 47]
2026-07-12 14:34:59 DEBUG: Task 88 started: robot 20 → pod 316 → workstation 7 for orders {2} (arrival = 447.2 s).   [idle robots = 0/30]
2026-07-12 14:34:59 DEBUG:    EVENT NUM 757   current_time = 00:06:40   ARRIVAL_ORDER         [queue size = 31]
2026-07-12 14:34:59 DEBUG: Order 139 arrived: items_required = [5550, 6282].     [orders_in_system = 94]
2026-07-12 14:34:59 DEBUG:    EVENT NUM 758   current_time = 00:06:46   ARRIVAL_POD_WST       [queue size = 31]
2026-07-12 14:34:59 DEBUG: Pod 279 arrived at workstation 0 - status = IDLE
2026-07-12 14:34:59 DEBUG: Pod queued at workstation.    [picking_buffer = {56: 406.8322939655678}]
2026-07-12 14:34:59 DEBUG:    EVENT NUM 759   current_time = 00:06:46   START_PICKING         [queue size = 31]
2026-07-12 14:34:59 DEBUG: Processing task 56 at workstation 0: picking items {2564} for orders {1}
2026-07-12 14:34:59 DEBUG:    EVENT NUM 760   current_time = 00:06:47   END_PICKING           [queue size = 31]
2026-07-12 14:34:59 DEBUG: Ended picking at workstation 2.    [picking_buffer len = {}]
2026-07-12 14:34:59 DEBUG: Task should have served orders {34}, found open orders {34, 42}.
2026-07-12 14:34:59 DEBUG: Task 64 completed: pod 235 returning to storage.
2026-07-12 14:34:59 DEBUG:    EVENT NUM 761   current_time = 00:06:47   CLOSE_ORDER           [queue size = 32]
2026-07-12 14:34:59 DEBUG: Order 34 closed at workstation 2: flow_time = 407.2 s.     [order_buffer = 0] [open_orders = 1/4]
2026-07-12 14:34:59 DEBUG:    EVENT NUM 762   current_time = 00:06:49   ARRIVAL_POD_WST       [queue size = 31]
2026-07-12 14:34:59 DEBUG: Pod 289 arrived at workstation 3 - status = IDLE
2026-07-12 14:34:59 DEBUG: Pod queued at workstation.    [picking_buffer = {78: 409.0606507013528}]
2026-07-12 14:34:59 DEBUG:    EVENT NUM 763   current_time = 00:06:49   START_PICKING         [queue size = 31]
2026-07-12 14:34:59 DEBUG: Processing task 78 at workstation 3: picking items {5064} for orders {84}
2026-07-12 14:34:59 DEBUG:    EVENT NUM 764   current_time = 00:06:50   ARRIVAL_ORDER         [queue size = 31]
2026-07-12 14:34:59 DEBUG: Order 140 arrived: items_required = [7026].     [orders_in_system = 94]
2026-07-12 14:34:59 DEBUG:    EVENT NUM 765   current_time = 00:06:51   ARRIVAL_POD_WST       [queue size = 31]
2026-07-12 14:34:59 DEBUG: Pod 519 arrived at workstation 3 - status = BUSY
2026-07-12 14:34:59 DEBUG: Pod queued at workstation.    [picking_buffer = {77: 411.16115053729357}]
2026-07-12 14:34:59 DEBUG:    EVENT NUM 766   current_time = 00:06:51   RETURN_POD            [queue size = 30]
2026-07-12 14:34:59 DEBUG: Pod 513 returned. Robot 4 idle.   [idle robots = 1/30, released tasks = 48]
2026-07-12 14:34:59 DEBUG:    EVENT NUM 767   current_time = 00:06:51   START_TASK            [queue size = 30]
2026-07-12 14:34:59 DEBUG: Task 66 blocked: no orders in {0: [97]} is open yet.  [released tasks = 47]
2026-07-12 14:34:59 DEBUG: Task 68 blocked: no orders in {0: [97]} is open yet.  [released tasks = 46]
2026-07-12 14:34:59 DEBUG: Task 89 blocked: no orders in {7: [23]} is open yet.  [released tasks = 45]
2026-07-12 14:34:59 DEBUG: Task 90 blocked: no orders in {7: [96]} is open yet.  [released tasks = 44]
2026-07-12 14:34:59 DEBUG: Task 91 started: robot 4 → pod 579 → workstation 5 for orders {5} (arrival = 478.0 s).   [idle robots = 0/30]
2026-07-12 14:34:59 DEBUG:    EVENT NUM 768   current_time = 00:06:55   RETURN_POD            [queue size = 30]
2026-07-12 14:34:59 DEBUG: Pod 203 returned. Robot 26 idle.   [idle robots = 1/30, released tasks = 47]
2026-07-12 14:34:59 DEBUG:    EVENT NUM 769   current_time = 00:06:55   START_TASK            [queue size = 30]
2026-07-12 14:34:59 DEBUG: Task 66 blocked: no orders in {0: [97]} is open yet.  [released tasks = 46]
2026-07-12 14:34:59 DEBUG: Task 68 blocked: no orders in {0: [97]} is open yet.  [released tasks = 45]
2026-07-12 14:34:59 DEBUG: Task 89 blocked: no orders in {7: [23]} is open yet.  [released tasks = 44]
2026-07-12 14:34:59 DEBUG: Task 90 blocked: no orders in {7: [96]} is open yet.  [released tasks = 43]
2026-07-12 14:34:59 DEBUG: Task 92 blocked: no orders in {7: [75]} is open yet.  [released tasks = 42]
2026-07-12 14:34:59 DEBUG: Task 93 started: robot 26 → pod 286 → workstation 4 for orders {32} (arrival = 477.2 s).   [idle robots = 0/30]
2026-07-12 14:34:59 DEBUG:    EVENT NUM 770   current_time = 00:06:56   END_PICKING           [queue size = 30]
2026-07-12 14:34:59 DEBUG: Ended picking at workstation 0.    [picking_buffer len = {}]
2026-07-12 14:34:59 DEBUG: Task should have served orders {1}, found open orders {1, 38, 7, 45}.
2026-07-12 14:34:59 DEBUG: Task 56 completed: pod 279 returning to storage.
2026-07-12 14:34:59 DEBUG:    EVENT NUM 771   current_time = 00:06:56   CLOSE_ORDER           [queue size = 31]
2026-07-12 14:34:59 DEBUG: Order 1 closed at workstation 0: flow_time = 416.8 s.     [order_buffer = 2] [open_orders = 3/4]
2026-07-12 14:34:59 DEBUG: Next order in buffer: 16
2026-07-12 14:34:59 DEBUG:    EVENT NUM 772   current_time = 00:06:56   OPEN_ORDER            [queue size = 31]
2026-07-12 14:34:59 DEBUG: Order 16 (skus required = {5328}) opened at workstation 0.   [open_orders = 4/4]
2026-07-12 14:34:59 DEBUG:    EVENT NUM 773   current_time = 00:06:56   START_TASK            [queue size = 31]
2026-07-12 14:34:59 DEBUG: Task 66 blocked: no idle robots.
2026-07-12 14:34:59 DEBUG:    EVENT NUM 774   current_time = 00:06:59   END_PICKING           [queue size = 30]
2026-07-12 14:34:59 DEBUG: Ended picking at workstation 3.    [picking_buffer len = {77: 411.16115053729357}]
2026-07-12 14:34:59 DEBUG: Task should have served orders {84}, found open orders {9, 82, 84, 26}.
2026-07-12 14:34:59 DEBUG: Task 78 completed: pod 289 returning to storage.
2026-07-12 14:34:59 DEBUG:    EVENT NUM 775   current_time = 00:06:59   START_PICKING         [queue size = 31]
2026-07-12 14:34:59 DEBUG: Processing task 77 at workstation 3: picking items {3315} for orders {82}
2026-07-12 14:34:59 DEBUG:    EVENT NUM 776   current_time = 00:07:00   ARRIVAL_ORDER         [queue size = 31]
2026-07-12 14:34:59 DEBUG: Order 141 arrived: items_required = [5656, 353].     [orders_in_system = 94]
2026-07-12 14:34:59 DEBUG:    EVENT NUM 777   current_time = 00:07:08   RETURN_POD            [queue size = 31]
2026-07-12 14:34:59 DEBUG: Pod 83 returned. Robot 23 idle.   [idle robots = 1/30, released tasks = 46]
2026-07-12 14:34:59 DEBUG:    EVENT NUM 778   current_time = 00:07:08   START_TASK            [queue size = 31]
2026-07-12 14:34:59 DEBUG: Task 66 started: robot 23 → pod 505 → workstation 0 for orders {97} (arrival = 470.4 s).   [idle robots = 0/30]
2026-07-12 14:34:59 DEBUG:    EVENT NUM 779   current_time = 00:07:09   END_PICKING           [queue size = 31]
2026-07-12 14:34:59 DEBUG: Ended picking at workstation 3.    [picking_buffer len = {}]
2026-07-12 14:34:59 DEBUG: Task should have served orders {82}, found open orders {9, 82, 84, 26}.
2026-07-12 14:34:59 DEBUG: Task 77 completed: pod 519 returning to storage.
2026-07-12 14:34:59 DEBUG:    EVENT NUM 780   current_time = 00:07:09   CLOSE_ORDER           [queue size = 32]
2026-07-12 14:34:59 DEBUG: Order 82 closed at workstation 3: flow_time = 429.1 s.     [order_buffer = 0] [open_orders = 3/4]
2026-07-12 14:34:59 DEBUG:    EVENT NUM 781   current_time = 00:07:10   ARRIVAL_ORDER         [queue size = 31]
2026-07-12 14:34:59 DEBUG: Order 142 arrived: items_required = [8609].     [orders_in_system = 94]
2026-07-12 14:34:59 DEBUG:    EVENT NUM 782   current_time = 00:07:10   ARRIVAL_POD_WST       [queue size = 31]
2026-07-12 14:34:59 DEBUG: Pod 525 arrived at workstation 0 - status = IDLE
2026-07-12 14:34:59 DEBUG: Pod queued at workstation.    [picking_buffer = {59: 430.88886302445894}]
2026-07-12 14:34:59 DEBUG:    EVENT NUM 783   current_time = 00:07:10   START_PICKING         [queue size = 31]
2026-07-12 14:34:59 DEBUG: Processing task 59 at workstation 0: picking items {6530} for orders {7}
2026-07-12 14:34:59 DEBUG:    EVENT NUM 784   current_time = 00:07:11   RETURN_POD            [queue size = 31]
2026-07-12 14:34:59 DEBUG: Pod 111 returned. Robot 9 idle.   [idle robots = 1/30, released tasks = 45]
2026-07-12 14:34:59 DEBUG:    EVENT NUM 785   current_time = 00:07:11   START_TASK            [queue size = 31]
2026-07-12 14:34:59 DEBUG: Task 68 started: robot 9 → pod 257 → workstation 0 for orders {97} (arrival = 497.5 s).   [idle robots = 0/30]
2026-07-12 14:34:59 DEBUG:    EVENT NUM 786   current_time = 00:07:12   RETURN_POD            [queue size = 31]
2026-07-12 14:34:59 DEBUG: Pod 336 returned. Robot 5 idle.   [idle robots = 1/30, released tasks = 44]
2026-07-12 14:34:59 DEBUG:    EVENT NUM 787   current_time = 00:07:12   START_TASK            [queue size = 31]
2026-07-12 14:34:59 DEBUG: Task 89 blocked: no orders in {7: [23]} is open yet.  [released tasks = 43]
2026-07-12 14:34:59 DEBUG: Task 90 blocked: no orders in {7: [96]} is open yet.  [released tasks = 42]
2026-07-12 14:34:59 DEBUG: Task 92 blocked: no orders in {7: [75]} is open yet.  [released tasks = 41]
2026-07-12 14:34:59 DEBUG: Task 94 started: robot 5 → pod 516 → workstation 5 for orders {33} (arrival = 469.4 s).   [idle robots = 0/30]
2026-07-12 14:34:59 DEBUG:    EVENT NUM 788   current_time = 00:07:20   ARRIVAL_ORDER         [queue size = 31]
2026-07-12 14:34:59 DEBUG: Order 143 arrived: items_required = [4357, 1081].     [orders_in_system = 95]
2026-07-12 14:34:59 DEBUG:    EVENT NUM 789   current_time = 00:07:20   END_PICKING           [queue size = 31]
2026-07-12 14:34:59 DEBUG: Ended picking at workstation 0.    [picking_buffer len = {}]
2026-07-12 14:34:59 DEBUG: Task should have served orders {7}, found open orders {38, 7, 45, 16}.
2026-07-12 14:34:59 DEBUG: Task 59 completed: pod 525 returning to storage.
2026-07-12 14:34:59 DEBUG:    EVENT NUM 790   current_time = 00:07:20   CLOSE_ORDER           [queue size = 32]
2026-07-12 14:34:59 DEBUG: Order 7 closed at workstation 0: flow_time = 440.9 s.     [order_buffer = 1] [open_orders = 3/4]
2026-07-12 14:34:59 DEBUG: Next order in buffer: 97
2026-07-12 14:34:59 DEBUG:    EVENT NUM 791   current_time = 00:07:20   OPEN_ORDER            [queue size = 32]
2026-07-12 14:34:59 DEBUG: Order 97 (skus required = {1268, 5373}) opened at workstation 0.   [open_orders = 4/4]
2026-07-12 14:34:59 DEBUG:    EVENT NUM 792   current_time = 00:07:20   START_TASK            [queue size = 32]
2026-07-12 14:34:59 DEBUG: Task 89 blocked: no orders in {7: [23]} is open yet.  [released tasks = 42]
2026-07-12 14:34:59 DEBUG: Task 90 blocked: no orders in {7: [96]} is open yet.  [released tasks = 41]
2026-07-12 14:34:59 DEBUG: Task 92 blocked: no orders in {7: [75]} is open yet.  [released tasks = 40]
2026-07-12 14:34:59 DEBUG: Task 95 blocked: no orders in {7: [79]} is open yet.  [released tasks = 39]
2026-07-12 14:34:59 DEBUG: Task 96 blocked: no orders in {7: [94]} is open yet.  [released tasks = 38]
2026-07-12 14:34:59 DEBUG: Task 97 blocked: no idle robots.
2026-07-12 14:34:59 DEBUG:    EVENT NUM 793   current_time = 00:07:26   RETURN_POD            [queue size = 31]
2026-07-12 14:34:59 DEBUG: Pod 550 returned. Robot 17 idle.   [idle robots = 1/30, released tasks = 43]
2026-07-12 14:34:59 DEBUG:    EVENT NUM 794   current_time = 00:07:26   START_TASK            [queue size = 31]
2026-07-12 14:34:59 DEBUG: Task 89 blocked: no orders in {7: [23]} is open yet.  [released tasks = 42]
2026-07-12 14:34:59 DEBUG: Task 90 blocked: no orders in {7: [96]} is open yet.  [released tasks = 41]
2026-07-12 14:34:59 DEBUG: Task 92 blocked: no orders in {7: [75]} is open yet.  [released tasks = 40]
2026-07-12 14:34:59 DEBUG: Task 95 blocked: no orders in {7: [79]} is open yet.  [released tasks = 39]
2026-07-12 14:34:59 DEBUG: Task 96 blocked: no orders in {7: [94]} is open yet.  [released tasks = 38]
2026-07-12 14:34:59 DEBUG: Task 97 started: robot 17 → pod 129 → workstation 4 for orders {41} (arrival = 565.0 s).   [idle robots = 0/30]
2026-07-12 14:34:59 DEBUG:    EVENT NUM 795   current_time = 00:07:27   ARRIVAL_POD_WST       [queue size = 31]
2026-07-12 14:34:59 DEBUG: Pod 316 arrived at workstation 7 - status = IDLE
2026-07-12 14:34:59 DEBUG: Pod queued at workstation.    [picking_buffer = {88: 447.20757758845565}]
2026-07-12 14:34:59 DEBUG:    EVENT NUM 796   current_time = 00:07:27   START_PICKING         [queue size = 31]
2026-07-12 14:34:59 DEBUG: start_picking: WS 7 has no actionable task in buffer.
2026-07-12 14:34:59 DEBUG:    EVENT NUM 797   current_time = 00:07:27   ARRIVAL_POD_WST       [queue size = 30]
2026-07-12 14:34:59 DEBUG: Pod 419 arrived at workstation 7 - status = IDLE
2026-07-12 14:34:59 DEBUG: Pod queued at workstation.    [picking_buffer = {88: 447.20757758845565, 85: 447.6041808988201}]
2026-07-12 14:34:59 DEBUG:    EVENT NUM 798   current_time = 00:07:27   START_PICKING         [queue size = 30]
2026-07-12 14:34:59 DEBUG: Processing task 85 at workstation 7: picking items {5079} for orders {15}
2026-07-12 14:34:59 DEBUG:    EVENT NUM 799   current_time = 00:07:29   RETURN_POD            [queue size = 30]
2026-07-12 14:34:59 DEBUG: Pod 260 returned. Robot 29 idle.   [idle robots = 1/30, released tasks = 42]
2026-07-12 14:34:59 DEBUG:    EVENT NUM 800   current_time = 00:07:29   START_TASK            [queue size = 30]
2026-07-12 14:34:59 DEBUG: Task 89 blocked: no orders in {7: [23]} is open yet.  [released tasks = 41]
2026-07-12 14:34:59 DEBUG: Task 90 blocked: no orders in {7: [96]} is open yet.  [released tasks = 40]
2026-07-12 14:34:59 DEBUG: Task 92 blocked: no orders in {7: [75]} is open yet.  [released tasks = 39]
2026-07-12 14:34:59 DEBUG: Task 95 blocked: no orders in {7: [79]} is open yet.  [released tasks = 38]
2026-07-12 14:34:59 DEBUG: Task 96 blocked: no orders in {7: [94]} is open yet.  [released tasks = 37]
2026-07-12 14:34:59 DEBUG: Task 98 started: robot 29 → pod 426 → workstation 5 for orders {69} (arrival = 565.3 s).   [idle robots = 0/30]
2026-07-12 14:34:59 DEBUG:    EVENT NUM 801   current_time = 00:07:29   RETURN_POD            [queue size = 30]
2026-07-12 14:34:59 DEBUG: Pod 496 returned. Robot 14 idle.   [idle robots = 1/30, released tasks = 41]
2026-07-12 14:34:59 DEBUG:    EVENT NUM 802   current_time = 00:07:29   START_TASK            [queue size = 30]
2026-07-12 14:34:59 DEBUG: Task 89 blocked: no orders in {7: [23]} is open yet.  [released tasks = 40]
2026-07-12 14:34:59 DEBUG: Task 90 blocked: no orders in {7: [96]} is open yet.  [released tasks = 39]
2026-07-12 14:34:59 DEBUG: Task 92 blocked: no orders in {7: [75]} is open yet.  [released tasks = 38]
2026-07-12 14:34:59 DEBUG: Task 95 blocked: no orders in {7: [79]} is open yet.  [released tasks = 37]
2026-07-12 14:34:59 DEBUG: Task 96 blocked: no orders in {7: [94]} is open yet.  [released tasks = 36]
2026-07-12 14:34:59 DEBUG: Task 99 blocked: pod 268 not idle.  [released tasks = 35]
2026-07-12 14:34:59 DEBUG: Task 100 blocked: no orders in {7: [65]} is open yet.  [released tasks = 34]
2026-07-12 14:34:59 DEBUG: Task 101 started: robot 14 → pod 598 → workstation 5 for orders {80} (arrival = 516.5 s).   [idle robots = 0/30]
2026-07-12 14:34:59 DEBUG:    EVENT NUM 803   current_time = 00:07:30   ARRIVAL_ORDER         [queue size = 30]
2026-07-12 14:34:59 DEBUG: Order 144 arrived: items_required = [5261].     [orders_in_system = 95]
2026-07-12 14:34:59 DEBUG:    EVENT NUM 804   current_time = 00:07:30   RETURN_POD            [queue size = 30]
2026-07-12 14:34:59 DEBUG: Pod 580 returned. Robot 16 idle.   [idle robots = 1/30, released tasks = 40]
2026-07-12 14:34:59 DEBUG:    EVENT NUM 805   current_time = 00:07:30   START_TASK            [queue size = 30]
2026-07-12 14:34:59 DEBUG: Task 89 blocked: no orders in {7: [23]} is open yet.  [released tasks = 39]
2026-07-12 14:34:59 DEBUG: Task 90 blocked: no orders in {7: [96]} is open yet.  [released tasks = 38]
2026-07-12 14:34:59 DEBUG: Task 92 blocked: no orders in {7: [75]} is open yet.  [released tasks = 37]
2026-07-12 14:34:59 DEBUG: Task 95 blocked: no orders in {7: [79]} is open yet.  [released tasks = 36]
2026-07-12 14:34:59 DEBUG: Task 96 blocked: no orders in {7: [94]} is open yet.  [released tasks = 35]
2026-07-12 14:34:59 DEBUG: Task 100 blocked: no orders in {7: [65]} is open yet.  [released tasks = 34]
2026-07-12 14:34:59 DEBUG: Task 102 started: robot 16 → pod 586 → workstation 5 for orders {69} (arrival = 474.8 s).   [idle robots = 0/30]
2026-07-12 14:34:59 DEBUG:    EVENT NUM 806   current_time = 00:07:34   ARRIVAL_POD_WST       [queue size = 30]
2026-07-12 14:34:59 DEBUG: Pod 141 arrived at workstation 7 - status = BUSY
2026-07-12 14:34:59 DEBUG: Pod queued at workstation.    [picking_buffer = {88: 447.20757758845565, 83: 454.9501016862548}]
2026-07-12 14:34:59 DEBUG:    EVENT NUM 807   current_time = 00:07:35   ARRIVAL_POD_WST       [queue size = 29]
2026-07-12 14:34:59 DEBUG: Pod 581 arrived at workstation 7 - status = BUSY
2026-07-12 14:34:59 DEBUG: Pod queued at workstation.    [picking_buffer = {88: 447.20757758845565, 83: 454.9501016862548, 84: 455.4596139442081}]
2026-07-12 14:34:59 DEBUG:    EVENT NUM 808   current_time = 00:07:37   END_PICKING           [queue size = 28]
2026-07-12 14:34:59 DEBUG: Ended picking at workstation 7.    [picking_buffer len = {88: 447.20757758845565, 83: 454.9501016862548, 84: 455.4596139442081}]
2026-07-12 14:34:59 DEBUG: Task should have served orders {15}, found open orders {35, 13, 14, 15}.
2026-07-12 14:34:59 DEBUG: Task 85 completed: pod 419 returning to storage.
2026-07-12 14:34:59 DEBUG:    EVENT NUM 809   current_time = 00:07:37   CLOSE_ORDER           [queue size = 30]
2026-07-12 14:34:59 DEBUG: Order 15 closed at workstation 7: flow_time = 457.6 s.     [order_buffer = 12] [open_orders = 3/4]
2026-07-12 14:34:59 DEBUG: Next order in buffer: 2
2026-07-12 14:34:59 DEBUG:    EVENT NUM 810   current_time = 00:07:37   START_PICKING         [queue size = 30]
2026-07-12 14:34:59 DEBUG: Processing task 83 at workstation 7: picking items {3331} for orders {14}
2026-07-12 14:34:59 DEBUG:    EVENT NUM 811   current_time = 00:07:37   OPEN_ORDER            [queue size = 30]
2026-07-12 14:34:59 DEBUG: Order 2 (skus required = {4353}) opened at workstation 7.   [open_orders = 4/4]
2026-07-12 14:34:59 DEBUG:    EVENT NUM 812   current_time = 00:07:37   START_TASK            [queue size = 30]
2026-07-12 14:34:59 DEBUG: Task 89 blocked: no idle robots.
2026-07-12 14:34:59 DEBUG:    EVENT NUM 813   current_time = 00:07:40   ARRIVAL_ORDER         [queue size = 29]
2026-07-12 14:34:59 DEBUG: Order 145 arrived: items_required = [3918, 6271].     [orders_in_system = 95]
2026-07-12 14:34:59 DEBUG:    EVENT NUM 814   current_time = 00:07:41   RETURN_POD            [queue size = 29]
2026-07-12 14:34:59 DEBUG: Pod 235 returned. Robot 6 idle.   [idle robots = 1/30, released tasks = 39]
2026-07-12 14:34:59 DEBUG:    EVENT NUM 815   current_time = 00:07:41   START_TASK            [queue size = 29]
2026-07-12 14:34:59 DEBUG: Task 89 started: robot 6 → pod 342 → workstation 7 for orders {23} (arrival = 513.1 s).   [idle robots = 0/30]
2026-07-12 14:34:59 DEBUG:    EVENT NUM 816   current_time = 00:07:42   ARRIVAL_POD_WST       [queue size = 29]
2026-07-12 14:34:59 DEBUG: Pod 268 arrived at workstation 2 - status = IDLE
2026-07-12 14:34:59 DEBUG: Pod queued at workstation.    [picking_buffer = {70: 462.77278818770486}]
2026-07-12 14:34:59 DEBUG:    EVENT NUM 817   current_time = 00:07:42   START_PICKING         [queue size = 29]
2026-07-12 14:34:59 DEBUG: Processing task 70 at workstation 2: picking items {2978} for orders {42}
2026-07-12 14:34:59 DEBUG:    EVENT NUM 818   current_time = 00:07:43   ARRIVAL_POD_WST       [queue size = 29]
2026-07-12 14:34:59 DEBUG: Pod 420 arrived at workstation 3 - status = IDLE
2026-07-12 14:34:59 DEBUG: Pod queued at workstation.    [picking_buffer = {79: 463.5531701397319}]
2026-07-12 14:34:59 DEBUG:    EVENT NUM 819   current_time = 00:07:43   START_PICKING         [queue size = 29]
2026-07-12 14:34:59 DEBUG: Processing task 79 at workstation 3: picking items {5084} for orders {84}
2026-07-12 14:34:59 DEBUG:    EVENT NUM 820   current_time = 00:07:47   END_PICKING           [queue size = 29]
2026-07-12 14:34:59 DEBUG: Ended picking at workstation 7.    [picking_buffer len = {88: 447.20757758845565, 84: 455.4596139442081}]
2026-07-12 14:34:59 DEBUG: Task should have served orders {14}, found open orders {2, 35, 13, 14}.
2026-07-12 14:34:59 DEBUG: Task 83 completed: pod 141 returning to storage.
2026-07-12 14:34:59 DEBUG:    EVENT NUM 821   current_time = 00:07:47   CLOSE_ORDER           [queue size = 31]
2026-07-12 14:34:59 DEBUG: Order 14 closed at workstation 7: flow_time = 467.6 s.     [order_buffer = 11] [open_orders = 3/4]
2026-07-12 14:34:59 DEBUG: Next order in buffer: 23
2026-07-12 14:34:59 DEBUG:    EVENT NUM 822   current_time = 00:07:47   START_PICKING         [queue size = 31]
2026-07-12 14:34:59 DEBUG: Processing task 88 at workstation 7: picking items {4353} for orders {2}
2026-07-12 14:34:59 DEBUG:    EVENT NUM 823   current_time = 00:07:47   OPEN_ORDER            [queue size = 31]
2026-07-12 14:34:59 DEBUG: Order 23 (skus required = {6613}) opened at workstation 7.   [open_orders = 4/4]
2026-07-12 14:34:59 DEBUG:    EVENT NUM 824   current_time = 00:07:47   START_TASK            [queue size = 31]
2026-07-12 14:34:59 DEBUG: Task 90 blocked: no idle robots.
2026-07-12 14:34:59 DEBUG:    EVENT NUM 825   current_time = 00:07:47   ARRIVAL_POD_WST       [queue size = 30]
2026-07-12 14:34:59 DEBUG: Pod 89 arrived at workstation 6 - status = IDLE
2026-07-12 14:34:59 DEBUG: Pod queued at workstation.    [picking_buffer = {87: 467.95787482596904}]
2026-07-12 14:34:59 DEBUG:    EVENT NUM 826   current_time = 00:07:47   START_PICKING         [queue size = 30]
2026-07-12 14:34:59 DEBUG: Processing task 87 at workstation 6: picking items {4832} for orders {57}
2026-07-12 14:34:59 DEBUG:    EVENT NUM 827   current_time = 00:07:49   ARRIVAL_POD_WST       [queue size = 30]
2026-07-12 14:34:59 DEBUG: Pod 516 arrived at workstation 5 - status = IDLE
2026-07-12 14:34:59 DEBUG: Pod queued at workstation.    [picking_buffer = {94: 469.40565252004245}]
2026-07-12 14:34:59 DEBUG:    EVENT NUM 828   current_time = 00:07:49   START_PICKING         [queue size = 30]
2026-07-12 14:34:59 DEBUG: Processing task 94 at workstation 5: picking items {7219} for orders {33}
2026-07-12 14:34:59 DEBUG:    EVENT NUM 829   current_time = 00:07:50   ARRIVAL_ORDER         [queue size = 30]
2026-07-12 14:34:59 DEBUG: Order 146 arrived: items_required = [3491].     [orders_in_system = 95]
2026-07-12 14:34:59 DEBUG:    EVENT NUM 830   current_time = 00:07:50   ARRIVAL_POD_WST       [queue size = 30]
2026-07-12 14:34:59 DEBUG: Pod 505 arrived at workstation 0 - status = IDLE
2026-07-12 14:34:59 DEBUG: Pod queued at workstation.    [picking_buffer = {66: 470.35030307098964}]
2026-07-12 14:34:59 DEBUG:    EVENT NUM 831   current_time = 00:07:50   START_PICKING         [queue size = 30]
2026-07-12 14:34:59 DEBUG: Processing task 66 at workstation 0: picking items {1268} for orders {97}
2026-07-12 14:34:59 DEBUG:    EVENT NUM 832   current_time = 00:07:52   END_PICKING           [queue size = 30]
2026-07-12 14:34:59 DEBUG: Ended picking at workstation 2.    [picking_buffer len = {}]
2026-07-12 14:34:59 DEBUG: Task should have served orders {42}, found open orders {42}.
2026-07-12 14:34:59 DEBUG: Task 70 completed: pod 268 returning to storage.
2026-07-12 14:34:59 DEBUG:    EVENT NUM 833   current_time = 00:07:53   END_PICKING           [queue size = 30]
2026-07-12 14:34:59 DEBUG: Ended picking at workstation 3.    [picking_buffer len = {}]
2026-07-12 14:34:59 DEBUG: Task should have served orders {84}, found open orders {9, 84, 26}.
2026-07-12 14:34:59 DEBUG: Task 79 completed: pod 420 returning to storage.
2026-07-12 14:34:59 DEBUG:    EVENT NUM 834   current_time = 00:07:53   CLOSE_ORDER           [queue size = 31]
2026-07-12 14:34:59 DEBUG: Order 84 closed at workstation 3: flow_time = 473.6 s.     [order_buffer = 0] [open_orders = 2/4]
2026-07-12 14:34:59 DEBUG:    EVENT NUM 835   current_time = 00:07:54   ARRIVAL_POD_WST       [queue size = 30]
2026-07-12 14:34:59 DEBUG: Pod 586 arrived at workstation 5 - status = BUSY
2026-07-12 14:34:59 DEBUG: Pod queued at workstation.    [picking_buffer = {102: 474.8025943978922}]
2026-07-12 14:34:59 DEBUG:    EVENT NUM 836   current_time = 00:07:57   ARRIVAL_POD_WST       [queue size = 29]
2026-07-12 14:34:59 DEBUG: Pod 286 arrived at workstation 4 - status = IDLE
2026-07-12 14:34:59 DEBUG: Pod queued at workstation.    [picking_buffer = {93: 477.1743349585438}]
2026-07-12 14:34:59 DEBUG:    EVENT NUM 837   current_time = 00:07:57   START_PICKING         [queue size = 29]
2026-07-12 14:34:59 DEBUG: Processing task 93 at workstation 4: picking items {6782} for orders {32}
2026-07-12 14:34:59 DEBUG:    EVENT NUM 838   current_time = 00:07:57   END_PICKING           [queue size = 29]
2026-07-12 14:34:59 DEBUG: Ended picking at workstation 7.    [picking_buffer len = {84: 455.4596139442081}]
2026-07-12 14:34:59 DEBUG: Task should have served orders {2}, found open orders {2, 35, 13, 23}.
2026-07-12 14:34:59 DEBUG: Task 88 completed: pod 316 returning to storage.
2026-07-12 14:34:59 DEBUG:    EVENT NUM 839   current_time = 00:07:57   CLOSE_ORDER           [queue size = 31]
2026-07-12 14:34:59 DEBUG: Order 2 closed at workstation 7: flow_time = 477.6 s.     [order_buffer = 10] [open_orders = 3/4]
2026-07-12 14:34:59 DEBUG: Next order in buffer: 96
2026-07-12 14:34:59 DEBUG:    EVENT NUM 840   current_time = 00:07:57   START_PICKING         [queue size = 31]
2026-07-12 14:34:59 DEBUG: Processing task 84 at workstation 7: picking items {5895} for orders {13}
2026-07-12 14:34:59 DEBUG:    EVENT NUM 841   current_time = 00:07:57   OPEN_ORDER            [queue size = 31]
2026-07-12 14:34:59 DEBUG: Order 96 (skus required = {540}) opened at workstation 7.   [open_orders = 4/4]
2026-07-12 14:34:59 DEBUG:    EVENT NUM 842   current_time = 00:07:57   START_TASK            [queue size = 31]
2026-07-12 14:34:59 DEBUG: Task 90 blocked: no idle robots.
2026-07-12 14:34:59 DEBUG:    EVENT NUM 843   current_time = 00:07:57   END_PICKING           [queue size = 30]
2026-07-12 14:34:59 DEBUG: Ended picking at workstation 6.    [picking_buffer len = {}]
2026-07-12 14:34:59 DEBUG: Task should have served orders {57}, found open orders {57, 67, 10, 17}.
2026-07-12 14:34:59 DEBUG: Task 87 completed: pod 89 returning to storage.
2026-07-12 14:34:59 DEBUG:    EVENT NUM 844   current_time = 00:07:57   CLOSE_ORDER           [queue size = 31]
2026-07-12 14:34:59 DEBUG: Order 57 closed at workstation 6: flow_time = 478.0 s.     [order_buffer = 0] [open_orders = 3/4]
2026-07-12 14:34:59 DEBUG:    EVENT NUM 845   current_time = 00:07:58   ARRIVAL_POD_WST       [queue size = 30]
2026-07-12 14:34:59 DEBUG: Pod 579 arrived at workstation 5 - status = BUSY
2026-07-12 14:34:59 DEBUG: Pod queued at workstation.    [picking_buffer = {102: 474.8025943978922, 91: 478.01064400724005}]
2026-07-12 14:34:59 DEBUG:    EVENT NUM 846   current_time = 00:07:58   ARRIVAL_POD_WST       [queue size = 29]
2026-07-12 14:34:59 DEBUG: Pod 128 arrived at workstation 2 - status = IDLE
2026-07-12 14:34:59 DEBUG: Pod queued at workstation.    [picking_buffer = {72: 478.8077426034678}]
2026-07-12 14:34:59 DEBUG:    EVENT NUM 847   current_time = 00:07:58   START_PICKING         [queue size = 29]
2026-07-12 14:34:59 DEBUG: Processing task 72 at workstation 2: picking items {6410} for orders {42}
2026-07-12 14:34:59 DEBUG:    EVENT NUM 848   current_time = 00:07:59   END_PICKING           [queue size = 29]
2026-07-12 14:34:59 DEBUG: Ended picking at workstation 5.    [picking_buffer len = {102: 474.8025943978922, 91: 478.01064400724005}]
2026-07-12 14:34:59 DEBUG: Task should have served orders {33}, found open orders {33, 69, 5, 80}.
2026-07-12 14:34:59 DEBUG: Task 94 completed: pod 516 returning to storage.
2026-07-12 14:34:59 DEBUG:    EVENT NUM 849   current_time = 00:07:59   CLOSE_ORDER           [queue size = 31]
2026-07-12 14:34:59 DEBUG: Order 33 closed at workstation 5: flow_time = 479.4 s.     [order_buffer = 4] [open_orders = 3/4]
2026-07-12 14:34:59 DEBUG: Next order in buffer: 46
2026-07-12 14:34:59 DEBUG:    EVENT NUM 850   current_time = 00:07:59   START_PICKING         [queue size = 31]
2026-07-12 14:34:59 DEBUG: Processing task 102 at workstation 5: picking items {4645} for orders {69}
2026-07-12 14:34:59 DEBUG:    EVENT NUM 851   current_time = 00:07:59   OPEN_ORDER            [queue size = 31]
2026-07-12 14:34:59 DEBUG: Order 46 (skus required = {2000}) opened at workstation 5.   [open_orders = 4/4]
2026-07-12 14:34:59 DEBUG:    EVENT NUM 852   current_time = 00:07:59   START_TASK            [queue size = 31]
2026-07-12 14:34:59 DEBUG: Task 90 blocked: no idle robots.
2026-07-12 14:34:59 DEBUG:    EVENT NUM 853   current_time = 00:08:00   ARRIVAL_ORDER         [queue size = 30]
2026-07-12 14:34:59 DEBUG: Order 147 arrived: items_required = [3367, 6604].     [orders_in_system = 92]
2026-07-12 14:34:59 DEBUG:    EVENT NUM 854   current_time = 00:08:00   END_PICKING           [queue size = 30]
2026-07-12 14:34:59 DEBUG: Ended picking at workstation 0.    [picking_buffer len = {}]
2026-07-12 14:34:59 DEBUG: Task should have served orders {97}, found open orders {97, 38, 45, 16}.
2026-07-12 14:34:59 DEBUG: Task 66 completed: pod 505 returning to storage.
2026-07-12 14:34:59 DEBUG:    EVENT NUM 855   current_time = 00:08:02   RETURN_POD            [queue size = 30]
2026-07-12 14:34:59 DEBUG: Pod 31 returned. Robot 0 idle.   [idle robots = 1/30, released tasks = 38]
2026-07-12 14:34:59 DEBUG:    EVENT NUM 856   current_time = 00:08:02   START_TASK            [queue size = 30]
2026-07-12 14:34:59 DEBUG: Task 90 started: robot 0 → pod 418 → workstation 7 for orders {96} (arrival = 532.7 s).   [idle robots = 0/30]
2026-07-12 14:34:59 DEBUG:    EVENT NUM 857   current_time = 00:08:03   RETURN_POD            [queue size = 30]
2026-07-12 14:34:59 DEBUG: Pod 289 returned. Robot 2 idle.   [idle robots = 1/30, released tasks = 37]
2026-07-12 14:34:59 DEBUG:    EVENT NUM 858   current_time = 00:08:03   START_TASK            [queue size = 30]
2026-07-12 14:34:59 DEBUG: Task 92 started: robot 2 → pod 266 → workstation 7 for orders {75} (arrival = 537.2 s).   [idle robots = 0/30]
2026-07-12 14:34:59 DEBUG:    EVENT NUM 859   current_time = 00:08:04   ARRIVAL_POD_WST       [queue size = 30]
2026-07-12 14:34:59 DEBUG: Pod 25 arrived at workstation 0 - status = IDLE
2026-07-12 14:34:59 DEBUG: Pod queued at workstation.    [picking_buffer = {57: 484.0752408269758}]
2026-07-12 14:34:59 DEBUG:    EVENT NUM 860   current_time = 00:08:04   START_PICKING         [queue size = 30]
2026-07-12 14:34:59 DEBUG: Processing task 57 at workstation 0: picking items {2287} for orders {38}
2026-07-12 14:34:59 DEBUG:    EVENT NUM 861   current_time = 00:08:07   END_PICKING           [queue size = 30]
2026-07-12 14:34:59 DEBUG: Ended picking at workstation 4.    [picking_buffer len = {}]
2026-07-12 14:34:59 DEBUG: Task should have served orders {32}, found open orders {32, 41, 12, 91}.
2026-07-12 14:34:59 DEBUG: Task 93 completed: pod 286 returning to storage.
2026-07-12 14:34:59 DEBUG:    EVENT NUM 862   current_time = 00:08:07   END_PICKING           [queue size = 30]
2026-07-12 14:34:59 DEBUG: Ended picking at workstation 7.    [picking_buffer len = {}]
2026-07-12 14:34:59 DEBUG: Task should have served orders {13}, found open orders {96, 35, 13, 23}.
2026-07-12 14:34:59 DEBUG: Task 84 heading to workstation 7.
2026-07-12 14:34:59 DEBUG:    EVENT NUM 863   current_time = 00:08:07   CLOSE_ORDER           [queue size = 31]
2026-07-12 14:34:59 DEBUG: Order 13 closed at workstation 7: flow_time = 487.6 s.     [order_buffer = 9] [open_orders = 3/4]
2026-07-12 14:34:59 DEBUG: Next order in buffer: 75
2026-07-12 14:34:59 DEBUG:    EVENT NUM 864   current_time = 00:08:07   ARRIVAL_POD_WST       [queue size = 31]
2026-07-12 14:34:59 DEBUG: Pod 581 arrived at workstation 7 - status = IDLE
2026-07-12 14:34:59 DEBUG: Pod queued at workstation.    [picking_buffer = {84: 487.6041808988201}]
2026-07-12 14:34:59 DEBUG:    EVENT NUM 865   current_time = 00:08:07   OPEN_ORDER            [queue size = 31]
2026-07-12 14:34:59 DEBUG: Order 75 (skus required = {6700}) opened at workstation 7.   [open_orders = 4/4]
2026-07-12 14:34:59 DEBUG:    EVENT NUM 866   current_time = 00:08:07   START_PICKING         [queue size = 32]
2026-07-12 14:34:59 DEBUG: start_picking: WS 7 has no actionable task in buffer.
2026-07-12 14:34:59 DEBUG:    EVENT NUM 867   current_time = 00:08:07   START_TASK            [queue size = 31]
2026-07-12 14:34:59 DEBUG: Task 95 blocked: no idle robots.
2026-07-12 14:34:59 DEBUG:    EVENT NUM 868   current_time = 00:08:07   START_PICKING         [queue size = 30]
2026-07-12 14:34:59 DEBUG: start_picking: WS 7 has no actionable task in buffer.
2026-07-12 14:34:59 DEBUG:    EVENT NUM 869   current_time = 00:08:08   END_PICKING           [queue size = 29]
2026-07-12 14:34:59 DEBUG: Ended picking at workstation 2.    [picking_buffer len = {}]
2026-07-12 14:34:59 DEBUG: Task should have served orders {42}, found open orders {42}.
2026-07-12 14:34:59 DEBUG: Task 72 completed: pod 128 returning to storage.
2026-07-12 14:34:59 DEBUG:    EVENT NUM 870   current_time = 00:08:09   END_PICKING           [queue size = 29]
2026-07-12 14:34:59 DEBUG: Ended picking at workstation 5.    [picking_buffer len = {91: 478.01064400724005}]
2026-07-12 14:34:59 DEBUG: Task should have served orders {69}, found open orders {69, 5, 46, 80}.
2026-07-12 14:34:59 DEBUG: Task 102 completed: pod 586 returning to storage.
2026-07-12 14:34:59 DEBUG:    EVENT NUM 871   current_time = 00:08:09   START_PICKING         [queue size = 30]
2026-07-12 14:34:59 DEBUG: Processing task 91 at workstation 5: picking items {2931} for orders {5}
2026-07-12 14:34:59 DEBUG:    EVENT NUM 872   current_time = 00:08:10   ARRIVAL_ORDER         [queue size = 30]
2026-07-12 14:34:59 DEBUG: Order 148 arrived: items_required = [3213].     [orders_in_system = 92]
2026-07-12 14:34:59 DEBUG:    EVENT NUM 873   current_time = 00:08:10   RETURN_POD            [queue size = 30]
2026-07-12 14:34:59 DEBUG: Pod 279 returned. Robot 27 idle.   [idle robots = 1/30, released tasks = 36]
2026-07-12 14:34:59 DEBUG:    EVENT NUM 874   current_time = 00:08:10   START_TASK            [queue size = 30]
2026-07-12 14:34:59 DEBUG: Task 95 started: robot 27 → pod 168 → workstation 7 for orders {79} (arrival = 569.3 s).   [idle robots = 0/30]
2026-07-12 14:34:59 DEBUG:    EVENT NUM 875   current_time = 00:08:14   END_PICKING           [queue size = 30]
2026-07-12 14:34:59 DEBUG: Ended picking at workstation 0.    [picking_buffer len = {}]
2026-07-12 14:34:59 DEBUG: Task should have served orders {38}, found open orders {97, 38, 45, 16}.
2026-07-12 14:34:59 DEBUG: Task 57 completed: pod 25 returning to storage.
2026-07-12 14:34:59 DEBUG:    EVENT NUM 876   current_time = 00:08:14   CLOSE_ORDER           [queue size = 31]
2026-07-12 14:34:59 DEBUG: Order 38 closed at workstation 0: flow_time = 494.1 s.     [order_buffer = 0] [open_orders = 3/4]
2026-07-12 14:34:59 DEBUG:    EVENT NUM 877   current_time = 00:08:15   ARRIVAL_POD_WST       [queue size = 30]
2026-07-12 14:34:59 DEBUG: Pod 45 arrived at workstation 7 - status = IDLE
2026-07-12 14:34:59 DEBUG: Pod queued at workstation.    [picking_buffer = {84: 487.6041808988201, 82: 495.20681782795486}]
2026-07-12 14:34:59 DEBUG:    EVENT NUM 878   current_time = 00:08:15   START_PICKING         [queue size = 30]
2026-07-12 14:34:59 DEBUG: Processing task 82 at workstation 7: picking items {167} for orders {35}
2026-07-12 14:34:59 DEBUG:    EVENT NUM 879   current_time = 00:08:17   ARRIVAL_POD_WST       [queue size = 30]
2026-07-12 14:34:59 DEBUG: Pod 257 arrived at workstation 0 - status = IDLE
2026-07-12 14:34:59 DEBUG: Pod queued at workstation.    [picking_buffer = {68: 497.47262493726487}]
2026-07-12 14:34:59 DEBUG:    EVENT NUM 880   current_time = 00:08:17   START_PICKING         [queue size = 30]
2026-07-12 14:34:59 DEBUG: Processing task 68 at workstation 0: picking items {5373} for orders {97}
2026-07-12 14:34:59 DEBUG:    EVENT NUM 881   current_time = 00:08:19   END_PICKING           [queue size = 30]
2026-07-12 14:34:59 DEBUG: Ended picking at workstation 5.    [picking_buffer len = {}]
2026-07-12 14:34:59 DEBUG: Task should have served orders {5}, found open orders {69, 5, 46, 80}.
2026-07-12 14:34:59 DEBUG: Task 91 heading to workstation 5.
2026-07-12 14:34:59 DEBUG:    EVENT NUM 882   current_time = 00:08:19   ARRIVAL_POD_WST       [queue size = 30]
2026-07-12 14:34:59 DEBUG: Pod 579 arrived at workstation 5 - status = IDLE
2026-07-12 14:34:59 DEBUG: Pod queued at workstation.    [picking_buffer = {91: 499.40565252004245}]
2026-07-12 14:34:59 DEBUG:    EVENT NUM 883   current_time = 00:08:19   START_PICKING         [queue size = 30]
2026-07-12 14:34:59 DEBUG: start_picking: WS 5 has no actionable task in buffer.
2026-07-12 14:34:59 DEBUG:    EVENT NUM 884   current_time = 00:08:20   ARRIVAL_ORDER         [queue size = 29]
2026-07-12 14:34:59 DEBUG: Order 149 arrived: items_required = [6519].     [orders_in_system = 92]
2026-07-12 14:34:59 DEBUG:    EVENT NUM 885   current_time = 00:08:21   RETURN_POD            [queue size = 29]
2026-07-12 14:34:59 DEBUG: Pod 519 returned. Robot 3 idle.   [idle robots = 1/30, released tasks = 35]
2026-07-12 14:34:59 DEBUG:    EVENT NUM 886   current_time = 00:08:21   START_TASK            [queue size = 29]
2026-07-12 14:34:59 DEBUG: Task 96 blocked: no orders in {7: [94]} is open yet.  [released tasks = 34]
2026-07-12 14:34:59 DEBUG: Task 100 blocked: no orders in {7: [65]} is open yet.  [released tasks = 33]
2026-07-12 14:34:59 DEBUG: Task 103 started: robot 3 → pod 182 → workstation 5 for orders {5} (arrival = 600.9 s).   [idle robots = 0/30]
2026-07-12 14:34:59 DEBUG:    EVENT NUM 887   current_time = 00:08:23   ARRIVAL_POD_WST       [queue size = 29]
2026-07-12 14:34:59 DEBUG: Pod 322 arrived at workstation 2 - status = IDLE
2026-07-12 14:34:59 DEBUG: Pod queued at workstation.    [picking_buffer = {71: 503.7602321836799}]
2026-07-12 14:34:59 DEBUG:    EVENT NUM 888   current_time = 00:08:23   START_PICKING         [queue size = 29]
2026-07-12 14:34:59 DEBUG: Processing task 71 at workstation 2: picking items {2823} for orders {42}
2026-07-12 14:34:59 DEBUG:    EVENT NUM 889   current_time = 00:08:25   END_PICKING           [queue size = 29]
2026-07-12 14:34:59 DEBUG: Ended picking at workstation 7.    [picking_buffer len = {84: 487.6041808988201}]
2026-07-12 14:34:59 DEBUG: Task should have served orders {35}, found open orders {96, 35, 75, 23}.
2026-07-12 14:34:59 DEBUG: Task 82 completed: pod 45 returning to storage.
2026-07-12 14:34:59 DEBUG:    EVENT NUM 890   current_time = 00:08:25   CLOSE_ORDER           [queue size = 31]
2026-07-12 14:34:59 DEBUG: Order 35 closed at workstation 7: flow_time = 505.2 s.     [order_buffer = 8] [open_orders = 3/4]
2026-07-12 14:34:59 DEBUG: Next order in buffer: 79
2026-07-12 14:34:59 DEBUG:    EVENT NUM 891   current_time = 00:08:25   START_PICKING         [queue size = 31]
2026-07-12 14:34:59 DEBUG: start_picking: WS 7 has no actionable task in buffer.
2026-07-12 14:34:59 DEBUG:    EVENT NUM 892   current_time = 00:08:25   OPEN_ORDER            [queue size = 30]
2026-07-12 14:34:59 DEBUG: Order 79 (skus required = {1897}) opened at workstation 7.   [open_orders = 4/4]
2026-07-12 14:34:59 DEBUG:    EVENT NUM 893   current_time = 00:08:25   START_TASK            [queue size = 31]
2026-07-12 14:34:59 DEBUG: Task 96 blocked: no orders in {7: [94]} is open yet.  [released tasks = 33]
2026-07-12 14:34:59 DEBUG: Task 100 blocked: no idle robots.
2026-07-12 14:34:59 DEBUG:    EVENT NUM 894   current_time = 00:08:25   START_PICKING         [queue size = 30]
2026-07-12 14:34:59 DEBUG: start_picking: WS 7 has no actionable task in buffer.
2026-07-12 14:34:59 DEBUG:    EVENT NUM 895   current_time = 00:08:27   RETURN_POD            [queue size = 29]
2026-07-12 14:34:59 DEBUG: Pod 525 returned. Robot 21 idle.   [idle robots = 1/30, released tasks = 34]
2026-07-12 14:34:59 DEBUG:    EVENT NUM 896   current_time = 00:08:27   START_TASK            [queue size = 29]
2026-07-12 14:34:59 DEBUG: Task 96 blocked: no orders in {7: [94]} is open yet.  [released tasks = 33]
2026-07-12 14:34:59 DEBUG: Task 100 started: robot 21 → pod 549 → workstation 7 for orders {65} (arrival = 577.8 s).   [idle robots = 0/30]
2026-07-12 14:34:59 DEBUG:    EVENT NUM 897   current_time = 00:08:27   END_PICKING           [queue size = 29]
2026-07-12 14:34:59 DEBUG: Ended picking at workstation 0.    [picking_buffer len = {}]
2026-07-12 14:34:59 DEBUG: Task should have served orders {97}, found open orders {97, 45, 16}.
2026-07-12 14:34:59 DEBUG: Task 68 completed: pod 257 returning to storage.
2026-07-12 14:34:59 DEBUG:    EVENT NUM 898   current_time = 00:08:27   CLOSE_ORDER           [queue size = 30]
2026-07-12 14:34:59 DEBUG: Order 97 closed at workstation 0: flow_time = 507.5 s.     [order_buffer = 0] [open_orders = 2/4]
2026-07-12 14:34:59 DEBUG:    EVENT NUM 899   current_time = 00:08:29   ARRIVAL_POD_WST       [queue size = 29]
2026-07-12 14:34:59 DEBUG: Pod 399 arrived at workstation 4 - status = IDLE
2026-07-12 14:34:59 DEBUG: Pod queued at workstation.    [picking_buffer = {86: 509.71707096959165}]
2026-07-12 14:34:59 DEBUG:    EVENT NUM 900   current_time = 00:08:29   START_PICKING         [queue size = 29]
2026-07-12 14:34:59 DEBUG: Processing task 86 at workstation 4: picking items {7016} for orders {91}
2026-07-12 14:34:59 DEBUG:    EVENT NUM 901   current_time = 00:08:30   ARRIVAL_ORDER         [queue size = 29]
2026-07-12 14:34:59 DEBUG: Order 150 arrived: items_required = [3761, 4347].     [orders_in_system = 91]
2026-07-12 14:34:59 DEBUG:    EVENT NUM 902   current_time = 00:08:31   RETURN_POD            [queue size = 29]
2026-07-12 14:34:59 DEBUG: Pod 419 returned. Robot 28 idle.   [idle robots = 1/30, released tasks = 33]
2026-07-12 14:34:59 DEBUG:    EVENT NUM 903   current_time = 00:08:31   START_TASK            [queue size = 29]
2026-07-12 14:34:59 DEBUG: Task 96 blocked: no orders in {7: [94]} is open yet.  [released tasks = 32]
2026-07-12 14:34:59 DEBUG: Task 104 started: robot 28 → pod 50 → workstation 6 for orders {17} (arrival = 673.7 s).   [idle robots = 0/30]
2026-07-12 14:34:59 DEBUG:    EVENT NUM 904   current_time = 00:08:33   ARRIVAL_POD_WST       [queue size = 29]
2026-07-12 14:34:59 DEBUG: Pod 342 arrived at workstation 7 - status = IDLE
2026-07-12 14:34:59 DEBUG: Pod queued at workstation.    [picking_buffer = {84: 487.6041808988201, 89: 513.1130296563872}]
2026-07-12 14:34:59 DEBUG:    EVENT NUM 905   current_time = 00:08:33   START_PICKING         [queue size = 29]
2026-07-12 14:34:59 DEBUG: Processing task 89 at workstation 7: picking items {6613} for orders {23}
2026-07-12 14:34:59 DEBUG:    EVENT NUM 906   current_time = 00:08:33   END_PICKING           [queue size = 29]
2026-07-12 14:34:59 DEBUG: Ended picking at workstation 2.    [picking_buffer len = {}]
2026-07-12 14:34:59 DEBUG: Task should have served orders {42}, found open orders {42}.
2026-07-12 14:34:59 DEBUG: Task 71 completed: pod 322 returning to storage.
2026-07-12 14:34:59 DEBUG:    EVENT NUM 907   current_time = 00:08:33   CLOSE_ORDER           [queue size = 30]
2026-07-12 14:34:59 DEBUG: Order 42 closed at workstation 2: flow_time = 513.8 s.     [order_buffer = 0] [open_orders = 0/4]
2026-07-12 14:34:59 DEBUG:    EVENT NUM 908   current_time = 00:08:35   RETURN_POD            [queue size = 29]
2026-07-12 14:34:59 DEBUG: Pod 516 returned. Robot 5 idle.   [idle robots = 1/30, released tasks = 32]
2026-07-12 14:34:59 DEBUG:    EVENT NUM 909   current_time = 00:08:35   START_TASK            [queue size = 29]
2026-07-12 14:34:59 DEBUG: Task 96 blocked: no orders in {7: [94]} is open yet.  [released tasks = 31]
2026-07-12 14:34:59 DEBUG: Task 105 started: robot 5 → pod 148 → workstation 4 for orders {12} (arrival = 660.3 s).   [idle robots = 0/30]
2026-07-12 14:34:59 DEBUG:    EVENT NUM 910   current_time = 00:08:36   RETURN_POD            [queue size = 29]
2026-07-12 14:34:59 DEBUG: Pod 586 returned. Robot 16 idle.   [idle robots = 1/30, released tasks = 31]
2026-07-12 14:34:59 DEBUG:    EVENT NUM 911   current_time = 00:08:36   START_TASK            [queue size = 29]
2026-07-12 14:34:59 DEBUG: Task 96 blocked: no orders in {7: [94]} is open yet.  [released tasks = 30]
2026-07-12 14:34:59 DEBUG: Task 106 blocked: no orders in {5: [29]} is open yet.  [released tasks = 29]
2026-07-12 14:34:59 DEBUG: Task 107 started: robot 16 → pod 589 → workstation 4 for orders {32} (arrival = 537.4 s).   [idle robots = 0/30]
2026-07-12 14:34:59 DEBUG:    EVENT NUM 912   current_time = 00:08:36   ARRIVAL_POD_WST       [queue size = 29]
2026-07-12 14:34:59 DEBUG: Pod 598 arrived at workstation 5 - status = IDLE
2026-07-12 14:34:59 DEBUG: Pod queued at workstation.    [picking_buffer = {91: 499.40565252004245, 101: 516.4921168864555}]
2026-07-12 14:34:59 DEBUG:    EVENT NUM 913   current_time = 00:08:36   START_PICKING         [queue size = 29]
2026-07-12 14:34:59 DEBUG: Processing task 101 at workstation 5: picking items {2347} for orders {80}
2026-07-12 14:34:59 DEBUG:    EVENT NUM 914   current_time = 00:08:37   RETURN_POD            [queue size = 29]
2026-07-12 14:34:59 DEBUG: Pod 2 returned. Robot 8 idle.   [idle robots = 1/30, released tasks = 30]
2026-07-12 14:34:59 DEBUG:    EVENT NUM 915   current_time = 00:08:37   START_TASK            [queue size = 29]
2026-07-12 14:34:59 DEBUG: Task 96 blocked: no orders in {7: [94]} is open yet.  [released tasks = 29]
2026-07-12 14:34:59 DEBUG: Task 106 blocked: no orders in {5: [29]} is open yet.  [released tasks = 28]
2026-07-12 14:34:59 DEBUG: Task 108 started: robot 8 → pod 234 → workstation 5 for orders {48} (arrival = 596.3 s).   [idle robots = 0/30]
2026-07-12 14:34:59 DEBUG:    EVENT NUM 916   current_time = 00:08:39   END_PICKING           [queue size = 29]
2026-07-12 14:34:59 DEBUG: Ended picking at workstation 4.    [picking_buffer len = {}]
2026-07-12 14:34:59 DEBUG: Task should have served orders {91}, found open orders {32, 41, 12, 91}.
2026-07-12 14:34:59 DEBUG: Task 86 completed: pod 399 returning to storage.
2026-07-12 14:34:59 DEBUG:    EVENT NUM 917   current_time = 00:08:40   ARRIVAL_ORDER         [queue size = 29]
2026-07-12 14:34:59 DEBUG: Order 151 arrived: items_required = [2421, 6677].     [orders_in_system = 91]
2026-07-12 14:34:59 DEBUG:    EVENT NUM 918   current_time = 00:08:43   RETURN_POD            [queue size = 29]
2026-07-12 14:34:59 DEBUG: Pod 505 returned. Robot 23 idle.   [idle robots = 1/30, released tasks = 29]
2026-07-12 14:34:59 DEBUG:    EVENT NUM 919   current_time = 00:08:43   START_TASK            [queue size = 29]
2026-07-12 14:34:59 DEBUG: Task 96 blocked: no orders in {7: [94]} is open yet.  [released tasks = 28]
2026-07-12 14:34:59 DEBUG: Task 106 blocked: no orders in {5: [29]} is open yet.  [released tasks = 27]
2026-07-12 14:34:59 DEBUG: Task 109 blocked: no orders in {7: [89]} is open yet.  [released tasks = 26]
2026-07-12 14:34:59 DEBUG: Task 110 blocked: no orders in {7: [18]} is open yet.  [released tasks = 25]
2026-07-12 14:34:59 DEBUG: Task 111 started: robot 23 → pod 242 → workstation 5 for orders {69} (arrival = 596.6 s).   [idle robots = 0/30]
2026-07-12 14:34:59 DEBUG:    EVENT NUM 920   current_time = 00:08:43   END_PICKING           [queue size = 29]
2026-07-12 14:34:59 DEBUG: Ended picking at workstation 7.    [picking_buffer len = {84: 487.6041808988201}]
2026-07-12 14:34:59 DEBUG: Task should have served orders {23}, found open orders {96, 75, 79, 23}.
2026-07-12 14:34:59 DEBUG: Task 89 completed: pod 342 returning to storage.
2026-07-12 14:34:59 DEBUG:    EVENT NUM 921   current_time = 00:08:43   CLOSE_ORDER           [queue size = 31]
2026-07-12 14:34:59 DEBUG: Order 23 closed at workstation 7: flow_time = 523.1 s.     [order_buffer = 7] [open_orders = 3/4]
2026-07-12 14:34:59 DEBUG: Next order in buffer: 65
2026-07-12 14:34:59 DEBUG:    EVENT NUM 922   current_time = 00:08:43   START_PICKING         [queue size = 31]
2026-07-12 14:34:59 DEBUG: start_picking: WS 7 has no actionable task in buffer.
2026-07-12 14:34:59 DEBUG:    EVENT NUM 923   current_time = 00:08:43   OPEN_ORDER            [queue size = 30]
2026-07-12 14:34:59 DEBUG: Order 65 (skus required = {3885}) opened at workstation 7.   [open_orders = 4/4]
2026-07-12 14:34:59 DEBUG:    EVENT NUM 924   current_time = 00:08:43   START_TASK            [queue size = 31]
2026-07-12 14:34:59 DEBUG: Task 96 blocked: no idle robots.
2026-07-12 14:34:59 DEBUG:    EVENT NUM 925   current_time = 00:08:43   START_PICKING         [queue size = 30]
2026-07-12 14:34:59 DEBUG: start_picking: WS 7 has no actionable task in buffer.
2026-07-12 14:34:59 DEBUG:    EVENT NUM 926   current_time = 00:08:46   RETURN_POD            [queue size = 29]
2026-07-12 14:34:59 DEBUG: Pod 316 returned. Robot 20 idle.   [idle robots = 1/30, released tasks = 28]
2026-07-12 14:34:59 DEBUG:    EVENT NUM 927   current_time = 00:08:46   START_TASK            [queue size = 29]
2026-07-12 14:34:59 DEBUG: Task 96 started: robot 20 → pod 99 → workstation 7 for orders {52} (arrival = 657.5 s).   [idle robots = 0/30]
2026-07-12 14:34:59 DEBUG:    EVENT NUM 928   current_time = 00:08:46   END_PICKING           [queue size = 29]
2026-07-12 14:34:59 DEBUG: Ended picking at workstation 5.    [picking_buffer len = {91: 499.40565252004245}]
2026-07-12 14:34:59 DEBUG: Task should have served orders {80}, found open orders {69, 5, 46, 80}.
2026-07-12 14:34:59 DEBUG: Task 101 completed: pod 598 returning to storage.
2026-07-12 14:34:59 DEBUG:    EVENT NUM 929   current_time = 00:08:46   CLOSE_ORDER           [queue size = 31]
2026-07-12 14:34:59 DEBUG: Order 80 closed at workstation 5: flow_time = 526.5 s.     [order_buffer = 3] [open_orders = 3/4]
2026-07-12 14:34:59 DEBUG: Next order in buffer: 48
2026-07-12 14:34:59 DEBUG:    EVENT NUM 930   current_time = 00:08:46   START_PICKING         [queue size = 31]
2026-07-12 14:34:59 DEBUG: start_picking: WS 5 has no actionable task in buffer.
2026-07-12 14:34:59 DEBUG:    EVENT NUM 931   current_time = 00:08:46   OPEN_ORDER            [queue size = 30]
2026-07-12 14:34:59 DEBUG: Order 48 (skus required = {5073, 4694}) opened at workstation 5.   [open_orders = 4/4]
2026-07-12 14:34:59 DEBUG:    EVENT NUM 932   current_time = 00:08:46   START_TASK            [queue size = 31]
2026-07-12 14:34:59 DEBUG: Task 106 blocked: no idle robots.
2026-07-12 14:34:59 DEBUG:    EVENT NUM 933   current_time = 00:08:46   START_PICKING         [queue size = 30]
2026-07-12 14:34:59 DEBUG: Processing task 91 at workstation 5: picking items {4694} for orders {48}
2026-07-12 14:34:59 DEBUG:    EVENT NUM 934   current_time = 00:08:47   RETURN_POD            [queue size = 30]
2026-07-12 14:34:59 DEBUG: Pod 19 returned. Robot 13 idle.   [idle robots = 1/30, released tasks = 27]
2026-07-12 14:34:59 DEBUG:    EVENT NUM 935   current_time = 00:08:47   START_TASK            [queue size = 30]
2026-07-12 14:34:59 DEBUG: Task 106 started: robot 13 → pod 152 → workstation 5 for orders {29} (arrival = 657.6 s).   [idle robots = 0/30]
2026-07-12 14:34:59 DEBUG:    EVENT NUM 936   current_time = 00:08:50   ARRIVAL_ORDER         [queue size = 30]
2026-07-12 14:34:59 DEBUG: Order 152 arrived: items_required = [5782].     [orders_in_system = 90]
2026-07-12 14:34:59 DEBUG:    EVENT NUM 937   current_time = 00:08:52   ARRIVAL_POD_WST       [queue size = 30]
2026-07-12 14:34:59 DEBUG: Pod 418 arrived at workstation 7 - status = IDLE
2026-07-12 14:34:59 DEBUG: Pod queued at workstation.    [picking_buffer = {84: 487.6041808988201, 90: 532.7140082641581}]
2026-07-12 14:34:59 DEBUG:    EVENT NUM 938   current_time = 00:08:52   START_PICKING         [queue size = 30]
2026-07-12 14:34:59 DEBUG: Processing task 90 at workstation 7: picking items {540} for orders {96}
2026-07-12 14:34:59 DEBUG:    EVENT NUM 939   current_time = 00:08:56   END_PICKING           [queue size = 30]
2026-07-12 14:34:59 DEBUG: Ended picking at workstation 5.    [picking_buffer len = {}]
2026-07-12 14:34:59 DEBUG: Task should have served orders {48}, found open orders {69, 5, 46, 48}.
2026-07-12 14:34:59 DEBUG: Task 91 completed: pod 579 returning to storage.
2026-07-12 14:34:59 DEBUG:    EVENT NUM 940   current_time = 00:08:57   ARRIVAL_POD_WST       [queue size = 30]
2026-07-12 14:34:59 DEBUG: Pod 266 arrived at workstation 7 - status = BUSY
2026-07-12 14:34:59 DEBUG: Pod queued at workstation.    [picking_buffer = {84: 487.6041808988201, 92: 537.236751600868}]
2026-07-12 14:34:59 DEBUG:    EVENT NUM 941   current_time = 00:08:57   ARRIVAL_POD_WST       [queue size = 29]
2026-07-12 14:34:59 DEBUG: Pod 589 arrived at workstation 4 - status = IDLE
2026-07-12 14:34:59 DEBUG: Pod queued at workstation.    [picking_buffer = {107: 537.360001393433}]
2026-07-12 14:34:59 DEBUG:    EVENT NUM 942   current_time = 00:08:57   START_PICKING         [queue size = 29]
2026-07-12 14:34:59 DEBUG: Processing task 107 at workstation 4: picking items {4761} for orders {32}
2026-07-12 14:34:59 DEBUG:    EVENT NUM 943   current_time = 00:08:59   RETURN_POD            [queue size = 29]
2026-07-12 14:34:59 DEBUG: Pod 141 returned. Robot 7 idle.   [idle robots = 1/30, released tasks = 26]
2026-07-12 14:34:59 DEBUG:    EVENT NUM 944   current_time = 00:08:59   START_TASK            [queue size = 29]
2026-07-12 14:34:59 DEBUG: Task 109 blocked: no orders in {7: [89]} is open yet.  [released tasks = 25]
2026-07-12 14:34:59 DEBUG: Task 110 blocked: no orders in {7: [18]} is open yet.  [released tasks = 24]
2026-07-12 14:34:59 DEBUG: Task 112 started: robot 7 → pod 553 → workstation 4 for orders {32} (arrival = 608.8 s).   [idle robots = 0/30]
2026-07-12 14:34:59 DEBUG:    EVENT NUM 945   current_time = 00:09:00   ARRIVAL_ORDER         [queue size = 29]
2026-07-12 14:34:59 DEBUG: Order 153 arrived: items_required = [3298, 5505].     [orders_in_system = 91]
2026-07-12 14:34:59 DEBUG:    EVENT NUM 946   current_time = 00:09:00   RETURN_POD            [queue size = 29]
2026-07-12 14:34:59 DEBUG: Pod 49 returned. Robot 11 idle.   [idle robots = 1/30, released tasks = 25]
2026-07-12 14:34:59 DEBUG:    EVENT NUM 947   current_time = 00:09:00   START_TASK            [queue size = 29]
2026-07-12 14:34:59 DEBUG: Task 109 blocked: no orders in {7: [89]} is open yet.  [released tasks = 24]
2026-07-12 14:34:59 DEBUG: Task 110 blocked: no orders in {7: [18]} is open yet.  [released tasks = 23]
2026-07-12 14:34:59 DEBUG: Task 113 started: robot 11 → pod 47 → workstation 5 for orders {29} (arrival = 675.4 s).   [idle robots = 0/30]
2026-07-12 14:34:59 DEBUG:    EVENT NUM 948   current_time = 00:09:01   RETURN_POD            [queue size = 29]
2026-07-12 14:34:59 DEBUG: Pod 286 returned. Robot 26 idle.   [idle robots = 1/30, released tasks = 24]
2026-07-12 14:34:59 DEBUG:    EVENT NUM 949   current_time = 00:09:01   START_TASK            [queue size = 29]
2026-07-12 14:34:59 DEBUG: Task 109 blocked: no orders in {7: [89]} is open yet.  [released tasks = 23]
2026-07-12 14:34:59 DEBUG: Task 110 blocked: no orders in {7: [18]} is open yet.  [released tasks = 22]
2026-07-12 14:34:59 DEBUG: Task 114 started: robot 26 → pod 80 → workstation 6 for orders {10} (arrival = 684.4 s).   [idle robots = 0/30]
2026-07-12 14:34:59 DEBUG:    EVENT NUM 950   current_time = 00:09:02   END_PICKING           [queue size = 29]
2026-07-12 14:34:59 DEBUG: Ended picking at workstation 7.    [picking_buffer len = {84: 487.6041808988201, 92: 537.236751600868}]
2026-07-12 14:34:59 DEBUG: Task should have served orders {96}, found open orders {96, 65, 75, 79}.
2026-07-12 14:34:59 DEBUG: Task 90 completed: pod 418 returning to storage.
2026-07-12 14:34:59 DEBUG:    EVENT NUM 951   current_time = 00:09:02   CLOSE_ORDER           [queue size = 31]
2026-07-12 14:34:59 DEBUG: Order 96 closed at workstation 7: flow_time = 542.7 s.     [order_buffer = 6] [open_orders = 3/4]
2026-07-12 14:34:59 DEBUG: Next order in buffer: 52
2026-07-12 14:34:59 DEBUG:    EVENT NUM 952   current_time = 00:09:02   START_PICKING         [queue size = 31]
2026-07-12 14:34:59 DEBUG: Processing task 92 at workstation 7: picking items {6700} for orders {75}
2026-07-12 14:34:59 DEBUG:    EVENT NUM 953   current_time = 00:09:02   OPEN_ORDER            [queue size = 31]
2026-07-12 14:34:59 DEBUG: Order 52 (skus required = {2420}) opened at workstation 7.   [open_orders = 4/4]
2026-07-12 14:34:59 DEBUG:    EVENT NUM 954   current_time = 00:09:02   START_TASK            [queue size = 31]
2026-07-12 14:34:59 DEBUG: Task 109 blocked: no orders in {7: [89]} is open yet.  [released tasks = 22]
2026-07-12 14:34:59 DEBUG: Task 110 blocked: no orders in {7: [18]} is open yet.  [released tasks = 21]
2026-07-12 14:34:59 DEBUG: Task 115 blocked: no idle robots.
2026-07-12 14:34:59 DEBUG:    EVENT NUM 955   current_time = 00:09:07   END_PICKING           [queue size = 30]
2026-07-12 14:34:59 DEBUG: Ended picking at workstation 4.    [picking_buffer len = {}]
2026-07-12 14:34:59 DEBUG: Task should have served orders {32}, found open orders {32, 41, 12, 91}.
2026-07-12 14:34:59 DEBUG: Task 107 completed: pod 589 returning to storage.
2026-07-12 14:34:59 DEBUG:    EVENT NUM 956   current_time = 00:09:10   ARRIVAL_ORDER         [queue size = 30]
2026-07-12 14:34:59 DEBUG: Order 154 arrived: items_required = [241, 3747].     [orders_in_system = 91]
2026-07-12 14:34:59 DEBUG:    EVENT NUM 957   current_time = 00:09:12   END_PICKING           [queue size = 30]
2026-07-12 14:34:59 DEBUG: Ended picking at workstation 7.    [picking_buffer len = {84: 487.6041808988201}]
2026-07-12 14:34:59 DEBUG: Task should have served orders {75}, found open orders {65, 75, 79, 52}.
2026-07-12 14:34:59 DEBUG: Task 92 completed: pod 266 returning to storage.
2026-07-12 14:34:59 DEBUG:    EVENT NUM 958   current_time = 00:09:12   CLOSE_ORDER           [queue size = 32]
2026-07-12 14:34:59 DEBUG: Order 75 closed at workstation 7: flow_time = 552.7 s.     [order_buffer = 5] [open_orders = 3/4]
2026-07-12 14:34:59 DEBUG: Next order in buffer: 78
2026-07-12 14:34:59 DEBUG:    EVENT NUM 959   current_time = 00:09:12   START_PICKING         [queue size = 32]
2026-07-12 14:34:59 DEBUG: start_picking: WS 7 has no actionable task in buffer.
2026-07-12 14:34:59 DEBUG:    EVENT NUM 960   current_time = 00:09:12   OPEN_ORDER            [queue size = 31]
2026-07-12 14:34:59 DEBUG: Order 78 (skus required = {6742}) opened at workstation 7.   [open_orders = 4/4]
2026-07-12 14:34:59 DEBUG:    EVENT NUM 961   current_time = 00:09:12   START_TASK            [queue size = 32]
2026-07-12 14:34:59 DEBUG: Task 109 blocked: no orders in {7: [89]} is open yet.  [released tasks = 22]
2026-07-12 14:34:59 DEBUG: Task 110 blocked: no idle robots.
2026-07-12 14:34:59 DEBUG:    EVENT NUM 962   current_time = 00:09:12   START_PICKING         [queue size = 31]
2026-07-12 14:34:59 DEBUG: Processing task 84 at workstation 7: picking items {6742} for orders {78}
2026-07-12 14:34:59 DEBUG:    EVENT NUM 963   current_time = 00:09:12   RETURN_POD            [queue size = 31]
2026-07-12 14:34:59 DEBUG: Pod 89 returned. Robot 19 idle.   [idle robots = 1/30, released tasks = 23]
2026-07-12 14:34:59 DEBUG:    EVENT NUM 964   current_time = 00:09:12   START_TASK            [queue size = 31]
2026-07-12 14:34:59 DEBUG: Task 109 blocked: no orders in {7: [89]} is open yet.  [released tasks = 22]
2026-07-12 14:34:59 DEBUG: Task 110 started: robot 19 → pod 218 → workstation 7 for orders {18} (arrival = 634.1 s).   [idle robots = 0/30]
2026-07-12 14:34:59 DEBUG:    EVENT NUM 965   current_time = 00:09:20   ARRIVAL_ORDER         [queue size = 31]
2026-07-12 14:34:59 DEBUG: Order 155 arrived: items_required = [4838].     [orders_in_system = 91]
2026-07-12 14:34:59 DEBUG:    EVENT NUM 966   current_time = 00:09:20   RETURN_POD            [queue size = 31]
2026-07-12 14:34:59 DEBUG: Pod 420 returned. Robot 15 idle.   [idle robots = 1/30, released tasks = 22]
2026-07-12 14:34:59 DEBUG:    EVENT NUM 967   current_time = 00:09:20   START_TASK            [queue size = 31]
2026-07-12 14:34:59 DEBUG: Task 109 blocked: no orders in {7: [89]} is open yet.  [released tasks = 21]
2026-07-12 14:34:59 DEBUG: Task 115 started: robot 15 → pod 367 → workstation 6 for orders {67} (arrival = 612.9 s).   [idle robots = 0/30]
2026-07-12 14:34:59 DEBUG:    EVENT NUM 968   current_time = 00:09:22   END_PICKING           [queue size = 31]
2026-07-12 14:34:59 DEBUG: Ended picking at workstation 7.    [picking_buffer len = {}]
2026-07-12 14:34:59 DEBUG: Task should have served orders {78}, found open orders {65, 78, 79, 52}.
2026-07-12 14:34:59 DEBUG: Task 84 completed: pod 581 returning to storage.
2026-07-12 14:34:59 DEBUG:    EVENT NUM 969   current_time = 00:09:22   CLOSE_ORDER           [queue size = 32]
2026-07-12 14:34:59 DEBUG: Order 78 closed at workstation 7: flow_time = 562.7 s.     [order_buffer = 4] [open_orders = 3/4]
2026-07-12 14:34:59 DEBUG: Next order in buffer: 18
2026-07-12 14:34:59 DEBUG:    EVENT NUM 970   current_time = 00:09:22   OPEN_ORDER            [queue size = 32]
2026-07-12 14:34:59 DEBUG: Order 18 (skus required = {6617, 3468}) opened at workstation 7.   [open_orders = 4/4]
2026-07-12 14:34:59 DEBUG:    EVENT NUM 971   current_time = 00:09:22   START_TASK            [queue size = 32]
2026-07-12 14:34:59 DEBUG: Task 109 blocked: no idle robots.
2026-07-12 14:34:59 DEBUG:    EVENT NUM 972   current_time = 00:09:25   ARRIVAL_POD_WST       [queue size = 31]
2026-07-12 14:34:59 DEBUG: Pod 129 arrived at workstation 4 - status = IDLE
2026-07-12 14:34:59 DEBUG: Pod queued at workstation.    [picking_buffer = {97: 565.0325212952316}]
2026-07-12 14:34:59 DEBUG:    EVENT NUM 973   current_time = 00:09:25   START_PICKING         [queue size = 31]
2026-07-12 14:34:59 DEBUG: Processing task 97 at workstation 4: picking items {851} for orders {41}
2026-07-12 14:34:59 DEBUG:    EVENT NUM 974   current_time = 00:09:25   ARRIVAL_POD_WST       [queue size = 31]
2026-07-12 14:34:59 DEBUG: Pod 426 arrived at workstation 5 - status = IDLE
2026-07-12 14:34:59 DEBUG: Pod queued at workstation.    [picking_buffer = {98: 565.3144387696011}]
2026-07-12 14:34:59 DEBUG:    EVENT NUM 975   current_time = 00:09:25   START_PICKING         [queue size = 31]
2026-07-12 14:34:59 DEBUG: Processing task 98 at workstation 5: picking items {8376} for orders {69}
2026-07-12 14:34:59 DEBUG:    EVENT NUM 976   current_time = 00:09:29   ARRIVAL_POD_WST       [queue size = 31]
2026-07-12 14:34:59 DEBUG: Pod 168 arrived at workstation 7 - status = IDLE
2026-07-12 14:34:59 DEBUG: Pod queued at workstation.    [picking_buffer = {95: 569.3250099912377}]
2026-07-12 14:34:59 DEBUG:    EVENT NUM 977   current_time = 00:09:29   START_PICKING         [queue size = 31]
2026-07-12 14:34:59 DEBUG: Processing task 95 at workstation 7: picking items {1897} for orders {79}
2026-07-12 14:34:59 DEBUG:    EVENT NUM 978   current_time = 00:09:30   ARRIVAL_ORDER         [queue size = 31]
2026-07-12 14:34:59 DEBUG: Order 156 arrived: items_required = [4086].     [orders_in_system = 91]
2026-07-12 14:34:59 DEBUG:    EVENT NUM 979   current_time = 00:09:30   RETURN_POD            [queue size = 31]
2026-07-12 14:34:59 DEBUG: Pod 257 returned. Robot 9 idle.   [idle robots = 1/30, released tasks = 21]
2026-07-12 14:34:59 DEBUG:    EVENT NUM 980   current_time = 00:09:30   START_TASK            [queue size = 31]
2026-07-12 14:34:59 DEBUG: Task 109 started: robot 9 → pod 397 → workstation 7 for orders {89} (arrival = 649.2 s).   [idle robots = 0/30]
2026-07-12 14:34:59 DEBUG:    EVENT NUM 981   current_time = 00:09:31   RETURN_POD            [queue size = 31]
2026-07-12 14:34:59 DEBUG: Pod 589 returned. Robot 16 idle.   [idle robots = 1/30, released tasks = 20]
2026-07-12 14:34:59 DEBUG:    EVENT NUM 982   current_time = 00:09:31   START_TASK            [queue size = 31]
2026-07-12 14:34:59 DEBUG: Task 116 blocked: no orders in {7: [94]} is open yet.  [released tasks = 19]
2026-07-12 14:34:59 DEBUG: Task 117 started: robot 16 → pod 149 → workstation 6 for orders {10} (arrival = 698.5 s).   [idle robots = 0/30]
2026-07-12 14:34:59 DEBUG:    EVENT NUM 983   current_time = 00:09:34   RETURN_POD            [queue size = 31]
2026-07-12 14:34:59 DEBUG: Pod 342 returned. Robot 6 idle.   [idle robots = 1/30, released tasks = 19]
2026-07-12 14:34:59 DEBUG:    EVENT NUM 984   current_time = 00:09:34   START_TASK            [queue size = 31]
2026-07-12 14:34:59 DEBUG: Task 116 blocked: no orders in {7: [94]} is open yet.  [released tasks = 18]
2026-07-12 14:34:59 DEBUG: Task 118 started: robot 6 → pod 55 → workstation 4 for orders {91} (arrival = 702.7 s).   [idle robots = 0/30]
2026-07-12 14:34:59 DEBUG:    EVENT NUM 985   current_time = 00:09:35   END_PICKING           [queue size = 31]
2026-07-12 14:34:59 DEBUG: Ended picking at workstation 4.    [picking_buffer len = {}]
2026-07-12 14:34:59 DEBUG: Task should have served orders {41}, found open orders {32, 41, 12, 91}.
2026-07-12 14:34:59 DEBUG: Task 97 heading to workstation 4.
2026-07-12 14:34:59 DEBUG:    EVENT NUM 986   current_time = 00:09:35   CLOSE_ORDER           [queue size = 32]
2026-07-12 14:34:59 DEBUG: Order 41 closed at workstation 4: flow_time = 575.0 s.     [order_buffer = 2] [open_orders = 3/4]
2026-07-12 14:34:59 DEBUG: Next order in buffer: 73
2026-07-12 14:34:59 DEBUG:    EVENT NUM 987   current_time = 00:09:35   ARRIVAL_POD_WST       [queue size = 32]
2026-07-12 14:34:59 DEBUG: Pod 129 arrived at workstation 4 - status = IDLE
2026-07-12 14:34:59 DEBUG: Pod queued at workstation.    [picking_buffer = {97: 575.0325212952316}]
2026-07-12 14:34:59 DEBUG:    EVENT NUM 988   current_time = 00:09:35   OPEN_ORDER            [queue size = 32]
2026-07-12 14:34:59 DEBUG: Order 73 (skus required = {4387, 4860}) opened at workstation 4.   [open_orders = 4/4]
2026-07-12 14:34:59 DEBUG:    EVENT NUM 989   current_time = 00:09:35   START_PICKING         [queue size = 33]
2026-07-12 14:34:59 DEBUG: start_picking: WS 4 has no actionable task in buffer.
2026-07-12 14:34:59 DEBUG:    EVENT NUM 990   current_time = 00:09:35   START_TASK            [queue size = 32]
2026-07-12 14:34:59 DEBUG: Task 116 blocked: no orders in {7: [94]} is open yet.  [released tasks = 17]
2026-07-12 14:34:59 DEBUG: Task 119 blocked: no idle robots.
2026-07-12 14:34:59 DEBUG:    EVENT NUM 991   current_time = 00:09:35   START_PICKING         [queue size = 31]
2026-07-12 14:34:59 DEBUG: start_picking: WS 4 has no actionable task in buffer.
2026-07-12 14:34:59 DEBUG:    EVENT NUM 992   current_time = 00:09:35   END_PICKING           [queue size = 30]
2026-07-12 14:34:59 DEBUG: Ended picking at workstation 5.    [picking_buffer len = {}]
2026-07-12 14:34:59 DEBUG: Task should have served orders {69}, found open orders {69, 5, 46, 48}.
2026-07-12 14:34:59 DEBUG: Task 98 completed: pod 426 returning to storage.
2026-07-12 14:34:59 DEBUG:    EVENT NUM 993   current_time = 00:09:37   RETURN_POD            [queue size = 30]
2026-07-12 14:34:59 DEBUG: Pod 268 returned. Robot 12 idle.   [idle robots = 1/30, released tasks = 18]
2026-07-12 14:34:59 DEBUG:    EVENT NUM 994   current_time = 00:09:37   START_TASK            [queue size = 30]
2026-07-12 14:34:59 DEBUG: Task 116 blocked: no orders in {7: [94]} is open yet.  [released tasks = 17]
2026-07-12 14:34:59 DEBUG: Task 119 started: robot 12 → pod 277 → workstation 5 for orders {69} (arrival = 691.9 s).   [idle robots = 0/30]
2026-07-12 14:34:59 DEBUG:    EVENT NUM 995   current_time = 00:09:37   ARRIVAL_POD_WST       [queue size = 30]
2026-07-12 14:34:59 DEBUG: Pod 549 arrived at workstation 7 - status = BUSY
2026-07-12 14:34:59 DEBUG: Pod queued at workstation.    [picking_buffer = {100: 577.8132664994979}]
2026-07-12 14:34:59 DEBUG:    EVENT NUM 996   current_time = 00:09:39   END_PICKING           [queue size = 29]
2026-07-12 14:34:59 DEBUG: Ended picking at workstation 7.    [picking_buffer len = {100: 577.8132664994979}]
2026-07-12 14:34:59 DEBUG: Task should have served orders {79}, found open orders {65, 79, 18, 52}.
2026-07-12 14:34:59 DEBUG: Task 95 completed: pod 168 returning to storage.
2026-07-12 14:34:59 DEBUG:    EVENT NUM 997   current_time = 00:09:39   CLOSE_ORDER           [queue size = 31]
2026-07-12 14:34:59 DEBUG: Order 79 closed at workstation 7: flow_time = 579.3 s.     [order_buffer = 3] [open_orders = 3/4]
2026-07-12 14:34:59 DEBUG: Next order in buffer: 89
2026-07-12 14:34:59 DEBUG:    EVENT NUM 998   current_time = 00:09:39   START_PICKING         [queue size = 31]
2026-07-12 14:34:59 DEBUG: Processing task 100 at workstation 7: picking items {3885} for orders {65}
2026-07-12 14:34:59 DEBUG:    EVENT NUM 999   current_time = 00:09:39   OPEN_ORDER            [queue size = 31]
2026-07-12 14:34:59 DEBUG: Order 89 (skus required = {2991}) opened at workstation 7.   [open_orders = 4/4]
2026-07-12 14:34:59 DEBUG:    EVENT NUM 1000  current_time = 00:09:39   START_TASK            [queue size = 31]
2026-07-12 14:34:59 DEBUG: Task 116 blocked: no orders in {7: [94]} is open yet.  [released tasks = 16]
2026-07-12 14:34:59 DEBUG: Task 120 blocked: no idle robots.
2026-07-12 14:34:59 DEBUG:    EVENT NUM 1001  current_time = 00:09:40   ARRIVAL_ORDER         [queue size = 30]
2026-07-12 14:34:59 DEBUG: Order 157 arrived: items_required = [6333, 4137].     [orders_in_system = 90]
2026-07-12 14:34:59 DEBUG:    EVENT NUM 1002  current_time = 00:09:49   END_PICKING           [queue size = 30]
2026-07-12 14:34:59 DEBUG: Ended picking at workstation 7.    [picking_buffer len = {}]
2026-07-12 14:34:59 DEBUG: Task should have served orders {65}, found open orders {65, 18, 52, 89}.
2026-07-12 14:34:59 DEBUG: Task 100 completed: pod 549 returning to storage.
2026-07-12 14:34:59 DEBUG:    EVENT NUM 1003  current_time = 00:09:49   CLOSE_ORDER           [queue size = 31]
2026-07-12 14:34:59 DEBUG: Order 65 closed at workstation 7: flow_time = 589.3 s.     [order_buffer = 2] [open_orders = 3/4]
2026-07-12 14:34:59 DEBUG: Next order in buffer: 81
2026-07-12 14:34:59 DEBUG:    EVENT NUM 1004  current_time = 00:09:49   OPEN_ORDER            [queue size = 31]
2026-07-12 14:34:59 DEBUG: Order 81 (skus required = {5640, 4363, 1141}) opened at workstation 7.   [open_orders = 4/4]
2026-07-12 14:34:59 DEBUG:    EVENT NUM 1005  current_time = 00:09:49   START_TASK            [queue size = 31]
2026-07-12 14:34:59 DEBUG: Task 116 blocked: no idle robots.
2026-07-12 14:34:59 DEBUG:    EVENT NUM 1006  current_time = 00:09:50   ARRIVAL_ORDER         [queue size = 30]
2026-07-12 14:34:59 DEBUG: Order 158 arrived: items_required = [8525].     [orders_in_system = 90]
2026-07-12 14:34:59 DEBUG:    EVENT NUM 1007  current_time = 00:09:56   ARRIVAL_POD_WST       [queue size = 30]
2026-07-12 14:34:59 DEBUG: Pod 234 arrived at workstation 5 - status = IDLE
2026-07-12 14:34:59 DEBUG: Pod queued at workstation.    [picking_buffer = {108: 596.3161176531374}]
2026-07-12 14:34:59 DEBUG:    EVENT NUM 1008  current_time = 00:09:56   START_PICKING         [queue size = 30]
2026-07-12 14:34:59 DEBUG: Processing task 108 at workstation 5: picking items {5073} for orders {48}
2026-07-12 14:34:59 DEBUG:    EVENT NUM 1009  current_time = 00:09:56   ARRIVAL_POD_WST       [queue size = 30]
2026-07-12 14:34:59 DEBUG: Pod 242 arrived at workstation 5 - status = BUSY
2026-07-12 14:34:59 DEBUG: Pod queued at workstation.    [picking_buffer = {111: 596.5894025342146}]
2026-07-12 14:34:59 DEBUG:    EVENT NUM 1010  current_time = 00:09:59   RETURN_POD            [queue size = 29]
2026-07-12 14:34:59 DEBUG: Pod 598 returned. Robot 14 idle.   [idle robots = 1/30, released tasks = 17]
2026-07-12 14:34:59 DEBUG:    EVENT NUM 1011  current_time = 00:09:59   START_TASK            [queue size = 29]
2026-07-12 14:34:59 DEBUG: Task 116 started: robot 14 → pod 57 → workstation 7 for orders {94} (arrival = 723.3 s).   [idle robots = 0/30]
2026-07-12 14:34:59 DEBUG:    EVENT NUM 1012  current_time = 00:09:59   RETURN_POD            [queue size = 29]
2026-07-12 14:34:59 DEBUG: Pod 418 returned. Robot 0 idle.   [idle robots = 1/30, released tasks = 16]
2026-07-12 14:34:59 DEBUG:    EVENT NUM 1013  current_time = 00:09:59   START_TASK            [queue size = 29]
2026-07-12 14:34:59 DEBUG: Task 120 started: robot 0 → pod 364 → workstation 6 for orders {67} (arrival = 643.7 s).   [idle robots = 0/30]
2026-07-12 14:34:59 DEBUG:    EVENT NUM 1014  current_time = 00:10:00   ARRIVAL_ORDER         [queue size = 29]
2026-07-12 14:34:59 DEBUG: Order 159 arrived: items_required = [4659].     [orders_in_system = 91]
2026-07-12 14:34:59 DEBUG:    EVENT NUM 1015  current_time = 00:10:00   ARRIVAL_POD_WST       [queue size = 29]
2026-07-12 14:34:59 DEBUG: Pod 182 arrived at workstation 5 - status = BUSY
2026-07-12 14:34:59 DEBUG: Pod queued at workstation.    [picking_buffer = {111: 596.5894025342146, 103: 600.8638058401501}]
2026-07-12 14:34:59 DEBUG:    EVENT NUM 1016  current_time = 00:10:06   END_PICKING           [queue size = 28]
2026-07-12 14:34:59 DEBUG: Ended picking at workstation 5.    [picking_buffer len = {111: 596.5894025342146, 103: 600.8638058401501}]
2026-07-12 14:34:59 DEBUG: Task should have served orders {48}, found open orders {69, 5, 46, 48}.
2026-07-12 14:34:59 DEBUG: Task 108 completed: pod 234 returning to storage.
2026-07-12 14:34:59 DEBUG:    EVENT NUM 1017  current_time = 00:10:06   CLOSE_ORDER           [queue size = 30]
2026-07-12 14:34:59 DEBUG: Order 48 closed at workstation 5: flow_time = 606.3 s.     [order_buffer = 2] [open_orders = 3/4]
2026-07-12 14:34:59 DEBUG: Next order in buffer: 29
2026-07-12 14:34:59 DEBUG:    EVENT NUM 1018  current_time = 00:10:06   START_PICKING         [queue size = 30]
2026-07-12 14:34:59 DEBUG: Processing task 111 at workstation 5: picking items {4240} for orders {69}
2026-07-12 14:34:59 DEBUG:    EVENT NUM 1019  current_time = 00:10:06   OPEN_ORDER            [queue size = 30]
2026-07-12 14:34:59 DEBUG: Order 29 (skus required = {6466, 4966}) opened at workstation 5.   [open_orders = 4/4]
2026-07-12 14:34:59 DEBUG:    EVENT NUM 1020  current_time = 00:10:06   START_TASK            [queue size = 30]
2026-07-12 14:34:59 DEBUG: Task 121 blocked: no idle robots.
2026-07-12 14:34:59 DEBUG:    EVENT NUM 1021  current_time = 00:10:06   RETURN_POD            [queue size = 29]
2026-07-12 14:34:59 DEBUG: Pod 266 returned. Robot 2 idle.   [idle robots = 1/30, released tasks = 15]
2026-07-12 14:34:59 DEBUG:    EVENT NUM 1022  current_time = 00:10:06   START_TASK            [queue size = 29]
2026-07-12 14:34:59 DEBUG: Task 121 started: robot 2 → pod 559 → workstation 4 for orders {32} (arrival = 641.3 s).   [idle robots = 0/30]
2026-07-12 14:34:59 DEBUG:    EVENT NUM 1023  current_time = 00:10:08   ARRIVAL_POD_WST       [queue size = 29]
2026-07-12 14:34:59 DEBUG: Pod 553 arrived at workstation 4 - status = IDLE
2026-07-12 14:34:59 DEBUG: Pod queued at workstation.    [picking_buffer = {97: 575.0325212952316, 112: 608.8261228343196}]
2026-07-12 14:34:59 DEBUG:    EVENT NUM 1024  current_time = 00:10:08   START_PICKING         [queue size = 29]
2026-07-12 14:34:59 DEBUG: Processing task 112 at workstation 4: picking items {2147} for orders {32}
2026-07-12 14:34:59 DEBUG:    EVENT NUM 1025  current_time = 00:10:10   ARRIVAL_ORDER         [queue size = 29]
2026-07-12 14:34:59 DEBUG: Order 160 arrived: items_required = [4085].     [orders_in_system = 91]
2026-07-12 14:34:59 DEBUG:    EVENT NUM 1026  current_time = 00:10:12   RETURN_POD            [queue size = 29]
2026-07-12 14:34:59 DEBUG: Pod 579 returned. Robot 4 idle.   [idle robots = 1/30, released tasks = 14]
2026-07-12 14:34:59 DEBUG:    EVENT NUM 1027  current_time = 00:10:12   START_TASK            [queue size = 29]
2026-07-12 14:34:59 DEBUG: Task 122 started: robot 4 → pod 487 → workstation 6 for orders {17} (arrival = 647.9 s).   [idle robots = 0/30]
2026-07-12 14:34:59 DEBUG:    EVENT NUM 1028  current_time = 00:10:12   ARRIVAL_POD_WST       [queue size = 29]
2026-07-12 14:34:59 DEBUG: Pod 367 arrived at workstation 6 - status = IDLE
2026-07-12 14:34:59 DEBUG: Pod queued at workstation.    [picking_buffer = {115: 612.9493668398189}]
2026-07-12 14:34:59 DEBUG:    EVENT NUM 1029  current_time = 00:10:12   START_PICKING         [queue size = 29]
2026-07-12 14:34:59 DEBUG: Processing task 115 at workstation 6: picking items {1743} for orders {67}
2026-07-12 14:34:59 DEBUG:    EVENT NUM 1030  current_time = 00:10:13   RETURN_POD            [queue size = 29]
2026-07-12 14:34:59 DEBUG: Pod 128 returned. Robot 18 idle.   [idle robots = 1/30, released tasks = 13]
2026-07-12 14:34:59 DEBUG:    EVENT NUM 1031  current_time = 00:10:13   START_TASK            [queue size = 29]
2026-07-12 14:34:59 DEBUG: Task 123 started: robot 18 → pod 377 → workstation 4 for orders {73} (arrival = 716.7 s).   [idle robots = 0/30]
2026-07-12 14:34:59 DEBUG:    EVENT NUM 1032  current_time = 00:10:16   END_PICKING           [queue size = 29]
2026-07-12 14:34:59 DEBUG: Ended picking at workstation 5.    [picking_buffer len = {103: 600.8638058401501}]
2026-07-12 14:34:59 DEBUG: Task should have served orders {69}, found open orders {69, 5, 46, 29}.
2026-07-12 14:34:59 DEBUG: Task 111 completed: pod 242 returning to storage.
2026-07-12 14:34:59 DEBUG:    EVENT NUM 1033  current_time = 00:10:16   START_PICKING         [queue size = 30]
2026-07-12 14:34:59 DEBUG: Processing task 103 at workstation 5: picking items {6532} for orders {5}
2026-07-12 14:34:59 DEBUG:    EVENT NUM 1034  current_time = 00:10:17   RETURN_POD            [queue size = 30]
2026-07-12 14:34:59 DEBUG: Pod 25 returned. Robot 10 idle.   [idle robots = 1/30, released tasks = 12]
2026-07-12 14:34:59 DEBUG:    EVENT NUM 1035  current_time = 00:10:17   START_TASK            [queue size = 30]
2026-07-12 14:34:59 DEBUG: Task 124 started: robot 10 → pod 144 → workstation 6 for orders {10} (arrival = 718.4 s).   [idle robots = 0/30]
2026-07-12 14:34:59 DEBUG:    EVENT NUM 1036  current_time = 00:10:18   END_PICKING           [queue size = 30]
2026-07-12 14:34:59 DEBUG: Ended picking at workstation 4.    [picking_buffer len = {97: 575.0325212952316}]
2026-07-12 14:34:59 DEBUG: Task should have served orders {32}, found open orders {32, 73, 12, 91}.
2026-07-12 14:34:59 DEBUG: Task 112 completed: pod 553 returning to storage.
2026-07-12 14:34:59 DEBUG:    EVENT NUM 1037  current_time = 00:10:18   START_PICKING         [queue size = 31]
2026-07-12 14:34:59 DEBUG: start_picking: WS 4 has no actionable task in buffer.
2026-07-12 14:34:59 DEBUG:    EVENT NUM 1038  current_time = 00:10:20   ARRIVAL_ORDER         [queue size = 30]
2026-07-12 14:34:59 DEBUG: Order 161 arrived: items_required = [3001].     [orders_in_system = 92]
2026-07-12 14:34:59 DEBUG:    EVENT NUM 1039  current_time = 00:10:20   RETURN_POD            [queue size = 30]
2026-07-12 14:34:59 DEBUG: Pod 45 returned. Robot 22 idle.   [idle robots = 1/30, released tasks = 11]
2026-07-12 14:34:59 DEBUG:    EVENT NUM 1040  current_time = 00:10:20   START_TASK            [queue size = 30]
2026-07-12 14:34:59 DEBUG: Task 125 started: robot 22 → pod 220 → workstation 7 for orders {81} (arrival = 708.1 s).   [idle robots = 0/30]
2026-07-12 14:34:59 DEBUG:    EVENT NUM 1041  current_time = 00:10:22   END_PICKING           [queue size = 30]
2026-07-12 14:34:59 DEBUG: Ended picking at workstation 6.    [picking_buffer len = {}]
2026-07-12 14:34:59 DEBUG: Task should have served orders {67}, found open orders {67, 10, 17}.
2026-07-12 14:34:59 DEBUG: Task 115 completed: pod 367 returning to storage.
2026-07-12 14:34:59 DEBUG:    EVENT NUM 1042  current_time = 00:10:25   RETURN_POD            [queue size = 30]
2026-07-12 14:34:59 DEBUG: Pod 399 returned. Robot 24 idle.   [idle robots = 1/30, released tasks = 10]
2026-07-12 14:34:59 DEBUG:    EVENT NUM 1043  current_time = 00:10:25   START_TASK            [queue size = 30]
2026-07-12 14:34:59 DEBUG: Task 126 started: robot 24 → pod 356 → workstation 5 for orders {69} (arrival = 707.9 s).   [idle robots = 0/30]
2026-07-12 14:34:59 DEBUG:    EVENT NUM 1044  current_time = 00:10:26   END_PICKING           [queue size = 30]
2026-07-12 14:34:59 DEBUG: Ended picking at workstation 5.    [picking_buffer len = {}]
2026-07-12 14:34:59 DEBUG: Task should have served orders {5}, found open orders {69, 5, 46, 29}.
2026-07-12 14:34:59 DEBUG: Task 103 heading to workstation 5.
2026-07-12 14:34:59 DEBUG:    EVENT NUM 1045  current_time = 00:10:26   CLOSE_ORDER           [queue size = 31]
2026-07-12 14:34:59 DEBUG: Order 5 closed at workstation 5: flow_time = 626.3 s.     [order_buffer = 1] [open_orders = 3/4]
2026-07-12 14:34:59 DEBUG: Next order in buffer: 93
2026-07-12 14:34:59 DEBUG:    EVENT NUM 1046  current_time = 00:10:26   ARRIVAL_POD_WST       [queue size = 31]
2026-07-12 14:34:59 DEBUG: Pod 182 arrived at workstation 5 - status = IDLE
2026-07-12 14:34:59 DEBUG: Pod queued at workstation.    [picking_buffer = {103: 626.3161176531374}]
2026-07-12 14:34:59 DEBUG:    EVENT NUM 1047  current_time = 00:10:26   OPEN_ORDER            [queue size = 31]
2026-07-12 14:34:59 DEBUG: Order 93 (skus required = {8344}) opened at workstation 5.   [open_orders = 4/4]
2026-07-12 14:34:59 DEBUG:    EVENT NUM 1048  current_time = 00:10:26   START_PICKING         [queue size = 32]
2026-07-12 14:34:59 DEBUG: Processing task 103 at workstation 5: picking items {2000} for orders {46}
2026-07-12 14:34:59 DEBUG:    EVENT NUM 1049  current_time = 00:10:26   START_TASK            [queue size = 32]
2026-07-12 14:34:59 DEBUG: Task 127 blocked: no idle robots.
2026-07-12 14:34:59 DEBUG:    EVENT NUM 1050  current_time = 00:10:26   START_PICKING         [queue size = 31]
2026-07-12 14:34:59 DEBUG:    EVENT NUM 1051  current_time = 00:10:27   RETURN_POD            [queue size = 30]
2026-07-12 14:34:59 DEBUG: Pod 581 returned. Robot 1 idle.   [idle robots = 1/30, released tasks = 9]
2026-07-12 14:34:59 DEBUG:    EVENT NUM 1052  current_time = 00:10:27   START_TASK            [queue size = 30]
2026-07-12 14:34:59 DEBUG: Task 127 started: robot 1 → pod 290 → workstation 5 for orders {93} (arrival = 686.1 s).   [idle robots = 0/30]
2026-07-12 14:34:59 DEBUG:    EVENT NUM 1053  current_time = 00:10:30   ARRIVAL_ORDER         [queue size = 30]
2026-07-12 14:34:59 DEBUG: Order 162 arrived: items_required = [4047].     [orders_in_system = 92]
2026-07-12 14:34:59 DEBUG:    EVENT NUM 1054  current_time = 00:10:33   RETURN_POD            [queue size = 30]
2026-07-12 14:34:59 DEBUG: Pod 322 returned. Robot 25 idle.   [idle robots = 1/30, released tasks = 8]
2026-07-12 14:34:59 DEBUG:    EVENT NUM 1055  current_time = 00:10:33   START_TASK            [queue size = 30]
2026-07-12 14:34:59 DEBUG: Task 128 started: robot 25 → pod 507 → workstation 4 for orders {63} (arrival = 691.1 s).   [idle robots = 0/30]
2026-07-12 14:34:59 DEBUG:    EVENT NUM 1056  current_time = 00:10:34   ARRIVAL_POD_WST       [queue size = 30]
2026-07-12 14:34:59 DEBUG: Pod 218 arrived at workstation 7 - status = IDLE
2026-07-12 14:34:59 DEBUG: Pod queued at workstation.    [picking_buffer = {110: 634.0920185757461}]
2026-07-12 14:34:59 DEBUG:    EVENT NUM 1057  current_time = 00:10:34   START_PICKING         [queue size = 30]
2026-07-12 14:34:59 DEBUG: Processing task 110 at workstation 7: picking items {6617} for orders {18}
2026-07-12 14:34:59 DEBUG:    EVENT NUM 1058  current_time = 00:10:36   END_PICKING           [queue size = 30]
2026-07-12 14:34:59 DEBUG: Ended picking at workstation 5.    [picking_buffer len = {}]
2026-07-12 14:34:59 DEBUG: Task should have served orders {46}, found open orders {69, 46, 93, 29}.
2026-07-12 14:34:59 DEBUG: Task 103 completed: pod 182 returning to storage.
2026-07-12 14:34:59 DEBUG:    EVENT NUM 1059  current_time = 00:10:36   CLOSE_ORDER           [queue size = 31]
2026-07-12 14:34:59 DEBUG: Order 46 closed at workstation 5: flow_time = 636.3 s.     [order_buffer = 0] [open_orders = 3/4]
2026-07-12 14:34:59 DEBUG:    EVENT NUM 1060  current_time = 00:10:40   ARRIVAL_ORDER         [queue size = 30]
2026-07-12 14:34:59 DEBUG: Order 163 arrived: items_required = [4362].     [orders_in_system = 92]
2026-07-12 14:34:59 DEBUG:    EVENT NUM 1061  current_time = 00:10:41   ARRIVAL_POD_WST       [queue size = 30]
2026-07-12 14:34:59 DEBUG: Pod 559 arrived at workstation 4 - status = IDLE
2026-07-12 14:34:59 DEBUG: Pod queued at workstation.    [picking_buffer = {97: 575.0325212952316, 121: 641.2814441471419}]
2026-07-12 14:34:59 DEBUG:    EVENT NUM 1062  current_time = 00:10:41   START_PICKING         [queue size = 30]
2026-07-12 14:34:59 DEBUG: Processing task 121 at workstation 4: picking items {5982} for orders {32}
2026-07-12 14:34:59 DEBUG:    EVENT NUM 1063  current_time = 00:10:43   ARRIVAL_POD_WST       [queue size = 30]
2026-07-12 14:34:59 DEBUG: Pod 364 arrived at workstation 6 - status = IDLE
2026-07-12 14:34:59 DEBUG: Pod queued at workstation.    [picking_buffer = {120: 643.7254470793953}]
2026-07-12 14:34:59 DEBUG:    EVENT NUM 1064  current_time = 00:10:43   START_PICKING         [queue size = 30]
2026-07-12 14:34:59 DEBUG: Processing task 120 at workstation 6: picking items {7974} for orders {67}
2026-07-12 14:34:59 DEBUG:    EVENT NUM 1065  current_time = 00:10:44   END_PICKING           [queue size = 30]
2026-07-12 14:34:59 DEBUG: Ended picking at workstation 7.    [picking_buffer len = {}]
2026-07-12 14:34:59 DEBUG: Task should have served orders {18}, found open orders {81, 18, 52, 89}.
2026-07-12 14:34:59 DEBUG: Task 110 completed: pod 218 returning to storage.
2026-07-12 14:34:59 DEBUG:    EVENT NUM 1066  current_time = 00:10:47   ARRIVAL_POD_WST       [queue size = 30]
2026-07-12 14:34:59 DEBUG: Pod 487 arrived at workstation 6 - status = BUSY
2026-07-12 14:34:59 DEBUG: Pod queued at workstation.    [picking_buffer = {122: 647.8618145702351}]
2026-07-12 14:34:59 DEBUG:    EVENT NUM 1067  current_time = 00:10:49   ARRIVAL_POD_WST       [queue size = 29]
2026-07-12 14:34:59 DEBUG: Pod 397 arrived at workstation 7 - status = IDLE
2026-07-12 14:34:59 DEBUG: Pod queued at workstation.    [picking_buffer = {109: 649.1616538071173}]
2026-07-12 14:34:59 DEBUG:    EVENT NUM 1068  current_time = 00:10:49   START_PICKING         [queue size = 29]
2026-07-12 14:34:59 DEBUG: Processing task 109 at workstation 7: picking items {2991} for orders {89}
2026-07-12 14:34:59 DEBUG:    EVENT NUM 1069  current_time = 00:10:50   ARRIVAL_ORDER         [queue size = 29]
2026-07-12 14:34:59 DEBUG: Order 164 arrived: items_required = [3332].     [orders_in_system = 93]
2026-07-12 14:34:59 DEBUG:    EVENT NUM 1070  current_time = 00:10:51   END_PICKING           [queue size = 29]
2026-07-12 14:34:59 DEBUG: Ended picking at workstation 4.    [picking_buffer len = {97: 575.0325212952316}]
2026-07-12 14:34:59 DEBUG: Task should have served orders {32}, found open orders {32, 73, 12, 91}.
2026-07-12 14:34:59 DEBUG: Task 121 heading to workstation 4.
2026-07-12 14:34:59 DEBUG:    EVENT NUM 1071  current_time = 00:10:51   CLOSE_ORDER           [queue size = 31]
2026-07-12 14:34:59 DEBUG: Order 32 closed at workstation 4: flow_time = 651.3 s.     [order_buffer = 1] [open_orders = 3/4]
2026-07-12 14:34:59 DEBUG: Next order in buffer: 63
2026-07-12 14:34:59 DEBUG:    EVENT NUM 1072  current_time = 00:10:51   ARRIVAL_POD_WST       [queue size = 31]
2026-07-12 14:34:59 DEBUG: Pod 559 arrived at workstation 4 - status = IDLE
2026-07-12 14:34:59 DEBUG: Pod queued at workstation.    [picking_buffer = {97: 575.0325212952316, 121: 651.2814441471419}]
2026-07-12 14:34:59 DEBUG:    EVENT NUM 1073  current_time = 00:10:51   START_PICKING         [queue size = 31]
2026-07-12 14:34:59 DEBUG: Processing task 121 at workstation 4: picking items {4387} for orders {73}
2026-07-12 14:34:59 DEBUG:    EVENT NUM 1074  current_time = 00:10:51   OPEN_ORDER            [queue size = 31]
2026-07-12 14:34:59 DEBUG: Order 63 (skus required = {3954, 4427}) opened at workstation 4.   [open_orders = 4/4]
2026-07-12 14:34:59 DEBUG:    EVENT NUM 1075  current_time = 00:10:51   START_PICKING         [queue size = 31]
2026-07-12 14:34:59 DEBUG:    EVENT NUM 1076  current_time = 00:10:51   START_TASK            [queue size = 30]
2026-07-12 14:34:59 DEBUG: Task 129 blocked: no idle robots.
2026-07-12 14:34:59 DEBUG:    EVENT NUM 1077  current_time = 00:10:53   END_PICKING           [queue size = 29]
2026-07-12 14:34:59 DEBUG: Ended picking at workstation 6.    [picking_buffer len = {122: 647.8618145702351}]
2026-07-12 14:34:59 DEBUG: Task should have served orders {67}, found open orders {67, 10, 17}.
2026-07-12 14:34:59 DEBUG: Task 120 completed: pod 364 returning to storage.
2026-07-12 14:34:59 DEBUG:    EVENT NUM 1078  current_time = 00:10:53   CLOSE_ORDER           [queue size = 31]
2026-07-12 14:34:59 DEBUG: Order 67 closed at workstation 6: flow_time = 653.7 s.     [order_buffer = 0] [open_orders = 2/4]
2026-07-12 14:34:59 DEBUG:    EVENT NUM 1079  current_time = 00:10:53   START_PICKING         [queue size = 30]
2026-07-12 14:34:59 DEBUG: Processing task 122 at workstation 6: picking items {5022} for orders {17}
2026-07-12 14:34:59 DEBUG:    EVENT NUM 1080  current_time = 00:10:57   ARRIVAL_POD_WST       [queue size = 30]
2026-07-12 14:34:59 DEBUG: Pod 99 arrived at workstation 7 - status = BUSY
2026-07-12 14:34:59 DEBUG: Pod queued at workstation.    [picking_buffer = {96: 657.5305313122243}]
2026-07-12 14:34:59 DEBUG:    EVENT NUM 1081  current_time = 00:10:57   ARRIVAL_POD_WST       [queue size = 29]
2026-07-12 14:34:59 DEBUG: Pod 152 arrived at workstation 5 - status = IDLE
2026-07-12 14:34:59 DEBUG: Pod queued at workstation.    [picking_buffer = {106: 657.5574765304722}]
2026-07-12 14:34:59 DEBUG:    EVENT NUM 1082  current_time = 00:10:57   START_PICKING         [queue size = 29]
2026-07-12 14:34:59 DEBUG: Processing task 106 at workstation 5: picking items {6466} for orders {29}
2026-07-12 14:34:59 DEBUG:    EVENT NUM 1083  current_time = 00:10:59   END_PICKING           [queue size = 29]
2026-07-12 14:34:59 DEBUG: Ended picking at workstation 7.    [picking_buffer len = {96: 657.5305313122243}]
2026-07-12 14:34:59 DEBUG: Task should have served orders {89}, found open orders {81, 18, 52, 89}.
2026-07-12 14:34:59 DEBUG: Task 109 completed: pod 397 returning to storage.
2026-07-12 14:34:59 DEBUG:    EVENT NUM 1084  current_time = 00:10:59   CLOSE_ORDER           [queue size = 31]
2026-07-12 14:34:59 DEBUG: Order 89 closed at workstation 7: flow_time = 659.2 s.     [order_buffer = 1] [open_orders = 3/4]
2026-07-12 14:34:59 DEBUG: Next order in buffer: 94
2026-07-12 14:34:59 DEBUG:    EVENT NUM 1085  current_time = 00:10:59   START_PICKING         [queue size = 31]
2026-07-12 14:34:59 DEBUG: Processing task 96 at workstation 7: picking items {2420} for orders {52}
2026-07-12 14:34:59 DEBUG:    EVENT NUM 1086  current_time = 00:10:59   OPEN_ORDER            [queue size = 31]
2026-07-12 14:34:59 DEBUG: Order 94 (skus required = {6324, 3956}) opened at workstation 7.   [open_orders = 4/4]
2026-07-12 14:34:59 DEBUG:    EVENT NUM 1087  current_time = 00:10:59   START_TASK            [queue size = 31]
2026-07-12 14:34:59 DEBUG: Task 129 blocked: no idle robots.
2026-07-12 14:34:59 DEBUG:    EVENT NUM 1088  current_time = 00:11:00   ARRIVAL_ORDER         [queue size = 30]
2026-07-12 14:34:59 DEBUG: Order 165 arrived: items_required = [723].     [orders_in_system = 91]
2026-07-12 14:34:59 DEBUG:    EVENT NUM 1089  current_time = 00:11:00   ARRIVAL_POD_WST       [queue size = 30]
2026-07-12 14:34:59 DEBUG: Pod 148 arrived at workstation 4 - status = BUSY
2026-07-12 14:34:59 DEBUG: Pod queued at workstation.    [picking_buffer = {97: 575.0325212952316, 105: 660.3130998918994}]
2026-07-12 14:34:59 DEBUG:    EVENT NUM 1090  current_time = 00:11:01   END_PICKING           [queue size = 29]
2026-07-12 14:34:59 DEBUG: Ended picking at workstation 4.    [picking_buffer len = {97: 575.0325212952316, 105: 660.3130998918994}]
2026-07-12 14:34:59 DEBUG: Task should have served orders {73}, found open orders {73, 12, 91, 63}.
2026-07-12 14:34:59 DEBUG: Task 121 completed: pod 559 returning to storage.
2026-07-12 14:34:59 DEBUG:    EVENT NUM 1091  current_time = 00:11:01   START_PICKING         [queue size = 30]
2026-07-12 14:34:59 DEBUG: Processing task 97 at workstation 4: picking items {4427} for orders {63}
2026-07-12 14:34:59 DEBUG:    EVENT NUM 1092  current_time = 00:11:01   RETURN_POD            [queue size = 30]
2026-07-12 14:34:59 DEBUG: Pod 168 returned. Robot 27 idle.   [idle robots = 1/30, released tasks = 7]
2026-07-12 14:34:59 DEBUG:    EVENT NUM 1093  current_time = 00:11:01   START_TASK            [queue size = 30]
2026-07-12 14:34:59 DEBUG: Task 129 started: robot 27 → pod 492 → workstation 6 for orders {10} (arrival = 699.5 s).   [idle robots = 0/30]
2026-07-12 14:34:59 DEBUG:    EVENT NUM 1094  current_time = 00:11:03   END_PICKING           [queue size = 30]
2026-07-12 14:34:59 DEBUG: Ended picking at workstation 6.    [picking_buffer len = {}]
2026-07-12 14:34:59 DEBUG: Task should have served orders {17}, found open orders {10, 17}.
2026-07-12 14:34:59 DEBUG: Task 122 completed: pod 487 returning to storage.
2026-07-12 14:34:59 DEBUG:    EVENT NUM 1095  current_time = 00:11:03   RETURN_POD            [queue size = 30]
2026-07-12 14:34:59 DEBUG: Pod 549 returned. Robot 21 idle.   [idle robots = 1/30, released tasks = 6]
2026-07-12 14:34:59 DEBUG:    EVENT NUM 1096  current_time = 00:11:03   START_TASK            [queue size = 30]
2026-07-12 14:34:59 DEBUG: Task 130 started: robot 21 → pod 590 → workstation 7 for orders {18} (arrival = 677.0 s).   [idle robots = 0/30]
2026-07-12 14:34:59 DEBUG:    EVENT NUM 1097  current_time = 00:11:07   END_PICKING           [queue size = 30]
2026-07-12 14:34:59 DEBUG: Ended picking at workstation 5.    [picking_buffer len = {}]
2026-07-12 14:34:59 DEBUG: Task should have served orders {29}, found open orders {69, 93, 29}.
2026-07-12 14:34:59 DEBUG: Task 106 completed: pod 152 returning to storage.
2026-07-12 14:34:59 DEBUG:    EVENT NUM 1098  current_time = 00:11:09   END_PICKING           [queue size = 30]
2026-07-12 14:34:59 DEBUG: Ended picking at workstation 7.    [picking_buffer len = {}]
2026-07-12 14:34:59 DEBUG: Task should have served orders {52}, found open orders {81, 18, 52, 94}.
2026-07-12 14:34:59 DEBUG: Task 96 heading to workstation 7.
2026-07-12 14:34:59 DEBUG:    EVENT NUM 1099  current_time = 00:11:09   CLOSE_ORDER           [queue size = 31]
2026-07-12 14:34:59 DEBUG: Order 52 closed at workstation 7: flow_time = 669.2 s.     [order_buffer = 0] [open_orders = 3/4]
2026-07-12 14:34:59 DEBUG:    EVENT NUM 1100  current_time = 00:11:09   ARRIVAL_POD_WST       [queue size = 30]
2026-07-12 14:34:59 DEBUG: Pod 99 arrived at workstation 7 - status = IDLE
2026-07-12 14:34:59 DEBUG: Pod queued at workstation.    [picking_buffer = {96: 669.1616538071173}]
2026-07-12 14:34:59 DEBUG:    EVENT NUM 1101  current_time = 00:11:09   START_PICKING         [queue size = 30]
2026-07-12 14:34:59 DEBUG: Processing task 96 at workstation 7: picking items {6324} for orders {94}
2026-07-12 14:34:59 DEBUG:    EVENT NUM 1102  current_time = 00:11:10   ARRIVAL_ORDER         [queue size = 30]
2026-07-12 14:34:59 DEBUG: Order 166 arrived: items_required = [4187].     [orders_in_system = 91]
2026-07-12 14:34:59 DEBUG:    EVENT NUM 1103  current_time = 00:11:11   END_PICKING           [queue size = 30]
2026-07-12 14:34:59 DEBUG: Ended picking at workstation 4.    [picking_buffer len = {105: 660.3130998918994}]
2026-07-12 14:34:59 DEBUG: Task should have served orders {63}, found open orders {73, 12, 91, 63}.
2026-07-12 14:34:59 DEBUG: Task 97 completed: pod 129 returning to storage.
2026-07-12 14:34:59 DEBUG:    EVENT NUM 1104  current_time = 00:11:11   START_PICKING         [queue size = 31]
2026-07-12 14:34:59 DEBUG: Processing task 105 at workstation 4: picking items {2332} for orders {12}
2026-07-12 14:34:59 DEBUG:    EVENT NUM 1105  current_time = 00:11:13   ARRIVAL_POD_WST       [queue size = 31]
2026-07-12 14:34:59 DEBUG: Pod 50 arrived at workstation 6 - status = IDLE
2026-07-12 14:34:59 DEBUG: Pod queued at workstation.    [picking_buffer = {104: 673.6668002558331}]
2026-07-12 14:34:59 DEBUG:    EVENT NUM 1106  current_time = 00:11:13   START_PICKING         [queue size = 31]
2026-07-12 14:34:59 DEBUG: Processing task 104 at workstation 6: picking items {6165} for orders {17}
2026-07-12 14:34:59 DEBUG:    EVENT NUM 1107  current_time = 00:11:15   ARRIVAL_POD_WST       [queue size = 31]
2026-07-12 14:34:59 DEBUG: Pod 47 arrived at workstation 5 - status = IDLE
2026-07-12 14:34:59 DEBUG: Pod queued at workstation.    [picking_buffer = {113: 675.4406329577951}]
2026-07-12 14:34:59 DEBUG:    EVENT NUM 1108  current_time = 00:11:15   START_PICKING         [queue size = 31]
2026-07-12 14:34:59 DEBUG: Processing task 113 at workstation 5: picking items {4966} for orders {29}
2026-07-12 14:34:59 DEBUG:    EVENT NUM 1109  current_time = 00:11:16   RETURN_POD            [queue size = 31]
2026-07-12 14:34:59 DEBUG: Pod 367 returned. Robot 15 idle.   [idle robots = 1/30, released tasks = 5]
2026-07-12 14:34:59 DEBUG:    EVENT NUM 1110  current_time = 00:11:16   START_TASK            [queue size = 31]
2026-07-12 14:34:59 DEBUG: Task 45 started: robot 15 → pod 190 → workstation 0 for orders {45} (arrival = 778.3 s).   [idle robots = 0/30]
2026-07-12 14:34:59 DEBUG:    EVENT NUM 1111  current_time = 00:11:17   ARRIVAL_POD_WST       [queue size = 31]
2026-07-12 14:34:59 DEBUG: Pod 590 arrived at workstation 7 - status = BUSY
2026-07-12 14:34:59 DEBUG: Pod queued at workstation.    [picking_buffer = {130: 677.0080187043907}]
2026-07-12 14:34:59 DEBUG:    EVENT NUM 1112  current_time = 00:11:19   END_PICKING           [queue size = 30]
2026-07-12 14:34:59 DEBUG: Ended picking at workstation 7.    [picking_buffer len = {130: 677.0080187043907}]
2026-07-12 14:34:59 DEBUG: Task should have served orders {94}, found open orders {81, 18, 94}.
2026-07-12 14:34:59 DEBUG: Task 96 completed: pod 99 returning to storage.
2026-07-12 14:34:59 DEBUG:    EVENT NUM 1113  current_time = 00:11:19   START_PICKING         [queue size = 31]
2026-07-12 14:34:59 DEBUG: Processing task 130 at workstation 7: picking items {3468} for orders {18}
2026-07-12 14:34:59 DEBUG:    EVENT NUM 1114  current_time = 00:11:20   ARRIVAL_ORDER         [queue size = 31]
2026-07-12 14:34:59 DEBUG: Order 167 arrived: items_required = [2622].     [orders_in_system = 92]
2026-07-12 14:34:59 DEBUG:    EVENT NUM 1115  current_time = 00:11:20   RETURN_POD            [queue size = 31]
2026-07-12 14:34:59 DEBUG: Pod 426 returned. Robot 29 idle.   [idle robots = 1/30, released tasks = 4]
2026-07-12 14:34:59 DEBUG:    EVENT NUM 1116  current_time = 00:11:20   START_TASK            [queue size = 31]
2026-07-12 14:34:59 DEBUG: Task 61 started: robot 29 → pod 407 → workstation 0 for orders {16} (arrival = 719.3 s).   [idle robots = 0/30]
2026-07-12 14:34:59 DEBUG:    EVENT NUM 1117  current_time = 00:11:21   END_PICKING           [queue size = 31]
2026-07-12 14:34:59 DEBUG: Ended picking at workstation 4.    [picking_buffer len = {}]
2026-07-12 14:34:59 DEBUG: Task should have served orders {12}, found open orders {73, 12, 91, 63}.
2026-07-12 14:34:59 DEBUG: Task 105 completed: pod 148 returning to storage.
2026-07-12 14:34:59 DEBUG:    EVENT NUM 1118  current_time = 00:11:21   CLOSE_ORDER           [queue size = 32]
2026-07-12 14:34:59 DEBUG: Order 12 closed at workstation 4: flow_time = 681.3 s.     [order_buffer = 0] [open_orders = 3/4]
2026-07-12 14:34:59 DEBUG:    EVENT NUM 1119  current_time = 00:11:23   END_PICKING           [queue size = 31]
2026-07-12 14:34:59 DEBUG: Ended picking at workstation 6.    [picking_buffer len = {}]
2026-07-12 14:34:59 DEBUG: Task should have served orders {17}, found open orders {10, 17}.
2026-07-12 14:34:59 DEBUG: Task 104 completed: pod 50 returning to storage.
2026-07-12 14:34:59 DEBUG:    EVENT NUM 1120  current_time = 00:11:23   CLOSE_ORDER           [queue size = 32]
2026-07-12 14:34:59 DEBUG: Order 17 closed at workstation 6: flow_time = 683.7 s.     [order_buffer = 0] [open_orders = 1/4]
2026-07-12 14:34:59 DEBUG:    EVENT NUM 1121  current_time = 00:11:24   ARRIVAL_POD_WST       [queue size = 31]
2026-07-12 14:34:59 DEBUG: Pod 80 arrived at workstation 6 - status = IDLE
2026-07-12 14:34:59 DEBUG: Pod queued at workstation.    [picking_buffer = {114: 684.4187897886554}]
2026-07-12 14:34:59 DEBUG:    EVENT NUM 1122  current_time = 00:11:24   START_PICKING         [queue size = 31]
2026-07-12 14:34:59 DEBUG: Processing task 114 at workstation 6: picking items {5722} for orders {10}
2026-07-12 14:34:59 DEBUG:    EVENT NUM 1123  current_time = 00:11:25   END_PICKING           [queue size = 31]
2026-07-12 14:34:59 DEBUG: Ended picking at workstation 5.    [picking_buffer len = {}]
2026-07-12 14:34:59 DEBUG: Task should have served orders {29}, found open orders {69, 93, 29}.
2026-07-12 14:34:59 DEBUG: Task 113 completed: pod 47 returning to storage.
2026-07-12 14:34:59 DEBUG:    EVENT NUM 1124  current_time = 00:11:25   CLOSE_ORDER           [queue size = 32]
2026-07-12 14:34:59 DEBUG: Order 29 closed at workstation 5: flow_time = 685.4 s.     [order_buffer = 0] [open_orders = 2/4]
2026-07-12 14:34:59 DEBUG:    EVENT NUM 1125  current_time = 00:11:26   ARRIVAL_POD_WST       [queue size = 31]
2026-07-12 14:34:59 DEBUG: Pod 290 arrived at workstation 5 - status = IDLE
2026-07-12 14:34:59 DEBUG: Pod queued at workstation.    [picking_buffer = {127: 686.1483149250987}]
2026-07-12 14:34:59 DEBUG:    EVENT NUM 1126  current_time = 00:11:26   START_PICKING         [queue size = 31]
2026-07-12 14:34:59 DEBUG: Processing task 127 at workstation 5: picking items {8344} for orders {93}
2026-07-12 14:34:59 DEBUG:    EVENT NUM 1127  current_time = 00:11:29   END_PICKING           [queue size = 31]
2026-07-12 14:34:59 DEBUG: Ended picking at workstation 7.    [picking_buffer len = {}]
2026-07-12 14:34:59 DEBUG: Task should have served orders {18}, found open orders {81, 18, 94}.
2026-07-12 14:34:59 DEBUG: Task 130 completed: pod 590 returning to storage.
2026-07-12 14:34:59 DEBUG:    EVENT NUM 1128  current_time = 00:11:29   CLOSE_ORDER           [queue size = 32]
2026-07-12 14:34:59 DEBUG: Order 18 closed at workstation 7: flow_time = 689.2 s.     [order_buffer = 0] [open_orders = 2/4]
2026-07-12 14:34:59 DEBUG:    EVENT NUM 1129  current_time = 00:11:29   RETURN_POD            [queue size = 31]
2026-07-12 14:34:59 DEBUG: Pod 234 returned. Robot 8 idle.   [idle robots = 1/30, released tasks = 3]
2026-07-12 14:34:59 DEBUG:    EVENT NUM 1130  current_time = 00:11:29   START_TASK            [queue size = 31]
2026-07-12 14:34:59 DEBUG: Task 80 started: robot 8 → pod 233 → workstation 3 for orders {26} (arrival = 759.3 s).   [idle robots = 0/30]
2026-07-12 14:34:59 DEBUG:    EVENT NUM 1131  current_time = 00:11:29   RETURN_POD            [queue size = 31]
2026-07-12 14:34:59 DEBUG: Pod 364 returned. Robot 0 idle.   [idle robots = 1/30, released tasks = 2]
2026-07-12 14:34:59 DEBUG:    EVENT NUM 1132  current_time = 00:11:29   START_TASK            [queue size = 31]
2026-07-12 14:34:59 DEBUG: Task 81 started: robot 0 → pod 203 → workstation 3 for orders {9} (arrival = 798.8 s).   [idle robots = 0/30]
2026-07-12 14:34:59 DEBUG:    EVENT NUM 1133  current_time = 00:11:30   ARRIVAL_ORDER         [queue size = 31]
2026-07-12 14:34:59 DEBUG: Order 168 arrived: items_required = [3725].     [orders_in_system = 89]
2026-07-12 14:34:59 DEBUG:    EVENT NUM 1134  current_time = 00:11:31   ARRIVAL_POD_WST       [queue size = 31]
2026-07-12 14:34:59 DEBUG: Pod 507 arrived at workstation 4 - status = IDLE
2026-07-12 14:34:59 DEBUG: Pod queued at workstation.    [picking_buffer = {128: 691.1015777301735}]
2026-07-12 14:34:59 DEBUG:    EVENT NUM 1135  current_time = 00:11:31   START_PICKING         [queue size = 31]
2026-07-12 14:34:59 DEBUG: Processing task 128 at workstation 4: picking items {3954} for orders {63}
2026-07-12 14:34:59 DEBUG:    EVENT NUM 1136  current_time = 00:11:31   RETURN_POD            [queue size = 31]
2026-07-12 14:34:59 DEBUG: Pod 242 returned. Robot 23 idle.   [idle robots = 1/30, released tasks = 1]
2026-07-12 14:34:59 DEBUG:    EVENT NUM 1137  current_time = 00:11:31   START_TASK            [queue size = 31]
2026-07-12 14:34:59 DEBUG: Task 99 started: robot 23 → pod 268 → workstation 5 for orders {69} (arrival = 769.0 s).   [idle robots = 0/30]
2026-07-12 14:34:59 DEBUG:    EVENT NUM 1138  current_time = 00:11:31   ARRIVAL_POD_WST       [queue size = 31]
2026-07-12 14:34:59 DEBUG: Pod 277 arrived at workstation 5 - status = BUSY
2026-07-12 14:34:59 DEBUG: Pod queued at workstation.    [picking_buffer = {119: 691.9374755958654}]
2026-07-12 14:34:59 DEBUG:    EVENT NUM 1139  current_time = 00:11:34   END_PICKING           [queue size = 30]
2026-07-12 14:34:59 DEBUG: Ended picking at workstation 6.    [picking_buffer len = {}]
2026-07-12 14:34:59 DEBUG: Task should have served orders {10}, found open orders {10}.
2026-07-12 14:34:59 DEBUG: Task 114 completed: pod 80 returning to storage.
2026-07-12 14:34:59 DEBUG:    EVENT NUM 1140  current_time = 00:11:35   RETURN_POD            [queue size = 30]
2026-07-12 14:34:59 DEBUG: Pod 553 returned. Robot 7 idle.   [idle robots = 1/30, released tasks = 0]
2026-07-12 14:34:59 DEBUG:    EVENT NUM 1141  current_time = 00:11:36   END_PICKING           [queue size = 29]
2026-07-12 14:34:59 DEBUG: Ended picking at workstation 5.    [picking_buffer len = {119: 691.9374755958654}]
2026-07-12 14:34:59 DEBUG: Task should have served orders {93}, found open orders {69, 93}.
2026-07-12 14:34:59 DEBUG: Task 127 completed: pod 290 returning to storage.
2026-07-12 14:34:59 DEBUG:    EVENT NUM 1142  current_time = 00:11:36   CLOSE_ORDER           [queue size = 31]
2026-07-12 14:34:59 DEBUG: Order 93 closed at workstation 5: flow_time = 696.1 s.     [order_buffer = 0] [open_orders = 1/4]
2026-07-12 14:34:59 DEBUG:    EVENT NUM 1143  current_time = 00:11:36   START_PICKING         [queue size = 30]
2026-07-12 14:34:59 DEBUG: Processing task 119 at workstation 5: picking items {6790} for orders {69}
2026-07-12 14:34:59 DEBUG:    EVENT NUM 1144  current_time = 00:11:36   RETURN_POD            [queue size = 30]
2026-07-12 14:34:59 DEBUG: Pod 559 returned. Robot 2 idle.   [idle robots = 2/30, released tasks = 0]
2026-07-12 14:34:59 DEBUG:    EVENT NUM 1145  current_time = 00:11:38   ARRIVAL_POD_WST       [queue size = 29]
2026-07-12 14:34:59 DEBUG: Pod 149 arrived at workstation 6 - status = IDLE
2026-07-12 14:34:59 DEBUG: Pod queued at workstation.    [picking_buffer = {117: 698.4523349290965}]
2026-07-12 14:34:59 DEBUG:    EVENT NUM 1146  current_time = 00:11:38   START_PICKING         [queue size = 29]
2026-07-12 14:34:59 DEBUG: Processing task 117 at workstation 6: picking items {6227} for orders {10}
2026-07-12 14:34:59 DEBUG:    EVENT NUM 1147  current_time = 00:11:38   RETURN_POD            [queue size = 29]
2026-07-12 14:34:59 DEBUG: Pod 487 returned. Robot 4 idle.   [idle robots = 3/30, released tasks = 0]
2026-07-12 14:34:59 DEBUG:    EVENT NUM 1148  current_time = 00:11:39   ARRIVAL_POD_WST       [queue size = 28]
2026-07-12 14:34:59 DEBUG: Pod 492 arrived at workstation 6 - status = BUSY
2026-07-12 14:34:59 DEBUG: Pod queued at workstation.    [picking_buffer = {129: 699.4688043295309}]
2026-07-12 14:34:59 DEBUG:    EVENT NUM 1149  current_time = 00:11:40   ARRIVAL_ORDER         [queue size = 27]
2026-07-12 14:34:59 DEBUG: Order 169 arrived: items_required = [2527].     [orders_in_system = 89]
2026-07-12 14:34:59 DEBUG:    EVENT NUM 1150  current_time = 00:11:41   END_PICKING           [queue size = 27]
2026-07-12 14:34:59 DEBUG: Ended picking at workstation 4.    [picking_buffer len = {}]
2026-07-12 14:34:59 DEBUG: Task should have served orders {63}, found open orders {73, 91, 63}.
2026-07-12 14:34:59 DEBUG: Task 128 completed: pod 507 returning to storage.
2026-07-12 14:34:59 DEBUG:    EVENT NUM 1151  current_time = 00:11:41   CLOSE_ORDER           [queue size = 28]
2026-07-12 14:34:59 DEBUG: Order 63 closed at workstation 4: flow_time = 701.1 s.     [order_buffer = 0] [open_orders = 2/4]
2026-07-12 14:34:59 DEBUG:    EVENT NUM 1152  current_time = 00:11:42   ARRIVAL_POD_WST       [queue size = 27]
2026-07-12 14:34:59 DEBUG: Pod 55 arrived at workstation 4 - status = IDLE
2026-07-12 14:34:59 DEBUG: Pod queued at workstation.    [picking_buffer = {118: 702.6807157029206}]
2026-07-12 14:34:59 DEBUG:    EVENT NUM 1153  current_time = 00:11:42   START_PICKING         [queue size = 27]
2026-07-12 14:34:59 DEBUG: Processing task 118 at workstation 4: picking items {5654} for orders {91}
2026-07-12 14:34:59 DEBUG:    EVENT NUM 1154  current_time = 00:11:43   RETURN_POD            [queue size = 27]
2026-07-12 14:34:59 DEBUG: Pod 590 returned. Robot 21 idle.   [idle robots = 4/30, released tasks = 0]
2026-07-12 14:34:59 DEBUG:    EVENT NUM 1155  current_time = 00:11:46   END_PICKING           [queue size = 26]
2026-07-12 14:34:59 DEBUG: Ended picking at workstation 5.    [picking_buffer len = {}]
2026-07-12 14:34:59 DEBUG: Task should have served orders {69}, found open orders {69}.
2026-07-12 14:34:59 DEBUG: Task 119 completed: pod 277 returning to storage.
2026-07-12 14:34:59 DEBUG:    EVENT NUM 1156  current_time = 00:11:47   ARRIVAL_POD_WST       [queue size = 26]
2026-07-12 14:34:59 DEBUG: Pod 356 arrived at workstation 5 - status = IDLE
2026-07-12 14:34:59 DEBUG: Pod queued at workstation.    [picking_buffer = {126: 707.8981208608457}]
2026-07-12 14:34:59 DEBUG:    EVENT NUM 1157  current_time = 00:11:47   START_PICKING         [queue size = 26]
2026-07-12 14:34:59 DEBUG: Processing task 126 at workstation 5: picking items {3759} for orders {69}
2026-07-12 14:34:59 DEBUG:    EVENT NUM 1158  current_time = 00:11:48   ARRIVAL_POD_WST       [queue size = 26]
2026-07-12 14:34:59 DEBUG: Pod 220 arrived at workstation 7 - status = IDLE
2026-07-12 14:34:59 DEBUG: Pod queued at workstation.    [picking_buffer = {125: 708.0534171481303}]
2026-07-12 14:34:59 DEBUG:    EVENT NUM 1159  current_time = 00:11:48   START_PICKING         [queue size = 26]
2026-07-12 14:34:59 DEBUG: Processing task 125 at workstation 7: picking items {5640} for orders {81}
2026-07-12 14:34:59 DEBUG:    EVENT NUM 1160  current_time = 00:11:48   END_PICKING           [queue size = 26]
2026-07-12 14:34:59 DEBUG: Ended picking at workstation 6.    [picking_buffer len = {129: 699.4688043295309}]
2026-07-12 14:34:59 DEBUG: Task should have served orders {10}, found open orders {10}.
2026-07-12 14:34:59 DEBUG: Task 117 completed: pod 149 returning to storage.
2026-07-12 14:34:59 DEBUG:    EVENT NUM 1161  current_time = 00:11:48   START_PICKING         [queue size = 27]
2026-07-12 14:34:59 DEBUG: Processing task 129 at workstation 6: picking items {5688} for orders {10}
2026-07-12 14:34:59 DEBUG:    EVENT NUM 1162  current_time = 00:11:50   ARRIVAL_ORDER         [queue size = 27]
2026-07-12 14:34:59 DEBUG: Order 170 arrived: items_required = [2077].     [orders_in_system = 89]
2026-07-12 14:34:59 DEBUG:    EVENT NUM 1163  current_time = 00:11:52   END_PICKING           [queue size = 27]
2026-07-12 14:34:59 DEBUG: Ended picking at workstation 4.    [picking_buffer len = {}]
2026-07-12 14:34:59 DEBUG: Task should have served orders {91}, found open orders {73, 91}.
2026-07-12 14:34:59 DEBUG: Task 118 completed: pod 55 returning to storage.
2026-07-12 14:34:59 DEBUG:    EVENT NUM 1164  current_time = 00:11:52   CLOSE_ORDER           [queue size = 28]
2026-07-12 14:34:59 DEBUG: Order 91 closed at workstation 4: flow_time = 712.7 s.     [order_buffer = 0] [open_orders = 1/4]
2026-07-12 14:34:59 DEBUG:    EVENT NUM 1165  current_time = 00:11:56   ARRIVAL_POD_WST       [queue size = 27]
2026-07-12 14:34:59 DEBUG: Pod 377 arrived at workstation 4 - status = IDLE
2026-07-12 14:34:59 DEBUG: Pod queued at workstation.    [picking_buffer = {123: 716.7103704907656}]
2026-07-12 14:34:59 DEBUG:    EVENT NUM 1166  current_time = 00:11:56   START_PICKING         [queue size = 27]
2026-07-12 14:34:59 DEBUG: Processing task 123 at workstation 4: picking items {4860} for orders {73}
2026-07-12 14:34:59 DEBUG:    EVENT NUM 1167  current_time = 00:11:57   END_PICKING           [queue size = 27]
2026-07-12 14:34:59 DEBUG: Ended picking at workstation 5.    [picking_buffer len = {}]
2026-07-12 14:34:59 DEBUG: Task should have served orders {69}, found open orders {69}.
2026-07-12 14:34:59 DEBUG: Task 126 completed: pod 356 returning to storage.
2026-07-12 14:34:59 DEBUG:    EVENT NUM 1168  current_time = 00:11:58   END_PICKING           [queue size = 27]
2026-07-12 14:34:59 DEBUG: Ended picking at workstation 7.    [picking_buffer len = {}]
2026-07-12 14:34:59 DEBUG: Task should have served orders {81}, found open orders {81, 94}.
2026-07-12 14:34:59 DEBUG: Task 125 completed: pod 220 returning to storage.
2026-07-12 14:34:59 DEBUG:    EVENT NUM 1169  current_time = 00:11:58   ARRIVAL_POD_WST       [queue size = 27]
2026-07-12 14:34:59 DEBUG: Pod 144 arrived at workstation 6 - status = BUSY
2026-07-12 14:34:59 DEBUG: Pod queued at workstation.    [picking_buffer = {124: 718.3695370117499}]
2026-07-12 14:34:59 DEBUG:    EVENT NUM 1170  current_time = 00:11:58   END_PICKING           [queue size = 26]
2026-07-12 14:34:59 DEBUG: Ended picking at workstation 6.    [picking_buffer len = {124: 718.3695370117499}]
2026-07-12 14:34:59 DEBUG: Task should have served orders {10}, found open orders {10}.
2026-07-12 14:34:59 DEBUG: Task 129 completed: pod 492 returning to storage.
2026-07-12 14:34:59 DEBUG:    EVENT NUM 1171  current_time = 00:11:58   START_PICKING         [queue size = 27]
2026-07-12 14:34:59 DEBUG: Processing task 124 at workstation 6: picking items {1550} for orders {10}
2026-07-12 14:34:59 DEBUG:    EVENT NUM 1172  current_time = 00:11:59   ARRIVAL_POD_WST       [queue size = 27]
2026-07-12 14:34:59 DEBUG: Pod 407 arrived at workstation 0 - status = IDLE
2026-07-12 14:34:59 DEBUG: Pod queued at workstation.    [picking_buffer = {61: 719.3418063782741}]
2026-07-12 14:34:59 DEBUG:    EVENT NUM 1173  current_time = 00:11:59   START_PICKING         [queue size = 27]
2026-07-12 14:34:59 DEBUG: Processing task 61 at workstation 0: picking items {5328} for orders {16}
2026-07-12 14:34:59 DEBUG:    EVENT NUM 1174  current_time = 00:12:00   ARRIVAL_ORDER         [queue size = 27]
2026-07-12 14:34:59 DEBUG: Order 171 arrived: items_required = [3929, 8034].     [orders_in_system = 89]
2026-07-12 14:34:59 DEBUG:    EVENT NUM 1175  current_time = 00:12:03   ARRIVAL_POD_WST       [queue size = 27]
2026-07-12 14:34:59 DEBUG: Pod 57 arrived at workstation 7 - status = IDLE
2026-07-12 14:34:59 DEBUG: Pod queued at workstation.    [picking_buffer = {116: 723.2869601148592}]
2026-07-12 14:34:59 DEBUG:    EVENT NUM 1176  current_time = 00:12:03   START_PICKING         [queue size = 27]
2026-07-12 14:34:59 DEBUG: Processing task 116 at workstation 7: picking items {3956} for orders {94}
2026-07-12 14:34:59 DEBUG:    EVENT NUM 1177  current_time = 00:12:04   RETURN_POD            [queue size = 27]
2026-07-12 14:34:59 DEBUG: Pod 218 returned. Robot 19 idle.   [idle robots = 5/30, released tasks = 0]
2026-07-12 14:34:59 DEBUG:    EVENT NUM 1178  current_time = 00:12:06   END_PICKING           [queue size = 26]
2026-07-12 14:34:59 DEBUG: Ended picking at workstation 4.    [picking_buffer len = {}]
2026-07-12 14:34:59 DEBUG: Task should have served orders {73}, found open orders {73}.
2026-07-12 14:34:59 DEBUG: Task 123 completed: pod 377 returning to storage.
2026-07-12 14:34:59 DEBUG:    EVENT NUM 1179  current_time = 00:12:06   CLOSE_ORDER           [queue size = 27]
2026-07-12 14:34:59 DEBUG: Order 73 closed at workstation 4: flow_time = 726.7 s.     [order_buffer = 0] [open_orders = 0/4]
2026-07-12 14:34:59 DEBUG:    EVENT NUM 1180  current_time = 00:12:08   END_PICKING           [queue size = 26]
2026-07-12 14:34:59 DEBUG: Ended picking at workstation 6.    [picking_buffer len = {}]
2026-07-12 14:34:59 DEBUG: Task should have served orders {10}, found open orders {10}.
2026-07-12 14:34:59 DEBUG: Task 124 completed: pod 144 returning to storage.
2026-07-12 14:34:59 DEBUG:    EVENT NUM 1181  current_time = 00:12:08   CLOSE_ORDER           [queue size = 27]
2026-07-12 14:34:59 DEBUG: Order 10 closed at workstation 6: flow_time = 728.5 s.     [order_buffer = 0] [open_orders = 0/4]
2026-07-12 14:34:59 DEBUG:    EVENT NUM 1182  current_time = 00:12:09   END_PICKING           [queue size = 26]
2026-07-12 14:34:59 DEBUG: Ended picking at workstation 0.    [picking_buffer len = {}]
2026-07-12 14:34:59 DEBUG: Task should have served orders {16}, found open orders {45, 16}.
2026-07-12 14:34:59 DEBUG: Task 61 completed: pod 407 returning to storage.
2026-07-12 14:34:59 DEBUG:    EVENT NUM 1183  current_time = 00:12:09   CLOSE_ORDER           [queue size = 27]
2026-07-12 14:34:59 DEBUG: Order 16 closed at workstation 0: flow_time = 729.3 s.     [order_buffer = 0] [open_orders = 1/4]
2026-07-12 14:34:59 DEBUG:    EVENT NUM 1184  current_time = 00:12:10   ARRIVAL_ORDER         [queue size = 26]
2026-07-12 14:34:59 DEBUG: Order 172 arrived: items_required = [6920, 8074, 6770].     [orders_in_system = 87]
2026-07-12 14:34:59 DEBUG:    EVENT NUM 1185  current_time = 00:12:11   RETURN_POD            [queue size = 26]
2026-07-12 14:34:59 DEBUG: Pod 182 returned. Robot 3 idle.   [idle robots = 6/30, released tasks = 0]
2026-07-12 14:34:59 DEBUG:    EVENT NUM 1186  current_time = 00:12:13   END_PICKING           [queue size = 25]
2026-07-12 14:34:59 DEBUG: Ended picking at workstation 7.    [picking_buffer len = {}]
2026-07-12 14:34:59 DEBUG: Task should have served orders {94}, found open orders {81, 94}.
2026-07-12 14:34:59 DEBUG: Task 116 completed: pod 57 returning to storage.
2026-07-12 14:34:59 DEBUG:    EVENT NUM 1187  current_time = 00:12:13   CLOSE_ORDER           [queue size = 26]
2026-07-12 14:34:59 DEBUG: Order 94 closed at workstation 7: flow_time = 733.3 s.     [order_buffer = 0] [open_orders = 1/4]
2026-07-12 14:34:59 DEBUG:    EVENT NUM 1188  current_time = 00:12:16   RETURN_POD            [queue size = 25]
2026-07-12 14:34:59 DEBUG: Pod 397 returned. Robot 9 idle.   [idle robots = 7/30, released tasks = 0]
2026-07-12 14:34:59 DEBUG:    EVENT NUM 1189  current_time = 00:12:20   ARRIVAL_ORDER         [queue size = 24]
2026-07-12 14:34:59 DEBUG: Order 173 arrived: items_required = [5261, 4506].     [orders_in_system = 87]
2026-07-12 14:34:59 DEBUG:    EVENT NUM 1190  current_time = 00:12:30   ARRIVAL_ORDER         [queue size = 24]
2026-07-12 14:34:59 DEBUG: Order 174 arrived: items_required = [6287, 3091, 5030].     [orders_in_system = 88]
2026-07-12 14:34:59 DEBUG:    EVENT NUM 1191  current_time = 00:12:32   RETURN_POD            [queue size = 24]
2026-07-12 14:34:59 DEBUG: Pod 507 returned. Robot 25 idle.   [idle robots = 8/30, released tasks = 0]
2026-07-12 14:34:59 DEBUG:    EVENT NUM 1192  current_time = 00:12:33   RETURN_POD            [queue size = 23]
2026-07-12 14:34:59 DEBUG: Pod 290 returned. Robot 1 idle.   [idle robots = 9/30, released tasks = 0]
2026-07-12 14:34:59 DEBUG:    EVENT NUM 1193  current_time = 00:12:35   RETURN_POD            [queue size = 22]
2026-07-12 14:34:59 DEBUG: Pod 492 returned. Robot 27 idle.   [idle robots = 10/30, released tasks = 0]
2026-07-12 14:34:59 DEBUG:    EVENT NUM 1194  current_time = 00:12:39   ARRIVAL_POD_WST       [queue size = 21]
2026-07-12 14:34:59 DEBUG: Pod 233 arrived at workstation 3 - status = IDLE
2026-07-12 14:34:59 DEBUG: Pod queued at workstation.    [picking_buffer = {80: 759.2752764647792}]
2026-07-12 14:34:59 DEBUG:    EVENT NUM 1195  current_time = 00:12:39   START_PICKING         [queue size = 21]
2026-07-12 14:34:59 DEBUG: Processing task 80 at workstation 3: picking items {3432} for orders {26}
2026-07-12 14:34:59 DEBUG:    EVENT NUM 1196  current_time = 00:12:40   ARRIVAL_ORDER         [queue size = 21]
2026-07-12 14:34:59 DEBUG: Order 175 arrived: items_required = [7387, 4198, 6466, 4088, 6014, 4722, 6181].     [orders_in_system = 89]
2026-07-12 14:34:59 DEBUG:    EVENT NUM 1197  current_time = 00:12:49   ARRIVAL_POD_WST       [queue size = 21]
2026-07-12 14:34:59 DEBUG: Pod 268 arrived at workstation 5 - status = IDLE
2026-07-12 14:34:59 DEBUG: Pod queued at workstation.    [picking_buffer = {99: 769.0096245482972}]
2026-07-12 14:34:59 DEBUG:    EVENT NUM 1198  current_time = 00:12:49   START_PICKING         [queue size = 21]
2026-07-12 14:34:59 DEBUG: Processing task 99 at workstation 5: picking items {6842} for orders {69}
2026-07-12 14:34:59 DEBUG:    EVENT NUM 1199  current_time = 00:12:49   END_PICKING           [queue size = 21]
2026-07-12 14:34:59 DEBUG: Ended picking at workstation 3.    [picking_buffer len = {}]
2026-07-12 14:34:59 DEBUG: Task should have served orders {26}, found open orders {9, 26}.
2026-07-12 14:34:59 DEBUG: Task 80 completed: pod 233 returning to storage.
2026-07-12 14:34:59 DEBUG:    EVENT NUM 1200  current_time = 00:12:49   CLOSE_ORDER           [queue size = 22]
2026-07-12 14:34:59 DEBUG: Order 26 closed at workstation 3: flow_time = 769.3 s.     [order_buffer = 0] [open_orders = 1/4]
2026-07-12 14:34:59 DEBUG:    EVENT NUM 1201  current_time = 00:12:49   RETURN_POD            [queue size = 21]
2026-07-12 14:34:59 DEBUG: Pod 407 returned. Robot 29 idle.   [idle robots = 11/30, released tasks = 0]
2026-07-12 14:34:59 DEBUG:    EVENT NUM 1202  current_time = 00:12:50   ARRIVAL_ORDER         [queue size = 20]
2026-07-12 14:34:59 DEBUG: Order 176 arrived: items_required = [5394, 1517].     [orders_in_system = 89]
2026-07-12 14:34:59 DEBUG:    EVENT NUM 1203  current_time = 00:12:58   ARRIVAL_POD_WST       [queue size = 20]
2026-07-12 14:34:59 DEBUG: Pod 190 arrived at workstation 0 - status = IDLE
2026-07-12 14:34:59 DEBUG: Pod queued at workstation.    [picking_buffer = {45: 778.2890681468409}]
2026-07-12 14:34:59 DEBUG:    EVENT NUM 1204  current_time = 00:12:58   START_PICKING         [queue size = 20]
2026-07-12 14:34:59 DEBUG: Processing task 45 at workstation 0: picking items {2597} for orders {45}
2026-07-12 14:34:59 DEBUG:    EVENT NUM 1205  current_time = 00:12:59   END_PICKING           [queue size = 20]
2026-07-12 14:34:59 DEBUG: Ended picking at workstation 5.    [picking_buffer len = {}]
2026-07-12 14:34:59 DEBUG: Task should have served orders {69}, found open orders {69}.
2026-07-12 14:34:59 DEBUG: Task 99 completed: pod 268 returning to storage.
2026-07-12 14:34:59 DEBUG:    EVENT NUM 1206  current_time = 00:12:59   CLOSE_ORDER           [queue size = 21]
2026-07-12 14:34:59 DEBUG: Order 69 closed at workstation 5: flow_time = 779.0 s.     [order_buffer = 0] [open_orders = 0/4]
2026-07-12 14:34:59 DEBUG:    EVENT NUM 1207  current_time = 00:13:00   ARRIVAL_ORDER         [queue size = 20]
2026-07-12 14:34:59 DEBUG: Order 177 arrived: items_required = [5659, 3833, 5002].     [orders_in_system = 89]
2026-07-12 14:34:59 DEBUG:    EVENT NUM 1208  current_time = 00:13:08   END_PICKING           [queue size = 20]
2026-07-12 14:34:59 DEBUG: Ended picking at workstation 0.    [picking_buffer len = {}]
2026-07-12 14:34:59 DEBUG: Task should have served orders {45}, found open orders {45}.
2026-07-12 14:34:59 DEBUG: Task 45 completed: pod 190 returning to storage.
2026-07-12 14:34:59 DEBUG:    EVENT NUM 1209  current_time = 00:13:08   CLOSE_ORDER           [queue size = 21]
2026-07-12 14:34:59 DEBUG: Order 45 closed at workstation 0: flow_time = 788.3 s.     [order_buffer = 0] [open_orders = 0/4]
2026-07-12 14:34:59 DEBUG:    EVENT NUM 1210  current_time = 00:13:10   ARRIVAL_ORDER         [queue size = 20]
2026-07-12 14:34:59 DEBUG: Order 178 arrived: items_required = [5489].     [orders_in_system = 89]
2026-07-12 14:34:59 DEBUG:    EVENT NUM 1211  current_time = 00:13:16   RETURN_POD            [queue size = 20]
2026-07-12 14:34:59 DEBUG: Pod 152 returned. Robot 13 idle.   [idle robots = 12/30, released tasks = 0]
2026-07-12 14:34:59 DEBUG:    EVENT NUM 1212  current_time = 00:13:18   ARRIVAL_POD_WST       [queue size = 19]
2026-07-12 14:34:59 DEBUG: Pod 203 arrived at workstation 3 - status = IDLE
2026-07-12 14:34:59 DEBUG: Pod queued at workstation.    [picking_buffer = {81: 798.8405573129788}]
2026-07-12 14:34:59 DEBUG:    EVENT NUM 1213  current_time = 00:13:18   START_PICKING         [queue size = 19]
2026-07-12 14:34:59 DEBUG: Processing task 81 at workstation 3: picking items {4950} for orders {9}
2026-07-12 14:34:59 DEBUG:    EVENT NUM 1214  current_time = 00:13:20   ARRIVAL_ORDER         [queue size = 19]
2026-07-12 14:34:59 DEBUG: Order 179 arrived: items_required = [5639, 3685].     [orders_in_system = 90]
2026-07-12 14:34:59 DEBUG:    EVENT NUM 1215  current_time = 00:13:20   RETURN_POD            [queue size = 19]
2026-07-12 14:34:59 DEBUG: Pod 356 returned. Robot 24 idle.   [idle robots = 13/30, released tasks = 0]
2026-07-12 14:34:59 DEBUG:    EVENT NUM 1216  current_time = 00:13:21   RETURN_POD            [queue size = 18]
2026-07-12 14:34:59 DEBUG: Pod 129 returned. Robot 17 idle.   [idle robots = 14/30, released tasks = 0]
2026-07-12 14:34:59 DEBUG:    EVENT NUM 1217  current_time = 00:13:28   END_PICKING           [queue size = 17]
2026-07-12 14:34:59 DEBUG: Ended picking at workstation 3.    [picking_buffer len = {}]
2026-07-12 14:34:59 DEBUG: Task should have served orders {9}, found open orders {9}.
2026-07-12 14:34:59 DEBUG: Task 81 completed: pod 203 returning to storage.
2026-07-12 14:34:59 DEBUG:    EVENT NUM 1218  current_time = 00:13:28   CLOSE_ORDER           [queue size = 18]
2026-07-12 14:34:59 DEBUG: Order 9 closed at workstation 3: flow_time = 808.8 s.     [order_buffer = 0] [open_orders = 0/4]
2026-07-12 14:34:59 DEBUG:    EVENT NUM 1219  current_time = 00:13:30   ARRIVAL_ORDER         [queue size = 17]
2026-07-12 14:34:59 DEBUG: Order 180 arrived: items_required = [8541, 3689].     [orders_in_system = 90]
2026-07-12 14:34:59 DEBUG:    EVENT NUM 1220  current_time = 00:13:31   RETURN_POD            [queue size = 17]
2026-07-12 14:34:59 DEBUG: Pod 220 returned. Robot 22 idle.   [idle robots = 15/30, released tasks = 0]
2026-07-12 14:34:59 DEBUG:    EVENT NUM 1221  current_time = 00:13:34   RETURN_POD            [queue size = 16]
2026-07-12 14:34:59 DEBUG: Pod 148 returned. Robot 5 idle.   [idle robots = 16/30, released tasks = 0]
2026-07-12 14:34:59 DEBUG:    EVENT NUM 1222  current_time = 00:13:35   RETURN_POD            [queue size = 15]
2026-07-12 14:34:59 DEBUG: Pod 47 returned. Robot 11 idle.   [idle robots = 17/30, released tasks = 0]
2026-07-12 14:34:59 DEBUG:    EVENT NUM 1223  current_time = 00:13:37   RETURN_POD            [queue size = 14]
2026-07-12 14:34:59 DEBUG: Pod 99 returned. Robot 20 idle.   [idle robots = 18/30, released tasks = 0]
2026-07-12 14:34:59 DEBUG:    EVENT NUM 1224  current_time = 00:13:39   RETURN_POD            [queue size = 13]
2026-07-12 14:34:59 DEBUG: Pod 277 returned. Robot 12 idle.   [idle robots = 19/30, released tasks = 0]
2026-07-12 14:34:59 DEBUG:    EVENT NUM 1225  current_time = 00:13:39   RETURN_POD            [queue size = 12]
2026-07-12 14:34:59 DEBUG: Pod 377 returned. Robot 18 idle.   [idle robots = 20/30, released tasks = 0]
2026-07-12 14:34:59 DEBUG:    EVENT NUM 1226  current_time = 00:13:40   ARRIVAL_ORDER         [queue size = 11]
2026-07-12 14:34:59 DEBUG: Order 181 arrived: items_required = [3380, 6429].     [orders_in_system = 91]
2026-07-12 14:34:59 DEBUG:    EVENT NUM 1227  current_time = 00:13:40   RETURN_POD            [queue size = 11]
2026-07-12 14:34:59 DEBUG: Pod 144 returned. Robot 10 idle.   [idle robots = 21/30, released tasks = 0]
2026-07-12 14:34:59 DEBUG:    EVENT NUM 1228  current_time = 00:13:47   RETURN_POD            [queue size = 10]
2026-07-12 14:34:59 DEBUG: Pod 80 returned. Robot 26 idle.   [idle robots = 22/30, released tasks = 0]
2026-07-12 14:34:59 DEBUG:    EVENT NUM 1229  current_time = 00:13:50   ARRIVAL_ORDER         [queue size = 9]
2026-07-12 14:34:59 DEBUG: Order 182 arrived: items_required = [1607, 5728].     [orders_in_system = 92]
2026-07-12 14:34:59 DEBUG:    EVENT NUM 1230  current_time = 00:13:50   RETURN_POD            [queue size = 9]
2026-07-12 14:34:59 DEBUG: Pod 55 returned. Robot 6 idle.   [idle robots = 23/30, released tasks = 0]
2026-07-12 14:34:59 DEBUG:    EVENT NUM 1231  current_time = 00:13:59   RETURN_POD            [queue size = 8]
2026-07-12 14:34:59 DEBUG: Pod 50 returned. Robot 28 idle.   [idle robots = 24/30, released tasks = 0]
2026-07-12 14:34:59 DEBUG:    EVENT NUM 1232  current_time = 00:14:00   ARRIVAL_ORDER         [queue size = 7]
2026-07-12 14:34:59 DEBUG: Order 183 arrived: items_required = [6265, 5977, 6837].     [orders_in_system = 93]
2026-07-12 14:34:59 DEBUG:    EVENT NUM 1233  current_time = 00:14:04   RETURN_POD            [queue size = 7]
2026-07-12 14:34:59 DEBUG: Pod 233 returned. Robot 8 idle.   [idle robots = 25/30, released tasks = 0]
2026-07-12 14:34:59 DEBUG:    EVENT NUM 1234  current_time = 00:14:10   ARRIVAL_ORDER         [queue size = 6]
2026-07-12 14:34:59 DEBUG: Order 184 arrived: items_required = [8151].     [orders_in_system = 94]
2026-07-12 14:34:59 DEBUG:    EVENT NUM 1235  current_time = 00:14:15   RETURN_POD            [queue size = 6]
2026-07-12 14:34:59 DEBUG: Pod 149 returned. Robot 16 idle.   [idle robots = 26/30, released tasks = 0]
2026-07-12 14:34:59 DEBUG:    EVENT NUM 1236  current_time = 00:14:17   RETURN_POD            [queue size = 5]
2026-07-12 14:34:59 DEBUG: Pod 57 returned. Robot 14 idle.   [idle robots = 27/30, released tasks = 0]
2026-07-12 14:34:59 DEBUG:    EVENT NUM 1237  current_time = 00:14:20   ARRIVAL_ORDER         [queue size = 4]
2026-07-12 14:34:59 DEBUG: Order 185 arrived: items_required = [6330].     [orders_in_system = 95]
2026-07-12 14:34:59 DEBUG:    EVENT NUM 1238  current_time = 00:14:21   RETURN_POD            [queue size = 4]
2026-07-12 14:34:59 DEBUG: Pod 268 returned. Robot 23 idle.   [idle robots = 28/30, released tasks = 0]
2026-07-12 14:34:59 DEBUG:    EVENT NUM 1239  current_time = 00:14:30   ARRIVAL_ORDER         [queue size = 3]
2026-07-12 14:34:59 DEBUG: Order 186 arrived: items_required = [6912].     [orders_in_system = 96]
2026-07-12 14:34:59 DEBUG:    EVENT NUM 1240  current_time = 00:14:40   ARRIVAL_ORDER         [queue size = 3]
2026-07-12 14:34:59 DEBUG: Order 187 arrived: items_required = [7183].     [orders_in_system = 97]
2026-07-12 14:34:59 DEBUG:    EVENT NUM 1241  current_time = 00:14:50   ARRIVAL_ORDER         [queue size = 3]
2026-07-12 14:34:59 DEBUG: Order 188 arrived: items_required = [6436, 4609].     [orders_in_system = 98]
2026-07-12 14:34:59 DEBUG:    EVENT NUM 1242  current_time = 00:14:57   RETURN_POD            [queue size = 3]
2026-07-12 14:34:59 DEBUG: Pod 190 returned. Robot 15 idle.   [idle robots = 29/30, released tasks = 0]
2026-07-12 14:34:59 DEBUG:    EVENT NUM 1243  current_time = 00:15:00   ARRIVAL_ORDER         [queue size = 2]
2026-07-12 14:34:59 DEBUG: Order 189 arrived: items_required = [4709, 7326, 4915, 7674, 5432].     [orders_in_system = 99]
2026-07-12 14:34:59 DEBUG:    EVENT NUM 1244  current_time = 00:15:01   RUN_OPTIMIZER         [queue size = 2]
2026-07-12 14:34:59 INFO: Solving stage 1 ... 
2026-07-12 14:34:59 INFO: [ls_stage1] Building initial solution ...
2026-07-12 14:34:59 INFO: [ls_stage1] Initial objective = 216.9100
2026-07-12 14:34:59 WARNING: 
Variables size:
  shape x = (181, 600)
  shape y = (8, 600)
  shape z = (99, 8)
  constraints_satisfied = 869097

2026-07-12 14:35:01 INFO: [ls_stage1] Iter 1: IMPROVEMENT move=('swap', 12, 88) obj=214.0100
2026-07-12 14:35:03 INFO: [ls_stage1] Iter 2: IMPROVEMENT move=('swap', 37, 70) obj=212.2500
2026-07-12 14:35:05 INFO: [ls_stage1] Iter 3: IMPROVEMENT move=('swap', 21, 67) obj=210.7200
2026-07-12 14:35:07 INFO: [ls_stage1] Iter 4: IMPROVEMENT move=('swap', 59, 92) obj=207.9600
2026-07-12 14:35:09 INFO: [ls_stage1] Iter 5: IMPROVEMENT move=('swap', 31, 67) obj=205.5600
2026-07-12 14:35:12 INFO: [ls_stage1] Iter 6: IMPROVEMENT move=('swap', 20, 45) obj=204.0900
2026-07-12 14:35:14 INFO: [ls_stage1] Iter 7: IMPROVEMENT move=('swap', 82, 90) obj=202.7400
2026-07-12 14:35:16 INFO: [ls_stage1] Iter 8: IMPROVEMENT move=('swap', 48, 81) obj=201.3100
2026-07-12 14:35:18 INFO: [ls_stage1] Iter 9: IMPROVEMENT move=('swap', 56, 77) obj=200.0700
2026-07-12 14:35:20 INFO: [ls_stage1] Iter 10: IMPROVEMENT move=('swap', 20, 39) obj=198.7600
2026-07-12 14:35:22 INFO: [ls_stage1] Iter 11: IMPROVEMENT move=('swap', 29, 36) obj=197.2900
2026-07-12 14:35:24 INFO: [ls_stage1] Iter 12: IMPROVEMENT move=('swap', 7, 71) obj=195.0400
2026-07-12 14:35:26 INFO: [ls_stage1] Iter 13: IMPROVEMENT move=('swap', 39, 86) obj=193.9100
2026-07-12 14:35:28 INFO: [ls_stage1] Iter 14: IMPROVEMENT move=('repod', 118, 462) obj=193.6600
2026-07-12 14:35:31 INFO: [ls_stage1] Iter 15: IMPROVEMENT move=('repod', 94, 472) obj=192.3300
2026-07-12 14:35:33 INFO: [ls_stage1] Iter 16: IMPROVEMENT move=('swap', 54, 83) obj=192.0300
2026-07-12 14:35:35 INFO: [ls_stage1] Iter 17: IMPROVEMENT move=('repod', 75, 542) obj=191.7900
2026-07-12 14:35:37 INFO: [ls_stage1] Iter 18: IMPROVEMENT move=('swap', 34, 74) obj=190.6100
2026-07-12 14:35:39 INFO: [ls_stage1] Iter 19: IMPROVEMENT move=('swap', 46, 52) obj=190.4500
2026-07-12 14:35:41 INFO: [ls_stage1] Iter 20: IMPROVEMENT move=('swap', 62, 87) obj=190.2500
2026-07-12 14:35:43 INFO: [ls_stage1] Iter 21: IMPROVEMENT move=('swap', 13, 17) obj=190.0700
2026-07-12 14:35:45 INFO: [ls_stage1] Iter 22: IMPROVEMENT move=('swap', 13, 36) obj=189.9500
2026-07-12 14:35:47 INFO: [ls_stage1] Iter 23: IMPROVEMENT move=('repod', 171, 558) obj=189.8100
2026-07-12 14:35:49 INFO: [ls_stage1] Iter 24: IMPROVEMENT move=('repod', 153, 416) obj=189.6100
2026-07-12 14:35:51 INFO: [ls_stage1] Iter 25: IMPROVEMENT move=('swap', 2, 79) obj=189.5100
2026-07-12 14:35:53 INFO: [ls_stage1] Iter 26: IMPROVEMENT move=('repod', 53, 364) obj=189.3300
2026-07-12 14:35:56 INFO: [ls_stage1] Iter 27: IMPROVEMENT move=('repod', 168, 434) obj=189.0300
2026-07-12 14:35:58 INFO: [ls_stage1] Iter 28: IMPROVEMENT move=('repod', 132, 540) obj=188.8200
2026-07-12 14:36:00 INFO: [ls_stage1] Iter 29: IMPROVEMENT move=('swap', 35, 76) obj=187.7400
2026-07-12 14:36:02 INFO: [ls_stage1] Iter 30: IMPROVEMENT move=('repod', 114, 419) obj=187.6000
2026-07-12 14:36:04 INFO: [ls_stage1] Iter 31: IMPROVEMENT move=('repod', 144, 329) obj=187.5000
2026-07-12 14:36:06 INFO: [ls_stage1] Iter 32: IMPROVEMENT move=('swap', 28, 94) obj=187.3400
2026-07-12 14:36:08 INFO: [ls_stage1] Iter 33: IMPROVEMENT move=('swap', 41, 49) obj=187.2600
2026-07-12 14:36:10 INFO: [ls_stage1] Iter 34: IMPROVEMENT move=('repod', 103, 413) obj=187.1900
2026-07-12 14:36:12 INFO: [ls_stage1] Iter 35: IMPROVEMENT move=('moveto', 6, 7) obj=187.1100
2026-07-12 14:36:14 INFO: [ls_stage1] Iter 36: IMPROVEMENT move=('repod', 155, 529) obj=186.9600
2026-07-12 14:36:16 INFO: [ls_stage1] Iter 37: IMPROVEMENT move=('swap', 10, 26) obj=186.9200
2026-07-12 14:36:19 INFO: [ls_stage1] Iter 38: IMPROVEMENT move=('moveto', 55, 7) obj=186.8200
2026-07-12 14:36:21 INFO: [ls_stage1] Iter 39: IMPROVEMENT move=('moveto', 41, 7) obj=186.7400
2026-07-12 14:36:23 INFO: [ls_stage1] Iter 40: IMPROVEMENT move=('repod', 37, 246) obj=186.6700
2026-07-12 14:36:25 INFO: [ls_stage1] Iter 41: IMPROVEMENT move=('repod', 64, 373) obj=186.6100
2026-07-12 14:36:27 INFO: [ls_stage1] Iter 42: IMPROVEMENT move=('swap', 19, 46) obj=186.5700
2026-07-12 14:36:29 INFO: [ls_stage1] Iter 43: IMPROVEMENT move=('repod', 73, 350) obj=186.4700
2026-07-12 14:36:31 INFO: [ls_stage1] Iter 44: IMPROVEMENT move=('moveto', 51, 5) obj=186.3900
2026-07-12 14:36:33 INFO: [ls_stage1] Iter 45: IMPROVEMENT move=('repod', 30, 583) obj=186.1600
2026-07-12 14:36:35 INFO: [ls_stage1] Iter 46: IMPROVEMENT move=('swap', 32, 47) obj=186.1200
2026-07-12 14:36:37 INFO: [ls_stage1] Iter 47: IMPROVEMENT move=('repod', 77, 163) obj=186.0300
2026-07-12 14:36:39 INFO: [ls_stage1] Iter 48: IMPROVEMENT move=('moveto', 61, 5) obj=185.9900
2026-07-12 14:36:42 INFO: [ls_stage1] Iter 49: IMPROVEMENT move=('swap', 52, 90) obj=185.9500
2026-07-12 14:36:44 INFO: [ls_stage1] Iter 50: IMPROVEMENT move=('swap', 54, 63) obj=185.8900
2026-07-12 14:36:46 INFO: [ls_stage1] Iter 51: IMPROVEMENT move=('moveto', 49, 0) obj=185.8700
2026-07-12 14:36:48 INFO: [ls_stage1] Iter 52: IMPROVEMENT move=('repod', 143, 136) obj=185.8400
2026-07-12 14:36:50 INFO: [ls_stage1] Iter 53: PLATEAU move=('moveto', 89, 2) obj=185.8400
2026-07-12 14:36:52 INFO: [ls_stage1] Iter 54: PLATEAU move=('swap', 8, 98) obj=185.8400
2026-07-12 14:36:54 INFO: [ls_stage1] Iter 55: IMPROVEMENT move=('swap', 42, 62) obj=185.8200
2026-07-12 14:36:56 INFO: [ls_stage1] Iter 56: IMPROVEMENT move=('repod', 75, 535) obj=185.7700
2026-07-12 14:36:58 INFO: [ls_stage1] Iter 57: IMPROVEMENT move=('repod', 149, 82) obj=185.7300
2026-07-12 14:37:00 INFO: [ls_stage1] Iter 58: IMPROVEMENT move=('swap', 62, 95) obj=185.6900
2026-07-12 14:37:03 INFO: [ls_stage1] Iter 59: PLATEAU move=('swap', 67, 76) obj=185.6900
2026-07-12 14:37:05 INFO: [ls_stage1] Iter 60: IMPROVEMENT move=('repod', 165, 386) obj=185.5800
2026-07-12 14:37:07 INFO: [ls_stage1] Iter 61: IMPROVEMENT move=('moveto', 61, 6) obj=185.5600
2026-07-12 14:37:09 INFO: [ls_stage1] Iter 62: IMPROVEMENT move=('repod', 126, 308) obj=185.4700
2026-07-12 14:37:11 INFO: [ls_stage1] Iter 63: IMPROVEMENT move=('swap', 70, 95) obj=184.3100
2026-07-12 14:37:13 INFO: [ls_stage1] Iter 64: IMPROVEMENT move=('repod', 74, 506) obj=184.2800
2026-07-12 14:37:15 INFO: [ls_stage1] Iter 65: IMPROVEMENT move=('swap', 52, 91) obj=184.2600
2026-07-12 14:37:17 INFO: [ls_stage1] Iter 66: IMPROVEMENT move=('swap', 35, 86) obj=184.2200
2026-07-12 14:37:19 INFO: [ls_stage1] Iter 67: IMPROVEMENT move=('repod', 5, 521) obj=184.2100
2026-07-12 14:37:21 INFO: [ls_stage1] Iter 68: IMPROVEMENT move=('swap', 2, 57) obj=182.9400
2026-07-12 14:37:24 INFO: [ls_stage1] Iter 69: IMPROVEMENT move=('repod', 80, 490) obj=182.8900
2026-07-12 14:37:26 INFO: [ls_stage1] Iter 70: IMPROVEMENT move=('repod', 86, 391) obj=182.8600
2026-07-12 14:37:28 INFO: [ls_stage1] Iter 71: PLATEAU move=('swap', 3, 4) obj=182.8600
2026-07-12 14:37:30 INFO: [ls_stage1] Iter 72: IMPROVEMENT move=('moveto', 32, 6) obj=182.8400
2026-07-12 14:37:32 INFO: [ls_stage1] Iter 73: PLATEAU move=('swap', 33, 91) obj=182.8400
2026-07-12 14:37:34 INFO: [ls_stage1] Iter 74: PLATEAU move=('swap', 63, 82) obj=182.8400
2026-07-12 14:37:36 INFO: [ls_stage1] Iter 75: IMPROVEMENT move=('swap', 36, 91) obj=182.8200
2026-07-12 14:37:38 INFO: [ls_stage1] Iter 76: IMPROVEMENT move=('swap', 5, 73) obj=182.7800
2026-07-12 14:37:41 INFO: [ls_stage1] Iter 77: IMPROVEMENT move=('swap', 1, 73) obj=182.7200
2026-07-12 14:37:43 INFO: [ls_stage1] Iter 78: IMPROVEMENT move=('swap', 18, 73) obj=182.6800
2026-07-12 14:37:45 INFO: [ls_stage1] Iter 79: IMPROVEMENT move=('swap', 7, 61) obj=182.6600
2026-07-12 14:37:47 INFO: [ls_stage1] Iter 80: IMPROVEMENT move=('swap', 47, 57) obj=182.6400
2026-07-12 14:37:49 INFO: [ls_stage1] Iter 81: IMPROVEMENT move=('moveto', 7, 4) obj=181.5700
2026-07-12 14:37:51 INFO: [ls_stage1] Iter 82: PLATEAU move=('swap', 27, 72) obj=181.5700
2026-07-12 14:37:53 INFO: [ls_stage1] Iter 83: PLATEAU move=('swap', 11, 30) obj=181.5700
2026-07-12 14:37:55 INFO: [ls_stage1] Iter 84: PLATEAU move=('swap', 26, 47) obj=181.5700
2026-07-12 14:37:57 INFO: [ls_stage1] Iter 85: IMPROVEMENT move=('moveto', 72, 7) obj=181.5500
2026-07-12 14:37:59 INFO: [ls_stage1] Iter 86: PLATEAU move=('swap', 6, 60) obj=181.5500
2026-07-12 14:38:02 INFO: [ls_stage1] Iter 87: PLATEAU move=('swap', 23, 81) obj=181.5500
2026-07-12 14:38:04 INFO: [ls_stage1] Iter 88: IMPROVEMENT move=('repod', 13, 348) obj=181.5400
2026-07-12 14:38:06 INFO: [ls_stage1] Iter 89: PLATEAU move=('moveto', 17, 0) obj=181.5400
2026-07-12 14:38:08 INFO: [ls_stage1] Iter 90: PLATEAU move=('repod', 113, 65) obj=181.5400
2026-07-12 14:38:10 INFO: [ls_stage1] Iter 91: PLATEAU move=('swap', 30, 85) obj=181.5400
2026-07-12 14:38:12 INFO: [ls_stage1] Iter 92: PLATEAU move=('swap', 29, 84) obj=181.5400
2026-07-12 14:38:14 INFO: [ls_stage1] Iter 93: IMPROVEMENT move=('moveto', 45, 0) obj=181.5200
2026-07-12 14:38:16 INFO: [ls_stage1] Iter 94: PLATEAU move=('swap', 24, 59) obj=181.5200
2026-07-12 14:38:19 INFO: [ls_stage1] Iter 95: IMPROVEMENT move=('swap', 27, 73) obj=181.5000
2026-07-12 14:38:21 INFO: [ls_stage1] Iter 96: PLATEAU move=('swap', 16, 77) obj=181.5000
2026-07-12 14:38:23 INFO: [ls_stage1] Iter 97: PLATEAU move=('swap', 41, 61) obj=181.5000
2026-07-12 14:38:25 INFO: [ls_stage1] Iter 98: PLATEAU move=('repod', 78, 198) obj=181.5000
2026-07-12 14:38:27 INFO: [ls_stage1] Iter 99: PLATEAU move=('repod', 156, 464) obj=181.5000
2026-07-12 14:38:29 INFO: [ls_stage1] Iter 100: PLATEAU move=('moveto', 90, 3) obj=181.5000
2026-07-12 14:38:29 INFO: [ls_stage1] Final objective = 181.5000
2026-07-12 14:38:29 INFO: Stage 1 solved.
2026-07-12 14:38:29 INFO: Solving stage 2 ... 
2026-07-12 14:38:29 INFO: [ls_stage2] Building initial solution ...
2026-07-12 14:39:31 INFO: [ls_stage2] Feasible initial solution: obj = -78.6734
2026-07-12 14:39:31 WARNING: 
Variables size:
  x shape = (181, 100)
  f0 = (99, 100)
  g0 = (99, 100)
  v0 = (99, 100)
  y shape = (145, 974728)
  num constraints satisfied = 2340867

2026-07-12 14:40:30 INFO: [ls_stage2] Candidate rejected: move=('order', 37, -2) obj=-72.5438 violations=['EC11']
2026-07-12 14:41:27 INFO: [ls_stage2] Iter 1: improved move=('item', 34, -8) obj=-76.7210
2026-07-12 14:42:28 INFO: [ls_stage2] Iter 2: improved move=('order', 40, -2) obj=-74.5930
2026-07-12 14:43:30 INFO: [ls_stage2] Candidate rejected: move=('order', 37, -1) obj=-68.5930 violations=['EC11']
2026-07-12 14:44:31 INFO: [ls_stage2] Iter 3: improved move=('order', 56, -1) obj=-72.5930
2026-07-12 14:45:32 INFO: [ls_stage2] Candidate rejected: move=('order', 37, -1) obj=-66.5930 violations=['EC11']
2026-07-12 14:46:34 INFO: [ls_stage2] Iter 4: improved move=('order', 25, -1) obj=-70.5930
2026-07-12 14:47:36 INFO: [ls_stage2] Candidate rejected: move=('order', 85, -1) obj=-68.5930 violations=['EC11']
2026-07-12 14:48:37 INFO: [ls_stage2] Candidate rejected: move=('order', 34, -1) obj=-68.5930 violations=['EC11']
2026-07-12 14:49:38 INFO: [ls_stage2] Iter 5: improved move=('item', 57, -8) obj=-68.6826
2026-07-12 14:50:40 INFO: [ls_stage2] Iter 6: improved move=('item', 21, -4) obj=-67.2580
2026-07-12 14:51:42 INFO: [ls_stage2] Candidate rejected: move=('order', 37, -1) obj=-61.2580 violations=['EC11']
2026-07-12 14:52:43 INFO: [ls_stage2] Iter 7: improved move=('multi_item', (np.int64(72), np.int64(134), np.int64(59)), -4) obj=-65.4324
2026-07-12 14:53:45 INFO: [ls_stage2] Iter 8: improved move=('multi_item', (np.int64(57), np.int64(119)), -4) obj=-63.5891
