2026-07-12 13:08:39 INFO: Warehouse initialization | grid=25x24, physical=54x29, num_skus=9000, num_robots=30, num_ws=8
2026-07-12 13:08:39 INFO: Warehouse initialized | 600 pods  (average number of skus per pod = 20.93), 8 workstations, 30 robots
2026-07-12 13:08:39 INFO: [OptManager] Building time-space network ...
2026-07-12 13:08:41 INFO: [OptManager] Network ready: 60800 nodes, 914536 travelling arcs, 60192 idle arcs.
2026-07-12 13:08:41 INFO: 
=============================================
2026-07-12 13:08:41 INFO:   START SIMULATION  {TIME HORIZON = 01:00:00}
2026-07-12 13:08:41 DEBUG:    EVENT NUM 1     current_time = 00:00:00   ARRIVAL_ORDER         [queue size = 1]
2026-07-12 13:08:41 DEBUG: Order 0 arrived: items_required = [2784, 1207, 4551, 2792, 5971, 2564].     [orders_in_system = 1]
2026-07-12 13:08:41 DEBUG: Order 1 arrived: items_required = [4353].     [orders_in_system = 2]
2026-07-12 13:08:41 DEBUG: Order 2 arrived: items_required = [4201].     [orders_in_system = 3]
2026-07-12 13:08:41 DEBUG: Order 3 arrived: items_required = [7104, 6148].     [orders_in_system = 4]
2026-07-12 13:08:41 DEBUG: Order 4 arrived: items_required = [6532, 2931, 4901].     [orders_in_system = 5]
2026-07-12 13:08:41 DEBUG: Order 5 arrived: items_required = [6149].     [orders_in_system = 6]
2026-07-12 13:08:41 DEBUG: Order 6 arrived: items_required = [4997].     [orders_in_system = 7]
2026-07-12 13:08:41 DEBUG: Order 7 arrived: items_required = [3780, 4950, 4023, 5024, 2774].     [orders_in_system = 8]
2026-07-12 13:08:41 DEBUG: Order 8 arrived: items_required = [6227].     [orders_in_system = 9]
2026-07-12 13:08:41 DEBUG: Order 9 arrived: items_required = [1550].     [orders_in_system = 10]
2026-07-12 13:08:41 DEBUG: Order 10 arrived: items_required = [6338, 2951].     [orders_in_system = 11]
2026-07-12 13:08:41 DEBUG: Order 11 arrived: items_required = [4649, 5895].     [orders_in_system = 12]
2026-07-12 13:08:41 DEBUG: Order 12 arrived: items_required = [3331].     [orders_in_system = 13]
2026-07-12 13:08:41 DEBUG: Order 13 arrived: items_required = [5079].     [orders_in_system = 14]
2026-07-12 13:08:41 DEBUG: Order 14 arrived: items_required = [5328].     [orders_in_system = 15]
2026-07-12 13:08:41 DEBUG: Order 15 arrived: items_required = [5022, 6165].     [orders_in_system = 16]
2026-07-12 13:08:41 DEBUG: Order 16 arrived: items_required = [3468, 6617].     [orders_in_system = 17]
2026-07-12 13:08:41 DEBUG: Order 17 arrived: items_required = [1734, 2384, 2800].     [orders_in_system = 18]
2026-07-12 13:08:41 DEBUG: Order 18 arrived: items_required = [1677].     [orders_in_system = 19]
2026-07-12 13:08:41 DEBUG: Order 19 arrived: items_required = [3280].     [orders_in_system = 20]
2026-07-12 13:08:41 DEBUG: Order 20 arrived: items_required = [8155].     [orders_in_system = 21]
2026-07-12 13:08:41 DEBUG: Order 21 arrived: items_required = [2890].     [orders_in_system = 22]
2026-07-12 13:08:41 DEBUG: Order 22 arrived: items_required = [5976].     [orders_in_system = 23]
2026-07-12 13:08:41 DEBUG: Order 23 arrived: items_required = [6151, 206].     [orders_in_system = 24]
2026-07-12 13:08:41 DEBUG: Order 24 arrived: items_required = [3007, 3262].     [orders_in_system = 25]
2026-07-12 13:08:41 DEBUG: Order 25 arrived: items_required = [3432].     [orders_in_system = 26]
2026-07-12 13:08:41 DEBUG: Order 26 arrived: items_required = [2175, 2207].     [orders_in_system = 27]
2026-07-12 13:08:41 DEBUG: Order 27 arrived: items_required = [1208].     [orders_in_system = 28]
2026-07-12 13:08:41 DEBUG: Order 28 arrived: items_required = [6466, 4966, 6630, 4216, 1260, 1721].     [orders_in_system = 29]
2026-07-12 13:08:41 DEBUG: Order 29 arrived: items_required = [2083, 6736, 4895].     [orders_in_system = 30]
2026-07-12 13:08:41 DEBUG: Order 30 arrived: items_required = [4761, 2147].     [orders_in_system = 31]
2026-07-12 13:08:41 DEBUG: Order 31 arrived: items_required = [3051, 4390, 2874, 6667].     [orders_in_system = 32]
2026-07-12 13:08:41 DEBUG: Order 32 arrived: items_required = [167].     [orders_in_system = 33]
2026-07-12 13:08:41 DEBUG: Order 33 arrived: items_required = [5147, 8176, 2184].     [orders_in_system = 34]
2026-07-12 13:08:41 DEBUG: Order 34 arrived: items_required = [5426].     [orders_in_system = 35]
2026-07-12 13:08:41 DEBUG: Order 35 arrived: items_required = [2287].     [orders_in_system = 36]
2026-07-12 13:08:41 DEBUG: Order 36 arrived: items_required = [5803, 1133].     [orders_in_system = 37]
2026-07-12 13:08:41 DEBUG: Order 37 arrived: items_required = [4239, 3633].     [orders_in_system = 38]
2026-07-12 13:08:41 DEBUG: Order 38 arrived: items_required = [851].     [orders_in_system = 39]
2026-07-12 13:08:41 DEBUG: Order 39 arrived: items_required = [5932, 2823, 6410, 2978, 4090].     [orders_in_system = 40]
2026-07-12 13:08:41 DEBUG: Order 40 arrived: items_required = [7573].     [orders_in_system = 41]
2026-07-12 13:08:41 DEBUG: Order 41 arrived: items_required = [5514].     [orders_in_system = 42]
2026-07-12 13:08:41 DEBUG: Order 42 arrived: items_required = [6987].     [orders_in_system = 43]
2026-07-12 13:08:41 DEBUG: Order 43 arrived: items_required = [3909, 2666, 7602, 2000].     [orders_in_system = 44]
2026-07-12 13:08:41 DEBUG: Order 44 arrived: items_required = [3837, 8081].     [orders_in_system = 45]
2026-07-12 13:08:41 DEBUG: Order 45 arrived: items_required = [5073, 4694].     [orders_in_system = 46]
2026-07-12 13:08:41 DEBUG: Order 46 arrived: items_required = [5946, 3025, 5306, 3580].     [orders_in_system = 47]
2026-07-12 13:08:41 DEBUG: Order 47 arrived: items_required = [2928, 8105, 5817, 655].     [orders_in_system = 48]
2026-07-12 13:08:41 DEBUG: Order 48 arrived: items_required = [4683, 602].     [orders_in_system = 49]
2026-07-12 13:08:41 DEBUG: Order 49 arrived: items_required = [1795].     [orders_in_system = 50]
2026-07-12 13:08:41 DEBUG: Order 50 arrived: items_required = [3544].     [orders_in_system = 51]
2026-07-12 13:08:41 DEBUG: Order 51 arrived: items_required = [3661, 4529].     [orders_in_system = 52]
2026-07-12 13:08:41 DEBUG: Order 52 arrived: items_required = [6938].     [orders_in_system = 53]
2026-07-12 13:08:41 DEBUG: Order 53 arrived: items_required = [6995].     [orders_in_system = 54]
2026-07-12 13:08:41 DEBUG: Order 54 arrived: items_required = [6733].     [orders_in_system = 55]
2026-07-12 13:08:41 DEBUG: Order 55 arrived: items_required = [5371, 7738].     [orders_in_system = 56]
2026-07-12 13:08:41 DEBUG: Order 56 arrived: items_required = [4110, 2628].     [orders_in_system = 57]
2026-07-12 13:08:41 DEBUG: Order 57 arrived: items_required = [2861, 7582, 5203, 4593, 5652].     [orders_in_system = 58]
2026-07-12 13:08:41 DEBUG: Order 58 arrived: items_required = [4427].     [orders_in_system = 59]
2026-07-12 13:08:41 DEBUG: Order 59 arrived: items_required = [3307].     [orders_in_system = 60]
2026-07-12 13:08:41 DEBUG: Order 60 arrived: items_required = [2988, 3885].     [orders_in_system = 61]
2026-07-12 13:08:41 DEBUG: Order 61 arrived: items_required = [7370, 5642].     [orders_in_system = 62]
2026-07-12 13:08:41 DEBUG: Order 62 arrived: items_required = [1743, 7974].     [orders_in_system = 63]
2026-07-12 13:08:41 DEBUG: Order 63 arrived: items_required = [2813, 4301].     [orders_in_system = 64]
2026-07-12 13:08:41 DEBUG: Order 64 arrived: items_required = [8376, 6790, 6842, 4240, 4645, 3759, 7752, 4058, 3461, 5886].     [orders_in_system = 65]
2026-07-12 13:08:41 DEBUG: Order 65 arrived: items_required = [5826].     [orders_in_system = 66]
2026-07-12 13:08:41 DEBUG: Order 66 arrived: items_required = [8553, 8686].     [orders_in_system = 67]
2026-07-12 13:08:41 DEBUG: Order 67 arrived: items_required = [4387, 4860, 8788].     [orders_in_system = 68]
2026-07-12 13:08:41 DEBUG: Order 68 arrived: items_required = [6700, 5304].     [orders_in_system = 69]
2026-07-12 13:08:41 DEBUG: Order 69 arrived: items_required = [4528].     [orders_in_system = 70]
2026-07-12 13:08:41 DEBUG: Order 70 arrived: items_required = [2220, 4590, 3330].     [orders_in_system = 71]
2026-07-12 13:08:41 DEBUG: Order 71 arrived: items_required = [6742].     [orders_in_system = 72]
2026-07-12 13:08:41 DEBUG: Order 72 arrived: items_required = [3399, 2347].     [orders_in_system = 73]
2026-07-12 13:08:41 DEBUG: Order 73 arrived: items_required = [1141, 4363, 5640].     [orders_in_system = 74]
2026-07-12 13:08:41 DEBUG: Order 74 arrived: items_required = [3315, 4665].     [orders_in_system = 75]
2026-07-12 13:08:41 DEBUG: Order 75 arrived: items_required = [5534].     [orders_in_system = 76]
2026-07-12 13:08:41 DEBUG: Order 76 arrived: items_required = [5064, 5084, 635].     [orders_in_system = 77]
2026-07-12 13:08:41 DEBUG: Order 77 arrived: items_required = [4643].     [orders_in_system = 78]
2026-07-12 13:08:41 DEBUG: Order 78 arrived: items_required = [2227].     [orders_in_system = 79]
2026-07-12 13:08:41 DEBUG: Order 79 arrived: items_required = [4929].     [orders_in_system = 80]
2026-07-12 13:08:41 DEBUG: Order 80 arrived: items_required = [2137, 2991, 2450, 4454, 2667, 3546].     [orders_in_system = 81]
2026-07-12 13:08:41 DEBUG: Order 81 arrived: items_required = [5009, 3677, 4561].     [orders_in_system = 82]
2026-07-12 13:08:41 DEBUG: Order 82 arrived: items_required = [3510].     [orders_in_system = 83]
2026-07-12 13:08:41 DEBUG: Order 83 arrived: items_required = [6324, 3283].     [orders_in_system = 84]
2026-07-12 13:08:41 DEBUG: Order 84 arrived: items_required = [2589, 3438].     [orders_in_system = 85]
2026-07-12 13:08:41 DEBUG: Order 85 arrived: items_required = [8022, 5373, 1268, 3456].     [orders_in_system = 86]
2026-07-12 13:08:41 DEBUG: Order 86 arrived: items_required = [6143, 6067, 6149, 4573].     [orders_in_system = 87]
2026-07-12 13:08:41 DEBUG: Order 87 arrived: items_required = [4783, 1706].     [orders_in_system = 88]
2026-07-12 13:08:41 DEBUG: Order 88 arrived: items_required = [7330, 6327, 4284, 3500, 4624, 2368].     [orders_in_system = 89]
2026-07-12 13:08:41 DEBUG: Order 89 arrived: items_required = [4770, 4722].     [orders_in_system = 90]
2026-07-12 13:08:41 DEBUG: Order 90 arrived: items_required = [5887, 2874].     [orders_in_system = 91]
2026-07-12 13:08:41 DEBUG: Order 91 arrived: items_required = [6171].     [orders_in_system = 92]
2026-07-12 13:08:41 DEBUG: Order 92 arrived: items_required = [4938].     [orders_in_system = 93]
2026-07-12 13:08:41 DEBUG: Order 93 arrived: items_required = [6272].     [orders_in_system = 94]
2026-07-12 13:08:41 DEBUG: Order 94 arrived: items_required = [2953, 4712, 6877, 5075].     [orders_in_system = 95]
2026-07-12 13:08:41 DEBUG: Order 95 arrived: items_required = [8908, 3521, 4737, 6268, 6302].     [orders_in_system = 96]
2026-07-12 13:08:41 DEBUG: Order 96 arrived: items_required = [2149, 5519, 4947].     [orders_in_system = 97]
2026-07-12 13:08:41 DEBUG: Order 97 arrived: items_required = [5771, 7544, 5058, 5087, 6321].     [orders_in_system = 98]
2026-07-12 13:08:41 DEBUG: Order 98 arrived: items_required = [1885, 1780].     [orders_in_system = 99]
2026-07-12 13:08:41 DEBUG: Order 99 arrived: items_required = [4548, 4898, 2133].     [orders_in_system = 100]
2026-07-12 13:08:41 DEBUG:    EVENT NUM 2     current_time = 00:00:01   RUN_OPTIMIZER         [queue size = 1]
2026-07-12 13:08:41 INFO: Solving stage 1 ... 
2026-07-12 13:08:41 INFO: [ls_stage1] Building initial solution ...
2026-07-12 13:08:41 INFO: [ls_stage1] Initial objective = 262.1800
2026-07-12 13:08:41 WARNING: 
Variables size:
  shape x = (223, 600)
  shape y = (8, 600)
  shape z = (100, 8)
  constraints_satisfied = 1070739

2026-07-12 13:08:44 INFO: [ls_stage1] Iter 1: IMPROVEMENT move=('swap', 5, 38) obj=259.5100
2026-07-12 13:08:46 INFO: [ls_stage1] Iter 2: IMPROVEMENT move=('swap', 67, 90) obj=255.9000
2026-07-12 13:08:49 INFO: [ls_stage1] Iter 3: IMPROVEMENT move=('swap', 47, 79) obj=254.2800
2026-07-12 13:08:51 INFO: [ls_stage1] Iter 4: IMPROVEMENT move=('swap', 40, 65) obj=252.8800
2026-07-12 13:08:53 INFO: [ls_stage1] Iter 5: IMPROVEMENT move=('swap', 0, 7) obj=250.6500
2026-07-12 13:08:56 INFO: [ls_stage1] Iter 6: IMPROVEMENT move=('swap', 66, 70) obj=249.1200
2026-07-12 13:08:58 INFO: [ls_stage1] Iter 7: IMPROVEMENT move=('swap', 2, 41) obj=247.7700
2026-07-12 13:09:01 INFO: [ls_stage1] Iter 8: IMPROVEMENT move=('swap', 59, 89) obj=246.4900
2026-07-12 13:09:03 INFO: [ls_stage1] Iter 9: IMPROVEMENT move=('swap', 29, 37) obj=244.0200
2026-07-12 13:09:05 INFO: [ls_stage1] Iter 10: IMPROVEMENT move=('swap', 58, 63) obj=242.7700
2026-07-12 13:09:08 INFO: [ls_stage1] Iter 11: IMPROVEMENT move=('repod', 97, 565) obj=242.5000
2026-07-12 13:09:10 INFO: [ls_stage1] Iter 12: IMPROVEMENT move=('moveto', 74, 4) obj=241.2800
2026-07-12 13:09:12 INFO: [ls_stage1] Iter 13: IMPROVEMENT move=('moveto', 19, 7) obj=240.1600
2026-07-12 13:09:15 INFO: [ls_stage1] Iter 14: IMPROVEMENT move=('repod', 2, 493) obj=239.8300
2026-07-12 13:09:17 INFO: [ls_stage1] Iter 15: IMPROVEMENT move=('swap', 49, 66) obj=238.5900
2026-07-12 13:09:20 INFO: [ls_stage1] Iter 16: IMPROVEMENT move=('repod', 143, 529) obj=238.3100
2026-07-12 13:09:22 INFO: [ls_stage1] Iter 17: IMPROVEMENT move=('swap', 29, 78) obj=238.0100
2026-07-12 13:09:24 INFO: [ls_stage1] Iter 18: IMPROVEMENT move=('swap', 18, 78) obj=237.7300
2026-07-12 13:09:27 INFO: [ls_stage1] Iter 19: IMPROVEMENT move=('swap', 23, 80) obj=237.4500
2026-07-12 13:09:29 INFO: [ls_stage1] Iter 20: IMPROVEMENT move=('swap', 13, 20) obj=237.2900
2026-07-12 13:09:31 INFO: [ls_stage1] Iter 21: IMPROVEMENT move=('swap', 80, 94) obj=236.5600
2026-07-12 13:09:34 INFO: [ls_stage1] Iter 22: IMPROVEMENT move=('moveto', 73, 5) obj=236.3300
2026-07-12 13:09:36 INFO: [ls_stage1] Iter 23: IMPROVEMENT move=('moveto', 66, 7) obj=236.1100
2026-07-12 13:09:39 INFO: [ls_stage1] Iter 24: IMPROVEMENT move=('repod', 18, 563) obj=235.8900
2026-07-12 13:09:41 INFO: [ls_stage1] Iter 25: IMPROVEMENT move=('repod', 124, 367) obj=235.7100
2026-07-12 13:09:43 INFO: [ls_stage1] Iter 26: IMPROVEMENT move=('swap', 26, 94) obj=234.6100
2026-07-12 13:09:46 INFO: [ls_stage1] Iter 27: IMPROVEMENT move=('swap', 45, 92) obj=233.4800
2026-07-12 13:09:48 INFO: [ls_stage1] Iter 28: IMPROVEMENT move=('repod', 221, 382) obj=233.2200
2026-07-12 13:09:50 INFO: [ls_stage1] Iter 29: IMPROVEMENT move=('swap', 50, 93) obj=233.0600
2026-07-12 13:09:53 INFO: [ls_stage1] Iter 30: IMPROVEMENT move=('repod', 90, 579) obj=231.6100
2026-07-12 13:09:55 INFO: [ls_stage1] Iter 31: IMPROVEMENT move=('moveto', 98, 6) obj=231.4100
2026-07-12 13:09:57 INFO: [ls_stage1] Iter 32: IMPROVEMENT move=('repod', 200, 594) obj=230.2900
2026-07-12 13:10:00 INFO: [ls_stage1] Iter 33: IMPROVEMENT move=('moveto', 55, 7) obj=230.1300
2026-07-12 13:10:02 INFO: [ls_stage1] Iter 34: IMPROVEMENT move=('repod', 89, 234) obj=229.9500
2026-07-12 13:10:05 INFO: [ls_stage1] Iter 35: IMPROVEMENT move=('swap', 7, 63) obj=229.6700
2026-07-12 13:10:07 INFO: [ls_stage1] Iter 36: IMPROVEMENT move=('repod', 220, 308) obj=229.4900
2026-07-12 13:10:09 INFO: [ls_stage1] Iter 37: IMPROVEMENT move=('moveto', 33, 6) obj=229.3100
2026-07-12 13:10:12 INFO: [ls_stage1] Iter 38: IMPROVEMENT move=('swap', 16, 76) obj=228.2200
2026-07-12 13:10:14 INFO: [ls_stage1] Iter 39: IMPROVEMENT move=('moveto', 12, 7) obj=228.0800
2026-07-12 13:10:16 INFO: [ls_stage1] Iter 40: IMPROVEMENT move=('moveto', 14, 7) obj=227.9800
2026-07-12 13:10:19 INFO: [ls_stage1] Iter 41: IMPROVEMENT move=('swap', 78, 85) obj=227.8300
2026-07-12 13:10:21 INFO: [ls_stage1] Iter 42: IMPROVEMENT move=('repod', 173, 280) obj=227.6800
2026-07-12 13:10:24 INFO: [ls_stage1] Iter 43: IMPROVEMENT move=('repod', 33, 441) obj=227.5200
2026-07-12 13:10:26 INFO: [ls_stage1] Iter 44: IMPROVEMENT move=('moveto', 26, 7) obj=227.3600
2026-07-12 13:10:28 INFO: [ls_stage1] Iter 45: IMPROVEMENT move=('repod', 44, 360) obj=227.1900
2026-07-12 13:10:31 INFO: [ls_stage1] Iter 46: IMPROVEMENT move=('repod', 140, 559) obj=227.0000
2026-07-12 13:10:33 INFO: [ls_stage1] Iter 47: IMPROVEMENT move=('swap', 36, 45) obj=226.8700
2026-07-12 13:10:36 INFO: [ls_stage1] Iter 48: IMPROVEMENT move=('repod', 127, 557) obj=226.6600
2026-07-12 13:10:38 INFO: [ls_stage1] Iter 49: IMPROVEMENT move=('moveto', 34, 6) obj=226.5800
2026-07-12 13:10:40 INFO: [ls_stage1] Iter 50: IMPROVEMENT move=('repod', 191, 309) obj=226.4600
2026-07-12 13:10:43 INFO: [ls_stage1] Iter 51: IMPROVEMENT move=('repod', 215, 460) obj=226.3300
2026-07-12 13:10:45 INFO: [ls_stage1] Iter 52: IMPROVEMENT move=('repod', 164, 336) obj=226.1900
2026-07-12 13:10:48 INFO: [ls_stage1] Iter 53: IMPROVEMENT move=('swap', 34, 84) obj=226.0900
2026-07-12 13:10:50 INFO: [ls_stage1] Iter 54: IMPROVEMENT move=('repod', 12, 528) obj=225.9600
2026-07-12 13:10:52 INFO: [ls_stage1] Iter 55: IMPROVEMENT move=('swap', 46, 54) obj=225.8200
2026-07-12 13:10:55 INFO: [ls_stage1] Iter 56: IMPROVEMENT move=('swap', 20, 75) obj=224.6000
2026-07-12 13:10:57 INFO: [ls_stage1] Iter 57: IMPROVEMENT move=('swap', 54, 62) obj=224.5200
2026-07-12 13:10:59 INFO: [ls_stage1] Iter 58: IMPROVEMENT move=('moveto', 89, 5) obj=224.4400
2026-07-12 13:11:02 INFO: [ls_stage1] Iter 59: IMPROVEMENT move=('moveto', 50, 7) obj=224.3800
2026-07-12 13:11:04 INFO: [ls_stage1] Iter 60: IMPROVEMENT move=('repod', 19, 257) obj=224.2800
2026-07-12 13:11:07 INFO: [ls_stage1] Iter 61: IMPROVEMENT move=('swap', 33, 35) obj=223.4100
2026-07-12 13:11:09 INFO: [ls_stage1] Iter 62: IMPROVEMENT move=('moveto', 35, 1) obj=223.3100
2026-07-12 13:11:11 INFO: [ls_stage1] Iter 63: IMPROVEMENT move=('swap', 30, 99) obj=223.2700
2026-07-12 13:11:14 INFO: [ls_stage1] Iter 64: IMPROVEMENT move=('repod', 68, 241) obj=223.2100
2026-07-12 13:11:16 INFO: [ls_stage1] Iter 65: IMPROVEMENT move=('swap', 34, 80) obj=222.8500
2026-07-12 13:11:19 INFO: [ls_stage1] Iter 66: IMPROVEMENT move=('swap', 13, 61) obj=221.6000
2026-07-12 13:11:21 INFO: [ls_stage1] Iter 67: IMPROVEMENT move=('repod', 182, 372) obj=221.5200
2026-07-12 13:11:23 INFO: [ls_stage1] Iter 68: IMPROVEMENT move=('swap', 9, 14) obj=221.4800
2026-07-12 13:11:26 INFO: [ls_stage1] Iter 69: IMPROVEMENT move=('repod', 156, 519) obj=221.3400
2026-07-12 13:11:28 INFO: [ls_stage1] Iter 70: IMPROVEMENT move=('repod', 217, 213) obj=221.2500
2026-07-12 13:11:31 INFO: [ls_stage1] Iter 71: IMPROVEMENT move=('moveto', 62, 7) obj=221.2100
2026-07-12 13:11:33 INFO: [ls_stage1] Iter 72: IMPROVEMENT move=('moveto', 1, 7) obj=221.1500
2026-07-12 13:11:35 INFO: [ls_stage1] Iter 73: IMPROVEMENT move=('moveto', 83, 7) obj=221.0700
2026-07-12 13:11:38 INFO: [ls_stage1] Iter 74: IMPROVEMENT move=('repod', 44, 538) obj=220.9500
2026-07-12 13:11:40 INFO: [ls_stage1] Iter 75: IMPROVEMENT move=('moveto', 22, 0) obj=220.9300
2026-07-12 13:11:43 INFO: [ls_stage1] Iter 76: IMPROVEMENT move=('swap', 63, 83) obj=220.8900
2026-07-12 13:11:45 INFO: [ls_stage1] Iter 77: IMPROVEMENT move=('repod', 170, 550) obj=220.8500
2026-07-12 13:11:47 INFO: [ls_stage1] Iter 78: IMPROVEMENT move=('swap', 16, 62) obj=220.8300
2026-07-12 13:11:50 INFO: [ls_stage1] Iter 79: IMPROVEMENT move=('moveto', 82, 0) obj=220.7900
2026-07-12 13:11:52 INFO: [ls_stage1] Iter 80: IMPROVEMENT move=('swap', 47, 63) obj=220.7700
2026-07-12 13:11:55 INFO: [ls_stage1] Iter 81: IMPROVEMENT move=('swap', 54, 68) obj=220.7300
2026-07-12 13:11:57 INFO: [ls_stage1] Iter 82: IMPROVEMENT move=('swap', 16, 63) obj=220.7100
2026-07-12 13:11:59 INFO: [ls_stage1] Iter 83: PLATEAU move=('repod', 20, 149) obj=220.7100
2026-07-12 13:12:02 INFO: [ls_stage1] Iter 84: IMPROVEMENT move=('moveto', 78, 0) obj=220.6900
2026-07-12 13:12:04 INFO: [ls_stage1] Iter 85: IMPROVEMENT move=('repod', 28, 407) obj=219.4900
2026-07-12 13:12:07 INFO: [ls_stage1] Iter 86: PLATEAU move=('swap', 2, 71) obj=219.4900
2026-07-12 13:12:09 INFO: [ls_stage1] Iter 87: IMPROVEMENT move=('repod', 182, 259) obj=219.4800
2026-07-12 13:12:11 INFO: [ls_stage1] Iter 88: IMPROVEMENT move=('moveto', 59, 5) obj=219.4600
2026-07-12 13:12:14 INFO: [ls_stage1] Iter 89: PLATEAU move=('swap', 32, 60) obj=219.4600
2026-07-12 13:12:16 INFO: [ls_stage1] Iter 90: PLATEAU move=('swap', 4, 15) obj=219.4600
2026-07-12 13:12:19 INFO: [ls_stage1] Iter 91: PLATEAU move=('swap', 11, 46) obj=219.4600
2026-07-12 13:12:21 INFO: [ls_stage1] Iter 92: PLATEAU move=('swap', 38, 74) obj=219.4600
2026-07-12 13:12:24 INFO: [ls_stage1] Iter 93: IMPROVEMENT move=('moveto', 99, 1) obj=219.4400
2026-07-12 13:12:26 INFO: [ls_stage1] Iter 94: IMPROVEMENT move=('repod', 126, 348) obj=219.4300
2026-07-12 13:12:28 INFO: [ls_stage1] Iter 95: PLATEAU move=('swap', 43, 96) obj=219.4300
2026-07-12 13:12:31 INFO: [ls_stage1] Iter 96: IMPROVEMENT move=('moveto', 59, 6) obj=219.4100
2026-07-12 13:12:33 INFO: [ls_stage1] Iter 97: PLATEAU move=('repod', 47, 570) obj=219.4100
2026-07-12 13:12:35 INFO: [ls_stage1] Iter 98: PLATEAU move=('moveto', 93, 0) obj=219.4100
2026-07-12 13:12:38 INFO: [ls_stage1] Iter 99: PLATEAU move=('repod', 135, 268) obj=219.4100
2026-07-12 13:12:40 INFO: [ls_stage1] Iter 100: PLATEAU move=('swap', 1, 12) obj=219.4100
2026-07-12 13:12:40 INFO: [ls_stage1] Final objective = 219.4100
2026-07-12 13:12:40 INFO: Stage 1 solved.
2026-07-12 13:12:40 INFO: Solving stage 2 ... 
2026-07-12 13:12:41 INFO: [ls_stage2] Building initial solution ...
2026-07-12 13:13:54 INFO: [ls_stage2] Feasible initial solution: obj = 28.7598
2026-07-12 13:13:54 WARNING: 
Variables size:
  x shape = (223, 100)
  f0 = (100, 100)
  g0 = (100, 100)
  v0 = (100, 100)
  y shape = (167, 974728)
  num constraints satisfied = 3062144

2026-07-12 13:15:08 INFO: [ls_stage2] Candidate rejected: move=('order', 57, -2) obj=33.8588 violations=['EC11']
2026-07-12 13:16:22 INFO: [ls_stage2] Candidate rejected: move=('order', 57, -1) obj=33.7598 violations=['EC11']
2026-07-12 13:17:36 INFO: [ls_stage2] Iter 1: improved move=('order', 47, -2) obj=32.8588
2026-07-12 13:18:50 INFO: [ls_stage2] Candidate rejected: move=('order', 0, -2) obj=38.9579 violations=['EC11']
2026-07-12 13:20:04 INFO: [ls_stage2] Candidate rejected: move=('order', 28, -1) obj=38.8588 violations=['EC11']
2026-07-12 13:21:17 INFO: [ls_stage2] Iter 2: improved move=('order', 48, -2) obj=34.9579
2026-07-12 13:22:31 INFO: [ls_stage2] Candidate rejected: move=('order', 0, -1) obj=40.9579 violations=['EC11']
2026-07-12 13:23:45 INFO: [ls_stage2] Candidate rejected: move=('order', 55, -2) obj=37.0569 violations=['EC11']
2026-07-12 13:24:59 INFO: [ls_stage2] Iter 3: improved move=('order', 66, -1) obj=36.9579
2026-07-12 13:26:12 INFO: [ls_stage2] Candidate rejected: move=('order', 28, -2) obj=43.0569 violations=['EC11']
2026-07-12 13:27:26 INFO: [ls_stage2] Candidate rejected: move=('order', 0, -1) obj=42.9579 violations=['EC11']
2026-07-12 13:28:39 INFO: [ls_stage2] Candidate rejected: move=('order', 43, -2) obj=41.0569 violations=['EC11']
2026-07-12 13:28:39 INFO: [ls_stage2] Iter 4: no accepted move (1/5)
2026-07-12 13:29:53 INFO: [ls_stage2] Iter 5: improved move=('multi_item', (np.int64(46), np.int64(2), np.int64(32)), -1) obj=38.9579
2026-07-12 13:31:07 INFO: [ls_stage2] Candidate rejected: move=('order', 28, -1) obj=44.9579 violations=['EC11']
2026-07-12 13:32:21 INFO: [ls_stage2] Candidate rejected: move=('order', 57, -2) obj=44.0569 violations=['EC11']
2026-07-12 13:33:35 INFO: [ls_stage2] Candidate rejected: move=('order', 57, -1) obj=43.9579 violations=['EC11']
2026-07-12 13:33:35 INFO: [ls_stage2] Iter 6: no accepted move (1/5)
2026-07-12 13:34:48 INFO: [ls_stage2] Candidate rejected: move=('item', 36, -2) obj=40.0569 violations=['EC11']
2026-07-12 13:36:01 INFO: [ls_stage2] Candidate rejected: move=('multi_item', (np.int64(10), np.int64(26), np.int64(160)), -1) obj=39.9899 violations=['EC11']
2026-07-12 13:37:14 INFO: [ls_stage2] Iter 7: improved move=('multi_item', (np.int64(160), np.int64(128), np.int64(112)), -1) obj=39.9899
2026-07-12 13:38:28 INFO: [ls_stage2] Candidate rejected: move=('order', 28, -1) obj=45.9899 violations=['EC11']
2026-07-12 13:39:41 INFO: [ls_stage2] Iter 8: improved move=('order', 43, -1) obj=43.9899
2026-07-12 13:40:55 INFO: [ls_stage2] Candidate rejected: move=('order', 28, -2) obj=50.0890 violations=['EC11']
2026-07-12 13:42:09 INFO: [ls_stage2] Candidate rejected: move=('order', 28, -1) obj=49.9899 violations=['EC11']
2026-07-12 13:43:22 INFO: [ls_stage2] Candidate rejected: move=('order', 0, -1) obj=48.9899 violations=['EC11']
2026-07-12 13:43:22 INFO: [ls_stage2] Iter 9: no accepted move (1/5)
2026-07-12 13:44:36 INFO: [ls_stage2] Candidate rejected: move=('item', 6, -2) obj=45.0890 violations=['EC11']
2026-07-12 13:45:50 INFO: [ls_stage2] Candidate rejected: move=('item', 68, -2) obj=45.0890 violations=['EC11']
2026-07-12 13:47:03 INFO: [ls_stage2] Candidate rejected: move=('multi_item', (np.int64(216), np.int64(125), np.int64(122)), -1) obj=45.0210 violations=['EC11']
2026-07-12 13:47:03 INFO: [ls_stage2] Iter 10: no accepted move (2/5)
2026-07-12 13:48:18 INFO: [ls_stage2] Candidate rejected: move=('multi_item', (np.int64(0), np.int64(216), np.int64(36)), -1) obj=45.9899 violations=['EC11']
2026-07-12 13:49:31 INFO: [ls_stage2] Candidate rejected: move=('multi_item', (np.int64(160), np.int64(31), np.int64(6)), -2) obj=45.2541 violations=['EC11']
2026-07-12 13:50:45 INFO: [ls_stage2] Candidate rejected: move=('multi_item', (np.int64(6), np.int64(148), np.int64(89)), -2) obj=45.1812 violations=['EC11']
2026-07-12 13:50:45 INFO: [ls_stage2] Iter 11: no accepted move (3/5)
2026-07-12 13:51:59 INFO: [ls_stage2] Candidate rejected: move=('item', 6, -2) obj=45.0890 violations=['EC11']
2026-07-12 13:53:12 INFO: [ls_stage2] Iter 12: improved move=('multi_item', (np.int64(172), np.int64(210), np.int64(114)), -1) obj=45.0500
2026-07-12 13:54:26 INFO: [ls_stage2] Iter 13: improved move=('item', 68, -8) obj=46.7223
2026-07-12 13:55:40 INFO: [ls_stage2] Iter 14: improved move=('multi_item', (np.int64(112), np.int64(26), np.int64(116)), -4) obj=49.0165
2026-07-12 13:56:54 INFO: [ls_stage2] Candidate rejected: move=('order', 28, -1) obj=55.0165 violations=['EC11']
2026-07-12 13:58:07 INFO: [ls_stage2] Candidate rejected: move=('order', 0, -1) obj=54.0165 violations=['EC11']
2026-07-12 13:59:20 INFO: [ls_stage2] Iter 15: improved move=('multi_item', (np.int64(98), np.int64(0), np.int64(3)), -5) obj=51.0165
2026-07-12 14:00:34 INFO: [ls_stage2] Iter 16: improved move=('item', 102, -6) obj=52.5017
2026-07-12 14:01:48 INFO: [ls_stage2] Candidate rejected: move=('order', 55, -1) obj=54.5017 violations=['EC11']
2026-07-12 14:03:02 INFO: [ls_stage2] Iter 17: improved move=('order', 18, -2) obj=53.6008
2026-07-12 14:04:16 INFO: [ls_stage2] Iter 18: improved move=('order', 57, -1) obj=55.6008
2026-07-12 14:05:30 INFO: [ls_stage2] Candidate rejected: move=('order', 55, -2) obj=57.6998 violations=['EC11']
2026-07-12 14:06:43 INFO: [ls_stage2] Iter 19: improved move=('item', 21, -6) obj=57.0860
2026-07-12 14:07:57 INFO: [ls_stage2] Candidate rejected: move=('order', 28, -1) obj=63.0860 violations=['EC11']
2026-07-12 14:09:10 INFO: [ls_stage2] Candidate rejected: move=('order', 63, -2) obj=59.1851 violations=['EC11']
2026-07-12 14:10:24 INFO: [ls_stage2] Iter 20: improved move=('multi_item', (np.int64(28), np.int64(89), np.int64(1)), -4) obj=58.2574
2026-07-12 14:11:37 INFO: [ls_stage2] Iter 21: improved move=('item', 4, -8) obj=59.2574
2026-07-12 14:12:51 INFO: [ls_stage2] Candidate rejected: move=('order', 28, -1) obj=65.2574 violations=['EC11']
2026-07-12 14:14:05 INFO: [ls_stage2] Candidate rejected: move=('multi_item', (np.int64(189), np.int64(102), np.int64(6)), -2) obj=60.5435 violations=['EC11']
2026-07-12 14:15:18 INFO: [ls_stage2] Candidate rejected: move=('multi_item', (np.int64(6), np.int64(85), np.int64(9)), -2) obj=60.4475 violations=['EC11']
2026-07-12 14:15:18 INFO: [ls_stage2] Iter 22: no accepted move (1/5)
2026-07-12 14:16:31 INFO: [ls_stage2] Candidate rejected: move=('multi_item', (np.int64(15), np.int64(50), np.int64(148)), -1) obj=60.2924 violations=['EC11']
2026-07-12 14:17:44 INFO: [ls_stage2] Candidate rejected: move=('item', 42, -1) obj=60.2574 violations=['EC11']
2026-07-12 14:18:57 INFO: [ls_stage2] Candidate rejected: move=('item', 53, -1) obj=60.2574 violations=['EC11']
2026-07-12 14:18:57 INFO: [ls_stage2] Iter 23: no accepted move (2/5)
2026-07-12 14:20:11 INFO: [ls_stage2] Candidate rejected: move=('multi_item', (np.int64(51), np.int64(74), np.int64(157)), -1) obj=60.3285 violations=['EC11']
2026-07-12 14:21:24 INFO: [ls_stage2] Candidate rejected: move=('multi_item', (np.int64(81), np.int64(42), np.int64(162)), -1) obj=60.3005 violations=['EC11']
2026-07-12 14:22:36 INFO: [ls_stage2] Candidate rejected: move=('multi_item', (np.int64(51), np.int64(74)), -1) obj=60.2924 violations=['EC11']
2026-07-12 14:22:36 INFO: [ls_stage2] Iter 24: no accepted move (3/5)
2026-07-12 14:23:49 INFO: [ls_stage2] Candidate rejected: move=('item', 6, -2) obj=60.3564 violations=['EC11']
2026-07-12 14:25:02 INFO: [ls_stage2] Candidate rejected: move=('item', 50, -1) obj=60.2574 violations=['EC11']
2026-07-12 14:26:15 INFO: [ls_stage2] Candidate rejected: move=('item', 47, -1) obj=60.2574 violations=['EC11']
2026-07-12 14:26:15 INFO: [ls_stage2] Iter 25: no accepted move (4/5)
2026-07-12 14:27:28 INFO: [ls_stage2] Candidate rejected: move=('item', 6, -2) obj=60.3564 violations=['EC11']
2026-07-12 14:28:41 INFO: [ls_stage2] Candidate rejected: move=('item', 5, -1) obj=60.2574 violations=['EC11']
2026-07-12 14:29:53 INFO: [ls_stage2] Candidate rejected: move=('item', 5, -2) obj=60.2574 violations=['EC11']
2026-07-12 14:29:53 INFO: [ls_stage2] Iter 26: no accepted move (5/5)
2026-07-12 14:29:53 INFO: [ls_stage2] Converged after 5 iterations without accepted moves. Best obj=59.2574
2026-07-12 14:29:53 INFO: Stage 2 solved.
2026-07-12 14:30:19 DEBUG: Order 79 will be opened at workstation 0. [opened orders = 0 / 4]
2026-07-12 14:30:19 DEBUG: Order 93 will be opened at workstation 0. [opened orders = 0 / 4]
2026-07-12 14:30:19 DEBUG: Order 22 will be opened at workstation 0. [opened orders = 0 / 4]
2026-07-12 14:30:19 DEBUG: Order 77 will be opened at workstation 0. [opened orders = 0 / 4]
2026-07-12 14:30:19 DEBUG: Order 45 queued at workstation 0. [order_queue len = 1]
2026-07-12 14:30:19 DEBUG: Order 30 queued at workstation 0. [order_queue len = 2]
2026-07-12 14:30:19 DEBUG: Order 8 queued at workstation 0. [order_queue len = 3]
2026-07-12 14:30:19 DEBUG: Order 40 queued at workstation 0. [order_queue len = 4]
2026-07-12 14:30:19 DEBUG: Order 42 queued at workstation 0. [order_queue len = 5]
2026-07-12 14:30:19 DEBUG: Order 53 queued at workstation 0. [order_queue len = 6]
2026-07-12 14:30:19 DEBUG: Order 41 queued at workstation 0. [order_queue len = 7]
2026-07-12 14:30:19 DEBUG: Order 27 queued at workstation 0. [order_queue len = 8]
2026-07-12 14:30:19 DEBUG: Order 64 queued at workstation 0. [order_queue len = 9]
2026-07-12 14:30:19 DEBUG: Order 85 queued at workstation 0. [order_queue len = 10]
2026-07-12 14:30:19 DEBUG: Order 78 queued at workstation 0. [order_queue len = 11]
2026-07-12 14:30:19 DEBUG: Order 70 queued at workstation 0. [order_queue len = 12]
2026-07-12 14:30:19 DEBUG: Order 75 queued at workstation 0. [order_queue len = 13]
2026-07-12 14:30:19 DEBUG: Order 82 queued at workstation 0. [order_queue len = 14]
2026-07-12 14:30:19 DEBUG: Order 33 will be opened at workstation 1. [opened orders = 0 / 4]
2026-07-12 14:30:19 DEBUG: Order 46 will be opened at workstation 1. [opened orders = 0 / 4]
2026-07-12 14:30:19 DEBUG: Order 97 will be opened at workstation 1. [opened orders = 0 / 4]
2026-07-12 14:30:19 DEBUG: Order 2 will be opened at workstation 1. [opened orders = 0 / 4]
2026-07-12 14:30:19 DEBUG: Order 6 queued at workstation 1. [order_queue len = 1]
2026-07-12 14:30:19 DEBUG: Order 51 queued at workstation 1. [order_queue len = 2]
2026-07-12 14:30:19 DEBUG: Order 11 queued at workstation 1. [order_queue len = 3]
2026-07-12 14:30:19 DEBUG: Order 35 queued at workstation 1. [order_queue len = 4]
2026-07-12 14:30:19 DEBUG: Order 88 queued at workstation 1. [order_queue len = 5]
2026-07-12 14:30:19 DEBUG: Order 25 queued at workstation 1. [order_queue len = 6]
2026-07-12 14:30:19 DEBUG: Order 71 queued at workstation 1. [order_queue len = 7]
2026-07-12 14:30:19 DEBUG: Order 99 queued at workstation 1. [order_queue len = 8]
2026-07-12 14:30:19 DEBUG: Order 67 queued at workstation 1. [order_queue len = 9]
2026-07-12 14:30:19 DEBUG: Order 52 queued at workstation 1. [order_queue len = 10]
2026-07-12 14:30:19 DEBUG: Order 90 will be opened at workstation 2. [opened orders = 0 / 4]
2026-07-12 14:30:19 DEBUG: Order 31 will be opened at workstation 2. [opened orders = 0 / 4]
2026-07-12 14:30:19 DEBUG: Order 56 will be opened at workstation 2. [opened orders = 0 / 4]
2026-07-12 14:30:19 DEBUG: Order 44 will be opened at workstation 2. [opened orders = 0 / 4]
2026-07-12 14:30:19 DEBUG: Order 7 queued at workstation 2. [order_queue len = 1]
2026-07-12 14:30:19 DEBUG: Order 72 queued at workstation 2. [order_queue len = 2]
2026-07-12 14:30:19 DEBUG: Order 76 queued at workstation 2. [order_queue len = 3]
2026-07-12 14:30:19 DEBUG: Order 68 queued at workstation 2. [order_queue len = 4]
2026-07-12 14:30:19 DEBUG: Order 4 will be opened at workstation 3. [opened orders = 0 / 4]
2026-07-12 14:30:19 DEBUG: Order 14 will be opened at workstation 3. [opened orders = 0 / 4]
2026-07-12 14:30:19 DEBUG: Order 20 will be opened at workstation 3. [opened orders = 0 / 4]
2026-07-12 14:30:19 DEBUG: Order 15 will be opened at workstation 3. [opened orders = 0 / 4]
2026-07-12 14:30:19 DEBUG: Order 69 queued at workstation 3. [order_queue len = 1]
2026-07-12 14:30:19 DEBUG: Order 32 queued at workstation 3. [order_queue len = 2]
2026-07-12 14:30:19 DEBUG: Order 36 queued at workstation 3. [order_queue len = 3]
2026-07-12 14:30:19 DEBUG: Order 60 queued at workstation 3. [order_queue len = 4]
2026-07-12 14:30:19 DEBUG: Order 96 queued at workstation 3. [order_queue len = 5]
2026-07-12 14:30:19 DEBUG: Order 48 queued at workstation 3. [order_queue len = 6]
2026-07-12 14:30:19 DEBUG: Order 43 queued at workstation 3. [order_queue len = 7]
2026-07-12 14:30:19 DEBUG: Order 61 will be opened at workstation 4. [opened orders = 0 / 4]
2026-07-12 14:30:19 DEBUG: Order 87 will be opened at workstation 4. [opened orders = 0 / 4]
2026-07-12 14:30:19 DEBUG: Order 21 will be opened at workstation 4. [opened orders = 0 / 4]
2026-07-12 14:30:19 DEBUG: Order 38 will be opened at workstation 4. [opened orders = 0 / 4]
2026-07-12 14:30:19 DEBUG: Order 80 queued at workstation 4. [order_queue len = 1]
2026-07-12 14:30:19 DEBUG: Order 74 queued at workstation 4. [order_queue len = 2]
2026-07-12 14:30:19 DEBUG: Order 3 queued at workstation 4. [order_queue len = 3]
2026-07-12 14:30:19 DEBUG: Order 58 queued at workstation 4. [order_queue len = 4]
2026-07-12 14:30:19 DEBUG: Order 54 queued at workstation 4. [order_queue len = 5]
2026-07-12 14:30:19 DEBUG: Order 95 queued at workstation 4. [order_queue len = 6]
2026-07-12 14:30:19 DEBUG: Order 92 will be opened at workstation 5. [opened orders = 0 / 4]
2026-07-12 14:30:19 DEBUG: Order 89 will be opened at workstation 5. [opened orders = 0 / 4]
2026-07-12 14:30:19 DEBUG: Order 49 will be opened at workstation 5. [opened orders = 0 / 4]
2026-07-12 14:30:19 DEBUG: Order 10 will be opened at workstation 5. [opened orders = 0 / 4]
2026-07-12 14:30:19 DEBUG: Order 17 queued at workstation 5. [order_queue len = 1]
2026-07-12 14:30:19 DEBUG: Order 39 queued at workstation 5. [order_queue len = 2]
2026-07-12 14:30:19 DEBUG: Order 65 queued at workstation 5. [order_queue len = 3]
2026-07-12 14:30:19 DEBUG: Order 81 queued at workstation 5. [order_queue len = 4]
2026-07-12 14:30:19 DEBUG: Order 91 queued at workstation 5. [order_queue len = 5]
2026-07-12 14:30:19 DEBUG: Order 73 queued at workstation 5. [order_queue len = 6]
2026-07-12 14:30:19 DEBUG: Order 37 queued at workstation 5. [order_queue len = 7]
2026-07-12 14:30:19 DEBUG: Order 84 will be opened at workstation 6. [opened orders = 0 / 4]
2026-07-12 14:30:19 DEBUG: Order 24 will be opened at workstation 6. [opened orders = 0 / 4]
2026-07-12 14:30:19 DEBUG: Order 29 will be opened at workstation 6. [opened orders = 0 / 4]
2026-07-12 14:30:19 DEBUG: Order 83 will be opened at workstation 6. [opened orders = 0 / 4]
2026-07-12 14:30:19 DEBUG: Order 62 queued at workstation 6. [order_queue len = 1]
2026-07-12 14:30:19 DEBUG: Order 59 queued at workstation 6. [order_queue len = 2]
2026-07-12 14:30:19 DEBUG: Order 94 queued at workstation 6. [order_queue len = 3]
2026-07-12 14:30:19 DEBUG: Order 98 queued at workstation 6. [order_queue len = 4]
2026-07-12 14:30:19 DEBUG: Order 5 queued at workstation 6. [order_queue len = 5]
2026-07-12 14:30:19 DEBUG: Order 86 queued at workstation 6. [order_queue len = 6]
2026-07-12 14:30:19 DEBUG: Order 16 queued at workstation 6. [order_queue len = 7]
2026-07-12 14:30:19 DEBUG: Order 57 queued at workstation 6. [order_queue len = 8]
2026-07-12 14:30:19 DEBUG: Order 19 will be opened at workstation 7. [opened orders = 0 / 4]
2026-07-12 14:30:19 DEBUG: Order 13 will be opened at workstation 7. [opened orders = 0 / 4]
2026-07-12 14:30:19 DEBUG: Order 0 will be opened at workstation 7. [opened orders = 0 / 4]
2026-07-12 14:30:19 DEBUG: Order 34 will be opened at workstation 7. [opened orders = 0 / 4]
2026-07-12 14:30:19 DEBUG: Order 47 queued at workstation 7. [order_queue len = 1]
2026-07-12 14:30:19 DEBUG: Order 9 queued at workstation 7. [order_queue len = 2]
2026-07-12 14:30:19 DEBUG: Order 50 queued at workstation 7. [order_queue len = 3]
2026-07-12 14:30:19 DEBUG: Order 12 queued at workstation 7. [order_queue len = 4]
2026-07-12 14:30:19 DEBUG: Order 18 queued at workstation 7. [order_queue len = 5]
2026-07-12 14:30:19 DEBUG: Order 66 queued at workstation 7. [order_queue len = 6]
2026-07-12 14:30:19 DEBUG: Order 26 queued at workstation 7. [order_queue len = 7]
2026-07-12 14:30:19 WARNING: Task designing ended. Optimizer designed 177 tasks.
2026-07-12 14:30:19 DEBUG:    EVENT NUM 3     current_time = 00:00:01   RELEASE_TASK          [queue size = 210]
2026-07-12 14:30:19 DEBUG: Task 0 released: pod 391 required by workstation(s) [5].  [released tasks = 1]
2026-07-12 14:30:19 DEBUG:    EVENT NUM 4     current_time = 00:00:01   OPEN_ORDER            [queue size = 210]
2026-07-12 14:30:19 DEBUG: Order 79 (skus required = {4929}) opened at workstation 0.   [open_orders = 1/4]
2026-07-12 14:30:19 DEBUG:    EVENT NUM 5     current_time = 00:00:01   OPEN_ORDER            [queue size = 210]
2026-07-12 14:30:19 DEBUG: Order 93 (skus required = {6272}) opened at workstation 0.   [open_orders = 2/4]
2026-07-12 14:30:19 DEBUG:    EVENT NUM 6     current_time = 00:00:01   OPEN_ORDER            [queue size = 210]
2026-07-12 14:30:19 DEBUG: Order 22 (skus required = {5976}) opened at workstation 0.   [open_orders = 3/4]
2026-07-12 14:30:19 DEBUG:    EVENT NUM 7     current_time = 00:00:01   OPEN_ORDER            [queue size = 210]
2026-07-12 14:30:19 DEBUG: Order 77 (skus required = {4643}) opened at workstation 0.   [open_orders = 4/4]
2026-07-12 14:30:19 DEBUG:    EVENT NUM 8     current_time = 00:00:01   OPEN_ORDER            [queue size = 210]
2026-07-12 14:30:19 DEBUG: Order 33 (skus required = {8176, 5147, 2184}) opened at workstation 1.   [open_orders = 1/4]
2026-07-12 14:30:19 DEBUG:    EVENT NUM 9     current_time = 00:00:01   OPEN_ORDER            [queue size = 210]
2026-07-12 14:30:19 DEBUG: Order 46 (skus required = {5306, 3025, 5946, 3580}) opened at workstation 1.   [open_orders = 2/4]
2026-07-12 14:30:19 DEBUG:    EVENT NUM 10    current_time = 00:00:01   OPEN_ORDER            [queue size = 210]
2026-07-12 14:30:19 DEBUG: Order 97 (skus required = {5058, 5771, 6321, 7544, 5087}) opened at workstation 1.   [open_orders = 3/4]
2026-07-12 14:30:19 DEBUG:    EVENT NUM 11    current_time = 00:00:01   OPEN_ORDER            [queue size = 210]
2026-07-12 14:30:19 DEBUG: Order 2 (skus required = {4201}) opened at workstation 1.   [open_orders = 4/4]
2026-07-12 14:30:19 DEBUG:    EVENT NUM 12    current_time = 00:00:01   OPEN_ORDER            [queue size = 210]
2026-07-12 14:30:19 DEBUG: Order 90 (skus required = {2874, 5887}) opened at workstation 2.   [open_orders = 1/4]
2026-07-12 14:30:19 DEBUG:    EVENT NUM 13    current_time = 00:00:01   OPEN_ORDER            [queue size = 210]
2026-07-12 14:30:19 DEBUG: Order 31 (skus required = {6667, 2874, 3051, 4390}) opened at workstation 2.   [open_orders = 2/4]
2026-07-12 14:30:19 DEBUG:    EVENT NUM 14    current_time = 00:00:01   OPEN_ORDER            [queue size = 210]
2026-07-12 14:30:19 DEBUG: Order 56 (skus required = {2628, 4110}) opened at workstation 2.   [open_orders = 3/4]
2026-07-12 14:30:19 DEBUG:    EVENT NUM 15    current_time = 00:00:01   OPEN_ORDER            [queue size = 210]
2026-07-12 14:30:19 DEBUG: Order 44 (skus required = {8081, 3837}) opened at workstation 2.   [open_orders = 4/4]
2026-07-12 14:30:19 DEBUG:    EVENT NUM 16    current_time = 00:00:01   OPEN_ORDER            [queue size = 210]
2026-07-12 14:30:19 DEBUG: Order 4 (skus required = {2931, 6532, 4901}) opened at workstation 3.   [open_orders = 1/4]
2026-07-12 14:30:19 DEBUG:    EVENT NUM 17    current_time = 00:00:01   OPEN_ORDER            [queue size = 210]
2026-07-12 14:30:19 DEBUG: Order 14 (skus required = {5328}) opened at workstation 3.   [open_orders = 2/4]
2026-07-12 14:30:19 DEBUG:    EVENT NUM 18    current_time = 00:00:01   OPEN_ORDER            [queue size = 210]
2026-07-12 14:30:19 DEBUG: Order 20 (skus required = {8155}) opened at workstation 3.   [open_orders = 3/4]
2026-07-12 14:30:19 DEBUG:    EVENT NUM 19    current_time = 00:00:01   OPEN_ORDER            [queue size = 210]
2026-07-12 14:30:19 DEBUG: Order 15 (skus required = {6165, 5022}) opened at workstation 3.   [open_orders = 4/4]
2026-07-12 14:30:19 DEBUG:    EVENT NUM 20    current_time = 00:00:01   OPEN_ORDER            [queue size = 210]
2026-07-12 14:30:19 DEBUG: Order 61 (skus required = {7370, 5642}) opened at workstation 4.   [open_orders = 1/4]
2026-07-12 14:30:19 DEBUG:    EVENT NUM 21    current_time = 00:00:01   OPEN_ORDER            [queue size = 210]
2026-07-12 14:30:19 DEBUG: Order 87 (skus required = {1706, 4783}) opened at workstation 4.   [open_orders = 2/4]
2026-07-12 14:30:19 DEBUG:    EVENT NUM 22    current_time = 00:00:01   OPEN_ORDER            [queue size = 210]
2026-07-12 14:30:19 DEBUG: Order 21 (skus required = {2890}) opened at workstation 4.   [open_orders = 3/4]
2026-07-12 14:30:19 DEBUG:    EVENT NUM 23    current_time = 00:00:01   OPEN_ORDER            [queue size = 210]
2026-07-12 14:30:19 DEBUG: Order 38 (skus required = {851}) opened at workstation 4.   [open_orders = 4/4]
2026-07-12 14:30:19 DEBUG:    EVENT NUM 24    current_time = 00:00:01   OPEN_ORDER            [queue size = 210]
2026-07-12 14:30:19 DEBUG: Order 92 (skus required = {4938}) opened at workstation 5.   [open_orders = 1/4]
2026-07-12 14:30:19 DEBUG:    EVENT NUM 25    current_time = 00:00:01   OPEN_ORDER            [queue size = 210]
2026-07-12 14:30:19 DEBUG: Order 89 (skus required = {4770, 4722}) opened at workstation 5.   [open_orders = 2/4]
2026-07-12 14:30:19 DEBUG:    EVENT NUM 26    current_time = 00:00:01   OPEN_ORDER            [queue size = 210]
2026-07-12 14:30:19 DEBUG: Order 49 (skus required = {1795}) opened at workstation 5.   [open_orders = 3/4]
2026-07-12 14:30:19 DEBUG:    EVENT NUM 27    current_time = 00:00:01   OPEN_ORDER            [queue size = 210]
2026-07-12 14:30:19 DEBUG: Order 10 (skus required = {6338, 2951}) opened at workstation 5.   [open_orders = 4/4]
2026-07-12 14:30:19 DEBUG:    EVENT NUM 28    current_time = 00:00:01   OPEN_ORDER            [queue size = 210]
2026-07-12 14:30:19 DEBUG: Order 84 (skus required = {2589, 3438}) opened at workstation 6.   [open_orders = 1/4]
2026-07-12 14:30:19 DEBUG:    EVENT NUM 29    current_time = 00:00:01   OPEN_ORDER            [queue size = 210]
2026-07-12 14:30:19 DEBUG: Order 24 (skus required = {3262, 3007}) opened at workstation 6.   [open_orders = 2/4]
2026-07-12 14:30:19 DEBUG:    EVENT NUM 30    current_time = 00:00:01   OPEN_ORDER            [queue size = 210]
2026-07-12 14:30:19 DEBUG: Order 29 (skus required = {6736, 2083, 4895}) opened at workstation 6.   [open_orders = 3/4]
2026-07-12 14:30:19 DEBUG:    EVENT NUM 31    current_time = 00:00:01   OPEN_ORDER            [queue size = 210]
2026-07-12 14:30:19 DEBUG: Order 83 (skus required = {3283, 6324}) opened at workstation 6.   [open_orders = 4/4]
2026-07-12 14:30:19 DEBUG:    EVENT NUM 32    current_time = 00:00:01   OPEN_ORDER            [queue size = 210]
2026-07-12 14:30:19 DEBUG: Order 19 (skus required = {3280}) opened at workstation 7.   [open_orders = 1/4]
2026-07-12 14:30:19 DEBUG:    EVENT NUM 33    current_time = 00:00:01   OPEN_ORDER            [queue size = 210]
2026-07-12 14:30:19 DEBUG: Order 13 (skus required = {5079}) opened at workstation 7.   [open_orders = 2/4]
2026-07-12 14:30:19 DEBUG:    EVENT NUM 34    current_time = 00:00:01   OPEN_ORDER            [queue size = 210]
2026-07-12 14:30:19 DEBUG: Order 0 (skus required = {2784, 2564, 4551, 2792, 5971, 1207}) opened at workstation 7.   [open_orders = 3/4]
2026-07-12 14:30:19 DEBUG:    EVENT NUM 35    current_time = 00:00:01   OPEN_ORDER            [queue size = 210]
2026-07-12 14:30:19 DEBUG: Order 34 (skus required = {5426}) opened at workstation 7.   [open_orders = 4/4]
2026-07-12 14:30:19 DEBUG:    EVENT NUM 36    current_time = 00:00:01   START_TASK            [queue size = 210]
2026-07-12 14:30:19 DEBUG: Task 0 started: robot 7 → pod 391 → workstation 5 for orders {92} (arrival = 52.1 s).   [idle robots = 29/30]
2026-07-12 14:30:19 DEBUG:    EVENT NUM 37    current_time = 00:00:01   START_TASK            [queue size = 210]
2026-07-12 14:30:19 DEBUG:    EVENT NUM 38    current_time = 00:00:01   START_TASK            [queue size = 209]
2026-07-12 14:30:19 DEBUG:    EVENT NUM 39    current_time = 00:00:01   START_TASK            [queue size = 208]
2026-07-12 14:30:19 DEBUG:    EVENT NUM 40    current_time = 00:00:01   START_TASK            [queue size = 207]
2026-07-12 14:30:19 DEBUG:    EVENT NUM 41    current_time = 00:00:01   START_TASK            [queue size = 206]
2026-07-12 14:30:19 DEBUG:    EVENT NUM 42    current_time = 00:00:01   START_TASK            [queue size = 205]
2026-07-12 14:30:19 DEBUG:    EVENT NUM 43    current_time = 00:00:01   START_TASK            [queue size = 204]
2026-07-12 14:30:19 DEBUG:    EVENT NUM 44    current_time = 00:00:01   START_TASK            [queue size = 203]
2026-07-12 14:30:19 DEBUG:    EVENT NUM 45    current_time = 00:00:01   START_TASK            [queue size = 202]
2026-07-12 14:30:19 DEBUG:    EVENT NUM 46    current_time = 00:00:01   START_TASK            [queue size = 201]
2026-07-12 14:30:19 DEBUG:    EVENT NUM 47    current_time = 00:00:01   START_TASK            [queue size = 200]
2026-07-12 14:30:19 DEBUG:    EVENT NUM 48    current_time = 00:00:01   START_TASK            [queue size = 199]
2026-07-12 14:30:19 DEBUG:    EVENT NUM 49    current_time = 00:00:01   START_TASK            [queue size = 198]
2026-07-12 14:30:19 DEBUG:    EVENT NUM 50    current_time = 00:00:01   START_TASK            [queue size = 197]
2026-07-12 14:30:19 DEBUG:    EVENT NUM 51    current_time = 00:00:01   START_TASK            [queue size = 196]
2026-07-12 14:30:19 DEBUG:    EVENT NUM 52    current_time = 00:00:01   START_TASK            [queue size = 195]
2026-07-12 14:30:19 DEBUG:    EVENT NUM 53    current_time = 00:00:01   START_TASK            [queue size = 194]
2026-07-12 14:30:19 DEBUG:    EVENT NUM 54    current_time = 00:00:01   START_TASK            [queue size = 193]
2026-07-12 14:30:19 DEBUG:    EVENT NUM 55    current_time = 00:00:01   START_TASK            [queue size = 192]
2026-07-12 14:30:19 DEBUG:    EVENT NUM 56    current_time = 00:00:01   START_TASK            [queue size = 191]
2026-07-12 14:30:19 DEBUG:    EVENT NUM 57    current_time = 00:00:01   START_TASK            [queue size = 190]
2026-07-12 14:30:19 DEBUG:    EVENT NUM 58    current_time = 00:00:01   START_TASK            [queue size = 189]
2026-07-12 14:30:19 DEBUG:    EVENT NUM 59    current_time = 00:00:01   START_TASK            [queue size = 188]
2026-07-12 14:30:19 DEBUG:    EVENT NUM 60    current_time = 00:00:01   START_TASK            [queue size = 187]
2026-07-12 14:30:19 DEBUG:    EVENT NUM 61    current_time = 00:00:01   START_TASK            [queue size = 186]
2026-07-12 14:30:19 DEBUG:    EVENT NUM 62    current_time = 00:00:01   START_TASK            [queue size = 185]
2026-07-12 14:30:19 DEBUG:    EVENT NUM 63    current_time = 00:00:01   START_TASK            [queue size = 184]
2026-07-12 14:30:19 DEBUG:    EVENT NUM 64    current_time = 00:00:01   START_TASK            [queue size = 183]
2026-07-12 14:30:19 DEBUG:    EVENT NUM 65    current_time = 00:00:01   START_TASK            [queue size = 182]
2026-07-12 14:30:19 DEBUG:    EVENT NUM 66    current_time = 00:00:01   START_TASK            [queue size = 181]
2026-07-12 14:30:19 DEBUG:    EVENT NUM 67    current_time = 00:00:01   START_TASK            [queue size = 180]
2026-07-12 14:30:19 DEBUG:    EVENT NUM 68    current_time = 00:00:01   START_TASK            [queue size = 179]
2026-07-12 14:30:19 DEBUG:    EVENT NUM 69    current_time = 00:00:02   RELEASE_TASK          [queue size = 178]
2026-07-12 14:30:19 DEBUG: Task 1 released: pod 260 required by workstation(s) [2].  [released tasks = 1]
2026-07-12 14:30:19 DEBUG:    EVENT NUM 70    current_time = 00:00:02   START_TASK            [queue size = 178]
2026-07-12 14:30:19 DEBUG: Task 1 started: robot 15 → pod 260 → workstation 2 for orders {90, 31} (arrival = 56.0 s).   [idle robots = 28/30]
2026-07-12 14:30:19 DEBUG:    EVENT NUM 71    current_time = 00:00:04   RELEASE_TASK          [queue size = 178]
2026-07-12 14:30:19 DEBUG: Task 2 released: pod 512 required by workstation(s) [7].  [released tasks = 1]
2026-07-12 14:30:19 DEBUG:    EVENT NUM 72    current_time = 00:00:04   START_TASK            [queue size = 178]
2026-07-12 14:30:19 DEBUG: Task 2 started: robot 1 → pod 512 → workstation 7 for orders {19} (arrival = 43.6 s).   [idle robots = 27/30]
2026-07-12 14:30:19 DEBUG:    EVENT NUM 73    current_time = 00:00:05   ARRIVAL_ORDER         [queue size = 178]
2026-07-12 14:30:19 DEBUG: Order 100 arrived: items_required = [6258].     [orders_in_system = 101]
2026-07-12 14:30:19 DEBUG:    EVENT NUM 74    current_time = 00:00:06   RELEASE_TASK          [queue size = 178]
2026-07-12 14:30:19 DEBUG: Task 3 released: pod 388 required by workstation(s) [0].  [released tasks = 1]
2026-07-12 14:30:19 DEBUG:    EVENT NUM 75    current_time = 00:00:06   START_TASK            [queue size = 178]
2026-07-12 14:30:19 DEBUG: Task 3 started: robot 16 → pod 388 → workstation 0 for orders {79} (arrival = 66.7 s).   [idle robots = 26/30]
2026-07-12 14:30:19 DEBUG:    EVENT NUM 76    current_time = 00:00:07   RELEASE_TASK          [queue size = 178]
2026-07-12 14:30:19 DEBUG: Task 4 released: pod 419 required by workstation(s) [7].  [released tasks = 1]
2026-07-12 14:30:19 DEBUG:    EVENT NUM 77    current_time = 00:00:07   START_TASK            [queue size = 178]
2026-07-12 14:30:19 DEBUG: Task 4 started: robot 28 → pod 419 → workstation 7 for orders {13} (arrival = 59.2 s).   [idle robots = 25/30]
2026-07-12 14:30:19 DEBUG:    EVENT NUM 78    current_time = 00:00:09   RELEASE_TASK          [queue size = 178]
2026-07-12 14:30:19 DEBUG: Task 5 released: pod 353 required by workstation(s) [2].  [released tasks = 1]
2026-07-12 14:30:19 DEBUG:    EVENT NUM 79    current_time = 00:00:09   START_TASK            [queue size = 178]
2026-07-12 14:30:19 DEBUG: Task 5 started: robot 6 → pod 353 → workstation 2 for orders {56, 31} (arrival = 103.8 s).   [idle robots = 24/30]
2026-07-12 14:30:19 DEBUG:    EVENT NUM 80    current_time = 00:00:10   ARRIVAL_ORDER         [queue size = 178]
2026-07-12 14:30:19 DEBUG: Order 101 arrived: items_required = [4019, 3575].     [orders_in_system = 102]
2026-07-12 14:30:19 DEBUG:    EVENT NUM 81    current_time = 00:00:11   RELEASE_TASK          [queue size = 178]
2026-07-12 14:30:19 DEBUG: Task 6 released: pod 594 required by workstation(s) [0].  [released tasks = 1]
2026-07-12 14:30:19 DEBUG:    EVENT NUM 82    current_time = 00:00:11   START_TASK            [queue size = 178]
2026-07-12 14:30:19 DEBUG: Task 6 started: robot 18 → pod 594 → workstation 0 for orders {93} (arrival = 91.8 s).   [idle robots = 23/30]
2026-07-12 14:30:19 DEBUG:    EVENT NUM 83    current_time = 00:00:12   RELEASE_TASK          [queue size = 178]
2026-07-12 14:30:19 DEBUG: Task 7 released: pod 543 required by workstation(s) [1].  [released tasks = 1]
2026-07-12 14:30:19 DEBUG:    EVENT NUM 84    current_time = 00:00:12   START_TASK            [queue size = 178]
2026-07-12 14:30:19 DEBUG: Task 7 started: robot 12 → pod 543 → workstation 1 for orders {33, 46} (arrival = 82.9 s).   [idle robots = 22/30]
2026-07-12 14:30:19 DEBUG:    EVENT NUM 85    current_time = 00:00:14   RELEASE_TASK          [queue size = 178]
2026-07-12 14:30:19 DEBUG: Task 8 released: pod 226 required by workstation(s) [0].  [released tasks = 1]
2026-07-12 14:30:19 DEBUG:    EVENT NUM 86    current_time = 00:00:14   START_TASK            [queue size = 178]
2026-07-12 14:30:19 DEBUG: Task 8 started: robot 27 → pod 226 → workstation 0 for orders {22} (arrival = 110.1 s).   [idle robots = 21/30]
2026-07-12 14:30:19 DEBUG:    EVENT NUM 87    current_time = 00:00:15   ARRIVAL_ORDER         [queue size = 178]
2026-07-12 14:30:19 DEBUG: Order 102 arrived: items_required = [3129, 4538].     [orders_in_system = 103]
2026-07-12 14:30:19 DEBUG:    EVENT NUM 88    current_time = 00:00:16   RELEASE_TASK          [queue size = 178]
2026-07-12 14:30:19 DEBUG: Task 9 released: pod 573 required by workstation(s) [1].  [released tasks = 1]
2026-07-12 14:30:19 DEBUG:    EVENT NUM 89    current_time = 00:00:16   START_TASK            [queue size = 178]
2026-07-12 14:30:19 DEBUG: Task 9 started: robot 17 → pod 573 → workstation 1 for orders {33, 97} (arrival = 113.9 s).   [idle robots = 20/30]
2026-07-12 14:30:19 DEBUG:    EVENT NUM 90    current_time = 00:00:18   RELEASE_TASK          [queue size = 178]
2026-07-12 14:30:19 DEBUG: Task 10 released: pod 468 required by workstation(s) [2].  [released tasks = 1]
2026-07-12 14:30:19 DEBUG:    EVENT NUM 91    current_time = 00:00:18   START_TASK            [queue size = 178]
2026-07-12 14:30:19 DEBUG: Task 10 started: robot 26 → pod 468 → workstation 2 for orders {90, 44} (arrival = 98.1 s).   [idle robots = 19/30]
2026-07-12 14:30:19 DEBUG:    EVENT NUM 92    current_time = 00:00:19   RELEASE_TASK          [queue size = 178]
2026-07-12 14:30:19 DEBUG: Task 11 released: pod 103 required by workstation(s) [1].  [released tasks = 1]
2026-07-12 14:30:19 DEBUG:    EVENT NUM 93    current_time = 00:00:19   START_TASK            [queue size = 178]
2026-07-12 14:30:19 DEBUG: Task 11 started: robot 9 → pod 103 → workstation 1 for orders {97, 2} (arrival = 141.8 s).   [idle robots = 18/30]
2026-07-12 14:30:19 DEBUG:    EVENT NUM 94    current_time = 00:00:20   ARRIVAL_ORDER         [queue size = 178]
2026-07-12 14:30:19 DEBUG: Order 103 arrived: items_required = [5615].     [orders_in_system = 104]
2026-07-12 14:30:19 DEBUG:    EVENT NUM 95    current_time = 00:00:21   RELEASE_TASK          [queue size = 178]
2026-07-12 14:30:19 DEBUG: Task 12 released: pod 202 required by workstation(s) [0].  [released tasks = 1]
2026-07-12 14:30:19 DEBUG:    EVENT NUM 96    current_time = 00:00:21   START_TASK            [queue size = 178]
2026-07-12 14:30:19 DEBUG: Task 12 started: robot 19 → pod 202 → workstation 0 for orders {77} (arrival = 121.3 s).   [idle robots = 17/30]
2026-07-12 14:30:19 DEBUG:    EVENT NUM 97    current_time = 00:00:23   RELEASE_TASK          [queue size = 178]
2026-07-12 14:30:19 DEBUG: Task 13 released: pod 234 required by workstation(s) [0].  [released tasks = 1]
2026-07-12 14:30:19 DEBUG:    EVENT NUM 98    current_time = 00:00:23   START_TASK            [queue size = 178]
2026-07-12 14:30:19 DEBUG: Task 13 started: robot 8 → pod 234 → workstation 0 for orders {45} (arrival = 77.7 s).   [idle robots = 16/30]
2026-07-12 14:30:19 DEBUG:    EVENT NUM 99    current_time = 00:00:24   RELEASE_TASK          [queue size = 178]
2026-07-12 14:30:19 DEBUG: Task 14 released: pod 487 required by workstation(s) [2].  [released tasks = 1]
2026-07-12 14:30:19 DEBUG:    EVENT NUM 100   current_time = 00:00:24   START_TASK            [queue size = 178]
2026-07-12 14:30:19 DEBUG: Task 14 started: robot 20 → pod 487 → workstation 2 for orders {56} (arrival = 58.6 s).   [idle robots = 15/30]
2026-07-12 14:30:19 DEBUG:    EVENT NUM 101   current_time = 00:00:25   ARRIVAL_ORDER         [queue size = 178]
2026-07-12 14:30:19 DEBUG: Order 104 arrived: items_required = [3366].     [orders_in_system = 105]
2026-07-12 14:30:19 DEBUG:    EVENT NUM 102   current_time = 00:00:26   RELEASE_TASK          [queue size = 178]
2026-07-12 14:30:19 DEBUG: Task 15 released: pod 235 required by workstation(s) [2].  [released tasks = 1]
2026-07-12 14:30:19 DEBUG:    EVENT NUM 103   current_time = 00:00:26   START_TASK            [queue size = 178]
2026-07-12 14:30:19 DEBUG: Task 15 started: robot 11 → pod 235 → workstation 2 for orders {31} (arrival = 82.6 s).   [idle robots = 14/30]
2026-07-12 14:30:19 DEBUG:    EVENT NUM 104   current_time = 00:00:28   RELEASE_TASK          [queue size = 178]
2026-07-12 14:30:19 DEBUG: Task 16 released: pod 579 required by workstation(s) [0].  [released tasks = 1]
2026-07-12 14:30:19 DEBUG:    EVENT NUM 105   current_time = 00:00:28   START_TASK            [queue size = 178]
2026-07-12 14:30:19 DEBUG: Task 16 started: robot 2 → pod 579 → workstation 0 for orders {45} (arrival = 62.4 s).   [idle robots = 13/30]
2026-07-12 14:30:19 DEBUG:    EVENT NUM 106   current_time = 00:00:29   RELEASE_TASK          [queue size = 178]
2026-07-12 14:30:19 DEBUG: Task 17 released: pod 460 required by workstation(s) [1].  [released tasks = 1]
2026-07-12 14:30:19 DEBUG:    EVENT NUM 107   current_time = 00:00:29   START_TASK            [queue size = 178]
2026-07-12 14:30:19 DEBUG: Task 17 started: robot 0 → pod 460 → workstation 1 for orders {97} (arrival = 59.7 s).   [idle robots = 12/30]
2026-07-12 14:30:19 DEBUG:    EVENT NUM 108   current_time = 00:00:30   ARRIVAL_ORDER         [queue size = 178]
2026-07-12 14:30:19 DEBUG: Order 105 arrived: items_required = [5476].     [orders_in_system = 106]
2026-07-12 14:30:19 DEBUG:    EVENT NUM 109   current_time = 00:00:31   RELEASE_TASK          [queue size = 178]
2026-07-12 14:30:19 DEBUG: Task 18 released: pod 156 required by workstation(s) [2].  [released tasks = 1]
2026-07-12 14:30:19 DEBUG:    EVENT NUM 110   current_time = 00:00:31   START_TASK            [queue size = 178]
2026-07-12 14:30:19 DEBUG: Task 18 started: robot 23 → pod 156 → workstation 2 for orders {31} (arrival = 119.1 s).   [idle robots = 11/30]
2026-07-12 14:30:19 DEBUG:    EVENT NUM 111   current_time = 00:00:33   RELEASE_TASK          [queue size = 178]
2026-07-12 14:30:19 DEBUG: Task 19 released: pod 121 required by workstation(s) [2].  [released tasks = 1]
2026-07-12 14:30:19 DEBUG:    EVENT NUM 112   current_time = 00:00:33   START_TASK            [queue size = 178]
2026-07-12 14:30:19 DEBUG: Task 19 started: robot 29 → pod 121 → workstation 2 for orders {44} (arrival = 171.3 s).   [idle robots = 10/30]
2026-07-12 14:30:19 DEBUG:    EVENT NUM 113   current_time = 00:00:35   ARRIVAL_ORDER         [queue size = 178]
2026-07-12 14:30:19 DEBUG: Order 106 arrived: items_required = [4955].     [orders_in_system = 107]
2026-07-12 14:30:19 DEBUG:    EVENT NUM 114   current_time = 00:00:35   RELEASE_TASK          [queue size = 178]
2026-07-12 14:30:19 DEBUG: Task 20 released: pod 357 required by workstation(s) [0].  [released tasks = 1]
2026-07-12 14:30:19 DEBUG:    EVENT NUM 115   current_time = 00:00:35   START_TASK            [queue size = 178]
2026-07-12 14:30:19 DEBUG: Task 20 blocked: no orders in {0: [30]} is open yet.  [released tasks = 0]
2026-07-12 14:30:19 DEBUG:    EVENT NUM 116   current_time = 00:00:36   RELEASE_TASK          [queue size = 177]
2026-07-12 14:30:19 DEBUG: Task 21 released: pod 409 required by workstation(s) [1].  [released tasks = 2]
2026-07-12 14:30:19 DEBUG:    EVENT NUM 117   current_time = 00:00:36   START_TASK            [queue size = 177]
2026-07-12 14:30:19 DEBUG: Task 20 blocked: no orders in {0: [30]} is open yet.  [released tasks = 1]
2026-07-12 14:30:19 DEBUG: Task 21 started: robot 3 → pod 409 → workstation 1 for orders {46} (arrival = 74.6 s).   [idle robots = 9/30]
2026-07-12 14:30:19 DEBUG:    EVENT NUM 118   current_time = 00:00:38   RELEASE_TASK          [queue size = 177]
2026-07-12 14:30:19 DEBUG: Task 22 released: pod 553 required by workstation(s) [0].  [released tasks = 2]
2026-07-12 14:30:19 DEBUG:    EVENT NUM 119   current_time = 00:00:38   START_TASK            [queue size = 177]
2026-07-12 14:30:19 DEBUG: Task 20 blocked: no orders in {0: [30]} is open yet.  [released tasks = 1]
2026-07-12 14:30:19 DEBUG: Task 22 blocked: no orders in {0: [30]} is open yet.  [released tasks = 0]
2026-07-12 14:30:19 DEBUG:    EVENT NUM 120   current_time = 00:00:40   ARRIVAL_ORDER         [queue size = 176]
2026-07-12 14:30:19 DEBUG: Order 107 arrived: items_required = [3378, 3676, 2479].     [orders_in_system = 108]
2026-07-12 14:30:19 DEBUG:    EVENT NUM 121   current_time = 00:00:40   RELEASE_TASK          [queue size = 176]
2026-07-12 14:30:19 DEBUG: Task 23 released: pod 309 required by workstation(s) [1].  [released tasks = 3]
2026-07-12 14:30:19 DEBUG:    EVENT NUM 122   current_time = 00:00:40   START_TASK            [queue size = 176]
2026-07-12 14:30:19 DEBUG: Task 20 blocked: no orders in {0: [30]} is open yet.  [released tasks = 2]
2026-07-12 14:30:19 DEBUG: Task 22 blocked: no orders in {0: [30]} is open yet.  [released tasks = 1]
2026-07-12 14:30:19 DEBUG: Task 23 started: robot 10 → pod 309 → workstation 1 for orders {46} (arrival = 87.8 s).   [idle robots = 8/30]
2026-07-12 14:30:19 DEBUG:    EVENT NUM 123   current_time = 00:00:41   RELEASE_TASK          [queue size = 176]
2026-07-12 14:30:19 DEBUG: Task 24 released: pod 213 required by workstation(s) [1].  [released tasks = 3]
2026-07-12 14:30:19 DEBUG:    EVENT NUM 124   current_time = 00:00:41   START_TASK            [queue size = 176]
2026-07-12 14:30:19 DEBUG: Task 20 blocked: no orders in {0: [30]} is open yet.  [released tasks = 2]
2026-07-12 14:30:19 DEBUG: Task 22 blocked: no orders in {0: [30]} is open yet.  [released tasks = 1]
2026-07-12 14:30:19 DEBUG: Task 24 started: robot 13 → pod 213 → workstation 1 for orders {97} (arrival = 117.9 s).   [idle robots = 7/30]
2026-07-12 14:30:19 DEBUG:    EVENT NUM 125   current_time = 00:00:43   ARRIVAL_POD_WST       [queue size = 176]
2026-07-12 14:30:19 DEBUG: Pod 512 arrived at workstation 7 - status = IDLE
2026-07-12 14:30:19 DEBUG: Pod queued at workstation.    [picking_buffer = {2: 43.57060503214332}]
2026-07-12 14:30:19 DEBUG:    EVENT NUM 126   current_time = 00:00:43   START_PICKING         [queue size = 176]
2026-07-12 14:30:19 DEBUG: Processing task 2 at workstation 7: picking items {3280} for orders {19}
2026-07-12 14:30:19 DEBUG:    EVENT NUM 127   current_time = 00:00:43   RELEASE_TASK          [queue size = 176]
2026-07-12 14:30:19 DEBUG: Task 25 released: pod 149 required by workstation(s) [0].  [released tasks = 3]
2026-07-12 14:30:19 DEBUG:    EVENT NUM 128   current_time = 00:00:43   START_TASK            [queue size = 176]
2026-07-12 14:30:19 DEBUG: Task 20 blocked: no orders in {0: [30]} is open yet.  [released tasks = 2]
2026-07-12 14:30:19 DEBUG: Task 22 blocked: no orders in {0: [30]} is open yet.  [released tasks = 1]
2026-07-12 14:30:19 DEBUG: Task 25 blocked: no orders in {0: [8]} is open yet.  [released tasks = 0]
2026-07-12 14:30:19 DEBUG:    EVENT NUM 129   current_time = 00:00:45   ARRIVAL_ORDER         [queue size = 175]
2026-07-12 14:30:19 DEBUG: Order 108 arrived: items_required = [5791].     [orders_in_system = 109]
2026-07-12 14:30:19 DEBUG:    EVENT NUM 130   current_time = 00:00:45   RELEASE_TASK          [queue size = 175]
2026-07-12 14:30:19 DEBUG: Task 26 released: pod 328 required by workstation(s) [0].  [released tasks = 4]
2026-07-12 14:30:19 DEBUG:    EVENT NUM 131   current_time = 00:00:45   START_TASK            [queue size = 175]
2026-07-12 14:30:19 DEBUG: Task 20 blocked: no orders in {0: [30]} is open yet.  [released tasks = 3]
2026-07-12 14:30:19 DEBUG: Task 22 blocked: no orders in {0: [30]} is open yet.  [released tasks = 2]
2026-07-12 14:30:19 DEBUG: Task 25 blocked: no orders in {0: [8]} is open yet.  [released tasks = 1]
2026-07-12 14:30:19 DEBUG: Task 26 blocked: no orders in {0: [40]} is open yet.  [released tasks = 0]
2026-07-12 14:30:19 DEBUG:    EVENT NUM 132   current_time = 00:00:47   RELEASE_TASK          [queue size = 174]
2026-07-12 14:30:19 DEBUG: Task 27 released: pod 427 required by workstation(s) [1].  [released tasks = 5]
2026-07-12 14:30:19 DEBUG:    EVENT NUM 133   current_time = 00:00:47   START_TASK            [queue size = 174]
2026-07-12 14:30:19 DEBUG: Task 20 blocked: no orders in {0: [30]} is open yet.  [released tasks = 4]
2026-07-12 14:30:19 DEBUG: Task 22 blocked: no orders in {0: [30]} is open yet.  [released tasks = 3]
2026-07-12 14:30:19 DEBUG: Task 25 blocked: no orders in {0: [8]} is open yet.  [released tasks = 2]
2026-07-12 14:30:19 DEBUG: Task 26 blocked: no orders in {0: [40]} is open yet.  [released tasks = 1]
2026-07-12 14:30:19 DEBUG: Task 27 started: robot 22 → pod 427 → workstation 1 for orders {46} (arrival = 119.4 s).   [idle robots = 6/30]
2026-07-12 14:30:19 DEBUG:    EVENT NUM 134   current_time = 00:00:48   RELEASE_TASK          [queue size = 174]
2026-07-12 14:30:19 DEBUG: Task 28 released: pod 295 required by workstation(s) [1].  [released tasks = 5]
2026-07-12 14:30:19 DEBUG:    EVENT NUM 135   current_time = 00:00:48   START_TASK            [queue size = 174]
2026-07-12 14:30:19 DEBUG: Task 20 blocked: no orders in {0: [30]} is open yet.  [released tasks = 4]
2026-07-12 14:30:19 DEBUG: Task 22 blocked: no orders in {0: [30]} is open yet.  [released tasks = 3]
2026-07-12 14:30:19 DEBUG: Task 25 blocked: no orders in {0: [8]} is open yet.  [released tasks = 2]
2026-07-12 14:30:19 DEBUG: Task 26 blocked: no orders in {0: [40]} is open yet.  [released tasks = 1]
2026-07-12 14:30:19 DEBUG: Task 28 started: robot 25 → pod 295 → workstation 1 for orders {33} (arrival = 171.2 s).   [idle robots = 5/30]
2026-07-12 14:30:19 DEBUG:    EVENT NUM 136   current_time = 00:00:50   ARRIVAL_ORDER         [queue size = 174]
2026-07-12 14:30:19 DEBUG: Order 109 arrived: items_required = [3293, 4406, 4575].     [orders_in_system = 110]
2026-07-12 14:30:19 DEBUG:    EVENT NUM 137   current_time = 00:00:50   RELEASE_TASK          [queue size = 174]
2026-07-12 14:30:19 DEBUG: Task 29 released: pod 172 required by workstation(s) [1].  [released tasks = 5]
2026-07-12 14:30:19 DEBUG:    EVENT NUM 138   current_time = 00:00:50   START_TASK            [queue size = 174]
2026-07-12 14:30:19 DEBUG: Task 20 blocked: no orders in {0: [30]} is open yet.  [released tasks = 4]
2026-07-12 14:30:19 DEBUG: Task 22 blocked: no orders in {0: [30]} is open yet.  [released tasks = 3]
2026-07-12 14:30:19 DEBUG: Task 25 blocked: no orders in {0: [8]} is open yet.  [released tasks = 2]
2026-07-12 14:30:19 DEBUG: Task 26 blocked: no orders in {0: [40]} is open yet.  [released tasks = 1]
2026-07-12 14:30:19 DEBUG: Task 29 started: robot 21 → pod 172 → workstation 1 for orders {51, 6} (arrival = 188.1 s).   [idle robots = 4/30]
2026-07-12 14:30:19 DEBUG:    EVENT NUM 139   current_time = 00:00:52   RELEASE_TASK          [queue size = 174]
2026-07-12 14:30:19 DEBUG: Task 30 released: pod 383 required by workstation(s) [0].  [released tasks = 5]
2026-07-12 14:30:19 DEBUG:    EVENT NUM 140   current_time = 00:00:52   START_TASK            [queue size = 174]
2026-07-12 14:30:19 DEBUG: Task 20 blocked: no orders in {0: [30]} is open yet.  [released tasks = 4]
2026-07-12 14:30:19 DEBUG: Task 22 blocked: no orders in {0: [30]} is open yet.  [released tasks = 3]
2026-07-12 14:30:19 DEBUG: Task 25 blocked: no orders in {0: [8]} is open yet.  [released tasks = 2]
2026-07-12 14:30:19 DEBUG: Task 26 blocked: no orders in {0: [40]} is open yet.  [released tasks = 1]
2026-07-12 14:30:19 DEBUG: Task 30 blocked: no orders in {0: [42]} is open yet.  [released tasks = 0]
2026-07-12 14:30:19 DEBUG:    EVENT NUM 141   current_time = 00:00:52   ARRIVAL_POD_WST       [queue size = 173]
2026-07-12 14:30:19 DEBUG: Pod 391 arrived at workstation 5 - status = IDLE
2026-07-12 14:30:19 DEBUG: Pod queued at workstation.    [picking_buffer = {0: 52.14460624566435}]
2026-07-12 14:30:19 DEBUG:    EVENT NUM 142   current_time = 00:00:52   START_PICKING         [queue size = 173]
2026-07-12 14:30:19 DEBUG: Processing task 0 at workstation 5: picking items {4938} for orders {92}
2026-07-12 14:30:19 DEBUG:    EVENT NUM 143   current_time = 00:00:53   END_PICKING           [queue size = 173]
2026-07-12 14:30:19 DEBUG: Ended picking at workstation 7.    [picking_buffer len = {}]
2026-07-12 14:30:19 DEBUG: Task should have served orders {19}, found open orders {0, 34, 19, 13}.
2026-07-12 14:30:19 DEBUG: Task 2 completed: pod 512 returning to storage.
2026-07-12 14:30:19 DEBUG:    EVENT NUM 144   current_time = 00:00:53   CLOSE_ORDER           [queue size = 174]
2026-07-12 14:30:19 DEBUG: Order 19 closed at workstation 7: flow_time = 53.6 s.     [order_buffer = 7] [open_orders = 3/4]
2026-07-12 14:30:19 DEBUG: Next order in buffer: 47
2026-07-12 14:30:19 DEBUG:    EVENT NUM 145   current_time = 00:00:53   OPEN_ORDER            [queue size = 174]
2026-07-12 14:30:19 DEBUG: Order 47 (skus required = {2928, 8105, 5817, 655}) opened at workstation 7.   [open_orders = 4/4]
2026-07-12 14:30:19 DEBUG:    EVENT NUM 146   current_time = 00:00:53   START_TASK            [queue size = 174]
2026-07-12 14:30:19 DEBUG: Task 20 blocked: no orders in {0: [30]} is open yet.  [released tasks = 4]
2026-07-12 14:30:19 DEBUG: Task 22 blocked: no orders in {0: [30]} is open yet.  [released tasks = 3]
2026-07-12 14:30:19 DEBUG: Task 25 blocked: no orders in {0: [8]} is open yet.  [released tasks = 2]
2026-07-12 14:30:19 DEBUG: Task 26 blocked: no orders in {0: [40]} is open yet.  [released tasks = 1]
2026-07-12 14:30:19 DEBUG: Task 30 blocked: no orders in {0: [42]} is open yet.  [released tasks = 0]
2026-07-12 14:30:19 DEBUG:    EVENT NUM 147   current_time = 00:00:53   RELEASE_TASK          [queue size = 173]
2026-07-12 14:30:19 DEBUG: Task 31 released: pod 388 required by workstation(s) [0].  [released tasks = 6]
2026-07-12 14:30:19 DEBUG:    EVENT NUM 148   current_time = 00:00:53   START_TASK            [queue size = 173]
2026-07-12 14:30:19 DEBUG: Task 20 blocked: no orders in {0: [30]} is open yet.  [released tasks = 5]
2026-07-12 14:30:19 DEBUG: Task 22 blocked: no orders in {0: [30]} is open yet.  [released tasks = 4]
2026-07-12 14:30:19 DEBUG: Task 25 blocked: no orders in {0: [8]} is open yet.  [released tasks = 3]
2026-07-12 14:30:19 DEBUG: Task 26 blocked: no orders in {0: [40]} is open yet.  [released tasks = 2]
2026-07-12 14:30:19 DEBUG: Task 30 blocked: no orders in {0: [42]} is open yet.  [released tasks = 1]
2026-07-12 14:30:19 DEBUG: Task 31 blocked: no orders in {0: [53]} is open yet.  [released tasks = 0]
2026-07-12 14:30:19 DEBUG:    EVENT NUM 149   current_time = 00:00:55   ARRIVAL_ORDER         [queue size = 172]
2026-07-12 14:30:19 DEBUG: Order 110 arrived: items_required = [6008].     [orders_in_system = 110]
2026-07-12 14:30:19 DEBUG:    EVENT NUM 150   current_time = 00:00:55   RELEASE_TASK          [queue size = 172]
2026-07-12 14:30:19 DEBUG: Task 32 released: pod 579 required by workstation(s) [3].  [released tasks = 7]
2026-07-12 14:30:19 DEBUG:    EVENT NUM 151   current_time = 00:00:55   START_TASK            [queue size = 172]
2026-07-12 14:30:19 DEBUG: Task 20 blocked: no orders in {0: [30]} is open yet.  [released tasks = 6]
2026-07-12 14:30:19 DEBUG: Task 22 blocked: no orders in {0: [30]} is open yet.  [released tasks = 5]
2026-07-12 14:30:19 DEBUG: Task 25 blocked: no orders in {0: [8]} is open yet.  [released tasks = 4]
2026-07-12 14:30:19 DEBUG: Task 26 blocked: no orders in {0: [40]} is open yet.  [released tasks = 3]
2026-07-12 14:30:19 DEBUG: Task 30 blocked: no orders in {0: [42]} is open yet.  [released tasks = 2]
2026-07-12 14:30:19 DEBUG: Task 31 blocked: no orders in {0: [53]} is open yet.  [released tasks = 1]
2026-07-12 14:30:19 DEBUG: Task 32 blocked: pod 579 not idle.  [released tasks = 0]
2026-07-12 14:30:19 DEBUG:    EVENT NUM 152   current_time = 00:00:56   ARRIVAL_POD_WST       [queue size = 171]
2026-07-12 14:30:19 DEBUG: Pod 260 arrived at workstation 2 - status = IDLE
2026-07-12 14:30:19 DEBUG: Pod queued at workstation.    [picking_buffer = {1: 56.03813747498016}]
2026-07-12 14:30:19 DEBUG:    EVENT NUM 153   current_time = 00:00:56   START_PICKING         [queue size = 171]
2026-07-12 14:30:19 DEBUG: Processing task 1 at workstation 2: picking items {2874} for orders {90, 31}
2026-07-12 14:30:19 DEBUG:    EVENT NUM 154   current_time = 00:00:57   RELEASE_TASK          [queue size = 171]
2026-07-12 14:30:19 DEBUG: Task 33 released: pod 269 required by workstation(s) [1].  [released tasks = 8]
2026-07-12 14:30:19 DEBUG:    EVENT NUM 155   current_time = 00:00:57   START_TASK            [queue size = 171]
2026-07-12 14:30:19 DEBUG: Task 20 blocked: no orders in {0: [30]} is open yet.  [released tasks = 7]
2026-07-12 14:30:19 DEBUG: Task 22 blocked: no orders in {0: [30]} is open yet.  [released tasks = 6]
2026-07-12 14:30:19 DEBUG: Task 25 blocked: no orders in {0: [8]} is open yet.  [released tasks = 5]
2026-07-12 14:30:19 DEBUG: Task 26 blocked: no orders in {0: [40]} is open yet.  [released tasks = 4]
2026-07-12 14:30:19 DEBUG: Task 30 blocked: no orders in {0: [42]} is open yet.  [released tasks = 3]
2026-07-12 14:30:19 DEBUG: Task 33 blocked: no orders in {1: [11]} is open yet.  [released tasks = 2]
2026-07-12 14:30:19 DEBUG: Task 31 blocked: no orders in {0: [53]} is open yet.  [released tasks = 1]
2026-07-12 14:30:19 DEBUG: Task 32 blocked: pod 579 not idle.  [released tasks = 0]
2026-07-12 14:30:19 DEBUG:    EVENT NUM 156   current_time = 00:00:58   ARRIVAL_POD_WST       [queue size = 170]
2026-07-12 14:30:19 DEBUG: Pod 487 arrived at workstation 2 - status = BUSY
2026-07-12 14:30:19 DEBUG: Pod queued at workstation.    [picking_buffer = {14: 58.602015212185435}]
2026-07-12 14:30:19 DEBUG:    EVENT NUM 157   current_time = 00:00:58   RELEASE_TASK          [queue size = 169]
2026-07-12 14:30:19 DEBUG: Task 34 released: pod 563 required by workstation(s) [2].  [released tasks = 9]
2026-07-12 14:30:19 DEBUG:    EVENT NUM 158   current_time = 00:00:58   START_TASK            [queue size = 169]
2026-07-12 14:30:19 DEBUG: Task 20 blocked: no orders in {0: [30]} is open yet.  [released tasks = 8]
2026-07-12 14:30:19 DEBUG: Task 22 blocked: no orders in {0: [30]} is open yet.  [released tasks = 7]
2026-07-12 14:30:19 DEBUG: Task 25 blocked: no orders in {0: [8]} is open yet.  [released tasks = 6]
2026-07-12 14:30:19 DEBUG: Task 26 blocked: no orders in {0: [40]} is open yet.  [released tasks = 5]
2026-07-12 14:30:19 DEBUG: Task 30 blocked: no orders in {0: [42]} is open yet.  [released tasks = 4]
2026-07-12 14:30:19 DEBUG: Task 33 blocked: no orders in {1: [11]} is open yet.  [released tasks = 3]
2026-07-12 14:30:19 DEBUG: Task 34 started: robot 14 → pod 563 → workstation 2 for orders {72, 7} (arrival = 86.8 s).   [idle robots = 3/30]
2026-07-12 14:30:19 DEBUG:    EVENT NUM 159   current_time = 00:00:59   ARRIVAL_POD_WST       [queue size = 169]
2026-07-12 14:30:19 DEBUG: Pod 419 arrived at workstation 7 - status = IDLE
2026-07-12 14:30:19 DEBUG: Pod queued at workstation.    [picking_buffer = {4: 59.2297667765668}]
2026-07-12 14:30:19 DEBUG:    EVENT NUM 160   current_time = 00:00:59   START_PICKING         [queue size = 169]
2026-07-12 14:30:19 DEBUG: Processing task 4 at workstation 7: picking items {5079} for orders {13}
2026-07-12 14:30:19 DEBUG:    EVENT NUM 161   current_time = 00:00:59   ARRIVAL_POD_WST       [queue size = 169]
2026-07-12 14:30:19 DEBUG: Pod 460 arrived at workstation 1 - status = IDLE
2026-07-12 14:30:19 DEBUG: Pod queued at workstation.    [picking_buffer = {17: 59.68635293639605}]
2026-07-12 14:30:19 DEBUG:    EVENT NUM 162   current_time = 00:00:59   START_PICKING         [queue size = 169]
2026-07-12 14:30:19 DEBUG: Processing task 17 at workstation 1: picking items {6321} for orders {97}
2026-07-12 14:30:19 DEBUG:    EVENT NUM 163   current_time = 00:01:00   ARRIVAL_ORDER         [queue size = 169]
2026-07-12 14:30:19 DEBUG: Order 111 arrived: items_required = [3753].     [orders_in_system = 111]
2026-07-12 14:30:19 DEBUG:    EVENT NUM 164   current_time = 00:01:00   RELEASE_TASK          [queue size = 169]
2026-07-12 14:30:19 DEBUG: Task 35 released: pod 581 required by workstation(s) [1].  [released tasks = 9]
2026-07-12 14:30:19 DEBUG:    EVENT NUM 165   current_time = 00:01:00   START_TASK            [queue size = 169]
2026-07-12 14:30:19 DEBUG: Task 20 blocked: no orders in {0: [30]} is open yet.  [released tasks = 8]
2026-07-12 14:30:19 DEBUG: Task 22 blocked: no orders in {0: [30]} is open yet.  [released tasks = 7]
2026-07-12 14:30:19 DEBUG: Task 25 blocked: no orders in {0: [8]} is open yet.  [released tasks = 6]
2026-07-12 14:30:19 DEBUG: Task 26 blocked: no orders in {0: [40]} is open yet.  [released tasks = 5]
2026-07-12 14:30:19 DEBUG: Task 30 blocked: no orders in {0: [42]} is open yet.  [released tasks = 4]
2026-07-12 14:30:19 DEBUG: Task 33 blocked: no orders in {1: [11]} is open yet.  [released tasks = 3]
2026-07-12 14:30:19 DEBUG: Task 35 blocked: no orders in {1: [11]} is open yet.  [released tasks = 2]
2026-07-12 14:30:19 DEBUG: Task 31 blocked: no orders in {0: [53]} is open yet.  [released tasks = 1]
2026-07-12 14:30:19 DEBUG: Task 32 blocked: pod 579 not idle.  [released tasks = 0]
2026-07-12 14:30:19 DEBUG:    EVENT NUM 166   current_time = 00:01:02   END_PICKING           [queue size = 168]
2026-07-12 14:30:19 DEBUG: Ended picking at workstation 5.    [picking_buffer len = {}]
2026-07-12 14:30:19 DEBUG: Task should have served orders {92}, found open orders {89, 10, 92, 49}.
2026-07-12 14:30:19 DEBUG: Task 0 completed: pod 391 returning to storage.
2026-07-12 14:30:19 DEBUG:    EVENT NUM 167   current_time = 00:01:02   CLOSE_ORDER           [queue size = 169]
2026-07-12 14:30:19 DEBUG: Order 92 closed at workstation 5: flow_time = 62.1 s.     [order_buffer = 7] [open_orders = 3/4]
2026-07-12 14:30:19 DEBUG: Next order in buffer: 17
2026-07-12 14:30:19 DEBUG:    EVENT NUM 168   current_time = 00:01:02   OPEN_ORDER            [queue size = 169]
2026-07-12 14:30:19 DEBUG: Order 17 (skus required = {2384, 2800, 1734}) opened at workstation 5.   [open_orders = 4/4]
2026-07-12 14:30:19 DEBUG:    EVENT NUM 169   current_time = 00:01:02   START_TASK            [queue size = 169]
2026-07-12 14:30:19 DEBUG: Task 20 blocked: no orders in {0: [30]} is open yet.  [released tasks = 8]
2026-07-12 14:30:19 DEBUG: Task 22 blocked: no orders in {0: [30]} is open yet.  [released tasks = 7]
2026-07-12 14:30:19 DEBUG: Task 25 blocked: no orders in {0: [8]} is open yet.  [released tasks = 6]
2026-07-12 14:30:19 DEBUG: Task 26 blocked: no orders in {0: [40]} is open yet.  [released tasks = 5]
2026-07-12 14:30:19 DEBUG: Task 30 blocked: no orders in {0: [42]} is open yet.  [released tasks = 4]
2026-07-12 14:30:19 DEBUG: Task 33 blocked: no orders in {1: [11]} is open yet.  [released tasks = 3]
2026-07-12 14:30:19 DEBUG: Task 35 blocked: no orders in {1: [11]} is open yet.  [released tasks = 2]
2026-07-12 14:30:19 DEBUG: Task 31 blocked: no orders in {0: [53]} is open yet.  [released tasks = 1]
2026-07-12 14:30:19 DEBUG: Task 32 blocked: pod 579 not idle.  [released tasks = 0]
2026-07-12 14:30:19 DEBUG:    EVENT NUM 170   current_time = 00:01:02   RELEASE_TASK          [queue size = 168]
2026-07-12 14:30:19 DEBUG: Task 36 released: pod 500 required by workstation(s) [0].  [released tasks = 10]
2026-07-12 14:30:19 DEBUG:    EVENT NUM 171   current_time = 00:01:02   START_TASK            [queue size = 168]
2026-07-12 14:30:19 DEBUG: Task 20 blocked: no orders in {0: [30]} is open yet.  [released tasks = 9]
2026-07-12 14:30:19 DEBUG: Task 22 blocked: no orders in {0: [30]} is open yet.  [released tasks = 8]
2026-07-12 14:30:19 DEBUG: Task 25 blocked: no orders in {0: [8]} is open yet.  [released tasks = 7]
2026-07-12 14:30:19 DEBUG: Task 26 blocked: no orders in {0: [40]} is open yet.  [released tasks = 6]
2026-07-12 14:30:19 DEBUG: Task 30 blocked: no orders in {0: [42]} is open yet.  [released tasks = 5]
2026-07-12 14:30:19 DEBUG: Task 33 blocked: no orders in {1: [11]} is open yet.  [released tasks = 4]
2026-07-12 14:30:19 DEBUG: Task 35 blocked: no orders in {1: [11]} is open yet.  [released tasks = 3]
2026-07-12 14:30:19 DEBUG: Task 36 blocked: no orders in {0: [41]} is open yet.  [released tasks = 2]
2026-07-12 14:30:19 DEBUG: Task 31 blocked: no orders in {0: [53]} is open yet.  [released tasks = 1]
2026-07-12 14:30:19 DEBUG: Task 32 blocked: pod 579 not idle.  [released tasks = 0]
2026-07-12 14:30:19 DEBUG:    EVENT NUM 172   current_time = 00:01:02   ARRIVAL_POD_WST       [queue size = 167]
2026-07-12 14:30:19 DEBUG: Pod 579 arrived at workstation 0 - status = IDLE
2026-07-12 14:30:19 DEBUG: Pod queued at workstation.    [picking_buffer = {16: 62.43290658743605}]
2026-07-12 14:30:19 DEBUG:    EVENT NUM 173   current_time = 00:01:02   START_PICKING         [queue size = 167]
2026-07-12 14:30:19 DEBUG: start_picking: WS 0 has no actionable task in buffer.
2026-07-12 14:30:19 DEBUG:    EVENT NUM 174   current_time = 00:01:04   RELEASE_TASK          [queue size = 166]
2026-07-12 14:30:19 DEBUG: Task 37 released: pod 3 required by workstation(s) [0].  [released tasks = 11]
2026-07-12 14:30:19 DEBUG:    EVENT NUM 175   current_time = 00:01:04   START_TASK            [queue size = 166]
2026-07-12 14:30:19 DEBUG: Task 20 blocked: no orders in {0: [30]} is open yet.  [released tasks = 10]
2026-07-12 14:30:19 DEBUG: Task 22 blocked: no orders in {0: [30]} is open yet.  [released tasks = 9]
2026-07-12 14:30:19 DEBUG: Task 25 blocked: no orders in {0: [8]} is open yet.  [released tasks = 8]
2026-07-12 14:30:19 DEBUG: Task 26 blocked: no orders in {0: [40]} is open yet.  [released tasks = 7]
2026-07-12 14:30:19 DEBUG: Task 30 blocked: no orders in {0: [42]} is open yet.  [released tasks = 6]
2026-07-12 14:30:19 DEBUG: Task 33 blocked: no orders in {1: [11]} is open yet.  [released tasks = 5]
2026-07-12 14:30:19 DEBUG: Task 35 blocked: no orders in {1: [11]} is open yet.  [released tasks = 4]
2026-07-12 14:30:19 DEBUG: Task 36 blocked: no orders in {0: [41]} is open yet.  [released tasks = 3]
2026-07-12 14:30:19 DEBUG: Task 37 blocked: no orders in {0: [27]} is open yet.  [released tasks = 2]
2026-07-12 14:30:19 DEBUG: Task 31 blocked: no orders in {0: [53]} is open yet.  [released tasks = 1]
2026-07-12 14:30:19 DEBUG: Task 32 blocked: pod 579 not idle.  [released tasks = 0]
2026-07-12 14:30:19 DEBUG:    EVENT NUM 176   current_time = 00:01:05   ARRIVAL_ORDER         [queue size = 165]
2026-07-12 14:30:19 DEBUG: Order 112 arrived: items_required = [6574, 2598, 2917].     [orders_in_system = 111]
2026-07-12 14:30:19 DEBUG:    EVENT NUM 177   current_time = 00:01:05   RELEASE_TASK          [queue size = 165]
2026-07-12 14:30:19 DEBUG: Task 38 released: pod 513 required by workstation(s) [2].  [released tasks = 12]
2026-07-12 14:30:19 DEBUG:    EVENT NUM 178   current_time = 00:01:05   START_TASK            [queue size = 165]
2026-07-12 14:30:19 DEBUG: Task 20 blocked: no orders in {0: [30]} is open yet.  [released tasks = 11]
2026-07-12 14:30:19 DEBUG: Task 22 blocked: no orders in {0: [30]} is open yet.  [released tasks = 10]
2026-07-12 14:30:19 DEBUG: Task 25 blocked: no orders in {0: [8]} is open yet.  [released tasks = 9]
2026-07-12 14:30:19 DEBUG: Task 26 blocked: no orders in {0: [40]} is open yet.  [released tasks = 8]
2026-07-12 14:30:19 DEBUG: Task 30 blocked: no orders in {0: [42]} is open yet.  [released tasks = 7]
2026-07-12 14:30:19 DEBUG: Task 33 blocked: no orders in {1: [11]} is open yet.  [released tasks = 6]
2026-07-12 14:30:19 DEBUG: Task 35 blocked: no orders in {1: [11]} is open yet.  [released tasks = 5]
2026-07-12 14:30:19 DEBUG: Task 36 blocked: no orders in {0: [41]} is open yet.  [released tasks = 4]
2026-07-12 14:30:19 DEBUG: Task 37 blocked: no orders in {0: [27]} is open yet.  [released tasks = 3]
2026-07-12 14:30:19 DEBUG: Task 38 started: robot 4 → pod 513 → workstation 2 for orders {76, 7} (arrival = 98.5 s).   [idle robots = 2/30]
2026-07-12 14:30:19 DEBUG:    EVENT NUM 179   current_time = 00:01:06   END_PICKING           [queue size = 165]
2026-07-12 14:30:19 DEBUG: Ended picking at workstation 2.    [picking_buffer len = {14: 58.602015212185435}]
2026-07-12 14:30:19 DEBUG: Task should have served orders {90, 31}, found open orders {56, 90, 44, 31}.
2026-07-12 14:30:19 DEBUG: Task 1 completed: pod 260 returning to storage.
2026-07-12 14:30:19 DEBUG:    EVENT NUM 180   current_time = 00:01:06   START_PICKING         [queue size = 166]
2026-07-12 14:30:19 DEBUG: Processing task 14 at workstation 2: picking items {4110} for orders {56}
2026-07-12 14:30:19 DEBUG:    EVENT NUM 181   current_time = 00:01:06   ARRIVAL_POD_WST       [queue size = 166]
2026-07-12 14:30:19 DEBUG: Pod 388 arrived at workstation 0 - status = IDLE
2026-07-12 14:30:19 DEBUG: Pod queued at workstation.    [picking_buffer = {16: 62.43290658743605, 3: 66.67712682443349}]
2026-07-12 14:30:19 DEBUG:    EVENT NUM 182   current_time = 00:01:06   START_PICKING         [queue size = 166]
2026-07-12 14:30:19 DEBUG: Processing task 3 at workstation 0: picking items {4929} for orders {79}
2026-07-12 14:30:19 DEBUG:    EVENT NUM 183   current_time = 00:01:07   RELEASE_TASK          [queue size = 166]
2026-07-12 14:30:19 DEBUG: Task 39 released: pod 447 required by workstation(s) [1].  [released tasks = 12]
2026-07-12 14:30:19 DEBUG:    EVENT NUM 184   current_time = 00:01:07   START_TASK            [queue size = 166]
2026-07-12 14:30:19 DEBUG: Task 20 blocked: no orders in {0: [30]} is open yet.  [released tasks = 11]
2026-07-12 14:30:19 DEBUG: Task 22 blocked: no orders in {0: [30]} is open yet.  [released tasks = 10]
2026-07-12 14:30:19 DEBUG: Task 25 blocked: no orders in {0: [8]} is open yet.  [released tasks = 9]
2026-07-12 14:30:19 DEBUG: Task 26 blocked: no orders in {0: [40]} is open yet.  [released tasks = 8]
2026-07-12 14:30:19 DEBUG: Task 30 blocked: no orders in {0: [42]} is open yet.  [released tasks = 7]
2026-07-12 14:30:19 DEBUG: Task 33 blocked: no orders in {1: [11]} is open yet.  [released tasks = 6]
2026-07-12 14:30:19 DEBUG: Task 35 blocked: no orders in {1: [11]} is open yet.  [released tasks = 5]
2026-07-12 14:30:19 DEBUG: Task 36 blocked: no orders in {0: [41]} is open yet.  [released tasks = 4]
2026-07-12 14:30:19 DEBUG: Task 37 blocked: no orders in {0: [27]} is open yet.  [released tasks = 3]
2026-07-12 14:30:19 DEBUG: Task 39 blocked: no orders in {1: [51]} is open yet.  [released tasks = 2]
2026-07-12 14:30:19 DEBUG: Task 31 blocked: no orders in {0: [53]} is open yet.  [released tasks = 1]
2026-07-12 14:30:19 DEBUG: Task 32 blocked: pod 579 not idle.  [released tasks = 0]
2026-07-12 14:30:19 DEBUG:    EVENT NUM 185   current_time = 00:01:09   RELEASE_TASK          [queue size = 165]
2026-07-12 14:30:19 DEBUG: Task 40 released: pod 25 required by workstation(s) [1].  [released tasks = 13]
2026-07-12 14:30:19 DEBUG:    EVENT NUM 186   current_time = 00:01:09   START_TASK            [queue size = 165]
2026-07-12 14:30:19 DEBUG: Task 20 blocked: no orders in {0: [30]} is open yet.  [released tasks = 12]
2026-07-12 14:30:19 DEBUG: Task 22 blocked: no orders in {0: [30]} is open yet.  [released tasks = 11]
2026-07-12 14:30:19 DEBUG: Task 25 blocked: no orders in {0: [8]} is open yet.  [released tasks = 10]
2026-07-12 14:30:19 DEBUG: Task 26 blocked: no orders in {0: [40]} is open yet.  [released tasks = 9]
2026-07-12 14:30:19 DEBUG: Task 30 blocked: no orders in {0: [42]} is open yet.  [released tasks = 8]
2026-07-12 14:30:19 DEBUG: Task 33 blocked: no orders in {1: [11]} is open yet.  [released tasks = 7]
2026-07-12 14:30:19 DEBUG: Task 35 blocked: no orders in {1: [11]} is open yet.  [released tasks = 6]
2026-07-12 14:30:19 DEBUG: Task 36 blocked: no orders in {0: [41]} is open yet.  [released tasks = 5]
2026-07-12 14:30:19 DEBUG: Task 37 blocked: no orders in {0: [27]} is open yet.  [released tasks = 4]
2026-07-12 14:30:19 DEBUG: Task 39 blocked: no orders in {1: [51]} is open yet.  [released tasks = 3]
2026-07-12 14:30:19 DEBUG: Task 40 blocked: no orders in {1: [35]} is open yet.  [released tasks = 2]
2026-07-12 14:30:19 DEBUG: Task 31 blocked: no orders in {0: [53]} is open yet.  [released tasks = 1]
2026-07-12 14:30:19 DEBUG: Task 32 blocked: pod 579 not idle.  [released tasks = 0]
2026-07-12 14:30:19 DEBUG:    EVENT NUM 187   current_time = 00:01:09   END_PICKING           [queue size = 164]
2026-07-12 14:30:19 DEBUG: Ended picking at workstation 7.    [picking_buffer len = {}]
2026-07-12 14:30:19 DEBUG: Task should have served orders {13}, found open orders {0, 34, 13, 47}.
2026-07-12 14:30:19 DEBUG: Task 4 completed: pod 419 returning to storage.
2026-07-12 14:30:19 DEBUG:    EVENT NUM 188   current_time = 00:01:09   CLOSE_ORDER           [queue size = 165]
2026-07-12 14:30:19 DEBUG: Order 13 closed at workstation 7: flow_time = 69.2 s.     [order_buffer = 6] [open_orders = 3/4]
2026-07-12 14:30:19 DEBUG: Next order in buffer: 9
2026-07-12 14:30:19 DEBUG:    EVENT NUM 189   current_time = 00:01:09   OPEN_ORDER            [queue size = 165]
2026-07-12 14:30:19 DEBUG: Order 9 (skus required = {1550}) opened at workstation 7.   [open_orders = 4/4]
2026-07-12 14:30:19 DEBUG:    EVENT NUM 190   current_time = 00:01:09   START_TASK            [queue size = 165]
2026-07-12 14:30:19 DEBUG: Task 20 blocked: no orders in {0: [30]} is open yet.  [released tasks = 12]
2026-07-12 14:30:19 DEBUG: Task 22 blocked: no orders in {0: [30]} is open yet.  [released tasks = 11]
2026-07-12 14:30:19 DEBUG: Task 25 blocked: no orders in {0: [8]} is open yet.  [released tasks = 10]
2026-07-12 14:30:19 DEBUG: Task 26 blocked: no orders in {0: [40]} is open yet.  [released tasks = 9]
2026-07-12 14:30:19 DEBUG: Task 30 blocked: no orders in {0: [42]} is open yet.  [released tasks = 8]
2026-07-12 14:30:19 DEBUG: Task 33 blocked: no orders in {1: [11]} is open yet.  [released tasks = 7]
2026-07-12 14:30:19 DEBUG: Task 35 blocked: no orders in {1: [11]} is open yet.  [released tasks = 6]
2026-07-12 14:30:19 DEBUG: Task 36 blocked: no orders in {0: [41]} is open yet.  [released tasks = 5]
2026-07-12 14:30:19 DEBUG: Task 37 blocked: no orders in {0: [27]} is open yet.  [released tasks = 4]
2026-07-12 14:30:19 DEBUG: Task 39 blocked: no orders in {1: [51]} is open yet.  [released tasks = 3]
2026-07-12 14:30:19 DEBUG: Task 40 blocked: no orders in {1: [35]} is open yet.  [released tasks = 2]
2026-07-12 14:30:19 DEBUG: Task 31 blocked: no orders in {0: [53]} is open yet.  [released tasks = 1]
2026-07-12 14:30:19 DEBUG: Task 32 blocked: pod 579 not idle.  [released tasks = 0]
2026-07-12 14:30:19 DEBUG:    EVENT NUM 191   current_time = 00:01:09   END_PICKING           [queue size = 164]
2026-07-12 14:30:19 DEBUG: Ended picking at workstation 1.    [picking_buffer len = {}]
2026-07-12 14:30:19 DEBUG: Task should have served orders {97}, found open orders {33, 2, 46, 97}.
2026-07-12 14:30:19 DEBUG: Task 17 completed: pod 460 returning to storage.
2026-07-12 14:30:19 DEBUG:    EVENT NUM 192   current_time = 00:01:10   ARRIVAL_ORDER         [queue size = 164]
2026-07-12 14:30:19 DEBUG: Order 113 arrived: items_required = [4666, 4165, 2467, 2865].     [orders_in_system = 111]
2026-07-12 14:30:19 DEBUG:    EVENT NUM 193   current_time = 00:01:10   RELEASE_TASK          [queue size = 164]
2026-07-12 14:30:19 DEBUG: Task 41 released: pod 529 required by workstation(s) [2].  [released tasks = 14]
2026-07-12 14:30:19 DEBUG:    EVENT NUM 194   current_time = 00:01:10   START_TASK            [queue size = 164]
2026-07-12 14:30:19 DEBUG: Task 20 blocked: no orders in {0: [30]} is open yet.  [released tasks = 13]
2026-07-12 14:30:19 DEBUG: Task 22 blocked: no orders in {0: [30]} is open yet.  [released tasks = 12]
2026-07-12 14:30:19 DEBUG: Task 25 blocked: no orders in {0: [8]} is open yet.  [released tasks = 11]
2026-07-12 14:30:19 DEBUG: Task 26 blocked: no orders in {0: [40]} is open yet.  [released tasks = 10]
2026-07-12 14:30:19 DEBUG: Task 30 blocked: no orders in {0: [42]} is open yet.  [released tasks = 9]
2026-07-12 14:30:19 DEBUG: Task 33 blocked: no orders in {1: [11]} is open yet.  [released tasks = 8]
2026-07-12 14:30:19 DEBUG: Task 35 blocked: no orders in {1: [11]} is open yet.  [released tasks = 7]
2026-07-12 14:30:19 DEBUG: Task 36 blocked: no orders in {0: [41]} is open yet.  [released tasks = 6]
2026-07-12 14:30:19 DEBUG: Task 37 blocked: no orders in {0: [27]} is open yet.  [released tasks = 5]
2026-07-12 14:30:19 DEBUG: Task 39 blocked: no orders in {1: [51]} is open yet.  [released tasks = 4]
2026-07-12 14:30:19 DEBUG: Task 40 blocked: no orders in {1: [35]} is open yet.  [released tasks = 3]
2026-07-12 14:30:19 DEBUG: Task 41 blocked: no orders in {2: [68]} is open yet.  [released tasks = 2]
2026-07-12 14:30:19 DEBUG: Task 31 blocked: no orders in {0: [53]} is open yet.  [released tasks = 1]
2026-07-12 14:30:19 DEBUG: Task 32 blocked: pod 579 not idle.  [released tasks = 0]
2026-07-12 14:30:19 DEBUG:    EVENT NUM 195   current_time = 00:01:12   RELEASE_TASK          [queue size = 163]
2026-07-12 14:30:19 DEBUG: Task 42 released: pod 426 required by workstation(s) [0].  [released tasks = 15]
2026-07-12 14:30:19 DEBUG:    EVENT NUM 196   current_time = 00:01:12   START_TASK            [queue size = 163]
2026-07-12 14:30:19 DEBUG: Task 20 blocked: no orders in {0: [30]} is open yet.  [released tasks = 14]
2026-07-12 14:30:19 DEBUG: Task 22 blocked: no orders in {0: [30]} is open yet.  [released tasks = 13]
2026-07-12 14:30:19 DEBUG: Task 25 blocked: no orders in {0: [8]} is open yet.  [released tasks = 12]
2026-07-12 14:30:19 DEBUG: Task 26 blocked: no orders in {0: [40]} is open yet.  [released tasks = 11]
2026-07-12 14:30:19 DEBUG: Task 30 blocked: no orders in {0: [42]} is open yet.  [released tasks = 10]
2026-07-12 14:30:19 DEBUG: Task 33 blocked: no orders in {1: [11]} is open yet.  [released tasks = 9]
2026-07-12 14:30:19 DEBUG: Task 35 blocked: no orders in {1: [11]} is open yet.  [released tasks = 8]
2026-07-12 14:30:19 DEBUG: Task 36 blocked: no orders in {0: [41]} is open yet.  [released tasks = 7]
2026-07-12 14:30:19 DEBUG: Task 37 blocked: no orders in {0: [27]} is open yet.  [released tasks = 6]
2026-07-12 14:30:19 DEBUG: Task 39 blocked: no orders in {1: [51]} is open yet.  [released tasks = 5]
2026-07-12 14:30:19 DEBUG: Task 40 blocked: no orders in {1: [35]} is open yet.  [released tasks = 4]
2026-07-12 14:30:19 DEBUG: Task 41 blocked: no orders in {2: [68]} is open yet.  [released tasks = 3]
2026-07-12 14:30:19 DEBUG: Task 42 blocked: no orders in {0: [64, 85]} is open yet.  [released tasks = 2]
2026-07-12 14:30:19 DEBUG: Task 31 blocked: no orders in {0: [53]} is open yet.  [released tasks = 1]
2026-07-12 14:30:19 DEBUG: Task 32 blocked: pod 579 not idle.  [released tasks = 0]
2026-07-12 14:30:19 DEBUG:    EVENT NUM 197   current_time = 00:01:14   RELEASE_TASK          [queue size = 162]
2026-07-12 14:30:19 DEBUG: Task 43 released: pod 554 required by workstation(s) [2].  [released tasks = 16]
2026-07-12 14:30:19 DEBUG:    EVENT NUM 198   current_time = 00:01:14   START_TASK            [queue size = 162]
2026-07-12 14:30:19 DEBUG: Task 20 blocked: no orders in {0: [30]} is open yet.  [released tasks = 15]
2026-07-12 14:30:19 DEBUG: Task 22 blocked: no orders in {0: [30]} is open yet.  [released tasks = 14]
2026-07-12 14:30:19 DEBUG: Task 25 blocked: no orders in {0: [8]} is open yet.  [released tasks = 13]
2026-07-12 14:30:19 DEBUG: Task 26 blocked: no orders in {0: [40]} is open yet.  [released tasks = 12]
2026-07-12 14:30:19 DEBUG: Task 30 blocked: no orders in {0: [42]} is open yet.  [released tasks = 11]
2026-07-12 14:30:19 DEBUG: Task 33 blocked: no orders in {1: [11]} is open yet.  [released tasks = 10]
2026-07-12 14:30:19 DEBUG: Task 35 blocked: no orders in {1: [11]} is open yet.  [released tasks = 9]
2026-07-12 14:30:19 DEBUG: Task 36 blocked: no orders in {0: [41]} is open yet.  [released tasks = 8]
2026-07-12 14:30:19 DEBUG: Task 37 blocked: no orders in {0: [27]} is open yet.  [released tasks = 7]
2026-07-12 14:30:19 DEBUG: Task 39 blocked: no orders in {1: [51]} is open yet.  [released tasks = 6]
2026-07-12 14:30:19 DEBUG: Task 40 blocked: no orders in {1: [35]} is open yet.  [released tasks = 5]
2026-07-12 14:30:19 DEBUG: Task 41 blocked: no orders in {2: [68]} is open yet.  [released tasks = 4]
2026-07-12 14:30:19 DEBUG: Task 42 blocked: no orders in {0: [64, 85]} is open yet.  [released tasks = 3]
2026-07-12 14:30:19 DEBUG: Task 43 started: robot 24 → pod 554 → workstation 2 for orders {7} (arrival = 123.5 s).   [idle robots = 1/30]
2026-07-12 14:30:19 DEBUG:    EVENT NUM 199   current_time = 00:01:14   ARRIVAL_POD_WST       [queue size = 162]
2026-07-12 14:30:19 DEBUG: Pod 409 arrived at workstation 1 - status = IDLE
2026-07-12 14:30:19 DEBUG: Pod queued at workstation.    [picking_buffer = {21: 74.60132212476104}]
2026-07-12 14:30:19 DEBUG:    EVENT NUM 200   current_time = 00:01:14   START_PICKING         [queue size = 162]
2026-07-12 14:30:19 DEBUG: Processing task 21 at workstation 1: picking items {3025} for orders {46}
2026-07-12 14:30:19 DEBUG:    EVENT NUM 201   current_time = 00:01:15   ARRIVAL_ORDER         [queue size = 162]
2026-07-12 14:30:19 DEBUG: Order 114 arrived: items_required = [4718].     [orders_in_system = 112]
2026-07-12 14:30:19 DEBUG:    EVENT NUM 202   current_time = 00:01:16   RELEASE_TASK          [queue size = 162]
2026-07-12 14:30:19 DEBUG: Task 44 released: pod 598 required by workstation(s) [2].  [released tasks = 16]
2026-07-12 14:30:19 DEBUG:    EVENT NUM 203   current_time = 00:01:16   START_TASK            [queue size = 162]
2026-07-12 14:30:19 DEBUG: Task 20 blocked: no orders in {0: [30]} is open yet.  [released tasks = 15]
2026-07-12 14:30:19 DEBUG: Task 22 blocked: no orders in {0: [30]} is open yet.  [released tasks = 14]
2026-07-12 14:30:19 DEBUG: Task 25 blocked: no orders in {0: [8]} is open yet.  [released tasks = 13]
2026-07-12 14:30:19 DEBUG: Task 26 blocked: no orders in {0: [40]} is open yet.  [released tasks = 12]
2026-07-12 14:30:19 DEBUG: Task 30 blocked: no orders in {0: [42]} is open yet.  [released tasks = 11]
2026-07-12 14:30:19 DEBUG: Task 33 blocked: no orders in {1: [11]} is open yet.  [released tasks = 10]
2026-07-12 14:30:19 DEBUG: Task 35 blocked: no orders in {1: [11]} is open yet.  [released tasks = 9]
2026-07-12 14:30:19 DEBUG: Task 36 blocked: no orders in {0: [41]} is open yet.  [released tasks = 8]
2026-07-12 14:30:19 DEBUG: Task 37 blocked: no orders in {0: [27]} is open yet.  [released tasks = 7]
2026-07-12 14:30:19 DEBUG: Task 39 blocked: no orders in {1: [51]} is open yet.  [released tasks = 6]
2026-07-12 14:30:19 DEBUG: Task 40 blocked: no orders in {1: [35]} is open yet.  [released tasks = 5]
2026-07-12 14:30:19 DEBUG: Task 41 blocked: no orders in {2: [68]} is open yet.  [released tasks = 4]
2026-07-12 14:30:19 DEBUG: Task 42 blocked: no orders in {0: [64, 85]} is open yet.  [released tasks = 3]
2026-07-12 14:30:19 DEBUG: Task 44 blocked: no orders in {2: [72]} is open yet.  [released tasks = 2]
2026-07-12 14:30:19 DEBUG: Task 31 blocked: no orders in {0: [53]} is open yet.  [released tasks = 1]
2026-07-12 14:30:19 DEBUG: Task 32 blocked: pod 579 not idle.  [released tasks = 0]
2026-07-12 14:30:19 DEBUG:    EVENT NUM 204   current_time = 00:01:16   END_PICKING           [queue size = 161]
2026-07-12 14:30:19 DEBUG: Ended picking at workstation 2.    [picking_buffer len = {}]
2026-07-12 14:30:19 DEBUG: Task should have served orders {56}, found open orders {56, 90, 44, 31}.
2026-07-12 14:30:19 DEBUG: Task 14 completed: pod 487 returning to storage.
2026-07-12 14:30:19 DEBUG:    EVENT NUM 205   current_time = 00:01:16   END_PICKING           [queue size = 161]
2026-07-12 14:30:19 DEBUG: Ended picking at workstation 0.    [picking_buffer len = {16: 62.43290658743605}]
2026-07-12 14:30:19 DEBUG: Task should have served orders {79}, found open orders {77, 93, 22, 79}.
2026-07-12 14:30:19 DEBUG: Task 3 completed: pod 388 returning to storage.
2026-07-12 14:30:19 DEBUG:    EVENT NUM 206   current_time = 00:01:16   CLOSE_ORDER           [queue size = 163]
2026-07-12 14:30:19 DEBUG: Order 79 closed at workstation 0: flow_time = 76.7 s.     [order_buffer = 14] [open_orders = 3/4]
2026-07-12 14:30:19 DEBUG: Next order in buffer: 45
2026-07-12 14:30:19 DEBUG:    EVENT NUM 207   current_time = 00:01:16   START_PICKING         [queue size = 163]
2026-07-12 14:30:19 DEBUG: start_picking: WS 0 has no actionable task in buffer.
2026-07-12 14:30:19 DEBUG:    EVENT NUM 208   current_time = 00:01:16   OPEN_ORDER            [queue size = 162]
2026-07-12 14:30:19 DEBUG: Order 45 (skus required = {5073, 4694}) opened at workstation 0.   [open_orders = 4/4]
2026-07-12 14:30:19 DEBUG:    EVENT NUM 209   current_time = 00:01:16   START_TASK            [queue size = 163]
2026-07-12 14:30:19 DEBUG: Task 20 started: robot 5 → pod 357 → workstation 0 for orders {30} (arrival = 123.0 s).   [idle robots = 0/30]
2026-07-12 14:30:19 DEBUG:    EVENT NUM 210   current_time = 00:01:16   START_PICKING         [queue size = 163]
2026-07-12 14:30:19 DEBUG: Processing task 16 at workstation 0: picking items {4694} for orders {45}
2026-07-12 14:30:19 DEBUG:    EVENT NUM 211   current_time = 00:01:17   ARRIVAL_POD_WST       [queue size = 163]
2026-07-12 14:30:19 DEBUG: Pod 234 arrived at workstation 0 - status = BUSY
2026-07-12 14:30:19 DEBUG: Pod queued at workstation.    [picking_buffer = {13: 77.66473424803743}]
2026-07-12 14:30:19 DEBUG:    EVENT NUM 212   current_time = 00:01:17   RELEASE_TASK          [queue size = 162]
2026-07-12 14:30:19 DEBUG: Task 45 released: pod 108 required by workstation(s) [1].  [released tasks = 16]
2026-07-12 14:30:19 DEBUG:    EVENT NUM 213   current_time = 00:01:19   RELEASE_TASK          [queue size = 161]
2026-07-12 14:30:19 DEBUG: Task 46 released: pod 586 required by workstation(s) [0].  [released tasks = 17]
2026-07-12 14:30:19 DEBUG:    EVENT NUM 214   current_time = 00:01:20   ARRIVAL_ORDER         [queue size = 160]
2026-07-12 14:30:19 DEBUG: Order 115 arrived: items_required = [7084].     [orders_in_system = 112]
2026-07-12 14:30:19 DEBUG:    EVENT NUM 215   current_time = 00:01:21   RELEASE_TASK          [queue size = 160]
2026-07-12 14:30:19 DEBUG: Task 47 released: pod 557 required by workstation(s) [0].  [released tasks = 18]
2026-07-12 14:30:19 DEBUG:    EVENT NUM 216   current_time = 00:01:22   ARRIVAL_POD_WST       [queue size = 159]
2026-07-12 14:30:19 DEBUG: Pod 235 arrived at workstation 2 - status = IDLE
2026-07-12 14:30:19 DEBUG: Pod queued at workstation.    [picking_buffer = {15: 82.57306469210033}]
2026-07-12 14:30:19 DEBUG:    EVENT NUM 217   current_time = 00:01:22   START_PICKING         [queue size = 159]
2026-07-12 14:30:19 DEBUG: Processing task 15 at workstation 2: picking items {6667} for orders {31}
2026-07-12 14:30:19 DEBUG:    EVENT NUM 218   current_time = 00:01:22   RELEASE_TASK          [queue size = 159]
2026-07-12 14:30:19 DEBUG: Task 48 released: pod 266 required by workstation(s) [2].  [released tasks = 19]
2026-07-12 14:30:19 DEBUG:    EVENT NUM 219   current_time = 00:01:22   ARRIVAL_POD_WST       [queue size = 158]
2026-07-12 14:30:19 DEBUG: Pod 543 arrived at workstation 1 - status = BUSY
2026-07-12 14:30:19 DEBUG: Pod queued at workstation.    [picking_buffer = {7: 82.86836611533766}]
2026-07-12 14:30:19 DEBUG:    EVENT NUM 220   current_time = 00:01:24   RELEASE_TASK          [queue size = 157]
2026-07-12 14:30:19 DEBUG: Task 49 released: pod 581 required by workstation(s) [1].  [released tasks = 20]
2026-07-12 14:30:19 DEBUG:    EVENT NUM 221   current_time = 00:01:24   END_PICKING           [queue size = 156]
2026-07-12 14:30:19 DEBUG: Ended picking at workstation 1.    [picking_buffer len = {7: 82.86836611533766}]
2026-07-12 14:30:19 DEBUG: Task should have served orders {46}, found open orders {33, 2, 46, 97}.
2026-07-12 14:30:19 DEBUG: Task 21 completed: pod 409 returning to storage.
2026-07-12 14:30:19 DEBUG:    EVENT NUM 222   current_time = 00:01:24   START_PICKING         [queue size = 157]
2026-07-12 14:30:19 DEBUG: Processing task 7 at workstation 1: picking items {8176, 5306} for orders {33, 46}
2026-07-12 14:30:19 DEBUG:    EVENT NUM 223   current_time = 00:01:25   ARRIVAL_ORDER         [queue size = 157]
2026-07-12 14:30:19 DEBUG: Order 116 arrived: items_required = [72, 5007, 5104].     [orders_in_system = 113]
2026-07-12 14:30:19 DEBUG:    EVENT NUM 224   current_time = 00:01:26   RELEASE_TASK          [queue size = 157]
2026-07-12 14:30:19 DEBUG: Task 50 released: pod 112 required by workstation(s) [2].  [released tasks = 21]
2026-07-12 14:30:19 DEBUG:    EVENT NUM 225   current_time = 00:01:26   END_PICKING           [queue size = 156]
2026-07-12 14:30:19 DEBUG: Ended picking at workstation 0.    [picking_buffer len = {13: 77.66473424803743}]
2026-07-12 14:30:19 DEBUG: Task should have served orders {45}, found open orders {45, 77, 22, 93}.
2026-07-12 14:30:19 DEBUG: Task 16 completed: pod 579 returning to storage.
2026-07-12 14:30:19 DEBUG:    EVENT NUM 226   current_time = 00:01:26   START_PICKING         [queue size = 157]
2026-07-12 14:30:19 DEBUG: Processing task 13 at workstation 0: picking items {5073} for orders {45}
2026-07-12 14:30:19 DEBUG:    EVENT NUM 227   current_time = 00:01:26   ARRIVAL_POD_WST       [queue size = 157]
2026-07-12 14:30:19 DEBUG: Pod 563 arrived at workstation 2 - status = BUSY
2026-07-12 14:30:19 DEBUG: Pod queued at workstation.    [picking_buffer = {34: 86.81362636874417}]
2026-07-12 14:30:19 DEBUG:    EVENT NUM 228   current_time = 00:01:27   ARRIVAL_POD_WST       [queue size = 156]
2026-07-12 14:30:19 DEBUG: Pod 309 arrived at workstation 1 - status = BUSY
2026-07-12 14:30:19 DEBUG: Pod queued at workstation.    [picking_buffer = {23: 87.82030909388484}]
2026-07-12 14:30:19 DEBUG:    EVENT NUM 229   current_time = 00:01:27   RELEASE_TASK          [queue size = 155]
2026-07-12 14:30:19 DEBUG: Task 51 released: pod 308 required by workstation(s) [1].  [released tasks = 22]
2026-07-12 14:30:19 DEBUG:    EVENT NUM 230   current_time = 00:01:29   RELEASE_TASK          [queue size = 154]
2026-07-12 14:30:19 DEBUG: Task 52 released: pod 585 required by workstation(s) [0].  [released tasks = 23]
2026-07-12 14:30:19 DEBUG:    EVENT NUM 231   current_time = 00:01:29   RETURN_POD            [queue size = 153]
2026-07-12 14:30:19 DEBUG: Pod 512 returned. Robot 1 idle.   [idle robots = 1/30, released tasks = 23]
2026-07-12 14:30:19 DEBUG:    EVENT NUM 232   current_time = 00:01:29   START_TASK            [queue size = 153]
2026-07-12 14:30:19 DEBUG: Task 22 started: robot 1 → pod 553 → workstation 0 for orders {30} (arrival = 136.3 s).   [idle robots = 0/30]
2026-07-12 14:30:19 DEBUG:    EVENT NUM 233   current_time = 00:01:30   ARRIVAL_ORDER         [queue size = 153]
2026-07-12 14:30:19 DEBUG: Order 117 arrived: items_required = [7246, 3531].     [orders_in_system = 114]
2026-07-12 14:30:19 DEBUG:    EVENT NUM 234   current_time = 00:01:31   RELEASE_TASK          [queue size = 153]
2026-07-12 14:30:19 DEBUG: Task 53 released: pod 382 required by workstation(s) [1].  [released tasks = 23]
2026-07-12 14:30:19 DEBUG:    EVENT NUM 235   current_time = 00:01:31   ARRIVAL_POD_WST       [queue size = 152]
2026-07-12 14:30:19 DEBUG: Pod 594 arrived at workstation 0 - status = BUSY
2026-07-12 14:30:19 DEBUG: Pod queued at workstation.    [picking_buffer = {6: 91.79830129815281}]
2026-07-12 14:30:19 DEBUG:    EVENT NUM 236   current_time = 00:01:32   END_PICKING           [queue size = 151]
2026-07-12 14:30:19 DEBUG: Ended picking at workstation 2.    [picking_buffer len = {34: 86.81362636874417}]
2026-07-12 14:30:19 DEBUG: Task should have served orders {31}, found open orders {56, 90, 44, 31}.
2026-07-12 14:30:19 DEBUG: Task 15 completed: pod 235 returning to storage.
2026-07-12 14:30:19 DEBUG:    EVENT NUM 237   current_time = 00:01:32   START_PICKING         [queue size = 152]
2026-07-12 14:30:19 DEBUG: start_picking: WS 2 has no actionable task in buffer.
2026-07-12 14:30:19 DEBUG:    EVENT NUM 238   current_time = 00:01:33   RELEASE_TASK          [queue size = 151]
2026-07-12 14:30:19 DEBUG: Task 54 released: pod 508 required by workstation(s) [0].  [released tasks = 24]
2026-07-12 14:30:19 DEBUG:    EVENT NUM 239   current_time = 00:01:34   RELEASE_TASK          [queue size = 150]
2026-07-12 14:30:19 DEBUG: Task 55 released: pod 356 required by workstation(s) [0].  [released tasks = 25]
2026-07-12 14:30:19 DEBUG:    EVENT NUM 240   current_time = 00:01:35   ARRIVAL_ORDER         [queue size = 149]
2026-07-12 14:30:19 DEBUG: Order 118 arrived: items_required = [6185, 5621].     [orders_in_system = 115]
2026-07-12 14:30:19 DEBUG:    EVENT NUM 241   current_time = 00:01:36   RELEASE_TASK          [queue size = 149]
2026-07-12 14:30:19 DEBUG: Task 56 released: pod 361 required by workstation(s) [1].  [released tasks = 26]
2026-07-12 14:30:19 DEBUG:    EVENT NUM 242   current_time = 00:01:36   END_PICKING           [queue size = 148]
2026-07-12 14:30:19 DEBUG: Ended picking at workstation 0.    [picking_buffer len = {6: 91.79830129815281}]
2026-07-12 14:30:19 DEBUG: Task should have served orders {45}, found open orders {45, 77, 22, 93}.
2026-07-12 14:30:19 DEBUG: Task 13 completed: pod 234 returning to storage.
2026-07-12 14:30:19 DEBUG:    EVENT NUM 243   current_time = 00:01:36   CLOSE_ORDER           [queue size = 150]
2026-07-12 14:30:19 DEBUG: Order 45 closed at workstation 0: flow_time = 96.7 s.     [order_buffer = 13] [open_orders = 3/4]
2026-07-12 14:30:19 DEBUG: Next order in buffer: 30
2026-07-12 14:30:19 DEBUG:    EVENT NUM 244   current_time = 00:01:36   START_PICKING         [queue size = 150]
2026-07-12 14:30:19 DEBUG: Processing task 6 at workstation 0: picking items {6272} for orders {93}
2026-07-12 14:30:19 DEBUG:    EVENT NUM 245   current_time = 00:01:36   OPEN_ORDER            [queue size = 150]
2026-07-12 14:30:19 DEBUG: Order 30 (skus required = {4761, 2147}) opened at workstation 0.   [open_orders = 4/4]
2026-07-12 14:30:19 DEBUG:    EVENT NUM 246   current_time = 00:01:36   START_TASK            [queue size = 150]
2026-07-12 14:30:19 DEBUG: Task 25 blocked: no idle robots.
2026-07-12 14:30:19 DEBUG:    EVENT NUM 247   current_time = 00:01:38   ARRIVAL_POD_WST       [queue size = 149]
2026-07-12 14:30:19 DEBUG: Pod 468 arrived at workstation 2 - status = IDLE
2026-07-12 14:30:19 DEBUG: Pod queued at workstation.    [picking_buffer = {34: 86.81362636874417, 10: 98.0614661760084}]
2026-07-12 14:30:19 DEBUG:    EVENT NUM 248   current_time = 00:01:38   START_PICKING         [queue size = 149]
2026-07-12 14:30:19 DEBUG: Processing task 10 at workstation 2: picking items {8081, 5887} for orders {90, 44}
2026-07-12 14:30:19 DEBUG:    EVENT NUM 249   current_time = 00:01:38   RELEASE_TASK          [queue size = 149]
2026-07-12 14:30:19 DEBUG: Task 57 released: pod 309 required by workstation(s) [1].  [released tasks = 27]
2026-07-12 14:30:19 DEBUG:    EVENT NUM 250   current_time = 00:01:38   ARRIVAL_POD_WST       [queue size = 148]
2026-07-12 14:30:19 DEBUG: Pod 513 arrived at workstation 2 - status = BUSY
2026-07-12 14:30:19 DEBUG: Pod queued at workstation.    [picking_buffer = {34: 86.81362636874417, 38: 98.50992316311519}]
2026-07-12 14:30:19 DEBUG:    EVENT NUM 251   current_time = 00:01:39   END_PICKING           [queue size = 147]
2026-07-12 14:30:19 DEBUG: Ended picking at workstation 1.    [picking_buffer len = {23: 87.82030909388484}]
2026-07-12 14:30:19 DEBUG: Task should have served orders {33, 46}, found open orders {33, 2, 46, 97}.
2026-07-12 14:30:19 DEBUG: Task 7 completed: pod 543 returning to storage.
2026-07-12 14:30:19 DEBUG:    EVENT NUM 252   current_time = 00:01:39   START_PICKING         [queue size = 148]
2026-07-12 14:30:19 DEBUG: Processing task 23 at workstation 1: picking items {5946} for orders {46}
2026-07-12 14:30:19 DEBUG:    EVENT NUM 253   current_time = 00:01:39   RELEASE_TASK          [queue size = 148]
2026-07-12 14:30:19 DEBUG: Task 58 released: pod 505 required by workstation(s) [0, 1].  [released tasks = 28]
2026-07-12 14:30:19 DEBUG:    EVENT NUM 254   current_time = 00:01:40   ARRIVAL_ORDER         [queue size = 147]
2026-07-12 14:30:19 DEBUG: Order 119 arrived: items_required = [4298, 5711, 4256, 5199].     [orders_in_system = 115]
2026-07-12 14:30:19 DEBUG:    EVENT NUM 255   current_time = 00:01:41   RELEASE_TASK          [queue size = 147]
2026-07-12 14:30:19 DEBUG: Task 59 released: pod 547 required by workstation(s) [1].  [released tasks = 29]
2026-07-12 14:30:19 DEBUG:    EVENT NUM 256   current_time = 00:01:42   RETURN_POD            [queue size = 146]
2026-07-12 14:30:19 DEBUG: Pod 460 returned. Robot 0 idle.   [idle robots = 1/30, released tasks = 29]
2026-07-12 14:30:19 DEBUG:    EVENT NUM 257   current_time = 00:01:42   START_TASK            [queue size = 146]
2026-07-12 14:30:19 DEBUG: Task 25 started: robot 0 → pod 149 → workstation 0 for orders {8} (arrival = 265.4 s).   [idle robots = 0/30]
2026-07-12 14:30:19 DEBUG:    EVENT NUM 258   current_time = 00:01:43   RELEASE_TASK          [queue size = 146]
2026-07-12 14:30:19 DEBUG: Task 60 released: pod 456 required by workstation(s) [0].  [released tasks = 29]
2026-07-12 14:30:19 DEBUG:    EVENT NUM 259   current_time = 00:01:43   ARRIVAL_POD_WST       [queue size = 145]
2026-07-12 14:30:19 DEBUG: Pod 353 arrived at workstation 2 - status = BUSY
2026-07-12 14:30:19 DEBUG: Pod queued at workstation.    [picking_buffer = {34: 86.81362636874417, 38: 98.50992316311519, 5: 103.76735183087715}]
2026-07-12 14:30:19 DEBUG:    EVENT NUM 260   current_time = 00:01:44   RELEASE_TASK          [queue size = 144]
2026-07-12 14:30:19 DEBUG: Task 61 released: pod 253 required by workstation(s) [1].  [released tasks = 30]
2026-07-12 14:30:19 DEBUG:    EVENT NUM 261   current_time = 00:01:45   ARRIVAL_ORDER         [queue size = 143]
2026-07-12 14:30:19 DEBUG: Order 120 arrived: items_required = [5342].     [orders_in_system = 116]
2026-07-12 14:30:19 DEBUG:    EVENT NUM 262   current_time = 00:01:46   END_PICKING           [queue size = 143]
2026-07-12 14:30:19 DEBUG: Ended picking at workstation 0.    [picking_buffer len = {}]
2026-07-12 14:30:19 DEBUG: Task should have served orders {93}, found open orders {77, 22, 93, 30}.
2026-07-12 14:30:19 DEBUG: Task 6 completed: pod 594 returning to storage.
2026-07-12 14:30:19 DEBUG:    EVENT NUM 263   current_time = 00:01:46   CLOSE_ORDER           [queue size = 144]
2026-07-12 14:30:19 DEBUG: Order 93 closed at workstation 0: flow_time = 106.7 s.     [order_buffer = 12] [open_orders = 3/4]
2026-07-12 14:30:19 DEBUG: Next order in buffer: 8
2026-07-12 14:30:19 DEBUG:    EVENT NUM 264   current_time = 00:01:46   OPEN_ORDER            [queue size = 144]
2026-07-12 14:30:19 DEBUG: Order 8 (skus required = {6227}) opened at workstation 0.   [open_orders = 4/4]
2026-07-12 14:30:19 DEBUG:    EVENT NUM 265   current_time = 00:01:46   START_TASK            [queue size = 144]
2026-07-12 14:30:19 DEBUG: Task 26 blocked: no idle robots.
2026-07-12 14:30:19 DEBUG:    EVENT NUM 266   current_time = 00:01:46   RELEASE_TASK          [queue size = 143]
2026-07-12 14:30:19 DEBUG: Task 62 released: pod 234 required by workstation(s) [0].  [released tasks = 31]
2026-07-12 14:30:19 DEBUG:    EVENT NUM 267   current_time = 00:01:48   RELEASE_TASK          [queue size = 142]
2026-07-12 14:30:19 DEBUG: Task 63 released: pod 246 required by workstation(s) [1].  [released tasks = 32]
2026-07-12 14:30:19 DEBUG:    EVENT NUM 268   current_time = 00:01:49   END_PICKING           [queue size = 141]
2026-07-12 14:30:19 DEBUG: Ended picking at workstation 1.    [picking_buffer len = {}]
2026-07-12 14:30:19 DEBUG: Task should have served orders {46}, found open orders {33, 2, 46, 97}.
2026-07-12 14:30:19 DEBUG: Task 23 completed: pod 309 returning to storage.
2026-07-12 14:30:19 DEBUG:    EVENT NUM 269   current_time = 00:01:50   ARRIVAL_ORDER         [queue size = 141]
2026-07-12 14:30:19 DEBUG: Order 121 arrived: items_required = [5655, 6265].     [orders_in_system = 116]
2026-07-12 14:30:19 DEBUG:    EVENT NUM 270   current_time = 00:01:50   ARRIVAL_POD_WST       [queue size = 141]
2026-07-12 14:30:19 DEBUG: Pod 226 arrived at workstation 0 - status = IDLE
2026-07-12 14:30:19 DEBUG: Pod queued at workstation.    [picking_buffer = {8: 110.06085648015761}]
2026-07-12 14:30:19 DEBUG:    EVENT NUM 271   current_time = 00:01:50   START_PICKING         [queue size = 141]
2026-07-12 14:30:19 DEBUG: Processing task 8 at workstation 0: picking items {5976} for orders {22}
2026-07-12 14:30:19 DEBUG:    EVENT NUM 272   current_time = 00:01:50   RELEASE_TASK          [queue size = 141]
2026-07-12 14:30:19 DEBUG: Task 64 released: pod 73 required by workstation(s) [1].  [released tasks = 33]
2026-07-12 14:30:19 DEBUG:    EVENT NUM 273   current_time = 00:01:51   RELEASE_TASK          [queue size = 140]
2026-07-12 14:30:19 DEBUG: Task 65 released: pod 257 required by workstation(s) [0, 2].  [released tasks = 34]
2026-07-12 14:30:19 DEBUG:    EVENT NUM 274   current_time = 00:01:53   END_PICKING           [queue size = 139]
2026-07-12 14:30:19 DEBUG: Ended picking at workstation 2.    [picking_buffer len = {34: 86.81362636874417, 38: 98.50992316311519, 5: 103.76735183087715}]
2026-07-12 14:30:19 DEBUG: Task should have served orders {90, 44}, found open orders {56, 90, 44, 31}.
2026-07-12 14:30:19 DEBUG: Task 10 completed: pod 468 returning to storage.
2026-07-12 14:30:19 DEBUG:    EVENT NUM 275   current_time = 00:01:53   CLOSE_ORDER           [queue size = 141]
2026-07-12 14:30:19 DEBUG: Order 90 closed at workstation 2: flow_time = 113.1 s.     [order_buffer = 4] [open_orders = 3/4]
2026-07-12 14:30:19 DEBUG: Next order in buffer: 7
2026-07-12 14:30:19 DEBUG:    EVENT NUM 276   current_time = 00:01:53   START_PICKING         [queue size = 141]
2026-07-12 14:30:19 DEBUG: Processing task 5 at workstation 2: picking items {2628, 4390} for orders {56, 31}
2026-07-12 14:30:19 DEBUG:    EVENT NUM 277   current_time = 00:01:53   OPEN_ORDER            [queue size = 141]
2026-07-12 14:30:19 DEBUG: Order 7 (skus required = {5024, 3780, 4023, 2774, 4950}) opened at workstation 2.   [open_orders = 4/4]
2026-07-12 14:30:19 DEBUG:    EVENT NUM 278   current_time = 00:01:53   START_TASK            [queue size = 141]
2026-07-12 14:30:19 DEBUG: Task 26 blocked: no idle robots.
2026-07-12 14:30:19 DEBUG:    EVENT NUM 279   current_time = 00:01:53   RELEASE_TASK          [queue size = 140]
2026-07-12 14:30:19 DEBUG: Task 66 released: pod 277 required by workstation(s) [0].  [released tasks = 35]
2026-07-12 14:30:19 DEBUG:    EVENT NUM 280   current_time = 00:01:53   ARRIVAL_POD_WST       [queue size = 139]
2026-07-12 14:30:19 DEBUG: Pod 573 arrived at workstation 1 - status = IDLE
2026-07-12 14:30:19 DEBUG: Pod queued at workstation.    [picking_buffer = {9: 113.89228518597675}]
2026-07-12 14:30:19 DEBUG:    EVENT NUM 281   current_time = 00:01:53   START_PICKING         [queue size = 139]
2026-07-12 14:30:19 DEBUG: Processing task 9 at workstation 1: picking items {2184, 5771} for orders {33, 97}
2026-07-12 14:30:19 DEBUG:    EVENT NUM 282   current_time = 00:01:55   ARRIVAL_ORDER         [queue size = 139]
2026-07-12 14:30:19 DEBUG: Order 122 arrived: items_required = [3831, 3718, 6478].     [orders_in_system = 116]
2026-07-12 14:30:19 DEBUG:    EVENT NUM 283   current_time = 00:01:55   RELEASE_TASK          [queue size = 139]
2026-07-12 14:30:19 DEBUG: Task 67 released: pod 211 required by workstation(s) [0].  [released tasks = 36]
2026-07-12 14:30:19 DEBUG:    EVENT NUM 284   current_time = 00:01:56   RELEASE_TASK          [queue size = 138]
2026-07-12 14:30:19 DEBUG: Task 68 released: pod 585 required by workstation(s) [4].  [released tasks = 37]
2026-07-12 14:30:19 DEBUG:    EVENT NUM 285   current_time = 00:01:57   RETURN_POD            [queue size = 137]
2026-07-12 14:30:19 DEBUG: Pod 487 returned. Robot 20 idle.   [idle robots = 1/30, released tasks = 37]
2026-07-12 14:30:19 DEBUG:    EVENT NUM 286   current_time = 00:01:57   START_TASK            [queue size = 137]
2026-07-12 14:30:19 DEBUG: Task 26 started: robot 20 → pod 328 → workstation 0 for orders {40} (arrival = 200.1 s).   [idle robots = 0/30]
2026-07-12 14:30:19 DEBUG:    EVENT NUM 287   current_time = 00:01:57   ARRIVAL_POD_WST       [queue size = 137]
2026-07-12 14:30:19 DEBUG: Pod 213 arrived at workstation 1 - status = BUSY
2026-07-12 14:30:19 DEBUG: Pod queued at workstation.    [picking_buffer = {24: 117.92296105855206}]
2026-07-12 14:30:19 DEBUG:    EVENT NUM 288   current_time = 00:01:58   RELEASE_TASK          [queue size = 136]
2026-07-12 14:30:19 DEBUG: Task 69 released: pod 420 required by workstation(s) [2].  [released tasks = 37]
2026-07-12 14:30:19 DEBUG:    EVENT NUM 289   current_time = 00:01:58   RETURN_POD            [queue size = 135]
2026-07-12 14:30:19 DEBUG: Pod 260 returned. Robot 15 idle.   [idle robots = 1/30, released tasks = 37]
2026-07-12 14:30:19 DEBUG:    EVENT NUM 290   current_time = 00:01:58   START_TASK            [queue size = 135]
2026-07-12 14:30:19 DEBUG: Task 30 blocked: no orders in {0: [42]} is open yet.  [released tasks = 36]
2026-07-12 14:30:19 DEBUG: Task 33 blocked: no orders in {1: [11]} is open yet.  [released tasks = 35]
2026-07-12 14:30:19 DEBUG: Task 35 blocked: no orders in {1: [11]} is open yet.  [released tasks = 34]
2026-07-12 14:30:19 DEBUG: Task 36 blocked: no orders in {0: [41]} is open yet.  [released tasks = 33]
2026-07-12 14:30:19 DEBUG: Task 37 blocked: no orders in {0: [27]} is open yet.  [released tasks = 32]
2026-07-12 14:30:19 DEBUG: Task 39 blocked: no orders in {1: [51]} is open yet.  [released tasks = 31]
2026-07-12 14:30:19 DEBUG: Task 40 blocked: no orders in {1: [35]} is open yet.  [released tasks = 30]
2026-07-12 14:30:19 DEBUG: Task 41 blocked: no orders in {2: [68]} is open yet.  [released tasks = 29]
2026-07-12 14:30:19 DEBUG: Task 42 blocked: no orders in {0: [64, 85]} is open yet.  [released tasks = 28]
2026-07-12 14:30:19 DEBUG: Task 44 started: robot 15 → pod 598 → workstation 2 for orders {72} (arrival = 207.4 s).   [idle robots = 0/30]
2026-07-12 14:30:19 DEBUG:    EVENT NUM 291   current_time = 00:01:59   ARRIVAL_POD_WST       [queue size = 135]
2026-07-12 14:30:19 DEBUG: Pod 156 arrived at workstation 2 - status = BUSY
2026-07-12 14:30:19 DEBUG: Pod queued at workstation.    [picking_buffer = {34: 86.81362636874417, 38: 98.50992316311519, 18: 119.05186813853769}]
2026-07-12 14:30:19 DEBUG:    EVENT NUM 292   current_time = 00:01:59   ARRIVAL_POD_WST       [queue size = 134]
2026-07-12 14:30:19 DEBUG: Pod 427 arrived at workstation 1 - status = BUSY
2026-07-12 14:30:19 DEBUG: Pod queued at workstation.    [picking_buffer = {24: 117.92296105855206, 27: 119.44947076759215}]
2026-07-12 14:30:19 DEBUG:    EVENT NUM 293   current_time = 00:02:00   ARRIVAL_ORDER         [queue size = 133]
2026-07-12 14:30:19 DEBUG: Order 123 arrived: items_required = [2261, 6637].     [orders_in_system = 117]
2026-07-12 14:30:19 DEBUG:    EVENT NUM 294   current_time = 00:02:00   END_PICKING           [queue size = 133]
2026-07-12 14:30:19 DEBUG: Ended picking at workstation 0.    [picking_buffer len = {}]
2026-07-12 14:30:19 DEBUG: Task should have served orders {22}, found open orders {8, 77, 22, 30}.
2026-07-12 14:30:19 DEBUG: Task 8 completed: pod 226 returning to storage.
2026-07-12 14:30:19 DEBUG:    EVENT NUM 295   current_time = 00:02:00   CLOSE_ORDER           [queue size = 134]
2026-07-12 14:30:19 DEBUG: Order 22 closed at workstation 0: flow_time = 120.1 s.     [order_buffer = 11] [open_orders = 3/4]
2026-07-12 14:30:19 DEBUG: Next order in buffer: 40
2026-07-12 14:30:19 DEBUG:    EVENT NUM 296   current_time = 00:02:00   OPEN_ORDER            [queue size = 134]
2026-07-12 14:30:19 DEBUG: Order 40 (skus required = {7573}) opened at workstation 0.   [open_orders = 4/4]
2026-07-12 14:30:19 DEBUG:    EVENT NUM 297   current_time = 00:02:00   START_TASK            [queue size = 134]
2026-07-12 14:30:19 DEBUG: Task 30 blocked: no idle robots.
2026-07-12 14:30:19 DEBUG:    EVENT NUM 298   current_time = 00:02:00   RETURN_POD            [queue size = 133]
2026-07-12 14:30:19 DEBUG: Pod 579 returned. Robot 2 idle.   [idle robots = 1/30, released tasks = 36]
2026-07-12 14:30:19 DEBUG:    EVENT NUM 299   current_time = 00:02:00   START_TASK            [queue size = 133]
2026-07-12 14:30:19 DEBUG: Task 30 started: robot 2 → pod 383 → workstation 0 for orders {42} (arrival = 155.2 s).   [idle robots = 0/30]
2026-07-12 14:30:19 DEBUG:    EVENT NUM 300   current_time = 00:02:00   RELEASE_TASK          [queue size = 133]
2026-07-12 14:30:19 DEBUG: Task 70 released: pod 594 required by workstation(s) [0].  [released tasks = 36]
2026-07-12 14:30:19 DEBUG:    EVENT NUM 301   current_time = 00:02:00   RETURN_POD            [queue size = 132]
2026-07-12 14:30:19 DEBUG: Pod 409 returned. Robot 3 idle.   [idle robots = 1/30, released tasks = 36]
2026-07-12 14:30:19 DEBUG:    EVENT NUM 302   current_time = 00:02:00   START_TASK            [queue size = 132]
2026-07-12 14:30:19 DEBUG: Task 33 blocked: no orders in {1: [11]} is open yet.  [released tasks = 35]
2026-07-12 14:30:19 DEBUG: Task 35 blocked: no orders in {1: [11]} is open yet.  [released tasks = 34]
2026-07-12 14:30:19 DEBUG: Task 36 blocked: no orders in {0: [41]} is open yet.  [released tasks = 33]
2026-07-12 14:30:19 DEBUG: Task 37 blocked: no orders in {0: [27]} is open yet.  [released tasks = 32]
2026-07-12 14:30:19 DEBUG: Task 39 blocked: no orders in {1: [51]} is open yet.  [released tasks = 31]
2026-07-12 14:30:19 DEBUG: Task 40 blocked: no orders in {1: [35]} is open yet.  [released tasks = 30]
2026-07-12 14:30:19 DEBUG: Task 41 blocked: no orders in {2: [68]} is open yet.  [released tasks = 29]
2026-07-12 14:30:19 DEBUG: Task 42 blocked: no orders in {0: [64, 85]} is open yet.  [released tasks = 28]
2026-07-12 14:30:19 DEBUG: Task 45 blocked: no orders in {1: [88, 25]} is open yet.  [released tasks = 27]
2026-07-12 14:30:19 DEBUG: Task 46 blocked: no orders in {0: [64]} is open yet.  [released tasks = 26]
2026-07-12 14:30:19 DEBUG: Task 47 blocked: no orders in {0: [64]} is open yet.  [released tasks = 25]
2026-07-12 14:30:19 DEBUG: Task 48 blocked: no orders in {2: [68]} is open yet.  [released tasks = 24]
2026-07-12 14:30:19 DEBUG: Task 49 blocked: no orders in {1: [71]} is open yet.  [released tasks = 23]
2026-07-12 14:30:19 DEBUG: Task 50 started: robot 3 → pod 112 → workstation 2 for orders {7} (arrival = 200.2 s).   [idle robots = 0/30]
2026-07-12 14:30:19 DEBUG:    EVENT NUM 303   current_time = 00:02:00   RETURN_POD            [queue size = 132]
2026-07-12 14:30:19 DEBUG: Pod 391 returned. Robot 7 idle.   [idle robots = 1/30, released tasks = 35]
2026-07-12 14:30:19 DEBUG:    EVENT NUM 304   current_time = 00:02:00   START_TASK            [queue size = 132]
2026-07-12 14:30:19 DEBUG: Task 33 blocked: no orders in {1: [11]} is open yet.  [released tasks = 34]
2026-07-12 14:30:19 DEBUG: Task 35 blocked: no orders in {1: [11]} is open yet.  [released tasks = 33]
2026-07-12 14:30:19 DEBUG: Task 36 blocked: no orders in {0: [41]} is open yet.  [released tasks = 32]
2026-07-12 14:30:19 DEBUG: Task 37 blocked: no orders in {0: [27]} is open yet.  [released tasks = 31]
2026-07-12 14:30:19 DEBUG: Task 39 blocked: no orders in {1: [51]} is open yet.  [released tasks = 30]
2026-07-12 14:30:19 DEBUG: Task 40 blocked: no orders in {1: [35]} is open yet.  [released tasks = 29]
2026-07-12 14:30:19 DEBUG: Task 41 blocked: no orders in {2: [68]} is open yet.  [released tasks = 28]
2026-07-12 14:30:19 DEBUG: Task 42 blocked: no orders in {0: [64, 85]} is open yet.  [released tasks = 27]
2026-07-12 14:30:19 DEBUG: Task 45 blocked: no orders in {1: [88, 25]} is open yet.  [released tasks = 26]
2026-07-12 14:30:19 DEBUG: Task 46 blocked: no orders in {0: [64]} is open yet.  [released tasks = 25]
2026-07-12 14:30:19 DEBUG: Task 47 blocked: no orders in {0: [64]} is open yet.  [released tasks = 24]
2026-07-12 14:30:19 DEBUG: Task 48 blocked: no orders in {2: [68]} is open yet.  [released tasks = 23]
2026-07-12 14:30:19 DEBUG: Task 49 blocked: no orders in {1: [71]} is open yet.  [released tasks = 22]
2026-07-12 14:30:19 DEBUG: Task 51 blocked: no orders in {1: [99]} is open yet.  [released tasks = 21]
2026-07-12 14:30:19 DEBUG: Task 52 blocked: no orders in {0: [64]} is open yet.  [released tasks = 20]
2026-07-12 14:30:19 DEBUG: Task 53 blocked: no orders in {1: [99]} is open yet.  [released tasks = 19]
2026-07-12 14:30:19 DEBUG: Task 54 blocked: no orders in {0: [85]} is open yet.  [released tasks = 18]
2026-07-12 14:30:19 DEBUG: Task 55 blocked: no orders in {0: [64]} is open yet.  [released tasks = 17]
2026-07-12 14:30:19 DEBUG: Task 56 blocked: no orders in {1: [88]} is open yet.  [released tasks = 16]
2026-07-12 14:30:19 DEBUG: Task 58 blocked: no orders in {0: [85], 1: [67, 52]} is open yet.  [released tasks = 15]
2026-07-12 14:30:19 DEBUG: Task 59 blocked: no orders in {1: [99]} is open yet.  [released tasks = 14]
2026-07-12 14:30:19 DEBUG: Task 60 blocked: no orders in {0: [78]} is open yet.  [released tasks = 13]
2026-07-12 14:30:19 DEBUG: Task 61 blocked: no orders in {1: [88]} is open yet.  [released tasks = 12]
2026-07-12 14:30:19 DEBUG: Task 63 blocked: no orders in {1: [88]} is open yet.  [released tasks = 11]
2026-07-12 14:30:19 DEBUG: Task 64 blocked: no orders in {1: [88]} is open yet.  [released tasks = 10]
2026-07-12 14:30:19 DEBUG: Task 65 started: robot 7 → pod 257 → workstation 0 for orders {85} (arrival = 177.5 s).   [idle robots = 0/30]
2026-07-12 14:30:19 DEBUG:    EVENT NUM 305   current_time = 00:02:01   ARRIVAL_POD_WST       [queue size = 132]
2026-07-12 14:30:19 DEBUG: Pod 202 arrived at workstation 0 - status = IDLE
2026-07-12 14:30:19 DEBUG: Pod queued at workstation.    [picking_buffer = {12: 121.31724335289779}]
2026-07-12 14:30:19 DEBUG:    EVENT NUM 306   current_time = 00:02:01   START_PICKING         [queue size = 132]
2026-07-12 14:30:19 DEBUG: Processing task 12 at workstation 0: picking items {4643} for orders {77}
2026-07-12 14:30:19 DEBUG:    EVENT NUM 307   current_time = 00:02:02   RELEASE_TASK          [queue size = 132]
2026-07-12 14:30:19 DEBUG: Task 71 released: pod 289 required by workstation(s) [2].  [released tasks = 35]
2026-07-12 14:30:19 DEBUG:    EVENT NUM 308   current_time = 00:02:02   RETURN_POD            [queue size = 131]
2026-07-12 14:30:19 DEBUG: Pod 419 returned. Robot 28 idle.   [idle robots = 1/30, released tasks = 35]
2026-07-12 14:30:19 DEBUG:    EVENT NUM 309   current_time = 00:02:02   START_TASK            [queue size = 131]
2026-07-12 14:30:19 DEBUG: Task 33 blocked: no orders in {1: [11]} is open yet.  [released tasks = 34]
2026-07-12 14:30:19 DEBUG: Task 35 blocked: no orders in {1: [11]} is open yet.  [released tasks = 33]
2026-07-12 14:30:19 DEBUG: Task 36 blocked: no orders in {0: [41]} is open yet.  [released tasks = 32]
2026-07-12 14:30:19 DEBUG: Task 37 blocked: no orders in {0: [27]} is open yet.  [released tasks = 31]
2026-07-12 14:30:19 DEBUG: Task 39 blocked: no orders in {1: [51]} is open yet.  [released tasks = 30]
2026-07-12 14:30:19 DEBUG: Task 40 blocked: no orders in {1: [35]} is open yet.  [released tasks = 29]
2026-07-12 14:30:19 DEBUG: Task 41 blocked: no orders in {2: [68]} is open yet.  [released tasks = 28]
2026-07-12 14:30:19 DEBUG: Task 42 blocked: no orders in {0: [64, 85]} is open yet.  [released tasks = 27]
2026-07-12 14:30:19 DEBUG: Task 45 blocked: no orders in {1: [88, 25]} is open yet.  [released tasks = 26]
2026-07-12 14:30:19 DEBUG: Task 46 blocked: no orders in {0: [64]} is open yet.  [released tasks = 25]
2026-07-12 14:30:19 DEBUG: Task 47 blocked: no orders in {0: [64]} is open yet.  [released tasks = 24]
2026-07-12 14:30:19 DEBUG: Task 48 blocked: no orders in {2: [68]} is open yet.  [released tasks = 23]
2026-07-12 14:30:19 DEBUG: Task 49 blocked: no orders in {1: [71]} is open yet.  [released tasks = 22]
2026-07-12 14:30:19 DEBUG: Task 51 blocked: no orders in {1: [99]} is open yet.  [released tasks = 21]
2026-07-12 14:30:19 DEBUG: Task 52 blocked: no orders in {0: [64]} is open yet.  [released tasks = 20]
2026-07-12 14:30:19 DEBUG: Task 53 blocked: no orders in {1: [99]} is open yet.  [released tasks = 19]
2026-07-12 14:30:19 DEBUG: Task 54 blocked: no orders in {0: [85]} is open yet.  [released tasks = 18]
2026-07-12 14:30:19 DEBUG: Task 55 blocked: no orders in {0: [64]} is open yet.  [released tasks = 17]
2026-07-12 14:30:19 DEBUG: Task 56 blocked: no orders in {1: [88]} is open yet.  [released tasks = 16]
2026-07-12 14:30:19 DEBUG: Task 58 blocked: no orders in {0: [85], 1: [67, 52]} is open yet.  [released tasks = 15]
2026-07-12 14:30:19 DEBUG: Task 59 blocked: no orders in {1: [99]} is open yet.  [released tasks = 14]
2026-07-12 14:30:19 DEBUG: Task 60 blocked: no orders in {0: [78]} is open yet.  [released tasks = 13]
2026-07-12 14:30:19 DEBUG: Task 61 blocked: no orders in {1: [88]} is open yet.  [released tasks = 12]
2026-07-12 14:30:19 DEBUG: Task 63 blocked: no orders in {1: [88]} is open yet.  [released tasks = 11]
2026-07-12 14:30:19 DEBUG: Task 64 blocked: no orders in {1: [88]} is open yet.  [released tasks = 10]
2026-07-12 14:30:19 DEBUG: Task 66 blocked: no orders in {0: [64]} is open yet.  [released tasks = 9]
2026-07-12 14:30:19 DEBUG: Task 67 blocked: no orders in {0: [70]} is open yet.  [released tasks = 8]
2026-07-12 14:30:19 DEBUG: Task 68 started: robot 28 → pod 585 → workstation 4 for orders {61} (arrival = 146.4 s).   [idle robots = 0/30]
2026-07-12 14:30:19 DEBUG:    EVENT NUM 310   current_time = 00:02:03   ARRIVAL_POD_WST       [queue size = 131]
2026-07-12 14:30:19 DEBUG: Pod 357 arrived at workstation 0 - status = BUSY
2026-07-12 14:30:19 DEBUG: Pod queued at workstation.    [picking_buffer = {20: 123.04201237900799}]
2026-07-12 14:30:19 DEBUG:    EVENT NUM 311   current_time = 00:02:03   ARRIVAL_POD_WST       [queue size = 130]
2026-07-12 14:30:19 DEBUG: Pod 554 arrived at workstation 2 - status = BUSY
2026-07-12 14:30:19 DEBUG: Pod queued at workstation.    [picking_buffer = {34: 86.81362636874417, 38: 98.50992316311519, 18: 119.05186813853769, 43: 123.45102125178792}]
2026-07-12 14:30:19 DEBUG:    EVENT NUM 312   current_time = 00:02:03   RELEASE_TASK          [queue size = 129]
2026-07-12 14:30:19 DEBUG: Task 72 released: pod 528 required by workstation(s) [3, 3].  [released tasks = 35]
2026-07-12 14:30:19 DEBUG:    EVENT NUM 313   current_time = 00:02:05   ARRIVAL_ORDER         [queue size = 128]
2026-07-12 14:30:19 DEBUG: Order 124 arrived: items_required = [5106].     [orders_in_system = 117]
2026-07-12 14:30:19 DEBUG:    EVENT NUM 314   current_time = 00:02:05   RELEASE_TASK          [queue size = 128]
2026-07-12 14:30:19 DEBUG: Task 73 released: pod 535 required by workstation(s) [4].  [released tasks = 36]
2026-07-12 14:30:19 DEBUG:    EVENT NUM 315   current_time = 00:02:07   RELEASE_TASK          [queue size = 127]
2026-07-12 14:30:19 DEBUG: Task 74 released: pod 292 required by workstation(s) [0].  [released tasks = 37]
2026-07-12 14:30:19 DEBUG:    EVENT NUM 316   current_time = 00:02:08   END_PICKING           [queue size = 126]
2026-07-12 14:30:19 DEBUG: Ended picking at workstation 2.    [picking_buffer len = {34: 86.81362636874417, 38: 98.50992316311519, 18: 119.05186813853769, 43: 123.45102125178792}]
2026-07-12 14:30:19 DEBUG: Task should have served orders {56, 31}, found open orders {7, 44, 56, 31}.
2026-07-12 14:30:19 DEBUG: Task 5 completed: pod 353 returning to storage.
2026-07-12 14:30:19 DEBUG:    EVENT NUM 317   current_time = 00:02:08   CLOSE_ORDER           [queue size = 128]
2026-07-12 14:30:19 DEBUG: Order 56 closed at workstation 2: flow_time = 128.1 s.     [order_buffer = 3] [open_orders = 3/4]
2026-07-12 14:30:19 DEBUG: Next order in buffer: 72
2026-07-12 14:30:19 DEBUG:    EVENT NUM 318   current_time = 00:02:08   START_PICKING         [queue size = 128]
2026-07-12 14:30:19 DEBUG: Processing task 34 at workstation 2: picking items {2774, 3399} for orders {72, 7}
2026-07-12 14:30:19 DEBUG:    EVENT NUM 319   current_time = 00:02:08   OPEN_ORDER            [queue size = 128]
2026-07-12 14:30:19 DEBUG: Order 72 (skus required = {2347, 3399}) opened at workstation 2.   [open_orders = 4/4]
2026-07-12 14:30:19 DEBUG:    EVENT NUM 320   current_time = 00:02:08   START_TASK            [queue size = 128]
2026-07-12 14:30:19 DEBUG: Task 33 blocked: no orders in {1: [11]} is open yet.  [released tasks = 36]
2026-07-12 14:30:19 DEBUG: Task 35 blocked: no orders in {1: [11]} is open yet.  [released tasks = 35]
2026-07-12 14:30:19 DEBUG: Task 36 blocked: no orders in {0: [41]} is open yet.  [released tasks = 34]
2026-07-12 14:30:19 DEBUG: Task 37 blocked: no orders in {0: [27]} is open yet.  [released tasks = 33]
2026-07-12 14:30:19 DEBUG: Task 39 blocked: no orders in {1: [51]} is open yet.  [released tasks = 32]
2026-07-12 14:30:19 DEBUG: Task 40 blocked: no orders in {1: [35]} is open yet.  [released tasks = 31]
2026-07-12 14:30:19 DEBUG: Task 41 blocked: no orders in {2: [68]} is open yet.  [released tasks = 30]
2026-07-12 14:30:19 DEBUG: Task 42 blocked: no orders in {0: [64, 85]} is open yet.  [released tasks = 29]
2026-07-12 14:30:19 DEBUG: Task 45 blocked: no orders in {1: [88, 25]} is open yet.  [released tasks = 28]
2026-07-12 14:30:19 DEBUG: Task 46 blocked: no orders in {0: [64]} is open yet.  [released tasks = 27]
2026-07-12 14:30:19 DEBUG: Task 47 blocked: no orders in {0: [64]} is open yet.  [released tasks = 26]
2026-07-12 14:30:19 DEBUG: Task 48 blocked: no orders in {2: [68]} is open yet.  [released tasks = 25]
2026-07-12 14:30:19 DEBUG: Task 49 blocked: no orders in {1: [71]} is open yet.  [released tasks = 24]
2026-07-12 14:30:19 DEBUG: Task 51 blocked: no orders in {1: [99]} is open yet.  [released tasks = 23]
2026-07-12 14:30:19 DEBUG: Task 52 blocked: no orders in {0: [64]} is open yet.  [released tasks = 22]
2026-07-12 14:30:19 DEBUG: Task 53 blocked: no orders in {1: [99]} is open yet.  [released tasks = 21]
2026-07-12 14:30:19 DEBUG: Task 54 blocked: no orders in {0: [85]} is open yet.  [released tasks = 20]
2026-07-12 14:30:19 DEBUG: Task 55 blocked: no orders in {0: [64]} is open yet.  [released tasks = 19]
2026-07-12 14:30:19 DEBUG: Task 56 blocked: no orders in {1: [88]} is open yet.  [released tasks = 18]
2026-07-12 14:30:19 DEBUG: Task 58 blocked: no orders in {0: [85], 1: [67, 52]} is open yet.  [released tasks = 17]
2026-07-12 14:30:19 DEBUG: Task 59 blocked: no orders in {1: [99]} is open yet.  [released tasks = 16]
2026-07-12 14:30:19 DEBUG: Task 60 blocked: no orders in {0: [78]} is open yet.  [released tasks = 15]
2026-07-12 14:30:19 DEBUG: Task 61 blocked: no orders in {1: [88]} is open yet.  [released tasks = 14]
2026-07-12 14:30:19 DEBUG: Task 63 blocked: no orders in {1: [88]} is open yet.  [released tasks = 13]
2026-07-12 14:30:19 DEBUG: Task 64 blocked: no orders in {1: [88]} is open yet.  [released tasks = 12]
2026-07-12 14:30:19 DEBUG: Task 66 blocked: no orders in {0: [64]} is open yet.  [released tasks = 11]
2026-07-12 14:30:19 DEBUG: Task 67 blocked: no orders in {0: [70]} is open yet.  [released tasks = 10]
2026-07-12 14:30:19 DEBUG: Task 69 blocked: no idle robots.
2026-07-12 14:30:19 DEBUG:    EVENT NUM 321   current_time = 00:02:08   RELEASE_TASK          [queue size = 127]
2026-07-12 14:30:19 DEBUG: Task 75 released: pod 559 required by workstation(s) [1].  [released tasks = 38]
2026-07-12 14:30:19 DEBUG:    EVENT NUM 322   current_time = 00:02:08   END_PICKING           [queue size = 126]
2026-07-12 14:30:19 DEBUG: Ended picking at workstation 1.    [picking_buffer len = {24: 117.92296105855206, 27: 119.44947076759215}]
2026-07-12 14:30:19 DEBUG: Task should have served orders {33, 97}, found open orders {33, 2, 46, 97}.
2026-07-12 14:30:19 DEBUG: Task 9 completed: pod 573 returning to storage.
2026-07-12 14:30:19 DEBUG:    EVENT NUM 323   current_time = 00:02:08   START_PICKING         [queue size = 127]
2026-07-12 14:30:19 DEBUG: Processing task 24 at workstation 1: picking items {5087} for orders {97}
2026-07-12 14:30:19 DEBUG:    EVENT NUM 324   current_time = 00:02:10   ARRIVAL_ORDER         [queue size = 127]
2026-07-12 14:30:19 DEBUG: Order 125 arrived: items_required = [1003, 5426, 6918, 1338].     [orders_in_system = 117]
2026-07-12 14:30:19 DEBUG:    EVENT NUM 325   current_time = 00:02:10   RELEASE_TASK          [queue size = 127]
2026-07-12 14:30:19 DEBUG: Task 76 released: pod 182 required by workstation(s) [3].  [released tasks = 39]
2026-07-12 14:30:19 DEBUG:    EVENT NUM 326   current_time = 00:02:11   END_PICKING           [queue size = 126]
2026-07-12 14:30:19 DEBUG: Ended picking at workstation 0.    [picking_buffer len = {20: 123.04201237900799}]
2026-07-12 14:30:19 DEBUG: Task should have served orders {77}, found open orders {8, 40, 77, 30}.
2026-07-12 14:30:19 DEBUG: Task 12 completed: pod 202 returning to storage.
2026-07-12 14:30:19 DEBUG:    EVENT NUM 327   current_time = 00:02:11   CLOSE_ORDER           [queue size = 128]
2026-07-12 14:30:19 DEBUG: Order 77 closed at workstation 0: flow_time = 131.3 s.     [order_buffer = 10] [open_orders = 3/4]
2026-07-12 14:30:19 DEBUG: Next order in buffer: 42
2026-07-12 14:30:19 DEBUG:    EVENT NUM 328   current_time = 00:02:11   START_PICKING         [queue size = 128]
2026-07-12 14:30:19 DEBUG: Processing task 20 at workstation 0: picking items {4761} for orders {30}
2026-07-12 14:30:19 DEBUG:    EVENT NUM 329   current_time = 00:02:11   OPEN_ORDER            [queue size = 128]
2026-07-12 14:30:19 DEBUG: Order 42 (skus required = {6987}) opened at workstation 0.   [open_orders = 4/4]
2026-07-12 14:30:19 DEBUG:    EVENT NUM 330   current_time = 00:02:11   START_TASK            [queue size = 128]
2026-07-12 14:30:19 DEBUG: Task 33 blocked: no orders in {1: [11]} is open yet.  [released tasks = 38]
2026-07-12 14:30:19 DEBUG: Task 35 blocked: no orders in {1: [11]} is open yet.  [released tasks = 37]
2026-07-12 14:30:19 DEBUG: Task 36 blocked: no orders in {0: [41]} is open yet.  [released tasks = 36]
2026-07-12 14:30:19 DEBUG: Task 37 blocked: no orders in {0: [27]} is open yet.  [released tasks = 35]
2026-07-12 14:30:19 DEBUG: Task 39 blocked: no orders in {1: [51]} is open yet.  [released tasks = 34]
2026-07-12 14:30:19 DEBUG: Task 40 blocked: no orders in {1: [35]} is open yet.  [released tasks = 33]
2026-07-12 14:30:19 DEBUG: Task 41 blocked: no orders in {2: [68]} is open yet.  [released tasks = 32]
2026-07-12 14:30:19 DEBUG: Task 42 blocked: no orders in {0: [64, 85]} is open yet.  [released tasks = 31]
2026-07-12 14:30:19 DEBUG: Task 45 blocked: no orders in {1: [88, 25]} is open yet.  [released tasks = 30]
2026-07-12 14:30:19 DEBUG: Task 46 blocked: no orders in {0: [64]} is open yet.  [released tasks = 29]
2026-07-12 14:30:19 DEBUG: Task 47 blocked: no orders in {0: [64]} is open yet.  [released tasks = 28]
2026-07-12 14:30:19 DEBUG: Task 48 blocked: no orders in {2: [68]} is open yet.  [released tasks = 27]
2026-07-12 14:30:19 DEBUG: Task 49 blocked: no orders in {1: [71]} is open yet.  [released tasks = 26]
2026-07-12 14:30:19 DEBUG: Task 51 blocked: no orders in {1: [99]} is open yet.  [released tasks = 25]
2026-07-12 14:30:19 DEBUG: Task 53 blocked: no orders in {1: [99]} is open yet.  [released tasks = 24]
2026-07-12 14:30:19 DEBUG: Task 54 blocked: no orders in {0: [85]} is open yet.  [released tasks = 23]
2026-07-12 14:30:19 DEBUG: Task 55 blocked: no orders in {0: [64]} is open yet.  [released tasks = 22]
2026-07-12 14:30:19 DEBUG: Task 56 blocked: no orders in {1: [88]} is open yet.  [released tasks = 21]
2026-07-12 14:30:19 DEBUG: Task 58 blocked: no orders in {0: [85], 1: [67, 52]} is open yet.  [released tasks = 20]
2026-07-12 14:30:19 DEBUG: Task 59 blocked: no orders in {1: [99]} is open yet.  [released tasks = 19]
2026-07-12 14:30:19 DEBUG: Task 60 blocked: no orders in {0: [78]} is open yet.  [released tasks = 18]
2026-07-12 14:30:19 DEBUG: Task 61 blocked: no orders in {1: [88]} is open yet.  [released tasks = 17]
2026-07-12 14:30:19 DEBUG: Task 63 blocked: no orders in {1: [88]} is open yet.  [released tasks = 16]
2026-07-12 14:30:19 DEBUG: Task 64 blocked: no orders in {1: [88]} is open yet.  [released tasks = 15]
2026-07-12 14:30:19 DEBUG: Task 66 blocked: no orders in {0: [64]} is open yet.  [released tasks = 14]
2026-07-12 14:30:19 DEBUG: Task 67 blocked: no orders in {0: [70]} is open yet.  [released tasks = 13]
2026-07-12 14:30:19 DEBUG: Task 69 blocked: no idle robots.
2026-07-12 14:30:19 DEBUG:    EVENT NUM 331   current_time = 00:02:12   RELEASE_TASK          [queue size = 127]
2026-07-12 14:30:19 DEBUG: Task 77 released: pod 377 required by workstation(s) [1].  [released tasks = 40]
2026-07-12 14:30:19 DEBUG:    EVENT NUM 332   current_time = 00:02:13   RELEASE_TASK          [queue size = 126]
2026-07-12 14:30:19 DEBUG: Task 78 released: pod 163 required by workstation(s) [4, 6].  [released tasks = 41]
2026-07-12 14:30:19 DEBUG:    EVENT NUM 333   current_time = 00:02:15   ARRIVAL_ORDER         [queue size = 125]
2026-07-12 14:30:19 DEBUG: Order 126 arrived: items_required = [4506].     [orders_in_system = 117]
2026-07-12 14:30:19 DEBUG:    EVENT NUM 334   current_time = 00:02:15   RELEASE_TASK          [queue size = 125]
2026-07-12 14:30:19 DEBUG: Task 79 released: pod 407 required by workstation(s) [3].  [released tasks = 42]
2026-07-12 14:30:19 DEBUG:    EVENT NUM 335   current_time = 00:02:16   ARRIVAL_POD_WST       [queue size = 124]
2026-07-12 14:30:19 DEBUG: Pod 553 arrived at workstation 0 - status = BUSY
2026-07-12 14:30:19 DEBUG: Pod queued at workstation.    [picking_buffer = {22: 136.28384906330672}]
2026-07-12 14:30:19 DEBUG:    EVENT NUM 336   current_time = 00:02:17   RELEASE_TASK          [queue size = 123]
2026-07-12 14:30:19 DEBUG: Task 80 released: pod 242 required by workstation(s) [0].  [released tasks = 43]
2026-07-12 14:30:19 DEBUG:    EVENT NUM 337   current_time = 00:02:18   END_PICKING           [queue size = 122]
2026-07-12 14:30:19 DEBUG: Ended picking at workstation 1.    [picking_buffer len = {27: 119.44947076759215}]
2026-07-12 14:30:19 DEBUG: Task should have served orders {97}, found open orders {33, 2, 46, 97}.
2026-07-12 14:30:19 DEBUG: Task 24 completed: pod 213 returning to storage.
2026-07-12 14:30:19 DEBUG:    EVENT NUM 338   current_time = 00:02:18   START_PICKING         [queue size = 123]
2026-07-12 14:30:19 DEBUG: Processing task 27 at workstation 1: picking items {3580} for orders {46}
2026-07-12 14:30:19 DEBUG:    EVENT NUM 339   current_time = 00:02:18   RETURN_POD            [queue size = 123]
2026-07-12 14:30:19 DEBUG: Pod 388 returned. Robot 16 idle.   [idle robots = 1/30, released tasks = 43]
2026-07-12 14:30:19 DEBUG:    EVENT NUM 340   current_time = 00:02:18   START_TASK            [queue size = 123]
2026-07-12 14:30:19 DEBUG: Task 33 blocked: no orders in {1: [11]} is open yet.  [released tasks = 42]
2026-07-12 14:30:19 DEBUG: Task 35 blocked: no orders in {1: [11]} is open yet.  [released tasks = 41]
2026-07-12 14:30:19 DEBUG: Task 36 blocked: no orders in {0: [41]} is open yet.  [released tasks = 40]
2026-07-12 14:30:19 DEBUG: Task 37 blocked: no orders in {0: [27]} is open yet.  [released tasks = 39]
2026-07-12 14:30:19 DEBUG: Task 39 blocked: no orders in {1: [51]} is open yet.  [released tasks = 38]
2026-07-12 14:30:19 DEBUG: Task 40 blocked: no orders in {1: [35]} is open yet.  [released tasks = 37]
2026-07-12 14:30:19 DEBUG: Task 41 blocked: no orders in {2: [68]} is open yet.  [released tasks = 36]
2026-07-12 14:30:19 DEBUG: Task 42 blocked: no orders in {0: [64, 85]} is open yet.  [released tasks = 35]
2026-07-12 14:30:19 DEBUG: Task 45 blocked: no orders in {1: [88, 25]} is open yet.  [released tasks = 34]
2026-07-12 14:30:19 DEBUG: Task 46 blocked: no orders in {0: [64]} is open yet.  [released tasks = 33]
2026-07-12 14:30:19 DEBUG: Task 47 blocked: no orders in {0: [64]} is open yet.  [released tasks = 32]
2026-07-12 14:30:19 DEBUG: Task 48 blocked: no orders in {2: [68]} is open yet.  [released tasks = 31]
2026-07-12 14:30:19 DEBUG: Task 49 blocked: no orders in {1: [71]} is open yet.  [released tasks = 30]
2026-07-12 14:30:19 DEBUG: Task 51 blocked: no orders in {1: [99]} is open yet.  [released tasks = 29]
2026-07-12 14:30:19 DEBUG: Task 53 blocked: no orders in {1: [99]} is open yet.  [released tasks = 28]
2026-07-12 14:30:19 DEBUG: Task 54 blocked: no orders in {0: [85]} is open yet.  [released tasks = 27]
2026-07-12 14:30:19 DEBUG: Task 55 blocked: no orders in {0: [64]} is open yet.  [released tasks = 26]
2026-07-12 14:30:19 DEBUG: Task 56 blocked: no orders in {1: [88]} is open yet.  [released tasks = 25]
2026-07-12 14:30:19 DEBUG: Task 58 blocked: no orders in {0: [85], 1: [67, 52]} is open yet.  [released tasks = 24]
2026-07-12 14:30:19 DEBUG: Task 59 blocked: no orders in {1: [99]} is open yet.  [released tasks = 23]
2026-07-12 14:30:19 DEBUG: Task 60 blocked: no orders in {0: [78]} is open yet.  [released tasks = 22]
2026-07-12 14:30:19 DEBUG: Task 61 blocked: no orders in {1: [88]} is open yet.  [released tasks = 21]
2026-07-12 14:30:19 DEBUG: Task 63 blocked: no orders in {1: [88]} is open yet.  [released tasks = 20]
2026-07-12 14:30:19 DEBUG: Task 64 blocked: no orders in {1: [88]} is open yet.  [released tasks = 19]
2026-07-12 14:30:19 DEBUG: Task 66 blocked: no orders in {0: [64]} is open yet.  [released tasks = 18]
2026-07-12 14:30:19 DEBUG: Task 67 blocked: no orders in {0: [70]} is open yet.  [released tasks = 17]
2026-07-12 14:30:19 DEBUG: Task 69 started: robot 16 → pod 420 → workstation 2 for orders {76} (arrival = 231.6 s).   [idle robots = 0/30]
2026-07-12 14:30:19 DEBUG:    EVENT NUM 341   current_time = 00:02:19   RELEASE_TASK          [queue size = 123]
2026-07-12 14:30:19 DEBUG: Task 81 released: pod 453 required by workstation(s) [4, 4].  [released tasks = 43]
2026-07-12 14:30:19 DEBUG:    EVENT NUM 342   current_time = 00:02:20   ARRIVAL_ORDER         [queue size = 122]
2026-07-12 14:30:19 DEBUG: Order 127 arrived: items_required = [5139].     [orders_in_system = 118]
2026-07-12 14:30:19 DEBUG:    EVENT NUM 343   current_time = 00:02:20   RELEASE_TASK          [queue size = 122]
2026-07-12 14:30:19 DEBUG: Task 82 released: pod 268 required by workstation(s) [0, 5].  [released tasks = 44]
2026-07-12 14:30:19 DEBUG:    EVENT NUM 344   current_time = 00:02:21   END_PICKING           [queue size = 121]
2026-07-12 14:30:19 DEBUG: Ended picking at workstation 0.    [picking_buffer len = {22: 136.28384906330672}]
2026-07-12 14:30:19 DEBUG: Task should have served orders {30}, found open orders {8, 40, 42, 30}.
2026-07-12 14:30:19 DEBUG: Task 20 completed: pod 357 returning to storage.
2026-07-12 14:30:19 DEBUG:    EVENT NUM 345   current_time = 00:02:21   START_PICKING         [queue size = 122]
2026-07-12 14:30:19 DEBUG: Processing task 22 at workstation 0: picking items {2147} for orders {30}
2026-07-12 14:30:19 DEBUG:    EVENT NUM 346   current_time = 00:02:21   ARRIVAL_POD_WST       [queue size = 122]
2026-07-12 14:30:19 DEBUG: Pod 103 arrived at workstation 1 - status = BUSY
2026-07-12 14:30:19 DEBUG: Pod queued at workstation.    [picking_buffer = {11: 141.82250842705247}]
2026-07-12 14:30:19 DEBUG:    EVENT NUM 347   current_time = 00:02:22   RELEASE_TASK          [queue size = 121]
2026-07-12 14:30:19 DEBUG: Task 83 released: pod 149 required by workstation(s) [0].  [released tasks = 45]
2026-07-12 14:30:19 DEBUG:    EVENT NUM 348   current_time = 00:02:23   END_PICKING           [queue size = 120]
2026-07-12 14:30:19 DEBUG: Ended picking at workstation 2.    [picking_buffer len = {38: 98.50992316311519, 18: 119.05186813853769, 43: 123.45102125178792}]
2026-07-12 14:30:19 DEBUG: Task should have served orders {72, 7}, found open orders {7, 72, 44, 31}.
2026-07-12 14:30:19 DEBUG: Task 34 completed: pod 563 returning to storage.
2026-07-12 14:30:19 DEBUG:    EVENT NUM 349   current_time = 00:02:23   START_PICKING         [queue size = 121]
2026-07-12 14:30:19 DEBUG: Processing task 38 at workstation 2: picking items {635, 4023} for orders {76, 7}
2026-07-12 14:30:19 DEBUG:    EVENT NUM 350   current_time = 00:02:24   RELEASE_TASK          [queue size = 121]
2026-07-12 14:30:19 DEBUG: Task 84 released: pod 36 required by workstation(s) [4, 4].  [released tasks = 46]
2026-07-12 14:30:19 DEBUG:    EVENT NUM 351   current_time = 00:02:25   ARRIVAL_ORDER         [queue size = 120]
2026-07-12 14:30:19 DEBUG: Order 128 arrived: items_required = [4949, 4250, 3577].     [orders_in_system = 119]
2026-07-12 14:30:19 DEBUG:    EVENT NUM 352   current_time = 00:02:25   RELEASE_TASK          [queue size = 120]
2026-07-12 14:30:19 DEBUG: Task 85 released: pod 129 required by workstation(s) [4, 4, 4].  [released tasks = 47]
2026-07-12 14:30:19 DEBUG:    EVENT NUM 353   current_time = 00:02:26   ARRIVAL_POD_WST       [queue size = 119]
2026-07-12 14:30:19 DEBUG: Pod 585 arrived at workstation 4 - status = IDLE
2026-07-12 14:30:19 DEBUG: Pod queued at workstation.    [picking_buffer = {68: 146.44719598752937}]
2026-07-12 14:30:19 DEBUG:    EVENT NUM 354   current_time = 00:02:26   START_PICKING         [queue size = 119]
2026-07-12 14:30:19 DEBUG: Processing task 68 at workstation 4: picking items {7370} for orders {61}
2026-07-12 14:30:19 DEBUG:    EVENT NUM 355   current_time = 00:02:27   RELEASE_TASK          [queue size = 119]
2026-07-12 14:30:19 DEBUG: Task 86 released: pod 506 required by workstation(s) [0].  [released tasks = 48]
2026-07-12 14:30:19 DEBUG:    EVENT NUM 356   current_time = 00:02:28   RETURN_POD            [queue size = 118]
2026-07-12 14:30:19 DEBUG: Pod 235 returned. Robot 11 idle.   [idle robots = 1/30, released tasks = 48]
2026-07-12 14:30:19 DEBUG:    EVENT NUM 357   current_time = 00:02:28   START_TASK            [queue size = 118]
2026-07-12 14:30:19 DEBUG: Task 33 blocked: no orders in {1: [11]} is open yet.  [released tasks = 47]
2026-07-12 14:30:19 DEBUG: Task 35 blocked: no orders in {1: [11]} is open yet.  [released tasks = 46]
2026-07-12 14:30:19 DEBUG: Task 36 blocked: no orders in {0: [41]} is open yet.  [released tasks = 45]
2026-07-12 14:30:19 DEBUG: Task 37 blocked: no orders in {0: [27]} is open yet.  [released tasks = 44]
2026-07-12 14:30:19 DEBUG: Task 39 blocked: no orders in {1: [51]} is open yet.  [released tasks = 43]
2026-07-12 14:30:19 DEBUG: Task 40 blocked: no orders in {1: [35]} is open yet.  [released tasks = 42]
2026-07-12 14:30:19 DEBUG: Task 41 blocked: no orders in {2: [68]} is open yet.  [released tasks = 41]
2026-07-12 14:30:19 DEBUG: Task 42 blocked: no orders in {0: [64, 85]} is open yet.  [released tasks = 40]
2026-07-12 14:30:19 DEBUG: Task 45 blocked: no orders in {1: [88, 25]} is open yet.  [released tasks = 39]
2026-07-12 14:30:19 DEBUG: Task 46 blocked: no orders in {0: [64]} is open yet.  [released tasks = 38]
2026-07-12 14:30:19 DEBUG: Task 47 blocked: no orders in {0: [64]} is open yet.  [released tasks = 37]
2026-07-12 14:30:19 DEBUG: Task 48 blocked: no orders in {2: [68]} is open yet.  [released tasks = 36]
2026-07-12 14:30:19 DEBUG: Task 49 blocked: no orders in {1: [71]} is open yet.  [released tasks = 35]
2026-07-12 14:30:19 DEBUG: Task 51 blocked: no orders in {1: [99]} is open yet.  [released tasks = 34]
2026-07-12 14:30:19 DEBUG: Task 53 blocked: no orders in {1: [99]} is open yet.  [released tasks = 33]
2026-07-12 14:30:19 DEBUG: Task 54 blocked: no orders in {0: [85]} is open yet.  [released tasks = 32]
2026-07-12 14:30:19 DEBUG: Task 55 blocked: no orders in {0: [64]} is open yet.  [released tasks = 31]
2026-07-12 14:30:19 DEBUG: Task 56 blocked: no orders in {1: [88]} is open yet.  [released tasks = 30]
2026-07-12 14:30:19 DEBUG: Task 58 blocked: no orders in {0: [85], 1: [67, 52]} is open yet.  [released tasks = 29]
2026-07-12 14:30:19 DEBUG: Task 59 blocked: no orders in {1: [99]} is open yet.  [released tasks = 28]
2026-07-12 14:30:19 DEBUG: Task 60 blocked: no orders in {0: [78]} is open yet.  [released tasks = 27]
2026-07-12 14:30:19 DEBUG: Task 61 blocked: no orders in {1: [88]} is open yet.  [released tasks = 26]
2026-07-12 14:30:19 DEBUG: Task 63 blocked: no orders in {1: [88]} is open yet.  [released tasks = 25]
2026-07-12 14:30:19 DEBUG: Task 64 blocked: no orders in {1: [88]} is open yet.  [released tasks = 24]
2026-07-12 14:30:19 DEBUG: Task 66 blocked: no orders in {0: [64]} is open yet.  [released tasks = 23]
2026-07-12 14:30:19 DEBUG: Task 67 blocked: no orders in {0: [70]} is open yet.  [released tasks = 22]
2026-07-12 14:30:19 DEBUG: Task 71 started: robot 11 → pod 289 → workstation 2 for orders {76} (arrival = 230.2 s).   [idle robots = 0/30]
2026-07-12 14:30:19 DEBUG:    EVENT NUM 358   current_time = 00:02:28   END_PICKING           [queue size = 118]
2026-07-12 14:30:19 DEBUG: Ended picking at workstation 1.    [picking_buffer len = {11: 141.82250842705247}]
2026-07-12 14:30:19 DEBUG: Task should have served orders {46}, found open orders {33, 2, 46, 97}.
2026-07-12 14:30:19 DEBUG: Task 27 completed: pod 427 returning to storage.
2026-07-12 14:30:19 DEBUG:    EVENT NUM 359   current_time = 00:02:28   CLOSE_ORDER           [queue size = 120]
2026-07-12 14:30:19 DEBUG: Order 46 closed at workstation 1: flow_time = 148.9 s.     [order_buffer = 10] [open_orders = 3/4]
2026-07-12 14:30:19 DEBUG: Next order in buffer: 6
2026-07-12 14:30:19 DEBUG:    EVENT NUM 360   current_time = 00:02:28   START_PICKING         [queue size = 120]
2026-07-12 14:30:19 DEBUG: Processing task 11 at workstation 1: picking items {7544, 4201, 5058} for orders {97, 2}
2026-07-12 14:30:19 DEBUG:    EVENT NUM 361   current_time = 00:02:28   OPEN_ORDER            [queue size = 120]
2026-07-12 14:30:19 DEBUG: Order 6 (skus required = {4997}) opened at workstation 1.   [open_orders = 4/4]
2026-07-12 14:30:19 DEBUG:    EVENT NUM 362   current_time = 00:02:28   START_TASK            [queue size = 120]
2026-07-12 14:30:19 DEBUG: Task 33 blocked: no orders in {1: [11]} is open yet.  [released tasks = 46]
2026-07-12 14:30:19 DEBUG: Task 35 blocked: no orders in {1: [11]} is open yet.  [released tasks = 45]
2026-07-12 14:30:19 DEBUG: Task 36 blocked: no orders in {0: [41]} is open yet.  [released tasks = 44]
2026-07-12 14:30:19 DEBUG: Task 37 blocked: no orders in {0: [27]} is open yet.  [released tasks = 43]
2026-07-12 14:30:19 DEBUG: Task 39 blocked: no idle robots.
2026-07-12 14:30:19 DEBUG:    EVENT NUM 363   current_time = 00:02:29   RELEASE_TASK          [queue size = 119]
2026-07-12 14:30:19 DEBUG: Task 87 released: pod 585 required by workstation(s) [4].  [released tasks = 48]
2026-07-12 14:30:19 DEBUG:    EVENT NUM 364   current_time = 00:02:30   ARRIVAL_ORDER         [queue size = 118]
2026-07-12 14:30:19 DEBUG: Order 129 arrived: items_required = [6441].     [orders_in_system = 119]
2026-07-12 14:30:19 DEBUG:    EVENT NUM 365   current_time = 00:02:31   RELEASE_TASK          [queue size = 118]
2026-07-12 14:30:19 DEBUG: Task 88 released: pod 280 required by workstation(s) [0].  [released tasks = 49]
2026-07-12 14:30:19 DEBUG:    EVENT NUM 366   current_time = 00:02:31   END_PICKING           [queue size = 117]
2026-07-12 14:30:19 DEBUG: Ended picking at workstation 0.    [picking_buffer len = {}]
2026-07-12 14:30:19 DEBUG: Task should have served orders {30}, found open orders {8, 40, 42, 30}.
2026-07-12 14:30:19 DEBUG: Task 22 completed: pod 553 returning to storage.
2026-07-12 14:30:19 DEBUG:    EVENT NUM 367   current_time = 00:02:31   CLOSE_ORDER           [queue size = 118]
2026-07-12 14:30:19 DEBUG: Order 30 closed at workstation 0: flow_time = 151.3 s.     [order_buffer = 9] [open_orders = 3/4]
2026-07-12 14:30:19 DEBUG: Next order in buffer: 53
2026-07-12 14:30:19 DEBUG:    EVENT NUM 368   current_time = 00:02:31   OPEN_ORDER            [queue size = 118]
2026-07-12 14:30:19 DEBUG: Order 53 (skus required = {6995}) opened at workstation 0.   [open_orders = 4/4]
2026-07-12 14:30:19 DEBUG:    EVENT NUM 369   current_time = 00:02:31   START_TASK            [queue size = 118]
2026-07-12 14:30:19 DEBUG: Task 33 blocked: no orders in {1: [11]} is open yet.  [released tasks = 48]
2026-07-12 14:30:19 DEBUG: Task 35 blocked: no orders in {1: [11]} is open yet.  [released tasks = 47]
2026-07-12 14:30:19 DEBUG: Task 36 blocked: no idle robots.
2026-07-12 14:30:19 DEBUG:    EVENT NUM 370   current_time = 00:02:32   RETURN_POD            [queue size = 117]
2026-07-12 14:30:19 DEBUG: Pod 234 returned. Robot 8 idle.   [idle robots = 1/30, released tasks = 49]
2026-07-12 14:30:19 DEBUG:    EVENT NUM 371   current_time = 00:02:32   START_TASK            [queue size = 117]
2026-07-12 14:30:19 DEBUG: Task 33 blocked: no orders in {1: [11]} is open yet.  [released tasks = 48]
2026-07-12 14:30:19 DEBUG: Task 35 blocked: no orders in {1: [11]} is open yet.  [released tasks = 47]
2026-07-12 14:30:19 DEBUG: Task 36 started: robot 8 → pod 500 → workstation 0 for orders {41} (arrival = 228.6 s).   [idle robots = 0/30]
2026-07-12 14:30:19 DEBUG:    EVENT NUM 372   current_time = 00:02:32   RELEASE_TASK          [queue size = 117]
2026-07-12 14:30:19 DEBUG: Task 89 released: pod 387 required by workstation(s) [4].  [released tasks = 49]
2026-07-12 14:30:19 DEBUG:    EVENT NUM 373   current_time = 00:02:34   RELEASE_TASK          [queue size = 116]
2026-07-12 14:30:19 DEBUG: Task 90 released: pod 549 required by workstation(s) [3, 3].  [released tasks = 50]
2026-07-12 14:30:19 DEBUG:    EVENT NUM 374   current_time = 00:02:34   RETURN_POD            [queue size = 115]
2026-07-12 14:30:19 DEBUG: Pod 309 returned. Robot 10 idle.   [idle robots = 1/30, released tasks = 50]
2026-07-12 14:30:19 DEBUG:    EVENT NUM 375   current_time = 00:02:34   START_TASK            [queue size = 115]
2026-07-12 14:30:19 DEBUG: Task 33 blocked: no orders in {1: [11]} is open yet.  [released tasks = 49]
2026-07-12 14:30:19 DEBUG: Task 35 blocked: no orders in {1: [11]} is open yet.  [released tasks = 48]
2026-07-12 14:30:19 DEBUG: Task 37 blocked: no orders in {0: [27]} is open yet.  [released tasks = 47]
2026-07-12 14:30:19 DEBUG: Task 39 started: robot 10 → pod 447 → workstation 1 for orders {51} (arrival = 273.7 s).   [idle robots = 0/30]
2026-07-12 14:30:19 DEBUG:    EVENT NUM 376   current_time = 00:02:35   ARRIVAL_ORDER         [queue size = 115]
2026-07-12 14:30:19 DEBUG: Order 130 arrived: items_required = [4835].     [orders_in_system = 119]
2026-07-12 14:30:19 DEBUG:    EVENT NUM 377   current_time = 00:02:35   ARRIVAL_POD_WST       [queue size = 115]
2026-07-12 14:30:19 DEBUG: Pod 383 arrived at workstation 0 - status = IDLE
2026-07-12 14:30:19 DEBUG: Pod queued at workstation.    [picking_buffer = {30: 155.2395550241829}]
2026-07-12 14:30:19 DEBUG:    EVENT NUM 378   current_time = 00:02:35   START_PICKING         [queue size = 115]
2026-07-12 14:30:19 DEBUG: Processing task 30 at workstation 0: picking items {6987} for orders {42}
2026-07-12 14:30:19 DEBUG:    EVENT NUM 379   current_time = 00:02:36   RELEASE_TASK          [queue size = 115]
2026-07-12 14:30:19 DEBUG: Task 91 released: pod 50 required by workstation(s) [3].  [released tasks = 50]
2026-07-12 14:30:19 DEBUG:    EVENT NUM 380   current_time = 00:02:36   END_PICKING           [queue size = 114]
2026-07-12 14:30:19 DEBUG: Ended picking at workstation 4.    [picking_buffer len = {}]
2026-07-12 14:30:19 DEBUG: Task should have served orders {61}, found open orders {21, 61, 38, 87}.
2026-07-12 14:30:19 DEBUG: Task 68 completed: pod 585 returning to storage.
2026-07-12 14:30:19 DEBUG:    EVENT NUM 381   current_time = 00:02:37   RELEASE_TASK          [queue size = 114]
2026-07-12 14:30:19 DEBUG: Task 92 released: pod 336 required by workstation(s) [4].  [released tasks = 51]
2026-07-12 14:30:19 DEBUG:    EVENT NUM 382   current_time = 00:02:38   END_PICKING           [queue size = 113]
2026-07-12 14:30:19 DEBUG: Ended picking at workstation 2.    [picking_buffer len = {18: 119.05186813853769, 43: 123.45102125178792}]
2026-07-12 14:30:19 DEBUG: Task should have served orders {76, 7}, found open orders {7, 72, 44, 31}.
2026-07-12 14:30:19 DEBUG: Task 38 heading to workstation 2.
2026-07-12 14:30:19 DEBUG:    EVENT NUM 383   current_time = 00:02:38   ARRIVAL_POD_WST       [queue size = 114]
2026-07-12 14:30:19 DEBUG: Pod 513 arrived at workstation 2 - status = IDLE
2026-07-12 14:30:19 DEBUG: Pod queued at workstation.    [picking_buffer = {18: 119.05186813853769, 43: 123.45102125178792, 38: 158.0614661760084}]
2026-07-12 14:30:19 DEBUG:    EVENT NUM 384   current_time = 00:02:38   START_PICKING         [queue size = 114]
2026-07-12 14:30:19 DEBUG: Processing task 18 at workstation 2: picking items {3051} for orders {31}
2026-07-12 14:30:19 DEBUG:    EVENT NUM 385   current_time = 00:02:38   START_PICKING         [queue size = 114]
2026-07-12 14:30:19 DEBUG:    EVENT NUM 386   current_time = 00:02:39   RELEASE_TASK          [queue size = 113]
2026-07-12 14:30:19 DEBUG: Task 93 released: pod 519 required by workstation(s) [4].  [released tasks = 52]
2026-07-12 14:30:19 DEBUG:    EVENT NUM 387   current_time = 00:02:40   ARRIVAL_ORDER         [queue size = 112]
2026-07-12 14:30:19 DEBUG: Order 131 arrived: items_required = [5952, 3871].     [orders_in_system = 120]
2026-07-12 14:30:19 DEBUG:    EVENT NUM 388   current_time = 00:02:41   RELEASE_TASK          [queue size = 112]
2026-07-12 14:30:19 DEBUG: Task 94 released: pod 550 required by workstation(s) [4].  [released tasks = 53]
2026-07-12 14:30:19 DEBUG:    EVENT NUM 389   current_time = 00:02:42   RELEASE_TASK          [queue size = 111]
2026-07-12 14:30:19 DEBUG: Task 95 released: pod 407 required by workstation(s) [3].  [released tasks = 54]
2026-07-12 14:30:19 DEBUG:    EVENT NUM 390   current_time = 00:02:44   RELEASE_TASK          [queue size = 110]
2026-07-12 14:30:19 DEBUG: Task 96 released: pod 45 required by workstation(s) [3].  [released tasks = 55]
2026-07-12 14:30:19 DEBUG:    EVENT NUM 391   current_time = 00:02:45   ARRIVAL_ORDER         [queue size = 109]
2026-07-12 14:30:19 DEBUG: Order 132 arrived: items_required = [2670, 6603].     [orders_in_system = 121]
2026-07-12 14:30:19 DEBUG:    EVENT NUM 392   current_time = 00:02:45   END_PICKING           [queue size = 109]
2026-07-12 14:30:19 DEBUG: Ended picking at workstation 0.    [picking_buffer len = {}]
2026-07-12 14:30:19 DEBUG: Task should have served orders {42}, found open orders {8, 40, 42, 53}.
2026-07-12 14:30:19 DEBUG: Task 30 completed: pod 383 returning to storage.
2026-07-12 14:30:19 DEBUG:    EVENT NUM 393   current_time = 00:02:45   CLOSE_ORDER           [queue size = 110]
2026-07-12 14:30:19 DEBUG: Order 42 closed at workstation 0: flow_time = 165.2 s.     [order_buffer = 8] [open_orders = 3/4]
2026-07-12 14:30:19 DEBUG: Next order in buffer: 41
2026-07-12 14:30:19 DEBUG:    EVENT NUM 394   current_time = 00:02:45   OPEN_ORDER            [queue size = 110]
2026-07-12 14:30:19 DEBUG: Order 41 (skus required = {5514}) opened at workstation 0.   [open_orders = 4/4]
2026-07-12 14:30:19 DEBUG:    EVENT NUM 395   current_time = 00:02:45   START_TASK            [queue size = 110]
2026-07-12 14:30:19 DEBUG: Task 33 blocked: no orders in {1: [11]} is open yet.  [released tasks = 54]
2026-07-12 14:30:19 DEBUG: Task 35 blocked: no orders in {1: [11]} is open yet.  [released tasks = 53]
2026-07-12 14:30:19 DEBUG: Task 37 blocked: no idle robots.
2026-07-12 14:30:19 DEBUG:    EVENT NUM 396   current_time = 00:02:46   RELEASE_TASK          [queue size = 109]
2026-07-12 14:30:19 DEBUG: Task 97 released: pod 397 required by workstation(s) [4].  [released tasks = 56]
2026-07-12 14:30:19 DEBUG:    EVENT NUM 397   current_time = 00:02:48   RELEASE_TASK          [queue size = 108]
2026-07-12 14:30:19 DEBUG: Task 98 released: pod 38 required by workstation(s) [5].  [released tasks = 57]
2026-07-12 14:30:19 DEBUG:    EVENT NUM 398   current_time = 00:02:48   END_PICKING           [queue size = 107]
2026-07-12 14:30:19 DEBUG: Ended picking at workstation 2.    [picking_buffer len = {43: 123.45102125178792, 38: 158.0614661760084}]
2026-07-12 14:30:19 DEBUG: Task should have served orders {31}, found open orders {7, 72, 44, 31}.
2026-07-12 14:30:19 DEBUG: Task 18 completed: pod 156 returning to storage.
2026-07-12 14:30:19 DEBUG:    EVENT NUM 399   current_time = 00:02:48   CLOSE_ORDER           [queue size = 109]
2026-07-12 14:30:19 DEBUG: Order 31 closed at workstation 2: flow_time = 168.1 s.     [order_buffer = 2] [open_orders = 3/4]
2026-07-12 14:30:19 DEBUG: Next order in buffer: 76
2026-07-12 14:30:19 DEBUG:    EVENT NUM 400   current_time = 00:02:48   START_PICKING         [queue size = 109]
2026-07-12 14:30:19 DEBUG: Processing task 43 at workstation 2: picking items {5024} for orders {7}
2026-07-12 14:30:19 DEBUG:    EVENT NUM 401   current_time = 00:02:48   OPEN_ORDER            [queue size = 109]
2026-07-12 14:30:19 DEBUG: Order 76 (skus required = {5064, 635, 5084}) opened at workstation 2.   [open_orders = 4/4]
2026-07-12 14:30:19 DEBUG:    EVENT NUM 402   current_time = 00:02:48   START_TASK            [queue size = 109]
2026-07-12 14:30:19 DEBUG: Task 33 blocked: no orders in {1: [11]} is open yet.  [released tasks = 56]
2026-07-12 14:30:19 DEBUG: Task 35 blocked: no orders in {1: [11]} is open yet.  [released tasks = 55]
2026-07-12 14:30:19 DEBUG: Task 37 blocked: no idle robots.
2026-07-12 14:30:19 DEBUG:    EVENT NUM 403   current_time = 00:02:48   END_PICKING           [queue size = 108]
2026-07-12 14:30:19 DEBUG: Ended picking at workstation 1.    [picking_buffer len = {}]
2026-07-12 14:30:19 DEBUG: Task should have served orders {97, 2}, found open orders {33, 2, 6, 97}.
2026-07-12 14:30:19 DEBUG: Task 11 completed: pod 103 returning to storage.
2026-07-12 14:30:19 DEBUG:    EVENT NUM 404   current_time = 00:02:48   CLOSE_ORDER           [queue size = 110]
2026-07-12 14:30:19 DEBUG: Order 97 closed at workstation 1: flow_time = 168.9 s.     [order_buffer = 9] [open_orders = 3/4]
2026-07-12 14:30:19 DEBUG: Next order in buffer: 51
2026-07-12 14:30:19 DEBUG:    EVENT NUM 405   current_time = 00:02:48   CLOSE_ORDER           [queue size = 110]
2026-07-12 14:30:19 DEBUG: Order 2 closed at workstation 1: flow_time = 168.9 s.     [order_buffer = 8] [open_orders = 2/4]
2026-07-12 14:30:19 DEBUG: Next order in buffer: 11
2026-07-12 14:30:19 DEBUG:    EVENT NUM 406   current_time = 00:02:48   OPEN_ORDER            [queue size = 110]
2026-07-12 14:30:19 DEBUG: Order 51 (skus required = {4529, 3661}) opened at workstation 1.   [open_orders = 3/4]
2026-07-12 14:30:19 DEBUG:    EVENT NUM 407   current_time = 00:02:48   OPEN_ORDER            [queue size = 110]
2026-07-12 14:30:19 DEBUG: Order 11 (skus required = {4649, 5895}) opened at workstation 1.   [open_orders = 4/4]
2026-07-12 14:30:19 DEBUG:    EVENT NUM 408   current_time = 00:02:48   START_TASK            [queue size = 110]
2026-07-12 14:30:19 DEBUG: Task 33 blocked: no idle robots.
2026-07-12 14:30:19 DEBUG:    EVENT NUM 409   current_time = 00:02:48   START_TASK            [queue size = 109]
2026-07-12 14:30:19 DEBUG: Task 33 blocked: no idle robots.
2026-07-12 14:30:19 DEBUG:    EVENT NUM 410   current_time = 00:02:49   RELEASE_TASK          [queue size = 108]
2026-07-12 14:30:19 DEBUG: Task 99 released: pod 322 required by workstation(s) [5, 5].  [released tasks = 58]
2026-07-12 14:30:19 DEBUG:    EVENT NUM 411   current_time = 00:02:50   ARRIVAL_ORDER         [queue size = 107]
2026-07-12 14:30:19 DEBUG: Order 133 arrived: items_required = [3822].     [orders_in_system = 118]
2026-07-12 14:30:19 DEBUG:    EVENT NUM 412   current_time = 00:02:51   ARRIVAL_POD_WST       [queue size = 107]
2026-07-12 14:30:19 DEBUG: Pod 295 arrived at workstation 1 - status = IDLE
2026-07-12 14:30:19 DEBUG: Pod queued at workstation.    [picking_buffer = {28: 171.19725561294683}]
2026-07-12 14:30:19 DEBUG:    EVENT NUM 413   current_time = 00:02:51   START_PICKING         [queue size = 107]
2026-07-12 14:30:19 DEBUG: Processing task 28 at workstation 1: picking items {5147} for orders {33}
2026-07-12 14:30:19 DEBUG:    EVENT NUM 414   current_time = 00:02:51   ARRIVAL_POD_WST       [queue size = 107]
2026-07-12 14:30:19 DEBUG: Pod 121 arrived at workstation 2 - status = BUSY
2026-07-12 14:30:19 DEBUG: Pod queued at workstation.    [picking_buffer = {38: 158.0614661760084, 19: 171.30005787131427}]
2026-07-12 14:30:19 DEBUG:    EVENT NUM 415   current_time = 00:02:51   RELEASE_TASK          [queue size = 106]
2026-07-12 14:30:19 DEBUG: Task 100 released: pod 150 required by workstation(s) [4].  [released tasks = 59]
2026-07-12 14:30:19 DEBUG:    EVENT NUM 416   current_time = 00:02:51   RETURN_POD            [queue size = 105]
2026-07-12 14:30:19 DEBUG: Pod 543 returned. Robot 12 idle.   [idle robots = 1/30, released tasks = 59]
2026-07-12 14:30:19 DEBUG:    EVENT NUM 417   current_time = 00:02:51   START_TASK            [queue size = 105]
2026-07-12 14:30:19 DEBUG: Task 33 started: robot 12 → pod 269 → workstation 1 for orders {11} (arrival = 281.9 s).   [idle robots = 0/30]
2026-07-12 14:30:19 DEBUG:    EVENT NUM 418   current_time = 00:02:53   RELEASE_TASK          [queue size = 105]
2026-07-12 14:30:19 DEBUG: Task 101 released: pod 151 required by workstation(s) [4].  [released tasks = 59]
2026-07-12 14:30:19 DEBUG:    EVENT NUM 419   current_time = 00:02:54   RETURN_POD            [queue size = 104]
2026-07-12 14:30:19 DEBUG: Pod 563 returned. Robot 14 idle.   [idle robots = 1/30, released tasks = 59]
2026-07-12 14:30:19 DEBUG:    EVENT NUM 420   current_time = 00:02:54   START_TASK            [queue size = 104]
2026-07-12 14:30:19 DEBUG: Task 35 started: robot 14 → pod 581 → workstation 1 for orders {11} (arrival = 201.9 s).   [idle robots = 0/30]
2026-07-12 14:30:19 DEBUG:    EVENT NUM 421   current_time = 00:02:54   RELEASE_TASK          [queue size = 104]
2026-07-12 14:30:19 DEBUG: Task 102 released: pod 384 required by workstation(s) [3].  [released tasks = 59]
2026-07-12 14:30:19 DEBUG:    EVENT NUM 422   current_time = 00:02:55   ARRIVAL_ORDER         [queue size = 103]
2026-07-12 14:30:19 DEBUG: Order 134 arrived: items_required = [2698, 6634].     [orders_in_system = 119]
2026-07-12 14:30:19 DEBUG:    EVENT NUM 423   current_time = 00:02:56   RELEASE_TASK          [queue size = 103]
2026-07-12 14:30:19 DEBUG: Task 103 released: pod 569 required by workstation(s) [3].  [released tasks = 60]
2026-07-12 14:30:19 DEBUG:    EVENT NUM 424   current_time = 00:02:57   ARRIVAL_POD_WST       [queue size = 102]
2026-07-12 14:30:19 DEBUG: Pod 257 arrived at workstation 0 - status = IDLE
2026-07-12 14:30:19 DEBUG: Pod queued at workstation.    [picking_buffer = {65: 177.5099321329688}]
2026-07-12 14:30:19 DEBUG:    EVENT NUM 425   current_time = 00:02:57   START_PICKING         [queue size = 102]
2026-07-12 14:30:19 DEBUG: start_picking: WS 0 has no actionable task in buffer.
2026-07-12 14:30:19 DEBUG:    EVENT NUM 426   current_time = 00:02:58   END_PICKING           [queue size = 101]
2026-07-12 14:30:19 DEBUG: Ended picking at workstation 2.    [picking_buffer len = {38: 158.0614661760084, 19: 171.30005787131427}]
2026-07-12 14:30:19 DEBUG: Task should have served orders {7}, found open orders {7, 72, 44, 76}.
2026-07-12 14:30:19 DEBUG: Task 43 completed: pod 554 returning to storage.
2026-07-12 14:30:19 DEBUG:    EVENT NUM 427   current_time = 00:02:58   START_PICKING         [queue size = 102]
2026-07-12 14:30:19 DEBUG: Processing task 38 at workstation 2: picking items {635, 4023} for orders {76}
2026-07-12 14:30:19 DEBUG:    EVENT NUM 428   current_time = 00:02:58   RELEASE_TASK          [queue size = 102]
2026-07-12 14:30:19 DEBUG: Task 104 released: pod 325 required by workstation(s) [6].  [released tasks = 61]
2026-07-12 14:30:19 DEBUG:    EVENT NUM 429   current_time = 00:02:58   RETURN_POD            [queue size = 101]
2026-07-12 14:30:19 DEBUG: Pod 585 returned. Robot 28 idle.   [idle robots = 1/30, released tasks = 61]
2026-07-12 14:30:19 DEBUG:    EVENT NUM 430   current_time = 00:02:58   START_TASK            [queue size = 101]
2026-07-12 14:30:19 DEBUG: Task 37 started: robot 28 → pod 3 → workstation 0 for orders {27} (arrival = 311.5 s).   [idle robots = 0/30]
2026-07-12 14:30:19 DEBUG:    EVENT NUM 431   current_time = 00:02:59   RELEASE_TASK          [queue size = 101]
2026-07-12 14:30:19 DEBUG: Task 105 released: pod 104 required by workstation(s) [5, 5].  [released tasks = 61]
2026-07-12 14:30:19 DEBUG:    EVENT NUM 432   current_time = 00:03:00   ARRIVAL_ORDER         [queue size = 100]
2026-07-12 14:30:19 DEBUG: Order 135 arrived: items_required = [2869].     [orders_in_system = 120]
2026-07-12 14:30:19 DEBUG:    EVENT NUM 433   current_time = 00:03:01   END_PICKING           [queue size = 100]
2026-07-12 14:30:19 DEBUG: Ended picking at workstation 1.    [picking_buffer len = {}]
2026-07-12 14:30:19 DEBUG: Task should have served orders {33}, found open orders {33, 51, 6, 11}.
2026-07-12 14:30:19 DEBUG: Task 28 completed: pod 295 returning to storage.
2026-07-12 14:30:19 DEBUG:    EVENT NUM 434   current_time = 00:03:01   CLOSE_ORDER           [queue size = 101]
2026-07-12 14:30:19 DEBUG: Order 33 closed at workstation 1: flow_time = 181.2 s.     [order_buffer = 7] [open_orders = 3/4]
2026-07-12 14:30:19 DEBUG: Next order in buffer: 35
2026-07-12 14:30:19 DEBUG:    EVENT NUM 435   current_time = 00:03:01   OPEN_ORDER            [queue size = 101]
2026-07-12 14:30:19 DEBUG: Order 35 (skus required = {2287}) opened at workstation 1.   [open_orders = 4/4]
2026-07-12 14:30:19 DEBUG:    EVENT NUM 436   current_time = 00:03:01   START_TASK            [queue size = 101]
2026-07-12 14:30:19 DEBUG: Task 40 blocked: no idle robots.
2026-07-12 14:30:19 DEBUG:    EVENT NUM 437   current_time = 00:03:01   RELEASE_TASK          [queue size = 100]
2026-07-12 14:30:19 DEBUG: Task 106 released: pod 176 required by workstation(s) [5].  [released tasks = 62]
2026-07-12 14:30:19 DEBUG:    EVENT NUM 438   current_time = 00:03:03   RELEASE_TASK          [queue size = 99]
2026-07-12 14:30:19 DEBUG: Task 107 released: pod 263 required by workstation(s) [4].  [released tasks = 63]
2026-07-12 14:30:19 DEBUG:    EVENT NUM 439   current_time = 00:03:05   ARRIVAL_ORDER         [queue size = 98]
2026-07-12 14:30:19 DEBUG: Order 136 arrived: items_required = [4002, 4978].     [orders_in_system = 120]
2026-07-12 14:30:19 DEBUG:    EVENT NUM 440   current_time = 00:03:05   RELEASE_TASK          [queue size = 98]
2026-07-12 14:30:19 DEBUG: Task 108 released: pod 115 required by workstation(s) [4].  [released tasks = 64]
2026-07-12 14:30:19 DEBUG:    EVENT NUM 441   current_time = 00:03:05   RETURN_POD            [queue size = 97]
2026-07-12 14:30:19 DEBUG: Pod 468 returned. Robot 26 idle.   [idle robots = 1/30, released tasks = 64]
2026-07-12 14:30:19 DEBUG:    EVENT NUM 442   current_time = 00:03:05   START_TASK            [queue size = 97]
2026-07-12 14:30:19 DEBUG: Task 40 started: robot 26 → pod 25 → workstation 1 for orders {35} (arrival = 319.6 s).   [idle robots = 0/30]
2026-07-12 14:30:19 DEBUG:    EVENT NUM 443   current_time = 00:03:06   RELEASE_TASK          [queue size = 97]
2026-07-12 14:30:19 DEBUG: Task 109 released: pod 394 required by workstation(s) [3].  [released tasks = 64]
2026-07-12 14:30:19 DEBUG:    EVENT NUM 444   current_time = 00:03:07   RETURN_POD            [queue size = 96]
2026-07-12 14:30:19 DEBUG: Pod 357 returned. Robot 5 idle.   [idle robots = 1/30, released tasks = 64]
2026-07-12 14:30:19 DEBUG:    EVENT NUM 445   current_time = 00:03:07   START_TASK            [queue size = 96]
2026-07-12 14:30:19 DEBUG: Task 41 started: robot 5 → pod 529 → workstation 2 for orders {68} (arrival = 239.7 s).   [idle robots = 0/30]
2026-07-12 14:30:19 DEBUG:    EVENT NUM 446   current_time = 00:03:08   ARRIVAL_POD_WST       [queue size = 96]
2026-07-12 14:30:19 DEBUG: Pod 172 arrived at workstation 1 - status = IDLE
2026-07-12 14:30:19 DEBUG: Pod queued at workstation.    [picking_buffer = {29: 188.13178419055834}]
2026-07-12 14:30:19 DEBUG:    EVENT NUM 447   current_time = 00:03:08   START_PICKING         [queue size = 96]
2026-07-12 14:30:19 DEBUG: Processing task 29 at workstation 1: picking items {3661, 4997} for orders {51, 6}
2026-07-12 14:30:19 DEBUG:    EVENT NUM 448   current_time = 00:03:08   RELEASE_TASK          [queue size = 96]
2026-07-12 14:30:19 DEBUG: Task 110 released: pod 371 required by workstation(s) [4].  [released tasks = 64]
2026-07-12 14:30:19 DEBUG:    EVENT NUM 449   current_time = 00:03:10   ARRIVAL_ORDER         [queue size = 95]
2026-07-12 14:30:19 DEBUG: Order 137 arrived: items_required = [3516, 4490].     [orders_in_system = 121]
2026-07-12 14:30:19 DEBUG:    EVENT NUM 450   current_time = 00:03:10   RELEASE_TASK          [queue size = 95]
2026-07-12 14:30:19 DEBUG: Task 111 released: pod 24 required by workstation(s) [6].  [released tasks = 65]
2026-07-12 14:30:19 DEBUG:    EVENT NUM 451   current_time = 00:03:11   RELEASE_TASK          [queue size = 94]
2026-07-12 14:30:19 DEBUG: Task 112 released: pod 441 required by workstation(s) [5].  [released tasks = 66]
2026-07-12 14:30:19 DEBUG:    EVENT NUM 452   current_time = 00:03:13   END_PICKING           [queue size = 93]
2026-07-12 14:30:19 DEBUG: Ended picking at workstation 2.    [picking_buffer len = {19: 171.30005787131427}]
2026-07-12 14:30:19 DEBUG: Task should have served orders {76}, found open orders {7, 72, 44, 76}.
2026-07-12 14:30:19 DEBUG: Task 38 completed: pod 513 returning to storage.
2026-07-12 14:30:19 DEBUG:    EVENT NUM 453   current_time = 00:03:13   START_PICKING         [queue size = 94]
2026-07-12 14:30:19 DEBUG: Processing task 19 at workstation 2: picking items {3837} for orders {44}
2026-07-12 14:30:19 DEBUG:    EVENT NUM 454   current_time = 00:03:13   RELEASE_TASK          [queue size = 94]
2026-07-12 14:30:19 DEBUG: Task 113 released: pod 275 required by workstation(s) [4].  [released tasks = 67]
2026-07-12 14:30:19 DEBUG:    EVENT NUM 455   current_time = 00:03:15   ARRIVAL_ORDER         [queue size = 93]
2026-07-12 14:30:19 DEBUG: Order 138 arrived: items_required = [5635].     [orders_in_system = 122]
2026-07-12 14:30:19 DEBUG:    EVENT NUM 456   current_time = 00:03:15   RELEASE_TASK          [queue size = 93]
2026-07-12 14:30:19 DEBUG: Task 114 released: pod 538 required by workstation(s) [6].  [released tasks = 68]
2026-07-12 14:30:19 DEBUG:    EVENT NUM 457   current_time = 00:03:17   RELEASE_TASK          [queue size = 92]
2026-07-12 14:30:19 DEBUG: Task 115 released: pod 572 required by workstation(s) [3].  [released tasks = 69]
2026-07-12 14:30:19 DEBUG:    EVENT NUM 458   current_time = 00:03:17   RETURN_POD            [queue size = 91]
2026-07-12 14:30:19 DEBUG: Pod 553 returned. Robot 1 idle.   [idle robots = 1/30, released tasks = 69]
2026-07-12 14:30:19 DEBUG:    EVENT NUM 459   current_time = 00:03:17   START_TASK            [queue size = 91]
2026-07-12 14:30:19 DEBUG: Task 42 blocked: no orders in {0: [64, 85]} is open yet.  [released tasks = 68]
2026-07-12 14:30:19 DEBUG: Task 45 started: robot 1 → pod 108 → workstation 1 for orders {88, 25} (arrival = 275.6 s).   [idle robots = 0/30]
2026-07-12 14:30:19 DEBUG:    EVENT NUM 460   current_time = 00:03:18   RELEASE_TASK          [queue size = 91]
2026-07-12 14:30:19 DEBUG: Task 116 released: pod 215 required by workstation(s) [5].  [released tasks = 69]
2026-07-12 14:30:19 DEBUG:    EVENT NUM 461   current_time = 00:03:19   RETURN_POD            [queue size = 90]
2026-07-12 14:30:19 DEBUG: Pod 594 returned. Robot 18 idle.   [idle robots = 1/30, released tasks = 69]
2026-07-12 14:30:19 DEBUG:    EVENT NUM 462   current_time = 00:03:19   START_TASK            [queue size = 90]
2026-07-12 14:30:19 DEBUG: Task 42 blocked: no orders in {0: [64, 85]} is open yet.  [released tasks = 68]
2026-07-12 14:30:19 DEBUG: Task 46 blocked: no orders in {0: [64]} is open yet.  [released tasks = 67]
2026-07-12 14:30:19 DEBUG: Task 47 blocked: no orders in {0: [64]} is open yet.  [released tasks = 66]
2026-07-12 14:30:19 DEBUG: Task 48 started: robot 18 → pod 266 → workstation 2 for orders {68} (arrival = 288.2 s).   [idle robots = 0/30]
2026-07-12 14:30:19 DEBUG:    EVENT NUM 463   current_time = 00:03:20   ARRIVAL_ORDER         [queue size = 90]
2026-07-12 14:30:19 DEBUG: Order 139 arrived: items_required = [2746].     [orders_in_system = 123]
2026-07-12 14:30:19 DEBUG:    EVENT NUM 464   current_time = 00:03:20   ARRIVAL_POD_WST       [queue size = 90]
2026-07-12 14:30:19 DEBUG: Pod 328 arrived at workstation 0 - status = IDLE
2026-07-12 14:30:19 DEBUG: Pod queued at workstation.    [picking_buffer = {65: 177.5099321329688, 26: 200.1131622529802}]
2026-07-12 14:30:19 DEBUG:    EVENT NUM 465   current_time = 00:03:20   START_PICKING         [queue size = 90]
2026-07-12 14:30:19 DEBUG: Processing task 26 at workstation 0: picking items {7573} for orders {40}
2026-07-12 14:30:19 DEBUG:    EVENT NUM 466   current_time = 00:03:20   ARRIVAL_POD_WST       [queue size = 90]
2026-07-12 14:30:19 DEBUG: Pod 112 arrived at workstation 2 - status = BUSY
2026-07-12 14:30:19 DEBUG: Pod queued at workstation.    [picking_buffer = {50: 200.16042434481903}]
2026-07-12 14:30:19 DEBUG:    EVENT NUM 467   current_time = 00:03:20   RELEASE_TASK          [queue size = 89]
2026-07-12 14:30:19 DEBUG: Task 117 released: pod 268 required by workstation(s) [5].  [released tasks = 69]
2026-07-12 14:30:19 DEBUG:    EVENT NUM 468   current_time = 00:03:21   ARRIVAL_POD_WST       [queue size = 88]
2026-07-12 14:30:19 DEBUG: Pod 581 arrived at workstation 1 - status = BUSY
2026-07-12 14:30:19 DEBUG: Pod queued at workstation.    [picking_buffer = {35: 201.92138772198064}]
2026-07-12 14:30:19 DEBUG:    EVENT NUM 469   current_time = 00:03:22   RELEASE_TASK          [queue size = 87]
2026-07-12 14:30:19 DEBUG: Task 118 released: pod 445 required by workstation(s) [3].  [released tasks = 70]
2026-07-12 14:30:19 DEBUG:    EVENT NUM 470   current_time = 00:03:23   END_PICKING           [queue size = 86]
2026-07-12 14:30:19 DEBUG: Ended picking at workstation 2.    [picking_buffer len = {50: 200.16042434481903}]
2026-07-12 14:30:19 DEBUG: Task should have served orders {44}, found open orders {7, 72, 44, 76}.
2026-07-12 14:30:19 DEBUG: Task 19 completed: pod 121 returning to storage.
2026-07-12 14:30:19 DEBUG:    EVENT NUM 471   current_time = 00:03:23   CLOSE_ORDER           [queue size = 88]
2026-07-12 14:30:19 DEBUG: Order 44 closed at workstation 2: flow_time = 203.1 s.     [order_buffer = 1] [open_orders = 3/4]
2026-07-12 14:30:19 DEBUG: Next order in buffer: 68
2026-07-12 14:30:19 DEBUG:    EVENT NUM 472   current_time = 00:03:23   START_PICKING         [queue size = 88]
2026-07-12 14:30:19 DEBUG: Processing task 50 at workstation 2: picking items {3780} for orders {7}
2026-07-12 14:30:19 DEBUG:    EVENT NUM 473   current_time = 00:03:23   OPEN_ORDER            [queue size = 88]
2026-07-12 14:30:19 DEBUG: Order 68 (skus required = {5304, 6700}) opened at workstation 2.   [open_orders = 4/4]
2026-07-12 14:30:19 DEBUG:    EVENT NUM 474   current_time = 00:03:23   START_TASK            [queue size = 88]
2026-07-12 14:30:19 DEBUG: Task 42 blocked: no orders in {0: [64, 85]} is open yet.  [released tasks = 69]
2026-07-12 14:30:19 DEBUG: Task 46 blocked: no orders in {0: [64]} is open yet.  [released tasks = 68]
2026-07-12 14:30:19 DEBUG: Task 47 blocked: no orders in {0: [64]} is open yet.  [released tasks = 67]
2026-07-12 14:30:19 DEBUG: Task 49 blocked: no orders in {1: [71]} is open yet.  [released tasks = 66]
2026-07-12 14:30:19 DEBUG: Task 51 blocked: no orders in {1: [99]} is open yet.  [released tasks = 65]
2026-07-12 14:30:19 DEBUG: Task 53 blocked: no orders in {1: [99]} is open yet.  [released tasks = 64]
2026-07-12 14:30:19 DEBUG: Task 54 blocked: no orders in {0: [85]} is open yet.  [released tasks = 63]
2026-07-12 14:30:19 DEBUG: Task 55 blocked: no orders in {0: [64]} is open yet.  [released tasks = 62]
2026-07-12 14:30:19 DEBUG: Task 56 blocked: no idle robots.
2026-07-12 14:30:19 DEBUG:    EVENT NUM 475   current_time = 00:03:23   END_PICKING           [queue size = 87]
2026-07-12 14:30:19 DEBUG: Ended picking at workstation 1.    [picking_buffer len = {35: 201.92138772198064}]
2026-07-12 14:30:19 DEBUG: Task should have served orders {51, 6}, found open orders {51, 35, 6, 11}.
2026-07-12 14:30:19 DEBUG: Task 29 completed: pod 172 returning to storage.
2026-07-12 14:30:19 DEBUG:    EVENT NUM 476   current_time = 00:03:23   CLOSE_ORDER           [queue size = 89]
2026-07-12 14:30:19 DEBUG: Order 6 closed at workstation 1: flow_time = 203.1 s.     [order_buffer = 6] [open_orders = 3/4]
2026-07-12 14:30:19 DEBUG: Next order in buffer: 88
2026-07-12 14:30:19 DEBUG:    EVENT NUM 477   current_time = 00:03:23   START_PICKING         [queue size = 89]
2026-07-12 14:30:19 DEBUG: Processing task 35 at workstation 1: picking items {5895} for orders {11}
2026-07-12 14:30:19 DEBUG:    EVENT NUM 478   current_time = 00:03:23   OPEN_ORDER            [queue size = 89]
2026-07-12 14:30:19 DEBUG: Order 88 (skus required = {2368, 7330, 3500, 4624, 6327, 4284}) opened at workstation 1.   [open_orders = 4/4]
2026-07-12 14:30:19 DEBUG:    EVENT NUM 479   current_time = 00:03:23   START_TASK            [queue size = 89]
2026-07-12 14:30:19 DEBUG: Task 42 blocked: no orders in {0: [64, 85]} is open yet.  [released tasks = 69]
2026-07-12 14:30:19 DEBUG: Task 46 blocked: no orders in {0: [64]} is open yet.  [released tasks = 68]
2026-07-12 14:30:19 DEBUG: Task 47 blocked: no orders in {0: [64]} is open yet.  [released tasks = 67]
2026-07-12 14:30:19 DEBUG: Task 51 blocked: no orders in {1: [99]} is open yet.  [released tasks = 66]
2026-07-12 14:30:19 DEBUG: Task 53 blocked: no orders in {1: [99]} is open yet.  [released tasks = 65]
2026-07-12 14:30:19 DEBUG: Task 54 blocked: no orders in {0: [85]} is open yet.  [released tasks = 64]
2026-07-12 14:30:19 DEBUG: Task 55 blocked: no orders in {0: [64]} is open yet.  [released tasks = 63]
2026-07-12 14:30:19 DEBUG: Task 56 blocked: no idle robots.
2026-07-12 14:30:19 DEBUG:    EVENT NUM 480   current_time = 00:03:23   RETURN_POD            [queue size = 88]
2026-07-12 14:30:19 DEBUG: Pod 383 returned. Robot 2 idle.   [idle robots = 1/30, released tasks = 70]
2026-07-12 14:30:19 DEBUG:    EVENT NUM 481   current_time = 00:03:23   START_TASK            [queue size = 88]
2026-07-12 14:30:19 DEBUG: Task 42 blocked: no orders in {0: [64, 85]} is open yet.  [released tasks = 69]
2026-07-12 14:30:19 DEBUG: Task 46 blocked: no orders in {0: [64]} is open yet.  [released tasks = 68]
2026-07-12 14:30:19 DEBUG: Task 47 blocked: no orders in {0: [64]} is open yet.  [released tasks = 67]
2026-07-12 14:30:19 DEBUG: Task 51 blocked: no orders in {1: [99]} is open yet.  [released tasks = 66]
2026-07-12 14:30:19 DEBUG: Task 53 blocked: no orders in {1: [99]} is open yet.  [released tasks = 65]
2026-07-12 14:30:19 DEBUG: Task 54 blocked: no orders in {0: [85]} is open yet.  [released tasks = 64]
2026-07-12 14:30:19 DEBUG: Task 55 blocked: no orders in {0: [64]} is open yet.  [released tasks = 63]
2026-07-12 14:30:19 DEBUG: Task 56 started: robot 2 → pod 361 → workstation 1 for orders {88} (arrival = 250.1 s).   [idle robots = 0/30]
2026-07-12 14:30:19 DEBUG:    EVENT NUM 482   current_time = 00:03:23   RELEASE_TASK          [queue size = 88]
2026-07-12 14:30:19 DEBUG: Task 119 released: pod 309 required by workstation(s) [5].  [released tasks = 70]
2026-07-12 14:30:19 DEBUG:    EVENT NUM 483   current_time = 00:03:25   ARRIVAL_ORDER         [queue size = 87]
2026-07-12 14:30:19 DEBUG: Order 140 arrived: items_required = [6417, 5009, 4507, 6618, 4877].     [orders_in_system = 122]
2026-07-12 14:30:19 DEBUG:    EVENT NUM 484   current_time = 00:03:25   RELEASE_TASK          [queue size = 87]
2026-07-12 14:30:19 DEBUG: Task 120 released: pod 414 required by workstation(s) [6].  [released tasks = 71]
2026-07-12 14:30:19 DEBUG:    EVENT NUM 485   current_time = 00:03:27   RELEASE_TASK          [queue size = 86]
2026-07-12 14:30:19 DEBUG: Task 121 released: pod 501 required by workstation(s) [3].  [released tasks = 72]
2026-07-12 14:30:19 DEBUG:    EVENT NUM 486   current_time = 00:03:27   ARRIVAL_POD_WST       [queue size = 85]
2026-07-12 14:30:19 DEBUG: Pod 598 arrived at workstation 2 - status = BUSY
2026-07-12 14:30:19 DEBUG: Pod queued at workstation.    [picking_buffer = {44: 207.35727662711807}]
2026-07-12 14:30:19 DEBUG:    EVENT NUM 487   current_time = 00:03:28   RELEASE_TASK          [queue size = 84]
2026-07-12 14:30:19 DEBUG: Task 122 released: pod 124 required by workstation(s) [6].  [released tasks = 73]
2026-07-12 14:30:19 DEBUG:    EVENT NUM 488   current_time = 00:03:30   ARRIVAL_ORDER         [queue size = 83]
2026-07-12 14:30:19 DEBUG: Order 141 arrived: items_required = [1939].     [orders_in_system = 123]
2026-07-12 14:30:19 DEBUG:    EVENT NUM 489   current_time = 00:03:30   END_PICKING           [queue size = 83]
2026-07-12 14:30:19 DEBUG: Ended picking at workstation 0.    [picking_buffer len = {65: 177.5099321329688}]
2026-07-12 14:30:19 DEBUG: Task should have served orders {40}, found open orders {8, 40, 41, 53}.
2026-07-12 14:30:19 DEBUG: Task 26 completed: pod 328 returning to storage.
2026-07-12 14:30:19 DEBUG:    EVENT NUM 490   current_time = 00:03:30   CLOSE_ORDER           [queue size = 85]
2026-07-12 14:30:19 DEBUG: Order 40 closed at workstation 0: flow_time = 210.1 s.     [order_buffer = 7] [open_orders = 3/4]
2026-07-12 14:30:19 DEBUG: Next order in buffer: 27
2026-07-12 14:30:19 DEBUG:    EVENT NUM 491   current_time = 00:03:30   START_PICKING         [queue size = 85]
2026-07-12 14:30:19 DEBUG: start_picking: WS 0 has no actionable task in buffer.
2026-07-12 14:30:19 DEBUG:    EVENT NUM 492   current_time = 00:03:30   OPEN_ORDER            [queue size = 84]
2026-07-12 14:30:19 DEBUG: Order 27 (skus required = {1208}) opened at workstation 0.   [open_orders = 4/4]
2026-07-12 14:30:19 DEBUG:    EVENT NUM 493   current_time = 00:03:30   START_TASK            [queue size = 85]
2026-07-12 14:30:19 DEBUG: Task 42 blocked: no idle robots.
2026-07-12 14:30:19 DEBUG:    EVENT NUM 494   current_time = 00:03:30   START_PICKING         [queue size = 84]
2026-07-12 14:30:19 DEBUG: start_picking: WS 0 has no actionable task in buffer.
2026-07-12 14:30:19 DEBUG:    EVENT NUM 495   current_time = 00:03:30   RELEASE_TASK          [queue size = 83]
2026-07-12 14:30:19 DEBUG: Task 123 released: pod 264 required by workstation(s) [6].  [released tasks = 74]
2026-07-12 14:30:19 DEBUG:    EVENT NUM 496   current_time = 00:03:31   RETURN_POD            [queue size = 82]
2026-07-12 14:30:19 DEBUG: Pod 353 returned. Robot 6 idle.   [idle robots = 1/30, released tasks = 74]
2026-07-12 14:30:19 DEBUG:    EVENT NUM 497   current_time = 00:03:31   START_TASK            [queue size = 82]
2026-07-12 14:30:19 DEBUG: Task 42 started: robot 6 → pod 426 → workstation 0 for orders {64, 85} (arrival = 286.2 s).   [idle robots = 0/30]
2026-07-12 14:30:19 DEBUG:    EVENT NUM 498   current_time = 00:03:32   RELEASE_TASK          [queue size = 82]
2026-07-12 14:30:19 DEBUG: Task 124 released: pod 11 required by workstation(s) [5].  [released tasks = 74]
2026-07-12 14:30:19 DEBUG:    EVENT NUM 499   current_time = 00:03:33   END_PICKING           [queue size = 81]
2026-07-12 14:30:19 DEBUG: Ended picking at workstation 2.    [picking_buffer len = {44: 207.35727662711807}]
2026-07-12 14:30:19 DEBUG: Task should have served orders {7}, found open orders {68, 7, 72, 76}.
2026-07-12 14:30:19 DEBUG: Task 50 completed: pod 112 returning to storage.
2026-07-12 14:30:19 DEBUG:    EVENT NUM 500   current_time = 00:03:33   START_PICKING         [queue size = 82]
2026-07-12 14:30:19 DEBUG: Processing task 44 at workstation 2: picking items {2347} for orders {72}
2026-07-12 14:30:19 DEBUG:    EVENT NUM 501   current_time = 00:03:33   END_PICKING           [queue size = 82]
2026-07-12 14:30:19 DEBUG: Ended picking at workstation 1.    [picking_buffer len = {}]
2026-07-12 14:30:19 DEBUG: Task should have served orders {11}, found open orders {51, 35, 88, 11}.
2026-07-12 14:30:19 DEBUG: Task 35 completed: pod 581 returning to storage.
2026-07-12 14:30:19 DEBUG:    EVENT NUM 502   current_time = 00:03:34   RELEASE_TASK          [queue size = 82]
2026-07-12 14:30:19 DEBUG: Task 125 released: pod 31 required by workstation(s) [5, 5].  [released tasks = 75]
2026-07-12 14:30:19 DEBUG:    EVENT NUM 503   current_time = 00:03:35   ARRIVAL_ORDER         [queue size = 81]
2026-07-12 14:30:19 DEBUG: Order 142 arrived: items_required = [4174, 1037].     [orders_in_system = 123]
2026-07-12 14:30:19 DEBUG:    EVENT NUM 504   current_time = 00:03:35   RELEASE_TASK          [queue size = 81]
2026-07-12 14:30:19 DEBUG: Task 126 released: pod 128 required by workstation(s) [5].  [released tasks = 76]
2026-07-12 14:30:19 DEBUG:    EVENT NUM 505   current_time = 00:03:37   RELEASE_TASK          [queue size = 80]
2026-07-12 14:30:19 DEBUG: Task 127 released: pod 514 required by workstation(s) [6].  [released tasks = 77]
2026-07-12 14:30:19 DEBUG:    EVENT NUM 506   current_time = 00:03:39   RELEASE_TASK          [queue size = 79]
2026-07-12 14:30:19 DEBUG: Task 128 released: pod 550 required by workstation(s) [5].  [released tasks = 78]
2026-07-12 14:30:19 DEBUG:    EVENT NUM 507   current_time = 00:03:40   ARRIVAL_ORDER         [queue size = 78]
2026-07-12 14:30:19 DEBUG: Order 143 arrived: items_required = [4683, 3038].     [orders_in_system = 124]
2026-07-12 14:30:19 DEBUG:    EVENT NUM 508   current_time = 00:03:40   RETURN_POD            [queue size = 78]
2026-07-12 14:30:19 DEBUG: Pod 427 returned. Robot 22 idle.   [idle robots = 1/30, released tasks = 78]
2026-07-12 14:30:19 DEBUG:    EVENT NUM 509   current_time = 00:03:40   START_TASK            [queue size = 78]
2026-07-12 14:30:19 DEBUG: Task 46 started: robot 22 → pod 586 → workstation 0 for orders {64} (arrival = 247.2 s).   [idle robots = 0/30]
2026-07-12 14:30:19 DEBUG:    EVENT NUM 510   current_time = 00:03:40   RELEASE_TASK          [queue size = 78]
2026-07-12 14:30:19 DEBUG: Task 129 released: pod 424 required by workstation(s) [5, 5, 5].  [released tasks = 78]
2026-07-12 14:30:19 DEBUG:    EVENT NUM 511   current_time = 00:03:41   RETURN_POD            [queue size = 77]
2026-07-12 14:30:19 DEBUG: Pod 226 returned. Robot 27 idle.   [idle robots = 1/30, released tasks = 78]
2026-07-12 14:30:19 DEBUG:    EVENT NUM 512   current_time = 00:03:41   START_TASK            [queue size = 77]
2026-07-12 14:30:19 DEBUG: Task 47 started: robot 27 → pod 557 → workstation 0 for orders {64} (arrival = 242.3 s).   [idle robots = 0/30]
2026-07-12 14:30:19 DEBUG:    EVENT NUM 513   current_time = 00:03:42   RELEASE_TASK          [queue size = 77]
2026-07-12 14:30:19 DEBUG: Task 130 released: pod 99 required by workstation(s) [6].  [released tasks = 78]
2026-07-12 14:30:19 DEBUG:    EVENT NUM 514   current_time = 00:03:43   END_PICKING           [queue size = 76]
2026-07-12 14:30:19 DEBUG: Ended picking at workstation 2.    [picking_buffer len = {}]
2026-07-12 14:30:19 DEBUG: Task should have served orders {72}, found open orders {68, 7, 72, 76}.
2026-07-12 14:30:19 DEBUG: Task 44 completed: pod 598 returning to storage.
2026-07-12 14:30:19 DEBUG:    EVENT NUM 515   current_time = 00:03:43   CLOSE_ORDER           [queue size = 77]
2026-07-12 14:30:19 DEBUG: Order 72 closed at workstation 2: flow_time = 223.1 s.     [order_buffer = 0] [open_orders = 3/4]
2026-07-12 14:30:19 DEBUG:    EVENT NUM 516   current_time = 00:03:43   RETURN_POD            [queue size = 76]
2026-07-12 14:30:19 DEBUG: Pod 573 returned. Robot 17 idle.   [idle robots = 1/30, released tasks = 78]
2026-07-12 14:30:19 DEBUG:    EVENT NUM 517   current_time = 00:03:43   START_TASK            [queue size = 76]
2026-07-12 14:30:19 DEBUG: Task 51 blocked: no orders in {1: [99]} is open yet.  [released tasks = 77]
2026-07-12 14:30:19 DEBUG: Task 53 blocked: no orders in {1: [99]} is open yet.  [released tasks = 76]
2026-07-12 14:30:19 DEBUG: Task 54 blocked: no orders in {0: [85]} is open yet.  [released tasks = 75]
2026-07-12 14:30:19 DEBUG: Task 55 started: robot 17 → pod 356 → workstation 0 for orders {64} (arrival = 273.7 s).   [idle robots = 0/30]
2026-07-12 14:30:19 DEBUG:    EVENT NUM 518   current_time = 00:03:44   RELEASE_TASK          [queue size = 76]
2026-07-12 14:30:19 DEBUG: Task 131 released: pod 364 required by workstation(s) [6].  [released tasks = 78]
2026-07-12 14:30:19 DEBUG:    EVENT NUM 519   current_time = 00:03:45   ARRIVAL_ORDER         [queue size = 75]
2026-07-12 14:30:19 DEBUG: Order 144 arrived: items_required = [6249, 7573, 6259].     [orders_in_system = 124]
2026-07-12 14:30:19 DEBUG:    EVENT NUM 520   current_time = 00:03:45   RETURN_POD            [queue size = 75]
2026-07-12 14:30:19 DEBUG: Pod 213 returned. Robot 13 idle.   [idle robots = 1/30, released tasks = 78]
2026-07-12 14:30:19 DEBUG:    EVENT NUM 521   current_time = 00:03:45   START_TASK            [queue size = 75]
2026-07-12 14:30:19 DEBUG: Task 51 blocked: no orders in {1: [99]} is open yet.  [released tasks = 77]
2026-07-12 14:30:19 DEBUG: Task 53 blocked: no orders in {1: [99]} is open yet.  [released tasks = 76]
2026-07-12 14:30:19 DEBUG: Task 54 blocked: no orders in {0: [85]} is open yet.  [released tasks = 75]
2026-07-12 14:30:19 DEBUG: Task 58 blocked: no orders in {0: [85], 1: [67, 52]} is open yet.  [released tasks = 74]
2026-07-12 14:30:19 DEBUG: Task 59 blocked: no orders in {1: [99]} is open yet.  [released tasks = 73]
2026-07-12 14:30:19 DEBUG: Task 60 blocked: no orders in {0: [78]} is open yet.  [released tasks = 72]
2026-07-12 14:30:19 DEBUG: Task 61 started: robot 13 → pod 253 → workstation 1 for orders {88} (arrival = 312.4 s).   [idle robots = 0/30]
2026-07-12 14:30:19 DEBUG:    EVENT NUM 522   current_time = 00:03:46   RELEASE_TASK          [queue size = 75]
2026-07-12 14:30:19 DEBUG: Task 132 released: pod 367 required by workstation(s) [6].  [released tasks = 78]
2026-07-12 14:30:19 DEBUG:    EVENT NUM 523   current_time = 00:03:47   RELEASE_TASK          [queue size = 74]
2026-07-12 14:30:19 DEBUG: Task 133 released: pod 391 required by workstation(s) [5].  [released tasks = 79]
2026-07-12 14:30:19 DEBUG:    EVENT NUM 524   current_time = 00:03:48   ARRIVAL_POD_WST       [queue size = 73]
2026-07-12 14:30:19 DEBUG: Pod 500 arrived at workstation 0 - status = IDLE
2026-07-12 14:30:19 DEBUG: Pod queued at workstation.    [picking_buffer = {65: 177.5099321329688, 36: 228.61396876663474}]
2026-07-12 14:30:19 DEBUG:    EVENT NUM 525   current_time = 00:03:48   START_PICKING         [queue size = 73]
2026-07-12 14:30:19 DEBUG: Processing task 36 at workstation 0: picking items {5514} for orders {41}
2026-07-12 14:30:19 DEBUG:    EVENT NUM 526   current_time = 00:03:49   RETURN_POD            [queue size = 73]
2026-07-12 14:30:19 DEBUG: Pod 513 returned. Robot 4 idle.   [idle robots = 1/30, released tasks = 79]
2026-07-12 14:30:19 DEBUG:    EVENT NUM 527   current_time = 00:03:49   START_TASK            [queue size = 73]
2026-07-12 14:30:19 DEBUG: Task 51 blocked: no orders in {1: [99]} is open yet.  [released tasks = 78]
2026-07-12 14:30:19 DEBUG: Task 53 blocked: no orders in {1: [99]} is open yet.  [released tasks = 77]
2026-07-12 14:30:19 DEBUG: Task 54 blocked: no orders in {0: [85]} is open yet.  [released tasks = 76]
2026-07-12 14:30:19 DEBUG: Task 58 blocked: no orders in {0: [85], 1: [67, 52]} is open yet.  [released tasks = 75]
2026-07-12 14:30:19 DEBUG: Task 59 blocked: no orders in {1: [99]} is open yet.  [released tasks = 74]
2026-07-12 14:30:19 DEBUG: Task 60 blocked: no orders in {0: [78]} is open yet.  [released tasks = 73]
2026-07-12 14:30:19 DEBUG: Task 63 started: robot 4 → pod 246 → workstation 1 for orders {88} (arrival = 356.0 s).   [idle robots = 0/30]
2026-07-12 14:30:19 DEBUG:    EVENT NUM 528   current_time = 00:03:49   RELEASE_TASK          [queue size = 73]
2026-07-12 14:30:19 DEBUG: Task 134 released: pod 220 required by workstation(s) [5].  [released tasks = 79]
2026-07-12 14:30:19 DEBUG:    EVENT NUM 529   current_time = 00:03:50   ARRIVAL_ORDER         [queue size = 72]
2026-07-12 14:30:19 DEBUG: Order 145 arrived: items_required = [310, 3985].     [orders_in_system = 125]
2026-07-12 14:30:19 DEBUG:    EVENT NUM 530   current_time = 00:03:50   RETURN_POD            [queue size = 72]
2026-07-12 14:30:19 DEBUG: Pod 554 returned. Robot 24 idle.   [idle robots = 1/30, released tasks = 79]
2026-07-12 14:30:19 DEBUG:    EVENT NUM 531   current_time = 00:03:50   START_TASK            [queue size = 72]
2026-07-12 14:30:19 DEBUG: Task 51 blocked: no orders in {1: [99]} is open yet.  [released tasks = 78]
2026-07-12 14:30:19 DEBUG: Task 53 blocked: no orders in {1: [99]} is open yet.  [released tasks = 77]
2026-07-12 14:30:19 DEBUG: Task 54 blocked: no orders in {0: [85]} is open yet.  [released tasks = 76]
2026-07-12 14:30:19 DEBUG: Task 58 blocked: no orders in {0: [85], 1: [67, 52]} is open yet.  [released tasks = 75]
2026-07-12 14:30:19 DEBUG: Task 59 blocked: no orders in {1: [99]} is open yet.  [released tasks = 74]
2026-07-12 14:30:19 DEBUG: Task 60 blocked: no orders in {0: [78]} is open yet.  [released tasks = 73]
2026-07-12 14:30:19 DEBUG: Task 64 started: robot 24 → pod 73 → workstation 1 for orders {88} (arrival = 388.7 s).   [idle robots = 0/30]
2026-07-12 14:30:19 DEBUG:    EVENT NUM 532   current_time = 00:03:50   ARRIVAL_POD_WST       [queue size = 72]
2026-07-12 14:30:19 DEBUG: Pod 289 arrived at workstation 2 - status = IDLE
2026-07-12 14:30:19 DEBUG: Pod queued at workstation.    [picking_buffer = {71: 230.23026562115865}]
2026-07-12 14:30:19 DEBUG:    EVENT NUM 533   current_time = 00:03:50   START_PICKING         [queue size = 72]
2026-07-12 14:30:19 DEBUG: Processing task 71 at workstation 2: picking items {5064} for orders {76}
2026-07-12 14:30:19 DEBUG:    EVENT NUM 534   current_time = 00:03:51   RELEASE_TASK          [queue size = 72]
2026-07-12 14:30:19 DEBUG: Task 135 released: pod 524 required by workstation(s) [6].  [released tasks = 79]
2026-07-12 14:30:19 DEBUG:    EVENT NUM 535   current_time = 00:03:51   ARRIVAL_POD_WST       [queue size = 71]
2026-07-12 14:30:19 DEBUG: Pod 420 arrived at workstation 2 - status = BUSY
2026-07-12 14:30:19 DEBUG: Pod queued at workstation.    [picking_buffer = {69: 231.61701234616726}]
2026-07-12 14:30:19 DEBUG:    EVENT NUM 536   current_time = 00:03:51   RETURN_POD            [queue size = 70]
2026-07-12 14:30:19 DEBUG: Pod 202 returned. Robot 19 idle.   [idle robots = 1/30, released tasks = 79]
2026-07-12 14:30:19 DEBUG:    EVENT NUM 537   current_time = 00:03:51   START_TASK            [queue size = 70]
2026-07-12 14:30:19 DEBUG: Task 51 blocked: no orders in {1: [99]} is open yet.  [released tasks = 78]
2026-07-12 14:30:19 DEBUG: Task 53 blocked: no orders in {1: [99]} is open yet.  [released tasks = 77]
2026-07-12 14:30:19 DEBUG: Task 54 blocked: no orders in {0: [85]} is open yet.  [released tasks = 76]
2026-07-12 14:30:19 DEBUG: Task 58 blocked: no orders in {0: [85], 1: [67, 52]} is open yet.  [released tasks = 75]
2026-07-12 14:30:19 DEBUG: Task 59 blocked: no orders in {1: [99]} is open yet.  [released tasks = 74]
2026-07-12 14:30:19 DEBUG: Task 60 blocked: no orders in {0: [78]} is open yet.  [released tasks = 73]
2026-07-12 14:30:19 DEBUG: Task 66 started: robot 19 → pod 277 → workstation 0 for orders {64} (arrival = 324.4 s).   [idle robots = 0/30]
2026-07-12 14:30:19 DEBUG:    EVENT NUM 538   current_time = 00:03:52   RELEASE_TASK          [queue size = 70]
2026-07-12 14:30:19 DEBUG: Task 136 released: pod 414 required by workstation(s) [6].  [released tasks = 79]
2026-07-12 14:30:19 DEBUG:    EVENT NUM 539   current_time = 00:03:54   RELEASE_TASK          [queue size = 69]
2026-07-12 14:30:19 DEBUG: Task 137 released: pod 496 required by workstation(s) [5].  [released tasks = 80]
2026-07-12 14:30:19 DEBUG:    EVENT NUM 540   current_time = 00:03:55   ARRIVAL_ORDER         [queue size = 68]
2026-07-12 14:30:19 DEBUG: Order 146 arrived: items_required = [7229, 3493].     [orders_in_system = 126]
2026-07-12 14:30:19 DEBUG:    EVENT NUM 541   current_time = 00:03:56   RELEASE_TASK          [queue size = 68]
2026-07-12 14:30:19 DEBUG: Task 138 released: pod 442 required by workstation(s) [6].  [released tasks = 81]
2026-07-12 14:30:19 DEBUG:    EVENT NUM 542   current_time = 00:03:57   RELEASE_TASK          [queue size = 67]
2026-07-12 14:30:19 DEBUG: Task 139 released: pod 11 required by workstation(s) [5].  [released tasks = 82]
2026-07-12 14:30:19 DEBUG:    EVENT NUM 543   current_time = 00:03:58   END_PICKING           [queue size = 66]
2026-07-12 14:30:19 DEBUG: Ended picking at workstation 0.    [picking_buffer len = {65: 177.5099321329688}]
2026-07-12 14:30:19 DEBUG: Task should have served orders {41}, found open orders {8, 41, 53, 27}.
2026-07-12 14:30:19 DEBUG: Task 36 completed: pod 500 returning to storage.
2026-07-12 14:30:19 DEBUG:    EVENT NUM 544   current_time = 00:03:58   CLOSE_ORDER           [queue size = 68]
2026-07-12 14:30:19 DEBUG: Order 41 closed at workstation 0: flow_time = 238.6 s.     [order_buffer = 6] [open_orders = 3/4]
2026-07-12 14:30:19 DEBUG: Next order in buffer: 64
2026-07-12 14:30:19 DEBUG:    EVENT NUM 545   current_time = 00:03:58   START_PICKING         [queue size = 68]
2026-07-12 14:30:19 DEBUG: start_picking: WS 0 has no actionable task in buffer.
2026-07-12 14:30:19 DEBUG:    EVENT NUM 546   current_time = 00:03:58   OPEN_ORDER            [queue size = 67]
2026-07-12 14:30:19 DEBUG: Order 64 (skus required = {4058, 4645, 6790, 3461, 7752, 3759, 4240, 8376, 6842, 5886}) opened at workstation 0.   [open_orders = 4/4]
2026-07-12 14:30:19 DEBUG:    EVENT NUM 547   current_time = 00:03:58   START_TASK            [queue size = 68]
2026-07-12 14:30:19 DEBUG: Task 51 blocked: no orders in {1: [99]} is open yet.  [released tasks = 81]
2026-07-12 14:30:19 DEBUG: Task 53 blocked: no orders in {1: [99]} is open yet.  [released tasks = 80]
2026-07-12 14:30:19 DEBUG: Task 54 blocked: no idle robots.
2026-07-12 14:30:19 DEBUG:    EVENT NUM 548   current_time = 00:03:58   START_PICKING         [queue size = 67]
2026-07-12 14:30:19 DEBUG: start_picking: WS 0 has no actionable task in buffer.
2026-07-12 14:30:19 DEBUG:    EVENT NUM 549   current_time = 00:03:59   RELEASE_TASK          [queue size = 66]
2026-07-12 14:30:19 DEBUG: Task 140 released: pod 369 required by workstation(s) [6].  [released tasks = 83]
2026-07-12 14:30:19 DEBUG:    EVENT NUM 550   current_time = 00:03:59   ARRIVAL_POD_WST       [queue size = 65]
2026-07-12 14:30:19 DEBUG: Pod 529 arrived at workstation 2 - status = BUSY
2026-07-12 14:30:19 DEBUG: Pod queued at workstation.    [picking_buffer = {69: 231.61701234616726, 41: 239.7333374883584}]
2026-07-12 14:30:19 DEBUG:    EVENT NUM 551   current_time = 00:04:00   ARRIVAL_ORDER         [queue size = 64]
2026-07-12 14:30:19 DEBUG: Order 147 arrived: items_required = [3412, 5345, 2178].     [orders_in_system = 126]
2026-07-12 14:30:19 DEBUG:    EVENT NUM 552   current_time = 00:04:00   END_PICKING           [queue size = 64]
2026-07-12 14:30:19 DEBUG: Ended picking at workstation 2.    [picking_buffer len = {69: 231.61701234616726, 41: 239.7333374883584}]
2026-07-12 14:30:19 DEBUG: Task should have served orders {76}, found open orders {68, 7, 76}.
2026-07-12 14:30:19 DEBUG: Task 71 completed: pod 289 returning to storage.
2026-07-12 14:30:19 DEBUG:    EVENT NUM 553   current_time = 00:04:00   START_PICKING         [queue size = 65]
2026-07-12 14:30:19 DEBUG: Processing task 69 at workstation 2: picking items {5084} for orders {76}
2026-07-12 14:30:19 DEBUG:    EVENT NUM 554   current_time = 00:04:01   RELEASE_TASK          [queue size = 65]
2026-07-12 14:30:19 DEBUG: Task 141 released: pod 333 required by workstation(s) [6].  [released tasks = 84]
2026-07-12 14:30:19 DEBUG:    EVENT NUM 555   current_time = 00:04:01   RETURN_POD            [queue size = 64]
2026-07-12 14:30:19 DEBUG: Pod 581 returned. Robot 14 idle.   [idle robots = 1/30, released tasks = 84]
2026-07-12 14:30:19 DEBUG:    EVENT NUM 556   current_time = 00:04:01   START_TASK            [queue size = 64]
2026-07-12 14:30:19 DEBUG: Task 51 blocked: no orders in {1: [99]} is open yet.  [released tasks = 83]
2026-07-12 14:30:19 DEBUG: Task 53 blocked: no orders in {1: [99]} is open yet.  [released tasks = 82]
2026-07-12 14:30:19 DEBUG: Task 54 started: robot 14 → pod 508 → workstation 0 for orders {85} (arrival = 260.2 s).   [idle robots = 0/30]
2026-07-12 14:30:19 DEBUG:    EVENT NUM 557   current_time = 00:04:02   ARRIVAL_POD_WST       [queue size = 64]
2026-07-12 14:30:19 DEBUG: Pod 557 arrived at workstation 0 - status = IDLE
2026-07-12 14:30:19 DEBUG: Pod queued at workstation.    [picking_buffer = {65: 177.5099321329688, 47: 242.34845190009386}]
2026-07-12 14:30:19 DEBUG:    EVENT NUM 558   current_time = 00:04:02   START_PICKING         [queue size = 64]
2026-07-12 14:30:19 DEBUG: Processing task 47 at workstation 0: picking items {4058} for orders {64}
2026-07-12 14:30:19 DEBUG:    EVENT NUM 559   current_time = 00:04:03   RELEASE_TASK          [queue size = 64]
2026-07-12 14:30:19 DEBUG: Task 142 released: pod 147 required by workstation(s) [6].  [released tasks = 84]
2026-07-12 14:30:19 DEBUG:    EVENT NUM 560   current_time = 00:04:04   RELEASE_TASK          [queue size = 63]
2026-07-12 14:30:19 DEBUG: Task 143 released: pod 389 required by workstation(s) [6].  [released tasks = 85]
2026-07-12 14:30:19 DEBUG:    EVENT NUM 561   current_time = 00:04:05   ARRIVAL_ORDER         [queue size = 62]
2026-07-12 14:30:19 DEBUG: Order 148 arrived: items_required = [5523, 5078].     [orders_in_system = 127]
2026-07-12 14:30:19 DEBUG:    EVENT NUM 562   current_time = 00:04:06   RELEASE_TASK          [queue size = 62]
2026-07-12 14:30:19 DEBUG: Task 144 released: pod 12 required by workstation(s) [6, 6].  [released tasks = 86]
2026-07-12 14:30:19 DEBUG:    EVENT NUM 563   current_time = 00:04:07   ARRIVAL_POD_WST       [queue size = 61]
2026-07-12 14:30:19 DEBUG: Pod 586 arrived at workstation 0 - status = BUSY
2026-07-12 14:30:19 DEBUG: Pod queued at workstation.    [picking_buffer = {65: 177.5099321329688, 46: 247.19018943427034}]
2026-07-12 14:30:19 DEBUG:    EVENT NUM 564   current_time = 00:04:08   RELEASE_TASK          [queue size = 60]
2026-07-12 14:30:19 DEBUG: Task 145 released: pod 259 required by workstation(s) [6].  [released tasks = 87]
2026-07-12 14:30:19 DEBUG:    EVENT NUM 565   current_time = 00:04:09   RELEASE_TASK          [queue size = 59]
2026-07-12 14:30:19 DEBUG: Task 146 released: pod 295 required by workstation(s) [6].  [released tasks = 88]
2026-07-12 14:30:19 DEBUG:    EVENT NUM 566   current_time = 00:04:10   ARRIVAL_ORDER         [queue size = 58]
2026-07-12 14:30:19 DEBUG: Order 149 arrived: items_required = [1959, 5023].     [orders_in_system = 128]
2026-07-12 14:30:19 DEBUG:    EVENT NUM 567   current_time = 00:04:10   ARRIVAL_POD_WST       [queue size = 58]
2026-07-12 14:30:19 DEBUG: Pod 361 arrived at workstation 1 - status = IDLE
2026-07-12 14:30:19 DEBUG: Pod queued at workstation.    [picking_buffer = {56: 250.08902882096874}]
2026-07-12 14:30:19 DEBUG:    EVENT NUM 568   current_time = 00:04:10   START_PICKING         [queue size = 58]
2026-07-12 14:30:19 DEBUG: Processing task 56 at workstation 1: picking items {3500} for orders {88}
2026-07-12 14:30:19 DEBUG:    EVENT NUM 569   current_time = 00:04:10   END_PICKING           [queue size = 58]
2026-07-12 14:30:19 DEBUG: Ended picking at workstation 2.    [picking_buffer len = {41: 239.7333374883584}]
2026-07-12 14:30:19 DEBUG: Task should have served orders {76}, found open orders {68, 7, 76}.
2026-07-12 14:30:19 DEBUG: Task 69 completed: pod 420 returning to storage.
2026-07-12 14:30:19 DEBUG:    EVENT NUM 570   current_time = 00:04:10   CLOSE_ORDER           [queue size = 60]
2026-07-12 14:30:19 DEBUG: Order 76 closed at workstation 2: flow_time = 250.2 s.     [order_buffer = 0] [open_orders = 2/4]
2026-07-12 14:30:19 DEBUG:    EVENT NUM 571   current_time = 00:04:10   START_PICKING         [queue size = 59]
2026-07-12 14:30:19 DEBUG: Processing task 41 at workstation 2: picking items {5304} for orders {68}
2026-07-12 14:30:19 DEBUG:    EVENT NUM 572   current_time = 00:04:11   RELEASE_TASK          [queue size = 59]
2026-07-12 14:30:19 DEBUG: Task 147 released: pod 378 required by workstation(s) [6].  [released tasks = 89]
2026-07-12 14:30:19 DEBUG:    EVENT NUM 573   current_time = 00:04:12   END_PICKING           [queue size = 58]
2026-07-12 14:30:19 DEBUG: Ended picking at workstation 0.    [picking_buffer len = {65: 177.5099321329688, 46: 247.19018943427034}]
2026-07-12 14:30:19 DEBUG: Task should have served orders {64}, found open orders {64, 8, 53, 27}.
2026-07-12 14:30:19 DEBUG: Task 47 completed: pod 557 returning to storage.
2026-07-12 14:30:19 DEBUG:    EVENT NUM 574   current_time = 00:04:12   START_PICKING         [queue size = 59]
2026-07-12 14:30:19 DEBUG: Processing task 46 at workstation 0: picking items {4645} for orders {64}
2026-07-12 14:30:19 DEBUG:    EVENT NUM 575   current_time = 00:04:13   RELEASE_TASK          [queue size = 59]
2026-07-12 14:30:19 DEBUG: Task 148 released: pod 590 required by workstation(s) [6].  [released tasks = 90]
2026-07-12 14:30:19 DEBUG:    EVENT NUM 576   current_time = 00:04:14   RELEASE_TASK          [queue size = 58]
2026-07-12 14:30:19 DEBUG: Task 149 released: pod 218 required by workstation(s) [6].  [released tasks = 91]
2026-07-12 14:30:19 DEBUG:    EVENT NUM 577   current_time = 00:04:15   ARRIVAL_ORDER         [queue size = 57]
2026-07-12 14:30:19 DEBUG: Order 150 arrived: items_required = [5796].     [orders_in_system = 128]
2026-07-12 14:30:19 DEBUG:    EVENT NUM 578   current_time = 00:04:16   RELEASE_TASK          [queue size = 57]
2026-07-12 14:30:19 DEBUG: Task 150 released: pod 320 required by workstation(s) [7].  [released tasks = 92]
2026-07-12 14:30:19 DEBUG:    EVENT NUM 579   current_time = 00:04:18   RELEASE_TASK          [queue size = 56]
2026-07-12 14:30:19 DEBUG: Task 151 released: pod 241 required by workstation(s) [7].  [released tasks = 93]
2026-07-12 14:30:19 DEBUG:    EVENT NUM 580   current_time = 00:04:20   ARRIVAL_ORDER         [queue size = 55]
2026-07-12 14:30:19 DEBUG: Order 151 arrived: items_required = [4530, 5526, 5390].     [orders_in_system = 129]
2026-07-12 14:30:19 DEBUG:    EVENT NUM 581   current_time = 00:04:20   END_PICKING           [queue size = 55]
2026-07-12 14:30:19 DEBUG: Ended picking at workstation 1.    [picking_buffer len = {}]
2026-07-12 14:30:19 DEBUG: Task should have served orders {88}, found open orders {51, 35, 88, 11}.
2026-07-12 14:30:19 DEBUG: Task 56 completed: pod 361 returning to storage.
2026-07-12 14:30:19 DEBUG:    EVENT NUM 582   current_time = 00:04:20   RELEASE_TASK          [queue size = 55]
2026-07-12 14:30:19 DEBUG: Task 152 released: pod 171 required by workstation(s) [7].  [released tasks = 94]
2026-07-12 14:30:19 DEBUG:    EVENT NUM 583   current_time = 00:04:20   END_PICKING           [queue size = 54]
2026-07-12 14:30:19 DEBUG: Ended picking at workstation 2.    [picking_buffer len = {}]
2026-07-12 14:30:19 DEBUG: Task should have served orders {68}, found open orders {68, 7}.
2026-07-12 14:30:19 DEBUG: Task 41 completed: pod 529 returning to storage.
2026-07-12 14:30:19 DEBUG:    EVENT NUM 584   current_time = 00:04:20   ARRIVAL_POD_WST       [queue size = 54]
2026-07-12 14:30:19 DEBUG: Pod 508 arrived at workstation 0 - status = BUSY
2026-07-12 14:30:19 DEBUG: Pod queued at workstation.    [picking_buffer = {65: 177.5099321329688, 54: 260.23355465318343}]
2026-07-12 14:30:19 DEBUG:    EVENT NUM 585   current_time = 00:04:21   RELEASE_TASK          [queue size = 53]
2026-07-12 14:30:19 DEBUG: Task 153 released: pod 592 required by workstation(s) [7].  [released tasks = 95]
2026-07-12 14:30:19 DEBUG:    EVENT NUM 586   current_time = 00:04:22   END_PICKING           [queue size = 52]
2026-07-12 14:30:19 DEBUG: Ended picking at workstation 0.    [picking_buffer len = {65: 177.5099321329688, 54: 260.23355465318343}]
2026-07-12 14:30:19 DEBUG: Task should have served orders {64}, found open orders {64, 8, 53, 27}.
2026-07-12 14:30:19 DEBUG: Task 46 completed: pod 586 returning to storage.
2026-07-12 14:30:19 DEBUG:    EVENT NUM 587   current_time = 00:04:22   START_PICKING         [queue size = 53]
2026-07-12 14:30:19 DEBUG: start_picking: WS 0 has no actionable task in buffer.
2026-07-12 14:30:19 DEBUG:    EVENT NUM 588   current_time = 00:04:23   RELEASE_TASK          [queue size = 52]
2026-07-12 14:30:19 DEBUG: Task 154 released: pod 144 required by workstation(s) [7].  [released tasks = 96]
2026-07-12 14:30:19 DEBUG:    EVENT NUM 589   current_time = 00:04:24   RETURN_POD            [queue size = 51]
2026-07-12 14:30:19 DEBUG: Pod 156 returned. Robot 23 idle.   [idle robots = 1/30, released tasks = 96]
2026-07-12 14:30:19 DEBUG:    EVENT NUM 590   current_time = 00:04:24   START_TASK            [queue size = 51]
2026-07-12 14:30:19 DEBUG: Task 51 blocked: no orders in {1: [99]} is open yet.  [released tasks = 95]
2026-07-12 14:30:19 DEBUG: Task 53 blocked: no orders in {1: [99]} is open yet.  [released tasks = 94]
2026-07-12 14:30:19 DEBUG: Task 58 started: robot 23 → pod 505 → workstation 0 for orders {85} (arrival = 304.9 s).   [idle robots = 0/30]
2026-07-12 14:30:19 DEBUG:    EVENT NUM 591   current_time = 00:04:25   ARRIVAL_ORDER         [queue size = 51]
2026-07-12 14:30:19 DEBUG: Order 152 arrived: items_required = [3417].     [orders_in_system = 130]
2026-07-12 14:30:19 DEBUG:    EVENT NUM 592   current_time = 00:04:25   RELEASE_TASK          [queue size = 51]
2026-07-12 14:30:19 DEBUG: Task 155 released: pod 556 required by workstation(s) [6].  [released tasks = 96]
2026-07-12 14:30:19 DEBUG:    EVENT NUM 593   current_time = 00:04:25   ARRIVAL_POD_WST       [queue size = 50]
2026-07-12 14:30:19 DEBUG: Pod 149 arrived at workstation 0 - status = IDLE
2026-07-12 14:30:19 DEBUG: Pod queued at workstation.    [picking_buffer = {65: 177.5099321329688, 54: 260.23355465318343, 25: 265.4149277340062}]
2026-07-12 14:30:19 DEBUG:    EVENT NUM 594   current_time = 00:04:25   START_PICKING         [queue size = 50]
2026-07-12 14:30:19 DEBUG: Processing task 25 at workstation 0: picking items {6227} for orders {8}
2026-07-12 14:30:19 DEBUG:    EVENT NUM 595   current_time = 00:04:26   RELEASE_TASK          [queue size = 50]
2026-07-12 14:30:19 DEBUG: Task 156 released: pod 124 required by workstation(s) [6].  [released tasks = 97]
2026-07-12 14:30:19 DEBUG:    EVENT NUM 596   current_time = 00:04:28   RELEASE_TASK          [queue size = 49]
2026-07-12 14:30:19 DEBUG: Task 157 released: pod 527 required by workstation(s) [7].  [released tasks = 98]
2026-07-12 14:30:19 DEBUG:    EVENT NUM 597   current_time = 00:04:30   ARRIVAL_ORDER         [queue size = 48]
2026-07-12 14:30:19 DEBUG: Order 153 arrived: items_required = [4699, 5150].     [orders_in_system = 131]
2026-07-12 14:30:19 DEBUG:    EVENT NUM 598   current_time = 00:04:30   RELEASE_TASK          [queue size = 48]
2026-07-12 14:30:19 DEBUG: Task 158 released: pod 279 required by workstation(s) [7].  [released tasks = 99]
2026-07-12 14:30:19 DEBUG:    EVENT NUM 599   current_time = 00:04:32   RELEASE_TASK          [queue size = 47]
2026-07-12 14:30:19 DEBUG: Task 159 released: pod 512 required by workstation(s) [7].  [released tasks = 100]
2026-07-12 14:30:19 DEBUG:    EVENT NUM 600   current_time = 00:04:33   ARRIVAL_POD_WST       [queue size = 46]
2026-07-12 14:30:19 DEBUG: Pod 356 arrived at workstation 0 - status = BUSY
2026-07-12 14:30:19 DEBUG: Pod queued at workstation.    [picking_buffer = {65: 177.5099321329688, 54: 260.23355465318343, 55: 273.66587364173364}]
2026-07-12 14:30:19 DEBUG:    EVENT NUM 601   current_time = 00:04:33   RELEASE_TASK          [queue size = 45]
2026-07-12 14:30:19 DEBUG: Task 160 released: pod 141 required by workstation(s) [7].  [released tasks = 101]
2026-07-12 14:30:19 DEBUG:    EVENT NUM 602   current_time = 00:04:33   ARRIVAL_POD_WST       [queue size = 44]
2026-07-12 14:30:19 DEBUG: Pod 447 arrived at workstation 1 - status = IDLE
2026-07-12 14:30:19 DEBUG: Pod queued at workstation.    [picking_buffer = {39: 273.7473905675689}]
2026-07-12 14:30:19 DEBUG:    EVENT NUM 603   current_time = 00:04:33   START_PICKING         [queue size = 44]
2026-07-12 14:30:19 DEBUG: Processing task 39 at workstation 1: picking items {4529} for orders {51}
2026-07-12 14:30:19 DEBUG:    EVENT NUM 604   current_time = 00:04:35   ARRIVAL_ORDER         [queue size = 44]
2026-07-12 14:30:19 DEBUG: Order 154 arrived: items_required = [6834, 5377, 8588, 3187].     [orders_in_system = 132]
2026-07-12 14:30:19 DEBUG:    EVENT NUM 605   current_time = 00:04:35   RETURN_POD            [queue size = 44]
2026-07-12 14:30:19 DEBUG: Pod 557 returned. Robot 27 idle.   [idle robots = 1/30, released tasks = 101]
2026-07-12 14:30:19 DEBUG:    EVENT NUM 606   current_time = 00:04:35   START_TASK            [queue size = 44]
2026-07-12 14:30:19 DEBUG: Task 51 blocked: no orders in {1: [99]} is open yet.  [released tasks = 100]
2026-07-12 14:30:19 DEBUG: Task 53 blocked: no orders in {1: [99]} is open yet.  [released tasks = 99]
2026-07-12 14:30:19 DEBUG: Task 59 blocked: no orders in {1: [99]} is open yet.  [released tasks = 98]
2026-07-12 14:30:19 DEBUG: Task 60 blocked: no orders in {0: [78]} is open yet.  [released tasks = 97]
2026-07-12 14:30:19 DEBUG: Task 67 blocked: no orders in {0: [70]} is open yet.  [released tasks = 96]
2026-07-12 14:30:19 DEBUG: Task 72 started: robot 27 → pod 528 → workstation 3 for orders {4} (arrival = 343.2 s).   [idle robots = 0/30]
2026-07-12 14:30:19 DEBUG:    EVENT NUM 607   current_time = 00:04:35   END_PICKING           [queue size = 44]
2026-07-12 14:30:19 DEBUG: Ended picking at workstation 0.    [picking_buffer len = {65: 177.5099321329688, 54: 260.23355465318343, 55: 273.66587364173364}]
2026-07-12 14:30:19 DEBUG: Task should have served orders {8}, found open orders {64, 8, 53, 27}.
2026-07-12 14:30:19 DEBUG: Task 25 completed: pod 149 returning to storage.
2026-07-12 14:30:19 DEBUG:    EVENT NUM 608   current_time = 00:04:35   CLOSE_ORDER           [queue size = 46]
2026-07-12 14:30:19 DEBUG: Order 8 closed at workstation 0: flow_time = 275.4 s.     [order_buffer = 5] [open_orders = 3/4]
2026-07-12 14:30:19 DEBUG: Next order in buffer: 85
2026-07-12 14:30:19 DEBUG:    EVENT NUM 609   current_time = 00:04:35   START_PICKING         [queue size = 46]
2026-07-12 14:30:19 DEBUG: Processing task 55 at workstation 0: picking items {3759} for orders {64}
2026-07-12 14:30:19 DEBUG:    EVENT NUM 610   current_time = 00:04:35   OPEN_ORDER            [queue size = 46]
2026-07-12 14:30:19 DEBUG: Order 85 (skus required = {3456, 1268, 5373, 8022}) opened at workstation 0.   [open_orders = 4/4]
2026-07-12 14:30:19 DEBUG:    EVENT NUM 611   current_time = 00:04:35   START_TASK            [queue size = 46]
2026-07-12 14:30:19 DEBUG: Task 51 blocked: no orders in {1: [99]} is open yet.  [released tasks = 99]
2026-07-12 14:30:19 DEBUG: Task 53 blocked: no orders in {1: [99]} is open yet.  [released tasks = 98]
2026-07-12 14:30:19 DEBUG: Task 59 blocked: no orders in {1: [99]} is open yet.  [released tasks = 97]
2026-07-12 14:30:19 DEBUG: Task 60 blocked: no idle robots.
2026-07-12 14:30:19 DEBUG:    EVENT NUM 612   current_time = 00:04:35   RELEASE_TASK          [queue size = 45]
2026-07-12 14:30:19 DEBUG: Task 161 released: pod 19 required by workstation(s) [3, 3].  [released tasks = 101]
2026-07-12 14:30:19 DEBUG:    EVENT NUM 613   current_time = 00:04:35   ARRIVAL_POD_WST       [queue size = 44]
2026-07-12 14:30:19 DEBUG: Pod 108 arrived at workstation 1 - status = BUSY
2026-07-12 14:30:19 DEBUG: Pod queued at workstation.    [picking_buffer = {45: 275.5516189775064}]
2026-07-12 14:30:19 DEBUG:    EVENT NUM 614   current_time = 00:04:37   RELEASE_TASK          [queue size = 43]
2026-07-12 14:30:19 DEBUG: Task 162 released: pod 148 required by workstation(s) [7].  [released tasks = 102]
2026-07-12 14:30:19 DEBUG:    EVENT NUM 615   current_time = 00:04:38   RELEASE_TASK          [queue size = 42]
2026-07-12 14:30:19 DEBUG: Task 163 released: pod 24 required by workstation(s) [6].  [released tasks = 103]
2026-07-12 14:30:19 DEBUG:    EVENT NUM 616   current_time = 00:04:40   ARRIVAL_ORDER         [queue size = 41]
2026-07-12 14:30:19 DEBUG: Order 155 arrived: items_required = [2667].     [orders_in_system = 132]
2026-07-12 14:30:19 DEBUG:    EVENT NUM 617   current_time = 00:04:40   RELEASE_TASK          [queue size = 41]
2026-07-12 14:30:19 DEBUG: Task 164 released: pod 480 required by workstation(s) [3].  [released tasks = 104]
2026-07-12 14:30:19 DEBUG:    EVENT NUM 618   current_time = 00:04:41   ARRIVAL_POD_WST       [queue size = 40]
2026-07-12 14:30:19 DEBUG: Pod 269 arrived at workstation 1 - status = BUSY
2026-07-12 14:30:19 DEBUG: Pod queued at workstation.    [picking_buffer = {45: 275.5516189775064, 33: 281.8617493768362}]
2026-07-12 14:30:19 DEBUG:    EVENT NUM 619   current_time = 00:04:42   RELEASE_TASK          [queue size = 39]
2026-07-12 14:30:19 DEBUG: Task 165 released: pod 368 required by workstation(s) [7].  [released tasks = 105]
2026-07-12 14:30:19 DEBUG:    EVENT NUM 620   current_time = 00:04:42   RETURN_POD            [queue size = 38]
2026-07-12 14:30:19 DEBUG: Pod 328 returned. Robot 20 idle.   [idle robots = 1/30, released tasks = 105]
2026-07-12 14:30:19 DEBUG:    EVENT NUM 621   current_time = 00:04:42   START_TASK            [queue size = 38]
2026-07-12 14:30:19 DEBUG: Task 51 blocked: no orders in {1: [99]} is open yet.  [released tasks = 104]
2026-07-12 14:30:19 DEBUG: Task 53 blocked: no orders in {1: [99]} is open yet.  [released tasks = 103]
2026-07-12 14:30:19 DEBUG: Task 59 blocked: no orders in {1: [99]} is open yet.  [released tasks = 102]
2026-07-12 14:30:19 DEBUG: Task 60 started: robot 20 → pod 456 → workstation 0 for orders {78} (arrival = 319.3 s).   [idle robots = 0/30]
2026-07-12 14:30:19 DEBUG:    EVENT NUM 622   current_time = 00:04:43   RETURN_POD            [queue size = 38]
2026-07-12 14:30:19 DEBUG: Pod 103 returned. Robot 9 idle.   [idle robots = 1/30, released tasks = 104]
2026-07-12 14:30:19 DEBUG:    EVENT NUM 623   current_time = 00:04:43   START_TASK            [queue size = 38]
2026-07-12 14:30:19 DEBUG: Task 51 blocked: no orders in {1: [99]} is open yet.  [released tasks = 103]
2026-07-12 14:30:19 DEBUG: Task 53 blocked: no orders in {1: [99]} is open yet.  [released tasks = 102]
2026-07-12 14:30:19 DEBUG: Task 59 blocked: no orders in {1: [99]} is open yet.  [released tasks = 101]
2026-07-12 14:30:19 DEBUG: Task 67 blocked: no orders in {0: [70]} is open yet.  [released tasks = 100]
2026-07-12 14:30:19 DEBUG: Task 73 started: robot 9 → pod 535 → workstation 4 for orders {61} (arrival = 311.4 s).   [idle robots = 0/30]
2026-07-12 14:30:19 DEBUG:    EVENT NUM 624   current_time = 00:04:43   END_PICKING           [queue size = 38]
2026-07-12 14:30:19 DEBUG: Ended picking at workstation 1.    [picking_buffer len = {45: 275.5516189775064, 33: 281.8617493768362}]
2026-07-12 14:30:19 DEBUG: Task should have served orders {51}, found open orders {51, 35, 88, 11}.
2026-07-12 14:30:19 DEBUG: Task 39 completed: pod 447 returning to storage.
2026-07-12 14:30:19 DEBUG:    EVENT NUM 625   current_time = 00:04:43   CLOSE_ORDER           [queue size = 40]
2026-07-12 14:30:19 DEBUG: Order 51 closed at workstation 1: flow_time = 283.7 s.     [order_buffer = 5] [open_orders = 3/4]
2026-07-12 14:30:19 DEBUG: Next order in buffer: 25
2026-07-12 14:30:19 DEBUG:    EVENT NUM 626   current_time = 00:04:43   START_PICKING         [queue size = 40]
2026-07-12 14:30:19 DEBUG: Processing task 45 at workstation 1: picking items {3432, 6327} for orders {88, 25}
2026-07-12 14:30:19 DEBUG:    EVENT NUM 627   current_time = 00:04:43   OPEN_ORDER            [queue size = 40]
2026-07-12 14:30:19 DEBUG: Order 25 (skus required = {3432}) opened at workstation 1.   [open_orders = 4/4]
2026-07-12 14:30:19 DEBUG:    EVENT NUM 628   current_time = 00:04:43   START_TASK            [queue size = 40]
2026-07-12 14:30:19 DEBUG: Task 51 blocked: no orders in {1: [99]} is open yet.  [released tasks = 102]
2026-07-12 14:30:19 DEBUG: Task 53 blocked: no orders in {1: [99]} is open yet.  [released tasks = 101]
2026-07-12 14:30:19 DEBUG: Task 59 blocked: no orders in {1: [99]} is open yet.  [released tasks = 100]
2026-07-12 14:30:19 DEBUG: Task 67 blocked: no orders in {0: [70]} is open yet.  [released tasks = 99]
2026-07-12 14:30:19 DEBUG: Task 74 blocked: no idle robots.
2026-07-12 14:30:19 DEBUG:    EVENT NUM 629   current_time = 00:04:43   RELEASE_TASK          [queue size = 39]
2026-07-12 14:30:19 DEBUG: Task 166 released: pod 443 required by workstation(s) [6].  [released tasks = 104]
2026-07-12 14:30:19 DEBUG:    EVENT NUM 630   current_time = 00:04:45   ARRIVAL_ORDER         [queue size = 38]
2026-07-12 14:30:19 DEBUG: Order 156 arrived: items_required = [7515, 5327].     [orders_in_system = 132]
2026-07-12 14:30:19 DEBUG:    EVENT NUM 631   current_time = 00:04:45   END_PICKING           [queue size = 38]
2026-07-12 14:30:19 DEBUG: Ended picking at workstation 0.    [picking_buffer len = {65: 177.5099321329688, 54: 260.23355465318343}]
2026-07-12 14:30:19 DEBUG: Task should have served orders {64}, found open orders {64, 53, 85, 27}.
2026-07-12 14:30:19 DEBUG: Task 55 completed: pod 356 returning to storage.
2026-07-12 14:30:19 DEBUG:    EVENT NUM 632   current_time = 00:04:45   START_PICKING         [queue size = 39]
2026-07-12 14:30:19 DEBUG: Processing task 65 at workstation 0: picking items {5373} for orders {85}
2026-07-12 14:30:19 DEBUG:    EVENT NUM 633   current_time = 00:04:45   RELEASE_TASK          [queue size = 39]
2026-07-12 14:30:19 DEBUG: Task 167 released: pod 325 required by workstation(s) [6].  [released tasks = 105]
2026-07-12 14:30:19 DEBUG:    EVENT NUM 634   current_time = 00:04:46   ARRIVAL_POD_WST       [queue size = 38]
2026-07-12 14:30:19 DEBUG: Pod 426 arrived at workstation 0 - status = BUSY
2026-07-12 14:30:19 DEBUG: Pod queued at workstation.    [picking_buffer = {54: 260.23355465318343, 42: 286.15755326967894}]
2026-07-12 14:30:19 DEBUG:    EVENT NUM 635   current_time = 00:04:46   RETURN_POD            [queue size = 37]
2026-07-12 14:30:19 DEBUG: Pod 586 returned. Robot 22 idle.   [idle robots = 1/30, released tasks = 105]
2026-07-12 14:30:19 DEBUG:    EVENT NUM 636   current_time = 00:04:46   START_TASK            [queue size = 37]
2026-07-12 14:30:19 DEBUG: Task 51 blocked: no orders in {1: [99]} is open yet.  [released tasks = 104]
2026-07-12 14:30:19 DEBUG: Task 53 blocked: no orders in {1: [99]} is open yet.  [released tasks = 103]
2026-07-12 14:30:19 DEBUG: Task 59 blocked: no orders in {1: [99]} is open yet.  [released tasks = 102]
2026-07-12 14:30:19 DEBUG: Task 67 blocked: no orders in {0: [70]} is open yet.  [released tasks = 101]
2026-07-12 14:30:19 DEBUG: Task 74 started: robot 22 → pod 292 → workstation 0 for orders {64} (arrival = 390.9 s).   [idle robots = 0/30]
2026-07-12 14:30:19 DEBUG:    EVENT NUM 637   current_time = 00:04:47   RELEASE_TASK          [queue size = 37]
2026-07-12 14:30:19 DEBUG: Task 168 released: pod 102 required by workstation(s) [3].  [released tasks = 105]
2026-07-12 14:30:19 DEBUG:    EVENT NUM 638   current_time = 00:04:48   ARRIVAL_POD_WST       [queue size = 36]
2026-07-12 14:30:19 DEBUG: Pod 266 arrived at workstation 2 - status = IDLE
2026-07-12 14:30:19 DEBUG: Pod queued at workstation.    [picking_buffer = {48: 288.24329908002926}]
2026-07-12 14:30:19 DEBUG:    EVENT NUM 639   current_time = 00:04:48   START_PICKING         [queue size = 36]
2026-07-12 14:30:19 DEBUG: Processing task 48 at workstation 2: picking items {6700} for orders {68}
2026-07-12 14:30:19 DEBUG:    EVENT NUM 640   current_time = 00:04:49   RELEASE_TASK          [queue size = 36]
2026-07-12 14:30:19 DEBUG: Task 169 released: pod 46 required by workstation(s) [7].  [released tasks = 106]
2026-07-12 14:30:19 DEBUG:    EVENT NUM 641   current_time = 00:04:50   ARRIVAL_ORDER         [queue size = 35]
2026-07-12 14:30:19 DEBUG: Order 157 arrived: items_required = [3349].     [orders_in_system = 133]
2026-07-12 14:30:19 DEBUG:    EVENT NUM 642   current_time = 00:04:50   RELEASE_TASK          [queue size = 35]
2026-07-12 14:30:19 DEBUG: Task 170 released: pod 517 required by workstation(s) [7].  [released tasks = 107]
2026-07-12 14:30:19 DEBUG:    EVENT NUM 643   current_time = 00:04:52   RELEASE_TASK          [queue size = 34]
2026-07-12 14:30:19 DEBUG: Task 171 released: pod 248 required by workstation(s) [7].  [released tasks = 108]
2026-07-12 14:30:19 DEBUG:    EVENT NUM 644   current_time = 00:04:54   RELEASE_TASK          [queue size = 33]
2026-07-12 14:30:19 DEBUG: Task 172 released: pod 565 required by workstation(s) [7].  [released tasks = 109]
2026-07-12 14:30:19 DEBUG:    EVENT NUM 645   current_time = 00:04:55   ARRIVAL_ORDER         [queue size = 32]
2026-07-12 14:30:19 DEBUG: Order 158 arrived: items_required = [4064, 2189].     [orders_in_system = 134]
2026-07-12 14:30:19 DEBUG:    EVENT NUM 646   current_time = 00:04:55   END_PICKING           [queue size = 32]
2026-07-12 14:30:19 DEBUG: Ended picking at workstation 0.    [picking_buffer len = {54: 260.23355465318343, 42: 286.15755326967894}]
2026-07-12 14:30:19 DEBUG: Task should have served orders {85}, found open orders {64, 53, 85, 27}.
2026-07-12 14:30:19 DEBUG: Task 65 heading to workstation 2.
2026-07-12 14:30:19 DEBUG:    EVENT NUM 647   current_time = 00:04:55   START_PICKING         [queue size = 33]
2026-07-12 14:30:19 DEBUG: Processing task 54 at workstation 0: picking items {3456} for orders {85}
2026-07-12 14:30:19 DEBUG:    EVENT NUM 648   current_time = 00:04:55   RELEASE_TASK          [queue size = 33]
2026-07-12 14:30:19 DEBUG: Task 173 released: pod 182 required by workstation(s) [3].  [released tasks = 110]
2026-07-12 14:30:19 DEBUG:    EVENT NUM 649   current_time = 00:04:57   RELEASE_TASK          [queue size = 32]
2026-07-12 14:30:19 DEBUG: Task 174 released: pod 136 required by workstation(s) [3].  [released tasks = 111]
2026-07-12 14:30:19 DEBUG:    EVENT NUM 650   current_time = 00:04:57   RETURN_POD            [queue size = 31]
2026-07-12 14:30:19 DEBUG: Pod 112 returned. Robot 3 idle.   [idle robots = 1/30, released tasks = 111]
2026-07-12 14:30:19 DEBUG:    EVENT NUM 651   current_time = 00:04:57   START_TASK            [queue size = 31]
2026-07-12 14:30:19 DEBUG: Task 51 blocked: no orders in {1: [99]} is open yet.  [released tasks = 110]
2026-07-12 14:30:19 DEBUG: Task 53 blocked: no orders in {1: [99]} is open yet.  [released tasks = 109]
2026-07-12 14:30:19 DEBUG: Task 59 blocked: no orders in {1: [99]} is open yet.  [released tasks = 108]
2026-07-12 14:30:19 DEBUG: Task 67 blocked: no orders in {0: [70]} is open yet.  [released tasks = 107]
2026-07-12 14:30:19 DEBUG: Task 75 blocked: no orders in {1: [67]} is open yet.  [released tasks = 106]
2026-07-12 14:30:19 DEBUG: Task 76 started: robot 3 → pod 182 → workstation 3 for orders {4} (arrival = 384.0 s).   [idle robots = 0/30]
2026-07-12 14:30:19 DEBUG:    EVENT NUM 652   current_time = 00:04:58   END_PICKING           [queue size = 31]
2026-07-12 14:30:19 DEBUG: Ended picking at workstation 2.    [picking_buffer len = {}]
2026-07-12 14:30:19 DEBUG: Task should have served orders {68}, found open orders {68, 7}.
2026-07-12 14:30:19 DEBUG: Task 48 completed: pod 266 returning to storage.
2026-07-12 14:30:19 DEBUG:    EVENT NUM 653   current_time = 00:04:58   CLOSE_ORDER           [queue size = 32]
2026-07-12 14:30:19 DEBUG: Order 68 closed at workstation 2: flow_time = 298.2 s.     [order_buffer = 0] [open_orders = 1/4]
2026-07-12 14:30:19 DEBUG:    EVENT NUM 654   current_time = 00:04:58   END_PICKING           [queue size = 31]
2026-07-12 14:30:19 DEBUG: Ended picking at workstation 1.    [picking_buffer len = {33: 281.8617493768362}]
2026-07-12 14:30:19 DEBUG: Task should have served orders {88, 25}, found open orders {35, 88, 25, 11}.
2026-07-12 14:30:19 DEBUG: Task 45 completed: pod 108 returning to storage.
2026-07-12 14:30:19 DEBUG:    EVENT NUM 655   current_time = 00:04:58   CLOSE_ORDER           [queue size = 33]
2026-07-12 14:30:19 DEBUG: Order 25 closed at workstation 1: flow_time = 298.7 s.     [order_buffer = 4] [open_orders = 3/4]
2026-07-12 14:30:19 DEBUG: Next order in buffer: 71
2026-07-12 14:30:19 DEBUG:    EVENT NUM 656   current_time = 00:04:58   START_PICKING         [queue size = 33]
2026-07-12 14:30:19 DEBUG: Processing task 33 at workstation 1: picking items {4649} for orders {11}
2026-07-12 14:30:19 DEBUG:    EVENT NUM 657   current_time = 00:04:58   OPEN_ORDER            [queue size = 33]
2026-07-12 14:30:19 DEBUG: Order 71 (skus required = {6742}) opened at workstation 1.   [open_orders = 4/4]
2026-07-12 14:30:19 DEBUG:    EVENT NUM 658   current_time = 00:04:58   START_TASK            [queue size = 33]
2026-07-12 14:30:19 DEBUG: Task 51 blocked: no idle robots.
2026-07-12 14:30:19 DEBUG:    EVENT NUM 659   current_time = 00:04:59   RELEASE_TASK          [queue size = 32]
2026-07-12 14:30:19 DEBUG: Task 175 released: pod 493 required by workstation(s) [7].  [released tasks = 111]
2026-07-12 14:30:19 DEBUG:    EVENT NUM 660   current_time = 00:05:00   ARRIVAL_ORDER         [queue size = 31]
2026-07-12 14:30:19 DEBUG: Order 159 arrived: items_required = [2748].     [orders_in_system = 133]
2026-07-12 14:30:19 DEBUG:    EVENT NUM 661   current_time = 00:05:01   RELEASE_TASK          [queue size = 31]
2026-07-12 14:30:19 DEBUG: Task 176 released: pod 490 required by workstation(s) [7].  [released tasks = 112]
2026-07-12 14:30:19 DEBUG:    EVENT NUM 662   current_time = 00:05:04   RETURN_POD            [queue size = 30]
2026-07-12 14:30:19 DEBUG: Pod 361 returned. Robot 2 idle.   [idle robots = 1/30, released tasks = 112]
2026-07-12 14:30:19 DEBUG:    EVENT NUM 663   current_time = 00:05:04   START_TASK            [queue size = 30]
2026-07-12 14:30:19 DEBUG: Task 51 started: robot 2 → pod 308 → workstation 1 for orders {99} (arrival = 353.6 s).   [idle robots = 0/30]
2026-07-12 14:30:19 DEBUG:    EVENT NUM 664   current_time = 00:05:04   ARRIVAL_POD_WST       [queue size = 30]
2026-07-12 14:30:19 DEBUG: Pod 505 arrived at workstation 0 - status = BUSY
2026-07-12 14:30:19 DEBUG: Pod queued at workstation.    [picking_buffer = {42: 286.15755326967894, 58: 304.93155393412746}]
2026-07-12 14:30:19 DEBUG:    EVENT NUM 665   current_time = 00:05:05   ARRIVAL_ORDER         [queue size = 29]
2026-07-12 14:30:19 DEBUG: Order 160 arrived: items_required = [4433, 4400].     [orders_in_system = 134]
2026-07-12 14:30:19 DEBUG:    EVENT NUM 666   current_time = 00:05:05   END_PICKING           [queue size = 29]
2026-07-12 14:30:19 DEBUG: Ended picking at workstation 0.    [picking_buffer len = {42: 286.15755326967894, 58: 304.93155393412746}]
2026-07-12 14:30:19 DEBUG: Task should have served orders {85}, found open orders {64, 53, 85, 27}.
2026-07-12 14:30:19 DEBUG: Task 54 completed: pod 508 returning to storage.
2026-07-12 14:30:19 DEBUG:    EVENT NUM 667   current_time = 00:05:05   START_PICKING         [queue size = 30]
2026-07-12 14:30:19 DEBUG: Processing task 42 at workstation 0: picking items {8376, 8022} for orders {64, 85}
2026-07-12 14:30:19 DEBUG:    EVENT NUM 668   current_time = 00:05:06   RETURN_POD            [queue size = 30]
2026-07-12 14:30:19 DEBUG: Pod 295 returned. Robot 25 idle.   [idle robots = 1/30, released tasks = 111]
2026-07-12 14:30:19 DEBUG:    EVENT NUM 669   current_time = 00:05:06   START_TASK            [queue size = 30]
2026-07-12 14:30:19 DEBUG: Task 53 started: robot 25 → pod 382 → workstation 1 for orders {99} (arrival = 356.3 s).   [idle robots = 0/30]
2026-07-12 14:30:19 DEBUG:    EVENT NUM 670   current_time = 00:05:08   ARRIVAL_POD_WST       [queue size = 30]
2026-07-12 14:30:19 DEBUG: Pod 257 arrived at workstation 2 - status = IDLE
2026-07-12 14:30:19 DEBUG: Pod queued at workstation.    [picking_buffer = {65: 308.01530494085284}]
2026-07-12 14:30:19 DEBUG:    EVENT NUM 671   current_time = 00:05:08   START_PICKING         [queue size = 30]
2026-07-12 14:30:19 DEBUG: Processing task 65 at workstation 2: picking items {4950} for orders {7}
2026-07-12 14:30:19 DEBUG:    EVENT NUM 672   current_time = 00:05:08   END_PICKING           [queue size = 30]
2026-07-12 14:30:19 DEBUG: Ended picking at workstation 1.    [picking_buffer len = {}]
2026-07-12 14:30:19 DEBUG: Task should have served orders {11}, found open orders {35, 71, 88, 11}.
2026-07-12 14:30:19 DEBUG: Task 33 completed: pod 269 returning to storage.
2026-07-12 14:30:19 DEBUG:    EVENT NUM 673   current_time = 00:05:08   CLOSE_ORDER           [queue size = 31]
2026-07-12 14:30:19 DEBUG: Order 11 closed at workstation 1: flow_time = 308.7 s.     [order_buffer = 3] [open_orders = 3/4]
2026-07-12 14:30:19 DEBUG: Next order in buffer: 99
2026-07-12 14:30:19 DEBUG:    EVENT NUM 674   current_time = 00:05:08   OPEN_ORDER            [queue size = 31]
2026-07-12 14:30:19 DEBUG: Order 99 (skus required = {4898, 4548, 2133}) opened at workstation 1.   [open_orders = 4/4]
2026-07-12 14:30:19 DEBUG:    EVENT NUM 675   current_time = 00:05:08   START_TASK            [queue size = 31]
2026-07-12 14:30:19 DEBUG: Task 59 blocked: no idle robots.
2026-07-12 14:30:19 DEBUG:    EVENT NUM 676   current_time = 00:05:08   RETURN_POD            [queue size = 30]
2026-07-12 14:30:19 DEBUG: Pod 289 returned. Robot 11 idle.   [idle robots = 1/30, released tasks = 110]
2026-07-12 14:30:19 DEBUG:    EVENT NUM 677   current_time = 00:05:08   START_TASK            [queue size = 30]
2026-07-12 14:30:19 DEBUG: Task 59 started: robot 11 → pod 547 → workstation 1 for orders {99} (arrival = 402.1 s).   [idle robots = 0/30]
2026-07-12 14:30:19 DEBUG:    EVENT NUM 678   current_time = 00:05:10   ARRIVAL_ORDER         [queue size = 30]
2026-07-12 14:30:19 DEBUG: Order 161 arrived: items_required = [1240].     [orders_in_system = 134]
2026-07-12 14:30:19 DEBUG:    EVENT NUM 679   current_time = 00:05:10   RETURN_POD            [queue size = 30]
2026-07-12 14:30:19 DEBUG: Pod 500 returned. Robot 8 idle.   [idle robots = 1/30, released tasks = 109]
2026-07-12 14:30:19 DEBUG:    EVENT NUM 680   current_time = 00:05:10   START_TASK            [queue size = 30]
2026-07-12 14:30:19 DEBUG: Task 67 blocked: no orders in {0: [70]} is open yet.  [released tasks = 108]
2026-07-12 14:30:19 DEBUG: Task 75 started: robot 8 → pod 559 → workstation 1 for orders {67} (arrival = 325.6 s).   [idle robots = 0/30]
2026-07-12 14:30:19 DEBUG:    EVENT NUM 681   current_time = 00:05:11   RETURN_POD            [queue size = 30]
2026-07-12 14:30:19 DEBUG: Pod 598 returned. Robot 15 idle.   [idle robots = 1/30, released tasks = 108]
2026-07-12 14:30:19 DEBUG:    EVENT NUM 682   current_time = 00:05:11   START_TASK            [queue size = 30]
2026-07-12 14:30:19 DEBUG: Task 67 blocked: no orders in {0: [70]} is open yet.  [released tasks = 107]
2026-07-12 14:30:19 DEBUG: Task 77 started: robot 15 → pod 377 → workstation 1 for orders {67} (arrival = 402.1 s).   [idle robots = 0/30]
2026-07-12 14:30:19 DEBUG:    EVENT NUM 683   current_time = 00:05:11   ARRIVAL_POD_WST       [queue size = 30]
2026-07-12 14:30:19 DEBUG: Pod 535 arrived at workstation 4 - status = IDLE
2026-07-12 14:30:19 DEBUG: Pod queued at workstation.    [picking_buffer = {73: 311.44812213141705}]
2026-07-12 14:30:19 DEBUG:    EVENT NUM 684   current_time = 00:05:11   START_PICKING         [queue size = 30]
2026-07-12 14:30:19 DEBUG: Processing task 73 at workstation 4: picking items {5642} for orders {61}
2026-07-12 14:30:19 DEBUG:    EVENT NUM 685   current_time = 00:05:11   ARRIVAL_POD_WST       [queue size = 30]
2026-07-12 14:30:19 DEBUG: Pod 3 arrived at workstation 0 - status = BUSY
2026-07-12 14:30:19 DEBUG: Pod queued at workstation.    [picking_buffer = {58: 304.93155393412746, 37: 311.5329402762883}]
2026-07-12 14:30:19 DEBUG:    EVENT NUM 686   current_time = 00:05:12   ARRIVAL_POD_WST       [queue size = 29]
2026-07-12 14:30:19 DEBUG: Pod 253 arrived at workstation 1 - status = IDLE
2026-07-12 14:30:19 DEBUG: Pod queued at workstation.    [picking_buffer = {61: 312.3612220935522}]
2026-07-12 14:30:19 DEBUG:    EVENT NUM 687   current_time = 00:05:12   START_PICKING         [queue size = 29]
2026-07-12 14:30:19 DEBUG: Processing task 61 at workstation 1: picking items {7330} for orders {88}
2026-07-12 14:30:19 DEBUG:    EVENT NUM 688   current_time = 00:05:13   RETURN_POD            [queue size = 29]
2026-07-12 14:30:19 DEBUG: Pod 529 returned. Robot 5 idle.   [idle robots = 1/30, released tasks = 107]
2026-07-12 14:30:19 DEBUG:    EVENT NUM 689   current_time = 00:05:13   START_TASK            [queue size = 29]
2026-07-12 14:30:19 DEBUG: Task 67 blocked: no orders in {0: [70]} is open yet.  [released tasks = 106]
2026-07-12 14:30:19 DEBUG: Task 78 started: robot 5 → pod 163 → workstation 4 for orders {87} (arrival = 381.6 s).   [idle robots = 0/30]
2026-07-12 14:30:19 DEBUG:    EVENT NUM 690   current_time = 00:05:15   ARRIVAL_ORDER         [queue size = 29]
2026-07-12 14:30:19 DEBUG: Order 162 arrived: items_required = [4570, 3846, 2968].     [orders_in_system = 135]
2026-07-12 14:30:19 DEBUG:    EVENT NUM 691   current_time = 00:05:18   END_PICKING           [queue size = 29]
2026-07-12 14:30:19 DEBUG: Ended picking at workstation 2.    [picking_buffer len = {}]
2026-07-12 14:30:19 DEBUG: Task should have served orders {7}, found open orders {7}.
2026-07-12 14:30:19 DEBUG: Task 65 completed: pod 257 returning to storage.
2026-07-12 14:30:19 DEBUG:    EVENT NUM 692   current_time = 00:05:18   CLOSE_ORDER           [queue size = 30]
2026-07-12 14:30:19 DEBUG: Order 7 closed at workstation 2: flow_time = 318.0 s.     [order_buffer = 0] [open_orders = 0/4]
2026-07-12 14:30:19 DEBUG:    EVENT NUM 693   current_time = 00:05:19   ARRIVAL_POD_WST       [queue size = 29]
2026-07-12 14:30:19 DEBUG: Pod 456 arrived at workstation 0 - status = BUSY
2026-07-12 14:30:19 DEBUG: Pod queued at workstation.    [picking_buffer = {58: 304.93155393412746, 37: 311.5329402762883, 60: 319.2874087430286}]
2026-07-12 14:30:19 DEBUG:    EVENT NUM 694   current_time = 00:05:19   ARRIVAL_POD_WST       [queue size = 28]
2026-07-12 14:30:19 DEBUG: Pod 25 arrived at workstation 1 - status = BUSY
2026-07-12 14:30:19 DEBUG: Pod queued at workstation.    [picking_buffer = {40: 319.5813025933355}]
2026-07-12 14:30:19 DEBUG:    EVENT NUM 695   current_time = 00:05:20   ARRIVAL_ORDER         [queue size = 27]
2026-07-12 14:30:19 DEBUG: Order 163 arrived: items_required = [2449].     [orders_in_system = 135]
2026-07-12 14:30:19 DEBUG:    EVENT NUM 696   current_time = 00:05:20   END_PICKING           [queue size = 27]
2026-07-12 14:30:19 DEBUG: Ended picking at workstation 0.    [picking_buffer len = {58: 304.93155393412746, 37: 311.5329402762883, 60: 319.2874087430286}]
2026-07-12 14:30:19 DEBUG: Task should have served orders {64, 85}, found open orders {64, 53, 85, 27}.
2026-07-12 14:30:19 DEBUG: Task 42 completed: pod 426 returning to storage.
2026-07-12 14:30:19 DEBUG:    EVENT NUM 697   current_time = 00:05:20   START_PICKING         [queue size = 28]
2026-07-12 14:30:19 DEBUG: Processing task 58 at workstation 0: picking items {1268} for orders {85}
2026-07-12 14:30:19 DEBUG:    EVENT NUM 698   current_time = 00:05:21   END_PICKING           [queue size = 28]
2026-07-12 14:30:19 DEBUG: Ended picking at workstation 4.    [picking_buffer len = {}]
2026-07-12 14:30:19 DEBUG: Task should have served orders {61}, found open orders {21, 61, 38, 87}.
2026-07-12 14:30:19 DEBUG: Task 73 completed: pod 535 returning to storage.
2026-07-12 14:30:19 DEBUG:    EVENT NUM 699   current_time = 00:05:21   CLOSE_ORDER           [queue size = 29]
2026-07-12 14:30:19 DEBUG: Order 61 closed at workstation 4: flow_time = 321.4 s.     [order_buffer = 6] [open_orders = 3/4]
2026-07-12 14:30:19 DEBUG: Next order in buffer: 80
2026-07-12 14:30:19 DEBUG:    EVENT NUM 700   current_time = 00:05:21   OPEN_ORDER            [queue size = 29]
2026-07-12 14:30:19 DEBUG: Order 80 (skus required = {4454, 2667, 2991, 2450, 2137, 3546}) opened at workstation 4.   [open_orders = 4/4]
2026-07-12 14:30:19 DEBUG:    EVENT NUM 701   current_time = 00:05:21   START_TASK            [queue size = 29]
2026-07-12 14:30:19 DEBUG: Task 67 blocked: no orders in {0: [70]} is open yet.  [released tasks = 105]
2026-07-12 14:30:19 DEBUG: Task 79 blocked: no idle robots.
2026-07-12 14:30:19 DEBUG:    EVENT NUM 702   current_time = 00:05:22   END_PICKING           [queue size = 28]
2026-07-12 14:30:19 DEBUG: Ended picking at workstation 1.    [picking_buffer len = {40: 319.5813025933355}]
2026-07-12 14:30:19 DEBUG: Task should have served orders {88}, found open orders {99, 35, 71, 88}.
2026-07-12 14:30:19 DEBUG: Task 61 completed: pod 253 returning to storage.
2026-07-12 14:30:19 DEBUG:    EVENT NUM 703   current_time = 00:05:22   START_PICKING         [queue size = 29]
2026-07-12 14:30:19 DEBUG: Processing task 40 at workstation 1: picking items {2287} for orders {35}
2026-07-12 14:30:19 DEBUG:    EVENT NUM 704   current_time = 00:05:23   RETURN_POD            [queue size = 29]
2026-07-12 14:30:19 DEBUG: Pod 508 returned. Robot 14 idle.   [idle robots = 1/30, released tasks = 106]
2026-07-12 14:30:19 DEBUG:    EVENT NUM 705   current_time = 00:05:23   START_TASK            [queue size = 29]
2026-07-12 14:30:19 DEBUG: Task 67 blocked: no orders in {0: [70]} is open yet.  [released tasks = 105]
2026-07-12 14:30:19 DEBUG: Task 79 started: robot 14 → pod 407 → workstation 3 for orders {14} (arrival = 386.9 s).   [idle robots = 0/30]
2026-07-12 14:30:19 DEBUG:    EVENT NUM 706   current_time = 00:05:24   ARRIVAL_POD_WST       [queue size = 29]
2026-07-12 14:30:19 DEBUG: Pod 277 arrived at workstation 0 - status = BUSY
2026-07-12 14:30:19 DEBUG: Pod queued at workstation.    [picking_buffer = {37: 311.5329402762883, 60: 319.2874087430286, 66: 324.36945797423726}]
2026-07-12 14:30:19 DEBUG:    EVENT NUM 707   current_time = 00:05:25   ARRIVAL_ORDER         [queue size = 28]
2026-07-12 14:30:19 DEBUG: Order 164 arrived: items_required = [1081].     [orders_in_system = 135]
2026-07-12 14:30:19 DEBUG:    EVENT NUM 708   current_time = 00:05:25   ARRIVAL_POD_WST       [queue size = 28]
2026-07-12 14:30:19 DEBUG: Pod 559 arrived at workstation 1 - status = BUSY
2026-07-12 14:30:19 DEBUG: Pod queued at workstation.    [picking_buffer = {75: 325.56254534968406}]
2026-07-12 14:30:19 DEBUG:    EVENT NUM 709   current_time = 00:05:30   ARRIVAL_ORDER         [queue size = 27]
2026-07-12 14:30:19 DEBUG: Order 165 arrived: items_required = [3602, 2236, 4247].     [orders_in_system = 136]
2026-07-12 14:30:19 DEBUG:    EVENT NUM 710   current_time = 00:05:30   END_PICKING           [queue size = 27]
2026-07-12 14:30:19 DEBUG: Ended picking at workstation 0.    [picking_buffer len = {37: 311.5329402762883, 60: 319.2874087430286, 66: 324.36945797423726}]
2026-07-12 14:30:19 DEBUG: Task should have served orders {85}, found open orders {64, 53, 85, 27}.
2026-07-12 14:30:19 DEBUG: Task 58 heading to workstation 1.
2026-07-12 14:30:19 DEBUG:    EVENT NUM 711   current_time = 00:05:30   CLOSE_ORDER           [queue size = 29]
2026-07-12 14:30:19 DEBUG: Order 85 closed at workstation 0: flow_time = 330.4 s.     [order_buffer = 4] [open_orders = 3/4]
2026-07-12 14:30:19 DEBUG: Next order in buffer: 78
2026-07-12 14:30:19 DEBUG:    EVENT NUM 712   current_time = 00:05:30   START_PICKING         [queue size = 29]
2026-07-12 14:30:19 DEBUG: Processing task 37 at workstation 0: picking items {1208} for orders {27}
2026-07-12 14:30:19 DEBUG:    EVENT NUM 713   current_time = 00:05:30   OPEN_ORDER            [queue size = 29]
2026-07-12 14:30:19 DEBUG: Order 78 (skus required = {2227}) opened at workstation 0.   [open_orders = 4/4]
2026-07-12 14:30:19 DEBUG:    EVENT NUM 714   current_time = 00:05:30   START_TASK            [queue size = 29]
2026-07-12 14:30:19 DEBUG: Task 67 blocked: no idle robots.
2026-07-12 14:30:19 DEBUG:    EVENT NUM 715   current_time = 00:05:32   END_PICKING           [queue size = 28]
2026-07-12 14:30:19 DEBUG: Ended picking at workstation 1.    [picking_buffer len = {75: 325.56254534968406}]
2026-07-12 14:30:19 DEBUG: Task should have served orders {35}, found open orders {99, 35, 71, 88}.
2026-07-12 14:30:19 DEBUG: Task 40 completed: pod 25 returning to storage.
2026-07-12 14:30:19 DEBUG:    EVENT NUM 716   current_time = 00:05:32   CLOSE_ORDER           [queue size = 30]
2026-07-12 14:30:19 DEBUG: Order 35 closed at workstation 1: flow_time = 332.4 s.     [order_buffer = 2] [open_orders = 3/4]
2026-07-12 14:30:19 DEBUG: Next order in buffer: 67
2026-07-12 14:30:19 DEBUG:    EVENT NUM 717   current_time = 00:05:32   START_PICKING         [queue size = 30]
2026-07-12 14:30:19 DEBUG: start_picking: WS 1 has no actionable task in buffer.
2026-07-12 14:30:19 DEBUG:    EVENT NUM 718   current_time = 00:05:32   OPEN_ORDER            [queue size = 29]
2026-07-12 14:30:19 DEBUG: Order 67 (skus required = {4387, 4860, 8788}) opened at workstation 1.   [open_orders = 4/4]
2026-07-12 14:30:19 DEBUG:    EVENT NUM 719   current_time = 00:05:32   START_TASK            [queue size = 30]
2026-07-12 14:30:19 DEBUG: Task 67 blocked: no idle robots.
2026-07-12 14:30:19 DEBUG:    EVENT NUM 720   current_time = 00:05:32   START_PICKING         [queue size = 29]
2026-07-12 14:30:19 DEBUG: Processing task 75 at workstation 1: picking items {4387} for orders {67}
2026-07-12 14:30:19 DEBUG:    EVENT NUM 721   current_time = 00:05:35   ARRIVAL_ORDER         [queue size = 29]
2026-07-12 14:30:19 DEBUG: Order 166 arrived: items_required = [2414, 4986].     [orders_in_system = 135]
2026-07-12 14:30:19 DEBUG:    EVENT NUM 722   current_time = 00:05:37   ARRIVAL_POD_WST       [queue size = 29]
2026-07-12 14:30:19 DEBUG: Pod 505 arrived at workstation 1 - status = BUSY
2026-07-12 14:30:19 DEBUG: Pod queued at workstation.    [picking_buffer = {58: 337.3538685123733}]
2026-07-12 14:30:19 DEBUG:    EVENT NUM 723   current_time = 00:05:37   RETURN_POD            [queue size = 28]
2026-07-12 14:30:19 DEBUG: Pod 356 returned. Robot 17 idle.   [idle robots = 1/30, released tasks = 105]
2026-07-12 14:30:19 DEBUG:    EVENT NUM 724   current_time = 00:05:37   START_TASK            [queue size = 28]
2026-07-12 14:30:19 DEBUG: Task 67 started: robot 17 → pod 211 → workstation 0 for orders {70} (arrival = 416.7 s).   [idle robots = 0/30]
2026-07-12 14:30:19 DEBUG:    EVENT NUM 725   current_time = 00:05:39   RETURN_POD            [queue size = 28]
2026-07-12 14:30:19 DEBUG: Pod 121 returned. Robot 29 idle.   [idle robots = 1/30, released tasks = 104]
2026-07-12 14:30:19 DEBUG:    EVENT NUM 726   current_time = 00:05:39   START_TASK            [queue size = 28]
2026-07-12 14:30:19 DEBUG: Task 80 started: robot 29 → pod 242 → workstation 0 for orders {64} (arrival = 448.1 s).   [idle robots = 0/30]
2026-07-12 14:30:19 DEBUG:    EVENT NUM 727   current_time = 00:05:40   ARRIVAL_ORDER         [queue size = 28]
2026-07-12 14:30:19 DEBUG: Order 167 arrived: items_required = [5407, 3199].     [orders_in_system = 136]
2026-07-12 14:30:19 DEBUG:    EVENT NUM 728   current_time = 00:05:40   END_PICKING           [queue size = 28]
2026-07-12 14:30:19 DEBUG: Ended picking at workstation 0.    [picking_buffer len = {60: 319.2874087430286, 66: 324.36945797423726}]
2026-07-12 14:30:19 DEBUG: Task should have served orders {27}, found open orders {64, 78, 53, 27}.
2026-07-12 14:30:19 DEBUG: Task 37 completed: pod 3 returning to storage.
2026-07-12 14:30:19 DEBUG:    EVENT NUM 729   current_time = 00:05:40   CLOSE_ORDER           [queue size = 30]
2026-07-12 14:30:19 DEBUG: Order 27 closed at workstation 0: flow_time = 340.4 s.     [order_buffer = 3] [open_orders = 3/4]
2026-07-12 14:30:19 DEBUG: Next order in buffer: 70
2026-07-12 14:30:19 DEBUG:    EVENT NUM 730   current_time = 00:05:40   START_PICKING         [queue size = 30]
2026-07-12 14:30:19 DEBUG: Processing task 60 at workstation 0: picking items {2227} for orders {78}
2026-07-12 14:30:19 DEBUG:    EVENT NUM 731   current_time = 00:05:40   OPEN_ORDER            [queue size = 30]
2026-07-12 14:30:19 DEBUG: Order 70 (skus required = {3330, 2220, 4590}) opened at workstation 0.   [open_orders = 4/4]
2026-07-12 14:30:19 DEBUG:    EVENT NUM 732   current_time = 00:05:40   START_TASK            [queue size = 30]
2026-07-12 14:30:19 DEBUG: Task 81 blocked: no idle robots.
2026-07-12 14:30:19 DEBUG:    EVENT NUM 733   current_time = 00:05:42   END_PICKING           [queue size = 29]
2026-07-12 14:30:19 DEBUG: Ended picking at workstation 1.    [picking_buffer len = {58: 337.3538685123733}]
2026-07-12 14:30:19 DEBUG: Task should have served orders {67}, found open orders {99, 67, 71, 88}.
2026-07-12 14:30:19 DEBUG: Task 75 completed: pod 559 returning to storage.
2026-07-12 14:30:19 DEBUG:    EVENT NUM 734   current_time = 00:05:42   START_PICKING         [queue size = 30]
2026-07-12 14:30:19 DEBUG: Processing task 58 at workstation 1: picking items {6938, 8788} for orders {67, 52}
2026-07-12 14:30:19 DEBUG:    EVENT NUM 735   current_time = 00:05:43   ARRIVAL_POD_WST       [queue size = 30]
2026-07-12 14:30:19 DEBUG: Pod 528 arrived at workstation 3 - status = IDLE
2026-07-12 14:30:19 DEBUG: Pod queued at workstation.    [picking_buffer = {72: 343.2198292467579}]
2026-07-12 14:30:19 DEBUG:    EVENT NUM 736   current_time = 00:05:43   START_PICKING         [queue size = 30]
2026-07-12 14:30:19 DEBUG: Processing task 72 at workstation 3: picking items {4901} for orders {4}
2026-07-12 14:30:19 DEBUG:    EVENT NUM 737   current_time = 00:05:43   RETURN_POD            [queue size = 30]
2026-07-12 14:30:19 DEBUG: Pod 420 returned. Robot 16 idle.   [idle robots = 1/30, released tasks = 103]
2026-07-12 14:30:19 DEBUG:    EVENT NUM 738   current_time = 00:05:43   START_TASK            [queue size = 30]
2026-07-12 14:30:19 DEBUG: Task 81 started: robot 16 → pod 453 → workstation 4 for orders {21} (arrival = 428.3 s).   [idle robots = 0/30]
2026-07-12 14:30:19 DEBUG:    EVENT NUM 739   current_time = 00:05:45   ARRIVAL_ORDER         [queue size = 30]
2026-07-12 14:30:19 DEBUG: Order 168 arrived: items_required = [2632, 4509].     [orders_in_system = 136]
2026-07-12 14:30:19 DEBUG:    EVENT NUM 740   current_time = 00:05:49   RETURN_POD            [queue size = 30]
2026-07-12 14:30:19 DEBUG: Pod 535 returned. Robot 9 idle.   [idle robots = 1/30, released tasks = 102]
2026-07-12 14:30:19 DEBUG:    EVENT NUM 741   current_time = 00:05:49   START_TASK            [queue size = 30]
2026-07-12 14:30:19 DEBUG: Task 82 started: robot 9 → pod 268 → workstation 0 for orders {64} (arrival = 459.4 s).   [idle robots = 0/30]
2026-07-12 14:30:19 DEBUG:    EVENT NUM 742   current_time = 00:05:50   ARRIVAL_ORDER         [queue size = 30]
2026-07-12 14:30:19 DEBUG: Order 169 arrived: items_required = [4985, 2396, 5020, 1343, 5440, 4958].     [orders_in_system = 137]
2026-07-12 14:30:19 DEBUG:    EVENT NUM 743   current_time = 00:05:50   END_PICKING           [queue size = 30]
2026-07-12 14:30:19 DEBUG: Ended picking at workstation 0.    [picking_buffer len = {66: 324.36945797423726}]
2026-07-12 14:30:19 DEBUG: Task should have served orders {78}, found open orders {64, 70, 78, 53}.
2026-07-12 14:30:19 DEBUG: Task 60 completed: pod 456 returning to storage.
2026-07-12 14:30:19 DEBUG:    EVENT NUM 744   current_time = 00:05:50   CLOSE_ORDER           [queue size = 32]
2026-07-12 14:30:19 DEBUG: Order 78 closed at workstation 0: flow_time = 350.4 s.     [order_buffer = 2] [open_orders = 3/4]
2026-07-12 14:30:19 DEBUG: Next order in buffer: 75
2026-07-12 14:30:19 DEBUG:    EVENT NUM 745   current_time = 00:05:50   START_PICKING         [queue size = 32]
2026-07-12 14:30:19 DEBUG: Processing task 66 at workstation 0: picking items {6790} for orders {64}
2026-07-12 14:30:19 DEBUG:    EVENT NUM 746   current_time = 00:05:50   OPEN_ORDER            [queue size = 32]
2026-07-12 14:30:19 DEBUG: Order 75 (skus required = {5534}) opened at workstation 0.   [open_orders = 4/4]
2026-07-12 14:30:19 DEBUG:    EVENT NUM 747   current_time = 00:05:50   START_TASK            [queue size = 32]
2026-07-12 14:30:19 DEBUG: Task 84 blocked: no idle robots.
2026-07-12 14:30:19 DEBUG:    EVENT NUM 748   current_time = 00:05:50   RETURN_POD            [queue size = 31]
2026-07-12 14:30:19 DEBUG: Pod 172 returned. Robot 21 idle.   [idle robots = 1/30, released tasks = 101]
2026-07-12 14:30:19 DEBUG:    EVENT NUM 749   current_time = 00:05:50   START_TASK            [queue size = 31]
2026-07-12 14:30:19 DEBUG: Task 84 started: robot 21 → pod 36 → workstation 4 for orders {87} (arrival = 442.0 s).   [idle robots = 0/30]
2026-07-12 14:30:19 DEBUG:    EVENT NUM 750   current_time = 00:05:53   END_PICKING           [queue size = 31]
2026-07-12 14:30:19 DEBUG: Ended picking at workstation 3.    [picking_buffer len = {}]
2026-07-12 14:30:19 DEBUG: Task should have served orders {4}, found open orders {4, 20, 14, 15}.
2026-07-12 14:30:19 DEBUG: Task 72 heading to workstation 3.
2026-07-12 14:30:19 DEBUG:    EVENT NUM 751   current_time = 00:05:53   ARRIVAL_POD_WST       [queue size = 31]
2026-07-12 14:30:19 DEBUG: Pod 528 arrived at workstation 3 - status = IDLE
2026-07-12 14:30:19 DEBUG: Pod queued at workstation.    [picking_buffer = {72: 353.2198292467579}]
2026-07-12 14:30:19 DEBUG:    EVENT NUM 752   current_time = 00:05:53   START_PICKING         [queue size = 31]
2026-07-12 14:30:19 DEBUG: Processing task 72 at workstation 3: picking items {8155} for orders {20}
2026-07-12 14:30:19 DEBUG:    EVENT NUM 753   current_time = 00:05:53   ARRIVAL_POD_WST       [queue size = 31]
2026-07-12 14:30:19 DEBUG: Pod 308 arrived at workstation 1 - status = BUSY
2026-07-12 14:30:19 DEBUG: Pod queued at workstation.    [picking_buffer = {51: 353.5938796704901}]
2026-07-12 14:30:19 DEBUG:    EVENT NUM 754   current_time = 00:05:55   ARRIVAL_ORDER         [queue size = 30]
2026-07-12 14:30:19 DEBUG: Order 170 arrived: items_required = [545].     [orders_in_system = 137]
2026-07-12 14:30:19 DEBUG:    EVENT NUM 755   current_time = 00:05:56   ARRIVAL_POD_WST       [queue size = 30]
2026-07-12 14:30:19 DEBUG: Pod 246 arrived at workstation 1 - status = BUSY
2026-07-12 14:30:19 DEBUG: Pod queued at workstation.    [picking_buffer = {51: 353.5938796704901, 63: 356.0072558539548}]
2026-07-12 14:30:19 DEBUG:    EVENT NUM 756   current_time = 00:05:56   ARRIVAL_POD_WST       [queue size = 29]
2026-07-12 14:30:19 DEBUG: Pod 382 arrived at workstation 1 - status = BUSY
2026-07-12 14:30:19 DEBUG: Pod queued at workstation.    [picking_buffer = {51: 353.5938796704901, 63: 356.0072558539548, 53: 356.34251093012006}]
2026-07-12 14:30:19 DEBUG:    EVENT NUM 757   current_time = 00:05:57   END_PICKING           [queue size = 28]
2026-07-12 14:30:19 DEBUG: Ended picking at workstation 1.    [picking_buffer len = {51: 353.5938796704901, 63: 356.0072558539548, 53: 356.34251093012006}]
2026-07-12 14:30:19 DEBUG: Task should have served orders {67, 52}, found open orders {99, 67, 71, 88}.
2026-07-12 14:30:19 DEBUG: Task 58 heading to workstation 1.
2026-07-12 14:30:19 DEBUG:    EVENT NUM 758   current_time = 00:05:57   ARRIVAL_POD_WST       [queue size = 29]
2026-07-12 14:30:19 DEBUG: Pod 505 arrived at workstation 1 - status = IDLE
2026-07-12 14:30:19 DEBUG: Pod queued at workstation.    [picking_buffer = {51: 353.5938796704901, 63: 356.0072558539548, 53: 356.34251093012006, 58: 357.3612220935522}]
2026-07-12 14:30:19 DEBUG:    EVENT NUM 759   current_time = 00:05:57   START_PICKING         [queue size = 29]
2026-07-12 14:30:19 DEBUG: Processing task 51 at workstation 1: picking items {4898} for orders {99}
2026-07-12 14:30:19 DEBUG:    EVENT NUM 760   current_time = 00:05:57   START_PICKING         [queue size = 29]
2026-07-12 14:30:19 DEBUG:    EVENT NUM 761   current_time = 00:05:57   RETURN_POD            [queue size = 28]
2026-07-12 14:30:19 DEBUG: Pod 559 returned. Robot 8 idle.   [idle robots = 1/30, released tasks = 100]
2026-07-12 14:30:19 DEBUG:    EVENT NUM 762   current_time = 00:05:57   START_TASK            [queue size = 28]
2026-07-12 14:30:19 DEBUG: Task 85 started: robot 8 → pod 129 → workstation 4 for orders {38} (arrival = 482.8 s).   [idle robots = 0/30]
2026-07-12 14:30:19 DEBUG:    EVENT NUM 763   current_time = 00:06:00   ARRIVAL_ORDER         [queue size = 28]
2026-07-12 14:30:19 DEBUG: Order 171 arrived: items_required = [7954].     [orders_in_system = 138]
2026-07-12 14:30:19 DEBUG:    EVENT NUM 764   current_time = 00:06:00   END_PICKING           [queue size = 28]
2026-07-12 14:30:19 DEBUG: Ended picking at workstation 0.    [picking_buffer len = {}]
2026-07-12 14:30:19 DEBUG: Task should have served orders {64}, found open orders {64, 70, 75, 53}.
2026-07-12 14:30:19 DEBUG: Task 66 completed: pod 277 returning to storage.
2026-07-12 14:30:19 DEBUG:    EVENT NUM 765   current_time = 00:06:03   END_PICKING           [queue size = 28]
2026-07-12 14:30:19 DEBUG: Ended picking at workstation 3.    [picking_buffer len = {}]
2026-07-12 14:30:19 DEBUG: Task should have served orders {20}, found open orders {4, 20, 14, 15}.
2026-07-12 14:30:19 DEBUG: Task 72 completed: pod 528 returning to storage.
2026-07-12 14:30:19 DEBUG:    EVENT NUM 766   current_time = 00:06:03   CLOSE_ORDER           [queue size = 29]
2026-07-12 14:30:19 DEBUG: Order 20 closed at workstation 3: flow_time = 363.2 s.     [order_buffer = 7] [open_orders = 3/4]
2026-07-12 14:30:19 DEBUG: Next order in buffer: 69
2026-07-12 14:30:19 DEBUG:    EVENT NUM 767   current_time = 00:06:03   OPEN_ORDER            [queue size = 29]
2026-07-12 14:30:19 DEBUG: Order 69 (skus required = {4528}) opened at workstation 3.   [open_orders = 4/4]
2026-07-12 14:30:19 DEBUG:    EVENT NUM 768   current_time = 00:06:03   START_TASK            [queue size = 29]
2026-07-12 14:30:19 DEBUG: Task 86 blocked: no idle robots.
2026-07-12 14:30:19 DEBUG:    EVENT NUM 769   current_time = 00:06:05   ARRIVAL_ORDER         [queue size = 28]
2026-07-12 14:30:19 DEBUG: Order 172 arrived: items_required = [3796, 4799, 7135, 2734].     [orders_in_system = 138]
2026-07-12 14:30:19 DEBUG:    EVENT NUM 770   current_time = 00:06:07   END_PICKING           [queue size = 28]
2026-07-12 14:30:19 DEBUG: Ended picking at workstation 1.    [picking_buffer len = {63: 356.0072558539548, 53: 356.34251093012006, 58: 357.3612220935522}]
2026-07-12 14:30:19 DEBUG: Task should have served orders {99}, found open orders {99, 67, 71, 88}.
2026-07-12 14:30:19 DEBUG: Task 51 completed: pod 308 returning to storage.
2026-07-12 14:30:19 DEBUG:    EVENT NUM 771   current_time = 00:06:07   START_PICKING         [queue size = 29]
2026-07-12 14:30:19 DEBUG: Processing task 63 at workstation 1: picking items {4284} for orders {88}
2026-07-12 14:30:19 DEBUG:    EVENT NUM 772   current_time = 00:06:10   ARRIVAL_ORDER         [queue size = 29]
2026-07-12 14:30:19 DEBUG: Order 173 arrived: items_required = [4955, 3797].     [orders_in_system = 139]
2026-07-12 14:30:19 DEBUG:    EVENT NUM 773   current_time = 00:06:15   ARRIVAL_ORDER         [queue size = 29]
2026-07-12 14:30:19 DEBUG: Order 174 arrived: items_required = [3522].     [orders_in_system = 140]
2026-07-12 14:30:19 DEBUG:    EVENT NUM 774   current_time = 00:06:17   RETURN_POD            [queue size = 29]
2026-07-12 14:30:19 DEBUG: Pod 108 returned. Robot 1 idle.   [idle robots = 1/30, released tasks = 99]
2026-07-12 14:30:19 DEBUG:    EVENT NUM 775   current_time = 00:06:17   START_TASK            [queue size = 29]
2026-07-12 14:30:19 DEBUG: Task 86 started: robot 1 → pod 506 → workstation 0 for orders {75} (arrival = 407.3 s).   [idle robots = 0/30]
2026-07-12 14:30:19 DEBUG:    EVENT NUM 776   current_time = 00:06:17   END_PICKING           [queue size = 29]
2026-07-12 14:30:19 DEBUG: Ended picking at workstation 1.    [picking_buffer len = {53: 356.34251093012006, 58: 357.3612220935522}]
2026-07-12 14:30:19 DEBUG: Task should have served orders {88}, found open orders {99, 67, 71, 88}.
2026-07-12 14:30:19 DEBUG: Task 63 completed: pod 246 returning to storage.
2026-07-12 14:30:19 DEBUG:    EVENT NUM 777   current_time = 00:06:17   START_PICKING         [queue size = 30]
2026-07-12 14:30:19 DEBUG: Processing task 53 at workstation 1: picking items {4548} for orders {99}
2026-07-12 14:30:19 DEBUG:    EVENT NUM 778   current_time = 00:06:20   ARRIVAL_ORDER         [queue size = 30]
2026-07-12 14:30:19 DEBUG: Order 175 arrived: items_required = [5667, 5045, 1972, 1524].     [orders_in_system = 141]
2026-07-12 14:30:19 DEBUG:    EVENT NUM 779   current_time = 00:06:21   ARRIVAL_POD_WST       [queue size = 30]
2026-07-12 14:30:19 DEBUG: Pod 163 arrived at workstation 4 - status = IDLE
2026-07-12 14:30:19 DEBUG: Pod queued at workstation.    [picking_buffer = {78: 381.60137351718663}]
2026-07-12 14:30:19 DEBUG:    EVENT NUM 780   current_time = 00:06:21   START_PICKING         [queue size = 30]
2026-07-12 14:30:19 DEBUG: Processing task 78 at workstation 4: picking items {1706} for orders {87}
2026-07-12 14:30:19 DEBUG:    EVENT NUM 781   current_time = 00:06:24   ARRIVAL_POD_WST       [queue size = 30]
2026-07-12 14:30:19 DEBUG: Pod 182 arrived at workstation 3 - status = IDLE
2026-07-12 14:30:19 DEBUG: Pod queued at workstation.    [picking_buffer = {76: 384.0370402890586}]
2026-07-12 14:30:19 DEBUG:    EVENT NUM 782   current_time = 00:06:24   START_PICKING         [queue size = 30]
2026-07-12 14:30:19 DEBUG: Processing task 76 at workstation 3: picking items {6532} for orders {4}
2026-07-12 14:30:19 DEBUG:    EVENT NUM 783   current_time = 00:06:25   ARRIVAL_ORDER         [queue size = 30]
2026-07-12 14:30:19 DEBUG: Order 176 arrived: items_required = [3761, 4347].     [orders_in_system = 142]
2026-07-12 14:30:19 DEBUG:    EVENT NUM 784   current_time = 00:06:26   ARRIVAL_POD_WST       [queue size = 30]
2026-07-12 14:30:19 DEBUG: Pod 407 arrived at workstation 3 - status = BUSY
2026-07-12 14:30:19 DEBUG: Pod queued at workstation.    [picking_buffer = {79: 386.928364761677}]
2026-07-12 14:30:19 DEBUG:    EVENT NUM 785   current_time = 00:06:27   RETURN_POD            [queue size = 29]
2026-07-12 14:30:19 DEBUG: Pod 456 returned. Robot 20 idle.   [idle robots = 1/30, released tasks = 98]
2026-07-12 14:30:19 DEBUG:    EVENT NUM 786   current_time = 00:06:27   START_TASK            [queue size = 29]
2026-07-12 14:30:19 DEBUG: Task 88 started: robot 20 → pod 280 → workstation 0 for orders {82} (arrival = 455.7 s).   [idle robots = 0/30]
2026-07-12 14:30:19 DEBUG:    EVENT NUM 787   current_time = 00:06:27   END_PICKING           [queue size = 29]
2026-07-12 14:30:19 DEBUG: Ended picking at workstation 1.    [picking_buffer len = {58: 357.3612220935522}]
2026-07-12 14:30:19 DEBUG: Task should have served orders {99}, found open orders {99, 67, 71, 88}.
2026-07-12 14:30:19 DEBUG: Task 53 completed: pod 382 returning to storage.
2026-07-12 14:30:19 DEBUG:    EVENT NUM 788   current_time = 00:06:27   START_PICKING         [queue size = 30]
2026-07-12 14:30:19 DEBUG: start_picking: WS 1 has no actionable task in buffer.
2026-07-12 14:30:19 DEBUG:    EVENT NUM 789   current_time = 00:06:28   ARRIVAL_POD_WST       [queue size = 29]
2026-07-12 14:30:19 DEBUG: Pod 73 arrived at workstation 1 - status = IDLE
2026-07-12 14:30:19 DEBUG: Pod queued at workstation.    [picking_buffer = {58: 357.3612220935522, 64: 388.6854139896335}]
2026-07-12 14:30:19 DEBUG:    EVENT NUM 790   current_time = 00:06:28   START_PICKING         [queue size = 29]
2026-07-12 14:30:19 DEBUG: Processing task 64 at workstation 1: picking items {2368} for orders {88}
2026-07-12 14:30:19 DEBUG:    EVENT NUM 791   current_time = 00:06:28   RETURN_POD            [queue size = 29]
2026-07-12 14:30:19 DEBUG: Pod 447 returned. Robot 10 idle.   [idle robots = 1/30, released tasks = 97]
2026-07-12 14:30:19 DEBUG:    EVENT NUM 792   current_time = 00:06:28   START_TASK            [queue size = 29]
2026-07-12 14:30:19 DEBUG: Task 89 started: robot 10 → pod 387 → workstation 4 for orders {80} (arrival = 426.7 s).   [idle robots = 0/30]
2026-07-12 14:30:19 DEBUG:    EVENT NUM 793   current_time = 00:06:29   RETURN_POD            [queue size = 29]
2026-07-12 14:30:19 DEBUG: Pod 266 returned. Robot 18 idle.   [idle robots = 1/30, released tasks = 96]
2026-07-12 14:30:19 DEBUG:    EVENT NUM 794   current_time = 00:06:29   START_TASK            [queue size = 29]
2026-07-12 14:30:19 DEBUG: Task 90 started: robot 18 → pod 549 → workstation 3 for orders {15} (arrival = 483.4 s).   [idle robots = 0/30]
2026-07-12 14:30:19 DEBUG:    EVENT NUM 795   current_time = 00:06:30   ARRIVAL_ORDER         [queue size = 29]
2026-07-12 14:30:19 DEBUG: Order 177 arrived: items_required = [4539].     [orders_in_system = 143]
2026-07-12 14:30:19 DEBUG:    EVENT NUM 796   current_time = 00:06:30   ARRIVAL_POD_WST       [queue size = 29]
2026-07-12 14:30:19 DEBUG: Pod 292 arrived at workstation 0 - status = IDLE
2026-07-12 14:30:19 DEBUG: Pod queued at workstation.    [picking_buffer = {74: 390.9174317276765}]
2026-07-12 14:30:19 DEBUG:    EVENT NUM 797   current_time = 00:06:30   START_PICKING         [queue size = 29]
2026-07-12 14:30:19 DEBUG: Processing task 74 at workstation 0: picking items {3461} for orders {64}
2026-07-12 14:30:19 DEBUG:    EVENT NUM 798   current_time = 00:06:31   RETURN_POD            [queue size = 29]
2026-07-12 14:30:19 DEBUG: Pod 257 returned. Robot 7 idle.   [idle robots = 1/30, released tasks = 95]
2026-07-12 14:30:19 DEBUG:    EVENT NUM 799   current_time = 00:06:31   START_TASK            [queue size = 29]
2026-07-12 14:30:19 DEBUG: Task 91 started: robot 7 → pod 50 → workstation 3 for orders {15} (arrival = 549.8 s).   [idle robots = 0/30]
2026-07-12 14:30:19 DEBUG:    EVENT NUM 800   current_time = 00:06:31   END_PICKING           [queue size = 29]
2026-07-12 14:30:19 DEBUG: Ended picking at workstation 4.    [picking_buffer len = {}]
2026-07-12 14:30:19 DEBUG: Task should have served orders {87}, found open orders {38, 80, 21, 87}.
2026-07-12 14:30:19 DEBUG: Task 78 heading to workstation 6.
2026-07-12 14:30:19 DEBUG:    EVENT NUM 801   current_time = 00:06:34   END_PICKING           [queue size = 29]
2026-07-12 14:30:19 DEBUG: Ended picking at workstation 3.    [picking_buffer len = {79: 386.928364761677}]
2026-07-12 14:30:19 DEBUG: Task should have served orders {4}, found open orders {4, 69, 14, 15}.
2026-07-12 14:30:19 DEBUG: Task 76 completed: pod 182 returning to storage.
2026-07-12 14:30:19 DEBUG:    EVENT NUM 802   current_time = 00:06:34   START_PICKING         [queue size = 30]
2026-07-12 14:30:19 DEBUG: Processing task 79 at workstation 3: picking items {5328} for orders {14}
2026-07-12 14:30:19 DEBUG:    EVENT NUM 803   current_time = 00:06:35   ARRIVAL_ORDER         [queue size = 30]
2026-07-12 14:30:19 DEBUG: Order 178 arrived: items_required = [5706].     [orders_in_system = 144]
2026-07-12 14:30:19 DEBUG:    EVENT NUM 804   current_time = 00:06:38   END_PICKING           [queue size = 30]
2026-07-12 14:30:19 DEBUG: Ended picking at workstation 1.    [picking_buffer len = {58: 357.3612220935522}]
2026-07-12 14:30:19 DEBUG: Task should have served orders {88}, found open orders {99, 67, 71, 88}.
2026-07-12 14:30:19 DEBUG: Task 64 completed: pod 73 returning to storage.
2026-07-12 14:30:19 DEBUG:    EVENT NUM 805   current_time = 00:06:38   START_PICKING         [queue size = 31]
2026-07-12 14:30:19 DEBUG: start_picking: WS 1 has no actionable task in buffer.
2026-07-12 14:30:19 DEBUG:    EVENT NUM 806   current_time = 00:06:40   ARRIVAL_ORDER         [queue size = 30]
2026-07-12 14:30:19 DEBUG: Order 179 arrived: items_required = [2994, 5951, 6489, 3456, 7370, 3970].     [orders_in_system = 145]
2026-07-12 14:30:19 DEBUG:    EVENT NUM 807   current_time = 00:06:40   END_PICKING           [queue size = 30]
2026-07-12 14:30:19 DEBUG: Ended picking at workstation 0.    [picking_buffer len = {}]
2026-07-12 14:30:19 DEBUG: Task should have served orders {64}, found open orders {64, 70, 75, 53}.
2026-07-12 14:30:19 DEBUG: Task 74 completed: pod 292 returning to storage.
2026-07-12 14:30:19 DEBUG:    EVENT NUM 808   current_time = 00:06:42   ARRIVAL_POD_WST       [queue size = 30]
2026-07-12 14:30:19 DEBUG: Pod 547 arrived at workstation 1 - status = IDLE
2026-07-12 14:30:19 DEBUG: Pod queued at workstation.    [picking_buffer = {58: 357.3612220935522, 59: 402.1159096646246}]
2026-07-12 14:30:19 DEBUG:    EVENT NUM 809   current_time = 00:06:42   START_PICKING         [queue size = 30]
2026-07-12 14:30:19 DEBUG: Processing task 59 at workstation 1: picking items {2133} for orders {99}
2026-07-12 14:30:19 DEBUG:    EVENT NUM 810   current_time = 00:06:42   ARRIVAL_POD_WST       [queue size = 30]
2026-07-12 14:30:19 DEBUG: Pod 377 arrived at workstation 1 - status = BUSY
2026-07-12 14:30:19 DEBUG: Pod queued at workstation.    [picking_buffer = {58: 357.3612220935522, 77: 402.12905693999545}]
2026-07-12 14:30:19 DEBUG:    EVENT NUM 811   current_time = 00:06:43   RETURN_POD            [queue size = 29]
2026-07-12 14:30:19 DEBUG: Pod 426 returned. Robot 6 idle.   [idle robots = 1/30, released tasks = 94]
2026-07-12 14:30:19 DEBUG:    EVENT NUM 812   current_time = 00:06:43   START_TASK            [queue size = 29]
2026-07-12 14:30:19 DEBUG: Task 92 started: robot 6 → pod 336 → workstation 4 for orders {80} (arrival = 454.1 s).   [idle robots = 0/30]
2026-07-12 14:30:19 DEBUG:    EVENT NUM 813   current_time = 00:06:44   END_PICKING           [queue size = 29]
2026-07-12 14:30:19 DEBUG: Ended picking at workstation 3.    [picking_buffer len = {}]
2026-07-12 14:30:19 DEBUG: Task should have served orders {14}, found open orders {4, 69, 14, 15}.
2026-07-12 14:30:19 DEBUG: Task 79 completed: pod 407 returning to storage.
2026-07-12 14:30:19 DEBUG:    EVENT NUM 814   current_time = 00:06:44   CLOSE_ORDER           [queue size = 30]
2026-07-12 14:30:19 DEBUG: Order 14 closed at workstation 3: flow_time = 404.0 s.     [order_buffer = 6] [open_orders = 3/4]
2026-07-12 14:30:19 DEBUG: Next order in buffer: 32
2026-07-12 14:30:19 DEBUG:    EVENT NUM 815   current_time = 00:06:44   OPEN_ORDER            [queue size = 30]
2026-07-12 14:30:19 DEBUG: Order 32 (skus required = {167}) opened at workstation 3.   [open_orders = 4/4]
2026-07-12 14:30:19 DEBUG:    EVENT NUM 816   current_time = 00:06:44   START_TASK            [queue size = 30]
2026-07-12 14:30:19 DEBUG: Task 93 blocked: no idle robots.
2026-07-12 14:30:19 DEBUG:    EVENT NUM 817   current_time = 00:06:44   ARRIVAL_POD_WST       [queue size = 29]
2026-07-12 14:30:19 DEBUG: Pod 163 arrived at workstation 6 - status = IDLE
2026-07-12 14:30:19 DEBUG: Pod queued at workstation.    [picking_buffer = {78: 404.9542781521625}]
2026-07-12 14:30:19 DEBUG:    EVENT NUM 818   current_time = 00:06:44   START_PICKING         [queue size = 29]
2026-07-12 14:30:19 DEBUG: Processing task 78 at workstation 6: picking items {2589} for orders {84}
2026-07-12 14:30:19 DEBUG:    EVENT NUM 819   current_time = 00:06:45   ARRIVAL_ORDER         [queue size = 29]
2026-07-12 14:30:19 DEBUG: Order 180 arrived: items_required = [3298].     [orders_in_system = 145]
2026-07-12 14:30:19 DEBUG:    EVENT NUM 820   current_time = 00:06:47   ARRIVAL_POD_WST       [queue size = 29]
2026-07-12 14:30:19 DEBUG: Pod 506 arrived at workstation 0 - status = IDLE
2026-07-12 14:30:19 DEBUG: Pod queued at workstation.    [picking_buffer = {86: 407.2740175307065}]
2026-07-12 14:30:19 DEBUG:    EVENT NUM 821   current_time = 00:06:47   START_PICKING         [queue size = 29]
2026-07-12 14:30:19 DEBUG: Processing task 86 at workstation 0: picking items {5534} for orders {75}
2026-07-12 14:30:19 DEBUG:    EVENT NUM 822   current_time = 00:06:50   ARRIVAL_ORDER         [queue size = 29]
2026-07-12 14:30:19 DEBUG: Order 181 arrived: items_required = [3432, 5801, 4349].     [orders_in_system = 146]
2026-07-12 14:30:19 DEBUG:    EVENT NUM 823   current_time = 00:06:50   RETURN_POD            [queue size = 29]
2026-07-12 14:30:19 DEBUG: Pod 253 returned. Robot 13 idle.   [idle robots = 1/30, released tasks = 93]
2026-07-12 14:30:19 DEBUG:    EVENT NUM 824   current_time = 00:06:50   START_TASK            [queue size = 29]
2026-07-12 14:30:19 DEBUG: Task 93 started: robot 13 → pod 519 → workstation 4 for orders {74} (arrival = 475.6 s).   [idle robots = 0/30]
2026-07-12 14:30:19 DEBUG:    EVENT NUM 825   current_time = 00:06:52   END_PICKING           [queue size = 29]
2026-07-12 14:30:19 DEBUG: Ended picking at workstation 1.    [picking_buffer len = {58: 357.3612220935522, 77: 402.12905693999545}]
2026-07-12 14:30:19 DEBUG: Task should have served orders {99}, found open orders {99, 67, 71, 88}.
2026-07-12 14:30:19 DEBUG: Task 59 completed: pod 547 returning to storage.
2026-07-12 14:30:19 DEBUG:    EVENT NUM 826   current_time = 00:06:52   CLOSE_ORDER           [queue size = 31]
2026-07-12 14:30:19 DEBUG: Order 99 closed at workstation 1: flow_time = 412.1 s.     [order_buffer = 1] [open_orders = 3/4]
2026-07-12 14:30:19 DEBUG: Next order in buffer: 52
2026-07-12 14:30:19 DEBUG:    EVENT NUM 827   current_time = 00:06:52   START_PICKING         [queue size = 31]
2026-07-12 14:30:19 DEBUG: Processing task 77 at workstation 1: picking items {4860} for orders {67}
2026-07-12 14:30:19 DEBUG:    EVENT NUM 828   current_time = 00:06:52   OPEN_ORDER            [queue size = 31]
2026-07-12 14:30:19 DEBUG: Order 52 (skus required = {6938}) opened at workstation 1.   [open_orders = 4/4]
2026-07-12 14:30:19 DEBUG:    EVENT NUM 829   current_time = 00:06:52   START_TASK            [queue size = 31]
2026-07-12 14:30:19 DEBUG: Task 94 blocked: no idle robots.
2026-07-12 14:30:19 DEBUG:    EVENT NUM 830   current_time = 00:06:54   END_PICKING           [queue size = 30]
2026-07-12 14:30:19 DEBUG: Ended picking at workstation 6.    [picking_buffer len = {}]
2026-07-12 14:30:19 DEBUG: Task should have served orders {84}, found open orders {24, 83, 84, 29}.
2026-07-12 14:30:19 DEBUG: Task 78 completed: pod 163 returning to storage.
2026-07-12 14:30:19 DEBUG:    EVENT NUM 831   current_time = 00:06:55   ARRIVAL_ORDER         [queue size = 30]
2026-07-12 14:30:19 DEBUG: Order 182 arrived: items_required = [241, 3747].     [orders_in_system = 146]
2026-07-12 14:30:19 DEBUG:    EVENT NUM 832   current_time = 00:06:56   ARRIVAL_POD_WST       [queue size = 30]
2026-07-12 14:30:19 DEBUG: Pod 211 arrived at workstation 0 - status = BUSY
2026-07-12 14:30:19 DEBUG: Pod queued at workstation.    [picking_buffer = {67: 416.65361292955083}]
2026-07-12 14:30:19 DEBUG:    EVENT NUM 833   current_time = 00:06:56   RETURN_POD            [queue size = 29]
2026-07-12 14:30:19 DEBUG: Pod 308 returned. Robot 2 idle.   [idle robots = 1/30, released tasks = 92]
2026-07-12 14:30:19 DEBUG:    EVENT NUM 834   current_time = 00:06:56   START_TASK            [queue size = 29]
2026-07-12 14:30:19 DEBUG: Task 94 started: robot 2 → pod 550 → workstation 4 for orders {80} (arrival = 500.8 s).   [idle robots = 0/30]
2026-07-12 14:30:19 DEBUG:    EVENT NUM 835   current_time = 00:06:57   END_PICKING           [queue size = 29]
2026-07-12 14:30:19 DEBUG: Ended picking at workstation 0.    [picking_buffer len = {67: 416.65361292955083}]
2026-07-12 14:30:19 DEBUG: Task should have served orders {75}, found open orders {64, 70, 75, 53}.
2026-07-12 14:30:19 DEBUG: Task 86 completed: pod 506 returning to storage.
2026-07-12 14:30:19 DEBUG:    EVENT NUM 836   current_time = 00:06:57   CLOSE_ORDER           [queue size = 31]
2026-07-12 14:30:19 DEBUG: Order 75 closed at workstation 0: flow_time = 417.3 s.     [order_buffer = 1] [open_orders = 3/4]
2026-07-12 14:30:19 DEBUG: Next order in buffer: 82
2026-07-12 14:30:19 DEBUG:    EVENT NUM 837   current_time = 00:06:57   START_PICKING         [queue size = 31]
2026-07-12 14:30:19 DEBUG: Processing task 67 at workstation 0: picking items {3330} for orders {70}
2026-07-12 14:30:19 DEBUG:    EVENT NUM 838   current_time = 00:06:57   OPEN_ORDER            [queue size = 31]
2026-07-12 14:30:19 DEBUG: Order 82 (skus required = {3510}) opened at workstation 0.   [open_orders = 4/4]
2026-07-12 14:30:19 DEBUG:    EVENT NUM 839   current_time = 00:06:57   START_TASK            [queue size = 31]
2026-07-12 14:30:19 DEBUG: Task 95 blocked: pod 407 not idle.  [released tasks = 90]
2026-07-12 14:30:19 DEBUG: Task 96 blocked: no idle robots.
2026-07-12 14:30:19 DEBUG:    EVENT NUM 840   current_time = 00:07:00   ARRIVAL_ORDER         [queue size = 30]
2026-07-12 14:30:19 DEBUG: Order 183 arrived: items_required = [4838].     [orders_in_system = 146]
2026-07-12 14:30:19 DEBUG:    EVENT NUM 841   current_time = 00:07:02   END_PICKING           [queue size = 30]
2026-07-12 14:30:19 DEBUG: Ended picking at workstation 1.    [picking_buffer len = {58: 357.3612220935522}]
2026-07-12 14:30:19 DEBUG: Task should have served orders {67}, found open orders {67, 71, 52, 88}.
2026-07-12 14:30:19 DEBUG: Task 77 completed: pod 377 returning to storage.
2026-07-12 14:30:19 DEBUG:    EVENT NUM 842   current_time = 00:07:02   CLOSE_ORDER           [queue size = 32]
2026-07-12 14:30:19 DEBUG: Order 67 closed at workstation 1: flow_time = 422.1 s.     [order_buffer = 0] [open_orders = 3/4]
2026-07-12 14:30:19 DEBUG:    EVENT NUM 843   current_time = 00:07:02   START_PICKING         [queue size = 31]
2026-07-12 14:30:19 DEBUG: Processing task 58 at workstation 1: picking items {6938, 8788} for orders {52}
2026-07-12 14:30:19 DEBUG:    EVENT NUM 844   current_time = 00:07:03   RETURN_POD            [queue size = 31]
2026-07-12 14:30:19 DEBUG: Pod 269 returned. Robot 12 idle.   [idle robots = 1/30, released tasks = 91]
2026-07-12 14:30:19 DEBUG:    EVENT NUM 845   current_time = 00:07:03   START_TASK            [queue size = 31]
2026-07-12 14:30:19 DEBUG: Task 96 started: robot 12 → pod 45 → workstation 3 for orders {32} (arrival = 555.8 s).   [idle robots = 0/30]
2026-07-12 14:30:19 DEBUG:    EVENT NUM 846   current_time = 00:07:05   ARRIVAL_ORDER         [queue size = 31]
2026-07-12 14:30:19 DEBUG: Order 184 arrived: items_required = [4086].     [orders_in_system = 146]
2026-07-12 14:30:19 DEBUG:    EVENT NUM 847   current_time = 00:07:06   ARRIVAL_POD_WST       [queue size = 31]
2026-07-12 14:30:19 DEBUG: Pod 387 arrived at workstation 4 - status = IDLE
2026-07-12 14:30:19 DEBUG: Pod queued at workstation.    [picking_buffer = {89: 426.73035097686756}]
2026-07-12 14:30:19 DEBUG:    EVENT NUM 848   current_time = 00:07:06   START_PICKING         [queue size = 31]
2026-07-12 14:30:19 DEBUG: Processing task 89 at workstation 4: picking items {3546} for orders {80}
2026-07-12 14:30:19 DEBUG:    EVENT NUM 849   current_time = 00:07:07   END_PICKING           [queue size = 31]
2026-07-12 14:30:19 DEBUG: Ended picking at workstation 0.    [picking_buffer len = {}]
2026-07-12 14:30:19 DEBUG: Task should have served orders {70}, found open orders {64, 70, 82, 53}.
2026-07-12 14:30:19 DEBUG: Task 67 completed: pod 211 returning to storage.
2026-07-12 14:30:19 DEBUG:    EVENT NUM 850   current_time = 00:07:08   ARRIVAL_POD_WST       [queue size = 31]
2026-07-12 14:30:19 DEBUG: Pod 453 arrived at workstation 4 - status = BUSY
2026-07-12 14:30:19 DEBUG: Pod queued at workstation.    [picking_buffer = {81: 428.3109596439507}]
2026-07-12 14:30:19 DEBUG:    EVENT NUM 851   current_time = 00:07:10   ARRIVAL_ORDER         [queue size = 30]
2026-07-12 14:30:19 DEBUG: Order 185 arrived: items_required = [6518].     [orders_in_system = 147]
2026-07-12 14:30:19 DEBUG:    EVENT NUM 852   current_time = 00:07:12   RETURN_POD            [queue size = 30]
2026-07-12 14:30:19 DEBUG: Pod 149 returned. Robot 0 idle.   [idle robots = 1/30, released tasks = 90]
2026-07-12 14:30:19 DEBUG:    EVENT NUM 853   current_time = 00:07:12   START_TASK            [queue size = 30]
2026-07-12 14:30:19 DEBUG: Task 97 started: robot 0 → pod 397 → workstation 4 for orders {80} (arrival = 526.8 s).   [idle robots = 0/30]
2026-07-12 14:30:19 DEBUG:    EVENT NUM 854   current_time = 00:07:15   ARRIVAL_ORDER         [queue size = 30]
2026-07-12 14:30:19 DEBUG: Order 186 arrived: items_required = [5250].     [orders_in_system = 148]
2026-07-12 14:30:19 DEBUG:    EVENT NUM 855   current_time = 00:07:16   END_PICKING           [queue size = 30]
2026-07-12 14:30:19 DEBUG: Ended picking at workstation 4.    [picking_buffer len = {81: 428.3109596439507}]
2026-07-12 14:30:19 DEBUG: Task should have served orders {80}, found open orders {38, 80, 21, 87}.
2026-07-12 14:30:19 DEBUG: Task 89 completed: pod 387 returning to storage.
2026-07-12 14:30:19 DEBUG:    EVENT NUM 856   current_time = 00:07:16   START_PICKING         [queue size = 31]
2026-07-12 14:30:19 DEBUG: Processing task 81 at workstation 4: picking items {2890} for orders {21}
2026-07-12 14:30:19 DEBUG:    EVENT NUM 857   current_time = 00:07:16   RETURN_POD            [queue size = 31]
2026-07-12 14:30:19 DEBUG: Pod 528 returned. Robot 27 idle.   [idle robots = 1/30, released tasks = 89]
2026-07-12 14:30:19 DEBUG:    EVENT NUM 858   current_time = 00:07:16   START_TASK            [queue size = 31]
2026-07-12 14:30:19 DEBUG: Task 98 started: robot 27 → pod 38 → workstation 5 for orders {89} (arrival = 517.4 s).   [idle robots = 0/30]
2026-07-12 14:30:19 DEBUG:    EVENT NUM 859   current_time = 00:07:17   END_PICKING           [queue size = 31]
2026-07-12 14:30:19 DEBUG: Ended picking at workstation 1.    [picking_buffer len = {}]
2026-07-12 14:30:19 DEBUG: Task should have served orders {52}, found open orders {71, 52, 88}.
2026-07-12 14:30:19 DEBUG: Task 58 completed: pod 505 returning to storage.
2026-07-12 14:30:19 DEBUG:    EVENT NUM 860   current_time = 00:07:17   CLOSE_ORDER           [queue size = 32]
2026-07-12 14:30:19 DEBUG: Order 52 closed at workstation 1: flow_time = 437.1 s.     [order_buffer = 0] [open_orders = 2/4]
2026-07-12 14:30:19 DEBUG:    EVENT NUM 861   current_time = 00:07:17   RETURN_POD            [queue size = 31]
2026-07-12 14:30:19 DEBUG: Pod 382 returned. Robot 25 idle.   [idle robots = 1/30, released tasks = 88]
2026-07-12 14:30:19 DEBUG:    EVENT NUM 862   current_time = 00:07:17   START_TASK            [queue size = 31]
2026-07-12 14:30:19 DEBUG: Task 99 started: robot 25 → pod 322 → workstation 5 for orders {49} (arrival = 539.1 s).   [idle robots = 0/30]
2026-07-12 14:30:19 DEBUG:    EVENT NUM 863   current_time = 00:07:20   ARRIVAL_ORDER         [queue size = 31]
2026-07-12 14:30:19 DEBUG: Order 187 arrived: items_required = [6333, 4137, 5427].     [orders_in_system = 148]
2026-07-12 14:30:19 DEBUG:    EVENT NUM 864   current_time = 00:07:21   ARRIVAL_POD_WST       [queue size = 31]
2026-07-12 14:30:19 DEBUG: Pod 36 arrived at workstation 4 - status = BUSY
2026-07-12 14:30:19 DEBUG: Pod queued at workstation.    [picking_buffer = {84: 441.9925477293108}]
2026-07-12 14:30:19 DEBUG:    EVENT NUM 865   current_time = 00:07:25   ARRIVAL_ORDER         [queue size = 30]
2026-07-12 14:30:19 DEBUG: Order 188 arrived: items_required = [1469, 6137, 8525].     [orders_in_system = 149]
2026-07-12 14:30:19 DEBUG:    EVENT NUM 866   current_time = 00:07:26   END_PICKING           [queue size = 30]
2026-07-12 14:30:19 DEBUG: Ended picking at workstation 4.    [picking_buffer len = {84: 441.9925477293108}]
2026-07-12 14:30:19 DEBUG: Task should have served orders {21}, found open orders {38, 80, 21, 87}.
2026-07-12 14:30:19 DEBUG: Task 81 heading to workstation 4.
2026-07-12 14:30:19 DEBUG:    EVENT NUM 867   current_time = 00:07:26   CLOSE_ORDER           [queue size = 32]
2026-07-12 14:30:19 DEBUG: Order 21 closed at workstation 4: flow_time = 446.7 s.     [order_buffer = 5] [open_orders = 3/4]
2026-07-12 14:30:19 DEBUG: Next order in buffer: 74
2026-07-12 14:30:19 DEBUG:    EVENT NUM 868   current_time = 00:07:26   ARRIVAL_POD_WST       [queue size = 32]
2026-07-12 14:30:19 DEBUG: Pod 453 arrived at workstation 4 - status = IDLE
2026-07-12 14:30:19 DEBUG: Pod queued at workstation.    [picking_buffer = {84: 441.9925477293108, 81: 446.73035097686756}]
2026-07-12 14:30:19 DEBUG:    EVENT NUM 869   current_time = 00:07:26   START_PICKING         [queue size = 32]
2026-07-12 14:30:19 DEBUG: Processing task 84 at workstation 4: picking items {4783} for orders {87}
2026-07-12 14:30:19 DEBUG:    EVENT NUM 870   current_time = 00:07:26   OPEN_ORDER            [queue size = 32]
2026-07-12 14:30:19 DEBUG: Order 74 (skus required = {4665, 3315}) opened at workstation 4.   [open_orders = 4/4]
2026-07-12 14:30:19 DEBUG:    EVENT NUM 871   current_time = 00:07:26   START_PICKING         [queue size = 32]
2026-07-12 14:30:19 DEBUG:    EVENT NUM 872   current_time = 00:07:26   START_TASK            [queue size = 31]
2026-07-12 14:30:19 DEBUG: Task 100 blocked: no idle robots.
2026-07-12 14:30:19 DEBUG:    EVENT NUM 873   current_time = 00:07:27   RETURN_POD            [queue size = 30]
2026-07-12 14:30:19 DEBUG: Pod 277 returned. Robot 19 idle.   [idle robots = 1/30, released tasks = 87]
2026-07-12 14:30:19 DEBUG:    EVENT NUM 874   current_time = 00:07:27   START_TASK            [queue size = 30]
2026-07-12 14:30:19 DEBUG: Task 100 started: robot 19 → pod 150 → workstation 4 for orders {80} (arrival = 608.5 s).   [idle robots = 0/30]
2026-07-12 14:30:19 DEBUG:    EVENT NUM 875   current_time = 00:07:28   ARRIVAL_POD_WST       [queue size = 30]
2026-07-12 14:30:19 DEBUG: Pod 242 arrived at workstation 0 - status = IDLE
2026-07-12 14:30:19 DEBUG: Pod queued at workstation.    [picking_buffer = {80: 448.1343189727621}]
2026-07-12 14:30:19 DEBUG:    EVENT NUM 876   current_time = 00:07:28   START_PICKING         [queue size = 30]
2026-07-12 14:30:19 DEBUG: Processing task 80 at workstation 0: picking items {4240} for orders {64}
2026-07-12 14:30:19 DEBUG:    EVENT NUM 877   current_time = 00:07:30   ARRIVAL_ORDER         [queue size = 30]
2026-07-12 14:30:19 DEBUG: Order 189 arrived: items_required = [4659].     [orders_in_system = 149]
2026-07-12 14:30:19 DEBUG:    EVENT NUM 878   current_time = 00:07:31   RETURN_POD            [queue size = 30]
2026-07-12 14:30:19 DEBUG: Pod 506 returned. Robot 1 idle.   [idle robots = 1/30, released tasks = 86]
2026-07-12 14:30:19 DEBUG:    EVENT NUM 879   current_time = 00:07:31   START_TASK            [queue size = 30]
2026-07-12 14:30:19 DEBUG: Task 101 started: robot 1 → pod 151 → workstation 4 for orders {3} (arrival = 589.0 s).   [idle robots = 0/30]
2026-07-12 14:30:19 DEBUG:    EVENT NUM 880   current_time = 00:07:34   ARRIVAL_POD_WST       [queue size = 30]
2026-07-12 14:30:19 DEBUG: Pod 336 arrived at workstation 4 - status = BUSY
2026-07-12 14:30:19 DEBUG: Pod queued at workstation.    [picking_buffer = {81: 446.73035097686756, 92: 454.14938940202995}]
2026-07-12 14:30:19 DEBUG:    EVENT NUM 881   current_time = 00:07:35   ARRIVAL_ORDER         [queue size = 29]
2026-07-12 14:30:19 DEBUG: Order 190 arrived: items_required = [5211, 5869].     [orders_in_system = 150]
2026-07-12 14:30:19 DEBUG:    EVENT NUM 882   current_time = 00:07:35   ARRIVAL_POD_WST       [queue size = 29]
2026-07-12 14:30:19 DEBUG: Pod 280 arrived at workstation 0 - status = BUSY
2026-07-12 14:30:19 DEBUG: Pod queued at workstation.    [picking_buffer = {88: 455.7485409088221}]
2026-07-12 14:30:19 DEBUG:    EVENT NUM 883   current_time = 00:07:35   RETURN_POD            [queue size = 28]
2026-07-12 14:30:19 DEBUG: Pod 3 returned. Robot 28 idle.   [idle robots = 1/30, released tasks = 85]
2026-07-12 14:30:19 DEBUG:    EVENT NUM 884   current_time = 00:07:35   START_TASK            [queue size = 28]
2026-07-12 14:30:19 DEBUG: Task 102 started: robot 28 → pod 384 → workstation 3 for orders {36} (arrival = 508.1 s).   [idle robots = 0/30]
2026-07-12 14:30:19 DEBUG:    EVENT NUM 885   current_time = 00:07:36   END_PICKING           [queue size = 28]
2026-07-12 14:30:19 DEBUG: Ended picking at workstation 4.    [picking_buffer len = {81: 446.73035097686756, 92: 454.14938940202995}]
2026-07-12 14:30:19 DEBUG: Task should have served orders {87}, found open orders {38, 74, 80, 87}.
2026-07-12 14:30:19 DEBUG: Task 84 heading to workstation 4.
2026-07-12 14:30:19 DEBUG:    EVENT NUM 886   current_time = 00:07:36   CLOSE_ORDER           [queue size = 30]
2026-07-12 14:30:19 DEBUG: Order 87 closed at workstation 4: flow_time = 456.7 s.     [order_buffer = 4] [open_orders = 3/4]
2026-07-12 14:30:19 DEBUG: Next order in buffer: 3
2026-07-12 14:30:19 DEBUG:    EVENT NUM 887   current_time = 00:07:36   ARRIVAL_POD_WST       [queue size = 30]
2026-07-12 14:30:19 DEBUG: Pod 36 arrived at workstation 4 - status = IDLE
2026-07-12 14:30:19 DEBUG: Pod queued at workstation.    [picking_buffer = {81: 446.73035097686756, 92: 454.14938940202995, 84: 456.73035097686756}]
2026-07-12 14:30:19 DEBUG:    EVENT NUM 888   current_time = 00:07:36   START_PICKING         [queue size = 30]
2026-07-12 14:30:19 DEBUG: Processing task 92 at workstation 4: picking items {4454} for orders {80}
2026-07-12 14:30:19 DEBUG:    EVENT NUM 889   current_time = 00:07:36   OPEN_ORDER            [queue size = 30]
2026-07-12 14:30:19 DEBUG: Order 3 (skus required = {7104, 6148}) opened at workstation 4.   [open_orders = 4/4]
2026-07-12 14:30:19 DEBUG:    EVENT NUM 890   current_time = 00:07:36   START_PICKING         [queue size = 30]
2026-07-12 14:30:19 DEBUG:    EVENT NUM 891   current_time = 00:07:36   START_TASK            [queue size = 29]
2026-07-12 14:30:19 DEBUG: Task 103 blocked: no idle robots.
2026-07-12 14:30:19 DEBUG:    EVENT NUM 892   current_time = 00:07:38   END_PICKING           [queue size = 28]
2026-07-12 14:30:19 DEBUG: Ended picking at workstation 0.    [picking_buffer len = {88: 455.7485409088221}]
2026-07-12 14:30:19 DEBUG: Task should have served orders {64}, found open orders {64, 70, 82, 53}.
2026-07-12 14:30:19 DEBUG: Task 80 completed: pod 242 returning to storage.
2026-07-12 14:30:19 DEBUG:    EVENT NUM 893   current_time = 00:07:38   START_PICKING         [queue size = 29]
2026-07-12 14:30:19 DEBUG: Processing task 88 at workstation 0: picking items {3510} for orders {82}
2026-07-12 14:30:19 DEBUG:    EVENT NUM 894   current_time = 00:07:39   ARRIVAL_POD_WST       [queue size = 29]
2026-07-12 14:30:19 DEBUG: Pod 268 arrived at workstation 0 - status = BUSY
2026-07-12 14:30:19 DEBUG: Pod queued at workstation.    [picking_buffer = {82: 459.4021409377034}]
2026-07-12 14:30:19 DEBUG:    EVENT NUM 895   current_time = 00:07:40   ARRIVAL_ORDER         [queue size = 28]
2026-07-12 14:30:19 DEBUG: Order 191 arrived: items_required = [5208, 816, 5218, 6307, 6779, 3025].     [orders_in_system = 150]
2026-07-12 14:30:19 DEBUG:    EVENT NUM 896   current_time = 00:07:45   ARRIVAL_ORDER         [queue size = 28]
2026-07-12 14:30:19 DEBUG: Order 192 arrived: items_required = [3001, 1564].     [orders_in_system = 151]
2026-07-12 14:30:19 DEBUG:    EVENT NUM 897   current_time = 00:07:46   END_PICKING           [queue size = 28]
2026-07-12 14:30:19 DEBUG: Ended picking at workstation 4.    [picking_buffer len = {81: 446.73035097686756, 84: 456.73035097686756}]
2026-07-12 14:30:19 DEBUG: Task should have served orders {80}, found open orders {3, 38, 74, 80}.
2026-07-12 14:30:19 DEBUG: Task 92 completed: pod 336 returning to storage.
2026-07-12 14:30:19 DEBUG:    EVENT NUM 898   current_time = 00:07:46   START_PICKING         [queue size = 29]
2026-07-12 14:30:19 DEBUG: Processing task 81 at workstation 4: picking items {7104} for orders {3}
2026-07-12 14:30:19 DEBUG:    EVENT NUM 899   current_time = 00:07:46   RETURN_POD            [queue size = 29]
2026-07-12 14:30:19 DEBUG: Pod 25 returned. Robot 26 idle.   [idle robots = 1/30, released tasks = 84]
2026-07-12 14:30:19 DEBUG:    EVENT NUM 900   current_time = 00:07:46   START_TASK            [queue size = 29]
2026-07-12 14:30:19 DEBUG: Task 103 started: robot 26 → pod 569 → workstation 3 for orders {36} (arrival = 528.4 s).   [idle robots = 0/30]
2026-07-12 14:30:19 DEBUG:    EVENT NUM 901   current_time = 00:07:47   RETURN_POD            [queue size = 29]
2026-07-12 14:30:19 DEBUG: Pod 407 returned. Robot 14 idle.   [idle robots = 1/30, released tasks = 83]
2026-07-12 14:30:19 DEBUG:    EVENT NUM 902   current_time = 00:07:47   START_TASK            [queue size = 29]
2026-07-12 14:30:19 DEBUG: Task 104 started: robot 14 → pod 325 → workstation 6 for orders {84} (arrival = 599.3 s).   [idle robots = 0/30]
2026-07-12 14:30:19 DEBUG:    EVENT NUM 903   current_time = 00:07:48   END_PICKING           [queue size = 29]
2026-07-12 14:30:19 DEBUG: Ended picking at workstation 0.    [picking_buffer len = {82: 459.4021409377034}]
2026-07-12 14:30:19 DEBUG: Task should have served orders {82}, found open orders {64, 70, 82, 53}.
2026-07-12 14:30:19 DEBUG: Task 88 completed: pod 280 returning to storage.
2026-07-12 14:30:19 DEBUG:    EVENT NUM 904   current_time = 00:07:48   CLOSE_ORDER           [queue size = 31]
2026-07-12 14:30:19 DEBUG: Order 82 closed at workstation 0: flow_time = 468.1 s.     [order_buffer = 0] [open_orders = 3/4]
2026-07-12 14:30:19 DEBUG:    EVENT NUM 905   current_time = 00:07:48   START_PICKING         [queue size = 30]
2026-07-12 14:30:19 DEBUG: Processing task 82 at workstation 0: picking items {6842} for orders {64}
2026-07-12 14:30:19 DEBUG:    EVENT NUM 906   current_time = 00:07:50   ARRIVAL_ORDER         [queue size = 30]
2026-07-12 14:30:19 DEBUG: Order 193 arrived: items_required = [5180, 251].     [orders_in_system = 151]
2026-07-12 14:30:19 DEBUG:    EVENT NUM 907   current_time = 00:07:54   RETURN_POD            [queue size = 30]
2026-07-12 14:30:19 DEBUG: Pod 387 returned. Robot 10 idle.   [idle robots = 1/30, released tasks = 82]
2026-07-12 14:30:19 DEBUG:    EVENT NUM 908   current_time = 00:07:54   START_TASK            [queue size = 30]
2026-07-12 14:30:19 DEBUG: Task 105 started: robot 10 → pod 104 → workstation 5 for orders {10} (arrival = 603.1 s).   [idle robots = 0/30]
2026-07-12 14:30:19 DEBUG:    EVENT NUM 909   current_time = 00:07:55   ARRIVAL_ORDER         [queue size = 30]
2026-07-12 14:30:19 DEBUG: Order 194 arrived: items_required = [831, 4680].     [orders_in_system = 152]
2026-07-12 14:30:19 DEBUG:    EVENT NUM 910   current_time = 00:07:55   ARRIVAL_POD_WST       [queue size = 30]
2026-07-12 14:30:19 DEBUG: Pod 519 arrived at workstation 4 - status = BUSY
2026-07-12 14:30:19 DEBUG: Pod queued at workstation.    [picking_buffer = {84: 456.73035097686756, 93: 475.5567162012881}]
2026-07-12 14:30:19 DEBUG:    EVENT NUM 911   current_time = 00:07:56   END_PICKING           [queue size = 29]
2026-07-12 14:30:19 DEBUG: Ended picking at workstation 4.    [picking_buffer len = {84: 456.73035097686756, 93: 475.5567162012881}]
2026-07-12 14:30:19 DEBUG: Task should have served orders {3}, found open orders {3, 38, 74, 80}.
2026-07-12 14:30:19 DEBUG: Task 81 completed: pod 453 returning to storage.
2026-07-12 14:30:19 DEBUG:    EVENT NUM 912   current_time = 00:07:56   START_PICKING         [queue size = 30]
2026-07-12 14:30:19 DEBUG: Processing task 84 at workstation 4: picking items {4665} for orders {74}
2026-07-12 14:30:19 DEBUG:    EVENT NUM 913   current_time = 00:07:58   END_PICKING           [queue size = 30]
2026-07-12 14:30:19 DEBUG: Ended picking at workstation 0.    [picking_buffer len = {}]
2026-07-12 14:30:19 DEBUG: Task should have served orders {64}, found open orders {64, 70, 53}.
2026-07-12 14:30:19 DEBUG: Task 82 heading to workstation 5.
2026-07-12 14:30:19 DEBUG:    EVENT NUM 914   current_time = 00:07:59   RETURN_POD            [queue size = 30]
2026-07-12 14:30:19 DEBUG: Pod 182 returned. Robot 3 idle.   [idle robots = 1/30, released tasks = 81]
2026-07-12 14:30:19 DEBUG:    EVENT NUM 915   current_time = 00:07:59   START_TASK            [queue size = 30]
2026-07-12 14:30:19 DEBUG: Task 106 started: robot 3 → pod 176 → workstation 5 for orders {10} (arrival = 618.8 s).   [idle robots = 0/30]
2026-07-12 14:30:19 DEBUG:    EVENT NUM 916   current_time = 00:08:00   ARRIVAL_ORDER         [queue size = 30]
2026-07-12 14:30:19 DEBUG: Order 195 arrived: items_required = [5811].     [orders_in_system = 153]
2026-07-12 14:30:19 DEBUG:    EVENT NUM 917   current_time = 00:08:02   ARRIVAL_POD_WST       [queue size = 30]
2026-07-12 14:30:19 DEBUG: Pod 129 arrived at workstation 4 - status = BUSY
2026-07-12 14:30:19 DEBUG: Pod queued at workstation.    [picking_buffer = {93: 475.5567162012881, 85: 482.7733832927146}]
2026-07-12 14:30:19 DEBUG:    EVENT NUM 918   current_time = 00:08:03   ARRIVAL_POD_WST       [queue size = 29]
2026-07-12 14:30:19 DEBUG: Pod 549 arrived at workstation 3 - status = IDLE
2026-07-12 14:30:19 DEBUG: Pod queued at workstation.    [picking_buffer = {90: 483.3566667045608}]
2026-07-12 14:30:19 DEBUG:    EVENT NUM 919   current_time = 00:08:03   START_PICKING         [queue size = 29]
2026-07-12 14:30:19 DEBUG: Processing task 90 at workstation 3: picking items {5022} for orders {15}
2026-07-12 14:30:19 DEBUG:    EVENT NUM 920   current_time = 00:08:03   RETURN_POD            [queue size = 29]
2026-07-12 14:30:19 DEBUG: Pod 505 returned. Robot 23 idle.   [idle robots = 1/30, released tasks = 80]
2026-07-12 14:30:19 DEBUG:    EVENT NUM 921   current_time = 00:08:03   START_TASK            [queue size = 29]
2026-07-12 14:30:19 DEBUG: Task 107 blocked: no orders in {4: [54]} is open yet.  [released tasks = 79]
2026-07-12 14:30:19 DEBUG: Task 108 blocked: no orders in {4: [95]} is open yet.  [released tasks = 78]
2026-07-12 14:30:19 DEBUG: Task 109 blocked: no orders in {3: [60]} is open yet.  [released tasks = 77]
2026-07-12 14:30:19 DEBUG: Task 110 blocked: no orders in {4: [95]} is open yet.  [released tasks = 76]
2026-07-12 14:30:19 DEBUG: Task 111 started: robot 23 → pod 24 → workstation 6 for orders {24} (arrival = 622.2 s).   [idle robots = 0/30]
2026-07-12 14:30:19 DEBUG:    EVENT NUM 922   current_time = 00:08:05   ARRIVAL_ORDER         [queue size = 29]
2026-07-12 14:30:19 DEBUG: Order 196 arrived: items_required = [5767, 953, 723, 5384].     [orders_in_system = 154]
2026-07-12 14:30:19 DEBUG:    EVENT NUM 923   current_time = 00:08:06   END_PICKING           [queue size = 29]
2026-07-12 14:30:19 DEBUG: Ended picking at workstation 4.    [picking_buffer len = {93: 475.5567162012881, 85: 482.7733832927146}]
2026-07-12 14:30:19 DEBUG: Task should have served orders {74}, found open orders {3, 38, 74, 80}.
2026-07-12 14:30:19 DEBUG: Task 84 completed: pod 36 returning to storage.
2026-07-12 14:30:19 DEBUG:    EVENT NUM 924   current_time = 00:08:06   START_PICKING         [queue size = 30]
2026-07-12 14:30:19 DEBUG: Processing task 93 at workstation 4: picking items {3315} for orders {74}
2026-07-12 14:30:19 DEBUG:    EVENT NUM 925   current_time = 00:08:10   ARRIVAL_ORDER         [queue size = 30]
2026-07-12 14:30:19 DEBUG: Order 197 arrived: items_required = [2639].     [orders_in_system = 155]
2026-07-12 14:30:19 DEBUG:    EVENT NUM 926   current_time = 00:08:13   END_PICKING           [queue size = 30]
2026-07-12 14:30:19 DEBUG: Ended picking at workstation 3.    [picking_buffer len = {}]
2026-07-12 14:30:19 DEBUG: Task should have served orders {15}, found open orders {32, 4, 69, 15}.
2026-07-12 14:30:19 DEBUG: Task 90 heading to workstation 3.
2026-07-12 14:30:19 DEBUG:    EVENT NUM 927   current_time = 00:08:13   ARRIVAL_POD_WST       [queue size = 30]
2026-07-12 14:30:19 DEBUG: Pod 549 arrived at workstation 3 - status = IDLE
2026-07-12 14:30:19 DEBUG: Pod queued at workstation.    [picking_buffer = {90: 493.3566667045608}]
2026-07-12 14:30:19 DEBUG:    EVENT NUM 928   current_time = 00:08:13   START_PICKING         [queue size = 30]
2026-07-12 14:30:19 DEBUG: start_picking: WS 3 has no actionable task in buffer.
2026-07-12 14:30:19 DEBUG:    EVENT NUM 929   current_time = 00:08:15   ARRIVAL_ORDER         [queue size = 29]
2026-07-12 14:30:19 DEBUG: Order 198 arrived: items_required = [4474, 6583].     [orders_in_system = 156]
2026-07-12 14:30:19 DEBUG:    EVENT NUM 930   current_time = 00:08:15   RETURN_POD            [queue size = 29]
2026-07-12 14:30:19 DEBUG: Pod 163 returned. Robot 5 idle.   [idle robots = 1/30, released tasks = 79]
2026-07-12 14:30:19 DEBUG:    EVENT NUM 931   current_time = 00:08:15   START_TASK            [queue size = 29]
2026-07-12 14:30:19 DEBUG: Task 107 blocked: no orders in {4: [54]} is open yet.  [released tasks = 78]
2026-07-12 14:30:19 DEBUG: Task 108 blocked: no orders in {4: [95]} is open yet.  [released tasks = 77]
2026-07-12 14:30:19 DEBUG: Task 109 blocked: no orders in {3: [60]} is open yet.  [released tasks = 76]
2026-07-12 14:30:19 DEBUG: Task 110 blocked: no orders in {4: [95]} is open yet.  [released tasks = 75]
2026-07-12 14:30:19 DEBUG: Task 112 started: robot 5 → pod 441 → workstation 5 for orders {17} (arrival = 539.9 s).   [idle robots = 0/30]
2026-07-12 14:30:19 DEBUG:    EVENT NUM 932   current_time = 00:08:15   RETURN_POD            [queue size = 29]
2026-07-12 14:30:19 DEBUG: Pod 292 returned. Robot 22 idle.   [idle robots = 1/30, released tasks = 78]
2026-07-12 14:30:19 DEBUG:    EVENT NUM 933   current_time = 00:08:15   START_TASK            [queue size = 29]
2026-07-12 14:30:19 DEBUG: Task 107 blocked: no orders in {4: [54]} is open yet.  [released tasks = 77]
2026-07-12 14:30:19 DEBUG: Task 108 blocked: no orders in {4: [95]} is open yet.  [released tasks = 76]
2026-07-12 14:30:19 DEBUG: Task 109 blocked: no orders in {3: [60]} is open yet.  [released tasks = 75]
2026-07-12 14:30:19 DEBUG: Task 110 blocked: no orders in {4: [95]} is open yet.  [released tasks = 74]
2026-07-12 14:30:19 DEBUG: Task 113 blocked: no orders in {4: [95]} is open yet.  [released tasks = 73]
2026-07-12 14:30:19 DEBUG: Task 114 started: robot 22 → pod 538 → workstation 6 for orders {24} (arrival = 521.4 s).   [idle robots = 0/30]
2026-07-12 14:30:19 DEBUG:    EVENT NUM 934   current_time = 00:08:16   END_PICKING           [queue size = 29]
2026-07-12 14:30:19 DEBUG: Ended picking at workstation 4.    [picking_buffer len = {85: 482.7733832927146}]
2026-07-12 14:30:19 DEBUG: Task should have served orders {74}, found open orders {3, 38, 74, 80}.
2026-07-12 14:30:19 DEBUG: Task 93 completed: pod 519 returning to storage.
2026-07-12 14:30:19 DEBUG:    EVENT NUM 935   current_time = 00:08:16   CLOSE_ORDER           [queue size = 31]
2026-07-12 14:30:19 DEBUG: Order 74 closed at workstation 4: flow_time = 496.7 s.     [order_buffer = 3] [open_orders = 3/4]
2026-07-12 14:30:19 DEBUG: Next order in buffer: 58
2026-07-12 14:30:19 DEBUG:    EVENT NUM 936   current_time = 00:08:16   START_PICKING         [queue size = 31]
2026-07-12 14:30:19 DEBUG: Processing task 85 at workstation 4: picking items {851} for orders {38}
2026-07-12 14:30:19 DEBUG:    EVENT NUM 937   current_time = 00:08:16   OPEN_ORDER            [queue size = 31]
2026-07-12 14:30:19 DEBUG: Order 58 (skus required = {4427}) opened at workstation 4.   [open_orders = 4/4]
2026-07-12 14:30:19 DEBUG:    EVENT NUM 938   current_time = 00:08:16   START_TASK            [queue size = 31]
2026-07-12 14:30:19 DEBUG: Task 107 blocked: no idle robots.
2026-07-12 14:30:19 DEBUG:    EVENT NUM 939   current_time = 00:08:19   RETURN_POD            [queue size = 30]
2026-07-12 14:30:19 DEBUG: Pod 377 returned. Robot 15 idle.   [idle robots = 1/30, released tasks = 77]
2026-07-12 14:30:19 DEBUG:    EVENT NUM 940   current_time = 00:08:19   START_TASK            [queue size = 30]
2026-07-12 14:30:19 DEBUG: Task 107 started: robot 15 → pod 263 → workstation 4 for orders {54} (arrival = 557.7 s).   [idle robots = 0/30]
2026-07-12 14:30:19 DEBUG:    EVENT NUM 941   current_time = 00:08:19   RETURN_POD            [queue size = 30]
2026-07-12 14:30:19 DEBUG: Pod 211 returned. Robot 17 idle.   [idle robots = 1/30, released tasks = 76]
2026-07-12 14:30:19 DEBUG:    EVENT NUM 942   current_time = 00:08:19   START_TASK            [queue size = 30]
2026-07-12 14:30:19 DEBUG: Task 108 blocked: no orders in {4: [95]} is open yet.  [released tasks = 75]
2026-07-12 14:30:19 DEBUG: Task 109 blocked: no orders in {3: [60]} is open yet.  [released tasks = 74]
2026-07-12 14:30:19 DEBUG: Task 110 blocked: no orders in {4: [95]} is open yet.  [released tasks = 73]
2026-07-12 14:30:19 DEBUG: Task 113 blocked: no orders in {4: [95]} is open yet.  [released tasks = 72]
2026-07-12 14:30:19 DEBUG: Task 115 blocked: no orders in {3: [96]} is open yet.  [released tasks = 71]
2026-07-12 14:30:19 DEBUG: Task 116 started: robot 17 → pod 215 → workstation 5 for orders {39} (arrival = 561.5 s).   [idle robots = 0/30]
2026-07-12 14:30:19 DEBUG:    EVENT NUM 943   current_time = 00:08:20   ARRIVAL_ORDER         [queue size = 30]
2026-07-12 14:30:19 DEBUG: Order 199 arrived: items_required = [5193, 4810, 2622].     [orders_in_system = 156]
2026-07-12 14:30:19 DEBUG:    EVENT NUM 944   current_time = 00:08:20   ARRIVAL_POD_WST       [queue size = 30]
2026-07-12 14:30:19 DEBUG: Pod 550 arrived at workstation 4 - status = BUSY
2026-07-12 14:30:19 DEBUG: Pod queued at workstation.    [picking_buffer = {94: 500.79607028502744}]
2026-07-12 14:30:19 DEBUG:    EVENT NUM 945   current_time = 00:08:25   ARRIVAL_ORDER         [queue size = 29]
2026-07-12 14:30:19 DEBUG: Order 200 arrived: items_required = [7909].     [orders_in_system = 157]
2026-07-12 14:30:19 DEBUG:    EVENT NUM 946   current_time = 00:08:26   END_PICKING           [queue size = 29]
2026-07-12 14:30:19 DEBUG: Ended picking at workstation 4.    [picking_buffer len = {94: 500.79607028502744}]
2026-07-12 14:30:19 DEBUG: Task should have served orders {38}, found open orders {3, 38, 80, 58}.
2026-07-12 14:30:19 DEBUG: Task 85 heading to workstation 4.
2026-07-12 14:30:19 DEBUG:    EVENT NUM 947   current_time = 00:08:26   CLOSE_ORDER           [queue size = 31]
2026-07-12 14:30:19 DEBUG: Order 38 closed at workstation 4: flow_time = 506.7 s.     [order_buffer = 2] [open_orders = 3/4]
2026-07-12 14:30:19 DEBUG: Next order in buffer: 54
2026-07-12 14:30:19 DEBUG:    EVENT NUM 948   current_time = 00:08:26   ARRIVAL_POD_WST       [queue size = 31]
2026-07-12 14:30:19 DEBUG: Pod 129 arrived at workstation 4 - status = IDLE
2026-07-12 14:30:19 DEBUG: Pod queued at workstation.    [picking_buffer = {94: 500.79607028502744, 85: 506.73035097686756}]
2026-07-12 14:30:19 DEBUG:    EVENT NUM 949   current_time = 00:08:26   START_PICKING         [queue size = 31]
2026-07-12 14:30:19 DEBUG: Processing task 94 at workstation 4: picking items {2137} for orders {80}
2026-07-12 14:30:19 DEBUG:    EVENT NUM 950   current_time = 00:08:26   OPEN_ORDER            [queue size = 31]
2026-07-12 14:30:19 DEBUG: Order 54 (skus required = {6733}) opened at workstation 4.   [open_orders = 4/4]
2026-07-12 14:30:19 DEBUG:    EVENT NUM 951   current_time = 00:08:26   START_PICKING         [queue size = 31]
2026-07-12 14:30:19 DEBUG:    EVENT NUM 952   current_time = 00:08:26   START_TASK            [queue size = 30]
2026-07-12 14:30:19 DEBUG: Task 108 blocked: no idle robots.
2026-07-12 14:30:19 DEBUG:    EVENT NUM 953   current_time = 00:08:28   ARRIVAL_POD_WST       [queue size = 29]
2026-07-12 14:30:19 DEBUG: Pod 384 arrived at workstation 3 - status = IDLE
2026-07-12 14:30:19 DEBUG: Pod queued at workstation.    [picking_buffer = {90: 493.3566667045608, 102: 508.0797022492202}]
2026-07-12 14:30:19 DEBUG:    EVENT NUM 954   current_time = 00:08:28   START_PICKING         [queue size = 29]
2026-07-12 14:30:19 DEBUG: start_picking: WS 3 has no actionable task in buffer.
2026-07-12 14:30:19 DEBUG:    EVENT NUM 955   current_time = 00:08:30   ARRIVAL_ORDER         [queue size = 28]
2026-07-12 14:30:19 DEBUG: Order 201 arrived: items_required = [2706, 95].     [orders_in_system = 157]
2026-07-12 14:30:19 DEBUG:    EVENT NUM 956   current_time = 00:08:31   ARRIVAL_POD_WST       [queue size = 28]
2026-07-12 14:30:19 DEBUG: Pod 268 arrived at workstation 5 - status = IDLE
2026-07-12 14:30:19 DEBUG: Pod queued at workstation.    [picking_buffer = {82: 511.52159242888456}]
2026-07-12 14:30:19 DEBUG:    EVENT NUM 957   current_time = 00:08:31   START_PICKING         [queue size = 28]
2026-07-12 14:30:19 DEBUG: Processing task 82 at workstation 5: picking items {4770} for orders {89}
2026-07-12 14:30:19 DEBUG:    EVENT NUM 958   current_time = 00:08:35   ARRIVAL_ORDER         [queue size = 28]
2026-07-12 14:30:19 DEBUG: Order 202 arrived: items_required = [3044, 4572, 7487].     [orders_in_system = 158]
2026-07-12 14:30:19 DEBUG:    EVENT NUM 959   current_time = 00:08:36   END_PICKING           [queue size = 28]
2026-07-12 14:30:19 DEBUG: Ended picking at workstation 4.    [picking_buffer len = {85: 506.73035097686756}]
2026-07-12 14:30:19 DEBUG: Task should have served orders {80}, found open orders {3, 80, 54, 58}.
2026-07-12 14:30:19 DEBUG: Task 94 completed: pod 550 returning to storage.
2026-07-12 14:30:19 DEBUG:    EVENT NUM 960   current_time = 00:08:36   START_PICKING         [queue size = 29]
2026-07-12 14:30:19 DEBUG: Processing task 85 at workstation 4: picking items {4427} for orders {58}
2026-07-12 14:30:19 DEBUG:    EVENT NUM 961   current_time = 00:08:36   RETURN_POD            [queue size = 29]
2026-07-12 14:30:19 DEBUG: Pod 336 returned. Robot 6 idle.   [idle robots = 1/30, released tasks = 75]
2026-07-12 14:30:19 DEBUG:    EVENT NUM 962   current_time = 00:08:36   START_TASK            [queue size = 29]
2026-07-12 14:30:19 DEBUG: Task 108 started: robot 6 → pod 115 → workstation 4 for orders {95} (arrival = 598.9 s).   [idle robots = 0/30]
2026-07-12 14:30:19 DEBUG:    EVENT NUM 963   current_time = 00:08:37   ARRIVAL_POD_WST       [queue size = 29]
2026-07-12 14:30:19 DEBUG: Pod 38 arrived at workstation 5 - status = BUSY
2026-07-12 14:30:19 DEBUG: Pod queued at workstation.    [picking_buffer = {98: 517.4213942259324}]
2026-07-12 14:30:19 DEBUG:    EVENT NUM 964   current_time = 00:08:40   ARRIVAL_ORDER         [queue size = 28]
2026-07-12 14:30:19 DEBUG: Order 203 arrived: items_required = [3568, 3836].     [orders_in_system = 159]
2026-07-12 14:30:19 DEBUG:    EVENT NUM 965   current_time = 00:08:41   ARRIVAL_POD_WST       [queue size = 28]
2026-07-12 14:30:19 DEBUG: Pod 538 arrived at workstation 6 - status = IDLE
2026-07-12 14:30:19 DEBUG: Pod queued at workstation.    [picking_buffer = {114: 521.3907901466964}]
2026-07-12 14:30:19 DEBUG:    EVENT NUM 966   current_time = 00:08:41   START_PICKING         [queue size = 28]
2026-07-12 14:30:19 DEBUG: Processing task 114 at workstation 6: picking items {3007} for orders {24}
2026-07-12 14:30:19 DEBUG:    EVENT NUM 967   current_time = 00:08:41   END_PICKING           [queue size = 28]
2026-07-12 14:30:19 DEBUG: Ended picking at workstation 5.    [picking_buffer len = {98: 517.4213942259324}]
2026-07-12 14:30:19 DEBUG: Task should have served orders {89}, found open orders {10, 17, 49, 89}.
2026-07-12 14:30:19 DEBUG: Task 82 completed: pod 268 returning to storage.
2026-07-12 14:30:19 DEBUG:    EVENT NUM 968   current_time = 00:08:41   START_PICKING         [queue size = 29]
2026-07-12 14:30:19 DEBUG: Processing task 98 at workstation 5: picking items {4722} for orders {89}
2026-07-12 14:30:19 DEBUG:    EVENT NUM 969   current_time = 00:08:42   RETURN_POD            [queue size = 29]
2026-07-12 14:30:19 DEBUG: Pod 547 returned. Robot 11 idle.   [idle robots = 1/30, released tasks = 74]
2026-07-12 14:30:19 DEBUG:    EVENT NUM 970   current_time = 00:08:42   START_TASK            [queue size = 29]
2026-07-12 14:30:19 DEBUG: Task 109 blocked: no orders in {3: [60]} is open yet.  [released tasks = 73]
2026-07-12 14:30:19 DEBUG: Task 110 started: robot 11 → pod 371 → workstation 4 for orders {95} (arrival = 612.6 s).   [idle robots = 0/30]
2026-07-12 14:30:19 DEBUG:    EVENT NUM 971   current_time = 00:08:43   RETURN_POD            [queue size = 29]
2026-07-12 14:30:19 DEBUG: Pod 246 returned. Robot 4 idle.   [idle robots = 1/30, released tasks = 73]
2026-07-12 14:30:19 DEBUG:    EVENT NUM 972   current_time = 00:08:43   START_TASK            [queue size = 29]
2026-07-12 14:30:19 DEBUG: Task 109 blocked: no orders in {3: [60]} is open yet.  [released tasks = 72]
2026-07-12 14:30:19 DEBUG: Task 113 started: robot 4 → pod 275 → workstation 4 for orders {95} (arrival = 639.1 s).   [idle robots = 0/30]
2026-07-12 14:30:19 DEBUG:    EVENT NUM 973   current_time = 00:08:45   ARRIVAL_ORDER         [queue size = 29]
2026-07-12 14:30:19 DEBUG: Order 204 arrived: items_required = [2527, 3286].     [orders_in_system = 160]
2026-07-12 14:30:19 DEBUG:    EVENT NUM 974   current_time = 00:08:46   END_PICKING           [queue size = 29]
2026-07-12 14:30:19 DEBUG: Ended picking at workstation 4.    [picking_buffer len = {}]
2026-07-12 14:30:19 DEBUG: Task should have served orders {58}, found open orders {3, 80, 54, 58}.
2026-07-12 14:30:19 DEBUG: Task 85 heading to workstation 4.
2026-07-12 14:30:19 DEBUG:    EVENT NUM 975   current_time = 00:08:46   CLOSE_ORDER           [queue size = 30]
2026-07-12 14:30:19 DEBUG: Order 58 closed at workstation 4: flow_time = 526.7 s.     [order_buffer = 1] [open_orders = 3/4]
2026-07-12 14:30:19 DEBUG: Next order in buffer: 95
2026-07-12 14:30:19 DEBUG:    EVENT NUM 976   current_time = 00:08:46   ARRIVAL_POD_WST       [queue size = 30]
2026-07-12 14:30:19 DEBUG: Pod 129 arrived at workstation 4 - status = IDLE
2026-07-12 14:30:19 DEBUG: Pod queued at workstation.    [picking_buffer = {85: 526.7303509768676}]
2026-07-12 14:30:19 DEBUG:    EVENT NUM 977   current_time = 00:08:46   OPEN_ORDER            [queue size = 30]
2026-07-12 14:30:19 DEBUG: Order 95 (skus required = {3521, 4737, 8908, 6268, 6302}) opened at workstation 4.   [open_orders = 4/4]
2026-07-12 14:30:19 DEBUG:    EVENT NUM 978   current_time = 00:08:46   START_PICKING         [queue size = 31]
2026-07-12 14:30:19 DEBUG: Processing task 85 at workstation 4: picking items {8908} for orders {95}
2026-07-12 14:30:19 DEBUG:    EVENT NUM 979   current_time = 00:08:46   START_TASK            [queue size = 31]
2026-07-12 14:30:19 DEBUG: Task 109 blocked: no orders in {3: [60]} is open yet.  [released tasks = 71]
2026-07-12 14:30:19 DEBUG: Task 115 blocked: no orders in {3: [96]} is open yet.  [released tasks = 70]
2026-07-12 14:30:19 DEBUG: Task 117 blocked: pod 268 not idle.  [released tasks = 69]
2026-07-12 14:30:19 DEBUG: Task 118 blocked: no orders in {3: [96]} is open yet.  [released tasks = 68]
2026-07-12 14:30:19 DEBUG: Task 119 blocked: no idle robots.
2026-07-12 14:30:19 DEBUG:    EVENT NUM 980   current_time = 00:08:46   START_PICKING         [queue size = 30]
2026-07-12 14:30:19 DEBUG:    EVENT NUM 981   current_time = 00:08:46   ARRIVAL_POD_WST       [queue size = 29]
2026-07-12 14:30:19 DEBUG: Pod 397 arrived at workstation 4 - status = BUSY
2026-07-12 14:30:19 DEBUG: Pod queued at workstation.    [picking_buffer = {97: 526.7817546171307}]
2026-07-12 14:30:19 DEBUG:    EVENT NUM 982   current_time = 00:08:48   ARRIVAL_POD_WST       [queue size = 28]
2026-07-12 14:30:19 DEBUG: Pod 569 arrived at workstation 3 - status = IDLE
2026-07-12 14:30:19 DEBUG: Pod queued at workstation.    [picking_buffer = {90: 493.3566667045608, 102: 508.0797022492202, 103: 528.4338622211968}]
2026-07-12 14:30:19 DEBUG:    EVENT NUM 983   current_time = 00:08:48   START_PICKING         [queue size = 28]
2026-07-12 14:30:19 DEBUG: start_picking: WS 3 has no actionable task in buffer.
2026-07-12 14:30:19 DEBUG:    EVENT NUM 984   current_time = 00:08:50   ARRIVAL_ORDER         [queue size = 27]
2026-07-12 14:30:19 DEBUG: Order 205 arrived: items_required = [3039].     [orders_in_system = 160]
2026-07-12 14:30:19 DEBUG:    EVENT NUM 985   current_time = 00:08:51   END_PICKING           [queue size = 27]
2026-07-12 14:30:19 DEBUG: Ended picking at workstation 6.    [picking_buffer len = {}]
2026-07-12 14:30:19 DEBUG: Task should have served orders {24}, found open orders {24, 83, 84, 29}.
2026-07-12 14:30:19 DEBUG: Task 114 completed: pod 538 returning to storage.
2026-07-12 14:30:19 DEBUG:    EVENT NUM 986   current_time = 00:08:51   END_PICKING           [queue size = 27]
2026-07-12 14:30:19 DEBUG: Ended picking at workstation 5.    [picking_buffer len = {}]
2026-07-12 14:30:19 DEBUG: Task should have served orders {89}, found open orders {10, 17, 49, 89}.
2026-07-12 14:30:19 DEBUG: Task 98 completed: pod 38 returning to storage.
2026-07-12 14:30:19 DEBUG:    EVENT NUM 987   current_time = 00:08:51   CLOSE_ORDER           [queue size = 28]
2026-07-12 14:30:19 DEBUG: Order 89 closed at workstation 5: flow_time = 531.5 s.     [order_buffer = 6] [open_orders = 3/4]
2026-07-12 14:30:19 DEBUG: Next order in buffer: 39
2026-07-12 14:30:19 DEBUG:    EVENT NUM 988   current_time = 00:08:51   OPEN_ORDER            [queue size = 28]
2026-07-12 14:30:19 DEBUG: Order 39 (skus required = {2978, 2823, 6410, 5932, 4090}) opened at workstation 5.   [open_orders = 4/4]
2026-07-12 14:30:19 DEBUG:    EVENT NUM 989   current_time = 00:08:51   START_TASK            [queue size = 28]
2026-07-12 14:30:19 DEBUG: Task 109 blocked: no orders in {3: [60]} is open yet.  [released tasks = 71]
2026-07-12 14:30:19 DEBUG: Task 115 blocked: no orders in {3: [96]} is open yet.  [released tasks = 70]
2026-07-12 14:30:19 DEBUG: Task 118 blocked: no orders in {3: [96]} is open yet.  [released tasks = 69]
2026-07-12 14:30:19 DEBUG: Task 119 blocked: no idle robots.
2026-07-12 14:30:19 DEBUG:    EVENT NUM 990   current_time = 00:08:55   ARRIVAL_ORDER         [queue size = 27]
2026-07-12 14:30:19 DEBUG: Order 206 arrived: items_required = [6683, 5592].     [orders_in_system = 160]
2026-07-12 14:30:19 DEBUG:    EVENT NUM 991   current_time = 00:08:56   END_PICKING           [queue size = 27]
2026-07-12 14:30:19 DEBUG: Ended picking at workstation 4.    [picking_buffer len = {97: 526.7817546171307}]
2026-07-12 14:30:19 DEBUG: Task should have served orders {95}, found open orders {3, 80, 54, 95}.
2026-07-12 14:30:19 DEBUG: Task 85 completed: pod 129 returning to storage.
2026-07-12 14:30:19 DEBUG:    EVENT NUM 992   current_time = 00:08:56   START_PICKING         [queue size = 28]
2026-07-12 14:30:19 DEBUG: Processing task 97 at workstation 4: picking items {2991} for orders {80}
2026-07-12 14:30:19 DEBUG:    EVENT NUM 993   current_time = 00:08:59   ARRIVAL_POD_WST       [queue size = 28]
2026-07-12 14:30:19 DEBUG: Pod 322 arrived at workstation 5 - status = IDLE
2026-07-12 14:30:19 DEBUG: Pod queued at workstation.    [picking_buffer = {99: 539.0641621884232}]
2026-07-12 14:30:19 DEBUG:    EVENT NUM 994   current_time = 00:08:59   START_PICKING         [queue size = 28]
2026-07-12 14:30:19 DEBUG: Processing task 99 at workstation 5: picking items {1795} for orders {49}
2026-07-12 14:30:19 DEBUG:    EVENT NUM 995   current_time = 00:08:59   ARRIVAL_POD_WST       [queue size = 28]
2026-07-12 14:30:19 DEBUG: Pod 441 arrived at workstation 5 - status = BUSY
2026-07-12 14:30:19 DEBUG: Pod queued at workstation.    [picking_buffer = {112: 539.9236745842992}]
2026-07-12 14:30:19 DEBUG:    EVENT NUM 996   current_time = 00:09:00   ARRIVAL_ORDER         [queue size = 27]
2026-07-12 14:30:19 DEBUG: Order 207 arrived: items_required = [6156].     [orders_in_system = 161]
2026-07-12 14:30:19 DEBUG:    EVENT NUM 997   current_time = 00:09:01   RETURN_POD            [queue size = 27]
2026-07-12 14:30:19 DEBUG: Pod 280 returned. Robot 20 idle.   [idle robots = 1/30, released tasks = 72]
2026-07-12 14:30:19 DEBUG:    EVENT NUM 998   current_time = 00:09:01   START_TASK            [queue size = 27]
2026-07-12 14:30:19 DEBUG: Task 109 blocked: no orders in {3: [60]} is open yet.  [released tasks = 71]
2026-07-12 14:30:19 DEBUG: Task 115 blocked: no orders in {3: [96]} is open yet.  [released tasks = 70]
2026-07-12 14:30:19 DEBUG: Task 118 blocked: no orders in {3: [96]} is open yet.  [released tasks = 69]
2026-07-12 14:30:19 DEBUG: Task 119 started: robot 20 → pod 309 → workstation 5 for orders {17} (arrival = 612.1 s).   [idle robots = 0/30]
2026-07-12 14:30:19 DEBUG:    EVENT NUM 999   current_time = 00:09:05   ARRIVAL_ORDER         [queue size = 27]
2026-07-12 14:30:19 DEBUG: Order 208 arrived: items_required = [5713, 3929, 8034, 1496].     [orders_in_system = 162]
2026-07-12 14:30:19 DEBUG:    EVENT NUM 1000  current_time = 00:09:06   END_PICKING           [queue size = 27]
2026-07-12 14:30:19 DEBUG: Ended picking at workstation 4.    [picking_buffer len = {}]
2026-07-12 14:30:19 DEBUG: Task should have served orders {80}, found open orders {3, 80, 54, 95}.
2026-07-12 14:30:19 DEBUG: Task 97 completed: pod 397 returning to storage.
2026-07-12 14:30:19 DEBUG:    EVENT NUM 1001  current_time = 00:09:09   END_PICKING           [queue size = 27]
2026-07-12 14:30:19 DEBUG: Ended picking at workstation 5.    [picking_buffer len = {112: 539.9236745842992}]
2026-07-12 14:30:19 DEBUG: Task should have served orders {49}, found open orders {39, 10, 17, 49}.
2026-07-12 14:30:19 DEBUG: Task 99 heading to workstation 5.
2026-07-12 14:30:19 DEBUG:    EVENT NUM 1002  current_time = 00:09:09   CLOSE_ORDER           [queue size = 29]
2026-07-12 14:30:19 DEBUG: Order 49 closed at workstation 5: flow_time = 549.1 s.     [order_buffer = 5] [open_orders = 3/4]
2026-07-12 14:30:19 DEBUG: Next order in buffer: 65
2026-07-12 14:30:19 DEBUG:    EVENT NUM 1003  current_time = 00:09:09   ARRIVAL_POD_WST       [queue size = 29]
2026-07-12 14:30:19 DEBUG: Pod 322 arrived at workstation 5 - status = IDLE
2026-07-12 14:30:19 DEBUG: Pod queued at workstation.    [picking_buffer = {112: 539.9236745842992, 99: 549.0641621884232}]
2026-07-12 14:30:19 DEBUG:    EVENT NUM 1004  current_time = 00:09:09   START_PICKING         [queue size = 29]
2026-07-12 14:30:19 DEBUG: Processing task 112 at workstation 5: picking items {2384} for orders {17}
2026-07-12 14:30:19 DEBUG:    EVENT NUM 1005  current_time = 00:09:09   OPEN_ORDER            [queue size = 29]
2026-07-12 14:30:19 DEBUG: Order 65 (skus required = {5826}) opened at workstation 5.   [open_orders = 4/4]
2026-07-12 14:30:19 DEBUG:    EVENT NUM 1006  current_time = 00:09:09   START_PICKING         [queue size = 29]
2026-07-12 14:30:19 DEBUG:    EVENT NUM 1007  current_time = 00:09:09   START_TASK            [queue size = 28]
2026-07-12 14:30:19 DEBUG: Task 109 blocked: no orders in {3: [60]} is open yet.  [released tasks = 70]
2026-07-12 14:30:19 DEBUG: Task 115 blocked: no orders in {3: [96]} is open yet.  [released tasks = 69]
2026-07-12 14:30:19 DEBUG: Task 118 blocked: no orders in {3: [96]} is open yet.  [released tasks = 68]
2026-07-12 14:30:19 DEBUG: Task 120 blocked: no idle robots.
2026-07-12 14:30:19 DEBUG:    EVENT NUM 1008  current_time = 00:09:09   ARRIVAL_POD_WST       [queue size = 27]
2026-07-12 14:30:19 DEBUG: Pod 50 arrived at workstation 3 - status = IDLE
2026-07-12 14:30:19 DEBUG: Pod queued at workstation.    [picking_buffer = {90: 493.3566667045608, 102: 508.0797022492202, 103: 528.4338622211968, 91: 549.812052751415}]
2026-07-12 14:30:19 DEBUG:    EVENT NUM 1009  current_time = 00:09:09   START_PICKING         [queue size = 27]
2026-07-12 14:30:19 DEBUG: Processing task 91 at workstation 3: picking items {6165} for orders {15}
2026-07-12 14:30:19 DEBUG:    EVENT NUM 1010  current_time = 00:09:10   ARRIVAL_ORDER         [queue size = 27]
2026-07-12 14:30:19 DEBUG: Order 209 arrived: items_required = [7488].     [orders_in_system = 162]
2026-07-12 14:30:19 DEBUG:    EVENT NUM 1011  current_time = 00:09:14   RETURN_POD            [queue size = 27]
2026-07-12 14:30:19 DEBUG: Pod 73 returned. Robot 24 idle.   [idle robots = 1/30, released tasks = 71]
2026-07-12 14:30:19 DEBUG:    EVENT NUM 1012  current_time = 00:09:14   START_TASK            [queue size = 27]
2026-07-12 14:30:19 DEBUG: Task 109 blocked: no orders in {3: [60]} is open yet.  [released tasks = 70]
2026-07-12 14:30:19 DEBUG: Task 115 blocked: no orders in {3: [96]} is open yet.  [released tasks = 69]
2026-07-12 14:30:19 DEBUG: Task 118 blocked: no orders in {3: [96]} is open yet.  [released tasks = 68]
2026-07-12 14:30:19 DEBUG: Task 120 started: robot 24 → pod 414 → workstation 6 for orders {29} (arrival = 585.6 s).   [idle robots = 0/30]
2026-07-12 14:30:19 DEBUG:    EVENT NUM 1013  current_time = 00:09:15   ARRIVAL_ORDER         [queue size = 27]
2026-07-12 14:30:19 DEBUG: Order 210 arrived: items_required = [1770, 4996, 2732, 2286].     [orders_in_system = 163]
2026-07-12 14:30:19 DEBUG:    EVENT NUM 1014  current_time = 00:09:15   ARRIVAL_POD_WST       [queue size = 27]
2026-07-12 14:30:19 DEBUG: Pod 45 arrived at workstation 3 - status = BUSY
2026-07-12 14:30:19 DEBUG: Pod queued at workstation.    [picking_buffer = {90: 493.3566667045608, 102: 508.0797022492202, 103: 528.4338622211968, 96: 555.7503265271558}]
2026-07-12 14:30:19 DEBUG:    EVENT NUM 1015  current_time = 00:09:17   RETURN_POD            [queue size = 26]
2026-07-12 14:30:19 DEBUG: Pod 519 returned. Robot 13 idle.   [idle robots = 1/30, released tasks = 70]
2026-07-12 14:30:19 DEBUG:    EVENT NUM 1016  current_time = 00:09:17   START_TASK            [queue size = 26]
2026-07-12 14:30:19 DEBUG: Task 109 blocked: no orders in {3: [60]} is open yet.  [released tasks = 69]
2026-07-12 14:30:19 DEBUG: Task 115 blocked: no orders in {3: [96]} is open yet.  [released tasks = 68]
2026-07-12 14:30:19 DEBUG: Task 118 blocked: no orders in {3: [96]} is open yet.  [released tasks = 67]
2026-07-12 14:30:19 DEBUG: Task 121 blocked: no orders in {3: [96]} is open yet.  [released tasks = 66]
2026-07-12 14:30:19 DEBUG: Task 122 started: robot 13 → pod 124 → workstation 6 for orders {29} (arrival = 684.1 s).   [idle robots = 0/30]
2026-07-12 14:30:19 DEBUG:    EVENT NUM 1017  current_time = 00:09:17   ARRIVAL_POD_WST       [queue size = 26]
2026-07-12 14:30:19 DEBUG: Pod 263 arrived at workstation 4 - status = IDLE
2026-07-12 14:30:19 DEBUG: Pod queued at workstation.    [picking_buffer = {107: 557.6562298450724}]
2026-07-12 14:30:19 DEBUG:    EVENT NUM 1018  current_time = 00:09:17   START_PICKING         [queue size = 26]
2026-07-12 14:30:19 DEBUG: Processing task 107 at workstation 4: picking items {6733} for orders {54}
2026-07-12 14:30:19 DEBUG:    EVENT NUM 1019  current_time = 00:09:17   RETURN_POD            [queue size = 26]
2026-07-12 14:30:19 DEBUG: Pod 538 returned. Robot 22 idle.   [idle robots = 1/30, released tasks = 69]
2026-07-12 14:30:19 DEBUG:    EVENT NUM 1020  current_time = 00:09:17   START_TASK            [queue size = 26]
2026-07-12 14:30:19 DEBUG: Task 109 blocked: no orders in {3: [60]} is open yet.  [released tasks = 68]
2026-07-12 14:30:19 DEBUG: Task 115 blocked: no orders in {3: [96]} is open yet.  [released tasks = 67]
2026-07-12 14:30:19 DEBUG: Task 118 blocked: no orders in {3: [96]} is open yet.  [released tasks = 66]
2026-07-12 14:30:19 DEBUG: Task 121 blocked: no orders in {3: [96]} is open yet.  [released tasks = 65]
2026-07-12 14:30:19 DEBUG: Task 123 started: robot 22 → pod 264 → workstation 6 for orders {29} (arrival = 605.9 s).   [idle robots = 0/30]
2026-07-12 14:30:19 DEBUG:    EVENT NUM 1021  current_time = 00:09:19   END_PICKING           [queue size = 26]
2026-07-12 14:30:19 DEBUG: Ended picking at workstation 5.    [picking_buffer len = {99: 549.0641621884232}]
2026-07-12 14:30:19 DEBUG: Task should have served orders {17}, found open orders {65, 39, 10, 17}.
2026-07-12 14:30:19 DEBUG: Task 112 completed: pod 441 returning to storage.
2026-07-12 14:30:19 DEBUG:    EVENT NUM 1022  current_time = 00:09:19   START_PICKING         [queue size = 27]
2026-07-12 14:30:19 DEBUG: Processing task 99 at workstation 5: picking items {2823} for orders {39}
2026-07-12 14:30:19 DEBUG:    EVENT NUM 1023  current_time = 00:09:19   END_PICKING           [queue size = 27]
2026-07-12 14:30:19 DEBUG: Ended picking at workstation 3.    [picking_buffer len = {90: 493.3566667045608, 102: 508.0797022492202, 103: 528.4338622211968, 96: 555.7503265271558}]
2026-07-12 14:30:19 DEBUG: Task should have served orders {15}, found open orders {32, 4, 69, 15}.
2026-07-12 14:30:19 DEBUG: Task 91 completed: pod 50 returning to storage.
2026-07-12 14:30:19 DEBUG:    EVENT NUM 1024  current_time = 00:09:19   CLOSE_ORDER           [queue size = 29]
2026-07-12 14:30:19 DEBUG: Order 15 closed at workstation 3: flow_time = 559.8 s.     [order_buffer = 5] [open_orders = 3/4]
2026-07-12 14:30:19 DEBUG: Next order in buffer: 36
2026-07-12 14:30:19 DEBUG:    EVENT NUM 1025  current_time = 00:09:19   START_PICKING         [queue size = 29]
2026-07-12 14:30:19 DEBUG: Processing task 96 at workstation 3: picking items {167} for orders {32}
2026-07-12 14:30:19 DEBUG:    EVENT NUM 1026  current_time = 00:09:19   OPEN_ORDER            [queue size = 29]
2026-07-12 14:30:19 DEBUG: Order 36 (skus required = {5803, 1133}) opened at workstation 3.   [open_orders = 4/4]
2026-07-12 14:30:19 DEBUG:    EVENT NUM 1027  current_time = 00:09:19   START_TASK            [queue size = 29]
2026-07-12 14:30:19 DEBUG: Task 109 blocked: no idle robots.
2026-07-12 14:30:19 DEBUG:    EVENT NUM 1028  current_time = 00:09:20   ARRIVAL_ORDER         [queue size = 28]
2026-07-12 14:30:19 DEBUG: Order 211 arrived: items_required = [3365, 8049].     [orders_in_system = 163]
2026-07-12 14:30:19 DEBUG:    EVENT NUM 1029  current_time = 00:09:21   ARRIVAL_POD_WST       [queue size = 28]
2026-07-12 14:30:19 DEBUG: Pod 215 arrived at workstation 5 - status = BUSY
2026-07-12 14:30:19 DEBUG: Pod queued at workstation.    [picking_buffer = {116: 561.4661384800942}]
2026-07-12 14:30:19 DEBUG:    EVENT NUM 1030  current_time = 00:09:21   RETURN_POD            [queue size = 27]
2026-07-12 14:30:19 DEBUG: Pod 453 returned. Robot 16 idle.   [idle robots = 1/30, released tasks = 68]
2026-07-12 14:30:19 DEBUG:    EVENT NUM 1031  current_time = 00:09:21   START_TASK            [queue size = 27]
2026-07-12 14:30:19 DEBUG: Task 109 started: robot 16 → pod 394 → workstation 3 for orders {60} (arrival = 651.1 s).   [idle robots = 0/30]
2026-07-12 14:30:19 DEBUG:    EVENT NUM 1032  current_time = 00:09:23   RETURN_POD            [queue size = 27]
2026-07-12 14:30:19 DEBUG: Pod 242 returned. Robot 29 idle.   [idle robots = 1/30, released tasks = 67]
2026-07-12 14:30:19 DEBUG:    EVENT NUM 1033  current_time = 00:09:23   START_TASK            [queue size = 27]
2026-07-12 14:30:19 DEBUG: Task 115 blocked: no orders in {3: [96]} is open yet.  [released tasks = 66]
2026-07-12 14:30:19 DEBUG: Task 118 blocked: no orders in {3: [96]} is open yet.  [released tasks = 65]
2026-07-12 14:30:19 DEBUG: Task 121 blocked: no orders in {3: [96]} is open yet.  [released tasks = 64]
2026-07-12 14:30:19 DEBUG: Task 124 started: robot 29 → pod 11 → workstation 5 for orders {17} (arrival = 657.8 s).   [idle robots = 0/30]
2026-07-12 14:30:19 DEBUG:    EVENT NUM 1034  current_time = 00:09:25   ARRIVAL_ORDER         [queue size = 27]
2026-07-12 14:30:19 DEBUG: Order 212 arrived: items_required = [3833, 5002].     [orders_in_system = 164]
2026-07-12 14:30:19 DEBUG:    EVENT NUM 1035  current_time = 00:09:27   END_PICKING           [queue size = 27]
2026-07-12 14:30:19 DEBUG: Ended picking at workstation 4.    [picking_buffer len = {}]
2026-07-12 14:30:19 DEBUG: Task should have served orders {54}, found open orders {3, 80, 54, 95}.
2026-07-12 14:30:19 DEBUG: Task 107 completed: pod 263 returning to storage.
2026-07-12 14:30:19 DEBUG:    EVENT NUM 1036  current_time = 00:09:27   CLOSE_ORDER           [queue size = 28]
2026-07-12 14:30:19 DEBUG: Order 54 closed at workstation 4: flow_time = 567.7 s.     [order_buffer = 0] [open_orders = 3/4]
2026-07-12 14:30:19 DEBUG:    EVENT NUM 1037  current_time = 00:09:29   END_PICKING           [queue size = 27]
2026-07-12 14:30:19 DEBUG: Ended picking at workstation 5.    [picking_buffer len = {116: 561.4661384800942}]
2026-07-12 14:30:19 DEBUG: Task should have served orders {39}, found open orders {65, 39, 10, 17}.
2026-07-12 14:30:19 DEBUG: Task 99 completed: pod 322 returning to storage.
2026-07-12 14:30:19 DEBUG:    EVENT NUM 1038  current_time = 00:09:29   START_PICKING         [queue size = 28]
2026-07-12 14:30:19 DEBUG: Processing task 116 at workstation 5: picking items {4090} for orders {39}
2026-07-12 14:30:19 DEBUG:    EVENT NUM 1039  current_time = 00:09:29   END_PICKING           [queue size = 28]
2026-07-12 14:30:19 DEBUG: Ended picking at workstation 3.    [picking_buffer len = {90: 493.3566667045608, 102: 508.0797022492202, 103: 528.4338622211968}]
2026-07-12 14:30:19 DEBUG: Task should have served orders {32}, found open orders {32, 4, 69, 36}.
2026-07-12 14:30:19 DEBUG: Task 96 completed: pod 45 returning to storage.
2026-07-12 14:30:19 DEBUG:    EVENT NUM 1040  current_time = 00:09:29   CLOSE_ORDER           [queue size = 30]
2026-07-12 14:30:19 DEBUG: Order 32 closed at workstation 3: flow_time = 569.8 s.     [order_buffer = 4] [open_orders = 3/4]
2026-07-12 14:30:19 DEBUG: Next order in buffer: 60
2026-07-12 14:30:19 DEBUG:    EVENT NUM 1041  current_time = 00:09:29   START_PICKING         [queue size = 30]
2026-07-12 14:30:19 DEBUG: Processing task 102 at workstation 3: picking items {1133} for orders {36}
2026-07-12 14:30:19 DEBUG:    EVENT NUM 1042  current_time = 00:09:29   OPEN_ORDER            [queue size = 30]
2026-07-12 14:30:19 DEBUG: Order 60 (skus required = {2988, 3885}) opened at workstation 3.   [open_orders = 4/4]
2026-07-12 14:30:19 DEBUG:    EVENT NUM 1043  current_time = 00:09:29   START_TASK            [queue size = 30]
2026-07-12 14:30:19 DEBUG: Task 115 blocked: no idle robots.
2026-07-12 14:30:19 DEBUG:    EVENT NUM 1044  current_time = 00:09:30   ARRIVAL_ORDER         [queue size = 29]
2026-07-12 14:30:19 DEBUG: Order 213 arrived: items_required = [5844].     [orders_in_system = 163]
2026-07-12 14:30:19 DEBUG:    EVENT NUM 1045  current_time = 00:09:31   RETURN_POD            [queue size = 29]
2026-07-12 14:30:19 DEBUG: Pod 36 returned. Robot 21 idle.   [idle robots = 1/30, released tasks = 66]
2026-07-12 14:30:19 DEBUG:    EVENT NUM 1046  current_time = 00:09:31   START_TASK            [queue size = 29]
2026-07-12 14:30:19 DEBUG: Task 115 started: robot 21 → pod 572 → workstation 3 for orders {96} (arrival = 655.7 s).   [idle robots = 0/30]
2026-07-12 14:30:19 DEBUG:    EVENT NUM 1047  current_time = 00:09:35   ARRIVAL_ORDER         [queue size = 29]
2026-07-12 14:30:19 DEBUG: Order 214 arrived: items_required = [7386].     [orders_in_system = 164]
2026-07-12 14:30:19 DEBUG:    EVENT NUM 1048  current_time = 00:09:39   END_PICKING           [queue size = 29]
2026-07-12 14:30:19 DEBUG: Ended picking at workstation 5.    [picking_buffer len = {}]
2026-07-12 14:30:19 DEBUG: Task should have served orders {39}, found open orders {65, 39, 10, 17}.
2026-07-12 14:30:19 DEBUG: Task 116 completed: pod 215 returning to storage.
2026-07-12 14:30:19 DEBUG:    EVENT NUM 1049  current_time = 00:09:39   END_PICKING           [queue size = 29]
2026-07-12 14:30:19 DEBUG: Ended picking at workstation 3.    [picking_buffer len = {90: 493.3566667045608, 103: 528.4338622211968}]
2026-07-12 14:30:19 DEBUG: Task should have served orders {36}, found open orders {4, 69, 36, 60}.
2026-07-12 14:30:19 DEBUG: Task 102 completed: pod 384 returning to storage.
2026-07-12 14:30:19 DEBUG:    EVENT NUM 1050  current_time = 00:09:39   START_PICKING         [queue size = 30]
2026-07-12 14:30:19 DEBUG: Processing task 90 at workstation 3: picking items {3885} for orders {60}
2026-07-12 14:30:19 DEBUG:    EVENT NUM 1051  current_time = 00:09:40   ARRIVAL_ORDER         [queue size = 30]
2026-07-12 14:30:19 DEBUG: Order 215 arrived: items_required = [5977, 6837, 6988, 8151, 5960, 6330].     [orders_in_system = 165]
2026-07-12 14:30:19 DEBUG:    EVENT NUM 1052  current_time = 00:09:45   ARRIVAL_ORDER         [queue size = 30]
2026-07-12 14:30:19 DEBUG: Order 216 arrived: items_required = [6912].     [orders_in_system = 166]
2026-07-12 14:30:19 DEBUG:    EVENT NUM 1053  current_time = 00:09:45   ARRIVAL_POD_WST       [queue size = 30]
2026-07-12 14:30:19 DEBUG: Pod 414 arrived at workstation 6 - status = IDLE
2026-07-12 14:30:19 DEBUG: Pod queued at workstation.    [picking_buffer = {120: 585.5757921461062}]
2026-07-12 14:30:19 DEBUG:    EVENT NUM 1054  current_time = 00:09:45   START_PICKING         [queue size = 30]
2026-07-12 14:30:19 DEBUG: Processing task 120 at workstation 6: picking items {4895} for orders {29}
2026-07-12 14:30:19 DEBUG:    EVENT NUM 1055  current_time = 00:09:49   ARRIVAL_POD_WST       [queue size = 30]
2026-07-12 14:30:19 DEBUG: Pod 151 arrived at workstation 4 - status = IDLE
2026-07-12 14:30:19 DEBUG: Pod queued at workstation.    [picking_buffer = {101: 589.0434330497618}]
2026-07-12 14:30:19 DEBUG:    EVENT NUM 1056  current_time = 00:09:49   START_PICKING         [queue size = 30]
2026-07-12 14:30:19 DEBUG: Processing task 101 at workstation 4: picking items {6148} for orders {3}
2026-07-12 14:30:19 DEBUG:    EVENT NUM 1057  current_time = 00:09:49   END_PICKING           [queue size = 30]
2026-07-12 14:30:19 DEBUG: Ended picking at workstation 3.    [picking_buffer len = {103: 528.4338622211968}]
2026-07-12 14:30:19 DEBUG: Task should have served orders {60}, found open orders {4, 69, 36, 60}.
2026-07-12 14:30:19 DEBUG: Task 90 completed: pod 549 returning to storage.
2026-07-12 14:30:19 DEBUG:    EVENT NUM 1058  current_time = 00:09:49   START_PICKING         [queue size = 31]
2026-07-12 14:30:19 DEBUG: Processing task 103 at workstation 3: picking items {5803} for orders {36}
2026-07-12 14:30:19 DEBUG:    EVENT NUM 1059  current_time = 00:09:50   ARRIVAL_ORDER         [queue size = 31]
2026-07-12 14:30:19 DEBUG: Order 217 arrived: items_required = [3775, 6885].     [orders_in_system = 167]
2026-07-12 14:30:19 DEBUG:    EVENT NUM 1060  current_time = 00:09:55   ARRIVAL_ORDER         [queue size = 31]
2026-07-12 14:30:19 DEBUG: Order 218 arrived: items_required = [4709].     [orders_in_system = 168]
2026-07-12 14:30:19 DEBUG:    EVENT NUM 1061  current_time = 00:09:55   END_PICKING           [queue size = 31]
2026-07-12 14:30:19 DEBUG: Ended picking at workstation 6.    [picking_buffer len = {}]
2026-07-12 14:30:19 DEBUG: Task should have served orders {29}, found open orders {24, 83, 84, 29}.
2026-07-12 14:30:19 DEBUG: Task 120 completed: pod 414 returning to storage.
2026-07-12 14:30:19 DEBUG:    EVENT NUM 1062  current_time = 00:09:58   ARRIVAL_POD_WST       [queue size = 31]
2026-07-12 14:30:19 DEBUG: Pod 115 arrived at workstation 4 - status = BUSY
2026-07-12 14:30:19 DEBUG: Pod queued at workstation.    [picking_buffer = {108: 598.899469267064}]
2026-07-12 14:30:19 DEBUG:    EVENT NUM 1063  current_time = 00:09:59   END_PICKING           [queue size = 30]
2026-07-12 14:30:19 DEBUG: Ended picking at workstation 4.    [picking_buffer len = {108: 598.899469267064}]
2026-07-12 14:30:19 DEBUG: Task should have served orders {3}, found open orders {3, 80, 95}.
2026-07-12 14:30:19 DEBUG: Task 101 completed: pod 151 returning to storage.
2026-07-12 14:30:19 DEBUG:    EVENT NUM 1064  current_time = 00:09:59   CLOSE_ORDER           [queue size = 32]
2026-07-12 14:30:19 DEBUG: Order 3 closed at workstation 4: flow_time = 599.0 s.     [order_buffer = 0] [open_orders = 2/4]
2026-07-12 14:30:19 DEBUG:    EVENT NUM 1065  current_time = 00:09:59   START_PICKING         [queue size = 31]
2026-07-12 14:30:19 DEBUG: Processing task 108 at workstation 4: picking items {6302} for orders {95}
2026-07-12 14:30:19 DEBUG:    EVENT NUM 1066  current_time = 00:09:59   ARRIVAL_POD_WST       [queue size = 31]
2026-07-12 14:30:19 DEBUG: Pod 325 arrived at workstation 6 - status = IDLE
2026-07-12 14:30:19 DEBUG: Pod queued at workstation.    [picking_buffer = {104: 599.3110799430915}]
2026-07-12 14:30:19 DEBUG:    EVENT NUM 1067  current_time = 00:09:59   START_PICKING         [queue size = 31]
2026-07-12 14:30:19 DEBUG: Processing task 104 at workstation 6: picking items {3438} for orders {84}
2026-07-12 14:30:19 DEBUG:    EVENT NUM 1068  current_time = 00:09:59   END_PICKING           [queue size = 31]
2026-07-12 14:30:19 DEBUG: Ended picking at workstation 3.    [picking_buffer len = {}]
2026-07-12 14:30:19 DEBUG: Task should have served orders {36}, found open orders {4, 69, 36, 60}.
2026-07-12 14:30:19 DEBUG: Task 103 completed: pod 569 returning to storage.
2026-07-12 14:30:19 DEBUG:    EVENT NUM 1069  current_time = 00:09:59   CLOSE_ORDER           [queue size = 32]
2026-07-12 14:30:19 DEBUG: Order 36 closed at workstation 3: flow_time = 599.8 s.     [order_buffer = 3] [open_orders = 3/4]
2026-07-12 14:30:19 DEBUG: Next order in buffer: 96
2026-07-12 14:30:19 DEBUG:    EVENT NUM 1070  current_time = 00:09:59   OPEN_ORDER            [queue size = 32]
2026-07-12 14:30:19 DEBUG: Order 96 (skus required = {4947, 2149, 5519}) opened at workstation 3.   [open_orders = 4/4]
2026-07-12 14:30:19 DEBUG:    EVENT NUM 1071  current_time = 00:09:59   START_TASK            [queue size = 32]
2026-07-12 14:30:19 DEBUG: Task 118 blocked: no idle robots.
2026-07-12 14:30:19 DEBUG:    EVENT NUM 1072  current_time = 00:10:00   ARRIVAL_ORDER         [queue size = 31]
2026-07-12 14:30:19 DEBUG: Order 219 arrived: items_required = [2608, 4675].     [orders_in_system = 167]
2026-07-12 14:30:19 DEBUG:    EVENT NUM 1073  current_time = 00:10:03   ARRIVAL_POD_WST       [queue size = 31]
2026-07-12 14:30:19 DEBUG: Pod 104 arrived at workstation 5 - status = IDLE
2026-07-12 14:30:19 DEBUG: Pod queued at workstation.    [picking_buffer = {105: 603.1066952981736}]
2026-07-12 14:30:19 DEBUG:    EVENT NUM 1074  current_time = 00:10:03   START_PICKING         [queue size = 31]
2026-07-12 14:30:19 DEBUG: Processing task 105 at workstation 5: picking items {6338} for orders {10}
2026-07-12 14:30:19 DEBUG:    EVENT NUM 1075  current_time = 00:10:04   RETURN_POD            [queue size = 31]
2026-07-12 14:30:19 DEBUG: Pod 268 returned. Robot 9 idle.   [idle robots = 1/30, released tasks = 65]
2026-07-12 14:30:19 DEBUG:    EVENT NUM 1076  current_time = 00:10:04   START_TASK            [queue size = 31]
2026-07-12 14:30:19 DEBUG: Task 118 started: robot 9 → pod 445 → workstation 3 for orders {96} (arrival = 695.5 s).   [idle robots = 0/30]
2026-07-12 14:30:19 DEBUG:    EVENT NUM 1077  current_time = 00:10:04   RETURN_POD            [queue size = 31]
2026-07-12 14:30:19 DEBUG: Pod 441 returned. Robot 5 idle.   [idle robots = 1/30, released tasks = 64]
2026-07-12 14:30:19 DEBUG:    EVENT NUM 1078  current_time = 00:10:04   START_TASK            [queue size = 31]
2026-07-12 14:30:19 DEBUG: Task 121 started: robot 5 → pod 501 → workstation 3 for orders {96} (arrival = 687.3 s).   [idle robots = 0/30]
2026-07-12 14:30:19 DEBUG:    EVENT NUM 1079  current_time = 00:10:05   ARRIVAL_ORDER         [queue size = 31]
2026-07-12 14:30:19 DEBUG: Order 220 arrived: items_required = [4047, 8431, 5311].     [orders_in_system = 168]
2026-07-12 14:30:19 DEBUG:    EVENT NUM 1080  current_time = 00:10:05   ARRIVAL_POD_WST       [queue size = 31]
2026-07-12 14:30:19 DEBUG: Pod 264 arrived at workstation 6 - status = BUSY
2026-07-12 14:30:19 DEBUG: Pod queued at workstation.    [picking_buffer = {123: 605.9292068804003}]
2026-07-12 14:30:19 DEBUG:    EVENT NUM 1081  current_time = 00:10:08   RETURN_POD            [queue size = 30]
2026-07-12 14:30:19 DEBUG: Pod 550 returned. Robot 2 idle.   [idle robots = 1/30, released tasks = 63]
2026-07-12 14:30:19 DEBUG:    EVENT NUM 1082  current_time = 00:10:08   START_TASK            [queue size = 30]
2026-07-12 14:30:19 DEBUG: Task 125 started: robot 2 → pod 31 → workstation 5 for orders {39} (arrival = 732.0 s).   [idle robots = 0/30]
2026-07-12 14:30:19 DEBUG:    EVENT NUM 1083  current_time = 00:10:08   ARRIVAL_POD_WST       [queue size = 30]
2026-07-12 14:30:19 DEBUG: Pod 150 arrived at workstation 4 - status = BUSY
2026-07-12 14:30:19 DEBUG: Pod queued at workstation.    [picking_buffer = {100: 608.5431074476732}]
2026-07-12 14:30:19 DEBUG:    EVENT NUM 1084  current_time = 00:10:09   END_PICKING           [queue size = 29]
2026-07-12 14:30:19 DEBUG: Ended picking at workstation 4.    [picking_buffer len = {100: 608.5431074476732}]
2026-07-12 14:30:19 DEBUG: Task should have served orders {95}, found open orders {80, 95}.
2026-07-12 14:30:19 DEBUG: Task 108 completed: pod 115 returning to storage.
2026-07-12 14:30:19 DEBUG:    EVENT NUM 1085  current_time = 00:10:09   START_PICKING         [queue size = 30]
2026-07-12 14:30:19 DEBUG: Processing task 100 at workstation 4: picking items {2450} for orders {80}
2026-07-12 14:30:19 DEBUG:    EVENT NUM 1086  current_time = 00:10:09   RETURN_POD            [queue size = 30]
2026-07-12 14:30:19 DEBUG: Pod 38 returned. Robot 27 idle.   [idle robots = 1/30, released tasks = 62]
2026-07-12 14:30:19 DEBUG:    EVENT NUM 1087  current_time = 00:10:09   START_TASK            [queue size = 30]
2026-07-12 14:30:19 DEBUG: Task 126 started: robot 27 → pod 128 → workstation 5 for orders {39} (arrival = 743.5 s).   [idle robots = 0/30]
2026-07-12 14:30:19 DEBUG:    EVENT NUM 1088  current_time = 00:10:09   END_PICKING           [queue size = 30]
2026-07-12 14:30:19 DEBUG: Ended picking at workstation 6.    [picking_buffer len = {123: 605.9292068804003}]
2026-07-12 14:30:19 DEBUG: Task should have served orders {84}, found open orders {24, 83, 84, 29}.
2026-07-12 14:30:19 DEBUG: Task 104 completed: pod 325 returning to storage.
2026-07-12 14:30:19 DEBUG:    EVENT NUM 1089  current_time = 00:10:09   CLOSE_ORDER           [queue size = 32]
2026-07-12 14:30:19 DEBUG: Order 84 closed at workstation 6: flow_time = 609.3 s.     [order_buffer = 8] [open_orders = 3/4]
2026-07-12 14:30:19 DEBUG: Next order in buffer: 62
2026-07-12 14:30:19 DEBUG:    EVENT NUM 1090  current_time = 00:10:09   START_PICKING         [queue size = 32]
2026-07-12 14:30:19 DEBUG: Processing task 123 at workstation 6: picking items {6736} for orders {29}
2026-07-12 14:30:19 DEBUG:    EVENT NUM 1091  current_time = 00:10:09   OPEN_ORDER            [queue size = 32]
2026-07-12 14:30:19 DEBUG: Order 62 (skus required = {7974, 1743}) opened at workstation 6.   [open_orders = 4/4]
2026-07-12 14:30:19 DEBUG:    EVENT NUM 1092  current_time = 00:10:09   START_TASK            [queue size = 32]
2026-07-12 14:30:19 DEBUG: Task 127 blocked: no idle robots.
2026-07-12 14:30:19 DEBUG:    EVENT NUM 1093  current_time = 00:10:10   ARRIVAL_ORDER         [queue size = 31]
2026-07-12 14:30:19 DEBUG: Order 221 arrived: items_required = [3863].     [orders_in_system = 168]
2026-07-12 14:30:19 DEBUG:    EVENT NUM 1094  current_time = 00:10:12   ARRIVAL_POD_WST       [queue size = 31]
2026-07-12 14:30:19 DEBUG: Pod 309 arrived at workstation 5 - status = BUSY
2026-07-12 14:30:19 DEBUG: Pod queued at workstation.    [picking_buffer = {119: 612.0877841064348}]
2026-07-12 14:30:19 DEBUG:    EVENT NUM 1095  current_time = 00:10:12   ARRIVAL_POD_WST       [queue size = 30]
2026-07-12 14:30:19 DEBUG: Pod 371 arrived at workstation 4 - status = BUSY
2026-07-12 14:30:19 DEBUG: Pod queued at workstation.    [picking_buffer = {110: 612.6492488409663}]
2026-07-12 14:30:19 DEBUG:    EVENT NUM 1096  current_time = 00:10:13   END_PICKING           [queue size = 29]
2026-07-12 14:30:19 DEBUG: Ended picking at workstation 5.    [picking_buffer len = {119: 612.0877841064348}]
2026-07-12 14:30:19 DEBUG: Task should have served orders {10}, found open orders {65, 39, 10, 17}.
2026-07-12 14:30:19 DEBUG: Task 105 heading to workstation 5.
2026-07-12 14:30:19 DEBUG:    EVENT NUM 1097  current_time = 00:10:13   ARRIVAL_POD_WST       [queue size = 30]
2026-07-12 14:30:19 DEBUG: Pod 104 arrived at workstation 5 - status = IDLE
2026-07-12 14:30:19 DEBUG: Pod queued at workstation.    [picking_buffer = {119: 612.0877841064348, 105: 613.1066952981736}]
2026-07-12 14:30:19 DEBUG:    EVENT NUM 1098  current_time = 00:10:13   START_PICKING         [queue size = 30]
2026-07-12 14:30:19 DEBUG: Processing task 119 at workstation 5: picking items {2800} for orders {17}
2026-07-12 14:30:19 DEBUG:    EVENT NUM 1099  current_time = 00:10:13   START_PICKING         [queue size = 30]
2026-07-12 14:30:19 DEBUG:    EVENT NUM 1100  current_time = 00:10:15   ARRIVAL_ORDER         [queue size = 29]
2026-07-12 14:30:19 DEBUG: Order 222 arrived: items_required = [5517].     [orders_in_system = 169]
2026-07-12 14:30:19 DEBUG:    EVENT NUM 1101  current_time = 00:10:18   ARRIVAL_POD_WST       [queue size = 29]
2026-07-12 14:30:19 DEBUG: Pod 176 arrived at workstation 5 - status = BUSY
2026-07-12 14:30:19 DEBUG: Pod queued at workstation.    [picking_buffer = {105: 613.1066952981736, 106: 618.7926659760551}]
2026-07-12 14:30:19 DEBUG:    EVENT NUM 1102  current_time = 00:10:19   END_PICKING           [queue size = 28]
2026-07-12 14:30:19 DEBUG: Ended picking at workstation 4.    [picking_buffer len = {110: 612.6492488409663}]
2026-07-12 14:30:19 DEBUG: Task should have served orders {80}, found open orders {80, 95}.
2026-07-12 14:30:19 DEBUG: Task 100 completed: pod 150 returning to storage.
2026-07-12 14:30:19 DEBUG:    EVENT NUM 1103  current_time = 00:10:19   START_PICKING         [queue size = 29]
2026-07-12 14:30:19 DEBUG: Processing task 110 at workstation 4: picking items {4737} for orders {95}
2026-07-12 14:30:19 DEBUG:    EVENT NUM 1104  current_time = 00:10:19   END_PICKING           [queue size = 29]
2026-07-12 14:30:19 DEBUG: Ended picking at workstation 6.    [picking_buffer len = {}]
2026-07-12 14:30:19 DEBUG: Task should have served orders {29}, found open orders {83, 24, 29, 62}.
2026-07-12 14:30:19 DEBUG: Task 123 completed: pod 264 returning to storage.
2026-07-12 14:30:19 DEBUG:    EVENT NUM 1105  current_time = 00:10:20   ARRIVAL_ORDER         [queue size = 29]
2026-07-12 14:30:19 DEBUG: Order 223 arrived: items_required = [8551].     [orders_in_system = 170]
2026-07-12 14:30:19 DEBUG:    EVENT NUM 1106  current_time = 00:10:22   ARRIVAL_POD_WST       [queue size = 29]
2026-07-12 14:30:19 DEBUG: Pod 24 arrived at workstation 6 - status = IDLE
2026-07-12 14:30:19 DEBUG: Pod queued at workstation.    [picking_buffer = {111: 622.2314164812419}]
2026-07-12 14:30:19 DEBUG:    EVENT NUM 1107  current_time = 00:10:22   START_PICKING         [queue size = 29]
2026-07-12 14:30:19 DEBUG: Processing task 111 at workstation 6: picking items {3262} for orders {24}
2026-07-12 14:30:19 DEBUG:    EVENT NUM 1108  current_time = 00:10:23   END_PICKING           [queue size = 29]
2026-07-12 14:30:19 DEBUG: Ended picking at workstation 5.    [picking_buffer len = {105: 613.1066952981736, 106: 618.7926659760551}]
2026-07-12 14:30:19 DEBUG: Task should have served orders {17}, found open orders {65, 39, 10, 17}.
2026-07-12 14:30:19 DEBUG: Task 119 completed: pod 309 returning to storage.
2026-07-12 14:30:19 DEBUG:    EVENT NUM 1109  current_time = 00:10:23   START_PICKING         [queue size = 30]
2026-07-12 14:30:19 DEBUG: Processing task 105 at workstation 5: picking items {5826} for orders {65}
2026-07-12 14:30:19 DEBUG:    EVENT NUM 1110  current_time = 00:10:25   ARRIVAL_ORDER         [queue size = 30]
2026-07-12 14:30:19 DEBUG: Order 224 arrived: items_required = [6245, 3666, 6010].     [orders_in_system = 171]
2026-07-12 14:30:19 DEBUG:    EVENT NUM 1111  current_time = 00:10:25   RETURN_POD            [queue size = 30]
2026-07-12 14:30:19 DEBUG: Pod 263 returned. Robot 15 idle.   [idle robots = 1/30, released tasks = 61]
2026-07-12 14:30:19 DEBUG:    EVENT NUM 1112  current_time = 00:10:25   START_TASK            [queue size = 30]
2026-07-12 14:30:19 DEBUG: Task 127 started: robot 15 → pod 514 → workstation 6 for orders {83} (arrival = 644.6 s).   [idle robots = 0/30]
2026-07-12 14:30:19 DEBUG:    EVENT NUM 1113  current_time = 00:10:28   RETURN_POD            [queue size = 30]
2026-07-12 14:30:19 DEBUG: Pod 414 returned. Robot 24 idle.   [idle robots = 1/30, released tasks = 60]
2026-07-12 14:30:19 DEBUG:    EVENT NUM 1114  current_time = 00:10:28   START_TASK            [queue size = 30]
2026-07-12 14:30:19 DEBUG: Task 128 started: robot 24 → pod 550 → workstation 5 for orders {81} (arrival = 730.1 s).   [idle robots = 0/30]
2026-07-12 14:30:19 DEBUG:    EVENT NUM 1115  current_time = 00:10:29   END_PICKING           [queue size = 30]
2026-07-12 14:30:19 DEBUG: Ended picking at workstation 4.    [picking_buffer len = {}]
2026-07-12 14:30:19 DEBUG: Task should have served orders {95}, found open orders {80, 95}.
2026-07-12 14:30:19 DEBUG: Task 110 completed: pod 371 returning to storage.
2026-07-12 14:30:19 DEBUG:    EVENT NUM 1116  current_time = 00:10:29   RETURN_POD            [queue size = 30]
2026-07-12 14:30:19 DEBUG: Pod 384 returned. Robot 28 idle.   [idle robots = 1/30, released tasks = 59]
2026-07-12 14:30:19 DEBUG:    EVENT NUM 1117  current_time = 00:10:29   START_TASK            [queue size = 30]
2026-07-12 14:30:19 DEBUG: Task 129 started: robot 28 → pod 424 → workstation 5 for orders {81} (arrival = 725.5 s).   [idle robots = 0/30]
2026-07-12 14:30:19 DEBUG:    EVENT NUM 1118  current_time = 00:10:30   ARRIVAL_ORDER         [queue size = 30]
2026-07-12 14:30:19 DEBUG: Order 225 arrived: items_required = [5637, 4012].     [orders_in_system = 172]
2026-07-12 14:30:19 DEBUG:    EVENT NUM 1119  current_time = 00:10:32   END_PICKING           [queue size = 30]
2026-07-12 14:30:19 DEBUG: Ended picking at workstation 6.    [picking_buffer len = {}]
2026-07-12 14:30:19 DEBUG: Task should have served orders {24}, found open orders {83, 24, 29, 62}.
2026-07-12 14:30:19 DEBUG: Task 111 completed: pod 24 returning to storage.
2026-07-12 14:30:19 DEBUG:    EVENT NUM 1120  current_time = 00:10:32   CLOSE_ORDER           [queue size = 31]
2026-07-12 14:30:19 DEBUG: Order 24 closed at workstation 6: flow_time = 632.2 s.     [order_buffer = 7] [open_orders = 3/4]
2026-07-12 14:30:19 DEBUG: Next order in buffer: 59
2026-07-12 14:30:19 DEBUG:    EVENT NUM 1121  current_time = 00:10:32   OPEN_ORDER            [queue size = 31]
2026-07-12 14:30:19 DEBUG: Order 59 (skus required = {3307}) opened at workstation 6.   [open_orders = 4/4]
2026-07-12 14:30:19 DEBUG:    EVENT NUM 1122  current_time = 00:10:32   START_TASK            [queue size = 31]
2026-07-12 14:30:19 DEBUG: Task 130 blocked: no idle robots.
2026-07-12 14:30:19 DEBUG:    EVENT NUM 1123  current_time = 00:10:33   END_PICKING           [queue size = 30]
2026-07-12 14:30:19 DEBUG: Ended picking at workstation 5.    [picking_buffer len = {106: 618.7926659760551}]
2026-07-12 14:30:19 DEBUG: Task should have served orders {65}, found open orders {65, 39, 10, 17}.
2026-07-12 14:30:19 DEBUG: Task 105 completed: pod 104 returning to storage.
2026-07-12 14:30:19 DEBUG:    EVENT NUM 1124  current_time = 00:10:33   CLOSE_ORDER           [queue size = 32]
2026-07-12 14:30:19 DEBUG: Order 65 closed at workstation 5: flow_time = 633.1 s.     [order_buffer = 4] [open_orders = 3/4]
2026-07-12 14:30:19 DEBUG: Next order in buffer: 81
2026-07-12 14:30:19 DEBUG:    EVENT NUM 1125  current_time = 00:10:33   START_PICKING         [queue size = 32]
2026-07-12 14:30:19 DEBUG: Processing task 106 at workstation 5: picking items {2951} for orders {10}
2026-07-12 14:30:19 DEBUG:    EVENT NUM 1126  current_time = 00:10:33   OPEN_ORDER            [queue size = 32]
2026-07-12 14:30:19 DEBUG: Order 81 (skus required = {5009, 4561, 3677}) opened at workstation 5.   [open_orders = 4/4]
2026-07-12 14:30:19 DEBUG:    EVENT NUM 1127  current_time = 00:10:33   START_TASK            [queue size = 32]
2026-07-12 14:30:19 DEBUG: Task 130 blocked: no idle robots.
2026-07-12 14:30:19 DEBUG:    EVENT NUM 1128  current_time = 00:10:35   ARRIVAL_ORDER         [queue size = 31]
2026-07-12 14:30:19 DEBUG: Order 226 arrived: items_required = [6598, 6899, 7351, 3782].     [orders_in_system = 171]
2026-07-12 14:30:19 DEBUG:    EVENT NUM 1129  current_time = 00:10:39   ARRIVAL_POD_WST       [queue size = 31]
2026-07-12 14:30:19 DEBUG: Pod 275 arrived at workstation 4 - status = IDLE
2026-07-12 14:30:19 DEBUG: Pod queued at workstation.    [picking_buffer = {113: 639.0951122452693}]
2026-07-12 14:30:19 DEBUG:    EVENT NUM 1130  current_time = 00:10:39   START_PICKING         [queue size = 31]
2026-07-12 14:30:19 DEBUG: Processing task 113 at workstation 4: picking items {3521, 6268} for orders {95}
2026-07-12 14:30:19 DEBUG:    EVENT NUM 1131  current_time = 00:10:40   ARRIVAL_ORDER         [queue size = 31]
2026-07-12 14:30:19 DEBUG: Order 227 arrived: items_required = [6741, 3145, 5008].     [orders_in_system = 172]
2026-07-12 14:30:19 DEBUG:    EVENT NUM 1132  current_time = 00:10:43   END_PICKING           [queue size = 31]
2026-07-12 14:30:19 DEBUG: Ended picking at workstation 5.    [picking_buffer len = {}]
2026-07-12 14:30:19 DEBUG: Task should have served orders {10}, found open orders {39, 10, 17, 81}.
2026-07-12 14:30:19 DEBUG: Task 106 completed: pod 176 returning to storage.
2026-07-12 14:30:19 DEBUG:    EVENT NUM 1133  current_time = 00:10:43   CLOSE_ORDER           [queue size = 32]
2026-07-12 14:30:19 DEBUG: Order 10 closed at workstation 5: flow_time = 643.1 s.     [order_buffer = 3] [open_orders = 3/4]
2026-07-12 14:30:19 DEBUG: Next order in buffer: 91
2026-07-12 14:30:19 DEBUG:    EVENT NUM 1134  current_time = 00:10:43   OPEN_ORDER            [queue size = 32]
2026-07-12 14:30:19 DEBUG: Order 91 (skus required = {6171}) opened at workstation 5.   [open_orders = 4/4]
2026-07-12 14:30:19 DEBUG:    EVENT NUM 1135  current_time = 00:10:43   START_TASK            [queue size = 32]
2026-07-12 14:30:19 DEBUG: Task 130 blocked: no idle robots.
2026-07-12 14:30:19 DEBUG:    EVENT NUM 1136  current_time = 00:10:44   ARRIVAL_POD_WST       [queue size = 31]
2026-07-12 14:30:19 DEBUG: Pod 514 arrived at workstation 6 - status = IDLE
2026-07-12 14:30:19 DEBUG: Pod queued at workstation.    [picking_buffer = {127: 644.6457232848145}]
2026-07-12 14:30:19 DEBUG:    EVENT NUM 1137  current_time = 00:10:44   START_PICKING         [queue size = 31]
2026-07-12 14:30:19 DEBUG: Processing task 127 at workstation 6: picking items {3283} for orders {83}
2026-07-12 14:30:19 DEBUG:    EVENT NUM 1138  current_time = 00:10:45   ARRIVAL_ORDER         [queue size = 31]
2026-07-12 14:30:19 DEBUG: Order 228 arrived: items_required = [8604, 7562].     [orders_in_system = 172]
2026-07-12 14:30:19 DEBUG:    EVENT NUM 1139  current_time = 00:10:46   RETURN_POD            [queue size = 31]
2026-07-12 14:30:19 DEBUG: Pod 215 returned. Robot 17 idle.   [idle robots = 1/30, released tasks = 58]
2026-07-12 14:30:19 DEBUG:    EVENT NUM 1140  current_time = 00:10:46   START_TASK            [queue size = 31]
2026-07-12 14:30:19 DEBUG: Task 130 started: robot 17 → pod 99 → workstation 6 for orders {83} (arrival = 782.1 s).   [idle robots = 0/30]
2026-07-12 14:30:19 DEBUG:    EVENT NUM 1141  current_time = 00:10:47   RETURN_POD            [queue size = 31]
2026-07-12 14:30:19 DEBUG: Pod 397 returned. Robot 0 idle.   [idle robots = 1/30, released tasks = 57]
2026-07-12 14:30:19 DEBUG:    EVENT NUM 1142  current_time = 00:10:47   START_TASK            [queue size = 31]
2026-07-12 14:30:19 DEBUG: Task 131 started: robot 0 → pod 364 → workstation 6 for orders {62} (arrival = 688.0 s).   [idle robots = 0/30]
2026-07-12 14:30:19 DEBUG:    EVENT NUM 1143  current_time = 00:10:47   RETURN_POD            [queue size = 31]
2026-07-12 14:30:19 DEBUG: Pod 129 returned. Robot 8 idle.   [idle robots = 1/30, released tasks = 56]
2026-07-12 14:30:19 DEBUG:    EVENT NUM 1144  current_time = 00:10:47   START_TASK            [queue size = 31]
2026-07-12 14:30:19 DEBUG: Task 132 started: robot 8 → pod 367 → workstation 6 for orders {62} (arrival = 700.8 s).   [idle robots = 0/30]
2026-07-12 14:30:19 DEBUG:    EVENT NUM 1145  current_time = 00:10:50   ARRIVAL_ORDER         [queue size = 31]
2026-07-12 14:30:19 DEBUG: Order 229 arrived: items_required = [2907, 542, 1322].     [orders_in_system = 173]
2026-07-12 14:30:19 DEBUG:    EVENT NUM 1146  current_time = 00:10:51   ARRIVAL_POD_WST       [queue size = 31]
2026-07-12 14:30:19 DEBUG: Pod 394 arrived at workstation 3 - status = IDLE
2026-07-12 14:30:19 DEBUG: Pod queued at workstation.    [picking_buffer = {109: 651.0641322906663}]
2026-07-12 14:30:19 DEBUG:    EVENT NUM 1147  current_time = 00:10:51   START_PICKING         [queue size = 31]
2026-07-12 14:30:19 DEBUG: Processing task 109 at workstation 3: picking items {2988} for orders {60}
2026-07-12 14:30:19 DEBUG:    EVENT NUM 1148  current_time = 00:10:54   END_PICKING           [queue size = 31]
2026-07-12 14:30:19 DEBUG: Ended picking at workstation 4.    [picking_buffer len = {}]
2026-07-12 14:30:19 DEBUG: Task should have served orders {95}, found open orders {80, 95}.
2026-07-12 14:30:19 DEBUG: Task 113 completed: pod 275 returning to storage.
2026-07-12 14:30:19 DEBUG:    EVENT NUM 1149  current_time = 00:10:54   CLOSE_ORDER           [queue size = 32]
2026-07-12 14:30:19 DEBUG: Order 95 closed at workstation 4: flow_time = 654.1 s.     [order_buffer = 0] [open_orders = 1/4]
2026-07-12 14:30:19 DEBUG:    EVENT NUM 1150  current_time = 00:10:54   END_PICKING           [queue size = 31]
2026-07-12 14:30:19 DEBUG: Ended picking at workstation 6.    [picking_buffer len = {}]
2026-07-12 14:30:19 DEBUG: Task should have served orders {83}, found open orders {83, 59, 29, 62}.
2026-07-12 14:30:19 DEBUG: Task 127 completed: pod 514 returning to storage.
2026-07-12 14:30:19 DEBUG:    EVENT NUM 1151  current_time = 00:10:55   ARRIVAL_ORDER         [queue size = 31]
2026-07-12 14:30:19 DEBUG: Order 230 arrived: items_required = [2394].     [orders_in_system = 173]
2026-07-12 14:30:19 DEBUG:    EVENT NUM 1152  current_time = 00:10:55   ARRIVAL_POD_WST       [queue size = 31]
2026-07-12 14:30:19 DEBUG: Pod 572 arrived at workstation 3 - status = BUSY
2026-07-12 14:30:19 DEBUG: Pod queued at workstation.    [picking_buffer = {115: 655.6704012895366}]
2026-07-12 14:30:19 DEBUG:    EVENT NUM 1153  current_time = 00:10:57   ARRIVAL_POD_WST       [queue size = 30]
2026-07-12 14:30:19 DEBUG: Pod 11 arrived at workstation 5 - status = IDLE
2026-07-12 14:30:19 DEBUG: Pod queued at workstation.    [picking_buffer = {124: 657.8451160136932}]
2026-07-12 14:30:19 DEBUG:    EVENT NUM 1154  current_time = 00:10:57   START_PICKING         [queue size = 30]
2026-07-12 14:30:19 DEBUG: Processing task 124 at workstation 5: picking items {1734} for orders {17}
2026-07-12 14:30:19 DEBUG:    EVENT NUM 1155  current_time = 00:11:00   ARRIVAL_ORDER         [queue size = 30]
2026-07-12 14:30:19 DEBUG: Order 231 arrived: items_required = [6589, 5501, 4025, 4299].     [orders_in_system = 174]
2026-07-12 14:30:19 DEBUG:    EVENT NUM 1156  current_time = 00:11:01   END_PICKING           [queue size = 30]
2026-07-12 14:30:19 DEBUG: Ended picking at workstation 3.    [picking_buffer len = {115: 655.6704012895366}]
2026-07-12 14:30:19 DEBUG: Task should have served orders {60}, found open orders {96, 4, 69, 60}.
2026-07-12 14:30:19 DEBUG: Task 109 completed: pod 394 returning to storage.
2026-07-12 14:30:19 DEBUG:    EVENT NUM 1157  current_time = 00:11:01   CLOSE_ORDER           [queue size = 32]
2026-07-12 14:30:19 DEBUG: Order 60 closed at workstation 3: flow_time = 661.1 s.     [order_buffer = 2] [open_orders = 3/4]
2026-07-12 14:30:19 DEBUG: Next order in buffer: 48
2026-07-12 14:30:19 DEBUG:    EVENT NUM 1158  current_time = 00:11:01   START_PICKING         [queue size = 32]
2026-07-12 14:30:19 DEBUG: Processing task 115 at workstation 3: picking items {4947} for orders {96}
2026-07-12 14:30:19 DEBUG:    EVENT NUM 1159  current_time = 00:11:01   OPEN_ORDER            [queue size = 32]
2026-07-12 14:30:19 DEBUG: Order 48 (skus required = {602, 4683}) opened at workstation 3.   [open_orders = 4/4]
2026-07-12 14:30:19 DEBUG:    EVENT NUM 1160  current_time = 00:11:01   START_TASK            [queue size = 32]
2026-07-12 14:30:19 DEBUG: Task 133 blocked: no idle robots.
2026-07-12 14:30:19 DEBUG:    EVENT NUM 1161  current_time = 00:11:04   RETURN_POD            [queue size = 31]
2026-07-12 14:30:19 DEBUG: Pod 569 returned. Robot 26 idle.   [idle robots = 1/30, released tasks = 55]
2026-07-12 14:30:19 DEBUG:    EVENT NUM 1162  current_time = 00:11:04   START_TASK            [queue size = 31]
2026-07-12 14:30:19 DEBUG: Task 133 started: robot 26 → pod 391 → workstation 5 for orders {73} (arrival = 715.2 s).   [idle robots = 0/30]
2026-07-12 14:30:19 DEBUG:    EVENT NUM 1163  current_time = 00:11:05   ARRIVAL_ORDER         [queue size = 31]
2026-07-12 14:30:19 DEBUG: Order 232 arrived: items_required = [2818, 3578].     [orders_in_system = 174]
2026-07-12 14:30:19 DEBUG:    EVENT NUM 1164  current_time = 00:11:07   END_PICKING           [queue size = 31]
2026-07-12 14:30:19 DEBUG: Ended picking at workstation 5.    [picking_buffer len = {}]
2026-07-12 14:30:19 DEBUG: Task should have served orders {17}, found open orders {39, 17, 81, 91}.
2026-07-12 14:30:19 DEBUG: Task 124 completed: pod 11 returning to storage.
2026-07-12 14:30:19 DEBUG:    EVENT NUM 1165  current_time = 00:11:07   CLOSE_ORDER           [queue size = 32]
2026-07-12 14:30:19 DEBUG: Order 17 closed at workstation 5: flow_time = 667.8 s.     [order_buffer = 2] [open_orders = 3/4]
2026-07-12 14:30:19 DEBUG: Next order in buffer: 73
2026-07-12 14:30:19 DEBUG:    EVENT NUM 1166  current_time = 00:11:07   OPEN_ORDER            [queue size = 32]
2026-07-12 14:30:19 DEBUG: Order 73 (skus required = {5640, 4363, 1141}) opened at workstation 5.   [open_orders = 4/4]
2026-07-12 14:30:19 DEBUG:    EVENT NUM 1167  current_time = 00:11:07   START_TASK            [queue size = 32]
2026-07-12 14:30:19 DEBUG: Task 134 blocked: no idle robots.
2026-07-12 14:30:19 DEBUG:    EVENT NUM 1168  current_time = 00:11:09   RETURN_POD            [queue size = 31]
2026-07-12 14:30:19 DEBUG: Pod 264 returned. Robot 22 idle.   [idle robots = 1/30, released tasks = 54]
2026-07-12 14:30:19 DEBUG:    EVENT NUM 1169  current_time = 00:11:09   START_TASK            [queue size = 31]
2026-07-12 14:30:19 DEBUG: Task 134 started: robot 22 → pod 220 → workstation 5 for orders {73} (arrival = 769.3 s).   [idle robots = 0/30]
2026-07-12 14:30:19 DEBUG:    EVENT NUM 1170  current_time = 00:11:10   ARRIVAL_ORDER         [queue size = 31]
2026-07-12 14:30:19 DEBUG: Order 233 arrived: items_required = [2442, 1102].     [orders_in_system = 174]
2026-07-12 14:30:19 DEBUG:    EVENT NUM 1171  current_time = 00:11:11   END_PICKING           [queue size = 31]
2026-07-12 14:30:19 DEBUG: Ended picking at workstation 3.    [picking_buffer len = {}]
2026-07-12 14:30:19 DEBUG: Task should have served orders {96}, found open orders {96, 4, 69, 48}.
2026-07-12 14:30:19 DEBUG: Task 115 completed: pod 572 returning to storage.
2026-07-12 14:30:19 DEBUG:    EVENT NUM 1172  current_time = 00:11:13   RETURN_POD            [queue size = 31]
2026-07-12 14:30:19 DEBUG: Pod 514 returned. Robot 15 idle.   [idle robots = 1/30, released tasks = 53]
2026-07-12 14:30:19 DEBUG:    EVENT NUM 1173  current_time = 00:11:13   START_TASK            [queue size = 31]
2026-07-12 14:30:19 DEBUG: Task 135 started: robot 15 → pod 524 → workstation 6 for orders {59} (arrival = 760.8 s).   [idle robots = 0/30]
2026-07-12 14:30:19 DEBUG:    EVENT NUM 1174  current_time = 00:11:13   RETURN_POD            [queue size = 31]
2026-07-12 14:30:19 DEBUG: Pod 322 returned. Robot 25 idle.   [idle robots = 1/30, released tasks = 52]
2026-07-12 14:30:19 DEBUG:    EVENT NUM 1175  current_time = 00:11:13   START_TASK            [queue size = 31]
2026-07-12 14:30:19 DEBUG: Task 136 started: robot 25 → pod 414 → workstation 6 for orders {94} (arrival = 705.4 s).   [idle robots = 0/30]
2026-07-12 14:30:19 DEBUG:    EVENT NUM 1176  current_time = 00:11:15   ARRIVAL_ORDER         [queue size = 31]
2026-07-12 14:30:19 DEBUG: Order 234 arrived: items_required = [4863, 2407].     [orders_in_system = 175]
2026-07-12 14:30:19 DEBUG:    EVENT NUM 1177  current_time = 00:11:20   ARRIVAL_ORDER         [queue size = 31]
2026-07-12 14:30:19 DEBUG: Order 235 arrived: items_required = [3900, 870, 4705].     [orders_in_system = 176]
2026-07-12 14:30:19 DEBUG:    EVENT NUM 1178  current_time = 00:11:24   ARRIVAL_POD_WST       [queue size = 31]
2026-07-12 14:30:19 DEBUG: Pod 124 arrived at workstation 6 - status = IDLE
2026-07-12 14:30:19 DEBUG: Pod queued at workstation.    [picking_buffer = {122: 684.1297388170578}]
2026-07-12 14:30:19 DEBUG:    EVENT NUM 1179  current_time = 00:11:24   START_PICKING         [queue size = 31]
2026-07-12 14:30:19 DEBUG: Processing task 122 at workstation 6: picking items {2083} for orders {29}
2026-07-12 14:30:19 DEBUG:    EVENT NUM 1180  current_time = 00:11:25   ARRIVAL_ORDER         [queue size = 31]
2026-07-12 14:30:19 DEBUG: Order 236 arrived: items_required = [4436, 5572].     [orders_in_system = 177]
2026-07-12 14:30:19 DEBUG:    EVENT NUM 1181  current_time = 00:11:27   RETURN_POD            [queue size = 31]
2026-07-12 14:30:19 DEBUG: Pod 549 returned. Robot 18 idle.   [idle robots = 1/30, released tasks = 51]
2026-07-12 14:30:19 DEBUG:    EVENT NUM 1182  current_time = 00:11:27   START_TASK            [queue size = 31]
2026-07-12 14:30:19 DEBUG: Task 137 started: robot 18 → pod 496 → workstation 5 for orders {37} (arrival = 754.0 s).   [idle robots = 0/30]
2026-07-12 14:30:19 DEBUG:    EVENT NUM 1183  current_time = 00:11:27   ARRIVAL_POD_WST       [queue size = 31]
2026-07-12 14:30:19 DEBUG: Pod 501 arrived at workstation 3 - status = IDLE
2026-07-12 14:30:19 DEBUG: Pod queued at workstation.    [picking_buffer = {121: 687.2633229813686}]
2026-07-12 14:30:19 DEBUG:    EVENT NUM 1184  current_time = 00:11:27   START_PICKING         [queue size = 31]
2026-07-12 14:30:19 DEBUG: Processing task 121 at workstation 3: picking items {5519} for orders {96}
2026-07-12 14:30:19 DEBUG:    EVENT NUM 1185  current_time = 00:11:27   ARRIVAL_POD_WST       [queue size = 31]
2026-07-12 14:30:19 DEBUG: Pod 364 arrived at workstation 6 - status = BUSY
2026-07-12 14:30:19 DEBUG: Pod queued at workstation.    [picking_buffer = {131: 687.9568635888459}]
2026-07-12 14:30:19 DEBUG:    EVENT NUM 1186  current_time = 00:11:30   ARRIVAL_ORDER         [queue size = 30]
2026-07-12 14:30:19 DEBUG: Order 237 arrived: items_required = [2769].     [orders_in_system = 178]
2026-07-12 14:30:19 DEBUG:    EVENT NUM 1187  current_time = 00:11:31   RETURN_POD            [queue size = 30]
2026-07-12 14:30:19 DEBUG: Pod 309 returned. Robot 20 idle.   [idle robots = 1/30, released tasks = 50]
2026-07-12 14:30:19 DEBUG:    EVENT NUM 1188  current_time = 00:11:31   START_TASK            [queue size = 30]
2026-07-12 14:30:19 DEBUG: Task 138 started: robot 20 → pod 442 → workstation 6 for orders {94} (arrival = 736.1 s).   [idle robots = 0/30]
2026-07-12 14:30:19 DEBUG:    EVENT NUM 1189  current_time = 00:11:34   END_PICKING           [queue size = 30]
2026-07-12 14:30:19 DEBUG: Ended picking at workstation 6.    [picking_buffer len = {131: 687.9568635888459}]
2026-07-12 14:30:19 DEBUG: Task should have served orders {29}, found open orders {83, 59, 29, 62}.
2026-07-12 14:30:19 DEBUG: Task 122 completed: pod 124 returning to storage.
2026-07-12 14:30:19 DEBUG:    EVENT NUM 1190  current_time = 00:11:34   CLOSE_ORDER           [queue size = 32]
2026-07-12 14:30:19 DEBUG: Order 29 closed at workstation 6: flow_time = 694.1 s.     [order_buffer = 6] [open_orders = 3/4]
2026-07-12 14:30:19 DEBUG: Next order in buffer: 94
2026-07-12 14:30:19 DEBUG:    EVENT NUM 1191  current_time = 00:11:34   START_PICKING         [queue size = 32]
2026-07-12 14:30:19 DEBUG: Processing task 131 at workstation 6: picking items {7974} for orders {62}
2026-07-12 14:30:19 DEBUG:    EVENT NUM 1192  current_time = 00:11:34   OPEN_ORDER            [queue size = 32]
2026-07-12 14:30:19 DEBUG: Order 94 (skus required = {4712, 2953, 5075, 6877}) opened at workstation 6.   [open_orders = 4/4]
2026-07-12 14:30:19 DEBUG:    EVENT NUM 1193  current_time = 00:11:34   START_TASK            [queue size = 32]
2026-07-12 14:30:19 DEBUG: Task 139 blocked: pod 11 not idle.  [released tasks = 48]
2026-07-12 14:30:19 DEBUG: Task 140 blocked: no idle robots.
2026-07-12 14:30:19 DEBUG:    EVENT NUM 1194  current_time = 00:11:35   ARRIVAL_ORDER         [queue size = 31]
2026-07-12 14:30:19 DEBUG: Order 238 arrived: items_required = [3227, 7048].     [orders_in_system = 178]
2026-07-12 14:30:19 DEBUG:    EVENT NUM 1195  current_time = 00:11:35   ARRIVAL_POD_WST       [queue size = 31]
2026-07-12 14:30:19 DEBUG: Pod 445 arrived at workstation 3 - status = BUSY
2026-07-12 14:30:19 DEBUG: Pod queued at workstation.    [picking_buffer = {118: 695.5479764724967}]
2026-07-12 14:30:19 DEBUG:    EVENT NUM 1196  current_time = 00:11:37   END_PICKING           [queue size = 30]
2026-07-12 14:30:19 DEBUG: Ended picking at workstation 3.    [picking_buffer len = {118: 695.5479764724967}]
2026-07-12 14:30:19 DEBUG: Task should have served orders {96}, found open orders {96, 4, 69, 48}.
2026-07-12 14:30:19 DEBUG: Task 121 completed: pod 501 returning to storage.
2026-07-12 14:30:19 DEBUG:    EVENT NUM 1197  current_time = 00:11:37   START_PICKING         [queue size = 31]
2026-07-12 14:30:19 DEBUG: Processing task 118 at workstation 3: picking items {2149} for orders {96}
2026-07-12 14:30:19 DEBUG:    EVENT NUM 1198  current_time = 00:11:38   RETURN_POD            [queue size = 31]
2026-07-12 14:30:19 DEBUG: Pod 115 returned. Robot 6 idle.   [idle robots = 1/30, released tasks = 49]
2026-07-12 14:30:19 DEBUG:    EVENT NUM 1199  current_time = 00:11:38   START_TASK            [queue size = 31]
2026-07-12 14:30:19 DEBUG: Task 140 started: robot 6 → pod 369 → workstation 6 for orders {94} (arrival = 761.5 s).   [idle robots = 0/30]
2026-07-12 14:30:19 DEBUG:    EVENT NUM 1200  current_time = 00:11:40   ARRIVAL_ORDER         [queue size = 31]
2026-07-12 14:30:19 DEBUG: Order 239 arrived: items_required = [6102].     [orders_in_system = 179]
2026-07-12 14:30:19 DEBUG:    EVENT NUM 1201  current_time = 00:11:40   ARRIVAL_POD_WST       [queue size = 31]
2026-07-12 14:30:19 DEBUG: Pod 367 arrived at workstation 6 - status = BUSY
2026-07-12 14:30:19 DEBUG: Pod queued at workstation.    [picking_buffer = {132: 700.7936466597068}]
2026-07-12 14:30:19 DEBUG:    EVENT NUM 1202  current_time = 00:11:44   END_PICKING           [queue size = 30]
2026-07-12 14:30:19 DEBUG: Ended picking at workstation 6.    [picking_buffer len = {132: 700.7936466597068}]
2026-07-12 14:30:19 DEBUG: Task should have served orders {62}, found open orders {83, 94, 59, 62}.
2026-07-12 14:30:19 DEBUG: Task 131 completed: pod 364 returning to storage.
2026-07-12 14:30:19 DEBUG:    EVENT NUM 1203  current_time = 00:11:44   START_PICKING         [queue size = 31]
2026-07-12 14:30:19 DEBUG: Processing task 132 at workstation 6: picking items {1743} for orders {62}
2026-07-12 14:30:19 DEBUG:    EVENT NUM 1204  current_time = 00:11:45   ARRIVAL_ORDER         [queue size = 31]
2026-07-12 14:30:19 DEBUG: Order 240 arrived: items_required = [3347, 3543, 2155].     [orders_in_system = 180]
2026-07-12 14:30:19 DEBUG:    EVENT NUM 1205  current_time = 00:11:45   ARRIVAL_POD_WST       [queue size = 31]
2026-07-12 14:30:19 DEBUG: Pod 414 arrived at workstation 6 - status = BUSY
2026-07-12 14:30:19 DEBUG: Pod queued at workstation.    [picking_buffer = {136: 705.43195285776}]
2026-07-12 14:30:19 DEBUG:    EVENT NUM 1206  current_time = 00:11:47   END_PICKING           [queue size = 30]
2026-07-12 14:30:19 DEBUG: Ended picking at workstation 3.    [picking_buffer len = {}]
2026-07-12 14:30:19 DEBUG: Task should have served orders {96}, found open orders {96, 4, 69, 48}.
2026-07-12 14:30:19 DEBUG: Task 118 completed: pod 445 returning to storage.
2026-07-12 14:30:19 DEBUG:    EVENT NUM 1207  current_time = 00:11:47   CLOSE_ORDER           [queue size = 31]
2026-07-12 14:30:19 DEBUG: Order 96 closed at workstation 3: flow_time = 707.3 s.     [order_buffer = 1] [open_orders = 3/4]
2026-07-12 14:30:19 DEBUG: Next order in buffer: 43
2026-07-12 14:30:19 DEBUG:    EVENT NUM 1208  current_time = 00:11:47   OPEN_ORDER            [queue size = 31]
2026-07-12 14:30:19 DEBUG: Order 43 (skus required = {7602, 2666, 3909, 2000}) opened at workstation 3.   [open_orders = 4/4]
2026-07-12 14:30:19 DEBUG:    EVENT NUM 1209  current_time = 00:11:47   START_TASK            [queue size = 31]
2026-07-12 14:30:19 DEBUG: Task 141 blocked: no idle robots.
2026-07-12 14:30:19 DEBUG:    EVENT NUM 1210  current_time = 00:11:47   RETURN_POD            [queue size = 30]
2026-07-12 14:30:19 DEBUG: Pod 45 returned. Robot 12 idle.   [idle robots = 1/30, released tasks = 48]
2026-07-12 14:30:19 DEBUG:    EVENT NUM 1211  current_time = 00:11:47   START_TASK            [queue size = 30]
2026-07-12 14:30:19 DEBUG: Task 141 started: robot 12 → pod 333 → workstation 6 for orders {94} (arrival = 787.5 s).   [idle robots = 0/30]
2026-07-12 14:30:19 DEBUG:    EVENT NUM 1212  current_time = 00:11:48   RETURN_POD            [queue size = 30]
2026-07-12 14:30:19 DEBUG: Pod 50 returned. Robot 7 idle.   [idle robots = 1/30, released tasks = 47]
2026-07-12 14:30:19 DEBUG:    EVENT NUM 1213  current_time = 00:11:48   START_TASK            [queue size = 30]
2026-07-12 14:30:19 DEBUG: Task 142 started: robot 7 → pod 147 → workstation 6 for orders {98} (arrival = 831.6 s).   [idle robots = 0/30]
2026-07-12 14:30:19 DEBUG:    EVENT NUM 1214  current_time = 00:11:50   ARRIVAL_ORDER         [queue size = 30]
2026-07-12 14:30:19 DEBUG: Order 241 arrived: items_required = [546, 4911].     [orders_in_system = 180]
2026-07-12 14:30:19 DEBUG:    EVENT NUM 1215  current_time = 00:11:54   END_PICKING           [queue size = 30]
2026-07-12 14:30:19 DEBUG: Ended picking at workstation 6.    [picking_buffer len = {136: 705.43195285776}]
2026-07-12 14:30:19 DEBUG: Task should have served orders {62}, found open orders {83, 94, 59, 62}.
2026-07-12 14:30:19 DEBUG: Task 132 completed: pod 367 returning to storage.
2026-07-12 14:30:19 DEBUG:    EVENT NUM 1216  current_time = 00:11:54   CLOSE_ORDER           [queue size = 32]
2026-07-12 14:30:19 DEBUG: Order 62 closed at workstation 6: flow_time = 714.1 s.     [order_buffer = 5] [open_orders = 3/4]
2026-07-12 14:30:19 DEBUG: Next order in buffer: 98
2026-07-12 14:30:19 DEBUG:    EVENT NUM 1217  current_time = 00:11:54   START_PICKING         [queue size = 32]
2026-07-12 14:30:19 DEBUG: Processing task 136 at workstation 6: picking items {4712} for orders {94}
2026-07-12 14:30:19 DEBUG:    EVENT NUM 1218  current_time = 00:11:54   OPEN_ORDER            [queue size = 32]
2026-07-12 14:30:19 DEBUG: Order 98 (skus required = {1780, 1885}) opened at workstation 6.   [open_orders = 4/4]
2026-07-12 14:30:19 DEBUG:    EVENT NUM 1219  current_time = 00:11:54   START_TASK            [queue size = 32]
2026-07-12 14:30:19 DEBUG: Task 143 blocked: no idle robots.
2026-07-12 14:30:19 DEBUG:    EVENT NUM 1220  current_time = 00:11:55   ARRIVAL_ORDER         [queue size = 31]
2026-07-12 14:30:19 DEBUG: Order 242 arrived: items_required = [5571].     [orders_in_system = 180]
2026-07-12 14:30:19 DEBUG:    EVENT NUM 1221  current_time = 00:11:55   ARRIVAL_POD_WST       [queue size = 31]
2026-07-12 14:30:19 DEBUG: Pod 391 arrived at workstation 5 - status = IDLE
2026-07-12 14:30:19 DEBUG: Pod queued at workstation.    [picking_buffer = {133: 715.2495892447649}]
2026-07-12 14:30:19 DEBUG:    EVENT NUM 1222  current_time = 00:11:55   START_PICKING         [queue size = 31]
2026-07-12 14:30:19 DEBUG: Processing task 133 at workstation 5: picking items {1141} for orders {73}
2026-07-12 14:30:19 DEBUG:    EVENT NUM 1223  current_time = 00:12:00   ARRIVAL_ORDER         [queue size = 31]
2026-07-12 14:30:19 DEBUG: Order 243 arrived: items_required = [3771].     [orders_in_system = 181]
2026-07-12 14:30:19 DEBUG:    EVENT NUM 1224  current_time = 00:12:04   END_PICKING           [queue size = 31]
2026-07-12 14:30:19 DEBUG: Ended picking at workstation 6.    [picking_buffer len = {}]
2026-07-12 14:30:19 DEBUG: Task should have served orders {94}, found open orders {98, 83, 94, 59}.
2026-07-12 14:30:19 DEBUG: Task 136 completed: pod 414 returning to storage.
2026-07-12 14:30:19 DEBUG:    EVENT NUM 1225  current_time = 00:12:05   ARRIVAL_ORDER         [queue size = 31]
2026-07-12 14:30:19 DEBUG: Order 244 arrived: items_required = [6384, 378].     [orders_in_system = 182]
2026-07-12 14:30:19 DEBUG:    EVENT NUM 1226  current_time = 00:12:05   END_PICKING           [queue size = 31]
2026-07-12 14:30:19 DEBUG: Ended picking at workstation 5.    [picking_buffer len = {}]
2026-07-12 14:30:19 DEBUG: Task should have served orders {73}, found open orders {39, 73, 81, 91}.
2026-07-12 14:30:19 DEBUG: Task 133 completed: pod 391 returning to storage.
2026-07-12 14:30:19 DEBUG:    EVENT NUM 1227  current_time = 00:12:05   ARRIVAL_POD_WST       [queue size = 31]
2026-07-12 14:30:19 DEBUG: Pod 424 arrived at workstation 5 - status = IDLE
2026-07-12 14:30:19 DEBUG: Pod queued at workstation.    [picking_buffer = {129: 725.5043467773254}]
2026-07-12 14:30:19 DEBUG:    EVENT NUM 1228  current_time = 00:12:05   START_PICKING         [queue size = 31]
2026-07-12 14:30:19 DEBUG: Processing task 129 at workstation 5: picking items {4561} for orders {81}
2026-07-12 14:30:19 DEBUG:    EVENT NUM 1229  current_time = 00:12:05   RETURN_POD            [queue size = 31]
2026-07-12 14:30:19 DEBUG: Pod 371 returned. Robot 11 idle.   [idle robots = 1/30, released tasks = 46]
2026-07-12 14:30:19 DEBUG:    EVENT NUM 1230  current_time = 00:12:05   START_TASK            [queue size = 31]
2026-07-12 14:30:19 DEBUG: Task 143 started: robot 11 → pod 389 → workstation 6 for orders {98} (arrival = 760.2 s).   [idle robots = 0/30]
2026-07-12 14:30:19 DEBUG:    EVENT NUM 1231  current_time = 00:12:10   ARRIVAL_ORDER         [queue size = 31]
2026-07-12 14:30:19 DEBUG: Order 245 arrived: items_required = [6883].     [orders_in_system = 183]
2026-07-12 14:30:19 DEBUG:    EVENT NUM 1232  current_time = 00:12:10   ARRIVAL_POD_WST       [queue size = 31]
2026-07-12 14:30:19 DEBUG: Pod 550 arrived at workstation 5 - status = BUSY
2026-07-12 14:30:19 DEBUG: Pod queued at workstation.    [picking_buffer = {128: 730.0609184957399}]
2026-07-12 14:30:19 DEBUG:    EVENT NUM 1233  current_time = 00:12:12   ARRIVAL_POD_WST       [queue size = 30]
2026-07-12 14:30:19 DEBUG: Pod 31 arrived at workstation 5 - status = BUSY
2026-07-12 14:30:19 DEBUG: Pod queued at workstation.    [picking_buffer = {128: 730.0609184957399, 125: 732.0279184985294}]
2026-07-12 14:30:19 DEBUG:    EVENT NUM 1234  current_time = 00:12:14   RETURN_POD            [queue size = 29]
2026-07-12 14:30:19 DEBUG: Pod 151 returned. Robot 1 idle.   [idle robots = 1/30, released tasks = 45]
2026-07-12 14:30:19 DEBUG:    EVENT NUM 1235  current_time = 00:12:14   START_TASK            [queue size = 29]
2026-07-12 14:30:19 DEBUG: Task 144 started: robot 1 → pod 12 → workstation 6 for orders {5} (arrival = 835.7 s).   [idle robots = 0/30]
2026-07-12 14:30:19 DEBUG:    EVENT NUM 1236  current_time = 00:12:15   ARRIVAL_ORDER         [queue size = 29]
2026-07-12 14:30:19 DEBUG: Order 246 arrived: items_required = [2346, 5530, 1295].     [orders_in_system = 184]
2026-07-12 14:30:19 DEBUG:    EVENT NUM 1237  current_time = 00:12:15   END_PICKING           [queue size = 29]
2026-07-12 14:30:19 DEBUG: Ended picking at workstation 5.    [picking_buffer len = {128: 730.0609184957399, 125: 732.0279184985294}]
2026-07-12 14:30:19 DEBUG: Task should have served orders {81}, found open orders {39, 73, 81, 91}.
2026-07-12 14:30:19 DEBUG: Task 129 heading to workstation 5.
2026-07-12 14:30:19 DEBUG:    EVENT NUM 1238  current_time = 00:12:15   ARRIVAL_POD_WST       [queue size = 30]
2026-07-12 14:30:19 DEBUG: Pod 424 arrived at workstation 5 - status = IDLE
2026-07-12 14:30:19 DEBUG: Pod queued at workstation.    [picking_buffer = {128: 730.0609184957399, 125: 732.0279184985294, 129: 735.5043467773254}]
2026-07-12 14:30:19 DEBUG:    EVENT NUM 1239  current_time = 00:12:15   START_PICKING         [queue size = 30]
2026-07-12 14:30:19 DEBUG: Processing task 128 at workstation 5: picking items {5009} for orders {81}
2026-07-12 14:30:19 DEBUG:    EVENT NUM 1240  current_time = 00:12:15   START_PICKING         [queue size = 30]
2026-07-12 14:30:19 DEBUG:    EVENT NUM 1241  current_time = 00:12:16   ARRIVAL_POD_WST       [queue size = 29]
2026-07-12 14:30:19 DEBUG: Pod 442 arrived at workstation 6 - status = IDLE
2026-07-12 14:30:19 DEBUG: Pod queued at workstation.    [picking_buffer = {138: 736.0651748869275}]
2026-07-12 14:30:19 DEBUG:    EVENT NUM 1242  current_time = 00:12:16   START_PICKING         [queue size = 29]
2026-07-12 14:30:19 DEBUG: Processing task 138 at workstation 6: picking items {2953} for orders {94}
2026-07-12 14:30:19 DEBUG:    EVENT NUM 1243  current_time = 00:12:19   RETURN_POD            [queue size = 29]
2026-07-12 14:30:19 DEBUG: Pod 364 returned. Robot 0 idle.   [idle robots = 1/30, released tasks = 44]
2026-07-12 14:30:19 DEBUG:    EVENT NUM 1244  current_time = 00:12:19   START_TASK            [queue size = 29]
2026-07-12 14:30:19 DEBUG: Task 145 blocked: no orders in {6: [86]} is open yet.  [released tasks = 43]
2026-07-12 14:30:19 DEBUG: Task 147 blocked: no orders in {6: [86]} is open yet.  [released tasks = 42]
2026-07-12 14:30:19 DEBUG: Task 148 blocked: no orders in {6: [16]} is open yet.  [released tasks = 41]
2026-07-12 14:30:19 DEBUG: Task 149 blocked: no orders in {6: [16]} is open yet.  [released tasks = 40]
2026-07-12 14:30:19 DEBUG: Task 150 started: robot 0 → pod 320 → workstation 7 for orders {0} (arrival = 813.9 s).   [idle robots = 0/30]
2026-07-12 14:30:19 DEBUG:    EVENT NUM 1245  current_time = 00:12:20   ARRIVAL_ORDER         [queue size = 29]
2026-07-12 14:30:19 DEBUG: Order 247 arrived: items_required = [7308].     [orders_in_system = 185]
2026-07-12 14:30:19 DEBUG:    EVENT NUM 1246  current_time = 00:12:23   ARRIVAL_POD_WST       [queue size = 29]
2026-07-12 14:30:19 DEBUG: Pod 128 arrived at workstation 5 - status = BUSY
2026-07-12 14:30:19 DEBUG: Pod queued at workstation.    [picking_buffer = {125: 732.0279184985294, 129: 735.5043467773254, 126: 743.4501891545644}]
2026-07-12 14:30:19 DEBUG:    EVENT NUM 1247  current_time = 00:12:25   ARRIVAL_ORDER         [queue size = 28]
2026-07-12 14:30:19 DEBUG: Order 248 arrived: items_required = [4992, 5369].     [orders_in_system = 186]
2026-07-12 14:30:19 DEBUG:    EVENT NUM 1248  current_time = 00:12:25   END_PICKING           [queue size = 28]
2026-07-12 14:30:19 DEBUG: Ended picking at workstation 5.    [picking_buffer len = {125: 732.0279184985294, 129: 735.5043467773254, 126: 743.4501891545644}]
2026-07-12 14:30:19 DEBUG: Task should have served orders {81}, found open orders {39, 73, 81, 91}.
2026-07-12 14:30:19 DEBUG: Task 128 completed: pod 550 returning to storage.
2026-07-12 14:30:19 DEBUG:    EVENT NUM 1249  current_time = 00:12:25   START_PICKING         [queue size = 29]
2026-07-12 14:30:19 DEBUG: Processing task 125 at workstation 5: picking items {5932} for orders {39}
2026-07-12 14:30:19 DEBUG:    EVENT NUM 1250  current_time = 00:12:26   END_PICKING           [queue size = 29]
2026-07-12 14:30:19 DEBUG: Ended picking at workstation 6.    [picking_buffer len = {}]
2026-07-12 14:30:19 DEBUG: Task should have served orders {94}, found open orders {98, 83, 94, 59}.
2026-07-12 14:30:19 DEBUG: Task 138 completed: pod 442 returning to storage.
2026-07-12 14:30:19 DEBUG:    EVENT NUM 1251  current_time = 00:12:26   RETURN_POD            [queue size = 29]
2026-07-12 14:30:19 DEBUG: Pod 325 returned. Robot 14 idle.   [idle robots = 1/30, released tasks = 43]
2026-07-12 14:30:19 DEBUG:    EVENT NUM 1252  current_time = 00:12:26   START_TASK            [queue size = 29]
2026-07-12 14:30:19 DEBUG: Task 145 blocked: no orders in {6: [86]} is open yet.  [released tasks = 42]
2026-07-12 14:30:19 DEBUG: Task 147 blocked: no orders in {6: [86]} is open yet.  [released tasks = 41]
2026-07-12 14:30:19 DEBUG: Task 148 blocked: no orders in {6: [16]} is open yet.  [released tasks = 40]
2026-07-12 14:30:19 DEBUG: Task 149 blocked: no orders in {6: [16]} is open yet.  [released tasks = 39]
2026-07-12 14:30:19 DEBUG: Task 151 started: robot 14 → pod 241 → workstation 7 for orders {34} (arrival = 806.5 s).   [idle robots = 0/30]
2026-07-12 14:30:19 DEBUG:    EVENT NUM 1253  current_time = 00:12:28   RETURN_POD            [queue size = 29]
2026-07-12 14:30:19 DEBUG: Pod 394 returned. Robot 16 idle.   [idle robots = 1/30, released tasks = 42]
2026-07-12 14:30:19 DEBUG:    EVENT NUM 1254  current_time = 00:12:28   START_TASK            [queue size = 29]
2026-07-12 14:30:19 DEBUG: Task 145 blocked: no orders in {6: [86]} is open yet.  [released tasks = 41]
2026-07-12 14:30:19 DEBUG: Task 147 blocked: no orders in {6: [86]} is open yet.  [released tasks = 40]
2026-07-12 14:30:19 DEBUG: Task 148 blocked: no orders in {6: [16]} is open yet.  [released tasks = 39]
2026-07-12 14:30:19 DEBUG: Task 149 blocked: no orders in {6: [16]} is open yet.  [released tasks = 38]
2026-07-12 14:30:19 DEBUG: Task 152 started: robot 16 → pod 171 → workstation 7 for orders {50} (arrival = 845.0 s).   [idle robots = 0/30]
2026-07-12 14:30:19 DEBUG:    EVENT NUM 1255  current_time = 00:12:30   ARRIVAL_ORDER         [queue size = 29]
2026-07-12 14:30:19 DEBUG: Order 249 arrived: items_required = [4759].     [orders_in_system = 187]
2026-07-12 14:30:19 DEBUG:    EVENT NUM 1256  current_time = 00:12:31   RETURN_POD            [queue size = 29]
2026-07-12 14:30:19 DEBUG: Pod 572 returned. Robot 21 idle.   [idle robots = 1/30, released tasks = 41]
2026-07-12 14:30:19 DEBUG:    EVENT NUM 1257  current_time = 00:12:31   START_TASK            [queue size = 29]
2026-07-12 14:30:19 DEBUG: Task 145 blocked: no orders in {6: [86]} is open yet.  [released tasks = 40]
2026-07-12 14:30:19 DEBUG: Task 147 blocked: no orders in {6: [86]} is open yet.  [released tasks = 39]
2026-07-12 14:30:19 DEBUG: Task 148 blocked: no orders in {6: [16]} is open yet.  [released tasks = 38]
2026-07-12 14:30:19 DEBUG: Task 149 blocked: no orders in {6: [16]} is open yet.  [released tasks = 37]
2026-07-12 14:30:19 DEBUG: Task 153 started: robot 21 → pod 592 → workstation 7 for orders {47} (arrival = 770.1 s).   [idle robots = 0/30]
2026-07-12 14:30:19 DEBUG:    EVENT NUM 1258  current_time = 00:12:34   ARRIVAL_POD_WST       [queue size = 29]
2026-07-12 14:30:19 DEBUG: Pod 496 arrived at workstation 5 - status = BUSY
2026-07-12 14:30:19 DEBUG: Pod queued at workstation.    [picking_buffer = {129: 735.5043467773254, 126: 743.4501891545644, 137: 754.0099338550839}]
2026-07-12 14:30:19 DEBUG:    EVENT NUM 1259  current_time = 00:12:35   ARRIVAL_ORDER         [queue size = 28]
2026-07-12 14:30:19 DEBUG: Order 250 arrived: items_required = [3113].     [orders_in_system = 188]
2026-07-12 14:30:19 DEBUG:    EVENT NUM 1260  current_time = 00:12:35   END_PICKING           [queue size = 28]
2026-07-12 14:30:19 DEBUG: Ended picking at workstation 5.    [picking_buffer len = {129: 735.5043467773254, 126: 743.4501891545644, 137: 754.0099338550839}]
2026-07-12 14:30:19 DEBUG: Task should have served orders {39}, found open orders {39, 73, 81, 91}.
2026-07-12 14:30:19 DEBUG: Task 125 heading to workstation 5.
2026-07-12 14:30:19 DEBUG:    EVENT NUM 1261  current_time = 00:12:35   ARRIVAL_POD_WST       [queue size = 29]
2026-07-12 14:30:19 DEBUG: Pod 31 arrived at workstation 5 - status = IDLE
2026-07-12 14:30:19 DEBUG: Pod queued at workstation.    [picking_buffer = {129: 735.5043467773254, 126: 743.4501891545644, 137: 754.0099338550839, 125: 755.5043467773254}]
2026-07-12 14:30:19 DEBUG:    EVENT NUM 1262  current_time = 00:12:35   START_PICKING         [queue size = 29]
2026-07-12 14:30:19 DEBUG: Processing task 129 at workstation 5: picking items {6171} for orders {91}
2026-07-12 14:30:19 DEBUG:    EVENT NUM 1263  current_time = 00:12:35   START_PICKING         [queue size = 29]
2026-07-12 14:30:19 DEBUG:    EVENT NUM 1264  current_time = 00:12:35   RETURN_POD            [queue size = 28]
2026-07-12 14:30:19 DEBUG: Pod 414 returned. Robot 25 idle.   [idle robots = 1/30, released tasks = 40]
2026-07-12 14:30:19 DEBUG:    EVENT NUM 1265  current_time = 00:12:35   START_TASK            [queue size = 28]
2026-07-12 14:30:19 DEBUG: Task 145 blocked: no orders in {6: [86]} is open yet.  [released tasks = 39]
2026-07-12 14:30:19 DEBUG: Task 147 blocked: no orders in {6: [86]} is open yet.  [released tasks = 38]
2026-07-12 14:30:19 DEBUG: Task 148 blocked: no orders in {6: [16]} is open yet.  [released tasks = 37]
2026-07-12 14:30:19 DEBUG: Task 149 blocked: no orders in {6: [16]} is open yet.  [released tasks = 36]
2026-07-12 14:30:19 DEBUG: Task 154 started: robot 25 → pod 144 → workstation 7 for orders {9} (arrival = 842.6 s).   [idle robots = 0/30]
2026-07-12 14:30:19 DEBUG:    EVENT NUM 1266  current_time = 00:12:39   RETURN_POD            [queue size = 28]
2026-07-12 14:30:19 DEBUG: Pod 150 returned. Robot 19 idle.   [idle robots = 1/30, released tasks = 39]
2026-07-12 14:30:19 DEBUG:    EVENT NUM 1267  current_time = 00:12:39   START_TASK            [queue size = 28]
2026-07-12 14:30:19 DEBUG: Task 145 blocked: no orders in {6: [86]} is open yet.  [released tasks = 38]
2026-07-12 14:30:19 DEBUG: Task 147 blocked: no orders in {6: [86]} is open yet.  [released tasks = 37]
2026-07-12 14:30:19 DEBUG: Task 148 blocked: no orders in {6: [16]} is open yet.  [released tasks = 36]
2026-07-12 14:30:19 DEBUG: Task 149 blocked: no orders in {6: [16]} is open yet.  [released tasks = 35]
2026-07-12 14:30:19 DEBUG: Task 155 blocked: no orders in {6: [57]} is open yet.  [released tasks = 34]
2026-07-12 14:30:19 DEBUG: Task 156 blocked: no orders in {6: [57]} is open yet.  [released tasks = 33]
2026-07-12 14:30:19 DEBUG: Task 157 started: robot 19 → pod 527 → workstation 7 for orders {0} (arrival = 865.6 s).   [idle robots = 0/30]
2026-07-12 14:30:19 DEBUG:    EVENT NUM 1268  current_time = 00:12:40   ARRIVAL_ORDER         [queue size = 28]
2026-07-12 14:30:19 DEBUG: Order 251 arrived: items_required = [1171, 5847].     [orders_in_system = 189]
2026-07-12 14:30:19 DEBUG:    EVENT NUM 1269  current_time = 00:12:40   ARRIVAL_POD_WST       [queue size = 28]
2026-07-12 14:30:19 DEBUG: Pod 389 arrived at workstation 6 - status = IDLE
2026-07-12 14:30:19 DEBUG: Pod queued at workstation.    [picking_buffer = {143: 760.1603005325089}]
2026-07-12 14:30:19 DEBUG:    EVENT NUM 1270  current_time = 00:12:40   START_PICKING         [queue size = 28]
2026-07-12 14:30:19 DEBUG: Processing task 143 at workstation 6: picking items {1885} for orders {98}
2026-07-12 14:30:19 DEBUG:    EVENT NUM 1271  current_time = 00:12:40   ARRIVAL_POD_WST       [queue size = 28]
2026-07-12 14:30:19 DEBUG: Pod 524 arrived at workstation 6 - status = BUSY
2026-07-12 14:30:19 DEBUG: Pod queued at workstation.    [picking_buffer = {135: 760.7850732731579}]
2026-07-12 14:30:19 DEBUG:    EVENT NUM 1272  current_time = 00:12:41   ARRIVAL_POD_WST       [queue size = 27]
2026-07-12 14:30:19 DEBUG: Pod 369 arrived at workstation 6 - status = BUSY
2026-07-12 14:30:19 DEBUG: Pod queued at workstation.    [picking_buffer = {135: 760.7850732731579, 140: 761.4978889216044}]
2026-07-12 14:30:19 DEBUG:    EVENT NUM 1273  current_time = 00:12:42   RETURN_POD            [queue size = 26]
2026-07-12 14:30:19 DEBUG: Pod 11 returned. Robot 29 idle.   [idle robots = 1/30, released tasks = 38]
2026-07-12 14:30:19 DEBUG:    EVENT NUM 1274  current_time = 00:12:42   START_TASK            [queue size = 26]
2026-07-12 14:30:19 DEBUG: Task 145 blocked: no orders in {6: [86]} is open yet.  [released tasks = 37]
2026-07-12 14:30:19 DEBUG: Task 147 blocked: no orders in {6: [86]} is open yet.  [released tasks = 36]
2026-07-12 14:30:19 DEBUG: Task 148 blocked: no orders in {6: [16]} is open yet.  [released tasks = 35]
2026-07-12 14:30:19 DEBUG: Task 149 blocked: no orders in {6: [16]} is open yet.  [released tasks = 34]
2026-07-12 14:30:19 DEBUG: Task 155 blocked: no orders in {6: [57]} is open yet.  [released tasks = 33]
2026-07-12 14:30:19 DEBUG: Task 158 started: robot 29 → pod 279 → workstation 7 for orders {0} (arrival = 878.9 s).   [idle robots = 0/30]
2026-07-12 14:30:19 DEBUG:    EVENT NUM 1275  current_time = 00:12:45   ARRIVAL_ORDER         [queue size = 26]
2026-07-12 14:30:19 DEBUG: Order 252 arrived: items_required = [3083].     [orders_in_system = 190]
2026-07-12 14:30:19 DEBUG:    EVENT NUM 1276  current_time = 00:12:45   END_PICKING           [queue size = 26]
2026-07-12 14:30:19 DEBUG: Ended picking at workstation 5.    [picking_buffer len = {126: 743.4501891545644, 137: 754.0099338550839, 125: 755.5043467773254}]
2026-07-12 14:30:19 DEBUG: Task should have served orders {91}, found open orders {39, 73, 81, 91}.
2026-07-12 14:30:19 DEBUG: Task 129 heading to workstation 5.
2026-07-12 14:30:19 DEBUG:    EVENT NUM 1277  current_time = 00:12:45   CLOSE_ORDER           [queue size = 28]
2026-07-12 14:30:19 DEBUG: Order 91 closed at workstation 5: flow_time = 765.5 s.     [order_buffer = 1] [open_orders = 3/4]
2026-07-12 14:30:19 DEBUG: Next order in buffer: 37
2026-07-12 14:30:19 DEBUG:    EVENT NUM 1278  current_time = 00:12:45   ARRIVAL_POD_WST       [queue size = 28]
2026-07-12 14:30:19 DEBUG: Pod 424 arrived at workstation 5 - status = IDLE
2026-07-12 14:30:19 DEBUG: Pod queued at workstation.    [picking_buffer = {126: 743.4501891545644, 137: 754.0099338550839, 125: 755.5043467773254, 129: 765.5043467773254}]
2026-07-12 14:30:19 DEBUG:    EVENT NUM 1279  current_time = 00:12:45   START_PICKING         [queue size = 28]
2026-07-12 14:30:19 DEBUG: Processing task 126 at workstation 5: picking items {6410} for orders {39}
2026-07-12 14:30:19 DEBUG:    EVENT NUM 1280  current_time = 00:12:45   OPEN_ORDER            [queue size = 28]
2026-07-12 14:30:19 DEBUG: Order 37 (skus required = {3633, 4239}) opened at workstation 5.   [open_orders = 4/4]
2026-07-12 14:30:19 DEBUG:    EVENT NUM 1281  current_time = 00:12:45   START_PICKING         [queue size = 28]
2026-07-12 14:30:19 DEBUG:    EVENT NUM 1282  current_time = 00:12:45   START_TASK            [queue size = 27]
2026-07-12 14:30:19 DEBUG: Task 145 blocked: no orders in {6: [86]} is open yet.  [released tasks = 36]
2026-07-12 14:30:19 DEBUG: Task 147 blocked: no orders in {6: [86]} is open yet.  [released tasks = 35]
2026-07-12 14:30:19 DEBUG: Task 148 blocked: no orders in {6: [16]} is open yet.  [released tasks = 34]
2026-07-12 14:30:19 DEBUG: Task 149 blocked: no orders in {6: [16]} is open yet.  [released tasks = 33]
2026-07-12 14:30:19 DEBUG: Task 155 blocked: no orders in {6: [57]} is open yet.  [released tasks = 32]
2026-07-12 14:30:19 DEBUG: Task 159 blocked: no idle robots.
2026-07-12 14:30:19 DEBUG:    EVENT NUM 1283  current_time = 00:12:47   RETURN_POD            [queue size = 26]
2026-07-12 14:30:19 DEBUG: Pod 104 returned. Robot 10 idle.   [idle robots = 1/30, released tasks = 37]
2026-07-12 14:30:19 DEBUG:    EVENT NUM 1284  current_time = 00:12:47   START_TASK            [queue size = 26]
2026-07-12 14:30:19 DEBUG: Task 145 blocked: no orders in {6: [86]} is open yet.  [released tasks = 36]
2026-07-12 14:30:19 DEBUG: Task 147 blocked: no orders in {6: [86]} is open yet.  [released tasks = 35]
2026-07-12 14:30:19 DEBUG: Task 148 blocked: no orders in {6: [16]} is open yet.  [released tasks = 34]
2026-07-12 14:30:19 DEBUG: Task 149 blocked: no orders in {6: [16]} is open yet.  [released tasks = 33]
2026-07-12 14:30:19 DEBUG: Task 155 blocked: no orders in {6: [57]} is open yet.  [released tasks = 32]
2026-07-12 14:30:19 DEBUG: Task 159 started: robot 10 → pod 512 → workstation 7 for orders {0} (arrival = 803.9 s).   [idle robots = 0/30]
2026-07-12 14:30:19 DEBUG:    EVENT NUM 1285  current_time = 00:12:48   RETURN_POD            [queue size = 26]
2026-07-12 14:30:19 DEBUG: Pod 367 returned. Robot 8 idle.   [idle robots = 1/30, released tasks = 36]
2026-07-12 14:30:19 DEBUG:    EVENT NUM 1286  current_time = 00:12:48   START_TASK            [queue size = 26]
2026-07-12 14:30:19 DEBUG: Task 145 blocked: no orders in {6: [86]} is open yet.  [released tasks = 35]
2026-07-12 14:30:19 DEBUG: Task 147 blocked: no orders in {6: [86]} is open yet.  [released tasks = 34]
2026-07-12 14:30:19 DEBUG: Task 148 blocked: no orders in {6: [16]} is open yet.  [released tasks = 33]
2026-07-12 14:30:19 DEBUG: Task 149 blocked: no orders in {6: [16]} is open yet.  [released tasks = 32]
2026-07-12 14:30:19 DEBUG: Task 155 blocked: no orders in {6: [57]} is open yet.  [released tasks = 31]
2026-07-12 14:30:19 DEBUG: Task 160 blocked: no orders in {7: [12]} is open yet.  [released tasks = 30]
2026-07-12 14:30:19 DEBUG: Task 161 started: robot 8 → pod 19 → workstation 3 for orders {48} (arrival = 896.9 s).   [idle robots = 0/30]
2026-07-12 14:30:19 DEBUG:    EVENT NUM 1287  current_time = 00:12:49   ARRIVAL_POD_WST       [queue size = 26]
2026-07-12 14:30:19 DEBUG: Pod 220 arrived at workstation 5 - status = BUSY
2026-07-12 14:30:19 DEBUG: Pod queued at workstation.    [picking_buffer = {137: 754.0099338550839, 125: 755.5043467773254, 129: 765.5043467773254, 134: 769.2767298703089}]
2026-07-12 14:30:19 DEBUG:    EVENT NUM 1288  current_time = 00:12:50   ARRIVAL_ORDER         [queue size = 25]
2026-07-12 14:30:19 DEBUG: Order 253 arrived: items_required = [4287].     [orders_in_system = 190]
2026-07-12 14:30:19 DEBUG:    EVENT NUM 1289  current_time = 00:12:50   ARRIVAL_POD_WST       [queue size = 25]
2026-07-12 14:30:19 DEBUG: Pod 592 arrived at workstation 7 - status = IDLE
2026-07-12 14:30:19 DEBUG: Pod queued at workstation.    [picking_buffer = {153: 770.1276776536159}]
2026-07-12 14:30:19 DEBUG:    EVENT NUM 1290  current_time = 00:12:50   START_PICKING         [queue size = 25]
2026-07-12 14:30:19 DEBUG: Processing task 153 at workstation 7: picking items {655} for orders {47}
2026-07-12 14:30:19 DEBUG:    EVENT NUM 1291  current_time = 00:12:50   END_PICKING           [queue size = 25]
2026-07-12 14:30:19 DEBUG: Ended picking at workstation 6.    [picking_buffer len = {135: 760.7850732731579, 140: 761.4978889216044}]
2026-07-12 14:30:19 DEBUG: Task should have served orders {98}, found open orders {98, 83, 94, 59}.
2026-07-12 14:30:19 DEBUG: Task 143 completed: pod 389 returning to storage.
2026-07-12 14:30:19 DEBUG:    EVENT NUM 1292  current_time = 00:12:50   START_PICKING         [queue size = 26]
2026-07-12 14:30:19 DEBUG: Processing task 135 at workstation 6: picking items {3307} for orders {59}
2026-07-12 14:30:19 DEBUG:    EVENT NUM 1293  current_time = 00:12:55   ARRIVAL_ORDER         [queue size = 26]
2026-07-12 14:30:19 DEBUG: Order 254 arrived: items_required = [2252, 2695, 6376].     [orders_in_system = 191]
2026-07-12 14:30:19 DEBUG:    EVENT NUM 1294  current_time = 00:12:55   END_PICKING           [queue size = 26]
2026-07-12 14:30:19 DEBUG: Ended picking at workstation 5.    [picking_buffer len = {137: 754.0099338550839, 125: 755.5043467773254, 129: 765.5043467773254, 134: 769.2767298703089}]
2026-07-12 14:30:19 DEBUG: Task should have served orders {39}, found open orders {37, 39, 73, 81}.
2026-07-12 14:30:19 DEBUG: Task 126 completed: pod 128 returning to storage.
2026-07-12 14:30:19 DEBUG:    EVENT NUM 1295  current_time = 00:12:55   START_PICKING         [queue size = 27]
2026-07-12 14:30:19 DEBUG: Processing task 137 at workstation 5: picking items {4239} for orders {37}
2026-07-12 14:30:19 DEBUG:    EVENT NUM 1296  current_time = 00:12:59   RETURN_POD            [queue size = 27]
2026-07-12 14:30:19 DEBUG: Pod 501 returned. Robot 5 idle.   [idle robots = 1/30, released tasks = 35]
2026-07-12 14:30:19 DEBUG:    EVENT NUM 1297  current_time = 00:12:59   START_TASK            [queue size = 27]
2026-07-12 14:30:19 DEBUG: Task 145 blocked: no orders in {6: [86]} is open yet.  [released tasks = 34]
2026-07-12 14:30:19 DEBUG: Task 147 blocked: no orders in {6: [86]} is open yet.  [released tasks = 33]
2026-07-12 14:30:19 DEBUG: Task 148 blocked: no orders in {6: [16]} is open yet.  [released tasks = 32]
2026-07-12 14:30:19 DEBUG: Task 149 blocked: no orders in {6: [16]} is open yet.  [released tasks = 31]
2026-07-12 14:30:19 DEBUG: Task 155 blocked: no orders in {6: [57]} is open yet.  [released tasks = 30]
2026-07-12 14:30:19 DEBUG: Task 160 blocked: no orders in {7: [12]} is open yet.  [released tasks = 29]
2026-07-12 14:30:19 DEBUG: Task 162 blocked: no orders in {7: [18]} is open yet.  [released tasks = 28]
2026-07-12 14:30:19 DEBUG: Task 163 blocked: no orders in {6: [57]} is open yet.  [released tasks = 27]
2026-07-12 14:30:19 DEBUG: Task 164 started: robot 5 → pod 480 → workstation 3 for orders {48} (arrival = 841.8 s).   [idle robots = 0/30]
2026-07-12 14:30:19 DEBUG:    EVENT NUM 1298  current_time = 00:13:00   ARRIVAL_ORDER         [queue size = 27]
2026-07-12 14:30:19 DEBUG: Order 255 arrived: items_required = [3957].     [orders_in_system = 192]
2026-07-12 14:30:19 DEBUG:    EVENT NUM 1299  current_time = 00:13:00   END_PICKING           [queue size = 27]
2026-07-12 14:30:19 DEBUG: Ended picking at workstation 7.    [picking_buffer len = {}]
2026-07-12 14:30:19 DEBUG: Task should have served orders {47}, found open orders {0, 34, 9, 47}.
2026-07-12 14:30:19 DEBUG: Task 153 completed: pod 592 returning to storage.
2026-07-12 14:30:19 DEBUG:    EVENT NUM 1300  current_time = 00:13:00   END_PICKING           [queue size = 27]
2026-07-12 14:30:19 DEBUG: Ended picking at workstation 6.    [picking_buffer len = {140: 761.4978889216044}]
2026-07-12 14:30:19 DEBUG: Task should have served orders {59}, found open orders {98, 83, 94, 59}.
2026-07-12 14:30:19 DEBUG: Task 135 completed: pod 524 returning to storage.
2026-07-12 14:30:19 DEBUG:    EVENT NUM 1301  current_time = 00:13:00   CLOSE_ORDER           [queue size = 29]
2026-07-12 14:30:19 DEBUG: Order 59 closed at workstation 6: flow_time = 780.2 s.     [order_buffer = 4] [open_orders = 3/4]
2026-07-12 14:30:19 DEBUG: Next order in buffer: 5
2026-07-12 14:30:19 DEBUG:    EVENT NUM 1302  current_time = 00:13:00   START_PICKING         [queue size = 29]
2026-07-12 14:30:19 DEBUG: Processing task 140 at workstation 6: picking items {5075} for orders {94}
2026-07-12 14:30:19 DEBUG:    EVENT NUM 1303  current_time = 00:13:00   OPEN_ORDER            [queue size = 29]
2026-07-12 14:30:19 DEBUG: Order 5 (skus required = {6149}) opened at workstation 6.   [open_orders = 4/4]
2026-07-12 14:30:19 DEBUG:    EVENT NUM 1304  current_time = 00:13:00   START_TASK            [queue size = 29]
2026-07-12 14:30:19 DEBUG: Task 145 blocked: no idle robots.
2026-07-12 14:30:19 DEBUG:    EVENT NUM 1305  current_time = 00:13:02   ARRIVAL_POD_WST       [queue size = 28]
2026-07-12 14:30:19 DEBUG: Pod 99 arrived at workstation 6 - status = BUSY
2026-07-12 14:30:19 DEBUG: Pod queued at workstation.    [picking_buffer = {130: 782.082823991969}]
2026-07-12 14:30:19 DEBUG:    EVENT NUM 1306  current_time = 00:13:02   RETURN_POD            [queue size = 27]
2026-07-12 14:30:19 DEBUG: Pod 176 returned. Robot 3 idle.   [idle robots = 1/30, released tasks = 34]
2026-07-12 14:30:19 DEBUG:    EVENT NUM 1307  current_time = 00:13:02   START_TASK            [queue size = 27]
2026-07-12 14:30:19 DEBUG: Task 145 started: robot 3 → pod 259 → workstation 6 for orders {86} (arrival = 864.7 s).   [idle robots = 0/30]
2026-07-12 14:30:19 DEBUG:    EVENT NUM 1308  current_time = 00:13:02   RETURN_POD            [queue size = 27]
2026-07-12 14:30:19 DEBUG: Pod 391 returned. Robot 26 idle.   [idle robots = 1/30, released tasks = 33]
2026-07-12 14:30:19 DEBUG:    EVENT NUM 1309  current_time = 00:13:02   START_TASK            [queue size = 27]
2026-07-12 14:30:19 DEBUG: Task 147 started: robot 26 → pod 378 → workstation 6 for orders {86} (arrival = 893.5 s).   [idle robots = 0/30]
2026-07-12 14:30:19 DEBUG:    EVENT NUM 1310  current_time = 00:13:05   ARRIVAL_ORDER         [queue size = 27]
2026-07-12 14:30:19 DEBUG: Order 256 arrived: items_required = [7825].     [orders_in_system = 192]
2026-07-12 14:30:19 DEBUG:    EVENT NUM 1311  current_time = 00:13:05   END_PICKING           [queue size = 27]
2026-07-12 14:30:19 DEBUG: Ended picking at workstation 5.    [picking_buffer len = {125: 755.5043467773254, 129: 765.5043467773254, 134: 769.2767298703089}]
2026-07-12 14:30:19 DEBUG: Task should have served orders {37}, found open orders {37, 39, 73, 81}.
2026-07-12 14:30:19 DEBUG: Task 137 completed: pod 496 returning to storage.
2026-07-12 14:30:19 DEBUG:    EVENT NUM 1312  current_time = 00:13:05   START_PICKING         [queue size = 28]
2026-07-12 14:30:19 DEBUG: Processing task 125 at workstation 5: picking items {3677} for orders {81}
2026-07-12 14:30:19 DEBUG:    EVENT NUM 1313  current_time = 00:13:05   RETURN_POD            [queue size = 28]
2026-07-12 14:30:19 DEBUG: Pod 24 returned. Robot 23 idle.   [idle robots = 1/30, released tasks = 32]
2026-07-12 14:30:19 DEBUG:    EVENT NUM 1314  current_time = 00:13:05   START_TASK            [queue size = 28]
2026-07-12 14:30:19 DEBUG: Task 148 blocked: no orders in {6: [16]} is open yet.  [released tasks = 31]
2026-07-12 14:30:19 DEBUG: Task 149 blocked: no orders in {6: [16]} is open yet.  [released tasks = 30]
2026-07-12 14:30:19 DEBUG: Task 155 blocked: no orders in {6: [57]} is open yet.  [released tasks = 29]
2026-07-12 14:30:19 DEBUG: Task 160 blocked: no orders in {7: [12]} is open yet.  [released tasks = 28]
2026-07-12 14:30:19 DEBUG: Task 162 blocked: no orders in {7: [18]} is open yet.  [released tasks = 27]
2026-07-12 14:30:19 DEBUG: Task 165 started: robot 23 → pod 368 → workstation 7 for orders {47} (arrival = 842.7 s).   [idle robots = 0/30]
2026-07-12 14:30:19 DEBUG:    EVENT NUM 1315  current_time = 00:13:07   ARRIVAL_POD_WST       [queue size = 28]
2026-07-12 14:30:19 DEBUG: Pod 333 arrived at workstation 6 - status = BUSY
2026-07-12 14:30:19 DEBUG: Pod queued at workstation.    [picking_buffer = {130: 782.082823991969, 141: 787.4533992592886}]
2026-07-12 14:30:19 DEBUG:    EVENT NUM 1316  current_time = 00:13:10   ARRIVAL_ORDER         [queue size = 27]
2026-07-12 14:30:19 DEBUG: Order 257 arrived: items_required = [3531].     [orders_in_system = 193]
2026-07-12 14:30:19 DEBUG:    EVENT NUM 1317  current_time = 00:13:10   END_PICKING           [queue size = 27]
2026-07-12 14:30:19 DEBUG: Ended picking at workstation 6.    [picking_buffer len = {130: 782.082823991969, 141: 787.4533992592886}]
2026-07-12 14:30:19 DEBUG: Task should have served orders {94}, found open orders {98, 5, 83, 94}.
2026-07-12 14:30:19 DEBUG: Task 140 completed: pod 369 returning to storage.
2026-07-12 14:30:19 DEBUG:    EVENT NUM 1318  current_time = 00:13:10   START_PICKING         [queue size = 28]
2026-07-12 14:30:19 DEBUG: Processing task 130 at workstation 6: picking items {6324} for orders {83}
2026-07-12 14:30:19 DEBUG:    EVENT NUM 1319  current_time = 00:13:10   RETURN_POD            [queue size = 28]
2026-07-12 14:30:19 DEBUG: Pod 442 returned. Robot 20 idle.   [idle robots = 1/30, released tasks = 31]
2026-07-12 14:30:19 DEBUG:    EVENT NUM 1320  current_time = 00:13:10   START_TASK            [queue size = 28]
2026-07-12 14:30:19 DEBUG: Task 148 blocked: no orders in {6: [16]} is open yet.  [released tasks = 30]
2026-07-12 14:30:19 DEBUG: Task 149 blocked: no orders in {6: [16]} is open yet.  [released tasks = 29]
2026-07-12 14:30:19 DEBUG: Task 155 blocked: no orders in {6: [57]} is open yet.  [released tasks = 28]
2026-07-12 14:30:19 DEBUG: Task 160 blocked: no orders in {7: [12]} is open yet.  [released tasks = 27]
2026-07-12 14:30:19 DEBUG: Task 162 blocked: no orders in {7: [18]} is open yet.  [released tasks = 26]
2026-07-12 14:30:19 DEBUG: Task 166 blocked: no orders in {6: [57]} is open yet.  [released tasks = 25]
2026-07-12 14:30:19 DEBUG: Task 167 blocked: no orders in {6: [57]} is open yet.  [released tasks = 24]
2026-07-12 14:30:19 DEBUG: Task 168 started: robot 20 → pod 102 → workstation 3 for orders {43} (arrival = 911.1 s).   [idle robots = 0/30]
2026-07-12 14:30:19 DEBUG:    EVENT NUM 1321  current_time = 00:13:11   RETURN_POD            [queue size = 28]
2026-07-12 14:30:19 DEBUG: Pod 445 returned. Robot 9 idle.   [idle robots = 1/30, released tasks = 30]
2026-07-12 14:30:19 DEBUG:    EVENT NUM 1322  current_time = 00:13:11   START_TASK            [queue size = 28]
2026-07-12 14:30:19 DEBUG: Task 148 blocked: no orders in {6: [16]} is open yet.  [released tasks = 29]
2026-07-12 14:30:19 DEBUG: Task 149 blocked: no orders in {6: [16]} is open yet.  [released tasks = 28]
2026-07-12 14:30:19 DEBUG: Task 155 blocked: no orders in {6: [57]} is open yet.  [released tasks = 27]
2026-07-12 14:30:19 DEBUG: Task 160 blocked: no orders in {7: [12]} is open yet.  [released tasks = 26]
2026-07-12 14:30:19 DEBUG: Task 162 blocked: no orders in {7: [18]} is open yet.  [released tasks = 25]
2026-07-12 14:30:19 DEBUG: Task 166 blocked: no orders in {6: [57]} is open yet.  [released tasks = 24]
2026-07-12 14:30:19 DEBUG: Task 167 blocked: no orders in {6: [57]} is open yet.  [released tasks = 23]
2026-07-12 14:30:19 DEBUG: Task 169 blocked: no orders in {7: [26]} is open yet.  [released tasks = 22]
2026-07-12 14:30:19 DEBUG: Task 170 started: robot 9 → pod 517 → workstation 7 for orders {47} (arrival = 818.5 s).   [idle robots = 0/30]
2026-07-12 14:30:19 DEBUG:    EVENT NUM 1323  current_time = 00:13:15   ARRIVAL_ORDER         [queue size = 28]
2026-07-12 14:30:19 DEBUG: Order 258 arrived: items_required = [3944].     [orders_in_system = 194]
2026-07-12 14:30:19 DEBUG:    EVENT NUM 1324  current_time = 00:13:15   RETURN_POD            [queue size = 28]
2026-07-12 14:30:19 DEBUG: Pod 275 returned. Robot 4 idle.   [idle robots = 1/30, released tasks = 29]
2026-07-12 14:30:19 DEBUG:    EVENT NUM 1325  current_time = 00:13:15   START_TASK            [queue size = 28]
2026-07-12 14:30:19 DEBUG: Task 148 blocked: no orders in {6: [16]} is open yet.  [released tasks = 28]
2026-07-12 14:30:19 DEBUG: Task 149 blocked: no orders in {6: [16]} is open yet.  [released tasks = 27]
2026-07-12 14:30:19 DEBUG: Task 155 blocked: no orders in {6: [57]} is open yet.  [released tasks = 26]
2026-07-12 14:30:19 DEBUG: Task 160 blocked: no orders in {7: [12]} is open yet.  [released tasks = 25]
2026-07-12 14:30:19 DEBUG: Task 162 blocked: no orders in {7: [18]} is open yet.  [released tasks = 24]
2026-07-12 14:30:19 DEBUG: Task 166 blocked: no orders in {6: [57]} is open yet.  [released tasks = 23]
2026-07-12 14:30:19 DEBUG: Task 167 blocked: no orders in {6: [57]} is open yet.  [released tasks = 22]
2026-07-12 14:30:19 DEBUG: Task 169 blocked: no orders in {7: [26]} is open yet.  [released tasks = 21]
2026-07-12 14:30:19 DEBUG: Task 171 blocked: no orders in {7: [66]} is open yet.  [released tasks = 20]
2026-07-12 14:30:19 DEBUG: Task 172 started: robot 4 → pod 565 → workstation 7 for orders {47} (arrival = 810.3 s).   [idle robots = 0/30]
2026-07-12 14:30:19 DEBUG:    EVENT NUM 1326  current_time = 00:13:15   END_PICKING           [queue size = 28]
2026-07-12 14:30:19 DEBUG: Ended picking at workstation 5.    [picking_buffer len = {129: 765.5043467773254, 134: 769.2767298703089}]
2026-07-12 14:30:19 DEBUG: Task should have served orders {81}, found open orders {37, 39, 73, 81}.
2026-07-12 14:30:19 DEBUG: Task 125 completed: pod 31 returning to storage.
2026-07-12 14:30:19 DEBUG:    EVENT NUM 1327  current_time = 00:13:15   CLOSE_ORDER           [queue size = 30]
2026-07-12 14:30:19 DEBUG: Order 81 closed at workstation 5: flow_time = 795.5 s.     [order_buffer = 0] [open_orders = 3/4]
2026-07-12 14:30:19 DEBUG:    EVENT NUM 1328  current_time = 00:13:15   START_PICKING         [queue size = 29]
2026-07-12 14:30:19 DEBUG: Processing task 129 at workstation 5: picking items {4363} for orders {73}
2026-07-12 14:30:19 DEBUG:    EVENT NUM 1329  current_time = 00:13:18   RETURN_POD            [queue size = 29]
2026-07-12 14:30:19 DEBUG: Pod 592 returned. Robot 21 idle.   [idle robots = 1/30, released tasks = 28]
2026-07-12 14:30:19 DEBUG:    EVENT NUM 1330  current_time = 00:13:18   START_TASK            [queue size = 29]
2026-07-12 14:30:19 DEBUG: Task 148 blocked: no orders in {6: [16]} is open yet.  [released tasks = 27]
2026-07-12 14:30:19 DEBUG: Task 149 blocked: no orders in {6: [16]} is open yet.  [released tasks = 26]
2026-07-12 14:30:19 DEBUG: Task 155 blocked: no orders in {6: [57]} is open yet.  [released tasks = 25]
2026-07-12 14:30:19 DEBUG: Task 160 blocked: no orders in {7: [12]} is open yet.  [released tasks = 24]
2026-07-12 14:30:19 DEBUG: Task 162 blocked: no orders in {7: [18]} is open yet.  [released tasks = 23]
2026-07-12 14:30:19 DEBUG: Task 166 blocked: no orders in {6: [57]} is open yet.  [released tasks = 22]
2026-07-12 14:30:19 DEBUG: Task 167 blocked: no orders in {6: [57]} is open yet.  [released tasks = 21]
2026-07-12 14:30:19 DEBUG: Task 169 blocked: no orders in {7: [26]} is open yet.  [released tasks = 20]
2026-07-12 14:30:19 DEBUG: Task 171 blocked: no orders in {7: [66]} is open yet.  [released tasks = 19]
2026-07-12 14:30:19 DEBUG: Task 173 started: robot 21 → pod 182 → workstation 3 for orders {43} (arrival = 888.6 s).   [idle robots = 0/30]
2026-07-12 14:30:19 DEBUG:    EVENT NUM 1331  current_time = 00:13:20   ARRIVAL_ORDER         [queue size = 29]
2026-07-12 14:30:19 DEBUG: Order 259 arrived: items_required = [7669, 5849].     [orders_in_system = 194]
2026-07-12 14:30:19 DEBUG:    EVENT NUM 1332  current_time = 00:13:20   END_PICKING           [queue size = 29]
2026-07-12 14:30:19 DEBUG: Ended picking at workstation 6.    [picking_buffer len = {141: 787.4533992592886}]
2026-07-12 14:30:19 DEBUG: Task should have served orders {83}, found open orders {98, 5, 83, 94}.
2026-07-12 14:30:19 DEBUG: Task 130 completed: pod 99 returning to storage.
2026-07-12 14:30:19 DEBUG:    EVENT NUM 1333  current_time = 00:13:20   CLOSE_ORDER           [queue size = 31]
2026-07-12 14:30:19 DEBUG: Order 83 closed at workstation 6: flow_time = 800.2 s.     [order_buffer = 3] [open_orders = 3/4]
2026-07-12 14:30:19 DEBUG: Next order in buffer: 86
2026-07-12 14:30:19 DEBUG:    EVENT NUM 1334  current_time = 00:13:20   START_PICKING         [queue size = 31]
2026-07-12 14:30:19 DEBUG: Processing task 141 at workstation 6: picking items {6877} for orders {94}
2026-07-12 14:30:19 DEBUG:    EVENT NUM 1335  current_time = 00:13:20   OPEN_ORDER            [queue size = 31]
2026-07-12 14:30:19 DEBUG: Order 86 (skus required = {4573, 6067, 6149, 6143}) opened at workstation 6.   [open_orders = 4/4]
2026-07-12 14:30:19 DEBUG:    EVENT NUM 1336  current_time = 00:13:20   START_TASK            [queue size = 31]
2026-07-12 14:30:19 DEBUG: Task 148 blocked: no idle robots.
2026-07-12 14:30:19 DEBUG:    EVENT NUM 1337  current_time = 00:13:23   RETURN_POD            [queue size = 30]
2026-07-12 14:30:19 DEBUG: Pod 389 returned. Robot 11 idle.   [idle robots = 1/30, released tasks = 27]
2026-07-12 14:30:19 DEBUG:    EVENT NUM 1338  current_time = 00:13:23   START_TASK            [queue size = 30]
2026-07-12 14:30:19 DEBUG: Task 148 started: robot 11 → pod 590 → workstation 6 for orders {16} (arrival = 816.4 s).   [idle robots = 0/30]
2026-07-12 14:30:19 DEBUG:    EVENT NUM 1339  current_time = 00:13:23   ARRIVAL_POD_WST       [queue size = 30]
2026-07-12 14:30:19 DEBUG: Pod 512 arrived at workstation 7 - status = IDLE
2026-07-12 14:30:19 DEBUG: Pod queued at workstation.    [picking_buffer = {159: 803.8798932300809}]
2026-07-12 14:30:19 DEBUG:    EVENT NUM 1340  current_time = 00:13:23   START_PICKING         [queue size = 30]
2026-07-12 14:30:19 DEBUG: Processing task 159 at workstation 7: picking items {2784} for orders {0}
2026-07-12 14:30:19 DEBUG:    EVENT NUM 1341  current_time = 00:13:25   ARRIVAL_ORDER         [queue size = 30]
2026-07-12 14:30:19 DEBUG: Order 260 arrived: items_required = [947, 1618, 3670, 6468].     [orders_in_system = 194]
2026-07-12 14:30:19 DEBUG:    EVENT NUM 1342  current_time = 00:13:25   END_PICKING           [queue size = 30]
2026-07-12 14:30:19 DEBUG: Ended picking at workstation 5.    [picking_buffer len = {134: 769.2767298703089}]
2026-07-12 14:30:19 DEBUG: Task should have served orders {73}, found open orders {37, 39, 73}.
2026-07-12 14:30:19 DEBUG: Task 129 completed: pod 424 returning to storage.
2026-07-12 14:30:19 DEBUG:    EVENT NUM 1343  current_time = 00:13:25   START_PICKING         [queue size = 31]
2026-07-12 14:30:19 DEBUG: Processing task 134 at workstation 5: picking items {5640} for orders {73}
2026-07-12 14:30:19 DEBUG:    EVENT NUM 1344  current_time = 00:13:26   ARRIVAL_POD_WST       [queue size = 31]
2026-07-12 14:30:19 DEBUG: Pod 241 arrived at workstation 7 - status = BUSY
2026-07-12 14:30:19 DEBUG: Pod queued at workstation.    [picking_buffer = {151: 806.5064187645622}]
2026-07-12 14:30:19 DEBUG:    EVENT NUM 1345  current_time = 00:13:30   ARRIVAL_ORDER         [queue size = 30]
2026-07-12 14:30:19 DEBUG: Order 261 arrived: items_required = [2916, 2526].     [orders_in_system = 195]
2026-07-12 14:30:19 DEBUG:    EVENT NUM 1346  current_time = 00:13:30   END_PICKING           [queue size = 30]
2026-07-12 14:30:19 DEBUG: Ended picking at workstation 6.    [picking_buffer len = {}]
2026-07-12 14:30:19 DEBUG: Task should have served orders {94}, found open orders {98, 5, 86, 94}.
2026-07-12 14:30:19 DEBUG: Task 141 completed: pod 333 returning to storage.
2026-07-12 14:30:19 DEBUG:    EVENT NUM 1347  current_time = 00:13:30   CLOSE_ORDER           [queue size = 31]
2026-07-12 14:30:19 DEBUG: Order 94 closed at workstation 6: flow_time = 810.2 s.     [order_buffer = 2] [open_orders = 3/4]
2026-07-12 14:30:19 DEBUG: Next order in buffer: 16
2026-07-12 14:30:19 DEBUG:    EVENT NUM 1348  current_time = 00:13:30   OPEN_ORDER            [queue size = 31]
2026-07-12 14:30:19 DEBUG: Order 16 (skus required = {6617, 3468}) opened at workstation 6.   [open_orders = 4/4]
2026-07-12 14:30:19 DEBUG:    EVENT NUM 1349  current_time = 00:13:30   START_TASK            [queue size = 31]
2026-07-12 14:30:19 DEBUG: Task 149 blocked: no idle robots.
2026-07-12 14:30:19 DEBUG:    EVENT NUM 1350  current_time = 00:13:30   ARRIVAL_POD_WST       [queue size = 30]
2026-07-12 14:30:19 DEBUG: Pod 565 arrived at workstation 7 - status = BUSY
2026-07-12 14:30:19 DEBUG: Pod queued at workstation.    [picking_buffer = {151: 806.5064187645622, 172: 810.3236574527497}]
2026-07-12 14:30:19 DEBUG:    EVENT NUM 1351  current_time = 00:13:33   END_PICKING           [queue size = 29]
2026-07-12 14:30:19 DEBUG: Ended picking at workstation 7.    [picking_buffer len = {151: 806.5064187645622, 172: 810.3236574527497}]
2026-07-12 14:30:19 DEBUG: Task should have served orders {0}, found open orders {0, 34, 9, 47}.
2026-07-12 14:30:19 DEBUG: Task 159 completed: pod 512 returning to storage.
2026-07-12 14:30:19 DEBUG:    EVENT NUM 1352  current_time = 00:13:33   START_PICKING         [queue size = 30]
2026-07-12 14:30:19 DEBUG: Processing task 151 at workstation 7: picking items {5426} for orders {34}
2026-07-12 14:30:19 DEBUG:    EVENT NUM 1353  current_time = 00:13:33   ARRIVAL_POD_WST       [queue size = 30]
2026-07-12 14:30:19 DEBUG: Pod 320 arrived at workstation 7 - status = BUSY
2026-07-12 14:30:19 DEBUG: Pod queued at workstation.    [picking_buffer = {172: 810.3236574527497, 150: 813.9120888276972}]
2026-07-12 14:30:19 DEBUG:    EVENT NUM 1354  current_time = 00:13:35   ARRIVAL_ORDER         [queue size = 29]
2026-07-12 14:30:19 DEBUG: Order 262 arrived: items_required = [3863, 3909, 5324].     [orders_in_system = 195]
2026-07-12 14:30:19 DEBUG:    EVENT NUM 1355  current_time = 00:13:35   END_PICKING           [queue size = 29]
2026-07-12 14:30:19 DEBUG: Ended picking at workstation 5.    [picking_buffer len = {}]
2026-07-12 14:30:19 DEBUG: Task should have served orders {73}, found open orders {37, 39, 73}.
2026-07-12 14:30:19 DEBUG: Task 134 completed: pod 220 returning to storage.
2026-07-12 14:30:19 DEBUG:    EVENT NUM 1356  current_time = 00:13:35   CLOSE_ORDER           [queue size = 30]
2026-07-12 14:30:19 DEBUG: Order 73 closed at workstation 5: flow_time = 815.5 s.     [order_buffer = 0] [open_orders = 2/4]
2026-07-12 14:30:19 DEBUG:    EVENT NUM 1357  current_time = 00:13:36   ARRIVAL_POD_WST       [queue size = 29]
2026-07-12 14:30:19 DEBUG: Pod 590 arrived at workstation 6 - status = IDLE
2026-07-12 14:30:19 DEBUG: Pod queued at workstation.    [picking_buffer = {148: 816.40449693105}]
2026-07-12 14:30:19 DEBUG:    EVENT NUM 1358  current_time = 00:13:36   START_PICKING         [queue size = 29]
2026-07-12 14:30:19 DEBUG: Processing task 148 at workstation 6: picking items {3468} for orders {16}
2026-07-12 14:30:19 DEBUG:    EVENT NUM 1359  current_time = 00:13:38   ARRIVAL_POD_WST       [queue size = 29]
2026-07-12 14:30:19 DEBUG: Pod 517 arrived at workstation 7 - status = BUSY
2026-07-12 14:30:19 DEBUG: Pod queued at workstation.    [picking_buffer = {172: 810.3236574527497, 150: 813.9120888276972, 170: 818.4949596313475}]
2026-07-12 14:30:19 DEBUG:    EVENT NUM 1360  current_time = 00:13:40   ARRIVAL_ORDER         [queue size = 28]
2026-07-12 14:30:19 DEBUG: Order 263 arrived: items_required = [3828, 2587, 3490].     [orders_in_system = 195]
2026-07-12 14:30:19 DEBUG:    EVENT NUM 1361  current_time = 00:13:43   RETURN_POD            [queue size = 28]
2026-07-12 14:30:19 DEBUG: Pod 124 returned. Robot 13 idle.   [idle robots = 1/30, released tasks = 26]
2026-07-12 14:30:19 DEBUG:    EVENT NUM 1362  current_time = 00:13:43   START_TASK            [queue size = 28]
2026-07-12 14:30:19 DEBUG: Task 149 started: robot 13 → pod 218 → workstation 6 for orders {16} (arrival = 906.3 s).   [idle robots = 0/30]
2026-07-12 14:30:19 DEBUG:    EVENT NUM 1363  current_time = 00:13:43   END_PICKING           [queue size = 28]
2026-07-12 14:30:19 DEBUG: Ended picking at workstation 7.    [picking_buffer len = {172: 810.3236574527497, 150: 813.9120888276972, 170: 818.4949596313475}]
2026-07-12 14:30:19 DEBUG: Task should have served orders {34}, found open orders {0, 34, 9, 47}.
2026-07-12 14:30:19 DEBUG: Task 151 completed: pod 241 returning to storage.
2026-07-12 14:30:19 DEBUG:    EVENT NUM 1364  current_time = 00:13:43   CLOSE_ORDER           [queue size = 30]
2026-07-12 14:30:19 DEBUG: Order 34 closed at workstation 7: flow_time = 823.9 s.     [order_buffer = 5] [open_orders = 3/4]
2026-07-12 14:30:19 DEBUG: Next order in buffer: 50
2026-07-12 14:30:19 DEBUG:    EVENT NUM 1365  current_time = 00:13:43   START_PICKING         [queue size = 30]
2026-07-12 14:30:19 DEBUG: Processing task 172 at workstation 7: picking items {5817} for orders {47}
2026-07-12 14:30:19 DEBUG:    EVENT NUM 1366  current_time = 00:13:43   OPEN_ORDER            [queue size = 30]
2026-07-12 14:30:19 DEBUG: Order 50 (skus required = {3544}) opened at workstation 7.   [open_orders = 4/4]
2026-07-12 14:30:19 DEBUG:    EVENT NUM 1367  current_time = 00:13:43   START_TASK            [queue size = 30]
2026-07-12 14:30:19 DEBUG: Task 155 blocked: no idle robots.
2026-07-12 14:30:19 DEBUG:    EVENT NUM 1368  current_time = 00:13:45   ARRIVAL_ORDER         [queue size = 29]
2026-07-12 14:30:19 DEBUG: Order 264 arrived: items_required = [4898, 5172, 3332].     [orders_in_system = 195]
2026-07-12 14:30:19 DEBUG:    EVENT NUM 1369  current_time = 00:13:46   END_PICKING           [queue size = 29]
2026-07-12 14:30:19 DEBUG: Ended picking at workstation 6.    [picking_buffer len = {}]
2026-07-12 14:30:19 DEBUG: Task should have served orders {16}, found open orders {98, 5, 16, 86}.
2026-07-12 14:30:19 DEBUG: Task 148 completed: pod 590 returning to storage.
2026-07-12 14:30:19 DEBUG:    EVENT NUM 1370  current_time = 00:13:50   ARRIVAL_ORDER         [queue size = 29]
2026-07-12 14:30:19 DEBUG: Order 265 arrived: items_required = [211, 6556].     [orders_in_system = 196]
2026-07-12 14:30:19 DEBUG:    EVENT NUM 1371  current_time = 00:13:51   ARRIVAL_POD_WST       [queue size = 29]
2026-07-12 14:30:19 DEBUG: Pod 147 arrived at workstation 6 - status = IDLE
2026-07-12 14:30:19 DEBUG: Pod queued at workstation.    [picking_buffer = {142: 831.5863631247776}]
2026-07-12 14:30:19 DEBUG:    EVENT NUM 1372  current_time = 00:13:51   START_PICKING         [queue size = 29]
2026-07-12 14:30:19 DEBUG: Processing task 142 at workstation 6: picking items {1780} for orders {98}
2026-07-12 14:30:19 DEBUG:    EVENT NUM 1373  current_time = 00:13:53   END_PICKING           [queue size = 29]
2026-07-12 14:30:19 DEBUG: Ended picking at workstation 7.    [picking_buffer len = {150: 813.9120888276972, 170: 818.4949596313475}]
2026-07-12 14:30:19 DEBUG: Task should have served orders {47}, found open orders {0, 9, 47, 50}.
2026-07-12 14:30:19 DEBUG: Task 172 completed: pod 565 returning to storage.
2026-07-12 14:30:19 DEBUG:    EVENT NUM 1374  current_time = 00:13:53   START_PICKING         [queue size = 30]
2026-07-12 14:30:19 DEBUG: Processing task 150 at workstation 7: picking items {5971} for orders {0}
2026-07-12 14:30:19 DEBUG:    EVENT NUM 1375  current_time = 00:13:55   ARRIVAL_ORDER         [queue size = 30]
2026-07-12 14:30:19 DEBUG: Order 266 arrived: items_required = [4549].     [orders_in_system = 197]
2026-07-12 14:30:19 DEBUG:    EVENT NUM 1376  current_time = 00:13:55   RETURN_POD            [queue size = 30]
2026-07-12 14:30:19 DEBUG: Pod 550 returned. Robot 24 idle.   [idle robots = 1/30, released tasks = 25]
2026-07-12 14:30:19 DEBUG:    EVENT NUM 1377  current_time = 00:13:55   START_TASK            [queue size = 30]
2026-07-12 14:30:19 DEBUG: Task 155 started: robot 24 → pod 556 → workstation 6 for orders {57} (arrival = 904.9 s).   [idle robots = 0/30]
2026-07-12 14:30:19 DEBUG:    EVENT NUM 1378  current_time = 00:13:55   ARRIVAL_POD_WST       [queue size = 30]
2026-07-12 14:30:19 DEBUG: Pod 12 arrived at workstation 6 - status = BUSY
2026-07-12 14:30:19 DEBUG: Pod queued at workstation.    [picking_buffer = {144: 835.7464971507342}]
2026-07-12 14:30:19 DEBUG:    EVENT NUM 1379  current_time = 00:14:00   ARRIVAL_ORDER         [queue size = 29]
2026-07-12 14:30:19 DEBUG: Order 267 arrived: items_required = [3733].     [orders_in_system = 198]
2026-07-12 14:30:19 DEBUG:    EVENT NUM 1380  current_time = 00:14:00   RETURN_POD            [queue size = 29]
2026-07-12 14:30:19 DEBUG: Pod 590 returned. Robot 11 idle.   [idle robots = 1/30, released tasks = 24]
2026-07-12 14:30:19 DEBUG:    EVENT NUM 1381  current_time = 00:14:00   START_TASK            [queue size = 29]
2026-07-12 14:30:19 DEBUG: Task 160 started: robot 11 → pod 141 → workstation 7 for orders {12} (arrival = 911.7 s).   [idle robots = 0/30]
2026-07-12 14:30:19 DEBUG:    EVENT NUM 1382  current_time = 00:14:01   END_PICKING           [queue size = 29]
2026-07-12 14:30:19 DEBUG: Ended picking at workstation 6.    [picking_buffer len = {144: 835.7464971507342}]
2026-07-12 14:30:19 DEBUG: Task should have served orders {98}, found open orders {98, 5, 16, 86}.
2026-07-12 14:30:19 DEBUG: Task 142 completed: pod 147 returning to storage.
2026-07-12 14:30:19 DEBUG:    EVENT NUM 1383  current_time = 00:14:01   CLOSE_ORDER           [queue size = 31]
2026-07-12 14:30:19 DEBUG: Order 98 closed at workstation 6: flow_time = 841.6 s.     [order_buffer = 1] [open_orders = 3/4]
2026-07-12 14:30:19 DEBUG: Next order in buffer: 57
2026-07-12 14:30:19 DEBUG:    EVENT NUM 1384  current_time = 00:14:01   START_PICKING         [queue size = 31]
2026-07-12 14:30:19 DEBUG: Processing task 144 at workstation 6: picking items {6149} for orders {5}
2026-07-12 14:30:19 DEBUG:    EVENT NUM 1385  current_time = 00:14:01   OPEN_ORDER            [queue size = 31]
2026-07-12 14:30:19 DEBUG: Order 57 (skus required = {2861, 4593, 5203, 5652, 7582}) opened at workstation 6.   [open_orders = 4/4]
2026-07-12 14:30:19 DEBUG:    EVENT NUM 1386  current_time = 00:14:01   START_TASK            [queue size = 31]
2026-07-12 14:30:19 DEBUG: Task 162 blocked: no orders in {7: [18]} is open yet.  [released tasks = 22]
2026-07-12 14:30:19 DEBUG: Task 166 blocked: no idle robots.
2026-07-12 14:30:19 DEBUG:    EVENT NUM 1387  current_time = 00:14:01   ARRIVAL_POD_WST       [queue size = 30]
2026-07-12 14:30:19 DEBUG: Pod 480 arrived at workstation 3 - status = IDLE
2026-07-12 14:30:19 DEBUG: Pod queued at workstation.    [picking_buffer = {164: 841.7872497881899}]
2026-07-12 14:30:19 DEBUG:    EVENT NUM 1388  current_time = 00:14:01   START_PICKING         [queue size = 30]
2026-07-12 14:30:19 DEBUG: Processing task 164 at workstation 3: picking items {602} for orders {48}
2026-07-12 14:30:19 DEBUG:    EVENT NUM 1389  current_time = 00:14:02   ARRIVAL_POD_WST       [queue size = 30]
2026-07-12 14:30:19 DEBUG: Pod 144 arrived at workstation 7 - status = BUSY
2026-07-12 14:30:19 DEBUG: Pod queued at workstation.    [picking_buffer = {170: 818.4949596313475, 154: 842.6024662610566}]
2026-07-12 14:30:19 DEBUG:    EVENT NUM 1390  current_time = 00:14:02   ARRIVAL_POD_WST       [queue size = 29]
2026-07-12 14:30:19 DEBUG: Pod 368 arrived at workstation 7 - status = BUSY
2026-07-12 14:30:19 DEBUG: Pod queued at workstation.    [picking_buffer = {170: 818.4949596313475, 154: 842.6024662610566, 165: 842.7217216951735}]
2026-07-12 14:30:19 DEBUG:    EVENT NUM 1391  current_time = 00:14:03   END_PICKING           [queue size = 28]
2026-07-12 14:30:19 DEBUG: Ended picking at workstation 7.    [picking_buffer len = {170: 818.4949596313475, 154: 842.6024662610566, 165: 842.7217216951735}]
2026-07-12 14:30:19 DEBUG: Task should have served orders {0}, found open orders {0, 9, 47, 50}.
2026-07-12 14:30:19 DEBUG: Task 150 completed: pod 320 returning to storage.
2026-07-12 14:30:19 DEBUG:    EVENT NUM 1392  current_time = 00:14:03   START_PICKING         [queue size = 29]
2026-07-12 14:30:19 DEBUG: Processing task 170 at workstation 7: picking items {8105} for orders {47}
2026-07-12 14:30:19 DEBUG:    EVENT NUM 1393  current_time = 00:14:05   ARRIVAL_ORDER         [queue size = 29]
2026-07-12 14:30:19 DEBUG: Order 268 arrived: items_required = [2064, 7812, 2139, 4423].     [orders_in_system = 198]
2026-07-12 14:30:19 DEBUG:    EVENT NUM 1394  current_time = 00:14:05   ARRIVAL_POD_WST       [queue size = 29]
2026-07-12 14:30:19 DEBUG: Pod 171 arrived at workstation 7 - status = BUSY
2026-07-12 14:30:19 DEBUG: Pod queued at workstation.    [picking_buffer = {154: 842.6024662610566, 165: 842.7217216951735, 152: 845.0154833447008}]
2026-07-12 14:30:19 DEBUG:    EVENT NUM 1395  current_time = 00:14:09   RETURN_POD            [queue size = 28]
2026-07-12 14:30:19 DEBUG: Pod 565 returned. Robot 4 idle.   [idle robots = 1/30, released tasks = 23]
2026-07-12 14:30:19 DEBUG:    EVENT NUM 1396  current_time = 00:14:09   START_TASK            [queue size = 28]
2026-07-12 14:30:19 DEBUG: Task 162 blocked: no orders in {7: [18]} is open yet.  [released tasks = 22]
2026-07-12 14:30:19 DEBUG: Task 166 started: robot 4 → pod 443 → workstation 6 for orders {57} (arrival = 900.9 s).   [idle robots = 0/30]
2026-07-12 14:30:19 DEBUG:    EVENT NUM 1397  current_time = 00:14:10   ARRIVAL_ORDER         [queue size = 28]
2026-07-12 14:30:19 DEBUG: Order 269 arrived: items_required = [6110, 6008, 4550].     [orders_in_system = 199]
2026-07-12 14:30:19 DEBUG:    EVENT NUM 1398  current_time = 00:14:10   RETURN_POD            [queue size = 28]
2026-07-12 14:30:19 DEBUG: Pod 512 returned. Robot 10 idle.   [idle robots = 1/30, released tasks = 22]
2026-07-12 14:30:19 DEBUG:    EVENT NUM 1399  current_time = 00:14:10   START_TASK            [queue size = 28]
2026-07-12 14:30:19 DEBUG: Task 162 blocked: no orders in {7: [18]} is open yet.  [released tasks = 21]
2026-07-12 14:30:19 DEBUG: Task 167 started: robot 10 → pod 325 → workstation 6 for orders {57} (arrival = 981.3 s).   [idle robots = 0/30]
2026-07-12 14:30:19 DEBUG:    EVENT NUM 1400  current_time = 00:14:11   RETURN_POD            [queue size = 28]
2026-07-12 14:30:19 DEBUG: Pod 496 returned. Robot 18 idle.   [idle robots = 1/30, released tasks = 21]
2026-07-12 14:30:19 DEBUG:    EVENT NUM 1401  current_time = 00:14:11   START_TASK            [queue size = 28]
2026-07-12 14:30:19 DEBUG: Task 162 blocked: no orders in {7: [18]} is open yet.  [released tasks = 20]
2026-07-12 14:30:19 DEBUG: Task 169 blocked: no orders in {7: [26]} is open yet.  [released tasks = 19]
2026-07-12 14:30:19 DEBUG: Task 171 blocked: no orders in {7: [66]} is open yet.  [released tasks = 18]
2026-07-12 14:30:19 DEBUG: Task 174 started: robot 18 → pod 136 → workstation 3 for orders {43} (arrival = 922.9 s).   [idle robots = 0/30]
2026-07-12 14:30:19 DEBUG:    EVENT NUM 1402  current_time = 00:14:11   END_PICKING           [queue size = 28]
2026-07-12 14:30:19 DEBUG: Ended picking at workstation 6.    [picking_buffer len = {}]
2026-07-12 14:30:19 DEBUG: Task should have served orders {5}, found open orders {5, 16, 86, 57}.
2026-07-12 14:30:19 DEBUG: Task 144 heading to workstation 6.
2026-07-12 14:30:19 DEBUG:    EVENT NUM 1403  current_time = 00:14:11   CLOSE_ORDER           [queue size = 29]
2026-07-12 14:30:19 DEBUG: Order 5 closed at workstation 6: flow_time = 851.6 s.     [order_buffer = 0] [open_orders = 3/4]
2026-07-12 14:30:19 DEBUG:    EVENT NUM 1404  current_time = 00:14:11   ARRIVAL_POD_WST       [queue size = 28]
2026-07-12 14:30:19 DEBUG: Pod 12 arrived at workstation 6 - status = IDLE
2026-07-12 14:30:19 DEBUG: Pod queued at workstation.    [picking_buffer = {144: 851.5863631247776}]
2026-07-12 14:30:19 DEBUG:    EVENT NUM 1405  current_time = 00:14:11   START_PICKING         [queue size = 28]
2026-07-12 14:30:19 DEBUG: Processing task 144 at workstation 6: picking items {6149} for orders {86}
2026-07-12 14:30:19 DEBUG:    EVENT NUM 1406  current_time = 00:14:11   END_PICKING           [queue size = 28]
2026-07-12 14:30:19 DEBUG: Ended picking at workstation 3.    [picking_buffer len = {}]
2026-07-12 14:30:19 DEBUG: Task should have served orders {48}, found open orders {4, 69, 43, 48}.
2026-07-12 14:30:19 DEBUG: Task 164 completed: pod 480 returning to storage.
2026-07-12 14:30:19 DEBUG:    EVENT NUM 1407  current_time = 00:14:13   END_PICKING           [queue size = 28]
2026-07-12 14:30:19 DEBUG: Ended picking at workstation 7.    [picking_buffer len = {154: 842.6024662610566, 165: 842.7217216951735, 152: 845.0154833447008}]
2026-07-12 14:30:19 DEBUG: Task should have served orders {47}, found open orders {0, 9, 47, 50}.
2026-07-12 14:30:19 DEBUG: Task 170 completed: pod 517 returning to storage.
2026-07-12 14:30:19 DEBUG:    EVENT NUM 1408  current_time = 00:14:13   START_PICKING         [queue size = 29]
2026-07-12 14:30:19 DEBUG: Processing task 154 at workstation 7: picking items {1550} for orders {9}
2026-07-12 14:30:19 DEBUG:    EVENT NUM 1409  current_time = 00:14:15   ARRIVAL_ORDER         [queue size = 29]
2026-07-12 14:30:19 DEBUG: Order 270 arrived: items_required = [2290, 6909, 588].     [orders_in_system = 199]
2026-07-12 14:30:19 DEBUG:    EVENT NUM 1410  current_time = 00:14:17   RETURN_POD            [queue size = 29]
2026-07-12 14:30:19 DEBUG: Pod 524 returned. Robot 15 idle.   [idle robots = 1/30, released tasks = 20]
2026-07-12 14:30:19 DEBUG:    EVENT NUM 1411  current_time = 00:14:17   START_TASK            [queue size = 29]
2026-07-12 14:30:19 DEBUG: Task 162 blocked: no orders in {7: [18]} is open yet.  [released tasks = 19]
2026-07-12 14:30:19 DEBUG: Task 169 blocked: no orders in {7: [26]} is open yet.  [released tasks = 18]
2026-07-12 14:30:19 DEBUG: Task 171 blocked: no orders in {7: [66]} is open yet.  [released tasks = 17]
2026-07-12 14:30:19 DEBUG: Task 175 started: robot 15 → pod 493 → workstation 7 for orders {0} (arrival = 900.1 s).   [idle robots = 0/30]
2026-07-12 14:30:19 DEBUG:    EVENT NUM 1412  current_time = 00:14:17   RETURN_POD            [queue size = 29]
2026-07-12 14:30:19 DEBUG: Pod 369 returned. Robot 6 idle.   [idle robots = 1/30, released tasks = 19]
2026-07-12 14:30:19 DEBUG:    EVENT NUM 1413  current_time = 00:14:17   START_TASK            [queue size = 29]
2026-07-12 14:30:19 DEBUG: Task 162 blocked: no orders in {7: [18]} is open yet.  [released tasks = 18]
2026-07-12 14:30:19 DEBUG: Task 169 blocked: no orders in {7: [26]} is open yet.  [released tasks = 17]
2026-07-12 14:30:19 DEBUG: Task 171 blocked: no orders in {7: [66]} is open yet.  [released tasks = 16]
2026-07-12 14:30:19 DEBUG: Task 176 blocked: no orders in {7: [66]} is open yet.  [released tasks = 15]
2026-07-12 14:30:19 DEBUG: Task 31 started: robot 6 → pod 388 → workstation 0 for orders {53} (arrival = 918.1 s).   [idle robots = 0/30]
2026-07-12 14:30:19 DEBUG:    EVENT NUM 1414  current_time = 00:14:20   ARRIVAL_ORDER         [queue size = 29]
2026-07-12 14:30:19 DEBUG: Order 271 arrived: items_required = [3902, 2104].     [orders_in_system = 200]
2026-07-12 14:30:19 DEBUG:    EVENT NUM 1415  current_time = 00:14:21   END_PICKING           [queue size = 29]
2026-07-12 14:30:19 DEBUG: Ended picking at workstation 6.    [picking_buffer len = {}]
2026-07-12 14:30:19 DEBUG: Task should have served orders {86}, found open orders {16, 86, 57}.
2026-07-12 14:30:19 DEBUG: Task 144 completed: pod 12 returning to storage.
2026-07-12 14:30:19 DEBUG:    EVENT NUM 1416  current_time = 00:14:23   END_PICKING           [queue size = 29]
2026-07-12 14:30:19 DEBUG: Ended picking at workstation 7.    [picking_buffer len = {165: 842.7217216951735, 152: 845.0154833447008}]
2026-07-12 14:30:19 DEBUG: Task should have served orders {9}, found open orders {0, 9, 47, 50}.
2026-07-12 14:30:19 DEBUG: Task 154 completed: pod 144 returning to storage.
2026-07-12 14:30:19 DEBUG:    EVENT NUM 1417  current_time = 00:14:23   CLOSE_ORDER           [queue size = 31]
2026-07-12 14:30:19 DEBUG: Order 9 closed at workstation 7: flow_time = 863.9 s.     [order_buffer = 4] [open_orders = 3/4]
2026-07-12 14:30:19 DEBUG: Next order in buffer: 12
2026-07-12 14:30:19 DEBUG:    EVENT NUM 1418  current_time = 00:14:23   START_PICKING         [queue size = 31]
2026-07-12 14:30:19 DEBUG: Processing task 165 at workstation 7: picking items {2928} for orders {47}
2026-07-12 14:30:19 DEBUG:    EVENT NUM 1419  current_time = 00:14:23   OPEN_ORDER            [queue size = 31]
2026-07-12 14:30:19 DEBUG: Order 12 (skus required = {3331}) opened at workstation 7.   [open_orders = 4/4]
2026-07-12 14:30:19 DEBUG:    EVENT NUM 1420  current_time = 00:14:23   START_TASK            [queue size = 31]
2026-07-12 14:30:19 DEBUG: Task 162 blocked: no idle robots.
2026-07-12 14:30:19 DEBUG:    EVENT NUM 1421  current_time = 00:14:24   ARRIVAL_POD_WST       [queue size = 30]
2026-07-12 14:30:19 DEBUG: Pod 259 arrived at workstation 6 - status = IDLE
2026-07-12 14:30:19 DEBUG: Pod queued at workstation.    [picking_buffer = {145: 864.7334168214255}]
2026-07-12 14:30:19 DEBUG:    EVENT NUM 1422  current_time = 00:14:24   START_PICKING         [queue size = 30]
2026-07-12 14:30:19 DEBUG: Processing task 145 at workstation 6: picking items {4573} for orders {86}
2026-07-12 14:30:19 DEBUG:    EVENT NUM 1423  current_time = 00:14:25   ARRIVAL_ORDER         [queue size = 30]
2026-07-12 14:30:19 DEBUG: Order 272 arrived: items_required = [6122].     [orders_in_system = 200]
2026-07-12 14:30:19 DEBUG:    EVENT NUM 1424  current_time = 00:14:25   ARRIVAL_POD_WST       [queue size = 30]
2026-07-12 14:30:19 DEBUG: Pod 527 arrived at workstation 7 - status = BUSY
2026-07-12 14:30:19 DEBUG: Pod queued at workstation.    [picking_buffer = {152: 845.0154833447008, 157: 865.5588610531706}]
2026-07-12 14:30:19 DEBUG:    EVENT NUM 1425  current_time = 00:14:30   ARRIVAL_ORDER         [queue size = 29]
2026-07-12 14:30:19 DEBUG: Order 273 arrived: items_required = [2845].     [orders_in_system = 201]
2026-07-12 14:30:19 DEBUG:    EVENT NUM 1426  current_time = 00:14:33   END_PICKING           [queue size = 29]
2026-07-12 14:30:19 DEBUG: Ended picking at workstation 7.    [picking_buffer len = {152: 845.0154833447008, 157: 865.5588610531706}]
2026-07-12 14:30:19 DEBUG: Task should have served orders {47}, found open orders {0, 12, 47, 50}.
2026-07-12 14:30:19 DEBUG: Task 165 completed: pod 368 returning to storage.
2026-07-12 14:30:19 DEBUG:    EVENT NUM 1427  current_time = 00:14:33   CLOSE_ORDER           [queue size = 31]
2026-07-12 14:30:19 DEBUG: Order 47 closed at workstation 7: flow_time = 873.9 s.     [order_buffer = 3] [open_orders = 3/4]
2026-07-12 14:30:19 DEBUG: Next order in buffer: 18
2026-07-12 14:30:19 DEBUG:    EVENT NUM 1428  current_time = 00:14:33   START_PICKING         [queue size = 31]
2026-07-12 14:30:19 DEBUG: Processing task 152 at workstation 7: picking items {3544} for orders {50}
2026-07-12 14:30:19 DEBUG:    EVENT NUM 1429  current_time = 00:14:33   OPEN_ORDER            [queue size = 31]
2026-07-12 14:30:19 DEBUG: Order 18 (skus required = {1677}) opened at workstation 7.   [open_orders = 4/4]
2026-07-12 14:30:19 DEBUG:    EVENT NUM 1430  current_time = 00:14:33   START_TASK            [queue size = 31]
2026-07-12 14:30:19 DEBUG: Task 162 blocked: no idle robots.
2026-07-12 14:30:19 DEBUG:    EVENT NUM 1431  current_time = 00:14:34   END_PICKING           [queue size = 30]
2026-07-12 14:30:19 DEBUG: Ended picking at workstation 6.    [picking_buffer len = {}]
2026-07-12 14:30:19 DEBUG: Task should have served orders {86}, found open orders {16, 86, 57}.
2026-07-12 14:30:19 DEBUG: Task 145 completed: pod 259 returning to storage.
2026-07-12 14:30:19 DEBUG:    EVENT NUM 1432  current_time = 00:14:35   ARRIVAL_ORDER         [queue size = 30]
2026-07-12 14:30:19 DEBUG: Order 274 arrived: items_required = [6332, 3300].     [orders_in_system = 201]
2026-07-12 14:30:19 DEBUG:    EVENT NUM 1433  current_time = 00:14:38   ARRIVAL_POD_WST       [queue size = 30]
2026-07-12 14:30:19 DEBUG: Pod 279 arrived at workstation 7 - status = BUSY
2026-07-12 14:30:19 DEBUG: Pod queued at workstation.    [picking_buffer = {157: 865.5588610531706, 158: 878.8900830603465}]
2026-07-12 14:30:19 DEBUG:    EVENT NUM 1434  current_time = 00:14:40   ARRIVAL_ORDER         [queue size = 29]
2026-07-12 14:30:19 DEBUG: Order 275 arrived: items_required = [8202].     [orders_in_system = 202]
2026-07-12 14:30:19 DEBUG:    EVENT NUM 1435  current_time = 00:14:40   RETURN_POD            [queue size = 29]
2026-07-12 14:30:19 DEBUG: Pod 517 returned. Robot 9 idle.   [idle robots = 1/30, released tasks = 18]
2026-07-12 14:30:19 DEBUG:    EVENT NUM 1436  current_time = 00:14:40   START_TASK            [queue size = 29]
2026-07-12 14:30:19 DEBUG: Task 162 started: robot 9 → pod 148 → workstation 7 for orders {18} (arrival = 995.4 s).   [idle robots = 0/30]
2026-07-12 14:30:19 DEBUG:    EVENT NUM 1437  current_time = 00:14:43   END_PICKING           [queue size = 29]
2026-07-12 14:30:19 DEBUG: Ended picking at workstation 7.    [picking_buffer len = {157: 865.5588610531706, 158: 878.8900830603465}]
2026-07-12 14:30:19 DEBUG: Task should have served orders {50}, found open orders {0, 12, 50, 18}.
2026-07-12 14:30:19 DEBUG: Task 152 completed: pod 171 returning to storage.
2026-07-12 14:30:19 DEBUG:    EVENT NUM 1438  current_time = 00:14:43   CLOSE_ORDER           [queue size = 31]
2026-07-12 14:30:19 DEBUG: Order 50 closed at workstation 7: flow_time = 883.9 s.     [order_buffer = 2] [open_orders = 3/4]
2026-07-12 14:30:19 DEBUG: Next order in buffer: 66
2026-07-12 14:30:19 DEBUG:    EVENT NUM 1439  current_time = 00:14:43   START_PICKING         [queue size = 31]
2026-07-12 14:30:19 DEBUG: Processing task 157 at workstation 7: picking items {2792} for orders {0}
2026-07-12 14:30:19 DEBUG:    EVENT NUM 1440  current_time = 00:14:43   OPEN_ORDER            [queue size = 31]
2026-07-12 14:30:19 DEBUG: Order 66 (skus required = {8553, 8686}) opened at workstation 7.   [open_orders = 4/4]
2026-07-12 14:30:19 DEBUG:    EVENT NUM 1441  current_time = 00:14:43   START_TASK            [queue size = 31]
2026-07-12 14:30:19 DEBUG: Task 169 blocked: no idle robots.
2026-07-12 14:30:19 DEBUG:    EVENT NUM 1442  current_time = 00:14:44   RETURN_POD            [queue size = 30]
2026-07-12 14:30:19 DEBUG: Pod 241 returned. Robot 14 idle.   [idle robots = 1/30, released tasks = 17]
2026-07-12 14:30:19 DEBUG:    EVENT NUM 1443  current_time = 00:14:44   START_TASK            [queue size = 30]
2026-07-12 14:30:19 DEBUG: Task 169 started: robot 14 → pod 46 → workstation 7 for orders {26} (arrival = 1002.2 s).   [idle robots = 0/30]
2026-07-12 14:30:19 DEBUG:    EVENT NUM 1444  current_time = 00:14:45   ARRIVAL_ORDER         [queue size = 30]
2026-07-12 14:30:19 DEBUG: Order 276 arrived: items_required = [6279].     [orders_in_system = 202]
2026-07-12 14:30:19 DEBUG:    EVENT NUM 1445  current_time = 00:14:45   RETURN_POD            [queue size = 30]
2026-07-12 14:30:19 DEBUG: Pod 333 returned. Robot 12 idle.   [idle robots = 1/30, released tasks = 16]
2026-07-12 14:30:19 DEBUG:    EVENT NUM 1446  current_time = 00:14:45   START_TASK            [queue size = 30]
2026-07-12 14:30:19 DEBUG: Task 171 started: robot 12 → pod 248 → workstation 7 for orders {66} (arrival = 982.7 s).   [idle robots = 0/30]
2026-07-12 14:30:19 DEBUG:    EVENT NUM 1447  current_time = 00:14:48   ARRIVAL_POD_WST       [queue size = 30]
2026-07-12 14:30:19 DEBUG: Pod 182 arrived at workstation 3 - status = IDLE
2026-07-12 14:30:19 DEBUG: Pod queued at workstation.    [picking_buffer = {173: 888.5640684040995}]
2026-07-12 14:30:19 DEBUG:    EVENT NUM 1448  current_time = 00:14:48   START_PICKING         [queue size = 30]
2026-07-12 14:30:19 DEBUG: Processing task 173 at workstation 3: picking items {2000} for orders {43}
2026-07-12 14:30:19 DEBUG:    EVENT NUM 1449  current_time = 00:14:50   ARRIVAL_ORDER         [queue size = 30]
2026-07-12 14:30:19 DEBUG: Order 277 arrived: items_required = [2484, 4740].     [orders_in_system = 203]
2026-07-12 14:30:19 DEBUG:    EVENT NUM 1450  current_time = 00:14:53   ARRIVAL_POD_WST       [queue size = 30]
2026-07-12 14:30:19 DEBUG: Pod 378 arrived at workstation 6 - status = IDLE
2026-07-12 14:30:19 DEBUG: Pod queued at workstation.    [picking_buffer = {147: 893.4551918147833}]
2026-07-12 14:30:19 DEBUG:    EVENT NUM 1451  current_time = 00:14:53   START_PICKING         [queue size = 30]
2026-07-12 14:30:19 DEBUG: Processing task 147 at workstation 6: picking items {6143} for orders {86}
2026-07-12 14:30:19 DEBUG:    EVENT NUM 1452  current_time = 00:14:53   END_PICKING           [queue size = 30]
2026-07-12 14:30:19 DEBUG: Ended picking at workstation 7.    [picking_buffer len = {158: 878.8900830603465}]
2026-07-12 14:30:19 DEBUG: Task should have served orders {0}, found open orders {0, 66, 12, 18}.
2026-07-12 14:30:19 DEBUG: Task 157 completed: pod 527 returning to storage.
2026-07-12 14:30:19 DEBUG:    EVENT NUM 1453  current_time = 00:14:53   START_PICKING         [queue size = 31]
2026-07-12 14:30:19 DEBUG: Processing task 158 at workstation 7: picking items {2564} for orders {0}
2026-07-12 14:30:19 DEBUG:    EVENT NUM 1454  current_time = 00:14:55   ARRIVAL_ORDER         [queue size = 31]
2026-07-12 14:30:19 DEBUG: Order 278 arrived: items_required = [1721, 4117].     [orders_in_system = 204]
2026-07-12 14:30:19 DEBUG:    EVENT NUM 1455  current_time = 00:14:56   ARRIVAL_POD_WST       [queue size = 31]
2026-07-12 14:30:19 DEBUG: Pod 19 arrived at workstation 3 - status = BUSY
2026-07-12 14:30:19 DEBUG: Pod queued at workstation.    [picking_buffer = {161: 896.8927242300069}]
2026-07-12 14:30:19 DEBUG:    EVENT NUM 1456  current_time = 00:14:58   END_PICKING           [queue size = 30]
2026-07-12 14:30:19 DEBUG: Ended picking at workstation 3.    [picking_buffer len = {161: 896.8927242300069}]
2026-07-12 14:30:19 DEBUG: Task should have served orders {43}, found open orders {4, 69, 43, 48}.
2026-07-12 14:30:19 DEBUG: Task 173 completed: pod 182 returning to storage.
2026-07-12 14:30:19 DEBUG:    EVENT NUM 1457  current_time = 00:14:58   START_PICKING         [queue size = 31]
2026-07-12 14:30:19 DEBUG: Processing task 161 at workstation 3: picking items {4683} for orders {48}
2026-07-12 14:30:19 DEBUG:    EVENT NUM 1458  current_time = 00:15:00   ARRIVAL_ORDER         [queue size = 31]
2026-07-12 14:30:19 DEBUG: Order 279 arrived: items_required = [5293].     [orders_in_system = 205]
2026-07-12 14:30:19 DEBUG:    EVENT NUM 1459  current_time = 00:15:00   ARRIVAL_POD_WST       [queue size = 31]
2026-07-12 14:30:19 DEBUG: Pod 493 arrived at workstation 7 - status = BUSY
2026-07-12 14:30:19 DEBUG: Pod queued at workstation.    [picking_buffer = {175: 900.12894558367}]
2026-07-12 14:30:19 DEBUG:    EVENT NUM 1460  current_time = 00:15:00   ARRIVAL_POD_WST       [queue size = 30]
2026-07-12 14:30:19 DEBUG: Pod 443 arrived at workstation 6 - status = BUSY
2026-07-12 14:30:19 DEBUG: Pod queued at workstation.    [picking_buffer = {166: 900.9256738606721}]
2026-07-12 14:30:19 DEBUG:    EVENT NUM 1461  current_time = 00:15:01   RUN_OPTIMIZER         [queue size = 29]
2026-07-12 14:30:19 INFO: Solving stage 1 ... 
2026-07-12 14:30:19 INFO: [ls_stage1] Building initial solution ...
2026-07-12 14:30:20 INFO: [ls_stage1] Initial objective = 434.8700
2026-07-12 14:30:20 WARNING: 
Variables size:
  shape x = (390, 600)
  shape y = (8, 600)
  shape z = (199, 8)
  constraints_satisfied = 1872618

2026-07-12 14:30:24 INFO: [ls_stage1] Iter 1: IMPROVEMENT move=('swap', 100, 188) obj=432.4100
2026-07-12 14:30:28 INFO: [ls_stage1] Iter 2: IMPROVEMENT move=('swap', 11, 19) obj=429.8000
2026-07-12 14:30:32 INFO: [ls_stage1] Iter 3: IMPROVEMENT move=('swap', 109, 158) obj=427.3900
2026-07-12 14:30:36 INFO: [ls_stage1] Iter 4: IMPROVEMENT move=('swap', 48, 140) obj=424.7900
2026-07-12 14:30:40 INFO: [ls_stage1] Iter 5: IMPROVEMENT move=('swap', 16, 129) obj=422.5100
2026-07-12 14:30:44 INFO: [ls_stage1] Iter 6: IMPROVEMENT move=('swap', 49, 99) obj=421.0200
2026-07-12 14:30:48 INFO: [ls_stage1] Iter 7: IMPROVEMENT move=('swap', 111, 115) obj=419.5300
2026-07-12 14:30:52 INFO: [ls_stage1] Iter 8: IMPROVEMENT move=('swap', 18, 153) obj=416.8900
2026-07-12 14:30:56 INFO: [ls_stage1] Iter 9: IMPROVEMENT move=('swap', 42, 116) obj=415.4600
2026-07-12 14:31:00 INFO: [ls_stage1] Iter 10: IMPROVEMENT move=('swap', 74, 139) obj=413.2500
2026-07-12 14:31:04 INFO: [ls_stage1] Iter 11: IMPROVEMENT move=('swap', 35, 168) obj=410.5600
2026-07-12 14:31:08 INFO: [ls_stage1] Iter 12: IMPROVEMENT move=('swap', 58, 179) obj=409.1700
2026-07-12 14:31:12 INFO: [ls_stage1] Iter 13: IMPROVEMENT move=('swap', 57, 192) obj=407.6800
2026-07-12 14:31:17 INFO: [ls_stage1] Iter 14: IMPROVEMENT move=('moveto', 16, 7) obj=406.1800
2026-07-12 14:31:21 INFO: [ls_stage1] Iter 15: IMPROVEMENT move=('swap', 36, 198) obj=404.6900
2026-07-12 14:31:25 INFO: [ls_stage1] Iter 16: IMPROVEMENT move=('swap', 15, 55) obj=402.2700
2026-07-12 14:31:29 INFO: [ls_stage1] Iter 17: IMPROVEMENT move=('swap', 61, 64) obj=399.8800
2026-07-12 14:31:33 INFO: [ls_stage1] Iter 18: IMPROVEMENT move=('swap', 45, 77) obj=398.2700
2026-07-12 14:31:37 INFO: [ls_stage1] Iter 19: IMPROVEMENT move=('swap', 82, 180) obj=395.5800
2026-07-12 14:31:41 INFO: [ls_stage1] Iter 20: IMPROVEMENT move=('swap', 43, 103) obj=394.2100
2026-07-12 14:31:45 INFO: [ls_stage1] Iter 21: IMPROVEMENT move=('swap', 113, 191) obj=392.7600
2026-07-12 14:31:49 INFO: [ls_stage1] Iter 22: IMPROVEMENT move=('swap', 71, 141) obj=391.2000
2026-07-12 14:31:53 INFO: [ls_stage1] Iter 23: IMPROVEMENT move=('swap', 104, 176) obj=389.8800
2026-07-12 14:31:57 INFO: [ls_stage1] Iter 24: IMPROVEMENT move=('repod', 115, 521) obj=388.5000
2026-07-12 14:32:01 INFO: [ls_stage1] Iter 25: IMPROVEMENT move=('swap', 43, 108) obj=387.1300
2026-07-12 14:32:05 INFO: [ls_stage1] Iter 26: IMPROVEMENT move=('swap', 102, 186) obj=385.7600
2026-07-12 14:32:09 INFO: [ls_stage1] Iter 27: IMPROVEMENT move=('swap', 60, 135) obj=384.3800
2026-07-12 14:32:14 INFO: [ls_stage1] Iter 28: IMPROVEMENT move=('swap', 29, 87) obj=383.0800
2026-07-12 14:32:18 INFO: [ls_stage1] Iter 29: IMPROVEMENT move=('swap', 125, 130) obj=381.7700
2026-07-12 14:32:22 INFO: [ls_stage1] Iter 30: IMPROVEMENT move=('repod', 135, 440) obj=380.4900
2026-07-12 14:32:26 INFO: [ls_stage1] Iter 31: IMPROVEMENT move=('swap', 128, 156) obj=379.1600
2026-07-12 14:32:30 INFO: [ls_stage1] Iter 32: IMPROVEMENT move=('swap', 119, 149) obj=377.8200
2026-07-12 14:32:34 INFO: [ls_stage1] Iter 33: IMPROVEMENT move=('swap', 54, 136) obj=376.5000
2026-07-12 14:32:38 INFO: [ls_stage1] Iter 34: IMPROVEMENT move=('repod', 3, 279) obj=376.2000
2026-07-12 14:32:42 INFO: [ls_stage1] Iter 35: IMPROVEMENT move=('swap', 53, 125) obj=374.9300
2026-07-12 14:32:46 INFO: [ls_stage1] Iter 36: IMPROVEMENT move=('swap', 72, 120) obj=373.6600
2026-07-12 14:32:50 INFO: [ls_stage1] Iter 37: IMPROVEMENT move=('repod', 9, 108) obj=372.3500
2026-07-12 14:32:54 INFO: [ls_stage1] Iter 38: IMPROVEMENT move=('repod', 210, 535) obj=372.0700
2026-07-12 14:32:58 INFO: [ls_stage1] Iter 39: IMPROVEMENT move=('swap', 158, 172) obj=370.7600
2026-07-12 14:33:02 INFO: [ls_stage1] Iter 40: IMPROVEMENT move=('moveto', 156, 2) obj=369.5600
2026-07-12 14:33:06 INFO: [ls_stage1] Iter 41: IMPROVEMENT move=('repod', 258, 529) obj=369.2900
2026-07-12 14:33:10 INFO: [ls_stage1] Iter 42: IMPROVEMENT move=('swap', 18, 93) obj=369.0400
2026-07-12 14:33:14 INFO: [ls_stage1] Iter 43: IMPROVEMENT move=('swap', 91, 182) obj=368.7900
2026-07-12 14:33:18 INFO: [ls_stage1] Iter 44: IMPROVEMENT move=('repod', 342, 185) obj=368.6200
2026-07-12 14:33:22 INFO: [ls_stage1] Iter 45: IMPROVEMENT move=('swap', 89, 114) obj=368.4200
2026-07-12 14:33:27 INFO: [ls_stage1] Iter 46: IMPROVEMENT move=('swap', 83, 195) obj=368.2600
2026-07-12 14:33:30 INFO: [ls_stage1] Iter 47: IMPROVEMENT move=('repod', 368, 183) obj=368.0200
2026-07-12 14:33:35 INFO: [ls_stage1] Iter 48: IMPROVEMENT move=('repod', 298, 565) obj=367.8200
2026-07-12 14:33:38 INFO: [ls_stage1] Iter 49: IMPROVEMENT move=('swap', 30, 105) obj=367.7200
2026-07-12 14:33:42 INFO: [ls_stage1] Iter 50: IMPROVEMENT move=('repod', 134, 231) obj=367.5900
2026-07-12 14:33:46 INFO: [ls_stage1] Iter 51: IMPROVEMENT move=('repod', 270, 552) obj=367.4700
2026-07-12 14:33:51 INFO: [ls_stage1] Iter 52: IMPROVEMENT move=('repod', 360, 365) obj=367.2800
2026-07-12 14:33:55 INFO: [ls_stage1] Iter 53: IMPROVEMENT move=('repod', 173, 439) obj=367.1600
2026-07-12 14:33:58 INFO: [ls_stage1] Iter 54: IMPROVEMENT move=('swap', 53, 65) obj=366.0700
2026-07-12 14:34:03 INFO: [ls_stage1] Iter 55: IMPROVEMENT move=('swap', 43, 168) obj=364.8800
2026-07-12 14:34:06 INFO: [ls_stage1] Iter 56: IMPROVEMENT move=('repod', 243, 530) obj=363.7300
2026-07-12 14:34:10 INFO: [ls_stage1] Iter 57: IMPROVEMENT move=('repod', 114, 440) obj=363.4300
2026-07-12 14:34:14 INFO: [ls_stage1] Iter 58: IMPROVEMENT move=('moveto', 178, 3) obj=363.2000
2026-07-12 14:34:18 INFO: [ls_stage1] Iter 59: IMPROVEMENT move=('repod', 179, 553) obj=363.0400
2026-07-12 14:34:22 INFO: [ls_stage1] Iter 60: IMPROVEMENT move=('repod', 201, 418) obj=361.6400
2026-07-12 14:34:26 INFO: [ls_stage1] Iter 61: IMPROVEMENT move=('repod', 85, 509) obj=360.4600
2026-07-12 14:34:30 INFO: [ls_stage1] Iter 62: IMPROVEMENT move=('repod', 270, 355) obj=359.3000
2026-07-12 14:34:34 INFO: [ls_stage1] Iter 63: IMPROVEMENT move=('repod', 196, 462) obj=359.0100
2026-07-12 14:34:38 INFO: [ls_stage1] Iter 64: IMPROVEMENT move=('swap', 43, 79) obj=358.8300
2026-07-12 14:34:43 INFO: [ls_stage1] Iter 65: IMPROVEMENT move=('repod', 32, 408) obj=358.6900
2026-07-12 14:34:47 INFO: [ls_stage1] Iter 66: IMPROVEMENT move=('repod', 149, 440) obj=358.4100
2026-07-12 14:34:51 INFO: [ls_stage1] Iter 67: IMPROVEMENT move=('moveto', 142, 4) obj=358.3700
2026-07-12 14:34:55 INFO: [ls_stage1] Iter 68: IMPROVEMENT move=('moveto', 129, 4) obj=358.2900
2026-07-12 14:34:59 INFO: [ls_stage1] Iter 69: IMPROVEMENT move=('repod', 232, 540) obj=358.2000
2026-07-12 14:35:03 INFO: [ls_stage1] Iter 70: IMPROVEMENT move=('repod', 312, 411) obj=357.8300
2026-07-12 14:35:07 INFO: [ls_stage1] Iter 71: IMPROVEMENT move=('repod', 359, 454) obj=357.7300
2026-07-12 14:35:11 INFO: [ls_stage1] Iter 72: IMPROVEMENT move=('moveto', 112, 0) obj=357.6100
2026-07-12 14:35:15 INFO: [ls_stage1] Iter 73: IMPROVEMENT move=('repod', 200, 331) obj=357.5200
2026-07-12 14:35:19 INFO: [ls_stage1] Iter 74: IMPROVEMENT move=('repod', 290, 373) obj=357.4200
2026-07-12 14:35:23 INFO: [ls_stage1] Iter 75: IMPROVEMENT move=('repod', 3, 460) obj=357.3100
2026-07-12 14:35:27 INFO: [ls_stage1] Iter 76: IMPROVEMENT move=('repod', 345, 189) obj=357.2200
2026-07-12 14:35:31 INFO: [ls_stage1] Iter 77: IMPROVEMENT move=('swap', 174, 184) obj=357.1800
2026-07-12 14:35:35 INFO: [ls_stage1] Iter 78: IMPROVEMENT move=('swap', 65, 160) obj=357.0400
2026-07-12 14:35:39 INFO: [ls_stage1] Iter 79: IMPROVEMENT move=('swap', 85, 101) obj=357.0000
2026-07-12 14:35:43 INFO: [ls_stage1] Iter 80: IMPROVEMENT move=('swap', 93, 177) obj=355.8900
2026-07-12 14:35:47 INFO: [ls_stage1] Iter 81: IMPROVEMENT move=('moveto', 96, 3) obj=355.8700
2026-07-12 14:35:51 INFO: [ls_stage1] Iter 82: IMPROVEMENT move=('swap', 96, 123) obj=355.7800
2026-07-12 14:35:56 INFO: [ls_stage1] Iter 83: IMPROVEMENT move=('moveto', 149, 6) obj=355.7400
2026-07-12 14:35:59 INFO: [ls_stage1] Iter 84: IMPROVEMENT move=('swap', 153, 184) obj=354.3900
2026-07-12 14:36:04 INFO: [ls_stage1] Iter 85: IMPROVEMENT move=('moveto', 14, 7) obj=354.2900
2026-07-12 14:36:08 INFO: [ls_stage1] Iter 86: IMPROVEMENT move=('repod', 309, 555) obj=354.1900
2026-07-12 14:36:12 INFO: [ls_stage1] Iter 87: IMPROVEMENT move=('swap', 97, 111) obj=353.0500
2026-07-12 14:36:16 INFO: [ls_stage1] Iter 88: IMPROVEMENT move=('moveto', 191, 7) obj=352.9900
2026-07-12 14:36:20 INFO: [ls_stage1] Iter 89: IMPROVEMENT move=('swap', 112, 187) obj=351.7100
2026-07-12 14:36:24 INFO: [ls_stage1] Iter 90: IMPROVEMENT move=('swap', 112, 141) obj=351.6700
2026-07-12 14:36:28 INFO: [ls_stage1] Iter 91: IMPROVEMENT move=('swap', 74, 182) obj=351.6300
2026-07-12 14:36:32 INFO: [ls_stage1] Iter 92: PLATEAU move=('repod', 24, 498) obj=351.6300
2026-07-12 14:36:36 INFO: [ls_stage1] Iter 93: IMPROVEMENT move=('repod', 125, 391) obj=350.4500
2026-07-12 14:36:40 INFO: [ls_stage1] Iter 94: PLATEAU move=('swap', 108, 134) obj=350.4500
2026-07-12 14:36:44 INFO: [ls_stage1] Iter 95: IMPROVEMENT move=('swap', 131, 178) obj=349.2600
2026-07-12 14:36:48 INFO: [ls_stage1] Iter 96: IMPROVEMENT move=('moveto', 142, 7) obj=349.2000
2026-07-12 14:36:52 INFO: [ls_stage1] Iter 97: IMPROVEMENT move=('repod', 155, 534) obj=348.9200
2026-07-12 14:36:56 INFO: [ls_stage1] Iter 98: IMPROVEMENT move=('repod', 48, 370) obj=348.8200
2026-07-12 14:37:00 INFO: [ls_stage1] Iter 99: PLATEAU move=('swap', 62, 87) obj=348.8200
2026-07-12 14:37:04 INFO: [ls_stage1] Iter 100: IMPROVEMENT move=('repod', 42, 516) obj=348.7100
2026-07-12 14:37:04 INFO: [ls_stage1] Final objective = 348.7100
2026-07-12 14:37:04 INFO: Stage 1 solved.
2026-07-12 14:37:04 INFO: Solving stage 2 ... 
2026-07-12 14:37:05 INFO: [ls_stage2] Building initial solution ...
2026-07-12 14:39:56 INFO: [ls_stage2] violated = ['EC10'] (attempt 1/10)
2026-07-12 14:42:47 INFO: [ls_stage2] violated = ['EC10'] (attempt 2/10)
2026-07-12 14:45:38 INFO: [ls_stage2] violated = ['EC10'] (attempt 3/10)
2026-07-12 14:48:30 INFO: [ls_stage2] violated = ['EC10'] (attempt 4/10)
2026-07-12 14:51:20 INFO: [ls_stage2] Feasible initial solution: obj = -547.7618
2026-07-12 14:51:20 WARNING: 
Variables size:
  x shape = (390, 100)
  f0 = (199, 100)
  g0 = (199, 100)
  v0 = (199, 100)
  y shape = (257, 974728)
  num constraints satisfied = 7065968

2026-07-12 14:51:21 WARNING: _rebuild_pod_row: pod 440 at 33 t=99 > arrive_t=98 — skipping
2026-07-12 14:54:10 INFO: [ls_stage2] Candidate rejected: move=('order', 63, -2) obj=-544.6290 violations=['EC18']
