2026-07-13 04:54:43 INFO: Warehouse initialization | grid=30x30, physical=63x35, num_skus=13500, num_robots=40, num_ws=9
2026-07-13 04:54:43 INFO: Warehouse initialized | 900 pods  (average number of skus per pod = 20.95), 9 workstations, 40 robots
2026-07-13 04:54:43 INFO: [OptManager] Building time-space network ...
2026-07-13 04:54:48 INFO: [OptManager] Network ready: 90900 nodes, 1525330 travelling arcs, 89991 idle arcs.
2026-07-13 04:54:48 INFO: 
=============================================
2026-07-13 04:54:48 INFO:   START SIMULATION  {TIME HORIZON = 01:00:00}
2026-07-13 04:54:48 DEBUG:    EVENT NUM 1     current_time = 00:00:00   ARRIVAL_ORDER         [queue size = 1]
2026-07-13 04:54:48 DEBUG: Order 0 arrived: items_required = [9359, 8806].     [orders_in_system = 1]
2026-07-13 04:54:48 DEBUG: Order 1 arrived: items_required = [7148, 3167, 9298, 10388].     [orders_in_system = 2]
2026-07-13 04:54:48 DEBUG: Order 2 arrived: items_required = [3630].     [orders_in_system = 3]
2026-07-13 04:54:48 DEBUG: Order 3 arrived: items_required = [6168].     [orders_in_system = 4]
2026-07-13 04:54:48 DEBUG: Order 4 arrived: items_required = [5161, 5629].     [orders_in_system = 5]
2026-07-13 04:54:48 DEBUG: Order 5 arrived: items_required = [8297].     [orders_in_system = 6]
2026-07-13 04:54:48 DEBUG: Order 6 arrived: items_required = [10805].     [orders_in_system = 7]
2026-07-13 04:54:48 DEBUG: Order 7 arrived: items_required = [7792, 5876].     [orders_in_system = 8]
2026-07-13 04:54:48 DEBUG: Order 8 arrived: items_required = [2397].     [orders_in_system = 9]
2026-07-13 04:54:48 DEBUG: Order 9 arrived: items_required = [3545].     [orders_in_system = 10]
2026-07-13 04:54:48 DEBUG: Order 10 arrived: items_required = [5590, 2050, 4543].     [orders_in_system = 11]
2026-07-13 04:54:48 DEBUG: Order 11 arrived: items_required = [9795].     [orders_in_system = 12]
2026-07-13 04:54:48 DEBUG: Order 12 arrived: items_required = [5061, 9653].     [orders_in_system = 13]
2026-07-13 04:54:48 DEBUG: Order 13 arrived: items_required = [11509, 6889, 8132].     [orders_in_system = 14]
2026-07-13 04:54:48 DEBUG: Order 14 arrived: items_required = [10624, 11427].     [orders_in_system = 15]
2026-07-13 04:54:48 DEBUG: Order 15 arrived: items_required = [3436, 1868].     [orders_in_system = 16]
2026-07-13 04:54:48 DEBUG: Order 16 arrived: items_required = [853].     [orders_in_system = 17]
2026-07-13 04:54:48 DEBUG: Order 17 arrived: items_required = [9312].     [orders_in_system = 18]
2026-07-13 04:54:48 DEBUG: Order 18 arrived: items_required = [6247].     [orders_in_system = 19]
2026-07-13 04:54:48 DEBUG: Order 19 arrived: items_required = [9185].     [orders_in_system = 20]
2026-07-13 04:54:48 DEBUG: Order 20 arrived: items_required = [5274].     [orders_in_system = 21]
2026-07-13 04:54:48 DEBUG: Order 21 arrived: items_required = [4479, 11169].     [orders_in_system = 22]
2026-07-13 04:54:48 DEBUG: Order 22 arrived: items_required = [6769, 3816, 7092].     [orders_in_system = 23]
2026-07-13 04:54:48 DEBUG: Order 23 arrived: items_required = [5848, 3909].     [orders_in_system = 24]
2026-07-13 04:54:48 DEBUG: Order 24 arrived: items_required = [7618, 5111].     [orders_in_system = 25]
2026-07-13 04:54:48 DEBUG: Order 25 arrived: items_required = [5716].     [orders_in_system = 26]
2026-07-13 04:54:48 DEBUG: Order 26 arrived: items_required = [9578].     [orders_in_system = 27]
2026-07-13 04:54:48 DEBUG: Order 27 arrived: items_required = [8133, 10758].     [orders_in_system = 28]
2026-07-13 04:54:48 DEBUG: Order 28 arrived: items_required = [13362].     [orders_in_system = 29]
2026-07-13 04:54:48 DEBUG: Order 29 arrived: items_required = [8942].     [orders_in_system = 30]
2026-07-13 04:54:48 DEBUG: Order 30 arrived: items_required = [11906].     [orders_in_system = 31]
2026-07-13 04:54:48 DEBUG: Order 31 arrived: items_required = [6849, 10745].     [orders_in_system = 32]
2026-07-13 04:54:48 DEBUG: Order 32 arrived: items_required = [3054].     [orders_in_system = 33]
2026-07-13 04:54:48 DEBUG: Order 33 arrived: items_required = [4751, 10384].     [orders_in_system = 34]
2026-07-13 04:54:48 DEBUG: Order 34 arrived: items_required = [8074].     [orders_in_system = 35]
2026-07-13 04:54:48 DEBUG: Order 35 arrived: items_required = [6520].     [orders_in_system = 36]
2026-07-13 04:54:48 DEBUG: Order 36 arrived: items_required = [3636, 9336, 3274].     [orders_in_system = 37]
2026-07-13 04:54:48 DEBUG: Order 37 arrived: items_required = [7431].     [orders_in_system = 38]
2026-07-13 04:54:48 DEBUG: Order 38 arrived: items_required = [4645, 6032].     [orders_in_system = 39]
2026-07-13 04:54:48 DEBUG: Order 39 arrived: items_required = [7340].     [orders_in_system = 40]
2026-07-13 04:54:48 DEBUG: Order 40 arrived: items_required = [8034, 12176].     [orders_in_system = 41]
2026-07-13 04:54:48 DEBUG: Order 41 arrived: items_required = [7670, 8809].     [orders_in_system = 42]
2026-07-13 04:54:48 DEBUG: Order 42 arrived: items_required = [2077].     [orders_in_system = 43]
2026-07-13 04:54:48 DEBUG: Order 43 arrived: items_required = [8664, 7102, 9743, 10732, 6874].     [orders_in_system = 44]
2026-07-13 04:54:48 DEBUG: Order 44 arrived: items_required = [1995, 11442, 5156].     [orders_in_system = 45]
2026-07-13 04:54:48 DEBUG: Order 45 arrived: items_required = [6776].     [orders_in_system = 46]
2026-07-13 04:54:48 DEBUG: Order 46 arrived: items_required = [11432, 8166].     [orders_in_system = 47]
2026-07-13 04:54:48 DEBUG: Order 47 arrived: items_required = [5708, 2565].     [orders_in_system = 48]
2026-07-13 04:54:48 DEBUG: Order 48 arrived: items_required = [11871].     [orders_in_system = 49]
2026-07-13 04:54:48 DEBUG: Order 49 arrived: items_required = [12736].     [orders_in_system = 50]
2026-07-13 04:54:48 DEBUG: Order 50 arrived: items_required = [8626, 6430, 5059].     [orders_in_system = 51]
2026-07-13 04:54:48 DEBUG: Order 51 arrived: items_required = [7879].     [orders_in_system = 52]
2026-07-13 04:54:48 DEBUG: Order 52 arrived: items_required = [8238, 4852, 6850, 6878].     [orders_in_system = 53]
2026-07-13 04:54:48 DEBUG: Order 53 arrived: items_required = [9419, 4695].     [orders_in_system = 54]
2026-07-13 04:54:48 DEBUG: Order 54 arrived: items_required = [11082, 8574].     [orders_in_system = 55]
2026-07-13 04:54:48 DEBUG: Order 55 arrived: items_required = [7595, 10045, 2488].     [orders_in_system = 56]
2026-07-13 04:54:48 DEBUG: Order 56 arrived: items_required = [4994].     [orders_in_system = 57]
2026-07-13 04:54:48 DEBUG: Order 57 arrived: items_required = [2091, 7910].     [orders_in_system = 58]
2026-07-13 04:54:48 DEBUG: Order 58 arrived: items_required = [4033].     [orders_in_system = 59]
2026-07-13 04:54:48 DEBUG: Order 59 arrived: items_required = [10690, 9330, 5076, 5425].     [orders_in_system = 60]
2026-07-13 04:54:48 DEBUG: Order 60 arrived: items_required = [9075].     [orders_in_system = 61]
2026-07-13 04:54:48 DEBUG: Order 61 arrived: items_required = [6094].     [orders_in_system = 62]
2026-07-13 04:54:48 DEBUG: Order 62 arrived: items_required = [6975].     [orders_in_system = 63]
2026-07-13 04:54:48 DEBUG: Order 63 arrived: items_required = [4543, 6096, 5766].     [orders_in_system = 64]
2026-07-13 04:54:48 DEBUG: Order 64 arrived: items_required = [3174, 3210].     [orders_in_system = 65]
2026-07-13 04:54:48 DEBUG: Order 65 arrived: items_required = [11516, 4610, 9768, 7677].     [orders_in_system = 66]
2026-07-13 04:54:48 DEBUG: Order 66 arrived: items_required = [5603, 4921].     [orders_in_system = 67]
2026-07-13 04:54:48 DEBUG: Order 67 arrived: items_required = [9204].     [orders_in_system = 68]
2026-07-13 04:54:48 DEBUG: Order 68 arrived: items_required = [7835, 428].     [orders_in_system = 69]
2026-07-13 04:54:48 DEBUG: Order 69 arrived: items_required = [6789, 1396].     [orders_in_system = 70]
2026-07-13 04:54:48 DEBUG: Order 70 arrived: items_required = [4952, 10395, 2058].     [orders_in_system = 71]
2026-07-13 04:54:48 DEBUG: Order 71 arrived: items_required = [5735].     [orders_in_system = 72]
2026-07-13 04:54:48 DEBUG: Order 72 arrived: items_required = [476].     [orders_in_system = 73]
2026-07-13 04:54:48 DEBUG: Order 73 arrived: items_required = [4339].     [orders_in_system = 74]
2026-07-13 04:54:48 DEBUG: Order 74 arrived: items_required = [10564].     [orders_in_system = 75]
2026-07-13 04:54:48 DEBUG: Order 75 arrived: items_required = [2467].     [orders_in_system = 76]
2026-07-13 04:54:48 DEBUG: Order 76 arrived: items_required = [2478].     [orders_in_system = 77]
2026-07-13 04:54:48 DEBUG: Order 77 arrived: items_required = [589, 5851, 2814].     [orders_in_system = 78]
2026-07-13 04:54:48 DEBUG: Order 78 arrived: items_required = [7451, 8456].     [orders_in_system = 79]
2026-07-13 04:54:48 DEBUG: Order 79 arrived: items_required = [1164].     [orders_in_system = 80]
2026-07-13 04:54:48 DEBUG: Order 80 arrived: items_required = [11719].     [orders_in_system = 81]
2026-07-13 04:54:48 DEBUG: Order 81 arrived: items_required = [6436, 7835, 6169].     [orders_in_system = 82]
2026-07-13 04:54:48 DEBUG: Order 82 arrived: items_required = [5691].     [orders_in_system = 83]
2026-07-13 04:54:48 DEBUG: Order 83 arrived: items_required = [5005].     [orders_in_system = 84]
2026-07-13 04:54:48 DEBUG: Order 84 arrived: items_required = [1748, 6693].     [orders_in_system = 85]
2026-07-13 04:54:48 DEBUG: Order 85 arrived: items_required = [7952].     [orders_in_system = 86]
2026-07-13 04:54:48 DEBUG: Order 86 arrived: items_required = [5728, 1377].     [orders_in_system = 87]
2026-07-13 04:54:48 DEBUG: Order 87 arrived: items_required = [5956, 1181].     [orders_in_system = 88]
2026-07-13 04:54:48 DEBUG: Order 88 arrived: items_required = [7900, 8610].     [orders_in_system = 89]
2026-07-13 04:54:48 DEBUG: Order 89 arrived: items_required = [11368, 7484].     [orders_in_system = 90]
2026-07-13 04:54:48 DEBUG: Order 90 arrived: items_required = [9839, 6441].     [orders_in_system = 91]
2026-07-13 04:54:48 DEBUG: Order 91 arrived: items_required = [5429].     [orders_in_system = 92]
2026-07-13 04:54:48 DEBUG: Order 92 arrived: items_required = [5162].     [orders_in_system = 93]
2026-07-13 04:54:48 DEBUG: Order 93 arrived: items_required = [6496].     [orders_in_system = 94]
2026-07-13 04:54:48 DEBUG: Order 94 arrived: items_required = [5914, 10968].     [orders_in_system = 95]
2026-07-13 04:54:48 DEBUG: Order 95 arrived: items_required = [8896].     [orders_in_system = 96]
2026-07-13 04:54:48 DEBUG: Order 96 arrived: items_required = [11148].     [orders_in_system = 97]
2026-07-13 04:54:48 DEBUG: Order 97 arrived: items_required = [9113, 2666].     [orders_in_system = 98]
2026-07-13 04:54:48 DEBUG: Order 98 arrived: items_required = [2573, 5721, 1234].     [orders_in_system = 99]
2026-07-13 04:54:48 DEBUG: Order 99 arrived: items_required = [5278, 11119, 9840, 1193].     [orders_in_system = 100]
2026-07-13 04:54:48 DEBUG:    EVENT NUM 2     current_time = 00:00:01   RUN_OPTIMIZER         [queue size = 1]
2026-07-13 04:54:48 INFO: Solving stage 1 ... 
2026-07-13 04:54:48 INFO: [ls_stage1] Building initial solution ...
2026-07-13 04:54:48 INFO: [ls_stage1] Initial objective = 234.2900
2026-07-13 04:54:48 WARNING: 
Variables size:
  shape x = (176, 900)
  shape y = (9, 900)
  shape z = (100, 9)
  constraints_satisfied = 1425894

2026-07-13 04:54:50 INFO: [ls_stage1] Iter 1: IMPROVEMENT move=('swap', 3, 65) obj=232.5900
2026-07-13 04:54:53 INFO: [ls_stage1] Iter 2: IMPROVEMENT move=('swap', 59, 89) obj=230.8300
2026-07-13 04:54:55 INFO: [ls_stage1] Iter 3: IMPROVEMENT move=('swap', 52, 66) obj=229.2300
2026-07-13 04:54:58 INFO: [ls_stage1] Iter 4: IMPROVEMENT move=('swap', 12, 82) obj=227.7100
2026-07-13 04:55:01 INFO: [ls_stage1] Iter 5: IMPROVEMENT move=('swap', 80, 93) obj=226.2000
2026-07-13 04:55:03 INFO: [ls_stage1] Iter 6: IMPROVEMENT move=('swap', 26, 75) obj=224.5900
2026-07-13 04:55:06 INFO: [ls_stage1] Iter 7: IMPROVEMENT move=('swap', 17, 44) obj=223.1000
2026-07-13 04:55:08 INFO: [ls_stage1] Iter 8: IMPROVEMENT move=('swap', 14, 30) obj=221.6700
2026-07-13 04:55:11 INFO: [ls_stage1] Iter 9: IMPROVEMENT move=('swap', 20, 38) obj=220.3800
2026-07-13 04:55:14 INFO: [ls_stage1] Iter 10: IMPROVEMENT move=('swap', 31, 46) obj=220.0600
2026-07-13 04:55:16 INFO: [ls_stage1] Iter 11: IMPROVEMENT move=('swap', 31, 63) obj=218.6500
2026-07-13 04:55:19 INFO: [ls_stage1] Iter 12: IMPROVEMENT move=('swap', 18, 40) obj=218.2900
2026-07-13 04:55:21 INFO: [ls_stage1] Iter 13: IMPROVEMENT move=('repod', 146, 206) obj=216.7300
2026-07-13 04:55:24 INFO: [ls_stage1] Iter 14: IMPROVEMENT move=('repod', 70, 53) obj=215.3800
2026-07-13 04:55:27 INFO: [ls_stage1] Iter 15: IMPROVEMENT move=('swap', 79, 92) obj=215.1000
2026-07-13 04:55:29 INFO: [ls_stage1] Iter 16: IMPROVEMENT move=('moveto', 52, 7) obj=214.8600
2026-07-13 04:55:32 INFO: [ls_stage1] Iter 17: IMPROVEMENT move=('swap', 20, 77) obj=214.5800
2026-07-13 04:55:35 INFO: [ls_stage1] Iter 18: IMPROVEMENT move=('repod', 135, 739) obj=214.3700
2026-07-13 04:55:37 INFO: [ls_stage1] Iter 19: IMPROVEMENT move=('swap', 19, 77) obj=213.3800
2026-07-13 04:55:40 INFO: [ls_stage1] Iter 20: IMPROVEMENT move=('repod', 113, 847) obj=212.0000
2026-07-13 04:55:42 INFO: [ls_stage1] Iter 21: IMPROVEMENT move=('repod', 168, 707) obj=211.7200
2026-07-13 04:55:45 INFO: [ls_stage1] Iter 22: IMPROVEMENT move=('swap', 47, 80) obj=211.5200
2026-07-13 04:55:48 INFO: [ls_stage1] Iter 23: IMPROVEMENT move=('repod', 27, 434) obj=211.2500
2026-07-13 04:55:50 INFO: [ls_stage1] Iter 24: IMPROVEMENT move=('swap', 19, 51) obj=211.0500
2026-07-13 04:55:53 INFO: [ls_stage1] Iter 25: IMPROVEMENT move=('repod', 80, 853) obj=210.7900
2026-07-13 04:55:55 INFO: [ls_stage1] Iter 26: IMPROVEMENT move=('repod', 65, 423) obj=210.6400
2026-07-13 04:55:58 INFO: [ls_stage1] Iter 27: IMPROVEMENT move=('repod', 101, 625) obj=210.3700
2026-07-13 04:56:01 INFO: [ls_stage1] Iter 28: IMPROVEMENT move=('moveto', 30, 8) obj=210.2300
2026-07-13 04:56:03 INFO: [ls_stage1] Iter 29: IMPROVEMENT move=('swap', 32, 97) obj=210.1100
2026-07-13 04:56:06 INFO: [ls_stage1] Iter 30: IMPROVEMENT move=('repod', 132, 801) obj=210.0000
2026-07-13 04:56:09 INFO: [ls_stage1] Iter 31: IMPROVEMENT move=('repod', 15, 278) obj=209.8600
2026-07-13 04:56:11 INFO: [ls_stage1] Iter 32: IMPROVEMENT move=('swap', 22, 48) obj=209.7400
2026-07-13 04:56:14 INFO: [ls_stage1] Iter 33: IMPROVEMENT move=('swap', 21, 69) obj=209.6000
2026-07-13 04:56:16 INFO: [ls_stage1] Iter 34: IMPROVEMENT move=('swap', 7, 16) obj=209.5000
2026-07-13 04:56:19 INFO: [ls_stage1] Iter 35: IMPROVEMENT move=('repod', 66, 760) obj=209.3300
2026-07-13 04:56:22 INFO: [ls_stage1] Iter 36: IMPROVEMENT move=('swap', 67, 76) obj=209.2700
2026-07-13 04:56:24 INFO: [ls_stage1] Iter 37: IMPROVEMENT move=('repod', 9, 624) obj=209.1600
2026-07-13 04:56:27 INFO: [ls_stage1] Iter 38: IMPROVEMENT move=('repod', 142, 811) obj=209.0100
2026-07-13 04:56:30 INFO: [ls_stage1] Iter 39: IMPROVEMENT move=('moveto', 60, 8) obj=208.9300
2026-07-13 04:56:32 INFO: [ls_stage1] Iter 40: IMPROVEMENT move=('repod', 19, 518) obj=208.7200
2026-07-13 04:56:35 INFO: [ls_stage1] Iter 41: IMPROVEMENT move=('moveto', 74, 7) obj=208.6400
2026-07-13 04:56:37 INFO: [ls_stage1] Iter 42: IMPROVEMENT move=('repod', 119, 460) obj=208.5500
2026-07-13 04:56:40 INFO: [ls_stage1] Iter 43: IMPROVEMENT move=('repod', 79, 668) obj=208.3400
2026-07-13 04:56:43 INFO: [ls_stage1] Iter 44: IMPROVEMENT move=('repod', 157, 401) obj=208.2400
2026-07-13 04:56:45 INFO: [ls_stage1] Iter 45: IMPROVEMENT move=('repod', 108, 754) obj=208.1400
2026-07-13 04:56:48 INFO: [ls_stage1] Iter 46: IMPROVEMENT move=('repod', 10, 789) obj=208.0400
2026-07-13 04:56:50 INFO: [ls_stage1] Iter 47: IMPROVEMENT move=('moveto', 5, 1) obj=207.9400
2026-07-13 04:56:53 INFO: [ls_stage1] Iter 48: IMPROVEMENT move=('repod', 85, 13) obj=207.8400
2026-07-13 04:56:55 INFO: [ls_stage1] Iter 49: IMPROVEMENT move=('repod', 13, 881) obj=207.4700
2026-07-13 04:56:58 INFO: [ls_stage1] Iter 50: IMPROVEMENT move=('swap', 1, 76) obj=207.4100
2026-07-13 04:57:01 INFO: [ls_stage1] Iter 51: IMPROVEMENT move=('repod', 41, 193) obj=207.2000
2026-07-13 04:57:03 INFO: [ls_stage1] Iter 52: IMPROVEMENT move=('swap', 25, 50) obj=207.1200
2026-07-13 04:57:06 INFO: [ls_stage1] Iter 53: IMPROVEMENT move=('moveto', 72, 0) obj=207.0600
2026-07-13 04:57:08 INFO: [ls_stage1] Iter 54: IMPROVEMENT move=('swap', 36, 98) obj=207.0000
2026-07-13 04:57:11 INFO: [ls_stage1] Iter 55: IMPROVEMENT move=('swap', 24, 46) obj=206.9400
2026-07-13 04:57:13 INFO: [ls_stage1] Iter 56: IMPROVEMENT move=('repod', 97, 509) obj=206.8600
2026-07-13 04:57:16 INFO: [ls_stage1] Iter 57: IMPROVEMENT move=('repod', 9, 635) obj=206.8000
2026-07-13 04:57:19 INFO: [ls_stage1] Iter 58: IMPROVEMENT move=('swap', 4, 71) obj=205.5200
2026-07-13 04:57:21 INFO: [ls_stage1] Iter 59: IMPROVEMENT move=('repod', 121, 769) obj=205.4600
2026-07-13 04:57:24 INFO: [ls_stage1] Iter 60: IMPROVEMENT move=('swap', 17, 47) obj=205.4200
2026-07-13 04:57:27 INFO: [ls_stage1] Iter 61: IMPROVEMENT move=('swap', 57, 70) obj=205.3600
2026-07-13 04:57:29 INFO: [ls_stage1] Iter 62: IMPROVEMENT move=('repod', 158, 546) obj=205.1000
2026-07-13 04:57:32 INFO: [ls_stage1] Iter 63: IMPROVEMENT move=('moveto', 61, 0) obj=205.0600
2026-07-13 04:57:34 INFO: [ls_stage1] Iter 64: IMPROVEMENT move=('swap', 17, 55) obj=205.0200
2026-07-13 04:57:37 INFO: [ls_stage1] Iter 65: IMPROVEMENT move=('repod', 87, 729) obj=204.9500
2026-07-13 04:57:40 INFO: [ls_stage1] Iter 66: IMPROVEMENT move=('moveto', 51, 1) obj=204.8300
2026-07-13 04:57:42 INFO: [ls_stage1] Iter 67: IMPROVEMENT move=('moveto', 85, 0) obj=204.7900
2026-07-13 04:57:45 INFO: [ls_stage1] Iter 68: IMPROVEMENT move=('repod', 77, 314) obj=204.7500
2026-07-13 04:57:48 INFO: [ls_stage1] Iter 69: IMPROVEMENT move=('moveto', 19, 0) obj=204.7100
2026-07-13 04:57:50 INFO: [ls_stage1] Iter 70: IMPROVEMENT move=('moveto', 45, 5) obj=204.6700
2026-07-13 04:57:53 INFO: [ls_stage1] Iter 71: IMPROVEMENT move=('moveto', 36, 0) obj=204.6300
2026-07-13 04:57:56 INFO: [ls_stage1] Iter 72: IMPROVEMENT move=('repod', 55, 615) obj=204.5200
2026-07-13 04:57:58 INFO: [ls_stage1] Iter 73: IMPROVEMENT move=('moveto', 34, 4) obj=203.3700
2026-07-13 04:58:01 INFO: [ls_stage1] Iter 74: IMPROVEMENT move=('repod', 43, 154) obj=203.2800
2026-07-13 04:58:03 INFO: [ls_stage1] Iter 75: IMPROVEMENT move=('swap', 33, 71) obj=203.2400
2026-07-13 04:58:06 INFO: [ls_stage1] Iter 76: IMPROVEMENT move=('moveto', 55, 8) obj=203.1800
2026-07-13 04:58:08 INFO: [ls_stage1] Iter 77: IMPROVEMENT move=('repod', 77, 488) obj=201.9400
2026-07-13 04:58:11 INFO: [ls_stage1] Iter 78: IMPROVEMENT move=('swap', 7, 88) obj=201.9200
2026-07-13 04:58:14 INFO: [ls_stage1] Iter 79: IMPROVEMENT move=('moveto', 6, 0) obj=201.8800
2026-07-13 04:58:16 INFO: [ls_stage1] Iter 80: IMPROVEMENT move=('moveto', 0, 8) obj=201.8400
2026-07-13 04:58:19 INFO: [ls_stage1] Iter 81: IMPROVEMENT move=('moveto', 9, 1) obj=201.8000
2026-07-13 04:58:21 INFO: [ls_stage1] Iter 82: IMPROVEMENT move=('swap', 86, 91) obj=201.7800
2026-07-13 04:58:24 INFO: [ls_stage1] Iter 83: IMPROVEMENT move=('swap', 22, 84) obj=201.7600
2026-07-13 04:58:27 INFO: [ls_stage1] Iter 84: PLATEAU move=('swap', 1, 24) obj=201.7600
2026-07-13 04:58:29 INFO: [ls_stage1] Iter 85: IMPROVEMENT move=('swap', 11, 53) obj=201.7400
2026-07-13 04:58:32 INFO: [ls_stage1] Iter 86: IMPROVEMENT move=('swap', 50, 58) obj=201.7200
2026-07-13 04:58:35 INFO: [ls_stage1] Iter 87: IMPROVEMENT move=('repod', 144, 709) obj=201.6600
2026-07-13 04:58:37 INFO: [ls_stage1] Iter 88: PLATEAU move=('swap', 22, 43) obj=201.6600
2026-07-13 04:58:40 INFO: [ls_stage1] Iter 89: IMPROVEMENT move=('repod', 128, 846) obj=201.6400
2026-07-13 04:58:42 INFO: [ls_stage1] Iter 90: IMPROVEMENT move=('repod', 7, 198) obj=201.6300
2026-07-13 04:58:45 INFO: [ls_stage1] Iter 91: IMPROVEMENT move=('moveto', 3, 7) obj=200.2100
2026-07-13 04:58:48 INFO: [ls_stage1] Iter 92: IMPROVEMENT move=('swap', 22, 86) obj=200.1900
2026-07-13 04:58:50 INFO: [ls_stage1] Iter 93: PLATEAU move=('swap', 60, 74) obj=200.1900
2026-07-13 04:58:53 INFO: [ls_stage1] Iter 94: PLATEAU move=('swap', 19, 20) obj=200.1900
2026-07-13 04:58:55 INFO: [ls_stage1] Iter 95: IMPROVEMENT move=('moveto', 48, 0) obj=200.1700
2026-07-13 04:58:58 INFO: [ls_stage1] Iter 96: PLATEAU move=('swap', 17, 84) obj=200.1700
2026-07-13 04:59:01 INFO: [ls_stage1] Iter 97: PLATEAU move=('swap', 34, 97) obj=200.1700
2026-07-13 04:59:03 INFO: [ls_stage1] Iter 98: PLATEAU move=('swap', 33, 88) obj=200.1700
2026-07-13 04:59:06 INFO: [ls_stage1] Iter 99: PLATEAU move=('swap', 84, 96) obj=200.1700
2026-07-13 04:59:08 INFO: [ls_stage1] Iter 100: PLATEAU move=('moveto', 70, 8) obj=200.1700
2026-07-13 04:59:08 INFO: [ls_stage1] Final objective = 200.1700
2026-07-13 04:59:08 INFO: Stage 1 solved.
2026-07-13 04:59:08 INFO: Solving stage 2 ... 
2026-07-13 04:59:09 INFO: [ls_stage2] Building initial solution ...
2026-07-13 05:00:22 INFO: [ls_stage2] Feasible initial solution: obj = 120.1370
2026-07-13 05:00:22 WARNING: 
Variables size:
  x shape = (176, 100)
  f0 = (100, 100)
  g0 = (100, 100)
  v0 = (100, 100)
  y shape = (156, 1615321)
  num constraints satisfied = 2694980

2026-07-13 05:01:37 INFO: [ls_stage2] Iter 1: improved move=('item', 47, -8) obj=120.6374
2026-07-13 05:02:51 INFO: [ls_stage2] Iter 2: improved move=('item', 47, -8) obj=121.0738
2026-07-13 05:04:05 INFO: [ls_stage2] Iter 3: improved move=('item', 161, -8) obj=121.4382
2026-07-13 05:05:20 INFO: [ls_stage2] Iter 4: improved move=('item', 29, -8) obj=121.8986
2026-07-13 05:06:34 INFO: [ls_stage2] Iter 5: improved move=('multi_item', (np.int64(29), np.int64(132), np.int64(173)), -5) obj=122.3791
2026-07-13 05:07:48 INFO: [ls_stage2] Iter 6: improved move=('item', 52, -8) obj=122.7835
2026-07-13 05:09:02 INFO: [ls_stage2] Iter 7: improved move=('multi_item', (np.int64(35), np.int64(165), np.int64(109)), -5) obj=123.1290
2026-07-13 05:10:17 INFO: [ls_stage2] Iter 8: improved move=('multi_item', (np.int64(77), np.int64(58), np.int64(49)), -4) obj=123.5476
2026-07-13 05:11:31 INFO: [ls_stage2] Iter 9: improved move=('item', 60, -8) obj=123.9280
2026-07-13 05:12:41 INFO: [ls_stage2] Iter 10: improved move=('multi_item', (np.int64(144), np.int64(47), np.int64(151)), -5) obj=124.3344
2026-07-13 05:13:50 INFO: [ls_stage2] Iter 11: improved move=('item', 107, -8) obj=124.6828
2026-07-13 05:13:51 WARNING: _rebuild_pod_row: pod 592 cannot reach ws 29 by t=3 from 866 t=0 — staying put
2026-07-13 05:15:03 INFO: [ls_stage2] Candidate rejected: move=('multi_item', (np.int64(21), np.int64(132), np.int64(123)), -5) obj=125.0924 violations=['EC18']
2026-07-13 05:16:17 INFO: [ls_stage2] Iter 12: improved move=('multi_item', (np.int64(29), np.int64(131), np.int64(53)), -4) obj=125.0774
2026-07-13 05:17:31 INFO: [ls_stage2] Iter 13: improved move=('multi_item', (np.int64(7), np.int64(42), np.int64(50)), -5) obj=125.4900
2026-07-13 05:18:44 INFO: [ls_stage2] Iter 14: improved move=('item', 162, -8) obj=125.8864
2026-07-13 05:19:58 INFO: [ls_stage2] Iter 15: improved move=('item', 29, -8) obj=126.2108
2026-07-13 05:19:59 WARNING: _rebuild_pod_row: pod 163 cannot reach ws 27 by t=1 from 1729 t=0 — staying put
2026-07-13 05:21:12 INFO: [ls_stage2] Candidate rejected: move=('multi_item', (np.int64(83), np.int64(123), np.int64(34)), -5) obj=126.5855 violations=['EC18']
2026-07-13 05:22:25 INFO: [ls_stage2] Iter 16: improved move=('item', 160, -8) obj=126.5752
2026-07-13 05:23:39 INFO: [ls_stage2] Iter 17: improved move=('multi_item', (np.int64(164), np.int64(147), np.int64(52)), -5) obj=127.0416
2026-07-13 05:24:49 INFO: [ls_stage2] Iter 18: improved move=('item', 47, -8) obj=127.3740
2026-07-13 05:26:03 INFO: [ls_stage2] Iter 19: improved move=('item', 161, -8) obj=127.6744
2026-07-13 05:27:17 INFO: [ls_stage2] Iter 20: improved move=('multi_item', (np.int64(160), np.int64(107), np.int64(29)), -5) obj=128.2252
2026-07-13 05:28:31 INFO: [ls_stage2] Iter 21: improved move=('item', 49, -8) obj=128.6616
2026-07-13 05:29:44 INFO: [ls_stage2] Iter 22: improved move=('multi_item', (np.int64(146), np.int64(116), np.int64(148)), -5) obj=128.9671
2026-07-13 05:30:58 INFO: [ls_stage2] Iter 23: improved move=('multi_item', (np.int64(63), np.int64(29), np.int64(162)), -4) obj=129.3977
2026-07-13 05:32:12 INFO: [ls_stage2] Iter 24: improved move=('item', 60, -8) obj=129.7141
2026-07-13 05:33:26 INFO: [ls_stage2] Iter 25: improved move=('multi_item', (np.int64(173), np.int64(126), np.int64(49)), -5) obj=130.0874
2026-07-13 05:34:35 INFO: [ls_stage2] Iter 26: improved move=('item', 132, -8) obj=130.3958
2026-07-13 05:35:49 INFO: [ls_stage2] Iter 27: improved move=('item', 48, -8) obj=130.6882
2026-07-13 05:37:02 INFO: [ls_stage2] Iter 28: improved move=('multi_item', (np.int64(111), np.int64(77), np.int64(123)), -4) obj=131.0317
2026-07-13 05:38:16 INFO: [ls_stage2] Iter 29: improved move=('multi_item', (np.int64(112), np.int64(49), np.int64(19)), -4) obj=131.3512
2026-07-13 05:39:30 INFO: [ls_stage2] Iter 30: improved move=('multi_item', (np.int64(115), np.int64(163), np.int64(164)), -5) obj=131.6364
2026-07-13 05:40:43 INFO: [ls_stage2] Iter 31: improved move=('item', 52, -8) obj=131.9368
2026-07-13 05:41:57 INFO: [ls_stage2] Iter 32: improved move=('multi_item', (np.int64(61), np.int64(139), np.int64(101)), -4) obj=132.2311
2026-07-13 05:43:11 INFO: [ls_stage2] Iter 33: improved move=('item', 52, -8) obj=132.4675
2026-07-13 05:44:21 INFO: [ls_stage2] Iter 34: improved move=('multi_item', (np.int64(165), np.int64(97), np.int64(163)), -5) obj=132.7589
2026-07-13 05:44:22 WARNING: _rebuild_pod_row: pod 592 cannot reach ws 29 by t=3 from 866 t=0 — staying put
2026-07-13 05:44:22 WARNING: _rebuild_pod_row: pod 33 cannot reach ws 25 by t=7 from 1961 t=0 — staying put
2026-07-13 05:44:22 WARNING: _rebuild_pod_row: pod 33 cannot reach ws 25 by t=15 from 1961 t=8 — staying put
2026-07-13 05:45:34 INFO: [ls_stage2] Candidate rejected: move=('multi_item', (np.int64(145), np.int64(49), np.int64(21)), -5) obj=133.0195 violations=['EC18']
2026-07-13 05:46:48 INFO: [ls_stage2] Iter 35: improved move=('multi_item', (np.int64(108), np.int64(63), np.int64(18)), -4) obj=133.0053
2026-07-13 05:48:02 INFO: [ls_stage2] Iter 36: improved move=('multi_item', (np.int64(1), np.int64(110), np.int64(165)), -4) obj=133.3818
2026-07-13 05:49:15 INFO: [ls_stage2] Iter 37: improved move=('item', 160, -8) obj=133.6422
2026-07-13 05:50:29 INFO: [ls_stage2] Iter 38: improved move=('multi_item', (np.int64(136), np.int64(157), np.int64(164)), -4) obj=133.9306
2026-07-13 05:51:43 INFO: [ls_stage2] Iter 39: improved move=('item', 7, -8) obj=134.2070
2026-07-13 05:52:57 INFO: [ls_stage2] Iter 40: improved move=('item', 31, -8) obj=134.4514
2026-07-13 05:52:58 WARNING: _rebuild_pod_row: pod 645 cannot reach ws 29 by t=1 from 725 t=0 — staying put
2026-07-13 05:54:07 INFO: [ls_stage2] Candidate rejected: move=('multi_item', (np.int64(49), np.int64(155), np.int64(47)), -4) obj=134.7568 violations=['EC18']
2026-07-13 05:55:20 INFO: [ls_stage2] Iter 41: improved move=('item', 62, -8) obj=134.6958
2026-07-13 05:56:31 INFO: [ls_stage2] Iter 42: improved move=('multi_item', (np.int64(156), np.int64(84), np.int64(60)), -5) obj=134.9712
2026-07-13 05:57:45 INFO: [ls_stage2] Iter 43: improved move=('item', 49, -8) obj=135.2716
2026-07-13 05:58:58 INFO: [ls_stage2] Iter 44: improved move=('item', 132, -8) obj=135.5160
2026-07-13 06:00:12 INFO: [ls_stage2] Iter 45: improved move=('multi_item', (np.int64(117), np.int64(48), np.int64(105)), -5) obj=135.8024
2026-07-13 06:01:26 INFO: [ls_stage2] Iter 46: improved move=('multi_item', (np.int64(162), np.int64(51), np.int64(175)), -4) obj=136.0598
2026-07-13 06:02:37 INFO: [ls_stage2] Iter 47: improved move=('item', 47, -8) obj=136.3282
2026-07-13 06:03:47 INFO: [ls_stage2] Iter 48: improved move=('multi_item', (np.int64(160), np.int64(47), np.int64(53)), -4) obj=136.6108
2026-07-13 06:05:00 INFO: [ls_stage2] Iter 49: improved move=('multi_item', (np.int64(31), np.int64(23), np.int64(131)), -5) obj=136.8663
2026-07-13 06:06:14 INFO: [ls_stage2] Iter 50: improved move=('multi_item', (np.int64(6), np.int64(165), np.int64(11)), -5) obj=137.1220
2026-07-13 06:07:27 INFO: [ls_stage2] Iter 51: improved move=('multi_item', (np.int64(7), np.int64(111), np.int64(34)), -5) obj=137.4696
2026-07-13 06:08:41 INFO: [ls_stage2] Iter 52: improved move=('item', 161, -8) obj=137.7060
2026-07-13 06:09:54 INFO: [ls_stage2] Iter 53: improved move=('multi_item', (np.int64(141), np.int64(162), np.int64(45)), -5) obj=138.0215
2026-07-13 06:11:08 INFO: [ls_stage2] Iter 54: improved move=('multi_item', (np.int64(172), np.int64(128), np.int64(63)), -5) obj=138.2819
2026-07-13 06:12:22 INFO: [ls_stage2] Iter 55: improved move=('multi_item', (np.int64(162), np.int64(44), np.int64(132)), -5) obj=138.6827
2026-07-13 06:12:23 WARNING: _rebuild_pod_row: pod 645 cannot reach ws 29 by t=1 from 725 t=0 — staying put
2026-07-13 06:13:35 INFO: [ls_stage2] Candidate rejected: move=('multi_item', (np.int64(155), np.int64(17), np.int64(118)), -4) obj=138.9430 violations=['EC18']
2026-07-13 06:14:48 INFO: [ls_stage2] Iter 56: improved move=('multi_item', (np.int64(60), np.int64(72), np.int64(107)), -4) obj=138.9271
2026-07-13 06:16:01 INFO: [ls_stage2] Iter 57: improved move=('multi_item', (np.int64(148), np.int64(46), np.int64(47)), -4) obj=139.2775
2026-07-13 06:17:15 INFO: [ls_stage2] Iter 58: improved move=('multi_item', (np.int64(56), np.int64(160), np.int64(161)), -4) obj=139.5161
2026-07-13 06:18:28 INFO: [ls_stage2] Iter 59: improved move=('item', 109, -8) obj=139.6885
2026-07-13 06:18:29 WARNING: _rebuild_pod_row: pod 33 cannot reach ws 25 by t=6 from 1961 t=0 — staying put
2026-07-13 06:18:29 WARNING: _rebuild_pod_row: pod 33 cannot reach ws 25 by t=12 from 1961 t=7 — staying put
2026-07-13 06:18:29 WARNING: _rebuild_pod_row: pod 284 cannot reach ws 29 by t=2 from 1480 t=0 — staying put
2026-07-13 06:19:42 INFO: [ls_stage2] Candidate rejected: move=('multi_item', (np.int64(81), np.int64(60), np.int64(56)), -5) obj=139.8793 violations=['EC18']
2026-07-13 06:20:54 INFO: [ls_stage2] Iter 60: improved move=('item', 52, -8) obj=139.8609
2026-07-13 06:22:08 INFO: [ls_stage2] Iter 61: improved move=('item', 96, -6) obj=140.0791
2026-07-13 06:23:21 INFO: [ls_stage2] Iter 62: improved move=('multi_item', (np.int64(71), np.int64(43), np.int64(141)), -4) obj=140.3107
2026-07-13 06:24:34 INFO: [ls_stage2] Iter 63: improved move=('multi_item', (np.int64(170), np.int64(171), np.int64(38)), -5) obj=140.5130
2026-07-13 06:25:48 INFO: [ls_stage2] Iter 64: improved move=('item', 49, -8) obj=140.7494
2026-07-13 06:27:01 INFO: [ls_stage2] Iter 65: improved move=('multi_item', (np.int64(127), np.int64(108), np.int64(168)), -4) obj=140.9628
2026-07-13 06:28:14 INFO: [ls_stage2] Iter 66: improved move=('multi_item', (np.int64(19), np.int64(17), np.int64(97)), -4) obj=141.2282
2026-07-13 06:29:28 INFO: [ls_stage2] Iter 67: improved move=('multi_item', (np.int64(161), np.int64(89), np.int64(31)), -4) obj=141.4377
2026-07-13 06:30:42 INFO: [ls_stage2] Iter 68: improved move=('multi_item', (np.int64(87), np.int64(48), np.int64(109)), -5) obj=141.6684
2026-07-13 06:31:55 INFO: [ls_stage2] Iter 69: improved move=('multi_item', (np.int64(36), np.int64(63)), -5) obj=141.8968
2026-07-13 06:31:56 WARNING: _rebuild_pod_row: pod 163 cannot reach ws 27 by t=1 from 1729 t=0 — staying put
2026-07-13 06:33:08 INFO: [ls_stage2] Candidate rejected: move=('multi_item', (np.int64(83), np.int64(50), np.int64(47)), -5) obj=142.0734 violations=['EC18']
2026-07-13 06:34:21 INFO: [ls_stage2] Iter 70: improved move=('item', 165, -8) obj=142.0612
2026-07-13 06:35:35 INFO: [ls_stage2] Iter 71: improved move=('multi_item', (np.int64(55), np.int64(146), np.int64(5)), -5) obj=142.3448
2026-07-13 06:36:48 INFO: [ls_stage2] Iter 72: improved move=('multi_item', (np.int64(24), np.int64(137), np.int64(112)), -4) obj=142.6043
2026-07-13 06:38:01 INFO: [ls_stage2] Iter 73: improved move=('multi_item', (np.int64(132), np.int64(47)), -5) obj=142.7948
2026-07-13 06:39:35 INFO: [ls_stage2] Iter 74: improved move=('multi_item', (np.int64(120), np.int64(90), np.int64(53)), -5) obj=143.0182
2026-07-13 06:40:48 INFO: [ls_stage2] Iter 75: improved move=('multi_item', (np.int64(131), np.int64(140), np.int64(112)), -5) obj=143.1987
2026-07-13 06:42:01 INFO: [ls_stage2] Iter 76: improved move=('item', 49, -8) obj=143.3711
2026-07-13 06:42:02 WARNING: _rebuild_pod_row: pod 815 cannot reach ws 29 by t=1 from 327 t=0 — staying put
2026-07-13 06:43:15 INFO: [ls_stage2] Candidate rejected: move=('multi_item', (np.int64(29), np.int64(20), np.int64(63)), -5) obj=143.5766 violations=['EC18']
2026-07-13 06:44:27 INFO: [ls_stage2] Iter 77: improved move=('multi_item', (np.int64(123), np.int64(161), np.int64(29)), -5) obj=143.5716
2026-07-13 06:45:41 INFO: [ls_stage2] Iter 78: improved move=('multi_item', (np.int64(157), np.int64(152), np.int64(89)), -2) obj=143.7358
2026-07-13 06:46:54 INFO: [ls_stage2] Iter 79: improved move=('item', 122, -8) obj=143.9561
2026-07-13 06:48:07 INFO: [ls_stage2] Iter 80: improved move=('multi_item', (np.int64(168), np.int64(60), np.int64(162)), -5) obj=144.2016
2026-07-13 06:49:21 INFO: [ls_stage2] Iter 81: improved move=('multi_item', (np.int64(54), np.int64(146), np.int64(24)), -5) obj=144.4112
2026-07-13 06:50:34 INFO: [ls_stage2] Iter 82: improved move=('multi_item', (np.int64(126), np.int64(105), np.int64(123)), -4) obj=144.6544
2026-07-13 06:51:47 INFO: [ls_stage2] Iter 83: improved move=('item', 107, -8) obj=144.8668
2026-07-13 06:53:01 INFO: [ls_stage2] Candidate rejected: move=('multi_item', (np.int64(161), np.int64(23), np.int64(44)), -5) obj=145.0223 violations=['EC11']
2026-07-13 06:53:01 WARNING: _rebuild_pod_row: pod 61 cannot reach ws 29 by t=7 from 1894 t=0 — staying put
2026-07-13 06:54:13 INFO: [ls_stage2] Candidate rejected: move=('multi_item', (np.int64(44), np.int64(109), np.int64(169)), -5) obj=145.0223 violations=['EC18']
2026-07-13 06:54:14 WARNING: _rebuild_pod_row: pod 61 cannot reach ws 29 by t=7 from 1894 t=0 — staying put
2026-07-13 06:55:27 INFO: [ls_stage2] Candidate rejected: move=('multi_item', (np.int64(44), np.int64(109)), -5) obj=145.0223 violations=['EC18']
2026-07-13 06:55:27 INFO: [ls_stage2] Iter 84: no accepted move (1/5)
2026-07-13 06:56:40 INFO: [ls_stage2] Iter 85: improved move=('multi_item', (np.int64(160), np.int64(150), np.int64(159)), -2) obj=144.9621
2026-07-13 06:57:53 INFO: [ls_stage2] Iter 86: improved move=('multi_item', (np.int64(40), np.int64(41), np.int64(118)), -4) obj=145.1483
2026-07-13 06:57:54 WARNING: _rebuild_pod_row: pod 33 cannot reach ws 25 by t=6 from 1961 t=0 — staying put
2026-07-13 06:57:54 WARNING: _rebuild_pod_row: pod 33 cannot reach ws 25 by t=12 from 1961 t=7 — staying put
2026-07-13 06:59:06 INFO: [ls_stage2] Candidate rejected: move=('multi_item', (np.int64(56), np.int64(28), np.int64(26)), -5) obj=145.3078 violations=['EC18']
2026-07-13 07:00:19 INFO: [ls_stage2] Iter 87: improved move=('item', 7, -6) obj=145.2836
2026-07-13 07:01:33 INFO: [ls_stage2] Iter 88: improved move=('item', 44, -8) obj=145.4400
2026-07-13 07:01:34 WARNING: _rebuild_pod_row: pod 841 cannot reach ws 23 by t=3 from 256 t=0 — staying put
2026-07-13 07:02:46 INFO: [ls_stage2] Candidate rejected: move=('multi_item', (np.int64(77), np.int64(14), np.int64(106)), -4) obj=145.5925 violations=['EC18']
2026-07-13 07:03:59 INFO: [ls_stage2] Iter 89: improved move=('item', 48, -6) obj=145.5573
2026-07-13 07:04:00 WARNING: _rebuild_pod_row: pod 355 cannot reach ws 23 by t=8 from 1375 t=0 — staying put
2026-07-13 07:05:13 INFO: [ls_stage2] Candidate rejected: move=('multi_item', (np.int64(156), np.int64(157), np.int64(60)), -5) obj=145.7228 violations=['EC18']
2026-07-13 07:06:26 INFO: [ls_stage2] Iter 90: improved move=('item', 39, -8) obj=145.7117
2026-07-13 07:07:39 INFO: [ls_stage2] Iter 91: improved move=('item', 77, -8) obj=145.8601
2026-07-13 07:07:40 WARNING: _rebuild_pod_row: pod 841 cannot reach ws 23 by t=3 from 256 t=0 — staying put
2026-07-13 07:08:53 INFO: [ls_stage2] Candidate rejected: move=('multi_item', (np.int64(45), np.int64(14), np.int64(46)), -4) obj=146.0965 violations=['EC18']
2026-07-13 07:08:54 WARNING: _rebuild_pod_row: pod 847 cannot reach ws 25 by t=0 from 268 t=0 — staying put
2026-07-13 07:10:06 INFO: [ls_stage2] Candidate rejected: move=('multi_item', (np.int64(29), np.int64(113), np.int64(138)), -5) obj=146.0154 violations=['EC18']
2026-07-13 07:11:19 INFO: [ls_stage2] Iter 92: improved move=('multi_item', (np.int64(115), np.int64(142), np.int64(26)), -5) obj=145.9963
2026-07-13 07:12:33 INFO: [ls_stage2] Iter 93: improved move=('item', 167, -8) obj=146.1527
2026-07-13 07:13:47 INFO: [ls_stage2] Iter 94: improved move=('item', 107, -8) obj=146.3011
2026-07-13 07:15:00 INFO: [ls_stage2] Iter 95: improved move=('multi_item', (np.int64(38), np.int64(117), np.int64(60)), -4) obj=146.4955
2026-07-13 07:16:14 INFO: [ls_stage2] Iter 96: improved move=('multi_item', (np.int64(89), np.int64(118), np.int64(55)), -5) obj=146.7019
2026-07-13 07:17:27 INFO: [ls_stage2] Iter 97: improved move=('multi_item', (np.int64(36), np.int64(38), np.int64(118)), -5) obj=146.8441
2026-07-13 07:17:28 WARNING: _rebuild_pod_row: pod 33 cannot reach ws 25 by t=6 from 1961 t=0 — staying put
2026-07-13 07:17:28 WARNING: _rebuild_pod_row: pod 33 cannot reach ws 25 by t=12 from 1961 t=7 — staying put
2026-07-13 07:18:41 INFO: [ls_stage2] Candidate rejected: move=('multi_item', (np.int64(47), np.int64(75), np.int64(56)), -5) obj=147.0407 violations=['EC18']
2026-07-13 07:19:54 INFO: [ls_stage2] Iter 98: improved move=('multi_item', (np.int64(47), np.int64(75)), -5) obj=146.9954
2026-07-13 07:19:55 WARNING: _rebuild_pod_row: pod 148 cannot reach ws 27 by t=7 from 1823 t=0 — staying put
2026-07-13 07:19:55 WARNING: _rebuild_pod_row: pod 148 cannot reach ws 27 by t=11 from 1823 t=8 — staying put
2026-07-13 07:21:07 INFO: [ls_stage2] Candidate rejected: move=('multi_item', (np.int64(67), np.int64(76), np.int64(143)), -5) obj=147.1568 violations=['EC18']
2026-07-13 07:22:20 INFO: [ls_stage2] Iter 99: improved move=('item', 29, -8) obj=147.1438
2026-07-13 07:22:21 WARNING: _rebuild_pod_row: pod 813 cannot reach ws 23 by t=0 from 323 t=0 — staying put
2026-07-13 07:23:33 INFO: [ls_stage2] Candidate rejected: move=('multi_item', (np.int64(162), np.int64(32), np.int64(165)), -5) obj=147.3296 violations=['EC18']
2026-07-13 07:24:46 INFO: [ls_stage2] Iter 100: improved move=('multi_item', (np.int64(50), np.int64(77), np.int64(47)), -4) obj=147.2933
2026-07-13 07:24:46 INFO: Stage 2 solved.
2026-07-13 07:25:29 DEBUG: Order 20 will be opened at workstation 0. [opened orders = 0 / 4]
2026-07-13 07:25:29 DEBUG: Order 56 will be opened at workstation 0. [opened orders = 0 / 4]
2026-07-13 07:25:29 DEBUG: Order 19 will be opened at workstation 0. [opened orders = 0 / 4]
2026-07-13 07:25:29 DEBUG: Order 69 will be opened at workstation 0. [opened orders = 0 / 4]
2026-07-13 07:25:29 DEBUG: Order 8 queued at workstation 0. [order_queue len = 1]
2026-07-13 07:25:29 DEBUG: Order 48 queued at workstation 0. [order_queue len = 2]
2026-07-13 07:25:29 DEBUG: Order 6 queued at workstation 0. [order_queue len = 3]
2026-07-13 07:25:29 DEBUG: Order 85 queued at workstation 0. [order_queue len = 4]
2026-07-13 07:25:29 DEBUG: Order 72 queued at workstation 0. [order_queue len = 5]
2026-07-13 07:25:29 DEBUG: Order 36 queued at workstation 0. [order_queue len = 6]
2026-07-13 07:25:29 DEBUG: Order 89 queued at workstation 0. [order_queue len = 7]
2026-07-13 07:25:29 DEBUG: Order 13 queued at workstation 0. [order_queue len = 8]
2026-07-13 07:25:29 DEBUG: Order 61 queued at workstation 0. [order_queue len = 9]
2026-07-13 07:25:29 DEBUG: Order 98 queued at workstation 0. [order_queue len = 10]
2026-07-13 07:25:29 DEBUG: Order 40 queued at workstation 0. [order_queue len = 11]
2026-07-13 07:25:29 DEBUG: Order 51 will be opened at workstation 1. [opened orders = 0 / 4]
2026-07-13 07:25:29 DEBUG: Order 5 will be opened at workstation 1. [opened orders = 0 / 4]
2026-07-13 07:25:29 DEBUG: Order 71 will be opened at workstation 1. [opened orders = 0 / 4]
2026-07-13 07:25:29 DEBUG: Order 11 will be opened at workstation 1. [opened orders = 0 / 4]
2026-07-13 07:25:29 DEBUG: Order 64 queued at workstation 1. [order_queue len = 1]
2026-07-13 07:25:29 DEBUG: Order 79 queued at workstation 1. [order_queue len = 2]
2026-07-13 07:25:29 DEBUG: Order 42 queued at workstation 1. [order_queue len = 3]
2026-07-13 07:25:29 DEBUG: Order 4 queued at workstation 1. [order_queue len = 4]
2026-07-13 07:25:29 DEBUG: Order 9 queued at workstation 1. [order_queue len = 5]
2026-07-13 07:25:29 DEBUG: Order 80 queued at workstation 1. [order_queue len = 6]
2026-07-13 07:25:29 DEBUG: Order 2 queued at workstation 1. [order_queue len = 7]
2026-07-13 07:25:29 DEBUG: Order 77 queued at workstation 1. [order_queue len = 8]
2026-07-13 07:25:29 DEBUG: Order 35 queued at workstation 1. [order_queue len = 9]
2026-07-13 07:25:29 DEBUG: Order 82 queued at workstation 1. [order_queue len = 10]
2026-07-13 07:25:29 DEBUG: Order 25 queued at workstation 1. [order_queue len = 11]
2026-07-13 07:25:29 DEBUG: Order 41 will be opened at workstation 2. [opened orders = 0 / 4]
2026-07-13 07:25:29 DEBUG: Order 7 will be opened at workstation 2. [opened orders = 0 / 4]
2026-07-13 07:25:29 DEBUG: Order 58 will be opened at workstation 2. [opened orders = 0 / 4]
2026-07-13 07:25:29 DEBUG: Order 49 will be opened at workstation 2. [opened orders = 0 / 4]
2026-07-13 07:25:29 DEBUG: Order 90 queued at workstation 2. [order_queue len = 1]
2026-07-13 07:25:29 DEBUG: Order 53 queued at workstation 2. [order_queue len = 2]
2026-07-13 07:25:29 DEBUG: Order 66 queued at workstation 2. [order_queue len = 3]
2026-07-13 07:25:29 DEBUG: Order 46 queued at workstation 2. [order_queue len = 4]
2026-07-13 07:25:29 DEBUG: Order 54 queued at workstation 2. [order_queue len = 5]
2026-07-13 07:25:29 DEBUG: Order 47 will be opened at workstation 3. [opened orders = 0 / 4]
2026-07-13 07:25:29 DEBUG: Order 88 will be opened at workstation 3. [opened orders = 0 / 4]
2026-07-13 07:25:29 DEBUG: Order 12 will be opened at workstation 3. [opened orders = 0 / 4]
2026-07-13 07:25:29 DEBUG: Order 33 will be opened at workstation 3. [opened orders = 0 / 4]
2026-07-13 07:25:29 DEBUG: Order 62 queued at workstation 3. [order_queue len = 1]
2026-07-13 07:25:29 DEBUG: Order 14 queued at workstation 3. [order_queue len = 2]
2026-07-13 07:25:29 DEBUG: Order 99 queued at workstation 3. [order_queue len = 3]
2026-07-13 07:25:29 DEBUG: Order 1 queued at workstation 3. [order_queue len = 4]
2026-07-13 07:25:29 DEBUG: Order 50 queued at workstation 3. [order_queue len = 5]
2026-07-13 07:25:29 DEBUG: Order 24 queued at workstation 3. [order_queue len = 6]
2026-07-13 07:25:29 DEBUG: Order 96 will be opened at workstation 4. [opened orders = 0 / 4]
2026-07-13 07:25:29 DEBUG: Order 17 will be opened at workstation 4. [opened orders = 0 / 4]
2026-07-13 07:25:29 DEBUG: Order 97 will be opened at workstation 4. [opened orders = 0 / 4]
2026-07-13 07:25:29 DEBUG: Order 26 will be opened at workstation 4. [opened orders = 0 / 4]
2026-07-13 07:25:29 DEBUG: Order 34 queued at workstation 4. [order_queue len = 1]
2026-07-13 07:25:29 DEBUG: Order 23 queued at workstation 4. [order_queue len = 2]
2026-07-13 07:25:29 DEBUG: Order 73 queued at workstation 4. [order_queue len = 3]
2026-07-13 07:25:29 DEBUG: Order 84 queued at workstation 4. [order_queue len = 4]
2026-07-13 07:25:29 DEBUG: Order 15 queued at workstation 4. [order_queue len = 5]
2026-07-13 07:25:29 DEBUG: Order 21 queued at workstation 4. [order_queue len = 6]
2026-07-13 07:25:29 DEBUG: Order 45 will be opened at workstation 5. [opened orders = 0 / 4]
2026-07-13 07:25:29 DEBUG: Order 83 will be opened at workstation 5. [opened orders = 0 / 4]
2026-07-13 07:25:29 DEBUG: Order 38 will be opened at workstation 5. [opened orders = 0 / 4]
2026-07-13 07:25:29 DEBUG: Order 31 will be opened at workstation 5. [opened orders = 0 / 4]
2026-07-13 07:25:29 DEBUG: Order 65 queued at workstation 5. [order_queue len = 1]
2026-07-13 07:25:29 DEBUG: Order 43 queued at workstation 5. [order_queue len = 2]
2026-07-13 07:25:29 DEBUG: Order 87 queued at workstation 5. [order_queue len = 3]
2026-07-13 07:25:29 DEBUG: Order 86 queued at workstation 5. [order_queue len = 4]
2026-07-13 07:25:29 DEBUG: Order 76 will be opened at workstation 6. [opened orders = 0 / 4]
2026-07-13 07:25:29 DEBUG: Order 95 will be opened at workstation 6. [opened orders = 0 / 4]
2026-07-13 07:25:29 DEBUG: Order 18 will be opened at workstation 6. [opened orders = 0 / 4]
2026-07-13 07:25:29 DEBUG: Order 39 will be opened at workstation 6. [opened orders = 0 / 4]
2026-07-13 07:25:29 DEBUG: Order 81 queued at workstation 6. [order_queue len = 1]
2026-07-13 07:25:29 DEBUG: Order 22 queued at workstation 6. [order_queue len = 2]
2026-07-13 07:25:29 DEBUG: Order 44 queued at workstation 6. [order_queue len = 3]
2026-07-13 07:25:29 DEBUG: Order 68 queued at workstation 6. [order_queue len = 4]
2026-07-13 07:25:29 DEBUG: Order 59 queued at workstation 6. [order_queue len = 5]
2026-07-13 07:25:29 DEBUG: Order 60 will be opened at workstation 7. [opened orders = 0 / 4]
2026-07-13 07:25:29 DEBUG: Order 29 will be opened at workstation 7. [opened orders = 0 / 4]
2026-07-13 07:25:29 DEBUG: Order 91 will be opened at workstation 7. [opened orders = 0 / 4]
2026-07-13 07:25:29 DEBUG: Order 3 will be opened at workstation 7. [opened orders = 0 / 4]
2026-07-13 07:25:29 DEBUG: Order 63 queued at workstation 7. [order_queue len = 1]
2026-07-13 07:25:29 DEBUG: Order 57 queued at workstation 7. [order_queue len = 2]
2026-07-13 07:25:29 DEBUG: Order 10 queued at workstation 7. [order_queue len = 3]
2026-07-13 07:25:29 DEBUG: Order 52 queued at workstation 7. [order_queue len = 4]
2026-07-13 07:25:29 DEBUG: Order 75 will be opened at workstation 8. [opened orders = 0 / 4]
2026-07-13 07:25:29 DEBUG: Order 67 will be opened at workstation 8. [opened orders = 0 / 4]
2026-07-13 07:25:29 DEBUG: Order 28 will be opened at workstation 8. [opened orders = 0 / 4]
2026-07-13 07:25:29 DEBUG: Order 92 will be opened at workstation 8. [opened orders = 0 / 4]
2026-07-13 07:25:29 DEBUG: Order 16 queued at workstation 8. [order_queue len = 1]
2026-07-13 07:25:29 DEBUG: Order 74 queued at workstation 8. [order_queue len = 2]
2026-07-13 07:25:29 DEBUG: Order 32 queued at workstation 8. [order_queue len = 3]
2026-07-13 07:25:29 DEBUG: Order 30 queued at workstation 8. [order_queue len = 4]
2026-07-13 07:25:29 DEBUG: Order 37 queued at workstation 8. [order_queue len = 5]
2026-07-13 07:25:29 DEBUG: Order 93 queued at workstation 8. [order_queue len = 6]
2026-07-13 07:25:29 DEBUG: Order 0 queued at workstation 8. [order_queue len = 7]
2026-07-13 07:25:29 DEBUG: Order 55 queued at workstation 8. [order_queue len = 8]
2026-07-13 07:25:29 DEBUG: Order 94 queued at workstation 8. [order_queue len = 9]
2026-07-13 07:25:29 DEBUG: Order 78 queued at workstation 8. [order_queue len = 10]
2026-07-13 07:25:29 DEBUG: Order 27 queued at workstation 8. [order_queue len = 11]
2026-07-13 07:25:29 DEBUG: Order 70 queued at workstation 8. [order_queue len = 12]
2026-07-13 07:25:29 WARNING: Task designing ended. Optimizer designed 160 tasks.
2026-07-13 07:25:29 DEBUG:    EVENT NUM 3     current_time = 00:00:01   RELEASE_TASK          [queue size = 197]
2026-07-13 07:25:29 DEBUG: Task 0 released: pod 853 required by workstation(s) [3].  [released tasks = 1]
2026-07-13 07:25:29 DEBUG:    EVENT NUM 4     current_time = 00:00:01   OPEN_ORDER            [queue size = 197]
2026-07-13 07:25:29 DEBUG: Order 20 (skus required = {5274}) opened at workstation 0.   [open_orders = 1/4]
2026-07-13 07:25:29 DEBUG:    EVENT NUM 5     current_time = 00:00:01   OPEN_ORDER            [queue size = 197]
2026-07-13 07:25:29 DEBUG: Order 56 (skus required = {4994}) opened at workstation 0.   [open_orders = 2/4]
2026-07-13 07:25:29 DEBUG:    EVENT NUM 6     current_time = 00:00:01   OPEN_ORDER            [queue size = 197]
2026-07-13 07:25:29 DEBUG: Order 19 (skus required = {9185}) opened at workstation 0.   [open_orders = 3/4]
2026-07-13 07:25:29 DEBUG:    EVENT NUM 7     current_time = 00:00:01   OPEN_ORDER            [queue size = 197]
2026-07-13 07:25:29 DEBUG: Order 69 (skus required = {1396, 6789}) opened at workstation 0.   [open_orders = 4/4]
2026-07-13 07:25:29 DEBUG:    EVENT NUM 8     current_time = 00:00:01   OPEN_ORDER            [queue size = 197]
2026-07-13 07:25:29 DEBUG: Order 51 (skus required = {7879}) opened at workstation 1.   [open_orders = 1/4]
2026-07-13 07:25:29 DEBUG:    EVENT NUM 9     current_time = 00:00:01   OPEN_ORDER            [queue size = 197]
2026-07-13 07:25:29 DEBUG: Order 5 (skus required = {8297}) opened at workstation 1.   [open_orders = 2/4]
2026-07-13 07:25:29 DEBUG:    EVENT NUM 10    current_time = 00:00:01   OPEN_ORDER            [queue size = 197]
2026-07-13 07:25:29 DEBUG: Order 71 (skus required = {5735}) opened at workstation 1.   [open_orders = 3/4]
2026-07-13 07:25:29 DEBUG:    EVENT NUM 11    current_time = 00:00:01   OPEN_ORDER            [queue size = 197]
2026-07-13 07:25:29 DEBUG: Order 11 (skus required = {9795}) opened at workstation 1.   [open_orders = 4/4]
2026-07-13 07:25:29 DEBUG:    EVENT NUM 12    current_time = 00:00:01   OPEN_ORDER            [queue size = 197]
2026-07-13 07:25:29 DEBUG: Order 41 (skus required = {8809, 7670}) opened at workstation 2.   [open_orders = 1/4]
2026-07-13 07:25:29 DEBUG:    EVENT NUM 13    current_time = 00:00:01   OPEN_ORDER            [queue size = 197]
2026-07-13 07:25:29 DEBUG: Order 7 (skus required = {7792, 5876}) opened at workstation 2.   [open_orders = 2/4]
2026-07-13 07:25:29 DEBUG:    EVENT NUM 14    current_time = 00:00:01   OPEN_ORDER            [queue size = 197]
2026-07-13 07:25:29 DEBUG: Order 58 (skus required = {4033}) opened at workstation 2.   [open_orders = 3/4]
2026-07-13 07:25:29 DEBUG:    EVENT NUM 15    current_time = 00:00:01   OPEN_ORDER            [queue size = 197]
2026-07-13 07:25:29 DEBUG: Order 49 (skus required = {12736}) opened at workstation 2.   [open_orders = 4/4]
2026-07-13 07:25:29 DEBUG:    EVENT NUM 16    current_time = 00:00:01   OPEN_ORDER            [queue size = 197]
2026-07-13 07:25:29 DEBUG: Order 47 (skus required = {5708, 2565}) opened at workstation 3.   [open_orders = 1/4]
2026-07-13 07:25:29 DEBUG:    EVENT NUM 17    current_time = 00:00:01   OPEN_ORDER            [queue size = 197]
2026-07-13 07:25:29 DEBUG: Order 88 (skus required = {8610, 7900}) opened at workstation 3.   [open_orders = 2/4]
2026-07-13 07:25:29 DEBUG:    EVENT NUM 18    current_time = 00:00:01   OPEN_ORDER            [queue size = 197]
2026-07-13 07:25:29 DEBUG: Order 12 (skus required = {5061, 9653}) opened at workstation 3.   [open_orders = 3/4]
2026-07-13 07:25:29 DEBUG:    EVENT NUM 19    current_time = 00:00:01   OPEN_ORDER            [queue size = 197]
2026-07-13 07:25:29 DEBUG: Order 33 (skus required = {10384, 4751}) opened at workstation 3.   [open_orders = 4/4]
2026-07-13 07:25:29 DEBUG:    EVENT NUM 20    current_time = 00:00:01   OPEN_ORDER            [queue size = 197]
2026-07-13 07:25:29 DEBUG: Order 96 (skus required = {11148}) opened at workstation 4.   [open_orders = 1/4]
2026-07-13 07:25:29 DEBUG:    EVENT NUM 21    current_time = 00:00:01   OPEN_ORDER            [queue size = 197]
2026-07-13 07:25:29 DEBUG: Order 17 (skus required = {9312}) opened at workstation 4.   [open_orders = 2/4]
2026-07-13 07:25:29 DEBUG:    EVENT NUM 22    current_time = 00:00:01   OPEN_ORDER            [queue size = 197]
2026-07-13 07:25:29 DEBUG: Order 97 (skus required = {9113, 2666}) opened at workstation 4.   [open_orders = 3/4]
2026-07-13 07:25:29 DEBUG:    EVENT NUM 23    current_time = 00:00:01   OPEN_ORDER            [queue size = 197]
2026-07-13 07:25:29 DEBUG: Order 26 (skus required = {9578}) opened at workstation 4.   [open_orders = 4/4]
2026-07-13 07:25:29 DEBUG:    EVENT NUM 24    current_time = 00:00:01   OPEN_ORDER            [queue size = 197]
2026-07-13 07:25:29 DEBUG: Order 45 (skus required = {6776}) opened at workstation 5.   [open_orders = 1/4]
2026-07-13 07:25:29 DEBUG:    EVENT NUM 25    current_time = 00:00:01   OPEN_ORDER            [queue size = 197]
2026-07-13 07:25:29 DEBUG: Order 83 (skus required = {5005}) opened at workstation 5.   [open_orders = 2/4]
2026-07-13 07:25:29 DEBUG:    EVENT NUM 26    current_time = 00:00:01   OPEN_ORDER            [queue size = 197]
2026-07-13 07:25:29 DEBUG: Order 38 (skus required = {6032, 4645}) opened at workstation 5.   [open_orders = 3/4]
2026-07-13 07:25:29 DEBUG:    EVENT NUM 27    current_time = 00:00:01   OPEN_ORDER            [queue size = 197]
2026-07-13 07:25:29 DEBUG: Order 31 (skus required = {6849, 10745}) opened at workstation 5.   [open_orders = 4/4]
2026-07-13 07:25:29 DEBUG:    EVENT NUM 28    current_time = 00:00:01   OPEN_ORDER            [queue size = 197]
2026-07-13 07:25:29 DEBUG: Order 76 (skus required = {2478}) opened at workstation 6.   [open_orders = 1/4]
2026-07-13 07:25:29 DEBUG:    EVENT NUM 29    current_time = 00:00:01   OPEN_ORDER            [queue size = 197]
2026-07-13 07:25:29 DEBUG: Order 95 (skus required = {8896}) opened at workstation 6.   [open_orders = 2/4]
2026-07-13 07:25:29 DEBUG:    EVENT NUM 30    current_time = 00:00:01   OPEN_ORDER            [queue size = 197]
2026-07-13 07:25:29 DEBUG: Order 18 (skus required = {6247}) opened at workstation 6.   [open_orders = 3/4]
2026-07-13 07:25:29 DEBUG:    EVENT NUM 31    current_time = 00:00:01   OPEN_ORDER            [queue size = 197]
2026-07-13 07:25:29 DEBUG: Order 39 (skus required = {7340}) opened at workstation 6.   [open_orders = 4/4]
2026-07-13 07:25:29 DEBUG:    EVENT NUM 32    current_time = 00:00:01   OPEN_ORDER            [queue size = 197]
2026-07-13 07:25:29 DEBUG: Order 60 (skus required = {9075}) opened at workstation 7.   [open_orders = 1/4]
2026-07-13 07:25:29 DEBUG:    EVENT NUM 33    current_time = 00:00:01   OPEN_ORDER            [queue size = 197]
2026-07-13 07:25:29 DEBUG: Order 29 (skus required = {8942}) opened at workstation 7.   [open_orders = 2/4]
2026-07-13 07:25:29 DEBUG:    EVENT NUM 34    current_time = 00:00:01   OPEN_ORDER            [queue size = 197]
2026-07-13 07:25:29 DEBUG: Order 91 (skus required = {5429}) opened at workstation 7.   [open_orders = 3/4]
2026-07-13 07:25:29 DEBUG:    EVENT NUM 35    current_time = 00:00:01   OPEN_ORDER            [queue size = 197]
2026-07-13 07:25:29 DEBUG: Order 3 (skus required = {6168}) opened at workstation 7.   [open_orders = 4/4]
2026-07-13 07:25:29 DEBUG:    EVENT NUM 36    current_time = 00:00:01   OPEN_ORDER            [queue size = 197]
2026-07-13 07:25:29 DEBUG: Order 75 (skus required = {2467}) opened at workstation 8.   [open_orders = 1/4]
2026-07-13 07:25:29 DEBUG:    EVENT NUM 37    current_time = 00:00:01   OPEN_ORDER            [queue size = 197]
2026-07-13 07:25:29 DEBUG: Order 67 (skus required = {9204}) opened at workstation 8.   [open_orders = 2/4]
2026-07-13 07:25:29 DEBUG:    EVENT NUM 38    current_time = 00:00:01   OPEN_ORDER            [queue size = 197]
2026-07-13 07:25:29 DEBUG: Order 28 (skus required = {13362}) opened at workstation 8.   [open_orders = 3/4]
2026-07-13 07:25:29 DEBUG:    EVENT NUM 39    current_time = 00:00:01   OPEN_ORDER            [queue size = 197]
2026-07-13 07:25:29 DEBUG: Order 92 (skus required = {5162}) opened at workstation 8.   [open_orders = 4/4]
2026-07-13 07:25:29 DEBUG:    EVENT NUM 40    current_time = 00:00:01   START_TASK            [queue size = 197]
2026-07-13 07:25:29 DEBUG: Task 0 started: robot 27 → pod 853 → workstation 3 for orders {47} (arrival = 16.5 s).   [idle robots = 39/40]
2026-07-13 07:25:29 DEBUG:    EVENT NUM 41    current_time = 00:00:01   START_TASK            [queue size = 197]
2026-07-13 07:25:29 DEBUG:    EVENT NUM 42    current_time = 00:00:01   START_TASK            [queue size = 196]
2026-07-13 07:25:29 DEBUG:    EVENT NUM 43    current_time = 00:00:01   START_TASK            [queue size = 195]
2026-07-13 07:25:29 DEBUG:    EVENT NUM 44    current_time = 00:00:01   START_TASK            [queue size = 194]
2026-07-13 07:25:29 DEBUG:    EVENT NUM 45    current_time = 00:00:01   START_TASK            [queue size = 193]
2026-07-13 07:25:29 DEBUG:    EVENT NUM 46    current_time = 00:00:01   START_TASK            [queue size = 192]
2026-07-13 07:25:29 DEBUG:    EVENT NUM 47    current_time = 00:00:01   START_TASK            [queue size = 191]
2026-07-13 07:25:29 DEBUG:    EVENT NUM 48    current_time = 00:00:01   START_TASK            [queue size = 190]
2026-07-13 07:25:29 DEBUG:    EVENT NUM 49    current_time = 00:00:01   START_TASK            [queue size = 189]
2026-07-13 07:25:29 DEBUG:    EVENT NUM 50    current_time = 00:00:01   START_TASK            [queue size = 188]
2026-07-13 07:25:29 DEBUG:    EVENT NUM 51    current_time = 00:00:01   START_TASK            [queue size = 187]
2026-07-13 07:25:29 DEBUG:    EVENT NUM 52    current_time = 00:00:01   START_TASK            [queue size = 186]
2026-07-13 07:25:29 DEBUG:    EVENT NUM 53    current_time = 00:00:01   START_TASK            [queue size = 185]
2026-07-13 07:25:29 DEBUG:    EVENT NUM 54    current_time = 00:00:01   START_TASK            [queue size = 184]
2026-07-13 07:25:29 DEBUG:    EVENT NUM 55    current_time = 00:00:01   START_TASK            [queue size = 183]
2026-07-13 07:25:29 DEBUG:    EVENT NUM 56    current_time = 00:00:01   START_TASK            [queue size = 182]
2026-07-13 07:25:29 DEBUG:    EVENT NUM 57    current_time = 00:00:01   START_TASK            [queue size = 181]
2026-07-13 07:25:29 DEBUG:    EVENT NUM 58    current_time = 00:00:01   START_TASK            [queue size = 180]
2026-07-13 07:25:29 DEBUG:    EVENT NUM 59    current_time = 00:00:01   START_TASK            [queue size = 179]
2026-07-13 07:25:29 DEBUG:    EVENT NUM 60    current_time = 00:00:01   START_TASK            [queue size = 178]
2026-07-13 07:25:29 DEBUG:    EVENT NUM 61    current_time = 00:00:01   START_TASK            [queue size = 177]
2026-07-13 07:25:29 DEBUG:    EVENT NUM 62    current_time = 00:00:01   START_TASK            [queue size = 176]
2026-07-13 07:25:29 DEBUG:    EVENT NUM 63    current_time = 00:00:01   START_TASK            [queue size = 175]
2026-07-13 07:25:29 DEBUG:    EVENT NUM 64    current_time = 00:00:01   START_TASK            [queue size = 174]
2026-07-13 07:25:29 DEBUG:    EVENT NUM 65    current_time = 00:00:01   START_TASK            [queue size = 173]
2026-07-13 07:25:29 DEBUG:    EVENT NUM 66    current_time = 00:00:01   START_TASK            [queue size = 172]
2026-07-13 07:25:29 DEBUG:    EVENT NUM 67    current_time = 00:00:01   START_TASK            [queue size = 171]
2026-07-13 07:25:29 DEBUG:    EVENT NUM 68    current_time = 00:00:01   START_TASK            [queue size = 170]
2026-07-13 07:25:29 DEBUG:    EVENT NUM 69    current_time = 00:00:01   START_TASK            [queue size = 169]
2026-07-13 07:25:29 DEBUG:    EVENT NUM 70    current_time = 00:00:01   START_TASK            [queue size = 168]
2026-07-13 07:25:29 DEBUG:    EVENT NUM 71    current_time = 00:00:01   START_TASK            [queue size = 167]
2026-07-13 07:25:29 DEBUG:    EVENT NUM 72    current_time = 00:00:01   START_TASK            [queue size = 166]
2026-07-13 07:25:29 DEBUG:    EVENT NUM 73    current_time = 00:00:01   START_TASK            [queue size = 165]
2026-07-13 07:25:29 DEBUG:    EVENT NUM 74    current_time = 00:00:01   START_TASK            [queue size = 164]
2026-07-13 07:25:29 DEBUG:    EVENT NUM 75    current_time = 00:00:01   START_TASK            [queue size = 163]
2026-07-13 07:25:29 DEBUG:    EVENT NUM 76    current_time = 00:00:01   START_TASK            [queue size = 162]
2026-07-13 07:25:29 DEBUG:    EVENT NUM 77    current_time = 00:00:02   RELEASE_TASK          [queue size = 161]
2026-07-13 07:25:29 DEBUG: Task 1 released: pod 887 required by workstation(s) [6].  [released tasks = 1]
2026-07-13 07:25:29 DEBUG:    EVENT NUM 78    current_time = 00:00:02   START_TASK            [queue size = 161]
2026-07-13 07:25:29 DEBUG: Task 1 started: robot 5 → pod 887 → workstation 6 for orders {76} (arrival = 15.7 s).   [idle robots = 38/40]
2026-07-13 07:25:29 DEBUG:    EVENT NUM 79    current_time = 00:00:04   RELEASE_TASK          [queue size = 161]
2026-07-13 07:25:29 DEBUG: Task 2 released: pod 729 required by workstation(s) [1].  [released tasks = 1]
2026-07-13 07:25:29 DEBUG:    EVENT NUM 80    current_time = 00:00:04   START_TASK            [queue size = 161]
2026-07-13 07:25:29 DEBUG: Task 2 started: robot 35 → pod 729 → workstation 1 for orders {51} (arrival = 46.8 s).   [idle robots = 37/40]
2026-07-13 07:25:29 DEBUG:    EVENT NUM 81    current_time = 00:00:05   ARRIVAL_ORDER         [queue size = 161]
2026-07-13 07:25:29 DEBUG: Order 100 arrived: items_required = [11924, 9225].     [orders_in_system = 101]
2026-07-13 07:25:29 DEBUG:    EVENT NUM 82    current_time = 00:00:06   RELEASE_TASK          [queue size = 161]
2026-07-13 07:25:29 DEBUG: Task 3 released: pod 760 required by workstation(s) [2].  [released tasks = 1]
2026-07-13 07:25:29 DEBUG:    EVENT NUM 83    current_time = 00:00:06   START_TASK            [queue size = 161]
2026-07-13 07:25:29 DEBUG: Task 3 started: robot 13 → pod 760 → workstation 2 for orders {41} (arrival = 41.8 s).   [idle robots = 36/40]
2026-07-13 07:25:29 DEBUG:    EVENT NUM 84    current_time = 00:00:08   RELEASE_TASK          [queue size = 161]
2026-07-13 07:25:29 DEBUG: Task 4 released: pod 789 required by workstation(s) [1].  [released tasks = 1]
2026-07-13 07:25:29 DEBUG:    EVENT NUM 85    current_time = 00:00:08   START_TASK            [queue size = 161]
2026-07-13 07:25:29 DEBUG: Task 4 started: robot 36 → pod 789 → workstation 1 for orders {5} (arrival = 46.2 s).   [idle robots = 35/40]
2026-07-13 07:25:29 DEBUG:    EVENT NUM 86    current_time = 00:00:10   ARRIVAL_ORDER         [queue size = 161]
2026-07-13 07:25:29 DEBUG: Order 101 arrived: items_required = [9996, 3978].     [orders_in_system = 102]
2026-07-13 07:25:29 DEBUG:    EVENT NUM 87    current_time = 00:00:10   RELEASE_TASK          [queue size = 161]
2026-07-13 07:25:29 DEBUG: Task 5 released: pod 788 required by workstation(s) [0].  [released tasks = 1]
2026-07-13 07:25:29 DEBUG:    EVENT NUM 88    current_time = 00:00:10   START_TASK            [queue size = 161]
2026-07-13 07:25:29 DEBUG: Task 5 started: robot 29 → pod 788 → workstation 0 for orders {20} (arrival = 41.9 s).   [idle robots = 34/40]
2026-07-13 07:25:29 DEBUG:    EVENT NUM 89    current_time = 00:00:12   RELEASE_TASK          [queue size = 161]
2026-07-13 07:25:29 DEBUG: Task 6 released: pod 768 required by workstation(s) [8].  [released tasks = 1]
2026-07-13 07:25:29 DEBUG:    EVENT NUM 90    current_time = 00:00:12   START_TASK            [queue size = 161]
2026-07-13 07:25:29 DEBUG: Task 6 started: robot 18 → pod 768 → workstation 8 for orders {75} (arrival = 37.5 s).   [idle robots = 33/40]
2026-07-13 07:25:29 DEBUG:    EVENT NUM 91    current_time = 00:00:14   RELEASE_TASK          [queue size = 161]
2026-07-13 07:25:29 DEBUG: Task 7 released: pod 795 required by workstation(s) [4].  [released tasks = 1]
2026-07-13 07:25:29 DEBUG:    EVENT NUM 92    current_time = 00:00:14   START_TASK            [queue size = 161]
2026-07-13 07:25:29 DEBUG: Task 7 started: robot 21 → pod 795 → workstation 4 for orders {96} (arrival = 36.9 s).   [idle robots = 32/40]
2026-07-13 07:25:29 DEBUG:    EVENT NUM 93    current_time = 00:00:15   ARRIVAL_ORDER         [queue size = 161]
2026-07-13 07:25:29 DEBUG: Order 102 arrived: items_required = [3966, 3875].     [orders_in_system = 103]
2026-07-13 07:25:29 DEBUG:    EVENT NUM 94    current_time = 00:00:15   ARRIVAL_POD_WST       [queue size = 161]
2026-07-13 07:25:29 DEBUG: Pod 887 arrived at workstation 6 - status = IDLE
2026-07-13 07:25:29 DEBUG: Pod queued at workstation.    [picking_buffer = {1: 15.746305650673005}]
2026-07-13 07:25:29 DEBUG:    EVENT NUM 95    current_time = 00:00:15   START_PICKING         [queue size = 161]
2026-07-13 07:25:29 DEBUG: Processing task 1 at workstation 6: picking items {2478} for orders {76}
2026-07-13 07:25:29 DEBUG:    EVENT NUM 96    current_time = 00:00:16   RELEASE_TASK          [queue size = 161]
2026-07-13 07:25:29 DEBUG: Task 8 released: pod 670 required by workstation(s) [3].  [released tasks = 1]
2026-07-13 07:25:29 DEBUG:    EVENT NUM 97    current_time = 00:00:16   START_TASK            [queue size = 161]
2026-07-13 07:25:29 DEBUG: Task 8 started: robot 25 → pod 670 → workstation 3 for orders {88} (arrival = 73.0 s).   [idle robots = 31/40]
2026-07-13 07:25:29 DEBUG:    EVENT NUM 98    current_time = 00:00:16   ARRIVAL_POD_WST       [queue size = 161]
2026-07-13 07:25:29 DEBUG: Pod 853 arrived at workstation 3 - status = IDLE
2026-07-13 07:25:29 DEBUG: Pod queued at workstation.    [picking_buffer = {0: 16.533653870762976}]
2026-07-13 07:25:29 DEBUG:    EVENT NUM 99    current_time = 00:00:16   START_PICKING         [queue size = 161]
2026-07-13 07:25:29 DEBUG: Processing task 0 at workstation 3: picking items {5708} for orders {47}
2026-07-13 07:25:29 DEBUG:    EVENT NUM 100   current_time = 00:00:17   RELEASE_TASK          [queue size = 161]
2026-07-13 07:25:29 DEBUG: Task 9 released: pod 580 required by workstation(s) [1].  [released tasks = 1]
2026-07-13 07:25:29 DEBUG:    EVENT NUM 101   current_time = 00:00:17   START_TASK            [queue size = 161]
2026-07-13 07:25:29 DEBUG: Task 9 started: robot 1 → pod 580 → workstation 1 for orders {71} (arrival = 67.2 s).   [idle robots = 30/40]
2026-07-13 07:25:29 DEBUG:    EVENT NUM 102   current_time = 00:00:19   RELEASE_TASK          [queue size = 161]
2026-07-13 07:25:29 DEBUG: Task 10 released: pod 550 required by workstation(s) [0].  [released tasks = 1]
2026-07-13 07:25:29 DEBUG:    EVENT NUM 103   current_time = 00:00:19   START_TASK            [queue size = 161]
2026-07-13 07:25:29 DEBUG: Task 10 started: robot 4 → pod 550 → workstation 0 for orders {56} (arrival = 65.0 s).   [idle robots = 29/40]
2026-07-13 07:25:29 DEBUG:    EVENT NUM 104   current_time = 00:00:20   ARRIVAL_ORDER         [queue size = 161]
2026-07-13 07:25:29 DEBUG: Order 103 arrived: items_required = [3696, 6613].     [orders_in_system = 104]
2026-07-13 07:25:29 DEBUG:    EVENT NUM 105   current_time = 00:00:21   RELEASE_TASK          [queue size = 161]
2026-07-13 07:25:29 DEBUG: Task 11 released: pod 704 required by workstation(s) [4].  [released tasks = 1]
2026-07-13 07:25:29 DEBUG:    EVENT NUM 106   current_time = 00:00:21   START_TASK            [queue size = 161]
2026-07-13 07:25:29 DEBUG: Task 11 started: robot 34 → pod 704 → workstation 4 for orders {17} (arrival = 52.9 s).   [idle robots = 28/40]
2026-07-13 07:25:29 DEBUG:    EVENT NUM 107   current_time = 00:00:23   RELEASE_TASK          [queue size = 161]
2026-07-13 07:25:29 DEBUG: Task 12 released: pod 769 required by workstation(s) [8].  [released tasks = 1]
2026-07-13 07:25:29 DEBUG:    EVENT NUM 108   current_time = 00:00:23   START_TASK            [queue size = 161]
2026-07-13 07:25:29 DEBUG: Task 12 started: robot 17 → pod 769 → workstation 8 for orders {67} (arrival = 47.9 s).   [idle robots = 27/40]
2026-07-13 07:25:29 DEBUG:    EVENT NUM 109   current_time = 00:00:25   ARRIVAL_ORDER         [queue size = 161]
2026-07-13 07:25:29 DEBUG: Order 104 arrived: items_required = [7363, 8404].     [orders_in_system = 105]
2026-07-13 07:25:29 DEBUG:    EVENT NUM 110   current_time = 00:00:25   RELEASE_TASK          [queue size = 161]
2026-07-13 07:25:29 DEBUG: Task 13 released: pod 881 required by workstation(s) [2].  [released tasks = 1]
2026-07-13 07:25:29 DEBUG:    EVENT NUM 111   current_time = 00:00:25   START_TASK            [queue size = 161]
2026-07-13 07:25:29 DEBUG: Task 13 started: robot 7 → pod 881 → workstation 2 for orders {7} (arrival = 43.8 s).   [idle robots = 26/40]
2026-07-13 07:25:29 DEBUG:    EVENT NUM 112   current_time = 00:00:25   END_PICKING           [queue size = 161]
2026-07-13 07:25:29 DEBUG: Ended picking at workstation 6.    [picking_buffer len = {}]
2026-07-13 07:25:29 DEBUG: Task should have served orders {76}, found open orders {18, 76, 39, 95}.
2026-07-13 07:25:29 DEBUG: Task 1 completed: pod 887 returning to storage.
2026-07-13 07:25:29 DEBUG:    EVENT NUM 113   current_time = 00:00:25   CLOSE_ORDER           [queue size = 162]
2026-07-13 07:25:29 DEBUG: Order 76 closed at workstation 6: flow_time = 25.7 s.     [order_buffer = 5] [open_orders = 3/4]
2026-07-13 07:25:29 DEBUG: Next order in buffer: 81
2026-07-13 07:25:29 DEBUG:    EVENT NUM 114   current_time = 00:00:25   OPEN_ORDER            [queue size = 162]
2026-07-13 07:25:29 DEBUG: Order 81 (skus required = {6169, 7835, 6436}) opened at workstation 6.   [open_orders = 4/4]
2026-07-13 07:25:29 DEBUG:    EVENT NUM 115   current_time = 00:00:26   END_PICKING           [queue size = 161]
2026-07-13 07:25:29 DEBUG: Ended picking at workstation 3.    [picking_buffer len = {}]
2026-07-13 07:25:29 DEBUG: Task should have served orders {47}, found open orders {88, 33, 12, 47}.
2026-07-13 07:25:29 DEBUG: Task 0 completed: pod 853 returning to storage.
2026-07-13 07:25:29 DEBUG:    EVENT NUM 116   current_time = 00:00:27   RELEASE_TASK          [queue size = 161]
2026-07-13 07:25:29 DEBUG: Task 14 released: pod 518 required by workstation(s) [1].  [released tasks = 1]
2026-07-13 07:25:29 DEBUG:    EVENT NUM 117   current_time = 00:00:27   START_TASK            [queue size = 161]
2026-07-13 07:25:29 DEBUG: Task 14 started: robot 37 → pod 518 → workstation 1 for orders {11} (arrival = 90.0 s).   [idle robots = 25/40]
2026-07-13 07:25:29 DEBUG:    EVENT NUM 118   current_time = 00:00:29   RELEASE_TASK          [queue size = 161]
2026-07-13 07:25:29 DEBUG: Task 15 released: pod 813 required by workstation(s) [0].  [released tasks = 1]
2026-07-13 07:25:29 DEBUG:    EVENT NUM 119   current_time = 00:00:29   START_TASK            [queue size = 161]
2026-07-13 07:25:29 DEBUG: Task 15 started: robot 8 → pod 813 → workstation 0 for orders {19} (arrival = 93.4 s).   [idle robots = 24/40]
2026-07-13 07:25:29 DEBUG:    EVENT NUM 120   current_time = 00:00:30   ARRIVAL_ORDER         [queue size = 161]
2026-07-13 07:25:29 DEBUG: Order 105 arrived: items_required = [5160, 9217].     [orders_in_system = 105]
2026-07-13 07:25:29 DEBUG:    EVENT NUM 121   current_time = 00:00:31   RELEASE_TASK          [queue size = 161]
2026-07-13 07:25:29 DEBUG: Task 16 released: pod 645 required by workstation(s) [3].  [released tasks = 1]
2026-07-13 07:25:29 DEBUG:    EVENT NUM 122   current_time = 00:00:31   START_TASK            [queue size = 161]
2026-07-13 07:25:29 DEBUG: Task 16 started: robot 26 → pod 645 → workstation 3 for orders {88} (arrival = 76.8 s).   [idle robots = 23/40]
2026-07-13 07:25:29 DEBUG:    EVENT NUM 123   current_time = 00:00:33   RELEASE_TASK          [queue size = 161]
2026-07-13 07:25:29 DEBUG: Task 17 released: pod 847 required by workstation(s) [1, 1].  [released tasks = 1]
2026-07-13 07:25:29 DEBUG:    EVENT NUM 124   current_time = 00:00:33   START_TASK            [queue size = 161]
2026-07-13 07:25:29 DEBUG: Task 17 started: robot 31 → pod 847 → workstation 1 for orders {64} (arrival = 76.4 s).   [idle robots = 22/40]
2026-07-13 07:25:29 DEBUG:    EVENT NUM 125   current_time = 00:00:34   RELEASE_TASK          [queue size = 161]
2026-07-13 07:25:29 DEBUG: Task 18 released: pod 762 required by workstation(s) [2].  [released tasks = 1]
2026-07-13 07:25:29 DEBUG:    EVENT NUM 126   current_time = 00:00:34   START_TASK            [queue size = 161]
2026-07-13 07:25:29 DEBUG: Task 18 started: robot 15 → pod 762 → workstation 2 for orders {58} (arrival = 56.4 s).   [idle robots = 21/40]
2026-07-13 07:25:29 DEBUG:    EVENT NUM 127   current_time = 00:00:35   ARRIVAL_ORDER         [queue size = 161]
2026-07-13 07:25:29 DEBUG: Order 106 arrived: items_required = [5758, 7003].     [orders_in_system = 106]
2026-07-13 07:25:29 DEBUG:    EVENT NUM 128   current_time = 00:00:36   RELEASE_TASK          [queue size = 161]
2026-07-13 07:25:29 DEBUG: Task 19 released: pod 163 required by workstation(s) [2].  [released tasks = 1]
2026-07-13 07:25:29 DEBUG:    EVENT NUM 129   current_time = 00:00:36   START_TASK            [queue size = 161]
2026-07-13 07:25:29 DEBUG: Task 19 started: robot 19 → pod 163 → workstation 2 for orders {49} (arrival = 133.7 s).   [idle robots = 20/40]
2026-07-13 07:25:29 DEBUG:    EVENT NUM 130   current_time = 00:00:36   ARRIVAL_POD_WST       [queue size = 161]
2026-07-13 07:25:29 DEBUG: Pod 795 arrived at workstation 4 - status = IDLE
2026-07-13 07:25:29 DEBUG: Pod queued at workstation.    [picking_buffer = {7: 36.86186753852839}]
2026-07-13 07:25:29 DEBUG:    EVENT NUM 131   current_time = 00:00:36   START_PICKING         [queue size = 161]
2026-07-13 07:25:29 DEBUG: Processing task 7 at workstation 4: picking items {11148} for orders {96}
2026-07-13 07:25:29 DEBUG:    EVENT NUM 132   current_time = 00:00:37   ARRIVAL_POD_WST       [queue size = 161]
2026-07-13 07:25:29 DEBUG: Pod 768 arrived at workstation 8 - status = IDLE
2026-07-13 07:25:29 DEBUG: Pod queued at workstation.    [picking_buffer = {6: 37.50802935802564}]
2026-07-13 07:25:29 DEBUG:    EVENT NUM 133   current_time = 00:00:37   START_PICKING         [queue size = 161]
2026-07-13 07:25:29 DEBUG: Processing task 6 at workstation 8: picking items {2467} for orders {75}
2026-07-13 07:25:29 DEBUG:    EVENT NUM 134   current_time = 00:00:37   RETURN_POD            [queue size = 161]
2026-07-13 07:25:29 DEBUG: Pod 887 returned. Robot 5 idle.   [idle robots = 21/40, released tasks = 0]
2026-07-13 07:25:29 DEBUG:    EVENT NUM 135   current_time = 00:00:38   RELEASE_TASK          [queue size = 160]
2026-07-13 07:25:29 DEBUG: Task 20 released: pod 635 required by workstation(s) [1, 1].  [released tasks = 1]
2026-07-13 07:25:29 DEBUG:    EVENT NUM 136   current_time = 00:00:38   START_TASK            [queue size = 160]
2026-07-13 07:25:29 DEBUG: Task 20 blocked: no orders in {1: [4]} is open yet.  [released tasks = 0]
2026-07-13 07:25:29 DEBUG:    EVENT NUM 137   current_time = 00:00:40   ARRIVAL_ORDER         [queue size = 159]
2026-07-13 07:25:29 DEBUG: Order 107 arrived: items_required = [1596].     [orders_in_system = 107]
2026-07-13 07:25:29 DEBUG:    EVENT NUM 138   current_time = 00:00:40   RELEASE_TASK          [queue size = 159]
2026-07-13 07:25:29 DEBUG: Task 21 released: pod 815 required by workstation(s) [3].  [released tasks = 2]
2026-07-13 07:25:29 DEBUG:    EVENT NUM 139   current_time = 00:00:40   START_TASK            [queue size = 159]
2026-07-13 07:25:29 DEBUG: Task 20 blocked: no orders in {1: [4]} is open yet.  [released tasks = 1]
2026-07-13 07:25:29 DEBUG: Task 21 started: robot 12 → pod 815 → workstation 3 for orders {12} (arrival = 108.2 s).   [idle robots = 20/40]
2026-07-13 07:25:29 DEBUG:    EVENT NUM 140   current_time = 00:00:41   ARRIVAL_POD_WST       [queue size = 159]
2026-07-13 07:25:29 DEBUG: Pod 760 arrived at workstation 2 - status = IDLE
2026-07-13 07:25:29 DEBUG: Pod queued at workstation.    [picking_buffer = {3: 41.82868496425473}]
2026-07-13 07:25:29 DEBUG:    EVENT NUM 141   current_time = 00:00:41   START_PICKING         [queue size = 159]
2026-07-13 07:25:29 DEBUG: Processing task 3 at workstation 2: picking items {8809} for orders {41}
2026-07-13 07:25:29 DEBUG:    EVENT NUM 142   current_time = 00:00:41   ARRIVAL_POD_WST       [queue size = 159]
2026-07-13 07:25:29 DEBUG: Pod 788 arrived at workstation 0 - status = IDLE
2026-07-13 07:25:29 DEBUG: Pod queued at workstation.    [picking_buffer = {5: 41.94235662544641}]
2026-07-13 07:25:29 DEBUG:    EVENT NUM 143   current_time = 00:00:41   START_PICKING         [queue size = 159]
2026-07-13 07:25:29 DEBUG: Processing task 5 at workstation 0: picking items {5274} for orders {20}
2026-07-13 07:25:29 DEBUG:    EVENT NUM 144   current_time = 00:00:42   RELEASE_TASK          [queue size = 159]
2026-07-13 07:25:29 DEBUG: Task 22 released: pod 873 required by workstation(s) [0].  [released tasks = 2]
2026-07-13 07:25:29 DEBUG:    EVENT NUM 145   current_time = 00:00:42   START_TASK            [queue size = 159]
2026-07-13 07:25:29 DEBUG: Task 20 blocked: no orders in {1: [4]} is open yet.  [released tasks = 1]
2026-07-13 07:25:29 DEBUG: Task 22 started: robot 24 → pod 873 → workstation 0 for orders {69} (arrival = 96.8 s).   [idle robots = 19/40]
2026-07-13 07:25:29 DEBUG:    EVENT NUM 146   current_time = 00:00:43   RETURN_POD            [queue size = 159]
2026-07-13 07:25:29 DEBUG: Pod 853 returned. Robot 27 idle.   [idle robots = 20/40, released tasks = 1]
2026-07-13 07:25:29 DEBUG:    EVENT NUM 147   current_time = 00:00:43   START_TASK            [queue size = 159]
2026-07-13 07:25:29 DEBUG: Task 20 blocked: no orders in {1: [4]} is open yet.  [released tasks = 0]
2026-07-13 07:25:29 DEBUG:    EVENT NUM 148   current_time = 00:00:43   ARRIVAL_POD_WST       [queue size = 158]
2026-07-13 07:25:29 DEBUG: Pod 881 arrived at workstation 2 - status = BUSY
2026-07-13 07:25:29 DEBUG: Pod queued at workstation.    [picking_buffer = {13: 43.82848808495784}]
2026-07-13 07:25:29 DEBUG:    EVENT NUM 149   current_time = 00:00:44   RELEASE_TASK          [queue size = 157]
2026-07-13 07:25:29 DEBUG: Task 23 released: pod 12 required by workstation(s) [2].  [released tasks = 2]
2026-07-13 07:25:29 DEBUG:    EVENT NUM 150   current_time = 00:00:44   START_TASK            [queue size = 157]
2026-07-13 07:25:29 DEBUG: Task 20 blocked: no orders in {1: [4]} is open yet.  [released tasks = 1]
2026-07-13 07:25:29 DEBUG: Task 23 started: robot 20 → pod 12 → workstation 2 for orders {90} (arrival = 145.6 s).   [idle robots = 19/40]
2026-07-13 07:25:29 DEBUG:    EVENT NUM 151   current_time = 00:00:45   ARRIVAL_ORDER         [queue size = 157]
2026-07-13 07:25:29 DEBUG: Order 108 arrived: items_required = [3591].     [orders_in_system = 108]
2026-07-13 07:25:29 DEBUG:    EVENT NUM 152   current_time = 00:00:46   ARRIVAL_POD_WST       [queue size = 157]
2026-07-13 07:25:29 DEBUG: Pod 789 arrived at workstation 1 - status = IDLE
2026-07-13 07:25:29 DEBUG: Pod queued at workstation.    [picking_buffer = {4: 46.23092044791043}]
2026-07-13 07:25:29 DEBUG:    EVENT NUM 153   current_time = 00:00:46   START_PICKING         [queue size = 157]
2026-07-13 07:25:29 DEBUG: Processing task 4 at workstation 1: picking items {8297} for orders {5}
2026-07-13 07:25:29 DEBUG:    EVENT NUM 154   current_time = 00:00:46   RELEASE_TASK          [queue size = 157]
2026-07-13 07:25:29 DEBUG: Task 24 released: pod 278 required by workstation(s) [1].  [released tasks = 2]
2026-07-13 07:25:29 DEBUG:    EVENT NUM 155   current_time = 00:00:46   START_TASK            [queue size = 157]
2026-07-13 07:25:29 DEBUG: Task 20 blocked: no orders in {1: [4]} is open yet.  [released tasks = 1]
2026-07-13 07:25:29 DEBUG: Task 24 blocked: no orders in {1: [9]} is open yet.  [released tasks = 0]
2026-07-13 07:25:29 DEBUG:    EVENT NUM 156   current_time = 00:00:46   ARRIVAL_POD_WST       [queue size = 156]
2026-07-13 07:25:29 DEBUG: Pod 729 arrived at workstation 1 - status = BUSY
2026-07-13 07:25:29 DEBUG: Pod queued at workstation.    [picking_buffer = {2: 46.83454124239022}]
2026-07-13 07:25:29 DEBUG:    EVENT NUM 157   current_time = 00:00:46   END_PICKING           [queue size = 155]
2026-07-13 07:25:29 DEBUG: Ended picking at workstation 4.    [picking_buffer len = {}]
2026-07-13 07:25:29 DEBUG: Task should have served orders {96}, found open orders {96, 17, 26, 97}.
2026-07-13 07:25:29 DEBUG: Task 7 completed: pod 795 returning to storage.
2026-07-13 07:25:29 DEBUG:    EVENT NUM 158   current_time = 00:00:46   CLOSE_ORDER           [queue size = 156]
2026-07-13 07:25:29 DEBUG: Order 96 closed at workstation 4: flow_time = 46.9 s.     [order_buffer = 6] [open_orders = 3/4]
2026-07-13 07:25:29 DEBUG: Next order in buffer: 34
2026-07-13 07:25:29 DEBUG:    EVENT NUM 159   current_time = 00:00:46   OPEN_ORDER            [queue size = 156]
2026-07-13 07:25:29 DEBUG: Order 34 (skus required = {8074}) opened at workstation 4.   [open_orders = 4/4]
2026-07-13 07:25:29 DEBUG:    EVENT NUM 160   current_time = 00:00:46   START_TASK            [queue size = 156]
2026-07-13 07:25:29 DEBUG: Task 20 blocked: no orders in {1: [4]} is open yet.  [released tasks = 1]
2026-07-13 07:25:29 DEBUG: Task 24 blocked: no orders in {1: [9]} is open yet.  [released tasks = 0]
2026-07-13 07:25:29 DEBUG:    EVENT NUM 161   current_time = 00:00:47   END_PICKING           [queue size = 155]
2026-07-13 07:25:29 DEBUG: Ended picking at workstation 8.    [picking_buffer len = {}]
2026-07-13 07:25:29 DEBUG: Task should have served orders {75}, found open orders {67, 75, 28, 92}.
2026-07-13 07:25:29 DEBUG: Task 6 completed: pod 768 returning to storage.
2026-07-13 07:25:29 DEBUG:    EVENT NUM 162   current_time = 00:00:47   CLOSE_ORDER           [queue size = 156]
2026-07-13 07:25:29 DEBUG: Order 75 closed at workstation 8: flow_time = 47.5 s.     [order_buffer = 12] [open_orders = 3/4]
2026-07-13 07:25:29 DEBUG: Next order in buffer: 16
2026-07-13 07:25:29 DEBUG:    EVENT NUM 163   current_time = 00:00:47   OPEN_ORDER            [queue size = 156]
2026-07-13 07:25:29 DEBUG: Order 16 (skus required = {853}) opened at workstation 8.   [open_orders = 4/4]
2026-07-13 07:25:29 DEBUG:    EVENT NUM 164   current_time = 00:00:47   START_TASK            [queue size = 156]
2026-07-13 07:25:29 DEBUG: Task 20 blocked: no orders in {1: [4]} is open yet.  [released tasks = 1]
2026-07-13 07:25:29 DEBUG: Task 24 blocked: no orders in {1: [9]} is open yet.  [released tasks = 0]
2026-07-13 07:25:29 DEBUG:    EVENT NUM 165   current_time = 00:00:47   ARRIVAL_POD_WST       [queue size = 155]
2026-07-13 07:25:29 DEBUG: Pod 769 arrived at workstation 8 - status = IDLE
2026-07-13 07:25:29 DEBUG: Pod queued at workstation.    [picking_buffer = {12: 47.88949951063607}]
2026-07-13 07:25:29 DEBUG:    EVENT NUM 166   current_time = 00:00:47   START_PICKING         [queue size = 155]
2026-07-13 07:25:29 DEBUG: Processing task 12 at workstation 8: picking items {9204} for orders {67}
2026-07-13 07:25:29 DEBUG:    EVENT NUM 167   current_time = 00:00:48   RELEASE_TASK          [queue size = 155]
2026-07-13 07:25:29 DEBUG: Task 25 released: pod 546 required by workstation(s) [2].  [released tasks = 3]
2026-07-13 07:25:29 DEBUG:    EVENT NUM 168   current_time = 00:00:48   START_TASK            [queue size = 155]
2026-07-13 07:25:29 DEBUG: Task 20 blocked: no orders in {1: [4]} is open yet.  [released tasks = 2]
2026-07-13 07:25:29 DEBUG: Task 24 blocked: no orders in {1: [9]} is open yet.  [released tasks = 1]
2026-07-13 07:25:29 DEBUG: Task 25 started: robot 16 → pod 546 → workstation 2 for orders {90} (arrival = 131.8 s).   [idle robots = 18/40]
2026-07-13 07:25:29 DEBUG:    EVENT NUM 169   current_time = 00:00:50   ARRIVAL_ORDER         [queue size = 155]
2026-07-13 07:25:29 DEBUG: Order 109 arrived: items_required = [9576, 11377].     [orders_in_system = 107]
2026-07-13 07:25:29 DEBUG:    EVENT NUM 170   current_time = 00:00:50   RELEASE_TASK          [queue size = 155]
2026-07-13 07:25:29 DEBUG: Task 26 released: pod 284 required by workstation(s) [3].  [released tasks = 3]
2026-07-13 07:25:29 DEBUG:    EVENT NUM 171   current_time = 00:00:50   START_TASK            [queue size = 155]
2026-07-13 07:25:29 DEBUG: Task 20 blocked: no orders in {1: [4]} is open yet.  [released tasks = 2]
2026-07-13 07:25:29 DEBUG: Task 24 blocked: no orders in {1: [9]} is open yet.  [released tasks = 1]
2026-07-13 07:25:29 DEBUG: Task 26 started: robot 6 → pod 284 → workstation 3 for orders {47} (arrival = 125.6 s).   [idle robots = 17/40]
2026-07-13 07:25:29 DEBUG:    EVENT NUM 172   current_time = 00:00:51   END_PICKING           [queue size = 155]
2026-07-13 07:25:29 DEBUG: Ended picking at workstation 2.    [picking_buffer len = {13: 43.82848808495784}]
2026-07-13 07:25:29 DEBUG: Task should have served orders {41}, found open orders {41, 58, 49, 7}.
2026-07-13 07:25:29 DEBUG: Task 3 completed: pod 760 returning to storage.
2026-07-13 07:25:29 DEBUG:    EVENT NUM 173   current_time = 00:00:51   START_PICKING         [queue size = 156]
2026-07-13 07:25:29 DEBUG: Processing task 13 at workstation 2: picking items {5876} for orders {7}
2026-07-13 07:25:29 DEBUG:    EVENT NUM 174   current_time = 00:00:51   END_PICKING           [queue size = 156]
2026-07-13 07:25:29 DEBUG: Ended picking at workstation 0.    [picking_buffer len = {}]
2026-07-13 07:25:29 DEBUG: Task should have served orders {20}, found open orders {56, 19, 20, 69}.
2026-07-13 07:25:29 DEBUG: Task 5 completed: pod 788 returning to storage.
2026-07-13 07:25:29 DEBUG:    EVENT NUM 175   current_time = 00:00:51   CLOSE_ORDER           [queue size = 157]
2026-07-13 07:25:29 DEBUG: Order 20 closed at workstation 0: flow_time = 51.9 s.     [order_buffer = 11] [open_orders = 3/4]
2026-07-13 07:25:29 DEBUG: Next order in buffer: 8
2026-07-13 07:25:29 DEBUG:    EVENT NUM 176   current_time = 00:00:51   OPEN_ORDER            [queue size = 157]
2026-07-13 07:25:29 DEBUG: Order 8 (skus required = {2397}) opened at workstation 0.   [open_orders = 4/4]
2026-07-13 07:25:29 DEBUG:    EVENT NUM 177   current_time = 00:00:51   START_TASK            [queue size = 157]
2026-07-13 07:25:29 DEBUG: Task 20 blocked: no orders in {1: [4]} is open yet.  [released tasks = 1]
2026-07-13 07:25:29 DEBUG: Task 24 blocked: no orders in {1: [9]} is open yet.  [released tasks = 0]
2026-07-13 07:25:29 DEBUG:    EVENT NUM 178   current_time = 00:00:51   RELEASE_TASK          [queue size = 156]
2026-07-13 07:25:29 DEBUG: Task 27 released: pod 289 required by workstation(s) [8].  [released tasks = 3]
2026-07-13 07:25:29 DEBUG:    EVENT NUM 179   current_time = 00:00:51   START_TASK            [queue size = 156]
2026-07-13 07:25:29 DEBUG: Task 20 blocked: no orders in {1: [4]} is open yet.  [released tasks = 2]
2026-07-13 07:25:29 DEBUG: Task 24 blocked: no orders in {1: [9]} is open yet.  [released tasks = 1]
2026-07-13 07:25:29 DEBUG: Task 27 started: robot 23 → pod 289 → workstation 8 for orders {28} (arrival = 127.3 s).   [idle robots = 16/40]
2026-07-13 07:25:29 DEBUG:    EVENT NUM 180   current_time = 00:00:52   ARRIVAL_POD_WST       [queue size = 156]
2026-07-13 07:25:29 DEBUG: Pod 704 arrived at workstation 4 - status = IDLE
2026-07-13 07:25:29 DEBUG: Pod queued at workstation.    [picking_buffer = {11: 52.884820457994095}]
2026-07-13 07:25:29 DEBUG:    EVENT NUM 181   current_time = 00:00:52   START_PICKING         [queue size = 156]
2026-07-13 07:25:29 DEBUG: Processing task 11 at workstation 4: picking items {9312} for orders {17}
2026-07-13 07:25:29 DEBUG:    EVENT NUM 182   current_time = 00:00:53   RELEASE_TASK          [queue size = 156]
2026-07-13 07:25:29 DEBUG: Task 28 released: pod 841 required by workstation(s) [0].  [released tasks = 3]
2026-07-13 07:25:29 DEBUG:    EVENT NUM 183   current_time = 00:00:53   START_TASK            [queue size = 156]
2026-07-13 07:25:29 DEBUG: Task 20 blocked: no orders in {1: [4]} is open yet.  [released tasks = 2]
2026-07-13 07:25:29 DEBUG: Task 24 blocked: no orders in {1: [9]} is open yet.  [released tasks = 1]
2026-07-13 07:25:29 DEBUG: Task 28 started: robot 27 → pod 841 → workstation 0 for orders {8} (arrival = 125.3 s).   [idle robots = 15/40]
2026-07-13 07:25:29 DEBUG:    EVENT NUM 184   current_time = 00:00:55   ARRIVAL_ORDER         [queue size = 156]
2026-07-13 07:25:29 DEBUG: Order 110 arrived: items_required = [3667].     [orders_in_system = 107]
2026-07-13 07:25:29 DEBUG:    EVENT NUM 185   current_time = 00:00:55   RELEASE_TASK          [queue size = 156]
2026-07-13 07:25:29 DEBUG: Task 29 released: pod 362 required by workstation(s) [0].  [released tasks = 3]
2026-07-13 07:25:29 DEBUG:    EVENT NUM 186   current_time = 00:00:55   START_TASK            [queue size = 156]
2026-07-13 07:25:29 DEBUG: Task 20 blocked: no orders in {1: [4]} is open yet.  [released tasks = 2]
2026-07-13 07:25:29 DEBUG: Task 24 blocked: no orders in {1: [9]} is open yet.  [released tasks = 1]
2026-07-13 07:25:29 DEBUG: Task 29 started: robot 10 → pod 362 → workstation 0 for orders {48} (arrival = 164.3 s).   [idle robots = 14/40]
2026-07-13 07:25:29 DEBUG:    EVENT NUM 187   current_time = 00:00:56   END_PICKING           [queue size = 156]
2026-07-13 07:25:29 DEBUG: Ended picking at workstation 1.    [picking_buffer len = {2: 46.83454124239022}]
2026-07-13 07:25:29 DEBUG: Task should have served orders {5}, found open orders {11, 51, 5, 71}.
2026-07-13 07:25:29 DEBUG: Task 4 completed: pod 789 returning to storage.
2026-07-13 07:25:29 DEBUG:    EVENT NUM 188   current_time = 00:00:56   CLOSE_ORDER           [queue size = 158]
2026-07-13 07:25:29 DEBUG: Order 5 closed at workstation 1: flow_time = 56.2 s.     [order_buffer = 11] [open_orders = 3/4]
2026-07-13 07:25:29 DEBUG: Next order in buffer: 64
2026-07-13 07:25:29 DEBUG:    EVENT NUM 189   current_time = 00:00:56   START_PICKING         [queue size = 158]
2026-07-13 07:25:29 DEBUG: Processing task 2 at workstation 1: picking items {7879} for orders {51}
2026-07-13 07:25:29 DEBUG:    EVENT NUM 190   current_time = 00:00:56   OPEN_ORDER            [queue size = 158]
2026-07-13 07:25:29 DEBUG: Order 64 (skus required = {3210, 3174}) opened at workstation 1.   [open_orders = 4/4]
2026-07-13 07:25:29 DEBUG:    EVENT NUM 191   current_time = 00:00:56   START_TASK            [queue size = 158]
2026-07-13 07:25:29 DEBUG: Task 20 blocked: no orders in {1: [4]} is open yet.  [released tasks = 1]
2026-07-13 07:25:29 DEBUG: Task 24 blocked: no orders in {1: [9]} is open yet.  [released tasks = 0]
2026-07-13 07:25:29 DEBUG:    EVENT NUM 192   current_time = 00:00:56   ARRIVAL_POD_WST       [queue size = 157]
2026-07-13 07:25:29 DEBUG: Pod 762 arrived at workstation 2 - status = BUSY
2026-07-13 07:25:29 DEBUG: Pod queued at workstation.    [picking_buffer = {18: 56.353307613672825}]
2026-07-13 07:25:29 DEBUG:    EVENT NUM 193   current_time = 00:00:57   RELEASE_TASK          [queue size = 156]
2026-07-13 07:25:29 DEBUG: Task 30 released: pod 592 required by workstation(s) [3].  [released tasks = 3]
2026-07-13 07:25:29 DEBUG:    EVENT NUM 194   current_time = 00:00:57   START_TASK            [queue size = 156]
2026-07-13 07:25:29 DEBUG: Task 20 blocked: no orders in {1: [4]} is open yet.  [released tasks = 2]
2026-07-13 07:25:29 DEBUG: Task 24 blocked: no orders in {1: [9]} is open yet.  [released tasks = 1]
2026-07-13 07:25:29 DEBUG: Task 30 started: robot 30 → pod 592 → workstation 3 for orders {12} (arrival = 151.7 s).   [idle robots = 13/40]
2026-07-13 07:25:29 DEBUG:    EVENT NUM 195   current_time = 00:00:57   END_PICKING           [queue size = 156]
2026-07-13 07:25:29 DEBUG: Ended picking at workstation 8.    [picking_buffer len = {}]
2026-07-13 07:25:29 DEBUG: Task should have served orders {67}, found open orders {67, 92, 16, 28}.
2026-07-13 07:25:29 DEBUG: Task 12 completed: pod 769 returning to storage.
2026-07-13 07:25:29 DEBUG:    EVENT NUM 196   current_time = 00:00:57   CLOSE_ORDER           [queue size = 157]
2026-07-13 07:25:29 DEBUG: Order 67 closed at workstation 8: flow_time = 57.9 s.     [order_buffer = 11] [open_orders = 3/4]
2026-07-13 07:25:29 DEBUG: Next order in buffer: 74
2026-07-13 07:25:29 DEBUG:    EVENT NUM 197   current_time = 00:00:57   OPEN_ORDER            [queue size = 157]
2026-07-13 07:25:29 DEBUG: Order 74 (skus required = {10564}) opened at workstation 8.   [open_orders = 4/4]
2026-07-13 07:25:29 DEBUG:    EVENT NUM 198   current_time = 00:00:57   START_TASK            [queue size = 157]
2026-07-13 07:25:29 DEBUG: Task 20 blocked: no orders in {1: [4]} is open yet.  [released tasks = 1]
2026-07-13 07:25:29 DEBUG: Task 24 blocked: no orders in {1: [9]} is open yet.  [released tasks = 0]
2026-07-13 07:25:29 DEBUG:    EVENT NUM 199   current_time = 00:00:59   RELEASE_TASK          [queue size = 156]
2026-07-13 07:25:29 DEBUG: Task 31 released: pod 862 required by workstation(s) [2].  [released tasks = 3]
2026-07-13 07:25:29 DEBUG:    EVENT NUM 200   current_time = 00:00:59   START_TASK            [queue size = 156]
2026-07-13 07:25:29 DEBUG: Task 20 blocked: no orders in {1: [4]} is open yet.  [released tasks = 2]
2026-07-13 07:25:29 DEBUG: Task 24 blocked: no orders in {1: [9]} is open yet.  [released tasks = 1]
2026-07-13 07:25:29 DEBUG: Task 31 blocked: no orders in {2: [53]} is open yet.  [released tasks = 0]
2026-07-13 07:25:29 DEBUG:    EVENT NUM 201   current_time = 00:01:00   ARRIVAL_ORDER         [queue size = 155]
2026-07-13 07:25:29 DEBUG: Order 111 arrived: items_required = [7174, 5414].     [orders_in_system = 106]
2026-07-13 07:25:29 DEBUG:    EVENT NUM 202   current_time = 00:01:01   RELEASE_TASK          [queue size = 155]
2026-07-13 07:25:29 DEBUG: Task 32 released: pod 602 required by workstation(s) [0].  [released tasks = 4]
2026-07-13 07:25:29 DEBUG:    EVENT NUM 203   current_time = 00:01:01   START_TASK            [queue size = 155]
2026-07-13 07:25:29 DEBUG: Task 20 blocked: no orders in {1: [4]} is open yet.  [released tasks = 3]
2026-07-13 07:25:29 DEBUG: Task 24 blocked: no orders in {1: [9]} is open yet.  [released tasks = 2]
2026-07-13 07:25:29 DEBUG: Task 31 blocked: no orders in {2: [53]} is open yet.  [released tasks = 1]
2026-07-13 07:25:29 DEBUG: Task 32 blocked: no orders in {0: [6]} is open yet.  [released tasks = 0]
2026-07-13 07:25:29 DEBUG:    EVENT NUM 204   current_time = 00:01:01   END_PICKING           [queue size = 154]
2026-07-13 07:25:29 DEBUG: Ended picking at workstation 2.    [picking_buffer len = {18: 56.353307613672825}]
2026-07-13 07:25:29 DEBUG: Task should have served orders {7}, found open orders {41, 58, 49, 7}.
2026-07-13 07:25:29 DEBUG: Task 13 completed: pod 881 returning to storage.
2026-07-13 07:25:29 DEBUG:    EVENT NUM 205   current_time = 00:01:01   START_PICKING         [queue size = 155]
2026-07-13 07:25:29 DEBUG: Processing task 18 at workstation 2: picking items {4033} for orders {58}
2026-07-13 07:25:29 DEBUG:    EVENT NUM 206   current_time = 00:01:02   END_PICKING           [queue size = 155]
2026-07-13 07:25:29 DEBUG: Ended picking at workstation 4.    [picking_buffer len = {}]
2026-07-13 07:25:29 DEBUG: Task should have served orders {17}, found open orders {97, 34, 17, 26}.
2026-07-13 07:25:29 DEBUG: Task 11 completed: pod 704 returning to storage.
2026-07-13 07:25:29 DEBUG:    EVENT NUM 207   current_time = 00:01:02   CLOSE_ORDER           [queue size = 156]
2026-07-13 07:25:29 DEBUG: Order 17 closed at workstation 4: flow_time = 62.9 s.     [order_buffer = 5] [open_orders = 3/4]
2026-07-13 07:25:29 DEBUG: Next order in buffer: 23
2026-07-13 07:25:29 DEBUG:    EVENT NUM 208   current_time = 00:01:02   OPEN_ORDER            [queue size = 156]
2026-07-13 07:25:29 DEBUG: Order 23 (skus required = {5848, 3909}) opened at workstation 4.   [open_orders = 4/4]
2026-07-13 07:25:29 DEBUG:    EVENT NUM 209   current_time = 00:01:02   START_TASK            [queue size = 156]
2026-07-13 07:25:29 DEBUG: Task 20 blocked: no orders in {1: [4]} is open yet.  [released tasks = 3]
2026-07-13 07:25:29 DEBUG: Task 24 blocked: no orders in {1: [9]} is open yet.  [released tasks = 2]
2026-07-13 07:25:29 DEBUG: Task 31 blocked: no orders in {2: [53]} is open yet.  [released tasks = 1]
2026-07-13 07:25:29 DEBUG: Task 32 blocked: no orders in {0: [6]} is open yet.  [released tasks = 0]
2026-07-13 07:25:29 DEBUG:    EVENT NUM 210   current_time = 00:01:03   RELEASE_TASK          [queue size = 155]
2026-07-13 07:25:29 DEBUG: Task 33 released: pod 251 required by workstation(s) [1].  [released tasks = 5]
2026-07-13 07:25:29 DEBUG:    EVENT NUM 211   current_time = 00:01:03   START_TASK            [queue size = 155]
2026-07-13 07:25:29 DEBUG: Task 20 blocked: no orders in {1: [4]} is open yet.  [released tasks = 4]
2026-07-13 07:25:29 DEBUG: Task 24 blocked: no orders in {1: [9]} is open yet.  [released tasks = 3]
2026-07-13 07:25:29 DEBUG: Task 31 blocked: no orders in {2: [53]} is open yet.  [released tasks = 2]
2026-07-13 07:25:29 DEBUG: Task 32 blocked: no orders in {0: [6]} is open yet.  [released tasks = 1]
2026-07-13 07:25:29 DEBUG: Task 33 blocked: no orders in {1: [80]} is open yet.  [released tasks = 0]
2026-07-13 07:25:29 DEBUG:    EVENT NUM 212   current_time = 00:01:04   ARRIVAL_POD_WST       [queue size = 154]
2026-07-13 07:25:29 DEBUG: Pod 550 arrived at workstation 0 - status = IDLE
2026-07-13 07:25:29 DEBUG: Pod queued at workstation.    [picking_buffer = {10: 64.96993290531586}]
2026-07-13 07:25:29 DEBUG:    EVENT NUM 213   current_time = 00:01:04   START_PICKING         [queue size = 154]
2026-07-13 07:25:29 DEBUG: Processing task 10 at workstation 0: picking items {4994} for orders {56}
2026-07-13 07:25:29 DEBUG:    EVENT NUM 214   current_time = 00:01:05   ARRIVAL_ORDER         [queue size = 154]
2026-07-13 07:25:29 DEBUG: Order 112 arrived: items_required = [9888].     [orders_in_system = 106]
2026-07-13 07:25:29 DEBUG:    EVENT NUM 215   current_time = 00:01:05   RELEASE_TASK          [queue size = 154]
2026-07-13 07:25:29 DEBUG: Task 34 released: pod 368 required by workstation(s) [0].  [released tasks = 6]
2026-07-13 07:25:29 DEBUG:    EVENT NUM 216   current_time = 00:01:05   START_TASK            [queue size = 154]
2026-07-13 07:25:29 DEBUG: Task 20 blocked: no orders in {1: [4]} is open yet.  [released tasks = 5]
2026-07-13 07:25:29 DEBUG: Task 24 blocked: no orders in {1: [9]} is open yet.  [released tasks = 4]
2026-07-13 07:25:29 DEBUG: Task 31 blocked: no orders in {2: [53]} is open yet.  [released tasks = 3]
2026-07-13 07:25:29 DEBUG: Task 32 blocked: no orders in {0: [6]} is open yet.  [released tasks = 2]
2026-07-13 07:25:29 DEBUG: Task 33 blocked: no orders in {1: [80]} is open yet.  [released tasks = 1]
2026-07-13 07:25:29 DEBUG: Task 34 blocked: no orders in {0: [85]} is open yet.  [released tasks = 0]
2026-07-13 07:25:29 DEBUG:    EVENT NUM 217   current_time = 00:01:06   END_PICKING           [queue size = 153]
2026-07-13 07:25:29 DEBUG: Ended picking at workstation 1.    [picking_buffer len = {}]
2026-07-13 07:25:29 DEBUG: Task should have served orders {51}, found open orders {64, 71, 11, 51}.
2026-07-13 07:25:29 DEBUG: Task 2 completed: pod 729 returning to storage.
2026-07-13 07:25:29 DEBUG:    EVENT NUM 218   current_time = 00:01:06   CLOSE_ORDER           [queue size = 154]
2026-07-13 07:25:29 DEBUG: Order 51 closed at workstation 1: flow_time = 66.2 s.     [order_buffer = 10] [open_orders = 3/4]
2026-07-13 07:25:29 DEBUG: Next order in buffer: 79
2026-07-13 07:25:29 DEBUG:    EVENT NUM 219   current_time = 00:01:06   OPEN_ORDER            [queue size = 154]
2026-07-13 07:25:29 DEBUG: Order 79 (skus required = {1164}) opened at workstation 1.   [open_orders = 4/4]
2026-07-13 07:25:29 DEBUG:    EVENT NUM 220   current_time = 00:01:06   START_TASK            [queue size = 154]
2026-07-13 07:25:29 DEBUG: Task 20 started: robot 9 → pod 635 → workstation 1 for orders {42} (arrival = 146.6 s).   [idle robots = 12/40]
2026-07-13 07:25:29 DEBUG:    EVENT NUM 221   current_time = 00:01:07   RELEASE_TASK          [queue size = 154]
2026-07-13 07:25:29 DEBUG: Task 35 released: pod 739 required by workstation(s) [1, 1].  [released tasks = 6]
2026-07-13 07:25:29 DEBUG:    EVENT NUM 222   current_time = 00:01:07   START_TASK            [queue size = 154]
2026-07-13 07:25:29 DEBUG: Task 24 blocked: no orders in {1: [9]} is open yet.  [released tasks = 5]
2026-07-13 07:25:29 DEBUG: Task 31 blocked: no orders in {2: [53]} is open yet.  [released tasks = 4]
2026-07-13 07:25:29 DEBUG: Task 32 blocked: no orders in {0: [6]} is open yet.  [released tasks = 3]
2026-07-13 07:25:29 DEBUG: Task 33 blocked: no orders in {1: [80]} is open yet.  [released tasks = 2]
2026-07-13 07:25:29 DEBUG: Task 34 blocked: no orders in {0: [85]} is open yet.  [released tasks = 1]
2026-07-13 07:25:29 DEBUG: Task 35 blocked: no orders in {1: [77]} is open yet.  [released tasks = 0]
2026-07-13 07:25:29 DEBUG:    EVENT NUM 223   current_time = 00:01:07   ARRIVAL_POD_WST       [queue size = 153]
2026-07-13 07:25:29 DEBUG: Pod 580 arrived at workstation 1 - status = IDLE
2026-07-13 07:25:29 DEBUG: Pod queued at workstation.    [picking_buffer = {9: 67.1743900295688}]
2026-07-13 07:25:29 DEBUG:    EVENT NUM 224   current_time = 00:01:07   START_PICKING         [queue size = 153]
2026-07-13 07:25:29 DEBUG: Processing task 9 at workstation 1: picking items {5735} for orders {71}
2026-07-13 07:25:29 DEBUG:    EVENT NUM 225   current_time = 00:01:08   RELEASE_TASK          [queue size = 153]
2026-07-13 07:25:29 DEBUG: Task 36 released: pod 616 required by workstation(s) [1].  [released tasks = 7]
2026-07-13 07:25:29 DEBUG:    EVENT NUM 226   current_time = 00:01:08   START_TASK            [queue size = 153]
2026-07-13 07:25:29 DEBUG: Task 24 blocked: no orders in {1: [9]} is open yet.  [released tasks = 6]
2026-07-13 07:25:29 DEBUG: Task 31 blocked: no orders in {2: [53]} is open yet.  [released tasks = 5]
2026-07-13 07:25:29 DEBUG: Task 32 blocked: no orders in {0: [6]} is open yet.  [released tasks = 4]
2026-07-13 07:25:29 DEBUG: Task 33 blocked: no orders in {1: [80]} is open yet.  [released tasks = 3]
2026-07-13 07:25:29 DEBUG: Task 34 blocked: no orders in {0: [85]} is open yet.  [released tasks = 2]
2026-07-13 07:25:29 DEBUG: Task 35 blocked: no orders in {1: [77]} is open yet.  [released tasks = 1]
2026-07-13 07:25:29 DEBUG: Task 36 started: robot 5 → pod 616 → workstation 1 for orders {64} (arrival = 139.7 s).   [idle robots = 11/40]
2026-07-13 07:25:29 DEBUG:    EVENT NUM 227   current_time = 00:01:10   ARRIVAL_ORDER         [queue size = 153]
2026-07-13 07:25:29 DEBUG: Order 113 arrived: items_required = [5257].     [orders_in_system = 106]
2026-07-13 07:25:29 DEBUG:    EVENT NUM 228   current_time = 00:01:10   RETURN_POD            [queue size = 153]
2026-07-13 07:25:29 DEBUG: Pod 795 returned. Robot 21 idle.   [idle robots = 12/40, released tasks = 6]
2026-07-13 07:25:29 DEBUG:    EVENT NUM 229   current_time = 00:01:10   START_TASK            [queue size = 153]
2026-07-13 07:25:29 DEBUG: Task 24 blocked: no orders in {1: [9]} is open yet.  [released tasks = 5]
2026-07-13 07:25:29 DEBUG: Task 31 blocked: no orders in {2: [53]} is open yet.  [released tasks = 4]
2026-07-13 07:25:29 DEBUG: Task 32 blocked: no orders in {0: [6]} is open yet.  [released tasks = 3]
2026-07-13 07:25:29 DEBUG: Task 33 blocked: no orders in {1: [80]} is open yet.  [released tasks = 2]
2026-07-13 07:25:29 DEBUG: Task 34 blocked: no orders in {0: [85]} is open yet.  [released tasks = 1]
2026-07-13 07:25:29 DEBUG: Task 35 blocked: no orders in {1: [77]} is open yet.  [released tasks = 0]
2026-07-13 07:25:29 DEBUG:    EVENT NUM 230   current_time = 00:01:10   RELEASE_TASK          [queue size = 152]
2026-07-13 07:25:29 DEBUG: Task 37 released: pod 435 required by workstation(s) [3].  [released tasks = 7]
2026-07-13 07:25:29 DEBUG:    EVENT NUM 231   current_time = 00:01:10   START_TASK            [queue size = 152]
2026-07-13 07:25:29 DEBUG: Task 24 blocked: no orders in {1: [9]} is open yet.  [released tasks = 6]
2026-07-13 07:25:29 DEBUG: Task 31 blocked: no orders in {2: [53]} is open yet.  [released tasks = 5]
2026-07-13 07:25:29 DEBUG: Task 32 blocked: no orders in {0: [6]} is open yet.  [released tasks = 4]
2026-07-13 07:25:29 DEBUG: Task 33 blocked: no orders in {1: [80]} is open yet.  [released tasks = 3]
2026-07-13 07:25:29 DEBUG: Task 34 blocked: no orders in {0: [85]} is open yet.  [released tasks = 2]
2026-07-13 07:25:29 DEBUG: Task 35 blocked: no orders in {1: [77]} is open yet.  [released tasks = 1]
2026-07-13 07:25:29 DEBUG: Task 37 started: robot 21 → pod 435 → workstation 3 for orders {33} (arrival = 138.0 s).   [idle robots = 11/40]
2026-07-13 07:25:29 DEBUG:    EVENT NUM 232   current_time = 00:01:11   RETURN_POD            [queue size = 152]
2026-07-13 07:25:29 DEBUG: Pod 768 returned. Robot 18 idle.   [idle robots = 12/40, released tasks = 6]
2026-07-13 07:25:29 DEBUG:    EVENT NUM 233   current_time = 00:01:11   START_TASK            [queue size = 152]
2026-07-13 07:25:29 DEBUG: Task 24 blocked: no orders in {1: [9]} is open yet.  [released tasks = 5]
2026-07-13 07:25:29 DEBUG: Task 31 blocked: no orders in {2: [53]} is open yet.  [released tasks = 4]
2026-07-13 07:25:29 DEBUG: Task 32 blocked: no orders in {0: [6]} is open yet.  [released tasks = 3]
2026-07-13 07:25:29 DEBUG: Task 33 blocked: no orders in {1: [80]} is open yet.  [released tasks = 2]
2026-07-13 07:25:29 DEBUG: Task 34 blocked: no orders in {0: [85]} is open yet.  [released tasks = 1]
2026-07-13 07:25:29 DEBUG: Task 35 blocked: no orders in {1: [77]} is open yet.  [released tasks = 0]
2026-07-13 07:25:29 DEBUG:    EVENT NUM 234   current_time = 00:01:11   END_PICKING           [queue size = 151]
2026-07-13 07:25:29 DEBUG: Ended picking at workstation 2.    [picking_buffer len = {}]
2026-07-13 07:25:29 DEBUG: Task should have served orders {58}, found open orders {41, 58, 49, 7}.
2026-07-13 07:25:29 DEBUG: Task 18 completed: pod 762 returning to storage.
2026-07-13 07:25:29 DEBUG:    EVENT NUM 235   current_time = 00:01:11   CLOSE_ORDER           [queue size = 152]
2026-07-13 07:25:29 DEBUG: Order 58 closed at workstation 2: flow_time = 71.8 s.     [order_buffer = 5] [open_orders = 3/4]
2026-07-13 07:25:29 DEBUG: Next order in buffer: 90
2026-07-13 07:25:29 DEBUG:    EVENT NUM 236   current_time = 00:01:11   OPEN_ORDER            [queue size = 152]
2026-07-13 07:25:29 DEBUG: Order 90 (skus required = {6441, 9839}) opened at workstation 2.   [open_orders = 4/4]
2026-07-13 07:25:29 DEBUG:    EVENT NUM 237   current_time = 00:01:11   START_TASK            [queue size = 152]
2026-07-13 07:25:29 DEBUG: Task 24 blocked: no orders in {1: [9]} is open yet.  [released tasks = 5]
2026-07-13 07:25:29 DEBUG: Task 31 started: robot 18 → pod 862 → workstation 2 for orders {53} (arrival = 151.4 s).   [idle robots = 11/40]
2026-07-13 07:25:29 DEBUG:    EVENT NUM 238   current_time = 00:01:12   RELEASE_TASK          [queue size = 152]
2026-07-13 07:25:29 DEBUG: Task 38 released: pod 878 required by workstation(s) [3].  [released tasks = 6]
2026-07-13 07:25:29 DEBUG:    EVENT NUM 239   current_time = 00:01:12   START_TASK            [queue size = 152]
2026-07-13 07:25:29 DEBUG: Task 24 blocked: no orders in {1: [9]} is open yet.  [released tasks = 5]
2026-07-13 07:25:29 DEBUG: Task 32 blocked: no orders in {0: [6]} is open yet.  [released tasks = 4]
2026-07-13 07:25:29 DEBUG: Task 33 blocked: no orders in {1: [80]} is open yet.  [released tasks = 3]
2026-07-13 07:25:29 DEBUG: Task 34 blocked: no orders in {0: [85]} is open yet.  [released tasks = 2]
2026-07-13 07:25:29 DEBUG: Task 35 blocked: no orders in {1: [77]} is open yet.  [released tasks = 1]
2026-07-13 07:25:29 DEBUG: Task 38 started: robot 28 → pod 878 → workstation 3 for orders {33} (arrival = 111.0 s).   [idle robots = 10/40]
2026-07-13 07:25:29 DEBUG:    EVENT NUM 240   current_time = 00:01:12   ARRIVAL_POD_WST       [queue size = 152]
2026-07-13 07:25:29 DEBUG: Pod 670 arrived at workstation 3 - status = IDLE
2026-07-13 07:25:29 DEBUG: Pod queued at workstation.    [picking_buffer = {8: 72.97629826863286}]
2026-07-13 07:25:29 DEBUG:    EVENT NUM 241   current_time = 00:01:12   START_PICKING         [queue size = 152]
2026-07-13 07:25:29 DEBUG: Processing task 8 at workstation 3: picking items {8610} for orders {88}
2026-07-13 07:25:29 DEBUG:    EVENT NUM 242   current_time = 00:01:14   RELEASE_TASK          [queue size = 152]
2026-07-13 07:25:29 DEBUG: Task 39 released: pod 148 required by workstation(s) [2, 2].  [released tasks = 6]
2026-07-13 07:25:29 DEBUG:    EVENT NUM 243   current_time = 00:01:14   START_TASK            [queue size = 152]
2026-07-13 07:25:29 DEBUG: Task 24 blocked: no orders in {1: [9]} is open yet.  [released tasks = 5]
2026-07-13 07:25:29 DEBUG: Task 32 blocked: no orders in {0: [6]} is open yet.  [released tasks = 4]
2026-07-13 07:25:29 DEBUG: Task 33 blocked: no orders in {1: [80]} is open yet.  [released tasks = 3]
2026-07-13 07:25:29 DEBUG: Task 34 blocked: no orders in {0: [85]} is open yet.  [released tasks = 2]
2026-07-13 07:25:29 DEBUG: Task 35 blocked: no orders in {1: [77]} is open yet.  [released tasks = 1]
2026-07-13 07:25:29 DEBUG: Task 39 started: robot 33 → pod 148 → workstation 2 for orders {66} (arrival = 256.4 s).   [idle robots = 9/40]
2026-07-13 07:25:29 DEBUG:    EVENT NUM 244   current_time = 00:01:14   END_PICKING           [queue size = 152]
2026-07-13 07:25:29 DEBUG: Ended picking at workstation 0.    [picking_buffer len = {}]
2026-07-13 07:25:29 DEBUG: Task should have served orders {56}, found open orders {69, 8, 19, 56}.
2026-07-13 07:25:29 DEBUG: Task 10 completed: pod 550 returning to storage.
2026-07-13 07:25:29 DEBUG:    EVENT NUM 245   current_time = 00:01:14   CLOSE_ORDER           [queue size = 153]
2026-07-13 07:25:29 DEBUG: Order 56 closed at workstation 0: flow_time = 75.0 s.     [order_buffer = 10] [open_orders = 3/4]
2026-07-13 07:25:29 DEBUG: Next order in buffer: 48
2026-07-13 07:25:29 DEBUG:    EVENT NUM 246   current_time = 00:01:14   OPEN_ORDER            [queue size = 153]
2026-07-13 07:25:29 DEBUG: Order 48 (skus required = {11871}) opened at workstation 0.   [open_orders = 4/4]
2026-07-13 07:25:29 DEBUG:    EVENT NUM 247   current_time = 00:01:14   START_TASK            [queue size = 153]
2026-07-13 07:25:29 DEBUG: Task 24 blocked: no orders in {1: [9]} is open yet.  [released tasks = 4]
2026-07-13 07:25:29 DEBUG: Task 32 started: robot 38 → pod 602 → workstation 0 for orders {6} (arrival = 160.7 s).   [idle robots = 8/40]
2026-07-13 07:25:29 DEBUG:    EVENT NUM 248   current_time = 00:01:15   ARRIVAL_ORDER         [queue size = 153]
2026-07-13 07:25:29 DEBUG: Order 114 arrived: items_required = [588].     [orders_in_system = 105]
2026-07-13 07:25:29 DEBUG:    EVENT NUM 249   current_time = 00:01:16   ARRIVAL_POD_WST       [queue size = 153]
2026-07-13 07:25:29 DEBUG: Pod 847 arrived at workstation 1 - status = BUSY
2026-07-13 07:25:29 DEBUG: Pod queued at workstation.    [picking_buffer = {17: 76.36049190816559}]
2026-07-13 07:25:29 DEBUG:    EVENT NUM 250   current_time = 00:01:16   RELEASE_TASK          [queue size = 152]
2026-07-13 07:25:29 DEBUG: Task 40 released: pod 395 required by workstation(s) [2].  [released tasks = 5]
2026-07-13 07:25:29 DEBUG:    EVENT NUM 251   current_time = 00:01:16   START_TASK            [queue size = 152]
2026-07-13 07:25:29 DEBUG: Task 24 blocked: no orders in {1: [9]} is open yet.  [released tasks = 4]
2026-07-13 07:25:29 DEBUG: Task 33 blocked: no orders in {1: [80]} is open yet.  [released tasks = 3]
2026-07-13 07:25:29 DEBUG: Task 34 blocked: no orders in {0: [85]} is open yet.  [released tasks = 2]
2026-07-13 07:25:29 DEBUG: Task 35 blocked: no orders in {1: [77]} is open yet.  [released tasks = 1]
2026-07-13 07:25:29 DEBUG: Task 40 started: robot 3 → pod 395 → workstation 2 for orders {53} (arrival = 186.6 s).   [idle robots = 7/40]
2026-07-13 07:25:29 DEBUG:    EVENT NUM 252   current_time = 00:01:16   ARRIVAL_POD_WST       [queue size = 152]
2026-07-13 07:25:29 DEBUG: Pod 645 arrived at workstation 3 - status = BUSY
2026-07-13 07:25:29 DEBUG: Pod queued at workstation.    [picking_buffer = {16: 76.83215021130266}]
2026-07-13 07:25:29 DEBUG:    EVENT NUM 253   current_time = 00:01:17   END_PICKING           [queue size = 151]
2026-07-13 07:25:29 DEBUG: Ended picking at workstation 1.    [picking_buffer len = {17: 76.36049190816559}]
2026-07-13 07:25:29 DEBUG: Task should have served orders {71}, found open orders {64, 71, 11, 79}.
2026-07-13 07:25:29 DEBUG: Task 9 completed: pod 580 returning to storage.
2026-07-13 07:25:29 DEBUG:    EVENT NUM 254   current_time = 00:01:17   CLOSE_ORDER           [queue size = 153]
2026-07-13 07:25:29 DEBUG: Order 71 closed at workstation 1: flow_time = 77.2 s.     [order_buffer = 9] [open_orders = 3/4]
2026-07-13 07:25:29 DEBUG: Next order in buffer: 42
2026-07-13 07:25:29 DEBUG:    EVENT NUM 255   current_time = 00:01:17   START_PICKING         [queue size = 153]
2026-07-13 07:25:29 DEBUG: Processing task 17 at workstation 1: picking items {3210} for orders {64}
2026-07-13 07:25:29 DEBUG:    EVENT NUM 256   current_time = 00:01:17   OPEN_ORDER            [queue size = 153]
2026-07-13 07:25:29 DEBUG: Order 42 (skus required = {2077}) opened at workstation 1.   [open_orders = 4/4]
2026-07-13 07:25:29 DEBUG:    EVENT NUM 257   current_time = 00:01:17   START_TASK            [queue size = 153]
2026-07-13 07:25:29 DEBUG: Task 24 blocked: no orders in {1: [9]} is open yet.  [released tasks = 3]
2026-07-13 07:25:29 DEBUG: Task 33 blocked: no orders in {1: [80]} is open yet.  [released tasks = 2]
2026-07-13 07:25:29 DEBUG: Task 34 blocked: no orders in {0: [85]} is open yet.  [released tasks = 1]
2026-07-13 07:25:29 DEBUG: Task 35 blocked: no orders in {1: [77]} is open yet.  [released tasks = 0]
2026-07-13 07:25:29 DEBUG:    EVENT NUM 258   current_time = 00:01:18   RELEASE_TASK          [queue size = 152]
2026-07-13 07:25:29 DEBUG: Task 41 released: pod 488 required by workstation(s) [5].  [released tasks = 5]
2026-07-13 07:25:29 DEBUG:    EVENT NUM 259   current_time = 00:01:18   START_TASK            [queue size = 152]
2026-07-13 07:25:29 DEBUG: Task 24 blocked: no orders in {1: [9]} is open yet.  [released tasks = 4]
2026-07-13 07:25:29 DEBUG: Task 33 blocked: no orders in {1: [80]} is open yet.  [released tasks = 3]
2026-07-13 07:25:29 DEBUG: Task 34 blocked: no orders in {0: [85]} is open yet.  [released tasks = 2]
2026-07-13 07:25:29 DEBUG: Task 35 blocked: no orders in {1: [77]} is open yet.  [released tasks = 1]
2026-07-13 07:25:29 DEBUG: Task 41 started: robot 39 → pod 488 → workstation 5 for orders {45} (arrival = 168.5 s).   [idle robots = 6/40]
2026-07-13 07:25:29 DEBUG:    EVENT NUM 260   current_time = 00:01:20   ARRIVAL_ORDER         [queue size = 152]
2026-07-13 07:25:29 DEBUG: Order 115 arrived: items_required = [7527].     [orders_in_system = 105]
2026-07-13 07:25:29 DEBUG:    EVENT NUM 261   current_time = 00:01:20   RELEASE_TASK          [queue size = 152]
2026-07-13 07:25:29 DEBUG: Task 42 released: pod 131 required by workstation(s) [0].  [released tasks = 5]
2026-07-13 07:25:29 DEBUG:    EVENT NUM 262   current_time = 00:01:20   START_TASK            [queue size = 152]
2026-07-13 07:25:29 DEBUG: Task 24 blocked: no orders in {1: [9]} is open yet.  [released tasks = 4]
2026-07-13 07:25:29 DEBUG: Task 33 blocked: no orders in {1: [80]} is open yet.  [released tasks = 3]
2026-07-13 07:25:29 DEBUG: Task 34 blocked: no orders in {0: [85]} is open yet.  [released tasks = 2]
2026-07-13 07:25:29 DEBUG: Task 35 blocked: no orders in {1: [77]} is open yet.  [released tasks = 1]
2026-07-13 07:25:29 DEBUG: Task 42 started: robot 22 → pod 131 → workstation 0 for orders {69} (arrival = 171.6 s).   [idle robots = 5/40]
2026-07-13 07:25:29 DEBUG:    EVENT NUM 263   current_time = 00:01:20   RETURN_POD            [queue size = 152]
2026-07-13 07:25:29 DEBUG: Pod 881 returned. Robot 7 idle.   [idle robots = 6/40, released tasks = 4]
2026-07-13 07:25:29 DEBUG:    EVENT NUM 264   current_time = 00:01:20   START_TASK            [queue size = 152]
2026-07-13 07:25:29 DEBUG: Task 24 blocked: no orders in {1: [9]} is open yet.  [released tasks = 3]
2026-07-13 07:25:29 DEBUG: Task 33 blocked: no orders in {1: [80]} is open yet.  [released tasks = 2]
2026-07-13 07:25:29 DEBUG: Task 34 blocked: no orders in {0: [85]} is open yet.  [released tasks = 1]
2026-07-13 07:25:29 DEBUG: Task 35 blocked: no orders in {1: [77]} is open yet.  [released tasks = 0]
2026-07-13 07:25:29 DEBUG:    EVENT NUM 265   current_time = 00:01:21   RETURN_POD            [queue size = 151]
2026-07-13 07:25:29 DEBUG: Pod 769 returned. Robot 17 idle.   [idle robots = 7/40, released tasks = 4]
2026-07-13 07:25:29 DEBUG:    EVENT NUM 266   current_time = 00:01:21   START_TASK            [queue size = 151]
2026-07-13 07:25:29 DEBUG: Task 24 blocked: no orders in {1: [9]} is open yet.  [released tasks = 3]
2026-07-13 07:25:29 DEBUG: Task 33 blocked: no orders in {1: [80]} is open yet.  [released tasks = 2]
2026-07-13 07:25:29 DEBUG: Task 34 blocked: no orders in {0: [85]} is open yet.  [released tasks = 1]
2026-07-13 07:25:29 DEBUG: Task 35 blocked: no orders in {1: [77]} is open yet.  [released tasks = 0]
2026-07-13 07:25:29 DEBUG:    EVENT NUM 267   current_time = 00:01:22   RELEASE_TASK          [queue size = 150]
2026-07-13 07:25:29 DEBUG: Task 43 released: pod 33 required by workstation(s) [1, 1].  [released tasks = 5]
2026-07-13 07:25:29 DEBUG:    EVENT NUM 268   current_time = 00:01:22   START_TASK            [queue size = 150]
2026-07-13 07:25:29 DEBUG: Task 24 blocked: no orders in {1: [9]} is open yet.  [released tasks = 4]
2026-07-13 07:25:29 DEBUG: Task 33 blocked: no orders in {1: [80]} is open yet.  [released tasks = 3]
2026-07-13 07:25:29 DEBUG: Task 34 blocked: no orders in {0: [85]} is open yet.  [released tasks = 2]
2026-07-13 07:25:29 DEBUG: Task 35 blocked: no orders in {1: [77]} is open yet.  [released tasks = 1]
2026-07-13 07:25:29 DEBUG: Task 43 blocked: no orders in {1: [82]} is open yet.  [released tasks = 0]
2026-07-13 07:25:29 DEBUG:    EVENT NUM 269   current_time = 00:01:22   END_PICKING           [queue size = 149]
2026-07-13 07:25:29 DEBUG: Ended picking at workstation 3.    [picking_buffer len = {16: 76.83215021130266}]
2026-07-13 07:25:29 DEBUG: Task should have served orders {88}, found open orders {88, 33, 12, 47}.
2026-07-13 07:25:29 DEBUG: Task 8 completed: pod 670 returning to storage.
2026-07-13 07:25:29 DEBUG:    EVENT NUM 270   current_time = 00:01:22   START_PICKING         [queue size = 150]
2026-07-13 07:25:29 DEBUG: Processing task 16 at workstation 3: picking items {7900} for orders {88}
2026-07-13 07:25:29 DEBUG:    EVENT NUM 271   current_time = 00:01:24   RELEASE_TASK          [queue size = 150]
2026-07-13 07:25:29 DEBUG: Task 44 released: pod 69 required by workstation(s) [1].  [released tasks = 6]
2026-07-13 07:25:29 DEBUG:    EVENT NUM 272   current_time = 00:01:24   START_TASK            [queue size = 150]
2026-07-13 07:25:29 DEBUG: Task 24 blocked: no orders in {1: [9]} is open yet.  [released tasks = 5]
2026-07-13 07:25:29 DEBUG: Task 33 blocked: no orders in {1: [80]} is open yet.  [released tasks = 4]
2026-07-13 07:25:29 DEBUG: Task 34 blocked: no orders in {0: [85]} is open yet.  [released tasks = 3]
2026-07-13 07:25:29 DEBUG: Task 35 blocked: no orders in {1: [77]} is open yet.  [released tasks = 2]
2026-07-13 07:25:29 DEBUG: Task 43 blocked: no orders in {1: [82]} is open yet.  [released tasks = 1]
2026-07-13 07:25:29 DEBUG: Task 44 started: robot 7 → pod 69 → workstation 1 for orders {4} (arrival = 194.1 s).   [idle robots = 6/40]
2026-07-13 07:25:29 DEBUG:    EVENT NUM 273   current_time = 00:01:24   RETURN_POD            [queue size = 150]
2026-07-13 07:25:29 DEBUG: Pod 788 returned. Robot 29 idle.   [idle robots = 7/40, released tasks = 5]
2026-07-13 07:25:29 DEBUG:    EVENT NUM 274   current_time = 00:01:24   START_TASK            [queue size = 150]
2026-07-13 07:25:29 DEBUG: Task 24 blocked: no orders in {1: [9]} is open yet.  [released tasks = 4]
2026-07-13 07:25:29 DEBUG: Task 33 blocked: no orders in {1: [80]} is open yet.  [released tasks = 3]
2026-07-13 07:25:29 DEBUG: Task 34 blocked: no orders in {0: [85]} is open yet.  [released tasks = 2]
2026-07-13 07:25:29 DEBUG: Task 35 blocked: no orders in {1: [77]} is open yet.  [released tasks = 1]
2026-07-13 07:25:29 DEBUG: Task 43 blocked: no orders in {1: [82]} is open yet.  [released tasks = 0]
2026-07-13 07:25:29 DEBUG:    EVENT NUM 275   current_time = 00:01:25   ARRIVAL_ORDER         [queue size = 149]
2026-07-13 07:25:29 DEBUG: Order 116 arrived: items_required = [5359, 25].     [orders_in_system = 106]
2026-07-13 07:25:29 DEBUG:    EVENT NUM 276   current_time = 00:01:25   RETURN_POD            [queue size = 149]
2026-07-13 07:25:29 DEBUG: Pod 760 returned. Robot 13 idle.   [idle robots = 8/40, released tasks = 5]
2026-07-13 07:25:29 DEBUG:    EVENT NUM 277   current_time = 00:01:25   START_TASK            [queue size = 149]
2026-07-13 07:25:29 DEBUG: Task 24 blocked: no orders in {1: [9]} is open yet.  [released tasks = 4]
2026-07-13 07:25:29 DEBUG: Task 33 blocked: no orders in {1: [80]} is open yet.  [released tasks = 3]
2026-07-13 07:25:29 DEBUG: Task 34 blocked: no orders in {0: [85]} is open yet.  [released tasks = 2]
2026-07-13 07:25:29 DEBUG: Task 35 blocked: no orders in {1: [77]} is open yet.  [released tasks = 1]
2026-07-13 07:25:29 DEBUG: Task 43 blocked: no orders in {1: [82]} is open yet.  [released tasks = 0]
2026-07-13 07:25:29 DEBUG:    EVENT NUM 278   current_time = 00:01:25   RELEASE_TASK          [queue size = 148]
2026-07-13 07:25:29 DEBUG: Task 45 released: pod 275 required by workstation(s) [0].  [released tasks = 6]
2026-07-13 07:25:29 DEBUG:    EVENT NUM 279   current_time = 00:01:25   START_TASK            [queue size = 148]
2026-07-13 07:25:29 DEBUG: Task 24 blocked: no orders in {1: [9]} is open yet.  [released tasks = 5]
2026-07-13 07:25:29 DEBUG: Task 33 blocked: no orders in {1: [80]} is open yet.  [released tasks = 4]
2026-07-13 07:25:29 DEBUG: Task 34 blocked: no orders in {0: [85]} is open yet.  [released tasks = 3]
2026-07-13 07:25:29 DEBUG: Task 35 blocked: no orders in {1: [77]} is open yet.  [released tasks = 2]
2026-07-13 07:25:29 DEBUG: Task 43 blocked: no orders in {1: [82]} is open yet.  [released tasks = 1]
2026-07-13 07:25:29 DEBUG: Task 45 blocked: no orders in {0: [72]} is open yet.  [released tasks = 0]
2026-07-13 07:25:29 DEBUG:    EVENT NUM 280   current_time = 00:01:27   END_PICKING           [queue size = 147]
2026-07-13 07:25:29 DEBUG: Ended picking at workstation 1.    [picking_buffer len = {}]
2026-07-13 07:25:29 DEBUG: Task should have served orders {64}, found open orders {64, 42, 11, 79}.
2026-07-13 07:25:29 DEBUG: Task 17 heading to workstation 1.
2026-07-13 07:25:29 DEBUG:    EVENT NUM 281   current_time = 00:01:27   ARRIVAL_POD_WST       [queue size = 147]
2026-07-13 07:25:29 DEBUG: Pod 847 arrived at workstation 1 - status = IDLE
2026-07-13 07:25:29 DEBUG: Pod queued at workstation.    [picking_buffer = {17: 87.1743900295688}]
2026-07-13 07:25:29 DEBUG:    EVENT NUM 282   current_time = 00:01:27   START_PICKING         [queue size = 147]
2026-07-13 07:25:29 DEBUG: Processing task 17 at workstation 1: picking items {1164} for orders {79}
2026-07-13 07:25:29 DEBUG:    EVENT NUM 283   current_time = 00:01:27   RELEASE_TASK          [queue size = 147]
2026-07-13 07:25:29 DEBUG: Task 46 released: pod 61 required by workstation(s) [3, 3].  [released tasks = 7]
2026-07-13 07:25:29 DEBUG:    EVENT NUM 284   current_time = 00:01:27   START_TASK            [queue size = 147]
2026-07-13 07:25:29 DEBUG: Task 24 blocked: no orders in {1: [9]} is open yet.  [released tasks = 6]
2026-07-13 07:25:29 DEBUG: Task 33 blocked: no orders in {1: [80]} is open yet.  [released tasks = 5]
2026-07-13 07:25:29 DEBUG: Task 34 blocked: no orders in {0: [85]} is open yet.  [released tasks = 4]
2026-07-13 07:25:29 DEBUG: Task 35 blocked: no orders in {1: [77]} is open yet.  [released tasks = 3]
2026-07-13 07:25:29 DEBUG: Task 43 blocked: no orders in {1: [82]} is open yet.  [released tasks = 2]
2026-07-13 07:25:29 DEBUG: Task 45 blocked: no orders in {0: [72]} is open yet.  [released tasks = 1]
2026-07-13 07:25:29 DEBUG: Task 46 started: robot 29 → pod 61 → workstation 3 for orders {62} (arrival = 259.3 s).   [idle robots = 7/40]
2026-07-13 07:25:29 DEBUG:    EVENT NUM 285   current_time = 00:01:29   RELEASE_TASK          [queue size = 147]
2026-07-13 07:25:29 DEBUG: Task 47 released: pod 460 required by workstation(s) [2].  [released tasks = 7]
2026-07-13 07:25:29 DEBUG:    EVENT NUM 286   current_time = 00:01:29   START_TASK            [queue size = 147]
2026-07-13 07:25:29 DEBUG: Task 24 blocked: no orders in {1: [9]} is open yet.  [released tasks = 6]
2026-07-13 07:25:29 DEBUG: Task 33 blocked: no orders in {1: [80]} is open yet.  [released tasks = 5]
2026-07-13 07:25:29 DEBUG: Task 34 blocked: no orders in {0: [85]} is open yet.  [released tasks = 4]
2026-07-13 07:25:29 DEBUG: Task 35 blocked: no orders in {1: [77]} is open yet.  [released tasks = 3]
2026-07-13 07:25:29 DEBUG: Task 43 blocked: no orders in {1: [82]} is open yet.  [released tasks = 2]
2026-07-13 07:25:29 DEBUG: Task 45 blocked: no orders in {0: [72]} is open yet.  [released tasks = 1]
2026-07-13 07:25:29 DEBUG: Task 47 blocked: no orders in {2: [66]} is open yet.  [released tasks = 0]
2026-07-13 07:25:29 DEBUG:    EVENT NUM 287   current_time = 00:01:29   RETURN_POD            [queue size = 146]
2026-07-13 07:25:29 DEBUG: Pod 704 returned. Robot 34 idle.   [idle robots = 8/40, released tasks = 7]
2026-07-13 07:25:29 DEBUG:    EVENT NUM 288   current_time = 00:01:29   START_TASK            [queue size = 146]
2026-07-13 07:25:29 DEBUG: Task 24 blocked: no orders in {1: [9]} is open yet.  [released tasks = 6]
2026-07-13 07:25:29 DEBUG: Task 33 blocked: no orders in {1: [80]} is open yet.  [released tasks = 5]
2026-07-13 07:25:29 DEBUG: Task 34 blocked: no orders in {0: [85]} is open yet.  [released tasks = 4]
2026-07-13 07:25:29 DEBUG: Task 35 blocked: no orders in {1: [77]} is open yet.  [released tasks = 3]
2026-07-13 07:25:29 DEBUG: Task 43 blocked: no orders in {1: [82]} is open yet.  [released tasks = 2]
2026-07-13 07:25:29 DEBUG: Task 45 blocked: no orders in {0: [72]} is open yet.  [released tasks = 1]
2026-07-13 07:25:29 DEBUG: Task 47 blocked: no orders in {2: [66]} is open yet.  [released tasks = 0]
2026-07-13 07:25:29 DEBUG:    EVENT NUM 289   current_time = 00:01:30   ARRIVAL_ORDER         [queue size = 145]
2026-07-13 07:25:29 DEBUG: Order 117 arrived: items_required = [3901].     [orders_in_system = 107]
2026-07-13 07:25:29 DEBUG:    EVENT NUM 290   current_time = 00:01:30   ARRIVAL_POD_WST       [queue size = 145]
2026-07-13 07:25:29 DEBUG: Pod 518 arrived at workstation 1 - status = BUSY
2026-07-13 07:25:29 DEBUG: Pod queued at workstation.    [picking_buffer = {14: 90.01297400750833}]
2026-07-13 07:25:29 DEBUG:    EVENT NUM 291   current_time = 00:01:30   RETURN_POD            [queue size = 144]
2026-07-13 07:25:29 DEBUG: Pod 789 returned. Robot 36 idle.   [idle robots = 9/40, released tasks = 7]
2026-07-13 07:25:29 DEBUG:    EVENT NUM 292   current_time = 00:01:30   START_TASK            [queue size = 144]
2026-07-13 07:25:29 DEBUG: Task 24 blocked: no orders in {1: [9]} is open yet.  [released tasks = 6]
2026-07-13 07:25:29 DEBUG: Task 33 blocked: no orders in {1: [80]} is open yet.  [released tasks = 5]
2026-07-13 07:25:29 DEBUG: Task 34 blocked: no orders in {0: [85]} is open yet.  [released tasks = 4]
2026-07-13 07:25:29 DEBUG: Task 35 blocked: no orders in {1: [77]} is open yet.  [released tasks = 3]
2026-07-13 07:25:29 DEBUG: Task 43 blocked: no orders in {1: [82]} is open yet.  [released tasks = 2]
2026-07-13 07:25:29 DEBUG: Task 45 blocked: no orders in {0: [72]} is open yet.  [released tasks = 1]
2026-07-13 07:25:29 DEBUG: Task 47 blocked: no orders in {2: [66]} is open yet.  [released tasks = 0]
2026-07-13 07:25:29 DEBUG:    EVENT NUM 293   current_time = 00:01:31   RELEASE_TASK          [queue size = 143]
2026-07-13 07:25:29 DEBUG: Task 48 released: pod 85 required by workstation(s) [0].  [released tasks = 8]
2026-07-13 07:25:29 DEBUG:    EVENT NUM 294   current_time = 00:01:31   START_TASK            [queue size = 143]
2026-07-13 07:25:29 DEBUG: Task 24 blocked: no orders in {1: [9]} is open yet.  [released tasks = 7]
2026-07-13 07:25:29 DEBUG: Task 33 blocked: no orders in {1: [80]} is open yet.  [released tasks = 6]
2026-07-13 07:25:29 DEBUG: Task 34 blocked: no orders in {0: [85]} is open yet.  [released tasks = 5]
2026-07-13 07:25:29 DEBUG: Task 35 blocked: no orders in {1: [77]} is open yet.  [released tasks = 4]
2026-07-13 07:25:29 DEBUG: Task 43 blocked: no orders in {1: [82]} is open yet.  [released tasks = 3]
2026-07-13 07:25:29 DEBUG: Task 45 blocked: no orders in {0: [72]} is open yet.  [released tasks = 2]
2026-07-13 07:25:29 DEBUG: Task 47 blocked: no orders in {2: [66]} is open yet.  [released tasks = 1]
2026-07-13 07:25:29 DEBUG: Task 48 blocked: no orders in {0: [36]} is open yet.  [released tasks = 0]
2026-07-13 07:25:29 DEBUG:    EVENT NUM 295   current_time = 00:01:32   END_PICKING           [queue size = 142]
2026-07-13 07:25:29 DEBUG: Ended picking at workstation 3.    [picking_buffer len = {}]
2026-07-13 07:25:29 DEBUG: Task should have served orders {88}, found open orders {88, 33, 12, 47}.
2026-07-13 07:25:29 DEBUG: Task 16 completed: pod 645 returning to storage.
2026-07-13 07:25:29 DEBUG:    EVENT NUM 296   current_time = 00:01:32   CLOSE_ORDER           [queue size = 143]
2026-07-13 07:25:29 DEBUG: Order 88 closed at workstation 3: flow_time = 93.0 s.     [order_buffer = 6] [open_orders = 3/4]
2026-07-13 07:25:29 DEBUG: Next order in buffer: 62
2026-07-13 07:25:29 DEBUG:    EVENT NUM 297   current_time = 00:01:32   OPEN_ORDER            [queue size = 143]
2026-07-13 07:25:29 DEBUG: Order 62 (skus required = {6975}) opened at workstation 3.   [open_orders = 4/4]
2026-07-13 07:25:29 DEBUG:    EVENT NUM 298   current_time = 00:01:32   START_TASK            [queue size = 143]
2026-07-13 07:25:29 DEBUG: Task 24 blocked: no orders in {1: [9]} is open yet.  [released tasks = 7]
2026-07-13 07:25:29 DEBUG: Task 33 blocked: no orders in {1: [80]} is open yet.  [released tasks = 6]
2026-07-13 07:25:29 DEBUG: Task 34 blocked: no orders in {0: [85]} is open yet.  [released tasks = 5]
2026-07-13 07:25:29 DEBUG: Task 35 blocked: no orders in {1: [77]} is open yet.  [released tasks = 4]
2026-07-13 07:25:29 DEBUG: Task 43 blocked: no orders in {1: [82]} is open yet.  [released tasks = 3]
2026-07-13 07:25:29 DEBUG: Task 45 blocked: no orders in {0: [72]} is open yet.  [released tasks = 2]
2026-07-13 07:25:29 DEBUG: Task 47 blocked: no orders in {2: [66]} is open yet.  [released tasks = 1]
2026-07-13 07:25:29 DEBUG: Task 48 blocked: no orders in {0: [36]} is open yet.  [released tasks = 0]
2026-07-13 07:25:29 DEBUG:    EVENT NUM 299   current_time = 00:01:33   ARRIVAL_POD_WST       [queue size = 142]
2026-07-13 07:25:29 DEBUG: Pod 813 arrived at workstation 0 - status = IDLE
2026-07-13 07:25:29 DEBUG: Pod queued at workstation.    [picking_buffer = {15: 93.4372856616789}]
2026-07-13 07:25:29 DEBUG:    EVENT NUM 300   current_time = 00:01:33   START_PICKING         [queue size = 142]
2026-07-13 07:25:29 DEBUG: Processing task 15 at workstation 0: picking items {9185} for orders {19}
2026-07-13 07:25:29 DEBUG:    EVENT NUM 301   current_time = 00:01:33   RELEASE_TASK          [queue size = 142]
2026-07-13 07:25:29 DEBUG: Task 49 released: pod 355 required by workstation(s) [0, 0].  [released tasks = 9]
2026-07-13 07:25:29 DEBUG:    EVENT NUM 302   current_time = 00:01:33   START_TASK            [queue size = 142]
2026-07-13 07:25:29 DEBUG: Task 24 blocked: no orders in {1: [9]} is open yet.  [released tasks = 8]
2026-07-13 07:25:29 DEBUG: Task 33 blocked: no orders in {1: [80]} is open yet.  [released tasks = 7]
2026-07-13 07:25:29 DEBUG: Task 34 blocked: no orders in {0: [85]} is open yet.  [released tasks = 6]
2026-07-13 07:25:29 DEBUG: Task 35 blocked: no orders in {1: [77]} is open yet.  [released tasks = 5]
2026-07-13 07:25:29 DEBUG: Task 43 blocked: no orders in {1: [82]} is open yet.  [released tasks = 4]
2026-07-13 07:25:29 DEBUG: Task 45 blocked: no orders in {0: [72]} is open yet.  [released tasks = 3]
2026-07-13 07:25:29 DEBUG: Task 47 blocked: no orders in {2: [66]} is open yet.  [released tasks = 2]
2026-07-13 07:25:29 DEBUG: Task 48 blocked: no orders in {0: [36]} is open yet.  [released tasks = 1]
2026-07-13 07:25:29 DEBUG: Task 49 blocked: no orders in {0: [13]} is open yet.  [released tasks = 0]
2026-07-13 07:25:29 DEBUG:    EVENT NUM 303   current_time = 00:01:34   RETURN_POD            [queue size = 141]
2026-07-13 07:25:29 DEBUG: Pod 762 returned. Robot 15 idle.   [idle robots = 10/40, released tasks = 9]
2026-07-13 07:25:29 DEBUG:    EVENT NUM 304   current_time = 00:01:34   START_TASK            [queue size = 141]
2026-07-13 07:25:29 DEBUG: Task 24 blocked: no orders in {1: [9]} is open yet.  [released tasks = 8]
2026-07-13 07:25:29 DEBUG: Task 33 blocked: no orders in {1: [80]} is open yet.  [released tasks = 7]
2026-07-13 07:25:29 DEBUG: Task 34 blocked: no orders in {0: [85]} is open yet.  [released tasks = 6]
2026-07-13 07:25:29 DEBUG: Task 35 blocked: no orders in {1: [77]} is open yet.  [released tasks = 5]
2026-07-13 07:25:29 DEBUG: Task 43 blocked: no orders in {1: [82]} is open yet.  [released tasks = 4]
2026-07-13 07:25:29 DEBUG: Task 45 blocked: no orders in {0: [72]} is open yet.  [released tasks = 3]
2026-07-13 07:25:29 DEBUG: Task 47 blocked: no orders in {2: [66]} is open yet.  [released tasks = 2]
2026-07-13 07:25:29 DEBUG: Task 48 blocked: no orders in {0: [36]} is open yet.  [released tasks = 1]
2026-07-13 07:25:29 DEBUG: Task 49 blocked: no orders in {0: [13]} is open yet.  [released tasks = 0]
2026-07-13 07:25:29 DEBUG:    EVENT NUM 305   current_time = 00:01:35   ARRIVAL_ORDER         [queue size = 140]
2026-07-13 07:25:29 DEBUG: Order 118 arrived: items_required = [12911].     [orders_in_system = 107]
2026-07-13 07:25:29 DEBUG:    EVENT NUM 306   current_time = 00:01:35   RELEASE_TASK          [queue size = 140]
2026-07-13 07:25:29 DEBUG: Task 50 released: pod 516 required by workstation(s) [0].  [released tasks = 10]
2026-07-13 07:25:29 DEBUG:    EVENT NUM 307   current_time = 00:01:35   START_TASK            [queue size = 140]
2026-07-13 07:25:29 DEBUG: Task 24 blocked: no orders in {1: [9]} is open yet.  [released tasks = 9]
2026-07-13 07:25:29 DEBUG: Task 33 blocked: no orders in {1: [80]} is open yet.  [released tasks = 8]
2026-07-13 07:25:29 DEBUG: Task 34 blocked: no orders in {0: [85]} is open yet.  [released tasks = 7]
2026-07-13 07:25:29 DEBUG: Task 35 blocked: no orders in {1: [77]} is open yet.  [released tasks = 6]
2026-07-13 07:25:29 DEBUG: Task 43 blocked: no orders in {1: [82]} is open yet.  [released tasks = 5]
2026-07-13 07:25:29 DEBUG: Task 45 blocked: no orders in {0: [72]} is open yet.  [released tasks = 4]
2026-07-13 07:25:29 DEBUG: Task 47 blocked: no orders in {2: [66]} is open yet.  [released tasks = 3]
2026-07-13 07:25:29 DEBUG: Task 48 blocked: no orders in {0: [36]} is open yet.  [released tasks = 2]
2026-07-13 07:25:29 DEBUG: Task 49 blocked: no orders in {0: [13]} is open yet.  [released tasks = 1]
2026-07-13 07:25:29 DEBUG: Task 50 blocked: no orders in {0: [36]} is open yet.  [released tasks = 0]
2026-07-13 07:25:29 DEBUG:    EVENT NUM 308   current_time = 00:01:36   ARRIVAL_POD_WST       [queue size = 139]
2026-07-13 07:25:29 DEBUG: Pod 873 arrived at workstation 0 - status = BUSY
2026-07-13 07:25:29 DEBUG: Pod queued at workstation.    [picking_buffer = {22: 96.83478405330965}]
2026-07-13 07:25:29 DEBUG:    EVENT NUM 309   current_time = 00:01:37   END_PICKING           [queue size = 138]
2026-07-13 07:25:29 DEBUG: Ended picking at workstation 1.    [picking_buffer len = {14: 90.01297400750833}]
2026-07-13 07:25:29 DEBUG: Task should have served orders {79}, found open orders {64, 42, 11, 79}.
2026-07-13 07:25:29 DEBUG: Task 17 completed: pod 847 returning to storage.
2026-07-13 07:25:29 DEBUG:    EVENT NUM 310   current_time = 00:01:37   CLOSE_ORDER           [queue size = 140]
2026-07-13 07:25:29 DEBUG: Order 79 closed at workstation 1: flow_time = 97.2 s.     [order_buffer = 8] [open_orders = 3/4]
2026-07-13 07:25:29 DEBUG: Next order in buffer: 4
2026-07-13 07:25:29 DEBUG:    EVENT NUM 311   current_time = 00:01:37   START_PICKING         [queue size = 140]
2026-07-13 07:25:29 DEBUG: Processing task 14 at workstation 1: picking items {9795} for orders {11}
2026-07-13 07:25:29 DEBUG:    EVENT NUM 312   current_time = 00:01:37   OPEN_ORDER            [queue size = 140]
2026-07-13 07:25:29 DEBUG: Order 4 (skus required = {5161, 5629}) opened at workstation 1.   [open_orders = 4/4]
2026-07-13 07:25:29 DEBUG:    EVENT NUM 313   current_time = 00:01:37   START_TASK            [queue size = 140]
2026-07-13 07:25:29 DEBUG: Task 24 started: robot 36 → pod 278 → workstation 1 for orders {9} (arrival = 183.2 s).   [idle robots = 9/40]
2026-07-13 07:25:29 DEBUG:    EVENT NUM 314   current_time = 00:01:37   RELEASE_TASK          [queue size = 140]
2026-07-13 07:25:29 DEBUG: Task 51 released: pod 588 required by workstation(s) [8].  [released tasks = 10]
2026-07-13 07:25:29 DEBUG:    EVENT NUM 315   current_time = 00:01:37   START_TASK            [queue size = 140]
2026-07-13 07:25:29 DEBUG: Task 33 blocked: no orders in {1: [80]} is open yet.  [released tasks = 9]
2026-07-13 07:25:29 DEBUG: Task 34 blocked: no orders in {0: [85]} is open yet.  [released tasks = 8]
2026-07-13 07:25:29 DEBUG: Task 35 blocked: no orders in {1: [77]} is open yet.  [released tasks = 7]
2026-07-13 07:25:29 DEBUG: Task 43 blocked: no orders in {1: [82]} is open yet.  [released tasks = 6]
2026-07-13 07:25:29 DEBUG: Task 45 blocked: no orders in {0: [72]} is open yet.  [released tasks = 5]
2026-07-13 07:25:29 DEBUG: Task 47 blocked: no orders in {2: [66]} is open yet.  [released tasks = 4]
2026-07-13 07:25:29 DEBUG: Task 48 blocked: no orders in {0: [36]} is open yet.  [released tasks = 3]
2026-07-13 07:25:29 DEBUG: Task 49 blocked: no orders in {0: [13]} is open yet.  [released tasks = 2]
2026-07-13 07:25:29 DEBUG: Task 50 blocked: no orders in {0: [36]} is open yet.  [released tasks = 1]
2026-07-13 07:25:29 DEBUG: Task 51 started: robot 17 → pod 588 → workstation 8 for orders {92} (arrival = 139.0 s).   [idle robots = 8/40]
2026-07-13 07:25:29 DEBUG:    EVENT NUM 316   current_time = 00:01:39   RELEASE_TASK          [queue size = 140]
2026-07-13 07:25:29 DEBUG: Task 52 released: pod 544 required by workstation(s) [0].  [released tasks = 10]
2026-07-13 07:25:29 DEBUG:    EVENT NUM 317   current_time = 00:01:39   START_TASK            [queue size = 140]
2026-07-13 07:25:29 DEBUG: Task 33 blocked: no orders in {1: [80]} is open yet.  [released tasks = 9]
2026-07-13 07:25:29 DEBUG: Task 34 blocked: no orders in {0: [85]} is open yet.  [released tasks = 8]
2026-07-13 07:25:29 DEBUG: Task 35 blocked: no orders in {1: [77]} is open yet.  [released tasks = 7]
2026-07-13 07:25:29 DEBUG: Task 43 blocked: no orders in {1: [82]} is open yet.  [released tasks = 6]
2026-07-13 07:25:29 DEBUG: Task 45 blocked: no orders in {0: [72]} is open yet.  [released tasks = 5]
2026-07-13 07:25:29 DEBUG: Task 47 blocked: no orders in {2: [66]} is open yet.  [released tasks = 4]
2026-07-13 07:25:29 DEBUG: Task 48 blocked: no orders in {0: [36]} is open yet.  [released tasks = 3]
2026-07-13 07:25:29 DEBUG: Task 49 blocked: no orders in {0: [13]} is open yet.  [released tasks = 2]
2026-07-13 07:25:29 DEBUG: Task 50 blocked: no orders in {0: [36]} is open yet.  [released tasks = 1]
2026-07-13 07:25:29 DEBUG: Task 52 blocked: no orders in {0: [36]} is open yet.  [released tasks = 0]
2026-07-13 07:25:29 DEBUG:    EVENT NUM 318   current_time = 00:01:40   ARRIVAL_ORDER         [queue size = 139]
2026-07-13 07:25:29 DEBUG: Order 119 arrived: items_required = [8882, 4909].     [orders_in_system = 107]
2026-07-13 07:25:29 DEBUG:    EVENT NUM 319   current_time = 00:01:41   RELEASE_TASK          [queue size = 139]
2026-07-13 07:25:29 DEBUG: Task 53 released: pod 26 required by workstation(s) [7].  [released tasks = 11]
2026-07-13 07:25:29 DEBUG:    EVENT NUM 320   current_time = 00:01:41   START_TASK            [queue size = 139]
2026-07-13 07:25:29 DEBUG: Task 33 blocked: no orders in {1: [80]} is open yet.  [released tasks = 10]
2026-07-13 07:25:29 DEBUG: Task 34 blocked: no orders in {0: [85]} is open yet.  [released tasks = 9]
2026-07-13 07:25:29 DEBUG: Task 35 blocked: no orders in {1: [77]} is open yet.  [released tasks = 8]
2026-07-13 07:25:29 DEBUG: Task 43 blocked: no orders in {1: [82]} is open yet.  [released tasks = 7]
2026-07-13 07:25:29 DEBUG: Task 45 blocked: no orders in {0: [72]} is open yet.  [released tasks = 6]
2026-07-13 07:25:29 DEBUG: Task 47 blocked: no orders in {2: [66]} is open yet.  [released tasks = 5]
2026-07-13 07:25:29 DEBUG: Task 48 blocked: no orders in {0: [36]} is open yet.  [released tasks = 4]
2026-07-13 07:25:29 DEBUG: Task 49 blocked: no orders in {0: [13]} is open yet.  [released tasks = 3]
2026-07-13 07:25:29 DEBUG: Task 50 blocked: no orders in {0: [36]} is open yet.  [released tasks = 2]
2026-07-13 07:25:29 DEBUG: Task 52 blocked: no orders in {0: [36]} is open yet.  [released tasks = 1]
2026-07-13 07:25:29 DEBUG: Task 53 started: robot 14 → pod 26 → workstation 7 for orders {60} (arrival = 254.8 s).   [idle robots = 7/40]
2026-07-13 07:25:29 DEBUG:    EVENT NUM 321   current_time = 00:01:42   RELEASE_TASK          [queue size = 139]
2026-07-13 07:25:29 DEBUG: Task 54 released: pod 754 required by workstation(s) [0].  [released tasks = 11]
2026-07-13 07:25:29 DEBUG:    EVENT NUM 322   current_time = 00:01:42   START_TASK            [queue size = 139]
2026-07-13 07:25:29 DEBUG: Task 33 blocked: no orders in {1: [80]} is open yet.  [released tasks = 10]
2026-07-13 07:25:29 DEBUG: Task 34 blocked: no orders in {0: [85]} is open yet.  [released tasks = 9]
2026-07-13 07:25:29 DEBUG: Task 35 blocked: no orders in {1: [77]} is open yet.  [released tasks = 8]
2026-07-13 07:25:29 DEBUG: Task 43 blocked: no orders in {1: [82]} is open yet.  [released tasks = 7]
2026-07-13 07:25:29 DEBUG: Task 45 blocked: no orders in {0: [72]} is open yet.  [released tasks = 6]
2026-07-13 07:25:29 DEBUG: Task 47 blocked: no orders in {2: [66]} is open yet.  [released tasks = 5]
2026-07-13 07:25:29 DEBUG: Task 48 blocked: no orders in {0: [36]} is open yet.  [released tasks = 4]
2026-07-13 07:25:29 DEBUG: Task 49 blocked: no orders in {0: [13]} is open yet.  [released tasks = 3]
2026-07-13 07:25:29 DEBUG: Task 50 blocked: no orders in {0: [36]} is open yet.  [released tasks = 2]
2026-07-13 07:25:29 DEBUG: Task 52 blocked: no orders in {0: [36]} is open yet.  [released tasks = 1]
2026-07-13 07:25:29 DEBUG: Task 54 blocked: no orders in {0: [61]} is open yet.  [released tasks = 0]
2026-07-13 07:25:29 DEBUG:    EVENT NUM 323   current_time = 00:01:43   END_PICKING           [queue size = 138]
2026-07-13 07:25:29 DEBUG: Ended picking at workstation 0.    [picking_buffer len = {22: 96.83478405330965}]
2026-07-13 07:25:29 DEBUG: Task should have served orders {19}, found open orders {69, 8, 48, 19}.
2026-07-13 07:25:29 DEBUG: Task 15 completed: pod 813 returning to storage.
2026-07-13 07:25:29 DEBUG:    EVENT NUM 324   current_time = 00:01:43   CLOSE_ORDER           [queue size = 140]
2026-07-13 07:25:29 DEBUG: Order 19 closed at workstation 0: flow_time = 103.4 s.     [order_buffer = 9] [open_orders = 3/4]
2026-07-13 07:25:29 DEBUG: Next order in buffer: 6
2026-07-13 07:25:29 DEBUG:    EVENT NUM 325   current_time = 00:01:43   START_PICKING         [queue size = 140]
2026-07-13 07:25:29 DEBUG: Processing task 22 at workstation 0: picking items {6789} for orders {69}
2026-07-13 07:25:29 DEBUG:    EVENT NUM 326   current_time = 00:01:43   OPEN_ORDER            [queue size = 140]
2026-07-13 07:25:29 DEBUG: Order 6 (skus required = {10805}) opened at workstation 0.   [open_orders = 4/4]
2026-07-13 07:25:29 DEBUG:    EVENT NUM 327   current_time = 00:01:43   START_TASK            [queue size = 140]
2026-07-13 07:25:29 DEBUG: Task 33 blocked: no orders in {1: [80]} is open yet.  [released tasks = 10]
2026-07-13 07:25:29 DEBUG: Task 34 started: robot 13 → pod 368 → workstation 0 for orders {85} (arrival = 177.5 s).   [idle robots = 6/40]
2026-07-13 07:25:29 DEBUG:    EVENT NUM 328   current_time = 00:01:44   RELEASE_TASK          [queue size = 140]
2026-07-13 07:25:29 DEBUG: Task 55 released: pod 668 required by workstation(s) [2].  [released tasks = 11]
2026-07-13 07:25:29 DEBUG:    EVENT NUM 329   current_time = 00:01:44   START_TASK            [queue size = 140]
2026-07-13 07:25:29 DEBUG: Task 33 blocked: no orders in {1: [80]} is open yet.  [released tasks = 10]
2026-07-13 07:25:29 DEBUG: Task 35 blocked: no orders in {1: [77]} is open yet.  [released tasks = 9]
2026-07-13 07:25:29 DEBUG: Task 43 blocked: no orders in {1: [82]} is open yet.  [released tasks = 8]
2026-07-13 07:25:29 DEBUG: Task 45 blocked: no orders in {0: [72]} is open yet.  [released tasks = 7]
2026-07-13 07:25:29 DEBUG: Task 47 blocked: no orders in {2: [66]} is open yet.  [released tasks = 6]
2026-07-13 07:25:29 DEBUG: Task 48 blocked: no orders in {0: [36]} is open yet.  [released tasks = 5]
2026-07-13 07:25:29 DEBUG: Task 49 blocked: no orders in {0: [13]} is open yet.  [released tasks = 4]
2026-07-13 07:25:29 DEBUG: Task 50 blocked: no orders in {0: [36]} is open yet.  [released tasks = 3]
2026-07-13 07:25:29 DEBUG: Task 52 blocked: no orders in {0: [36]} is open yet.  [released tasks = 2]
2026-07-13 07:25:29 DEBUG: Task 54 blocked: no orders in {0: [61]} is open yet.  [released tasks = 1]
2026-07-13 07:25:29 DEBUG: Task 55 blocked: no orders in {2: [46]} is open yet.  [released tasks = 0]
2026-07-13 07:25:29 DEBUG:    EVENT NUM 330   current_time = 00:01:45   ARRIVAL_ORDER         [queue size = 139]
2026-07-13 07:25:29 DEBUG: Order 120 arrived: items_required = [3693].     [orders_in_system = 107]
2026-07-13 07:25:29 DEBUG:    EVENT NUM 331   current_time = 00:01:46   RELEASE_TASK          [queue size = 139]
2026-07-13 07:25:29 DEBUG: Task 56 released: pod 385 required by workstation(s) [8].  [released tasks = 12]
2026-07-13 07:25:29 DEBUG:    EVENT NUM 332   current_time = 00:01:46   START_TASK            [queue size = 139]
2026-07-13 07:25:29 DEBUG: Task 33 blocked: no orders in {1: [80]} is open yet.  [released tasks = 11]
2026-07-13 07:25:29 DEBUG: Task 35 blocked: no orders in {1: [77]} is open yet.  [released tasks = 10]
2026-07-13 07:25:29 DEBUG: Task 43 blocked: no orders in {1: [82]} is open yet.  [released tasks = 9]
2026-07-13 07:25:29 DEBUG: Task 45 blocked: no orders in {0: [72]} is open yet.  [released tasks = 8]
2026-07-13 07:25:29 DEBUG: Task 47 blocked: no orders in {2: [66]} is open yet.  [released tasks = 7]
2026-07-13 07:25:29 DEBUG: Task 48 blocked: no orders in {0: [36]} is open yet.  [released tasks = 6]
2026-07-13 07:25:29 DEBUG: Task 49 blocked: no orders in {0: [13]} is open yet.  [released tasks = 5]
2026-07-13 07:25:29 DEBUG: Task 50 blocked: no orders in {0: [36]} is open yet.  [released tasks = 4]
2026-07-13 07:25:29 DEBUG: Task 52 blocked: no orders in {0: [36]} is open yet.  [released tasks = 3]
2026-07-13 07:25:29 DEBUG: Task 54 blocked: no orders in {0: [61]} is open yet.  [released tasks = 2]
2026-07-13 07:25:29 DEBUG: Task 55 blocked: no orders in {2: [46]} is open yet.  [released tasks = 1]
2026-07-13 07:25:29 DEBUG: Task 56 started: robot 32 → pod 385 → workstation 8 for orders {16} (arrival = 222.5 s).   [idle robots = 5/40]
2026-07-13 07:25:29 DEBUG:    EVENT NUM 333   current_time = 00:01:47   END_PICKING           [queue size = 139]
2026-07-13 07:25:29 DEBUG: Ended picking at workstation 1.    [picking_buffer len = {}]
2026-07-13 07:25:29 DEBUG: Task should have served orders {11}, found open orders {64, 4, 42, 11}.
2026-07-13 07:25:29 DEBUG: Task 14 completed: pod 518 returning to storage.
2026-07-13 07:25:29 DEBUG:    EVENT NUM 334   current_time = 00:01:47   CLOSE_ORDER           [queue size = 140]
2026-07-13 07:25:29 DEBUG: Order 11 closed at workstation 1: flow_time = 107.2 s.     [order_buffer = 7] [open_orders = 3/4]
2026-07-13 07:25:29 DEBUG: Next order in buffer: 9
2026-07-13 07:25:29 DEBUG:    EVENT NUM 335   current_time = 00:01:47   OPEN_ORDER            [queue size = 140]
2026-07-13 07:25:29 DEBUG: Order 9 (skus required = {3545}) opened at workstation 1.   [open_orders = 4/4]
2026-07-13 07:25:29 DEBUG:    EVENT NUM 336   current_time = 00:01:47   START_TASK            [queue size = 140]
2026-07-13 07:25:29 DEBUG: Task 33 started: robot 15 → pod 251 → workstation 1 for orders {80} (arrival = 192.6 s).   [idle robots = 4/40]
2026-07-13 07:25:29 DEBUG:    EVENT NUM 337   current_time = 00:01:47   RETURN_POD            [queue size = 140]
2026-07-13 07:25:29 DEBUG: Pod 729 returned. Robot 35 idle.   [idle robots = 5/40, released tasks = 10]
2026-07-13 07:25:29 DEBUG:    EVENT NUM 338   current_time = 00:01:47   START_TASK            [queue size = 140]
2026-07-13 07:25:29 DEBUG: Task 35 blocked: no orders in {1: [77]} is open yet.  [released tasks = 9]
2026-07-13 07:25:29 DEBUG: Task 43 blocked: no orders in {1: [82]} is open yet.  [released tasks = 8]
2026-07-13 07:25:29 DEBUG: Task 45 blocked: no orders in {0: [72]} is open yet.  [released tasks = 7]
2026-07-13 07:25:29 DEBUG: Task 47 blocked: no orders in {2: [66]} is open yet.  [released tasks = 6]
2026-07-13 07:25:29 DEBUG: Task 48 blocked: no orders in {0: [36]} is open yet.  [released tasks = 5]
2026-07-13 07:25:29 DEBUG: Task 49 blocked: no orders in {0: [13]} is open yet.  [released tasks = 4]
2026-07-13 07:25:29 DEBUG: Task 50 blocked: no orders in {0: [36]} is open yet.  [released tasks = 3]
2026-07-13 07:25:29 DEBUG: Task 52 blocked: no orders in {0: [36]} is open yet.  [released tasks = 2]
2026-07-13 07:25:29 DEBUG: Task 54 blocked: no orders in {0: [61]} is open yet.  [released tasks = 1]
2026-07-13 07:25:29 DEBUG: Task 55 blocked: no orders in {2: [46]} is open yet.  [released tasks = 0]
2026-07-13 07:25:29 DEBUG:    EVENT NUM 339   current_time = 00:01:48   ARRIVAL_POD_WST       [queue size = 139]
2026-07-13 07:25:29 DEBUG: Pod 815 arrived at workstation 3 - status = IDLE
2026-07-13 07:25:29 DEBUG: Pod queued at workstation.    [picking_buffer = {21: 108.21663754319242}]
2026-07-13 07:25:29 DEBUG:    EVENT NUM 340   current_time = 00:01:48   START_PICKING         [queue size = 139]
2026-07-13 07:25:29 DEBUG: Processing task 21 at workstation 3: picking items {5061} for orders {12}
2026-07-13 07:25:29 DEBUG:    EVENT NUM 341   current_time = 00:01:48   RELEASE_TASK          [queue size = 139]
2026-07-13 07:25:29 DEBUG: Task 57 released: pod 871 required by workstation(s) [3].  [released tasks = 11]
2026-07-13 07:25:29 DEBUG:    EVENT NUM 342   current_time = 00:01:48   START_TASK            [queue size = 139]
2026-07-13 07:25:29 DEBUG: Task 35 blocked: no orders in {1: [77]} is open yet.  [released tasks = 10]
2026-07-13 07:25:29 DEBUG: Task 43 blocked: no orders in {1: [82]} is open yet.  [released tasks = 9]
2026-07-13 07:25:29 DEBUG: Task 45 blocked: no orders in {0: [72]} is open yet.  [released tasks = 8]
2026-07-13 07:25:29 DEBUG: Task 47 blocked: no orders in {2: [66]} is open yet.  [released tasks = 7]
2026-07-13 07:25:29 DEBUG: Task 48 blocked: no orders in {0: [36]} is open yet.  [released tasks = 6]
2026-07-13 07:25:29 DEBUG: Task 49 blocked: no orders in {0: [13]} is open yet.  [released tasks = 5]
2026-07-13 07:25:29 DEBUG: Task 50 blocked: no orders in {0: [36]} is open yet.  [released tasks = 4]
2026-07-13 07:25:29 DEBUG: Task 52 blocked: no orders in {0: [36]} is open yet.  [released tasks = 3]
2026-07-13 07:25:29 DEBUG: Task 54 blocked: no orders in {0: [61]} is open yet.  [released tasks = 2]
2026-07-13 07:25:29 DEBUG: Task 55 blocked: no orders in {2: [46]} is open yet.  [released tasks = 1]
2026-07-13 07:25:29 DEBUG: Task 57 blocked: no orders in {3: [99]} is open yet.  [released tasks = 0]
2026-07-13 07:25:29 DEBUG:    EVENT NUM 343   current_time = 00:01:50   ARRIVAL_ORDER         [queue size = 138]
2026-07-13 07:25:29 DEBUG: Order 121 arrived: items_required = [4647, 3351].     [orders_in_system = 107]
2026-07-13 07:25:29 DEBUG:    EVENT NUM 344   current_time = 00:01:50   RELEASE_TASK          [queue size = 138]
2026-07-13 07:25:29 DEBUG: Task 58 released: pod 252 required by workstation(s) [2].  [released tasks = 12]
2026-07-13 07:25:29 DEBUG:    EVENT NUM 345   current_time = 00:01:50   START_TASK            [queue size = 138]
2026-07-13 07:25:29 DEBUG: Task 35 blocked: no orders in {1: [77]} is open yet.  [released tasks = 11]
2026-07-13 07:25:29 DEBUG: Task 43 blocked: no orders in {1: [82]} is open yet.  [released tasks = 10]
2026-07-13 07:25:29 DEBUG: Task 45 blocked: no orders in {0: [72]} is open yet.  [released tasks = 9]
2026-07-13 07:25:29 DEBUG: Task 47 blocked: no orders in {2: [66]} is open yet.  [released tasks = 8]
2026-07-13 07:25:29 DEBUG: Task 48 blocked: no orders in {0: [36]} is open yet.  [released tasks = 7]
2026-07-13 07:25:29 DEBUG: Task 49 blocked: no orders in {0: [13]} is open yet.  [released tasks = 6]
2026-07-13 07:25:29 DEBUG: Task 50 blocked: no orders in {0: [36]} is open yet.  [released tasks = 5]
2026-07-13 07:25:29 DEBUG: Task 52 blocked: no orders in {0: [36]} is open yet.  [released tasks = 4]
2026-07-13 07:25:29 DEBUG: Task 54 blocked: no orders in {0: [61]} is open yet.  [released tasks = 3]
2026-07-13 07:25:29 DEBUG: Task 55 blocked: no orders in {2: [46]} is open yet.  [released tasks = 2]
2026-07-13 07:25:29 DEBUG: Task 57 blocked: no orders in {3: [99]} is open yet.  [released tasks = 1]
2026-07-13 07:25:29 DEBUG: Task 58 blocked: no orders in {2: [46]} is open yet.  [released tasks = 0]
2026-07-13 07:25:29 DEBUG:    EVENT NUM 346   current_time = 00:01:51   ARRIVAL_POD_WST       [queue size = 137]
2026-07-13 07:25:29 DEBUG: Pod 878 arrived at workstation 3 - status = BUSY
2026-07-13 07:25:29 DEBUG: Pod queued at workstation.    [picking_buffer = {38: 111.03216705952357}]
2026-07-13 07:25:29 DEBUG:    EVENT NUM 347   current_time = 00:01:52   RELEASE_TASK          [queue size = 136]
2026-07-13 07:25:29 DEBUG: Task 59 released: pod 96 required by workstation(s) [4, 4].  [released tasks = 13]
2026-07-13 07:25:29 DEBUG:    EVENT NUM 348   current_time = 00:01:52   START_TASK            [queue size = 136]
2026-07-13 07:25:29 DEBUG: Task 35 blocked: no orders in {1: [77]} is open yet.  [released tasks = 12]
2026-07-13 07:25:29 DEBUG: Task 43 blocked: no orders in {1: [82]} is open yet.  [released tasks = 11]
2026-07-13 07:25:29 DEBUG: Task 45 blocked: no orders in {0: [72]} is open yet.  [released tasks = 10]
2026-07-13 07:25:29 DEBUG: Task 47 blocked: no orders in {2: [66]} is open yet.  [released tasks = 9]
2026-07-13 07:25:29 DEBUG: Task 48 blocked: no orders in {0: [36]} is open yet.  [released tasks = 8]
2026-07-13 07:25:29 DEBUG: Task 49 blocked: no orders in {0: [13]} is open yet.  [released tasks = 7]
2026-07-13 07:25:29 DEBUG: Task 50 blocked: no orders in {0: [36]} is open yet.  [released tasks = 6]
2026-07-13 07:25:29 DEBUG: Task 52 blocked: no orders in {0: [36]} is open yet.  [released tasks = 5]
2026-07-13 07:25:29 DEBUG: Task 54 blocked: no orders in {0: [61]} is open yet.  [released tasks = 4]
2026-07-13 07:25:29 DEBUG: Task 55 blocked: no orders in {2: [46]} is open yet.  [released tasks = 3]
2026-07-13 07:25:29 DEBUG: Task 57 blocked: no orders in {3: [99]} is open yet.  [released tasks = 2]
2026-07-13 07:25:29 DEBUG: Task 58 blocked: no orders in {2: [46]} is open yet.  [released tasks = 1]
2026-07-13 07:25:29 DEBUG: Task 59 started: robot 35 → pod 96 → workstation 4 for orders {26} (arrival = 250.5 s).   [idle robots = 4/40]
2026-07-13 07:25:29 DEBUG:    EVENT NUM 349   current_time = 00:01:53   END_PICKING           [queue size = 136]
2026-07-13 07:25:29 DEBUG: Ended picking at workstation 0.    [picking_buffer len = {}]
2026-07-13 07:25:29 DEBUG: Task should have served orders {69}, found open orders {69, 6, 8, 48}.
2026-07-13 07:25:29 DEBUG: Task 22 completed: pod 873 returning to storage.
2026-07-13 07:25:29 DEBUG:    EVENT NUM 350   current_time = 00:01:54   RELEASE_TASK          [queue size = 136]
2026-07-13 07:25:29 DEBUG: Task 60 released: pod 108 required by workstation(s) [0].  [released tasks = 13]
2026-07-13 07:25:29 DEBUG:    EVENT NUM 351   current_time = 00:01:54   START_TASK            [queue size = 136]
2026-07-13 07:25:29 DEBUG: Task 35 blocked: no orders in {1: [77]} is open yet.  [released tasks = 12]
2026-07-13 07:25:29 DEBUG: Task 43 blocked: no orders in {1: [82]} is open yet.  [released tasks = 11]
2026-07-13 07:25:29 DEBUG: Task 45 blocked: no orders in {0: [72]} is open yet.  [released tasks = 10]
2026-07-13 07:25:29 DEBUG: Task 47 blocked: no orders in {2: [66]} is open yet.  [released tasks = 9]
2026-07-13 07:25:29 DEBUG: Task 48 blocked: no orders in {0: [36]} is open yet.  [released tasks = 8]
2026-07-13 07:25:29 DEBUG: Task 49 blocked: no orders in {0: [13]} is open yet.  [released tasks = 7]
2026-07-13 07:25:29 DEBUG: Task 50 blocked: no orders in {0: [36]} is open yet.  [released tasks = 6]
2026-07-13 07:25:29 DEBUG: Task 52 blocked: no orders in {0: [36]} is open yet.  [released tasks = 5]
2026-07-13 07:25:29 DEBUG: Task 54 blocked: no orders in {0: [61]} is open yet.  [released tasks = 4]
2026-07-13 07:25:29 DEBUG: Task 55 blocked: no orders in {2: [46]} is open yet.  [released tasks = 3]
2026-07-13 07:25:29 DEBUG: Task 57 blocked: no orders in {3: [99]} is open yet.  [released tasks = 2]
2026-07-13 07:25:29 DEBUG: Task 58 blocked: no orders in {2: [46]} is open yet.  [released tasks = 1]
2026-07-13 07:25:29 DEBUG: Task 60 blocked: no orders in {0: [13]} is open yet.  [released tasks = 0]
2026-07-13 07:25:29 DEBUG:    EVENT NUM 352   current_time = 00:01:55   ARRIVAL_ORDER         [queue size = 135]
2026-07-13 07:25:29 DEBUG: Order 122 arrived: items_required = [11264].     [orders_in_system = 108]
2026-07-13 07:25:29 DEBUG:    EVENT NUM 353   current_time = 00:01:56   RELEASE_TASK          [queue size = 135]
2026-07-13 07:25:29 DEBUG: Task 61 released: pod 701 required by workstation(s) [0].  [released tasks = 14]
2026-07-13 07:25:29 DEBUG:    EVENT NUM 354   current_time = 00:01:56   START_TASK            [queue size = 135]
2026-07-13 07:25:29 DEBUG: Task 35 blocked: no orders in {1: [77]} is open yet.  [released tasks = 13]
2026-07-13 07:25:29 DEBUG: Task 43 blocked: no orders in {1: [82]} is open yet.  [released tasks = 12]
2026-07-13 07:25:29 DEBUG: Task 45 blocked: no orders in {0: [72]} is open yet.  [released tasks = 11]
2026-07-13 07:25:29 DEBUG: Task 47 blocked: no orders in {2: [66]} is open yet.  [released tasks = 10]
2026-07-13 07:25:29 DEBUG: Task 48 blocked: no orders in {0: [36]} is open yet.  [released tasks = 9]
2026-07-13 07:25:29 DEBUG: Task 49 blocked: no orders in {0: [13]} is open yet.  [released tasks = 8]
2026-07-13 07:25:29 DEBUG: Task 50 blocked: no orders in {0: [36]} is open yet.  [released tasks = 7]
2026-07-13 07:25:29 DEBUG: Task 52 blocked: no orders in {0: [36]} is open yet.  [released tasks = 6]
2026-07-13 07:25:29 DEBUG: Task 54 blocked: no orders in {0: [61]} is open yet.  [released tasks = 5]
2026-07-13 07:25:29 DEBUG: Task 55 blocked: no orders in {2: [46]} is open yet.  [released tasks = 4]
2026-07-13 07:25:29 DEBUG: Task 57 blocked: no orders in {3: [99]} is open yet.  [released tasks = 3]
2026-07-13 07:25:29 DEBUG: Task 58 blocked: no orders in {2: [46]} is open yet.  [released tasks = 2]
2026-07-13 07:25:29 DEBUG: Task 60 blocked: no orders in {0: [13]} is open yet.  [released tasks = 1]
2026-07-13 07:25:29 DEBUG: Task 61 blocked: no orders in {0: [98]} is open yet.  [released tasks = 0]
2026-07-13 07:25:29 DEBUG:    EVENT NUM 355   current_time = 00:01:57   RELEASE_TASK          [queue size = 134]
2026-07-13 07:25:29 DEBUG: Task 62 released: pod 365 required by workstation(s) [1].  [released tasks = 15]
2026-07-13 07:25:29 DEBUG:    EVENT NUM 356   current_time = 00:01:57   START_TASK            [queue size = 134]
2026-07-13 07:25:29 DEBUG: Task 35 blocked: no orders in {1: [77]} is open yet.  [released tasks = 14]
2026-07-13 07:25:29 DEBUG: Task 43 blocked: no orders in {1: [82]} is open yet.  [released tasks = 13]
2026-07-13 07:25:29 DEBUG: Task 45 blocked: no orders in {0: [72]} is open yet.  [released tasks = 12]
2026-07-13 07:25:29 DEBUG: Task 47 blocked: no orders in {2: [66]} is open yet.  [released tasks = 11]
2026-07-13 07:25:29 DEBUG: Task 48 blocked: no orders in {0: [36]} is open yet.  [released tasks = 10]
2026-07-13 07:25:29 DEBUG: Task 49 blocked: no orders in {0: [13]} is open yet.  [released tasks = 9]
2026-07-13 07:25:29 DEBUG: Task 50 blocked: no orders in {0: [36]} is open yet.  [released tasks = 8]
2026-07-13 07:25:29 DEBUG: Task 52 blocked: no orders in {0: [36]} is open yet.  [released tasks = 7]
2026-07-13 07:25:29 DEBUG: Task 54 blocked: no orders in {0: [61]} is open yet.  [released tasks = 6]
2026-07-13 07:25:29 DEBUG: Task 55 blocked: no orders in {2: [46]} is open yet.  [released tasks = 5]
2026-07-13 07:25:29 DEBUG: Task 57 blocked: no orders in {3: [99]} is open yet.  [released tasks = 4]
2026-07-13 07:25:29 DEBUG: Task 58 blocked: no orders in {2: [46]} is open yet.  [released tasks = 3]
2026-07-13 07:25:29 DEBUG: Task 60 blocked: no orders in {0: [13]} is open yet.  [released tasks = 2]
2026-07-13 07:25:29 DEBUG: Task 61 blocked: no orders in {0: [98]} is open yet.  [released tasks = 1]
2026-07-13 07:25:29 DEBUG: Task 62 blocked: no orders in {1: [77]} is open yet.  [released tasks = 0]
2026-07-13 07:25:29 DEBUG:    EVENT NUM 357   current_time = 00:01:58   END_PICKING           [queue size = 133]
2026-07-13 07:25:29 DEBUG: Ended picking at workstation 3.    [picking_buffer len = {38: 111.03216705952357}]
2026-07-13 07:25:29 DEBUG: Task should have served orders {12}, found open orders {33, 12, 47, 62}.
2026-07-13 07:25:29 DEBUG: Task 21 completed: pod 815 returning to storage.
2026-07-13 07:25:29 DEBUG:    EVENT NUM 358   current_time = 00:01:58   START_PICKING         [queue size = 134]
2026-07-13 07:25:29 DEBUG: Processing task 38 at workstation 3: picking items {4751} for orders {33}
2026-07-13 07:25:29 DEBUG:    EVENT NUM 359   current_time = 00:01:59   RELEASE_TASK          [queue size = 134]
2026-07-13 07:25:29 DEBUG: Task 63 released: pod 543 required by workstation(s) [0].  [released tasks = 16]
2026-07-13 07:25:29 DEBUG:    EVENT NUM 360   current_time = 00:01:59   START_TASK            [queue size = 134]
2026-07-13 07:25:29 DEBUG: Task 35 blocked: no orders in {1: [77]} is open yet.  [released tasks = 15]
2026-07-13 07:25:29 DEBUG: Task 43 blocked: no orders in {1: [82]} is open yet.  [released tasks = 14]
2026-07-13 07:25:29 DEBUG: Task 45 blocked: no orders in {0: [72]} is open yet.  [released tasks = 13]
2026-07-13 07:25:29 DEBUG: Task 47 blocked: no orders in {2: [66]} is open yet.  [released tasks = 12]
2026-07-13 07:25:29 DEBUG: Task 48 blocked: no orders in {0: [36]} is open yet.  [released tasks = 11]
2026-07-13 07:25:29 DEBUG: Task 49 blocked: no orders in {0: [13]} is open yet.  [released tasks = 10]
2026-07-13 07:25:29 DEBUG: Task 50 blocked: no orders in {0: [36]} is open yet.  [released tasks = 9]
2026-07-13 07:25:29 DEBUG: Task 52 blocked: no orders in {0: [36]} is open yet.  [released tasks = 8]
2026-07-13 07:25:29 DEBUG: Task 54 blocked: no orders in {0: [61]} is open yet.  [released tasks = 7]
2026-07-13 07:25:29 DEBUG: Task 55 blocked: no orders in {2: [46]} is open yet.  [released tasks = 6]
2026-07-13 07:25:29 DEBUG: Task 57 blocked: no orders in {3: [99]} is open yet.  [released tasks = 5]
2026-07-13 07:25:29 DEBUG: Task 58 blocked: no orders in {2: [46]} is open yet.  [released tasks = 4]
2026-07-13 07:25:29 DEBUG: Task 60 blocked: no orders in {0: [13]} is open yet.  [released tasks = 3]
2026-07-13 07:25:29 DEBUG: Task 61 blocked: no orders in {0: [98]} is open yet.  [released tasks = 2]
2026-07-13 07:25:29 DEBUG: Task 62 blocked: no orders in {1: [77]} is open yet.  [released tasks = 1]
2026-07-13 07:25:29 DEBUG: Task 63 blocked: no orders in {0: [40]} is open yet.  [released tasks = 0]
2026-07-13 07:25:29 DEBUG:    EVENT NUM 361   current_time = 00:02:00   ARRIVAL_ORDER         [queue size = 133]
2026-07-13 07:25:29 DEBUG: Order 123 arrived: items_required = [10616].     [orders_in_system = 109]
2026-07-13 07:25:29 DEBUG:    EVENT NUM 362   current_time = 00:02:00   RETURN_POD            [queue size = 133]
2026-07-13 07:25:29 DEBUG: Pod 550 returned. Robot 4 idle.   [idle robots = 5/40, released tasks = 16]
2026-07-13 07:25:29 DEBUG:    EVENT NUM 363   current_time = 00:02:00   START_TASK            [queue size = 133]
2026-07-13 07:25:29 DEBUG: Task 35 blocked: no orders in {1: [77]} is open yet.  [released tasks = 15]
2026-07-13 07:25:29 DEBUG: Task 43 blocked: no orders in {1: [82]} is open yet.  [released tasks = 14]
2026-07-13 07:25:29 DEBUG: Task 45 blocked: no orders in {0: [72]} is open yet.  [released tasks = 13]
2026-07-13 07:25:29 DEBUG: Task 47 blocked: no orders in {2: [66]} is open yet.  [released tasks = 12]
2026-07-13 07:25:29 DEBUG: Task 48 blocked: no orders in {0: [36]} is open yet.  [released tasks = 11]
2026-07-13 07:25:29 DEBUG: Task 49 blocked: no orders in {0: [13]} is open yet.  [released tasks = 10]
2026-07-13 07:25:29 DEBUG: Task 50 blocked: no orders in {0: [36]} is open yet.  [released tasks = 9]
2026-07-13 07:25:29 DEBUG: Task 52 blocked: no orders in {0: [36]} is open yet.  [released tasks = 8]
2026-07-13 07:25:29 DEBUG: Task 54 blocked: no orders in {0: [61]} is open yet.  [released tasks = 7]
2026-07-13 07:25:29 DEBUG: Task 55 blocked: no orders in {2: [46]} is open yet.  [released tasks = 6]
2026-07-13 07:25:29 DEBUG: Task 57 blocked: no orders in {3: [99]} is open yet.  [released tasks = 5]
2026-07-13 07:25:29 DEBUG: Task 58 blocked: no orders in {2: [46]} is open yet.  [released tasks = 4]
2026-07-13 07:25:29 DEBUG: Task 60 blocked: no orders in {0: [13]} is open yet.  [released tasks = 3]
2026-07-13 07:25:29 DEBUG: Task 61 blocked: no orders in {0: [98]} is open yet.  [released tasks = 2]
2026-07-13 07:25:29 DEBUG: Task 62 blocked: no orders in {1: [77]} is open yet.  [released tasks = 1]
2026-07-13 07:25:29 DEBUG: Task 63 blocked: no orders in {0: [40]} is open yet.  [released tasks = 0]
2026-07-13 07:25:29 DEBUG:    EVENT NUM 364   current_time = 00:02:01   RELEASE_TASK          [queue size = 132]
2026-07-13 07:25:29 DEBUG: Task 64 released: pod 133 required by workstation(s) [2].  [released tasks = 17]
2026-07-13 07:25:29 DEBUG:    EVENT NUM 365   current_time = 00:02:01   START_TASK            [queue size = 132]
2026-07-13 07:25:29 DEBUG: Task 35 blocked: no orders in {1: [77]} is open yet.  [released tasks = 16]
2026-07-13 07:25:29 DEBUG: Task 43 blocked: no orders in {1: [82]} is open yet.  [released tasks = 15]
2026-07-13 07:25:29 DEBUG: Task 45 blocked: no orders in {0: [72]} is open yet.  [released tasks = 14]
2026-07-13 07:25:29 DEBUG: Task 47 blocked: no orders in {2: [66]} is open yet.  [released tasks = 13]
2026-07-13 07:25:29 DEBUG: Task 48 blocked: no orders in {0: [36]} is open yet.  [released tasks = 12]
2026-07-13 07:25:29 DEBUG: Task 49 blocked: no orders in {0: [13]} is open yet.  [released tasks = 11]
2026-07-13 07:25:29 DEBUG: Task 50 blocked: no orders in {0: [36]} is open yet.  [released tasks = 10]
2026-07-13 07:25:29 DEBUG: Task 52 blocked: no orders in {0: [36]} is open yet.  [released tasks = 9]
2026-07-13 07:25:29 DEBUG: Task 54 blocked: no orders in {0: [61]} is open yet.  [released tasks = 8]
2026-07-13 07:25:29 DEBUG: Task 55 blocked: no orders in {2: [46]} is open yet.  [released tasks = 7]
2026-07-13 07:25:29 DEBUG: Task 57 blocked: no orders in {3: [99]} is open yet.  [released tasks = 6]
2026-07-13 07:25:29 DEBUG: Task 58 blocked: no orders in {2: [46]} is open yet.  [released tasks = 5]
2026-07-13 07:25:29 DEBUG: Task 60 blocked: no orders in {0: [13]} is open yet.  [released tasks = 4]
2026-07-13 07:25:29 DEBUG: Task 61 blocked: no orders in {0: [98]} is open yet.  [released tasks = 3]
2026-07-13 07:25:29 DEBUG: Task 62 blocked: no orders in {1: [77]} is open yet.  [released tasks = 2]
2026-07-13 07:25:29 DEBUG: Task 63 blocked: no orders in {0: [40]} is open yet.  [released tasks = 1]
2026-07-13 07:25:29 DEBUG: Task 64 started: robot 4 → pod 133 → workstation 2 for orders {7} (arrival = 209.8 s).   [idle robots = 4/40]
2026-07-13 07:25:29 DEBUG:    EVENT NUM 366   current_time = 00:02:03   RETURN_POD            [queue size = 132]
2026-07-13 07:25:29 DEBUG: Pod 580 returned. Robot 1 idle.   [idle robots = 5/40, released tasks = 16]
2026-07-13 07:25:29 DEBUG:    EVENT NUM 367   current_time = 00:02:03   START_TASK            [queue size = 132]
2026-07-13 07:25:29 DEBUG: Task 35 blocked: no orders in {1: [77]} is open yet.  [released tasks = 15]
2026-07-13 07:25:29 DEBUG: Task 43 blocked: no orders in {1: [82]} is open yet.  [released tasks = 14]
2026-07-13 07:25:29 DEBUG: Task 45 blocked: no orders in {0: [72]} is open yet.  [released tasks = 13]
2026-07-13 07:25:29 DEBUG: Task 47 blocked: no orders in {2: [66]} is open yet.  [released tasks = 12]
2026-07-13 07:25:29 DEBUG: Task 48 blocked: no orders in {0: [36]} is open yet.  [released tasks = 11]
2026-07-13 07:25:29 DEBUG: Task 49 blocked: no orders in {0: [13]} is open yet.  [released tasks = 10]
2026-07-13 07:25:29 DEBUG: Task 50 blocked: no orders in {0: [36]} is open yet.  [released tasks = 9]
2026-07-13 07:25:29 DEBUG: Task 52 blocked: no orders in {0: [36]} is open yet.  [released tasks = 8]
2026-07-13 07:25:29 DEBUG: Task 54 blocked: no orders in {0: [61]} is open yet.  [released tasks = 7]
2026-07-13 07:25:29 DEBUG: Task 55 blocked: no orders in {2: [46]} is open yet.  [released tasks = 6]
2026-07-13 07:25:29 DEBUG: Task 57 blocked: no orders in {3: [99]} is open yet.  [released tasks = 5]
2026-07-13 07:25:29 DEBUG: Task 58 blocked: no orders in {2: [46]} is open yet.  [released tasks = 4]
2026-07-13 07:25:29 DEBUG: Task 60 blocked: no orders in {0: [13]} is open yet.  [released tasks = 3]
2026-07-13 07:25:29 DEBUG: Task 61 blocked: no orders in {0: [98]} is open yet.  [released tasks = 2]
2026-07-13 07:25:29 DEBUG: Task 62 blocked: no orders in {1: [77]} is open yet.  [released tasks = 1]
2026-07-13 07:25:29 DEBUG: Task 63 blocked: no orders in {0: [40]} is open yet.  [released tasks = 0]
2026-07-13 07:25:29 DEBUG:    EVENT NUM 368   current_time = 00:02:03   RELEASE_TASK          [queue size = 131]
2026-07-13 07:25:29 DEBUG: Task 65 released: pod 154 required by workstation(s) [1].  [released tasks = 17]
2026-07-13 07:25:29 DEBUG:    EVENT NUM 369   current_time = 00:02:03   START_TASK            [queue size = 131]
2026-07-13 07:25:29 DEBUG: Task 35 blocked: no orders in {1: [77]} is open yet.  [released tasks = 16]
2026-07-13 07:25:29 DEBUG: Task 43 blocked: no orders in {1: [82]} is open yet.  [released tasks = 15]
2026-07-13 07:25:29 DEBUG: Task 45 blocked: no orders in {0: [72]} is open yet.  [released tasks = 14]
2026-07-13 07:25:29 DEBUG: Task 47 blocked: no orders in {2: [66]} is open yet.  [released tasks = 13]
2026-07-13 07:25:29 DEBUG: Task 48 blocked: no orders in {0: [36]} is open yet.  [released tasks = 12]
2026-07-13 07:25:29 DEBUG: Task 49 blocked: no orders in {0: [13]} is open yet.  [released tasks = 11]
2026-07-13 07:25:29 DEBUG: Task 50 blocked: no orders in {0: [36]} is open yet.  [released tasks = 10]
2026-07-13 07:25:29 DEBUG: Task 52 blocked: no orders in {0: [36]} is open yet.  [released tasks = 9]
2026-07-13 07:25:29 DEBUG: Task 54 blocked: no orders in {0: [61]} is open yet.  [released tasks = 8]
2026-07-13 07:25:29 DEBUG: Task 55 blocked: no orders in {2: [46]} is open yet.  [released tasks = 7]
2026-07-13 07:25:29 DEBUG: Task 57 blocked: no orders in {3: [99]} is open yet.  [released tasks = 6]
2026-07-13 07:25:29 DEBUG: Task 58 blocked: no orders in {2: [46]} is open yet.  [released tasks = 5]
2026-07-13 07:25:29 DEBUG: Task 60 blocked: no orders in {0: [13]} is open yet.  [released tasks = 4]
2026-07-13 07:25:29 DEBUG: Task 61 blocked: no orders in {0: [98]} is open yet.  [released tasks = 3]
2026-07-13 07:25:29 DEBUG: Task 62 blocked: no orders in {1: [77]} is open yet.  [released tasks = 2]
2026-07-13 07:25:29 DEBUG: Task 63 blocked: no orders in {0: [40]} is open yet.  [released tasks = 1]
2026-07-13 07:25:29 DEBUG: Task 65 blocked: no orders in {1: [25]} is open yet.  [released tasks = 0]
2026-07-13 07:25:29 DEBUG:    EVENT NUM 370   current_time = 00:02:05   ARRIVAL_ORDER         [queue size = 130]
2026-07-13 07:25:29 DEBUG: Order 124 arrived: items_required = [7159, 5680, 10672, 10672, 4416].     [orders_in_system = 110]
2026-07-13 07:25:29 DEBUG:    EVENT NUM 371   current_time = 00:02:05   ARRIVAL_POD_WST       [queue size = 130]
2026-07-13 07:25:29 DEBUG: Pod 841 arrived at workstation 0 - status = IDLE
2026-07-13 07:25:29 DEBUG: Pod queued at workstation.    [picking_buffer = {28: 125.31428004725566}]
2026-07-13 07:25:29 DEBUG:    EVENT NUM 372   current_time = 00:02:05   START_PICKING         [queue size = 130]
2026-07-13 07:25:29 DEBUG: Processing task 28 at workstation 0: picking items {2397} for orders {8}
2026-07-13 07:25:29 DEBUG:    EVENT NUM 373   current_time = 00:02:05   RELEASE_TASK          [queue size = 130]
2026-07-13 07:25:29 DEBUG: Task 66 released: pod 707 required by workstation(s) [4].  [released tasks = 18]
2026-07-13 07:25:29 DEBUG:    EVENT NUM 374   current_time = 00:02:05   START_TASK            [queue size = 130]
2026-07-13 07:25:29 DEBUG: Task 35 blocked: no orders in {1: [77]} is open yet.  [released tasks = 17]
2026-07-13 07:25:29 DEBUG: Task 43 blocked: no orders in {1: [82]} is open yet.  [released tasks = 16]
2026-07-13 07:25:29 DEBUG: Task 45 blocked: no orders in {0: [72]} is open yet.  [released tasks = 15]
2026-07-13 07:25:29 DEBUG: Task 47 blocked: no orders in {2: [66]} is open yet.  [released tasks = 14]
2026-07-13 07:25:29 DEBUG: Task 48 blocked: no orders in {0: [36]} is open yet.  [released tasks = 13]
2026-07-13 07:25:29 DEBUG: Task 49 blocked: no orders in {0: [13]} is open yet.  [released tasks = 12]
2026-07-13 07:25:29 DEBUG: Task 50 blocked: no orders in {0: [36]} is open yet.  [released tasks = 11]
2026-07-13 07:25:29 DEBUG: Task 52 blocked: no orders in {0: [36]} is open yet.  [released tasks = 10]
2026-07-13 07:25:29 DEBUG: Task 54 blocked: no orders in {0: [61]} is open yet.  [released tasks = 9]
2026-07-13 07:25:29 DEBUG: Task 55 blocked: no orders in {2: [46]} is open yet.  [released tasks = 8]
2026-07-13 07:25:29 DEBUG: Task 57 blocked: no orders in {3: [99]} is open yet.  [released tasks = 7]
2026-07-13 07:25:29 DEBUG: Task 58 blocked: no orders in {2: [46]} is open yet.  [released tasks = 6]
2026-07-13 07:25:29 DEBUG: Task 60 blocked: no orders in {0: [13]} is open yet.  [released tasks = 5]
2026-07-13 07:25:29 DEBUG: Task 61 blocked: no orders in {0: [98]} is open yet.  [released tasks = 4]
2026-07-13 07:25:29 DEBUG: Task 62 blocked: no orders in {1: [77]} is open yet.  [released tasks = 3]
2026-07-13 07:25:29 DEBUG: Task 63 blocked: no orders in {0: [40]} is open yet.  [released tasks = 2]
2026-07-13 07:25:29 DEBUG: Task 65 blocked: no orders in {1: [25]} is open yet.  [released tasks = 1]
2026-07-13 07:25:29 DEBUG: Task 66 started: robot 34 → pod 707 → workstation 4 for orders {97} (arrival = 171.2 s).   [idle robots = 4/40]
2026-07-13 07:25:29 DEBUG:    EVENT NUM 375   current_time = 00:02:05   ARRIVAL_POD_WST       [queue size = 130]
2026-07-13 07:25:29 DEBUG: Pod 284 arrived at workstation 3 - status = BUSY
2026-07-13 07:25:29 DEBUG: Pod queued at workstation.    [picking_buffer = {26: 125.58317599804766}]
2026-07-13 07:25:29 DEBUG:    EVENT NUM 376   current_time = 00:02:07   ARRIVAL_POD_WST       [queue size = 129]
2026-07-13 07:25:29 DEBUG: Pod 289 arrived at workstation 8 - status = IDLE
2026-07-13 07:25:29 DEBUG: Pod queued at workstation.    [picking_buffer = {27: 127.34696720522378}]
2026-07-13 07:25:29 DEBUG:    EVENT NUM 377   current_time = 00:02:07   START_PICKING         [queue size = 129]
2026-07-13 07:25:29 DEBUG: Processing task 27 at workstation 8: picking items {13362} for orders {28}
2026-07-13 07:25:29 DEBUG:    EVENT NUM 378   current_time = 00:02:07   RELEASE_TASK          [queue size = 129]
2026-07-13 07:25:29 DEBUG: Task 67 released: pod 615 required by workstation(s) [4, 4].  [released tasks = 18]
2026-07-13 07:25:29 DEBUG:    EVENT NUM 379   current_time = 00:02:07   START_TASK            [queue size = 129]
2026-07-13 07:25:29 DEBUG: Task 35 blocked: no orders in {1: [77]} is open yet.  [released tasks = 17]
2026-07-13 07:25:29 DEBUG: Task 43 blocked: no orders in {1: [82]} is open yet.  [released tasks = 16]
2026-07-13 07:25:29 DEBUG: Task 45 blocked: no orders in {0: [72]} is open yet.  [released tasks = 15]
2026-07-13 07:25:29 DEBUG: Task 47 blocked: no orders in {2: [66]} is open yet.  [released tasks = 14]
2026-07-13 07:25:29 DEBUG: Task 48 blocked: no orders in {0: [36]} is open yet.  [released tasks = 13]
2026-07-13 07:25:29 DEBUG: Task 49 blocked: no orders in {0: [13]} is open yet.  [released tasks = 12]
2026-07-13 07:25:29 DEBUG: Task 50 blocked: no orders in {0: [36]} is open yet.  [released tasks = 11]
2026-07-13 07:25:29 DEBUG: Task 52 blocked: no orders in {0: [36]} is open yet.  [released tasks = 10]
2026-07-13 07:25:29 DEBUG: Task 54 blocked: no orders in {0: [61]} is open yet.  [released tasks = 9]
2026-07-13 07:25:29 DEBUG: Task 55 blocked: no orders in {2: [46]} is open yet.  [released tasks = 8]
2026-07-13 07:25:29 DEBUG: Task 57 blocked: no orders in {3: [99]} is open yet.  [released tasks = 7]
2026-07-13 07:25:29 DEBUG: Task 58 blocked: no orders in {2: [46]} is open yet.  [released tasks = 6]
2026-07-13 07:25:29 DEBUG: Task 60 blocked: no orders in {0: [13]} is open yet.  [released tasks = 5]
2026-07-13 07:25:29 DEBUG: Task 61 blocked: no orders in {0: [98]} is open yet.  [released tasks = 4]
2026-07-13 07:25:29 DEBUG: Task 62 blocked: no orders in {1: [77]} is open yet.  [released tasks = 3]
2026-07-13 07:25:29 DEBUG: Task 63 blocked: no orders in {0: [40]} is open yet.  [released tasks = 2]
2026-07-13 07:25:29 DEBUG: Task 65 blocked: no orders in {1: [25]} is open yet.  [released tasks = 1]
2026-07-13 07:25:29 DEBUG: Task 67 started: robot 1 → pod 615 → workstation 4 for orders {97} (arrival = 166.9 s).   [idle robots = 3/40]
2026-07-13 07:25:29 DEBUG:    EVENT NUM 380   current_time = 00:02:08   END_PICKING           [queue size = 129]
2026-07-13 07:25:29 DEBUG: Ended picking at workstation 3.    [picking_buffer len = {26: 125.58317599804766}]
2026-07-13 07:25:29 DEBUG: Task should have served orders {33}, found open orders {33, 12, 47, 62}.
2026-07-13 07:25:29 DEBUG: Task 38 completed: pod 878 returning to storage.
2026-07-13 07:25:29 DEBUG:    EVENT NUM 381   current_time = 00:02:08   START_PICKING         [queue size = 130]
2026-07-13 07:25:29 DEBUG: Processing task 26 at workstation 3: picking items {2565} for orders {47}
2026-07-13 07:25:29 DEBUG:    EVENT NUM 382   current_time = 00:02:09   RELEASE_TASK          [queue size = 130]
2026-07-13 07:25:29 DEBUG: Task 68 released: pod 423 required by workstation(s) [0].  [released tasks = 18]
2026-07-13 07:25:29 DEBUG:    EVENT NUM 383   current_time = 00:02:09   START_TASK            [queue size = 130]
2026-07-13 07:25:29 DEBUG: Task 35 blocked: no orders in {1: [77]} is open yet.  [released tasks = 17]
2026-07-13 07:25:29 DEBUG: Task 43 blocked: no orders in {1: [82]} is open yet.  [released tasks = 16]
2026-07-13 07:25:29 DEBUG: Task 45 blocked: no orders in {0: [72]} is open yet.  [released tasks = 15]
2026-07-13 07:25:29 DEBUG: Task 47 blocked: no orders in {2: [66]} is open yet.  [released tasks = 14]
2026-07-13 07:25:29 DEBUG: Task 48 blocked: no orders in {0: [36]} is open yet.  [released tasks = 13]
2026-07-13 07:25:29 DEBUG: Task 49 blocked: no orders in {0: [13]} is open yet.  [released tasks = 12]
2026-07-13 07:25:29 DEBUG: Task 50 blocked: no orders in {0: [36]} is open yet.  [released tasks = 11]
2026-07-13 07:25:29 DEBUG: Task 52 blocked: no orders in {0: [36]} is open yet.  [released tasks = 10]
2026-07-13 07:25:29 DEBUG: Task 54 blocked: no orders in {0: [61]} is open yet.  [released tasks = 9]
2026-07-13 07:25:29 DEBUG: Task 55 blocked: no orders in {2: [46]} is open yet.  [released tasks = 8]
2026-07-13 07:25:29 DEBUG: Task 57 blocked: no orders in {3: [99]} is open yet.  [released tasks = 7]
2026-07-13 07:25:29 DEBUG: Task 58 blocked: no orders in {2: [46]} is open yet.  [released tasks = 6]
2026-07-13 07:25:29 DEBUG: Task 60 blocked: no orders in {0: [13]} is open yet.  [released tasks = 5]
2026-07-13 07:25:29 DEBUG: Task 61 blocked: no orders in {0: [98]} is open yet.  [released tasks = 4]
2026-07-13 07:25:29 DEBUG: Task 62 blocked: no orders in {1: [77]} is open yet.  [released tasks = 3]
2026-07-13 07:25:29 DEBUG: Task 63 blocked: no orders in {0: [40]} is open yet.  [released tasks = 2]
2026-07-13 07:25:29 DEBUG: Task 65 blocked: no orders in {1: [25]} is open yet.  [released tasks = 1]
2026-07-13 07:25:29 DEBUG: Task 68 blocked: no orders in {0: [40]} is open yet.  [released tasks = 0]
2026-07-13 07:25:29 DEBUG:    EVENT NUM 384   current_time = 00:02:10   ARRIVAL_ORDER         [queue size = 129]
2026-07-13 07:25:29 DEBUG: Order 125 arrived: items_required = [7466].     [orders_in_system = 111]
2026-07-13 07:25:29 DEBUG:    EVENT NUM 385   current_time = 00:02:11   RELEASE_TASK          [queue size = 129]
2026-07-13 07:25:29 DEBUG: Task 69 released: pod 171 required by workstation(s) [1].  [released tasks = 19]
2026-07-13 07:25:29 DEBUG:    EVENT NUM 386   current_time = 00:02:11   START_TASK            [queue size = 129]
2026-07-13 07:25:29 DEBUG: Task 35 blocked: no orders in {1: [77]} is open yet.  [released tasks = 18]
2026-07-13 07:25:29 DEBUG: Task 43 blocked: no orders in {1: [82]} is open yet.  [released tasks = 17]
2026-07-13 07:25:29 DEBUG: Task 45 blocked: no orders in {0: [72]} is open yet.  [released tasks = 16]
2026-07-13 07:25:29 DEBUG: Task 47 blocked: no orders in {2: [66]} is open yet.  [released tasks = 15]
2026-07-13 07:25:29 DEBUG: Task 48 blocked: no orders in {0: [36]} is open yet.  [released tasks = 14]
2026-07-13 07:25:29 DEBUG: Task 49 blocked: no orders in {0: [13]} is open yet.  [released tasks = 13]
2026-07-13 07:25:29 DEBUG: Task 50 blocked: no orders in {0: [36]} is open yet.  [released tasks = 12]
2026-07-13 07:25:29 DEBUG: Task 52 blocked: no orders in {0: [36]} is open yet.  [released tasks = 11]
2026-07-13 07:25:29 DEBUG: Task 54 blocked: no orders in {0: [61]} is open yet.  [released tasks = 10]
2026-07-13 07:25:29 DEBUG: Task 55 blocked: no orders in {2: [46]} is open yet.  [released tasks = 9]
2026-07-13 07:25:29 DEBUG: Task 57 blocked: no orders in {3: [99]} is open yet.  [released tasks = 8]
2026-07-13 07:25:29 DEBUG: Task 58 blocked: no orders in {2: [46]} is open yet.  [released tasks = 7]
2026-07-13 07:25:29 DEBUG: Task 60 blocked: no orders in {0: [13]} is open yet.  [released tasks = 6]
2026-07-13 07:25:29 DEBUG: Task 61 blocked: no orders in {0: [98]} is open yet.  [released tasks = 5]
2026-07-13 07:25:29 DEBUG: Task 62 blocked: no orders in {1: [77]} is open yet.  [released tasks = 4]
2026-07-13 07:25:29 DEBUG: Task 63 blocked: no orders in {0: [40]} is open yet.  [released tasks = 3]
2026-07-13 07:25:29 DEBUG: Task 65 blocked: no orders in {1: [25]} is open yet.  [released tasks = 2]
2026-07-13 07:25:29 DEBUG: Task 68 blocked: no orders in {0: [40]} is open yet.  [released tasks = 1]
2026-07-13 07:25:29 DEBUG: Task 69 blocked: no orders in {1: [77]} is open yet.  [released tasks = 0]
2026-07-13 07:25:29 DEBUG:    EVENT NUM 387   current_time = 00:02:11   ARRIVAL_POD_WST       [queue size = 128]
2026-07-13 07:25:29 DEBUG: Pod 546 arrived at workstation 2 - status = IDLE
2026-07-13 07:25:29 DEBUG: Pod queued at workstation.    [picking_buffer = {25: 131.7673898391526}]
2026-07-13 07:25:29 DEBUG:    EVENT NUM 388   current_time = 00:02:11   START_PICKING         [queue size = 128]
2026-07-13 07:25:29 DEBUG: Processing task 25 at workstation 2: picking items {6441} for orders {90}
2026-07-13 07:25:29 DEBUG:    EVENT NUM 389   current_time = 00:02:11   RETURN_POD            [queue size = 128]
2026-07-13 07:25:29 DEBUG: Pod 670 returned. Robot 25 idle.   [idle robots = 4/40, released tasks = 19]
2026-07-13 07:25:29 DEBUG:    EVENT NUM 390   current_time = 00:02:11   START_TASK            [queue size = 128]
2026-07-13 07:25:29 DEBUG: Task 35 blocked: no orders in {1: [77]} is open yet.  [released tasks = 18]
2026-07-13 07:25:29 DEBUG: Task 43 blocked: no orders in {1: [82]} is open yet.  [released tasks = 17]
2026-07-13 07:25:29 DEBUG: Task 45 blocked: no orders in {0: [72]} is open yet.  [released tasks = 16]
2026-07-13 07:25:29 DEBUG: Task 47 blocked: no orders in {2: [66]} is open yet.  [released tasks = 15]
2026-07-13 07:25:29 DEBUG: Task 48 blocked: no orders in {0: [36]} is open yet.  [released tasks = 14]
2026-07-13 07:25:29 DEBUG: Task 49 blocked: no orders in {0: [13]} is open yet.  [released tasks = 13]
2026-07-13 07:25:29 DEBUG: Task 50 blocked: no orders in {0: [36]} is open yet.  [released tasks = 12]
2026-07-13 07:25:29 DEBUG: Task 52 blocked: no orders in {0: [36]} is open yet.  [released tasks = 11]
2026-07-13 07:25:29 DEBUG: Task 54 blocked: no orders in {0: [61]} is open yet.  [released tasks = 10]
2026-07-13 07:25:29 DEBUG: Task 55 blocked: no orders in {2: [46]} is open yet.  [released tasks = 9]
2026-07-13 07:25:29 DEBUG: Task 57 blocked: no orders in {3: [99]} is open yet.  [released tasks = 8]
2026-07-13 07:25:29 DEBUG: Task 58 blocked: no orders in {2: [46]} is open yet.  [released tasks = 7]
2026-07-13 07:25:29 DEBUG: Task 60 blocked: no orders in {0: [13]} is open yet.  [released tasks = 6]
2026-07-13 07:25:29 DEBUG: Task 61 blocked: no orders in {0: [98]} is open yet.  [released tasks = 5]
2026-07-13 07:25:29 DEBUG: Task 62 blocked: no orders in {1: [77]} is open yet.  [released tasks = 4]
2026-07-13 07:25:29 DEBUG: Task 63 blocked: no orders in {0: [40]} is open yet.  [released tasks = 3]
2026-07-13 07:25:29 DEBUG: Task 65 blocked: no orders in {1: [25]} is open yet.  [released tasks = 2]
2026-07-13 07:25:29 DEBUG: Task 68 blocked: no orders in {0: [40]} is open yet.  [released tasks = 1]
2026-07-13 07:25:29 DEBUG: Task 69 blocked: no orders in {1: [77]} is open yet.  [released tasks = 0]
2026-07-13 07:25:29 DEBUG:    EVENT NUM 391   current_time = 00:02:13   RELEASE_TASK          [queue size = 127]
2026-07-13 07:25:29 DEBUG: Task 70 released: pod 401 required by workstation(s) [0].  [released tasks = 20]
2026-07-13 07:25:29 DEBUG:    EVENT NUM 392   current_time = 00:02:13   START_TASK            [queue size = 127]
2026-07-13 07:25:29 DEBUG: Task 35 blocked: no orders in {1: [77]} is open yet.  [released tasks = 19]
2026-07-13 07:25:29 DEBUG: Task 43 blocked: no orders in {1: [82]} is open yet.  [released tasks = 18]
2026-07-13 07:25:29 DEBUG: Task 45 blocked: no orders in {0: [72]} is open yet.  [released tasks = 17]
2026-07-13 07:25:29 DEBUG: Task 47 blocked: no orders in {2: [66]} is open yet.  [released tasks = 16]
2026-07-13 07:25:29 DEBUG: Task 48 blocked: no orders in {0: [36]} is open yet.  [released tasks = 15]
2026-07-13 07:25:29 DEBUG: Task 49 blocked: no orders in {0: [13]} is open yet.  [released tasks = 14]
2026-07-13 07:25:29 DEBUG: Task 50 blocked: no orders in {0: [36]} is open yet.  [released tasks = 13]
2026-07-13 07:25:29 DEBUG: Task 52 blocked: no orders in {0: [36]} is open yet.  [released tasks = 12]
2026-07-13 07:25:29 DEBUG: Task 54 blocked: no orders in {0: [61]} is open yet.  [released tasks = 11]
2026-07-13 07:25:29 DEBUG: Task 55 blocked: no orders in {2: [46]} is open yet.  [released tasks = 10]
2026-07-13 07:25:29 DEBUG: Task 57 blocked: no orders in {3: [99]} is open yet.  [released tasks = 9]
2026-07-13 07:25:29 DEBUG: Task 58 blocked: no orders in {2: [46]} is open yet.  [released tasks = 8]
2026-07-13 07:25:29 DEBUG: Task 60 blocked: no orders in {0: [13]} is open yet.  [released tasks = 7]
2026-07-13 07:25:29 DEBUG: Task 61 blocked: no orders in {0: [98]} is open yet.  [released tasks = 6]
2026-07-13 07:25:29 DEBUG: Task 62 blocked: no orders in {1: [77]} is open yet.  [released tasks = 5]
2026-07-13 07:25:29 DEBUG: Task 63 blocked: no orders in {0: [40]} is open yet.  [released tasks = 4]
2026-07-13 07:25:29 DEBUG: Task 65 blocked: no orders in {1: [25]} is open yet.  [released tasks = 3]
2026-07-13 07:25:29 DEBUG: Task 68 blocked: no orders in {0: [40]} is open yet.  [released tasks = 2]
2026-07-13 07:25:29 DEBUG: Task 69 blocked: no orders in {1: [77]} is open yet.  [released tasks = 1]
2026-07-13 07:25:29 DEBUG: Task 70 blocked: no orders in {0: [89]} is open yet.  [released tasks = 0]
2026-07-13 07:25:29 DEBUG:    EVENT NUM 393   current_time = 00:02:13   ARRIVAL_POD_WST       [queue size = 126]
2026-07-13 07:25:29 DEBUG: Pod 163 arrived at workstation 2 - status = BUSY
2026-07-13 07:25:29 DEBUG: Pod queued at workstation.    [picking_buffer = {19: 133.66377437292854}]
2026-07-13 07:25:29 DEBUG:    EVENT NUM 394   current_time = 00:02:14   RELEASE_TASK          [queue size = 125]
2026-07-13 07:25:29 DEBUG: Task 71 released: pod 436 required by workstation(s) [6].  [released tasks = 21]
2026-07-13 07:25:29 DEBUG:    EVENT NUM 395   current_time = 00:02:14   START_TASK            [queue size = 125]
2026-07-13 07:25:29 DEBUG: Task 35 blocked: no orders in {1: [77]} is open yet.  [released tasks = 20]
2026-07-13 07:25:29 DEBUG: Task 43 blocked: no orders in {1: [82]} is open yet.  [released tasks = 19]
2026-07-13 07:25:29 DEBUG: Task 45 blocked: no orders in {0: [72]} is open yet.  [released tasks = 18]
2026-07-13 07:25:29 DEBUG: Task 47 blocked: no orders in {2: [66]} is open yet.  [released tasks = 17]
2026-07-13 07:25:29 DEBUG: Task 48 blocked: no orders in {0: [36]} is open yet.  [released tasks = 16]
2026-07-13 07:25:29 DEBUG: Task 49 blocked: no orders in {0: [13]} is open yet.  [released tasks = 15]
2026-07-13 07:25:29 DEBUG: Task 50 blocked: no orders in {0: [36]} is open yet.  [released tasks = 14]
2026-07-13 07:25:29 DEBUG: Task 52 blocked: no orders in {0: [36]} is open yet.  [released tasks = 13]
2026-07-13 07:25:29 DEBUG: Task 54 blocked: no orders in {0: [61]} is open yet.  [released tasks = 12]
2026-07-13 07:25:29 DEBUG: Task 55 blocked: no orders in {2: [46]} is open yet.  [released tasks = 11]
2026-07-13 07:25:29 DEBUG: Task 57 blocked: no orders in {3: [99]} is open yet.  [released tasks = 10]
2026-07-13 07:25:29 DEBUG: Task 58 blocked: no orders in {2: [46]} is open yet.  [released tasks = 9]
2026-07-13 07:25:29 DEBUG: Task 60 blocked: no orders in {0: [13]} is open yet.  [released tasks = 8]
2026-07-13 07:25:29 DEBUG: Task 61 blocked: no orders in {0: [98]} is open yet.  [released tasks = 7]
2026-07-13 07:25:29 DEBUG: Task 62 blocked: no orders in {1: [77]} is open yet.  [released tasks = 6]
2026-07-13 07:25:29 DEBUG: Task 63 blocked: no orders in {0: [40]} is open yet.  [released tasks = 5]
2026-07-13 07:25:29 DEBUG: Task 65 blocked: no orders in {1: [25]} is open yet.  [released tasks = 4]
2026-07-13 07:25:29 DEBUG: Task 68 blocked: no orders in {0: [40]} is open yet.  [released tasks = 3]
2026-07-13 07:25:29 DEBUG: Task 69 blocked: no orders in {1: [77]} is open yet.  [released tasks = 2]
2026-07-13 07:25:29 DEBUG: Task 70 blocked: no orders in {0: [89]} is open yet.  [released tasks = 1]
2026-07-13 07:25:29 DEBUG: Task 71 started: robot 25 → pod 436 → workstation 6 for orders {95} (arrival = 198.2 s).   [idle robots = 3/40]
2026-07-13 07:25:29 DEBUG:    EVENT NUM 396   current_time = 00:02:15   ARRIVAL_ORDER         [queue size = 125]
2026-07-13 07:25:29 DEBUG: Order 126 arrived: items_required = [7056, 5639, 5250].     [orders_in_system = 112]
2026-07-13 07:25:29 DEBUG:    EVENT NUM 397   current_time = 00:02:15   END_PICKING           [queue size = 125]
2026-07-13 07:25:29 DEBUG: Ended picking at workstation 0.    [picking_buffer len = {}]
2026-07-13 07:25:29 DEBUG: Task should have served orders {8}, found open orders {69, 6, 8, 48}.
2026-07-13 07:25:29 DEBUG: Task 28 completed: pod 841 returning to storage.
2026-07-13 07:25:29 DEBUG:    EVENT NUM 398   current_time = 00:02:15   CLOSE_ORDER           [queue size = 126]
2026-07-13 07:25:29 DEBUG: Order 8 closed at workstation 0: flow_time = 135.3 s.     [order_buffer = 8] [open_orders = 3/4]
2026-07-13 07:25:29 DEBUG: Next order in buffer: 85
2026-07-13 07:25:29 DEBUG:    EVENT NUM 399   current_time = 00:02:15   OPEN_ORDER            [queue size = 126]
2026-07-13 07:25:29 DEBUG: Order 85 (skus required = {7952}) opened at workstation 0.   [open_orders = 4/4]
2026-07-13 07:25:29 DEBUG:    EVENT NUM 400   current_time = 00:02:15   START_TASK            [queue size = 126]
2026-07-13 07:25:29 DEBUG: Task 35 blocked: no orders in {1: [77]} is open yet.  [released tasks = 19]
2026-07-13 07:25:29 DEBUG: Task 43 blocked: no orders in {1: [82]} is open yet.  [released tasks = 18]
2026-07-13 07:25:29 DEBUG: Task 45 started: robot 0 → pod 275 → workstation 0 for orders {72} (arrival = 243.5 s).   [idle robots = 2/40]
2026-07-13 07:25:29 DEBUG:    EVENT NUM 401   current_time = 00:02:16   RELEASE_TASK          [queue size = 126]
2026-07-13 07:25:29 DEBUG: Task 72 released: pod 681 required by workstation(s) [7].  [released tasks = 20]
2026-07-13 07:25:29 DEBUG:    EVENT NUM 402   current_time = 00:02:16   START_TASK            [queue size = 126]
2026-07-13 07:25:29 DEBUG: Task 35 blocked: no orders in {1: [77]} is open yet.  [released tasks = 19]
2026-07-13 07:25:29 DEBUG: Task 43 blocked: no orders in {1: [82]} is open yet.  [released tasks = 18]
2026-07-13 07:25:29 DEBUG: Task 47 blocked: no orders in {2: [66]} is open yet.  [released tasks = 17]
2026-07-13 07:25:29 DEBUG: Task 48 blocked: no orders in {0: [36]} is open yet.  [released tasks = 16]
2026-07-13 07:25:29 DEBUG: Task 49 blocked: no orders in {0: [13]} is open yet.  [released tasks = 15]
2026-07-13 07:25:29 DEBUG: Task 50 blocked: no orders in {0: [36]} is open yet.  [released tasks = 14]
2026-07-13 07:25:29 DEBUG: Task 52 blocked: no orders in {0: [36]} is open yet.  [released tasks = 13]
2026-07-13 07:25:29 DEBUG: Task 54 blocked: no orders in {0: [61]} is open yet.  [released tasks = 12]
2026-07-13 07:25:29 DEBUG: Task 55 blocked: no orders in {2: [46]} is open yet.  [released tasks = 11]
2026-07-13 07:25:29 DEBUG: Task 57 blocked: no orders in {3: [99]} is open yet.  [released tasks = 10]
2026-07-13 07:25:29 DEBUG: Task 58 blocked: no orders in {2: [46]} is open yet.  [released tasks = 9]
2026-07-13 07:25:29 DEBUG: Task 60 blocked: no orders in {0: [13]} is open yet.  [released tasks = 8]
2026-07-13 07:25:29 DEBUG: Task 61 blocked: no orders in {0: [98]} is open yet.  [released tasks = 7]
2026-07-13 07:25:29 DEBUG: Task 62 blocked: no orders in {1: [77]} is open yet.  [released tasks = 6]
2026-07-13 07:25:29 DEBUG: Task 63 blocked: no orders in {0: [40]} is open yet.  [released tasks = 5]
2026-07-13 07:25:29 DEBUG: Task 65 blocked: no orders in {1: [25]} is open yet.  [released tasks = 4]
2026-07-13 07:25:29 DEBUG: Task 68 blocked: no orders in {0: [40]} is open yet.  [released tasks = 3]
2026-07-13 07:25:29 DEBUG: Task 69 blocked: no orders in {1: [77]} is open yet.  [released tasks = 2]
2026-07-13 07:25:29 DEBUG: Task 70 blocked: no orders in {0: [89]} is open yet.  [released tasks = 1]
2026-07-13 07:25:29 DEBUG: Task 72 started: robot 2 → pod 681 → workstation 7 for orders {29} (arrival = 187.5 s).   [idle robots = 1/40]
2026-07-13 07:25:29 DEBUG:    EVENT NUM 403   current_time = 00:02:17   END_PICKING           [queue size = 126]
2026-07-13 07:25:29 DEBUG: Ended picking at workstation 8.    [picking_buffer len = {}]
2026-07-13 07:25:29 DEBUG: Task should have served orders {28}, found open orders {74, 92, 16, 28}.
2026-07-13 07:25:29 DEBUG: Task 27 completed: pod 289 returning to storage.
2026-07-13 07:25:29 DEBUG:    EVENT NUM 404   current_time = 00:02:17   CLOSE_ORDER           [queue size = 127]
2026-07-13 07:25:29 DEBUG: Order 28 closed at workstation 8: flow_time = 137.3 s.     [order_buffer = 10] [open_orders = 3/4]
2026-07-13 07:25:29 DEBUG: Next order in buffer: 32
2026-07-13 07:25:29 DEBUG:    EVENT NUM 405   current_time = 00:02:17   OPEN_ORDER            [queue size = 127]
2026-07-13 07:25:29 DEBUG: Order 32 (skus required = {3054}) opened at workstation 8.   [open_orders = 4/4]
2026-07-13 07:25:29 DEBUG:    EVENT NUM 406   current_time = 00:02:17   START_TASK            [queue size = 127]
2026-07-13 07:25:29 DEBUG: Task 35 blocked: no orders in {1: [77]} is open yet.  [released tasks = 18]
2026-07-13 07:25:29 DEBUG: Task 43 blocked: no orders in {1: [82]} is open yet.  [released tasks = 17]
2026-07-13 07:25:29 DEBUG: Task 47 blocked: no orders in {2: [66]} is open yet.  [released tasks = 16]
2026-07-13 07:25:29 DEBUG: Task 48 blocked: no orders in {0: [36]} is open yet.  [released tasks = 15]
2026-07-13 07:25:29 DEBUG: Task 49 blocked: no orders in {0: [13]} is open yet.  [released tasks = 14]
2026-07-13 07:25:29 DEBUG: Task 50 blocked: no orders in {0: [36]} is open yet.  [released tasks = 13]
2026-07-13 07:25:29 DEBUG: Task 52 blocked: no orders in {0: [36]} is open yet.  [released tasks = 12]
2026-07-13 07:25:29 DEBUG: Task 54 blocked: no orders in {0: [61]} is open yet.  [released tasks = 11]
2026-07-13 07:25:29 DEBUG: Task 55 blocked: no orders in {2: [46]} is open yet.  [released tasks = 10]
2026-07-13 07:25:29 DEBUG: Task 57 blocked: no orders in {3: [99]} is open yet.  [released tasks = 9]
2026-07-13 07:25:29 DEBUG: Task 58 blocked: no orders in {2: [46]} is open yet.  [released tasks = 8]
2026-07-13 07:25:29 DEBUG: Task 60 blocked: no orders in {0: [13]} is open yet.  [released tasks = 7]
2026-07-13 07:25:29 DEBUG: Task 61 blocked: no orders in {0: [98]} is open yet.  [released tasks = 6]
2026-07-13 07:25:29 DEBUG: Task 62 blocked: no orders in {1: [77]} is open yet.  [released tasks = 5]
2026-07-13 07:25:29 DEBUG: Task 63 blocked: no orders in {0: [40]} is open yet.  [released tasks = 4]
2026-07-13 07:25:29 DEBUG: Task 65 blocked: no orders in {1: [25]} is open yet.  [released tasks = 3]
2026-07-13 07:25:29 DEBUG: Task 68 blocked: no orders in {0: [40]} is open yet.  [released tasks = 2]
2026-07-13 07:25:29 DEBUG: Task 69 blocked: no orders in {1: [77]} is open yet.  [released tasks = 1]
2026-07-13 07:25:29 DEBUG: Task 70 blocked: no orders in {0: [89]} is open yet.  [released tasks = 0]
2026-07-13 07:25:29 DEBUG:    EVENT NUM 407   current_time = 00:02:17   RETURN_POD            [queue size = 126]
2026-07-13 07:25:29 DEBUG: Pod 645 returned. Robot 26 idle.   [idle robots = 2/40, released tasks = 19]
2026-07-13 07:25:29 DEBUG:    EVENT NUM 408   current_time = 00:02:17   START_TASK            [queue size = 126]
2026-07-13 07:25:29 DEBUG: Task 35 blocked: no orders in {1: [77]} is open yet.  [released tasks = 18]
2026-07-13 07:25:29 DEBUG: Task 43 blocked: no orders in {1: [82]} is open yet.  [released tasks = 17]
2026-07-13 07:25:29 DEBUG: Task 47 blocked: no orders in {2: [66]} is open yet.  [released tasks = 16]
2026-07-13 07:25:29 DEBUG: Task 48 blocked: no orders in {0: [36]} is open yet.  [released tasks = 15]
2026-07-13 07:25:29 DEBUG: Task 49 blocked: no orders in {0: [13]} is open yet.  [released tasks = 14]
2026-07-13 07:25:29 DEBUG: Task 50 blocked: no orders in {0: [36]} is open yet.  [released tasks = 13]
2026-07-13 07:25:29 DEBUG: Task 52 blocked: no orders in {0: [36]} is open yet.  [released tasks = 12]
2026-07-13 07:25:29 DEBUG: Task 54 blocked: no orders in {0: [61]} is open yet.  [released tasks = 11]
2026-07-13 07:25:29 DEBUG: Task 55 blocked: no orders in {2: [46]} is open yet.  [released tasks = 10]
2026-07-13 07:25:29 DEBUG: Task 57 blocked: no orders in {3: [99]} is open yet.  [released tasks = 9]
2026-07-13 07:25:29 DEBUG: Task 58 blocked: no orders in {2: [46]} is open yet.  [released tasks = 8]
2026-07-13 07:25:29 DEBUG: Task 60 blocked: no orders in {0: [13]} is open yet.  [released tasks = 7]
2026-07-13 07:25:29 DEBUG: Task 61 blocked: no orders in {0: [98]} is open yet.  [released tasks = 6]
2026-07-13 07:25:29 DEBUG: Task 62 blocked: no orders in {1: [77]} is open yet.  [released tasks = 5]
2026-07-13 07:25:29 DEBUG: Task 63 blocked: no orders in {0: [40]} is open yet.  [released tasks = 4]
2026-07-13 07:25:29 DEBUG: Task 65 blocked: no orders in {1: [25]} is open yet.  [released tasks = 3]
2026-07-13 07:25:29 DEBUG: Task 68 blocked: no orders in {0: [40]} is open yet.  [released tasks = 2]
2026-07-13 07:25:29 DEBUG: Task 69 blocked: no orders in {1: [77]} is open yet.  [released tasks = 1]
2026-07-13 07:25:29 DEBUG: Task 70 blocked: no orders in {0: [89]} is open yet.  [released tasks = 0]
2026-07-13 07:25:29 DEBUG:    EVENT NUM 409   current_time = 00:02:18   ARRIVAL_POD_WST       [queue size = 125]
2026-07-13 07:25:29 DEBUG: Pod 435 arrived at workstation 3 - status = BUSY
2026-07-13 07:25:29 DEBUG: Pod queued at workstation.    [picking_buffer = {37: 138.0360017203509}]
2026-07-13 07:25:29 DEBUG:    EVENT NUM 410   current_time = 00:02:18   END_PICKING           [queue size = 124]
2026-07-13 07:25:29 DEBUG: Ended picking at workstation 3.    [picking_buffer len = {37: 138.0360017203509}]
2026-07-13 07:25:29 DEBUG: Task should have served orders {47}, found open orders {33, 12, 47, 62}.
2026-07-13 07:25:29 DEBUG: Task 26 completed: pod 284 returning to storage.
2026-07-13 07:25:29 DEBUG:    EVENT NUM 411   current_time = 00:02:18   CLOSE_ORDER           [queue size = 126]
2026-07-13 07:25:29 DEBUG: Order 47 closed at workstation 3: flow_time = 138.2 s.     [order_buffer = 5] [open_orders = 3/4]
2026-07-13 07:25:29 DEBUG: Next order in buffer: 14
2026-07-13 07:25:29 DEBUG:    EVENT NUM 412   current_time = 00:02:18   START_PICKING         [queue size = 126]
2026-07-13 07:25:29 DEBUG: Processing task 37 at workstation 3: picking items {10384} for orders {33}
2026-07-13 07:25:29 DEBUG:    EVENT NUM 413   current_time = 00:02:18   OPEN_ORDER            [queue size = 126]
2026-07-13 07:25:29 DEBUG: Order 14 (skus required = {10624, 11427}) opened at workstation 3.   [open_orders = 4/4]
2026-07-13 07:25:29 DEBUG:    EVENT NUM 414   current_time = 00:02:18   START_TASK            [queue size = 126]
2026-07-13 07:25:29 DEBUG: Task 35 blocked: no orders in {1: [77]} is open yet.  [released tasks = 18]
2026-07-13 07:25:29 DEBUG: Task 43 blocked: no orders in {1: [82]} is open yet.  [released tasks = 17]
2026-07-13 07:25:29 DEBUG: Task 47 blocked: no orders in {2: [66]} is open yet.  [released tasks = 16]
2026-07-13 07:25:29 DEBUG: Task 48 blocked: no orders in {0: [36]} is open yet.  [released tasks = 15]
2026-07-13 07:25:29 DEBUG: Task 49 blocked: no orders in {0: [13]} is open yet.  [released tasks = 14]
2026-07-13 07:25:29 DEBUG: Task 50 blocked: no orders in {0: [36]} is open yet.  [released tasks = 13]
2026-07-13 07:25:29 DEBUG: Task 52 blocked: no orders in {0: [36]} is open yet.  [released tasks = 12]
2026-07-13 07:25:29 DEBUG: Task 54 blocked: no orders in {0: [61]} is open yet.  [released tasks = 11]
2026-07-13 07:25:29 DEBUG: Task 55 blocked: no orders in {2: [46]} is open yet.  [released tasks = 10]
2026-07-13 07:25:29 DEBUG: Task 57 started: robot 26 → pod 871 → workstation 3 for orders {99} (arrival = 230.9 s).   [idle robots = 1/40]
2026-07-13 07:25:29 DEBUG:    EVENT NUM 415   current_time = 00:02:18   RELEASE_TASK          [queue size = 126]
2026-07-13 07:25:29 DEBUG: Task 73 released: pod 512 required by workstation(s) [3].  [released tasks = 19]
2026-07-13 07:25:29 DEBUG:    EVENT NUM 416   current_time = 00:02:18   START_TASK            [queue size = 126]
2026-07-13 07:25:29 DEBUG: Task 35 blocked: no orders in {1: [77]} is open yet.  [released tasks = 18]
2026-07-13 07:25:29 DEBUG: Task 43 blocked: no orders in {1: [82]} is open yet.  [released tasks = 17]
2026-07-13 07:25:29 DEBUG: Task 47 blocked: no orders in {2: [66]} is open yet.  [released tasks = 16]
2026-07-13 07:25:29 DEBUG: Task 48 blocked: no orders in {0: [36]} is open yet.  [released tasks = 15]
2026-07-13 07:25:29 DEBUG: Task 49 blocked: no orders in {0: [13]} is open yet.  [released tasks = 14]
2026-07-13 07:25:29 DEBUG: Task 50 blocked: no orders in {0: [36]} is open yet.  [released tasks = 13]
2026-07-13 07:25:29 DEBUG: Task 52 blocked: no orders in {0: [36]} is open yet.  [released tasks = 12]
2026-07-13 07:25:29 DEBUG: Task 54 blocked: no orders in {0: [61]} is open yet.  [released tasks = 11]
2026-07-13 07:25:29 DEBUG: Task 55 blocked: no orders in {2: [46]} is open yet.  [released tasks = 10]
2026-07-13 07:25:29 DEBUG: Task 58 blocked: no orders in {2: [46]} is open yet.  [released tasks = 9]
2026-07-13 07:25:29 DEBUG: Task 60 blocked: no orders in {0: [13]} is open yet.  [released tasks = 8]
2026-07-13 07:25:29 DEBUG: Task 61 blocked: no orders in {0: [98]} is open yet.  [released tasks = 7]
2026-07-13 07:25:29 DEBUG: Task 62 blocked: no orders in {1: [77]} is open yet.  [released tasks = 6]
2026-07-13 07:25:29 DEBUG: Task 63 blocked: no orders in {0: [40]} is open yet.  [released tasks = 5]
2026-07-13 07:25:29 DEBUG: Task 65 blocked: no orders in {1: [25]} is open yet.  [released tasks = 4]
2026-07-13 07:25:29 DEBUG: Task 68 blocked: no orders in {0: [40]} is open yet.  [released tasks = 3]
2026-07-13 07:25:29 DEBUG: Task 69 blocked: no orders in {1: [77]} is open yet.  [released tasks = 2]
2026-07-13 07:25:29 DEBUG: Task 70 blocked: no orders in {0: [89]} is open yet.  [released tasks = 1]
2026-07-13 07:25:29 DEBUG: Task 73 started: robot 11 → pod 512 → workstation 3 for orders {14} (arrival = 264.0 s).   [idle robots = 0/40]
2026-07-13 07:25:29 DEBUG:    EVENT NUM 417   current_time = 00:02:19   ARRIVAL_POD_WST       [queue size = 126]
2026-07-13 07:25:29 DEBUG: Pod 588 arrived at workstation 8 - status = IDLE
2026-07-13 07:25:29 DEBUG: Pod queued at workstation.    [picking_buffer = {51: 139.01673234372853}]
2026-07-13 07:25:29 DEBUG:    EVENT NUM 418   current_time = 00:02:19   START_PICKING         [queue size = 126]
2026-07-13 07:25:29 DEBUG: Processing task 51 at workstation 8: picking items {5162} for orders {92}
2026-07-13 07:25:29 DEBUG:    EVENT NUM 419   current_time = 00:02:19   ARRIVAL_POD_WST       [queue size = 126]
2026-07-13 07:25:29 DEBUG: Pod 616 arrived at workstation 1 - status = IDLE
2026-07-13 07:25:29 DEBUG: Pod queued at workstation.    [picking_buffer = {36: 139.74820751303662}]
2026-07-13 07:25:29 DEBUG:    EVENT NUM 420   current_time = 00:02:19   START_PICKING         [queue size = 126]
2026-07-13 07:25:29 DEBUG: Processing task 36 at workstation 1: picking items {3174} for orders {64}
2026-07-13 07:25:29 DEBUG:    EVENT NUM 421   current_time = 00:02:20   ARRIVAL_ORDER         [queue size = 126]
2026-07-13 07:25:29 DEBUG: Order 127 arrived: items_required = [2403].     [orders_in_system = 110]
2026-07-13 07:25:29 DEBUG:    EVENT NUM 422   current_time = 00:02:20   RETURN_POD            [queue size = 126]
2026-07-13 07:25:29 DEBUG: Pod 847 returned. Robot 31 idle.   [idle robots = 1/40, released tasks = 18]
2026-07-13 07:25:29 DEBUG:    EVENT NUM 423   current_time = 00:02:20   START_TASK            [queue size = 126]
2026-07-13 07:25:29 DEBUG: Task 35 blocked: no orders in {1: [77]} is open yet.  [released tasks = 17]
2026-07-13 07:25:29 DEBUG: Task 43 blocked: no orders in {1: [82]} is open yet.  [released tasks = 16]
2026-07-13 07:25:29 DEBUG: Task 47 blocked: no orders in {2: [66]} is open yet.  [released tasks = 15]
2026-07-13 07:25:29 DEBUG: Task 48 blocked: no orders in {0: [36]} is open yet.  [released tasks = 14]
2026-07-13 07:25:29 DEBUG: Task 49 blocked: no orders in {0: [13]} is open yet.  [released tasks = 13]
2026-07-13 07:25:29 DEBUG: Task 50 blocked: no orders in {0: [36]} is open yet.  [released tasks = 12]
2026-07-13 07:25:29 DEBUG: Task 52 blocked: no orders in {0: [36]} is open yet.  [released tasks = 11]
2026-07-13 07:25:29 DEBUG: Task 54 blocked: no orders in {0: [61]} is open yet.  [released tasks = 10]
2026-07-13 07:25:29 DEBUG: Task 55 blocked: no orders in {2: [46]} is open yet.  [released tasks = 9]
2026-07-13 07:25:29 DEBUG: Task 58 blocked: no orders in {2: [46]} is open yet.  [released tasks = 8]
2026-07-13 07:25:29 DEBUG: Task 60 blocked: no orders in {0: [13]} is open yet.  [released tasks = 7]
2026-07-13 07:25:29 DEBUG: Task 61 blocked: no orders in {0: [98]} is open yet.  [released tasks = 6]
2026-07-13 07:25:29 DEBUG: Task 62 blocked: no orders in {1: [77]} is open yet.  [released tasks = 5]
2026-07-13 07:25:29 DEBUG: Task 63 blocked: no orders in {0: [40]} is open yet.  [released tasks = 4]
2026-07-13 07:25:29 DEBUG: Task 65 blocked: no orders in {1: [25]} is open yet.  [released tasks = 3]
2026-07-13 07:25:29 DEBUG: Task 68 blocked: no orders in {0: [40]} is open yet.  [released tasks = 2]
2026-07-13 07:25:29 DEBUG: Task 69 blocked: no orders in {1: [77]} is open yet.  [released tasks = 1]
2026-07-13 07:25:29 DEBUG: Task 70 blocked: no orders in {0: [89]} is open yet.  [released tasks = 0]
2026-07-13 07:25:29 DEBUG:    EVENT NUM 424   current_time = 00:02:20   RELEASE_TASK          [queue size = 125]
2026-07-13 07:25:29 DEBUG: Task 74 released: pod 801 required by workstation(s) [8].  [released tasks = 19]
2026-07-13 07:25:29 DEBUG:    EVENT NUM 425   current_time = 00:02:20   START_TASK            [queue size = 125]
2026-07-13 07:25:29 DEBUG: Task 35 blocked: no orders in {1: [77]} is open yet.  [released tasks = 18]
2026-07-13 07:25:29 DEBUG: Task 43 blocked: no orders in {1: [82]} is open yet.  [released tasks = 17]
2026-07-13 07:25:29 DEBUG: Task 47 blocked: no orders in {2: [66]} is open yet.  [released tasks = 16]
2026-07-13 07:25:29 DEBUG: Task 48 blocked: no orders in {0: [36]} is open yet.  [released tasks = 15]
2026-07-13 07:25:29 DEBUG: Task 49 blocked: no orders in {0: [13]} is open yet.  [released tasks = 14]
2026-07-13 07:25:29 DEBUG: Task 50 blocked: no orders in {0: [36]} is open yet.  [released tasks = 13]
2026-07-13 07:25:29 DEBUG: Task 52 blocked: no orders in {0: [36]} is open yet.  [released tasks = 12]
2026-07-13 07:25:29 DEBUG: Task 54 blocked: no orders in {0: [61]} is open yet.  [released tasks = 11]
2026-07-13 07:25:29 DEBUG: Task 55 blocked: no orders in {2: [46]} is open yet.  [released tasks = 10]
2026-07-13 07:25:29 DEBUG: Task 58 blocked: no orders in {2: [46]} is open yet.  [released tasks = 9]
2026-07-13 07:25:29 DEBUG: Task 60 blocked: no orders in {0: [13]} is open yet.  [released tasks = 8]
2026-07-13 07:25:29 DEBUG: Task 61 blocked: no orders in {0: [98]} is open yet.  [released tasks = 7]
2026-07-13 07:25:29 DEBUG: Task 62 blocked: no orders in {1: [77]} is open yet.  [released tasks = 6]
2026-07-13 07:25:29 DEBUG: Task 63 blocked: no orders in {0: [40]} is open yet.  [released tasks = 5]
2026-07-13 07:25:29 DEBUG: Task 65 blocked: no orders in {1: [25]} is open yet.  [released tasks = 4]
2026-07-13 07:25:29 DEBUG: Task 68 blocked: no orders in {0: [40]} is open yet.  [released tasks = 3]
2026-07-13 07:25:29 DEBUG: Task 69 blocked: no orders in {1: [77]} is open yet.  [released tasks = 2]
2026-07-13 07:25:29 DEBUG: Task 70 blocked: no orders in {0: [89]} is open yet.  [released tasks = 1]
2026-07-13 07:25:29 DEBUG: Task 74 started: robot 31 → pod 801 → workstation 8 for orders {74} (arrival = 176.8 s).   [idle robots = 0/40]
2026-07-13 07:25:29 DEBUG:    EVENT NUM 426   current_time = 00:02:21   END_PICKING           [queue size = 125]
2026-07-13 07:25:29 DEBUG: Ended picking at workstation 2.    [picking_buffer len = {19: 133.66377437292854}]
2026-07-13 07:25:29 DEBUG: Task should have served orders {90}, found open orders {41, 90, 49, 7}.
2026-07-13 07:25:29 DEBUG: Task 25 completed: pod 546 returning to storage.
2026-07-13 07:25:29 DEBUG:    EVENT NUM 427   current_time = 00:02:21   START_PICKING         [queue size = 126]
2026-07-13 07:25:29 DEBUG: Processing task 19 at workstation 2: picking items {12736} for orders {49}
2026-07-13 07:25:29 DEBUG:    EVENT NUM 428   current_time = 00:02:22   RELEASE_TASK          [queue size = 126]
2026-07-13 07:25:29 DEBUG: Task 75 released: pod 598 required by workstation(s) [8].  [released tasks = 19]
2026-07-13 07:25:29 DEBUG:    EVENT NUM 429   current_time = 00:02:24   RELEASE_TASK          [queue size = 125]
2026-07-13 07:25:29 DEBUG: Task 76 released: pod 476 required by workstation(s) [8].  [released tasks = 20]
2026-07-13 07:25:29 DEBUG:    EVENT NUM 430   current_time = 00:02:25   ARRIVAL_ORDER         [queue size = 124]
2026-07-13 07:25:29 DEBUG: Order 128 arrived: items_required = [3209].     [orders_in_system = 111]
2026-07-13 07:25:29 DEBUG:    EVENT NUM 431   current_time = 00:02:25   ARRIVAL_POD_WST       [queue size = 124]
2026-07-13 07:25:29 DEBUG: Pod 12 arrived at workstation 2 - status = BUSY
2026-07-13 07:25:29 DEBUG: Pod queued at workstation.    [picking_buffer = {23: 145.63899684567383}]
2026-07-13 07:25:29 DEBUG:    EVENT NUM 432   current_time = 00:02:26   RELEASE_TASK          [queue size = 123]
2026-07-13 07:25:29 DEBUG: Task 77 released: pod 380 required by workstation(s) [8].  [released tasks = 21]
2026-07-13 07:25:29 DEBUG:    EVENT NUM 433   current_time = 00:02:26   ARRIVAL_POD_WST       [queue size = 122]
2026-07-13 07:25:29 DEBUG: Pod 635 arrived at workstation 1 - status = BUSY
2026-07-13 07:25:29 DEBUG: Pod queued at workstation.    [picking_buffer = {20: 146.64142609068995}]
2026-07-13 07:25:29 DEBUG:    EVENT NUM 434   current_time = 00:02:28   RELEASE_TASK          [queue size = 121]
2026-07-13 07:25:29 DEBUG: Task 78 released: pod 462 required by workstation(s) [4].  [released tasks = 22]
2026-07-13 07:25:29 DEBUG:    EVENT NUM 435   current_time = 00:02:28   END_PICKING           [queue size = 120]
2026-07-13 07:25:29 DEBUG: Ended picking at workstation 3.    [picking_buffer len = {}]
2026-07-13 07:25:29 DEBUG: Task should have served orders {33}, found open orders {33, 12, 14, 62}.
2026-07-13 07:25:29 DEBUG: Task 37 completed: pod 435 returning to storage.
2026-07-13 07:25:29 DEBUG:    EVENT NUM 436   current_time = 00:02:28   CLOSE_ORDER           [queue size = 121]
2026-07-13 07:25:29 DEBUG: Order 33 closed at workstation 3: flow_time = 148.2 s.     [order_buffer = 4] [open_orders = 3/4]
2026-07-13 07:25:29 DEBUG: Next order in buffer: 99
2026-07-13 07:25:29 DEBUG:    EVENT NUM 437   current_time = 00:02:28   OPEN_ORDER            [queue size = 121]
2026-07-13 07:25:29 DEBUG: Order 99 (skus required = {9840, 1193, 5278, 11119}) opened at workstation 3.   [open_orders = 4/4]
2026-07-13 07:25:29 DEBUG:    EVENT NUM 438   current_time = 00:02:28   START_TASK            [queue size = 121]
2026-07-13 07:25:29 DEBUG: Task 35 blocked: no orders in {1: [77]} is open yet.  [released tasks = 21]
2026-07-13 07:25:29 DEBUG: Task 43 blocked: no orders in {1: [82]} is open yet.  [released tasks = 20]
2026-07-13 07:25:29 DEBUG: Task 47 blocked: no orders in {2: [66]} is open yet.  [released tasks = 19]
2026-07-13 07:25:29 DEBUG: Task 48 blocked: no orders in {0: [36]} is open yet.  [released tasks = 18]
2026-07-13 07:25:29 DEBUG: Task 49 blocked: no orders in {0: [13]} is open yet.  [released tasks = 17]
2026-07-13 07:25:29 DEBUG: Task 50 blocked: no orders in {0: [36]} is open yet.  [released tasks = 16]
2026-07-13 07:25:29 DEBUG: Task 52 blocked: no orders in {0: [36]} is open yet.  [released tasks = 15]
2026-07-13 07:25:29 DEBUG: Task 54 blocked: no orders in {0: [61]} is open yet.  [released tasks = 14]
2026-07-13 07:25:29 DEBUG: Task 55 blocked: no orders in {2: [46]} is open yet.  [released tasks = 13]
2026-07-13 07:25:29 DEBUG: Task 58 blocked: no orders in {2: [46]} is open yet.  [released tasks = 12]
2026-07-13 07:25:29 DEBUG: Task 60 blocked: no orders in {0: [13]} is open yet.  [released tasks = 11]
2026-07-13 07:25:29 DEBUG: Task 61 blocked: no orders in {0: [98]} is open yet.  [released tasks = 10]
2026-07-13 07:25:29 DEBUG: Task 62 blocked: no orders in {1: [77]} is open yet.  [released tasks = 9]
2026-07-13 07:25:29 DEBUG: Task 63 blocked: no orders in {0: [40]} is open yet.  [released tasks = 8]
2026-07-13 07:25:29 DEBUG: Task 65 blocked: no orders in {1: [25]} is open yet.  [released tasks = 7]
2026-07-13 07:25:29 DEBUG: Task 68 blocked: no orders in {0: [40]} is open yet.  [released tasks = 6]
2026-07-13 07:25:29 DEBUG: Task 69 blocked: no orders in {1: [77]} is open yet.  [released tasks = 5]
2026-07-13 07:25:29 DEBUG: Task 70 blocked: no orders in {0: [89]} is open yet.  [released tasks = 4]
2026-07-13 07:25:29 DEBUG: Task 75 blocked: no orders in {8: [37]} is open yet.  [released tasks = 3]
2026-07-13 07:25:29 DEBUG: Task 76 blocked: no idle robots.
2026-07-13 07:25:29 DEBUG:    EVENT NUM 439   current_time = 00:02:29   END_PICKING           [queue size = 120]
2026-07-13 07:25:29 DEBUG: Ended picking at workstation 8.    [picking_buffer len = {}]
2026-07-13 07:25:29 DEBUG: Task should have served orders {92}, found open orders {32, 74, 92, 16}.
2026-07-13 07:25:29 DEBUG: Task 51 completed: pod 588 returning to storage.
2026-07-13 07:25:29 DEBUG:    EVENT NUM 440   current_time = 00:02:29   CLOSE_ORDER           [queue size = 121]
2026-07-13 07:25:29 DEBUG: Order 92 closed at workstation 8: flow_time = 149.0 s.     [order_buffer = 9] [open_orders = 3/4]
2026-07-13 07:25:29 DEBUG: Next order in buffer: 30
2026-07-13 07:25:29 DEBUG:    EVENT NUM 441   current_time = 00:02:29   OPEN_ORDER            [queue size = 121]
2026-07-13 07:25:29 DEBUG: Order 30 (skus required = {11906}) opened at workstation 8.   [open_orders = 4/4]
2026-07-13 07:25:29 DEBUG:    EVENT NUM 442   current_time = 00:02:29   START_TASK            [queue size = 121]
2026-07-13 07:25:29 DEBUG: Task 35 blocked: no orders in {1: [77]} is open yet.  [released tasks = 21]
2026-07-13 07:25:29 DEBUG: Task 43 blocked: no orders in {1: [82]} is open yet.  [released tasks = 20]
2026-07-13 07:25:29 DEBUG: Task 47 blocked: no orders in {2: [66]} is open yet.  [released tasks = 19]
2026-07-13 07:25:29 DEBUG: Task 48 blocked: no orders in {0: [36]} is open yet.  [released tasks = 18]
2026-07-13 07:25:29 DEBUG: Task 49 blocked: no orders in {0: [13]} is open yet.  [released tasks = 17]
2026-07-13 07:25:29 DEBUG: Task 50 blocked: no orders in {0: [36]} is open yet.  [released tasks = 16]
2026-07-13 07:25:29 DEBUG: Task 52 blocked: no orders in {0: [36]} is open yet.  [released tasks = 15]
2026-07-13 07:25:29 DEBUG: Task 54 blocked: no orders in {0: [61]} is open yet.  [released tasks = 14]
2026-07-13 07:25:29 DEBUG: Task 55 blocked: no orders in {2: [46]} is open yet.  [released tasks = 13]
2026-07-13 07:25:29 DEBUG: Task 58 blocked: no orders in {2: [46]} is open yet.  [released tasks = 12]
2026-07-13 07:25:29 DEBUG: Task 60 blocked: no orders in {0: [13]} is open yet.  [released tasks = 11]
2026-07-13 07:25:29 DEBUG: Task 61 blocked: no orders in {0: [98]} is open yet.  [released tasks = 10]
2026-07-13 07:25:29 DEBUG: Task 62 blocked: no orders in {1: [77]} is open yet.  [released tasks = 9]
2026-07-13 07:25:29 DEBUG: Task 63 blocked: no orders in {0: [40]} is open yet.  [released tasks = 8]
2026-07-13 07:25:29 DEBUG: Task 65 blocked: no orders in {1: [25]} is open yet.  [released tasks = 7]
2026-07-13 07:25:29 DEBUG: Task 68 blocked: no orders in {0: [40]} is open yet.  [released tasks = 6]
2026-07-13 07:25:29 DEBUG: Task 69 blocked: no orders in {1: [77]} is open yet.  [released tasks = 5]
2026-07-13 07:25:29 DEBUG: Task 70 blocked: no orders in {0: [89]} is open yet.  [released tasks = 4]
2026-07-13 07:25:29 DEBUG: Task 75 blocked: no idle robots.
2026-07-13 07:25:29 DEBUG:    EVENT NUM 443   current_time = 00:02:29   END_PICKING           [queue size = 120]
2026-07-13 07:25:29 DEBUG: Ended picking at workstation 1.    [picking_buffer len = {20: 146.64142609068995}]
2026-07-13 07:25:29 DEBUG: Task should have served orders {64}, found open orders {64, 4, 9, 42}.
2026-07-13 07:25:29 DEBUG: Task 36 completed: pod 616 returning to storage.
2026-07-13 07:25:29 DEBUG:    EVENT NUM 444   current_time = 00:02:29   CLOSE_ORDER           [queue size = 122]
2026-07-13 07:25:29 DEBUG: Order 64 closed at workstation 1: flow_time = 149.7 s.     [order_buffer = 6] [open_orders = 3/4]
2026-07-13 07:25:29 DEBUG: Next order in buffer: 80
2026-07-13 07:25:29 DEBUG:    EVENT NUM 445   current_time = 00:02:29   START_PICKING         [queue size = 122]
2026-07-13 07:25:29 DEBUG: Processing task 20 at workstation 1: picking items {2077} for orders {42}
2026-07-13 07:25:29 DEBUG:    EVENT NUM 446   current_time = 00:02:29   OPEN_ORDER            [queue size = 122]
2026-07-13 07:25:29 DEBUG: Order 80 (skus required = {11719}) opened at workstation 1.   [open_orders = 4/4]
2026-07-13 07:25:29 DEBUG:    EVENT NUM 447   current_time = 00:02:29   START_TASK            [queue size = 122]
2026-07-13 07:25:29 DEBUG: Task 35 blocked: no idle robots.
2026-07-13 07:25:29 DEBUG:    EVENT NUM 448   current_time = 00:02:30   ARRIVAL_ORDER         [queue size = 121]
2026-07-13 07:25:29 DEBUG: Order 129 arrived: items_required = [6380].     [orders_in_system = 109]
2026-07-13 07:25:29 DEBUG:    EVENT NUM 449   current_time = 00:02:30   RELEASE_TASK          [queue size = 121]
2026-07-13 07:25:29 DEBUG: Task 79 released: pod 468 required by workstation(s) [6].  [released tasks = 23]
2026-07-13 07:25:29 DEBUG:    EVENT NUM 450   current_time = 00:02:31   ARRIVAL_POD_WST       [queue size = 120]
2026-07-13 07:25:29 DEBUG: Pod 862 arrived at workstation 2 - status = BUSY
2026-07-13 07:25:29 DEBUG: Pod queued at workstation.    [picking_buffer = {23: 145.63899684567383, 31: 151.44157854144171}]
2026-07-13 07:25:29 DEBUG:    EVENT NUM 451   current_time = 00:02:31   ARRIVAL_POD_WST       [queue size = 119]
2026-07-13 07:25:29 DEBUG: Pod 592 arrived at workstation 3 - status = IDLE
2026-07-13 07:25:29 DEBUG: Pod queued at workstation.    [picking_buffer = {30: 151.69161465368978}]
2026-07-13 07:25:29 DEBUG:    EVENT NUM 452   current_time = 00:02:31   START_PICKING         [queue size = 119]
2026-07-13 07:25:29 DEBUG: Processing task 30 at workstation 3: picking items {9653} for orders {12}
2026-07-13 07:25:29 DEBUG:    EVENT NUM 453   current_time = 00:02:31   END_PICKING           [queue size = 119]
2026-07-13 07:25:29 DEBUG: Ended picking at workstation 2.    [picking_buffer len = {23: 145.63899684567383, 31: 151.44157854144171}]
2026-07-13 07:25:29 DEBUG: Task should have served orders {49}, found open orders {41, 90, 49, 7}.
2026-07-13 07:25:29 DEBUG: Task 19 completed: pod 163 returning to storage.
2026-07-13 07:25:29 DEBUG:    EVENT NUM 454   current_time = 00:02:31   CLOSE_ORDER           [queue size = 121]
2026-07-13 07:25:29 DEBUG: Order 49 closed at workstation 2: flow_time = 151.8 s.     [order_buffer = 4] [open_orders = 3/4]
2026-07-13 07:25:29 DEBUG: Next order in buffer: 53
2026-07-13 07:25:29 DEBUG:    EVENT NUM 455   current_time = 00:02:31   START_PICKING         [queue size = 121]
2026-07-13 07:25:29 DEBUG: Processing task 23 at workstation 2: picking items {9839} for orders {90}
2026-07-13 07:25:29 DEBUG:    EVENT NUM 456   current_time = 00:02:31   OPEN_ORDER            [queue size = 121]
2026-07-13 07:25:29 DEBUG: Order 53 (skus required = {9419, 4695}) opened at workstation 2.   [open_orders = 4/4]
2026-07-13 07:25:29 DEBUG:    EVENT NUM 457   current_time = 00:02:31   START_TASK            [queue size = 121]
2026-07-13 07:25:29 DEBUG: Task 35 blocked: no idle robots.
2026-07-13 07:25:29 DEBUG:    EVENT NUM 458   current_time = 00:02:31   RELEASE_TASK          [queue size = 120]
2026-07-13 07:25:29 DEBUG: Task 80 released: pod 572 required by workstation(s) [6].  [released tasks = 24]
2026-07-13 07:25:29 DEBUG:    EVENT NUM 459   current_time = 00:02:33   RELEASE_TASK          [queue size = 119]
2026-07-13 07:25:29 DEBUG: Task 81 released: pod 563 required by workstation(s) [0].  [released tasks = 25]
2026-07-13 07:25:29 DEBUG:    EVENT NUM 460   current_time = 00:02:35   ARRIVAL_ORDER         [queue size = 118]
2026-07-13 07:25:29 DEBUG: Order 130 arrived: items_required = [7631].     [orders_in_system = 109]
2026-07-13 07:25:29 DEBUG:    EVENT NUM 461   current_time = 00:02:35   RELEASE_TASK          [queue size = 118]
2026-07-13 07:25:29 DEBUG: Task 82 released: pod 49 required by workstation(s) [7].  [released tasks = 26]
2026-07-13 07:25:29 DEBUG:    EVENT NUM 462   current_time = 00:02:37   RELEASE_TASK          [queue size = 117]
2026-07-13 07:25:29 DEBUG: Task 83 released: pod 884 required by workstation(s) [2].  [released tasks = 27]
2026-07-13 07:25:29 DEBUG:    EVENT NUM 463   current_time = 00:02:39   RELEASE_TASK          [queue size = 116]
2026-07-13 07:25:29 DEBUG: Task 84 released: pod 753 required by workstation(s) [2].  [released tasks = 28]
2026-07-13 07:25:29 DEBUG:    EVENT NUM 464   current_time = 00:02:39   END_PICKING           [queue size = 115]
2026-07-13 07:25:29 DEBUG: Ended picking at workstation 1.    [picking_buffer len = {}]
2026-07-13 07:25:29 DEBUG: Task should have served orders {42}, found open orders {4, 9, 42, 80}.
2026-07-13 07:25:29 DEBUG: Task 20 heading to workstation 1.
2026-07-13 07:25:29 DEBUG:    EVENT NUM 465   current_time = 00:02:39   CLOSE_ORDER           [queue size = 116]
2026-07-13 07:25:29 DEBUG: Order 42 closed at workstation 1: flow_time = 159.7 s.     [order_buffer = 5] [open_orders = 3/4]
2026-07-13 07:25:29 DEBUG: Next order in buffer: 2
2026-07-13 07:25:29 DEBUG:    EVENT NUM 466   current_time = 00:02:39   ARRIVAL_POD_WST       [queue size = 116]
2026-07-13 07:25:29 DEBUG: Pod 635 arrived at workstation 1 - status = IDLE
2026-07-13 07:25:29 DEBUG: Pod queued at workstation.    [picking_buffer = {20: 159.74820751303662}]
2026-07-13 07:25:29 DEBUG:    EVENT NUM 467   current_time = 00:02:39   OPEN_ORDER            [queue size = 116]
2026-07-13 07:25:29 DEBUG: Order 2 (skus required = {3630}) opened at workstation 1.   [open_orders = 4/4]
2026-07-13 07:25:29 DEBUG:    EVENT NUM 468   current_time = 00:02:39   START_PICKING         [queue size = 117]
2026-07-13 07:25:29 DEBUG: Processing task 20 at workstation 1: picking items {5629} for orders {4}
2026-07-13 07:25:29 DEBUG:    EVENT NUM 469   current_time = 00:02:39   START_TASK            [queue size = 117]
2026-07-13 07:25:29 DEBUG: Task 35 blocked: no idle robots.
2026-07-13 07:25:29 DEBUG:    EVENT NUM 470   current_time = 00:02:39   START_PICKING         [queue size = 116]
2026-07-13 07:25:29 DEBUG:    EVENT NUM 471   current_time = 00:02:40   ARRIVAL_ORDER         [queue size = 115]
2026-07-13 07:25:29 DEBUG: Order 131 arrived: items_required = [9408].     [orders_in_system = 109]
2026-07-13 07:25:29 DEBUG:    EVENT NUM 472   current_time = 00:02:40   ARRIVAL_POD_WST       [queue size = 115]
2026-07-13 07:25:29 DEBUG: Pod 602 arrived at workstation 0 - status = IDLE
2026-07-13 07:25:29 DEBUG: Pod queued at workstation.    [picking_buffer = {32: 160.68873267216776}]
2026-07-13 07:25:29 DEBUG:    EVENT NUM 473   current_time = 00:02:40   START_PICKING         [queue size = 115]
2026-07-13 07:25:29 DEBUG: Processing task 32 at workstation 0: picking items {10805} for orders {6}
2026-07-13 07:25:29 DEBUG:    EVENT NUM 474   current_time = 00:02:41   RELEASE_TASK          [queue size = 115]
2026-07-13 07:25:29 DEBUG: Task 85 released: pod 206 required by workstation(s) [5, 5].  [released tasks = 29]
2026-07-13 07:25:29 DEBUG:    EVENT NUM 475   current_time = 00:02:41   END_PICKING           [queue size = 114]
2026-07-13 07:25:29 DEBUG: Ended picking at workstation 3.    [picking_buffer len = {}]
2026-07-13 07:25:29 DEBUG: Task should have served orders {12}, found open orders {99, 12, 14, 62}.
2026-07-13 07:25:29 DEBUG: Task 30 completed: pod 592 returning to storage.
2026-07-13 07:25:29 DEBUG:    EVENT NUM 476   current_time = 00:02:41   CLOSE_ORDER           [queue size = 115]
2026-07-13 07:25:29 DEBUG: Order 12 closed at workstation 3: flow_time = 161.7 s.     [order_buffer = 3] [open_orders = 3/4]
2026-07-13 07:25:29 DEBUG: Next order in buffer: 1
2026-07-13 07:25:29 DEBUG:    EVENT NUM 477   current_time = 00:02:41   OPEN_ORDER            [queue size = 115]
2026-07-13 07:25:29 DEBUG: Order 1 (skus required = {10388, 9298, 7148, 3167}) opened at workstation 3.   [open_orders = 4/4]
2026-07-13 07:25:29 DEBUG:    EVENT NUM 478   current_time = 00:02:41   START_TASK            [queue size = 115]
2026-07-13 07:25:29 DEBUG: Task 35 blocked: no idle robots.
2026-07-13 07:25:29 DEBUG:    EVENT NUM 479   current_time = 00:02:41   END_PICKING           [queue size = 114]
2026-07-13 07:25:29 DEBUG: Ended picking at workstation 2.    [picking_buffer len = {31: 151.44157854144171}]
2026-07-13 07:25:29 DEBUG: Task should have served orders {90}, found open orders {7, 41, 53, 90}.
2026-07-13 07:25:29 DEBUG: Task 23 completed: pod 12 returning to storage.
2026-07-13 07:25:29 DEBUG:    EVENT NUM 480   current_time = 00:02:41   CLOSE_ORDER           [queue size = 116]
2026-07-13 07:25:29 DEBUG: Order 90 closed at workstation 2: flow_time = 161.8 s.     [order_buffer = 3] [open_orders = 3/4]
2026-07-13 07:25:29 DEBUG: Next order in buffer: 66
2026-07-13 07:25:29 DEBUG:    EVENT NUM 481   current_time = 00:02:41   START_PICKING         [queue size = 116]
2026-07-13 07:25:29 DEBUG: Processing task 31 at workstation 2: picking items {4695} for orders {53}
2026-07-13 07:25:29 DEBUG:    EVENT NUM 482   current_time = 00:02:41   OPEN_ORDER            [queue size = 116]
2026-07-13 07:25:29 DEBUG: Order 66 (skus required = {4921, 5603}) opened at workstation 2.   [open_orders = 4/4]
2026-07-13 07:25:29 DEBUG:    EVENT NUM 483   current_time = 00:02:41   START_TASK            [queue size = 116]
2026-07-13 07:25:29 DEBUG: Task 35 blocked: no idle robots.
2026-07-13 07:25:29 DEBUG:    EVENT NUM 484   current_time = 00:02:43   RELEASE_TASK          [queue size = 115]
2026-07-13 07:25:29 DEBUG: Task 86 released: pod 676 required by workstation(s) [4].  [released tasks = 30]
2026-07-13 07:25:29 DEBUG:    EVENT NUM 485   current_time = 00:02:44   RETURN_POD            [queue size = 114]
2026-07-13 07:25:29 DEBUG: Pod 813 returned. Robot 8 idle.   [idle robots = 1/40, released tasks = 30]
2026-07-13 07:25:29 DEBUG:    EVENT NUM 486   current_time = 00:02:44   START_TASK            [queue size = 114]
2026-07-13 07:25:29 DEBUG: Task 35 started: robot 8 → pod 739 → workstation 1 for orders {2} (arrival = 242.9 s).   [idle robots = 0/40]
2026-07-13 07:25:29 DEBUG:    EVENT NUM 487   current_time = 00:02:44   ARRIVAL_POD_WST       [queue size = 114]
2026-07-13 07:25:29 DEBUG: Pod 362 arrived at workstation 0 - status = BUSY
2026-07-13 07:25:29 DEBUG: Pod queued at workstation.    [picking_buffer = {29: 164.25847740302743}]
2026-07-13 07:25:29 DEBUG:    EVENT NUM 488   current_time = 00:02:45   ARRIVAL_ORDER         [queue size = 113]
2026-07-13 07:25:29 DEBUG: Order 132 arrived: items_required = [10885, 6545].     [orders_in_system = 108]
2026-07-13 07:25:29 DEBUG:    EVENT NUM 489   current_time = 00:02:45   RELEASE_TASK          [queue size = 113]
2026-07-13 07:25:29 DEBUG: Task 87 released: pod 198 required by workstation(s) [7].  [released tasks = 30]
2026-07-13 07:25:29 DEBUG:    EVENT NUM 490   current_time = 00:02:46   ARRIVAL_POD_WST       [queue size = 112]
2026-07-13 07:25:29 DEBUG: Pod 615 arrived at workstation 4 - status = IDLE
2026-07-13 07:25:29 DEBUG: Pod queued at workstation.    [picking_buffer = {67: 166.87798481270355}]
2026-07-13 07:25:29 DEBUG:    EVENT NUM 491   current_time = 00:02:46   START_PICKING         [queue size = 112]
2026-07-13 07:25:29 DEBUG: Processing task 67 at workstation 4: picking items {9113} for orders {97}
2026-07-13 07:25:29 DEBUG:    EVENT NUM 492   current_time = 00:02:47   RELEASE_TASK          [queue size = 112]
2026-07-13 07:25:29 DEBUG: Task 88 released: pod 32 required by workstation(s) [0].  [released tasks = 31]
2026-07-13 07:25:29 DEBUG:    EVENT NUM 493   current_time = 00:02:48   RETURN_POD            [queue size = 111]
2026-07-13 07:25:29 DEBUG: Pod 878 returned. Robot 28 idle.   [idle robots = 1/40, released tasks = 31]
2026-07-13 07:25:29 DEBUG:    EVENT NUM 494   current_time = 00:02:48   START_TASK            [queue size = 111]
2026-07-13 07:25:29 DEBUG: Task 43 blocked: no orders in {1: [82]} is open yet.  [released tasks = 30]
2026-07-13 07:25:29 DEBUG: Task 47 started: robot 28 → pod 460 → workstation 2 for orders {66} (arrival = 232.5 s).   [idle robots = 0/40]
2026-07-13 07:25:29 DEBUG:    EVENT NUM 495   current_time = 00:02:48   ARRIVAL_POD_WST       [queue size = 111]
2026-07-13 07:25:29 DEBUG: Pod 488 arrived at workstation 5 - status = IDLE
2026-07-13 07:25:29 DEBUG: Pod queued at workstation.    [picking_buffer = {41: 168.53380374423062}]
2026-07-13 07:25:29 DEBUG:    EVENT NUM 496   current_time = 00:02:48   START_PICKING         [queue size = 111]
2026-07-13 07:25:29 DEBUG: Processing task 41 at workstation 5: picking items {6776} for orders {45}
2026-07-13 07:25:29 DEBUG:    EVENT NUM 497   current_time = 00:02:48   RELEASE_TASK          [queue size = 111]
2026-07-13 07:25:29 DEBUG: Task 89 released: pod 726 required by workstation(s) [0].  [released tasks = 31]
2026-07-13 07:25:29 DEBUG:    EVENT NUM 498   current_time = 00:02:49   RETURN_POD            [queue size = 110]
2026-07-13 07:25:29 DEBUG: Pod 873 returned. Robot 24 idle.   [idle robots = 1/40, released tasks = 31]
2026-07-13 07:25:29 DEBUG:    EVENT NUM 499   current_time = 00:02:49   START_TASK            [queue size = 110]
2026-07-13 07:25:29 DEBUG: Task 43 blocked: no orders in {1: [82]} is open yet.  [released tasks = 30]
2026-07-13 07:25:29 DEBUG: Task 48 blocked: no orders in {0: [36]} is open yet.  [released tasks = 29]
2026-07-13 07:25:29 DEBUG: Task 49 blocked: no orders in {0: [13]} is open yet.  [released tasks = 28]
2026-07-13 07:25:29 DEBUG: Task 50 blocked: no orders in {0: [36]} is open yet.  [released tasks = 27]
2026-07-13 07:25:29 DEBUG: Task 52 blocked: no orders in {0: [36]} is open yet.  [released tasks = 26]
2026-07-13 07:25:29 DEBUG: Task 54 blocked: no orders in {0: [61]} is open yet.  [released tasks = 25]
2026-07-13 07:25:29 DEBUG: Task 55 started: robot 24 → pod 668 → workstation 2 for orders {46} (arrival = 222.8 s).   [idle robots = 0/40]
2026-07-13 07:25:29 DEBUG:    EVENT NUM 500   current_time = 00:02:49   END_PICKING           [queue size = 110]
2026-07-13 07:25:29 DEBUG: Ended picking at workstation 1.    [picking_buffer len = {}]
2026-07-13 07:25:29 DEBUG: Task should have served orders {4}, found open orders {2, 4, 9, 80}.
2026-07-13 07:25:29 DEBUG: Task 20 completed: pod 635 returning to storage.
2026-07-13 07:25:29 DEBUG:    EVENT NUM 501   current_time = 00:02:50   ARRIVAL_ORDER         [queue size = 110]
2026-07-13 07:25:29 DEBUG: Order 133 arrived: items_required = [2514, 7043, 5093, 6737].     [orders_in_system = 109]
2026-07-13 07:25:29 DEBUG:    EVENT NUM 502   current_time = 00:02:50   END_PICKING           [queue size = 110]
2026-07-13 07:25:29 DEBUG: Ended picking at workstation 0.    [picking_buffer len = {29: 164.25847740302743}]
2026-07-13 07:25:29 DEBUG: Task should have served orders {6}, found open orders {69, 6, 48, 85}.
2026-07-13 07:25:29 DEBUG: Task 32 completed: pod 602 returning to storage.
2026-07-13 07:25:29 DEBUG:    EVENT NUM 503   current_time = 00:02:50   CLOSE_ORDER           [queue size = 112]
2026-07-13 07:25:29 DEBUG: Order 6 closed at workstation 0: flow_time = 170.7 s.     [order_buffer = 7] [open_orders = 3/4]
2026-07-13 07:25:29 DEBUG: Next order in buffer: 72
2026-07-13 07:25:29 DEBUG:    EVENT NUM 504   current_time = 00:02:50   START_PICKING         [queue size = 112]
2026-07-13 07:25:29 DEBUG: Processing task 29 at workstation 0: picking items {11871} for orders {48}
2026-07-13 07:25:29 DEBUG:    EVENT NUM 505   current_time = 00:02:50   OPEN_ORDER            [queue size = 112]
2026-07-13 07:25:29 DEBUG: Order 72 (skus required = {476}) opened at workstation 0.   [open_orders = 4/4]
2026-07-13 07:25:29 DEBUG:    EVENT NUM 506   current_time = 00:02:50   START_TASK            [queue size = 112]
2026-07-13 07:25:29 DEBUG: Task 43 blocked: no orders in {1: [82]} is open yet.  [released tasks = 29]
2026-07-13 07:25:29 DEBUG: Task 48 blocked: no idle robots.
2026-07-13 07:25:29 DEBUG:    EVENT NUM 507   current_time = 00:02:50   RELEASE_TASK          [queue size = 111]
2026-07-13 07:25:29 DEBUG: Task 90 released: pod 329 required by workstation(s) [4].  [released tasks = 31]
2026-07-13 07:25:29 DEBUG:    EVENT NUM 508   current_time = 00:02:51   ARRIVAL_POD_WST       [queue size = 110]
2026-07-13 07:25:29 DEBUG: Pod 707 arrived at workstation 4 - status = BUSY
2026-07-13 07:25:29 DEBUG: Pod queued at workstation.    [picking_buffer = {66: 171.2101727806317}]
2026-07-13 07:25:29 DEBUG:    EVENT NUM 509   current_time = 00:02:51   ARRIVAL_POD_WST       [queue size = 109]
2026-07-13 07:25:29 DEBUG: Pod 131 arrived at workstation 0 - status = BUSY
2026-07-13 07:25:29 DEBUG: Pod queued at workstation.    [picking_buffer = {42: 171.63581750316266}]
2026-07-13 07:25:29 DEBUG:    EVENT NUM 510   current_time = 00:02:51   END_PICKING           [queue size = 108]
2026-07-13 07:25:29 DEBUG: Ended picking at workstation 2.    [picking_buffer len = {}]
2026-07-13 07:25:29 DEBUG: Task should have served orders {53}, found open orders {66, 7, 41, 53}.
2026-07-13 07:25:29 DEBUG: Task 31 completed: pod 862 returning to storage.
2026-07-13 07:25:29 DEBUG:    EVENT NUM 511   current_time = 00:02:52   RETURN_POD            [queue size = 108]
2026-07-13 07:25:29 DEBUG: Pod 518 returned. Robot 37 idle.   [idle robots = 1/40, released tasks = 31]
2026-07-13 07:25:29 DEBUG:    EVENT NUM 512   current_time = 00:02:52   START_TASK            [queue size = 108]
2026-07-13 07:25:29 DEBUG: Task 43 blocked: no orders in {1: [82]} is open yet.  [released tasks = 30]
2026-07-13 07:25:29 DEBUG: Task 48 started: robot 37 → pod 85 → workstation 0 for orders {36} (arrival = 359.0 s).   [idle robots = 0/40]
2026-07-13 07:25:29 DEBUG:    EVENT NUM 513   current_time = 00:02:52   RELEASE_TASK          [queue size = 108]
2026-07-13 07:25:29 DEBUG: Task 91 released: pod 799 required by workstation(s) [3].  [released tasks = 31]
2026-07-13 07:25:29 DEBUG:    EVENT NUM 514   current_time = 00:02:54   RELEASE_TASK          [queue size = 107]
2026-07-13 07:25:29 DEBUG: Task 92 released: pod 296 required by workstation(s) [8].  [released tasks = 32]
2026-07-13 07:25:29 DEBUG:    EVENT NUM 515   current_time = 00:02:55   ARRIVAL_ORDER         [queue size = 106]
2026-07-13 07:25:29 DEBUG: Order 134 arrived: items_required = [6748].     [orders_in_system = 109]
2026-07-13 07:25:29 DEBUG:    EVENT NUM 516   current_time = 00:02:56   RELEASE_TASK          [queue size = 106]
2026-07-13 07:25:29 DEBUG: Task 93 released: pod 335 required by workstation(s) [3].  [released tasks = 33]
2026-07-13 07:25:29 DEBUG:    EVENT NUM 517   current_time = 00:02:56   ARRIVAL_POD_WST       [queue size = 105]
2026-07-13 07:25:29 DEBUG: Pod 801 arrived at workstation 8 - status = IDLE
2026-07-13 07:25:29 DEBUG: Pod queued at workstation.    [picking_buffer = {74: 176.84902502168282}]
2026-07-13 07:25:29 DEBUG:    EVENT NUM 518   current_time = 00:02:56   START_PICKING         [queue size = 105]
2026-07-13 07:25:29 DEBUG: Processing task 74 at workstation 8: picking items {10564} for orders {74}
2026-07-13 07:25:29 DEBUG:    EVENT NUM 519   current_time = 00:02:56   END_PICKING           [queue size = 105]
2026-07-13 07:25:29 DEBUG: Ended picking at workstation 4.    [picking_buffer len = {66: 171.2101727806317}]
2026-07-13 07:25:29 DEBUG: Task should have served orders {97}, found open orders {97, 34, 23, 26}.
2026-07-13 07:25:29 DEBUG: Task 67 heading to workstation 4.
2026-07-13 07:25:29 DEBUG:    EVENT NUM 520   current_time = 00:02:56   ARRIVAL_POD_WST       [queue size = 106]
2026-07-13 07:25:29 DEBUG: Pod 615 arrived at workstation 4 - status = IDLE
2026-07-13 07:25:29 DEBUG: Pod queued at workstation.    [picking_buffer = {66: 171.2101727806317, 67: 176.87798481270355}]
2026-07-13 07:25:29 DEBUG:    EVENT NUM 521   current_time = 00:02:56   START_PICKING         [queue size = 106]
2026-07-13 07:25:29 DEBUG: Processing task 66 at workstation 4: picking items {2666} for orders {97}
2026-07-13 07:25:29 DEBUG:    EVENT NUM 522   current_time = 00:02:56   START_PICKING         [queue size = 106]
2026-07-13 07:25:29 DEBUG:    EVENT NUM 523   current_time = 00:02:57   ARRIVAL_POD_WST       [queue size = 105]
2026-07-13 07:25:29 DEBUG: Pod 368 arrived at workstation 0 - status = BUSY
2026-07-13 07:25:29 DEBUG: Pod queued at workstation.    [picking_buffer = {42: 171.63581750316266, 34: 177.45475353455168}]
2026-07-13 07:25:29 DEBUG:    EVENT NUM 524   current_time = 00:02:58   RELEASE_TASK          [queue size = 104]
2026-07-13 07:25:29 DEBUG: Task 94 released: pod 282 required by workstation(s) [3].  [released tasks = 34]
2026-07-13 07:25:29 DEBUG:    EVENT NUM 525   current_time = 00:02:58   END_PICKING           [queue size = 103]
2026-07-13 07:25:29 DEBUG: Ended picking at workstation 5.    [picking_buffer len = {}]
2026-07-13 07:25:29 DEBUG: Task should have served orders {45}, found open orders {83, 45, 38, 31}.
2026-07-13 07:25:29 DEBUG: Task 41 completed: pod 488 returning to storage.
2026-07-13 07:25:29 DEBUG:    EVENT NUM 526   current_time = 00:02:58   CLOSE_ORDER           [queue size = 104]
2026-07-13 07:25:29 DEBUG: Order 45 closed at workstation 5: flow_time = 178.5 s.     [order_buffer = 4] [open_orders = 3/4]
2026-07-13 07:25:29 DEBUG: Next order in buffer: 65
2026-07-13 07:25:29 DEBUG:    EVENT NUM 527   current_time = 00:02:58   OPEN_ORDER            [queue size = 104]
2026-07-13 07:25:29 DEBUG: Order 65 (skus required = {9768, 4610, 11516, 7677}) opened at workstation 5.   [open_orders = 4/4]
2026-07-13 07:25:29 DEBUG:    EVENT NUM 528   current_time = 00:02:58   START_TASK            [queue size = 104]
2026-07-13 07:25:29 DEBUG: Task 43 blocked: no orders in {1: [82]} is open yet.  [released tasks = 33]
2026-07-13 07:25:29 DEBUG: Task 49 blocked: no orders in {0: [13]} is open yet.  [released tasks = 32]
2026-07-13 07:25:29 DEBUG: Task 50 blocked: no idle robots.
2026-07-13 07:25:29 DEBUG:    EVENT NUM 529   current_time = 00:03:00   ARRIVAL_ORDER         [queue size = 103]
2026-07-13 07:25:29 DEBUG: Order 135 arrived: items_required = [6900, 6325].     [orders_in_system = 109]
2026-07-13 07:25:29 DEBUG:    EVENT NUM 530   current_time = 00:03:00   RELEASE_TASK          [queue size = 103]
2026-07-13 07:25:29 DEBUG: Task 95 released: pod 19 required by workstation(s) [3].  [released tasks = 35]
2026-07-13 07:25:29 DEBUG:    EVENT NUM 531   current_time = 00:03:00   END_PICKING           [queue size = 102]
2026-07-13 07:25:29 DEBUG: Ended picking at workstation 0.    [picking_buffer len = {42: 171.63581750316266, 34: 177.45475353455168}]
2026-07-13 07:25:29 DEBUG: Task should have served orders {48}, found open orders {69, 72, 48, 85}.
2026-07-13 07:25:29 DEBUG: Task 29 completed: pod 362 returning to storage.
2026-07-13 07:25:29 DEBUG:    EVENT NUM 532   current_time = 00:03:00   CLOSE_ORDER           [queue size = 104]
2026-07-13 07:25:29 DEBUG: Order 48 closed at workstation 0: flow_time = 180.7 s.     [order_buffer = 6] [open_orders = 3/4]
2026-07-13 07:25:29 DEBUG: Next order in buffer: 36
2026-07-13 07:25:29 DEBUG:    EVENT NUM 533   current_time = 00:03:00   START_PICKING         [queue size = 104]
2026-07-13 07:25:29 DEBUG: Processing task 42 at workstation 0: picking items {1396} for orders {69}
2026-07-13 07:25:29 DEBUG:    EVENT NUM 534   current_time = 00:03:00   OPEN_ORDER            [queue size = 104]
2026-07-13 07:25:29 DEBUG: Order 36 (skus required = {9336, 3274, 3636}) opened at workstation 0.   [open_orders = 4/4]
2026-07-13 07:25:29 DEBUG:    EVENT NUM 535   current_time = 00:03:00   START_TASK            [queue size = 104]
2026-07-13 07:25:29 DEBUG: Task 43 blocked: no orders in {1: [82]} is open yet.  [released tasks = 34]
2026-07-13 07:25:29 DEBUG: Task 49 blocked: no idle robots.
2026-07-13 07:25:29 DEBUG:    EVENT NUM 536   current_time = 00:03:02   RELEASE_TASK          [queue size = 103]
2026-07-13 07:25:29 DEBUG: Task 96 released: pod 569 required by workstation(s) [5, 5].  [released tasks = 36]
2026-07-13 07:25:29 DEBUG:    EVENT NUM 537   current_time = 00:03:03   ARRIVAL_POD_WST       [queue size = 102]
2026-07-13 07:25:29 DEBUG: Pod 278 arrived at workstation 1 - status = IDLE
2026-07-13 07:25:29 DEBUG: Pod queued at workstation.    [picking_buffer = {24: 183.22313165316956}]
2026-07-13 07:25:29 DEBUG:    EVENT NUM 538   current_time = 00:03:03   START_PICKING         [queue size = 102]
2026-07-13 07:25:29 DEBUG: Processing task 24 at workstation 1: picking items {3545} for orders {9}
2026-07-13 07:25:29 DEBUG:    EVENT NUM 539   current_time = 00:03:04   RELEASE_TASK          [queue size = 102]
2026-07-13 07:25:29 DEBUG: Task 97 released: pod 394 required by workstation(s) [4].  [released tasks = 37]
2026-07-13 07:25:29 DEBUG:    EVENT NUM 540   current_time = 00:03:05   ARRIVAL_ORDER         [queue size = 101]
2026-07-13 07:25:29 DEBUG: Order 136 arrived: items_required = [11838, 12204].     [orders_in_system = 109]
2026-07-13 07:25:29 DEBUG:    EVENT NUM 541   current_time = 00:03:05   RELEASE_TASK          [queue size = 101]
2026-07-13 07:25:29 DEBUG: Task 98 released: pod 13 required by workstation(s) [3].  [released tasks = 38]
2026-07-13 07:25:29 DEBUG:    EVENT NUM 542   current_time = 00:03:06   RETURN_POD            [queue size = 100]
2026-07-13 07:25:29 DEBUG: Pod 815 returned. Robot 12 idle.   [idle robots = 1/40, released tasks = 38]
2026-07-13 07:25:29 DEBUG:    EVENT NUM 543   current_time = 00:03:06   START_TASK            [queue size = 100]
2026-07-13 07:25:29 DEBUG: Task 43 blocked: no orders in {1: [82]} is open yet.  [released tasks = 37]
2026-07-13 07:25:29 DEBUG: Task 49 started: robot 12 → pod 355 → workstation 0 for orders {89} (arrival = 338.4 s).   [idle robots = 0/40]
2026-07-13 07:25:29 DEBUG:    EVENT NUM 544   current_time = 00:03:06   ARRIVAL_POD_WST       [queue size = 100]
2026-07-13 07:25:29 DEBUG: Pod 395 arrived at workstation 2 - status = IDLE
2026-07-13 07:25:29 DEBUG: Pod queued at workstation.    [picking_buffer = {40: 186.5711326030353}]
2026-07-13 07:25:29 DEBUG:    EVENT NUM 545   current_time = 00:03:06   START_PICKING         [queue size = 100]
2026-07-13 07:25:29 DEBUG: Processing task 40 at workstation 2: picking items {9419} for orders {53}
2026-07-13 07:25:29 DEBUG:    EVENT NUM 546   current_time = 00:03:06   END_PICKING           [queue size = 100]
2026-07-13 07:25:29 DEBUG: Ended picking at workstation 8.    [picking_buffer len = {}]
2026-07-13 07:25:29 DEBUG: Task should have served orders {74}, found open orders {32, 74, 16, 30}.
2026-07-13 07:25:29 DEBUG: Task 74 completed: pod 801 returning to storage.
2026-07-13 07:25:29 DEBUG:    EVENT NUM 547   current_time = 00:03:06   CLOSE_ORDER           [queue size = 101]
2026-07-13 07:25:29 DEBUG: Order 74 closed at workstation 8: flow_time = 186.8 s.     [order_buffer = 8] [open_orders = 3/4]
2026-07-13 07:25:29 DEBUG: Next order in buffer: 37
2026-07-13 07:25:29 DEBUG:    EVENT NUM 548   current_time = 00:03:06   OPEN_ORDER            [queue size = 101]
2026-07-13 07:25:29 DEBUG: Order 37 (skus required = {7431}) opened at workstation 8.   [open_orders = 4/4]
2026-07-13 07:25:29 DEBUG:    EVENT NUM 549   current_time = 00:03:06   START_TASK            [queue size = 101]
2026-07-13 07:25:29 DEBUG: Task 43 blocked: no orders in {1: [82]} is open yet.  [released tasks = 36]
2026-07-13 07:25:29 DEBUG: Task 50 blocked: no idle robots.
2026-07-13 07:25:29 DEBUG:    EVENT NUM 550   current_time = 00:03:06   END_PICKING           [queue size = 100]
2026-07-13 07:25:29 DEBUG: Ended picking at workstation 4.    [picking_buffer len = {67: 176.87798481270355}]
2026-07-13 07:25:29 DEBUG: Task should have served orders {97}, found open orders {97, 34, 23, 26}.
2026-07-13 07:25:29 DEBUG: Task 66 completed: pod 707 returning to storage.
2026-07-13 07:25:29 DEBUG:    EVENT NUM 551   current_time = 00:03:06   CLOSE_ORDER           [queue size = 102]
2026-07-13 07:25:29 DEBUG: Order 97 closed at workstation 4: flow_time = 186.9 s.     [order_buffer = 4] [open_orders = 3/4]
2026-07-13 07:25:29 DEBUG: Next order in buffer: 73
2026-07-13 07:25:29 DEBUG:    EVENT NUM 552   current_time = 00:03:06   START_PICKING         [queue size = 102]
2026-07-13 07:25:29 DEBUG: Processing task 67 at workstation 4: picking items {8074} for orders {34}
2026-07-13 07:25:29 DEBUG:    EVENT NUM 553   current_time = 00:03:06   OPEN_ORDER            [queue size = 102]
2026-07-13 07:25:29 DEBUG: Order 73 (skus required = {4339}) opened at workstation 4.   [open_orders = 4/4]
2026-07-13 07:25:29 DEBUG:    EVENT NUM 554   current_time = 00:03:06   START_TASK            [queue size = 102]
2026-07-13 07:25:29 DEBUG: Task 43 blocked: no orders in {1: [82]} is open yet.  [released tasks = 36]
2026-07-13 07:25:29 DEBUG: Task 50 blocked: no idle robots.
2026-07-13 07:25:29 DEBUG:    EVENT NUM 555   current_time = 00:03:07   ARRIVAL_POD_WST       [queue size = 101]
2026-07-13 07:25:29 DEBUG: Pod 681 arrived at workstation 7 - status = IDLE
2026-07-13 07:25:29 DEBUG: Pod queued at workstation.    [picking_buffer = {72: 187.51089882976828}]
2026-07-13 07:25:29 DEBUG:    EVENT NUM 556   current_time = 00:03:07   START_PICKING         [queue size = 101]
2026-07-13 07:25:29 DEBUG: Processing task 72 at workstation 7: picking items {8942} for orders {29}
2026-07-13 07:25:29 DEBUG:    EVENT NUM 557   current_time = 00:03:07   RELEASE_TASK          [queue size = 101]
2026-07-13 07:25:29 DEBUG: Task 99 released: pod 246 required by workstation(s) [3].  [released tasks = 38]
2026-07-13 07:25:29 DEBUG:    EVENT NUM 558   current_time = 00:03:09   RELEASE_TASK          [queue size = 100]
2026-07-13 07:25:29 DEBUG: Task 100 released: pod 838 required by workstation(s) [3].  [released tasks = 39]
2026-07-13 07:25:29 DEBUG:    EVENT NUM 559   current_time = 00:03:10   ARRIVAL_ORDER         [queue size = 99]
2026-07-13 07:25:29 DEBUG: Order 137 arrived: items_required = [4012, 8955].     [orders_in_system = 108]
2026-07-13 07:25:29 DEBUG:    EVENT NUM 560   current_time = 00:03:10   END_PICKING           [queue size = 99]
2026-07-13 07:25:29 DEBUG: Ended picking at workstation 0.    [picking_buffer len = {34: 177.45475353455168}]
2026-07-13 07:25:29 DEBUG: Task should have served orders {69}, found open orders {36, 69, 72, 85}.
2026-07-13 07:25:29 DEBUG: Task 42 completed: pod 131 returning to storage.
2026-07-13 07:25:29 DEBUG:    EVENT NUM 561   current_time = 00:03:10   CLOSE_ORDER           [queue size = 101]
2026-07-13 07:25:29 DEBUG: Order 69 closed at workstation 0: flow_time = 190.7 s.     [order_buffer = 5] [open_orders = 3/4]
2026-07-13 07:25:29 DEBUG: Next order in buffer: 89
2026-07-13 07:25:29 DEBUG:    EVENT NUM 562   current_time = 00:03:10   START_PICKING         [queue size = 101]
2026-07-13 07:25:29 DEBUG: Processing task 34 at workstation 0: picking items {7952} for orders {85}
2026-07-13 07:25:29 DEBUG:    EVENT NUM 563   current_time = 00:03:10   OPEN_ORDER            [queue size = 101]
2026-07-13 07:25:29 DEBUG: Order 89 (skus required = {11368, 7484}) opened at workstation 0.   [open_orders = 4/4]
2026-07-13 07:25:29 DEBUG:    EVENT NUM 564   current_time = 00:03:10   START_TASK            [queue size = 101]
2026-07-13 07:25:29 DEBUG: Task 43 blocked: no orders in {1: [82]} is open yet.  [released tasks = 38]
2026-07-13 07:25:29 DEBUG: Task 50 blocked: no idle robots.
2026-07-13 07:25:29 DEBUG:    EVENT NUM 565   current_time = 00:03:11   RELEASE_TASK          [queue size = 100]
2026-07-13 07:25:29 DEBUG: Task 101 released: pod 562 required by workstation(s) [5].  [released tasks = 40]
2026-07-13 07:25:29 DEBUG:    EVENT NUM 566   current_time = 00:03:12   ARRIVAL_POD_WST       [queue size = 99]
2026-07-13 07:25:29 DEBUG: Pod 251 arrived at workstation 1 - status = BUSY
2026-07-13 07:25:29 DEBUG: Pod queued at workstation.    [picking_buffer = {33: 192.60188341314947}]
2026-07-13 07:25:29 DEBUG:    EVENT NUM 567   current_time = 00:03:13   END_PICKING           [queue size = 98]
2026-07-13 07:25:29 DEBUG: Ended picking at workstation 1.    [picking_buffer len = {33: 192.60188341314947}]
2026-07-13 07:25:29 DEBUG: Task should have served orders {9}, found open orders {2, 4, 9, 80}.
2026-07-13 07:25:29 DEBUG: Task 24 completed: pod 278 returning to storage.
2026-07-13 07:25:29 DEBUG:    EVENT NUM 568   current_time = 00:03:13   CLOSE_ORDER           [queue size = 100]
2026-07-13 07:25:29 DEBUG: Order 9 closed at workstation 1: flow_time = 193.2 s.     [order_buffer = 4] [open_orders = 3/4]
2026-07-13 07:25:29 DEBUG: Next order in buffer: 77
2026-07-13 07:25:29 DEBUG:    EVENT NUM 569   current_time = 00:03:13   START_PICKING         [queue size = 100]
2026-07-13 07:25:29 DEBUG: Processing task 33 at workstation 1: picking items {11719} for orders {80}
2026-07-13 07:25:29 DEBUG:    EVENT NUM 570   current_time = 00:03:13   OPEN_ORDER            [queue size = 100]
2026-07-13 07:25:29 DEBUG: Order 77 (skus required = {5851, 589, 2814}) opened at workstation 1.   [open_orders = 4/4]
2026-07-13 07:25:29 DEBUG:    EVENT NUM 571   current_time = 00:03:13   START_TASK            [queue size = 100]
2026-07-13 07:25:29 DEBUG: Task 43 blocked: no idle robots.
2026-07-13 07:25:29 DEBUG:    EVENT NUM 572   current_time = 00:03:13   RELEASE_TASK          [queue size = 99]
2026-07-13 07:25:29 DEBUG: Task 102 released: pod 802 required by workstation(s) [4].  [released tasks = 41]
2026-07-13 07:25:29 DEBUG:    EVENT NUM 573   current_time = 00:03:13   RETURN_POD            [queue size = 98]
2026-07-13 07:25:29 DEBUG: Pod 588 returned. Robot 17 idle.   [idle robots = 1/40, released tasks = 41]
2026-07-13 07:25:29 DEBUG:    EVENT NUM 574   current_time = 00:03:13   START_TASK            [queue size = 98]
2026-07-13 07:25:29 DEBUG: Task 43 started: robot 17 → pod 33 → workstation 1 for orders {35} (arrival = 342.5 s).   [idle robots = 0/40]
2026-07-13 07:25:29 DEBUG:    EVENT NUM 575   current_time = 00:03:14   ARRIVAL_POD_WST       [queue size = 98]
2026-07-13 07:25:29 DEBUG: Pod 69 arrived at workstation 1 - status = BUSY
2026-07-13 07:25:29 DEBUG: Pod queued at workstation.    [picking_buffer = {44: 194.14750073821614}]
2026-07-13 07:25:29 DEBUG:    EVENT NUM 576   current_time = 00:03:15   ARRIVAL_ORDER         [queue size = 97]
2026-07-13 07:25:29 DEBUG: Order 138 arrived: items_required = [10815].     [orders_in_system = 107]
2026-07-13 07:25:29 DEBUG:    EVENT NUM 577   current_time = 00:03:15   RELEASE_TASK          [queue size = 97]
2026-07-13 07:25:29 DEBUG: Task 103 released: pod 434 required by workstation(s) [4].  [released tasks = 41]
2026-07-13 07:25:29 DEBUG:    EVENT NUM 578   current_time = 00:03:16   END_PICKING           [queue size = 96]
2026-07-13 07:25:29 DEBUG: Ended picking at workstation 2.    [picking_buffer len = {}]
2026-07-13 07:25:29 DEBUG: Task should have served orders {53}, found open orders {66, 7, 41, 53}.
2026-07-13 07:25:29 DEBUG: Task 40 completed: pod 395 returning to storage.
2026-07-13 07:25:29 DEBUG:    EVENT NUM 579   current_time = 00:03:16   CLOSE_ORDER           [queue size = 97]
2026-07-13 07:25:29 DEBUG: Order 53 closed at workstation 2: flow_time = 196.6 s.     [order_buffer = 2] [open_orders = 3/4]
2026-07-13 07:25:29 DEBUG: Next order in buffer: 46
2026-07-13 07:25:29 DEBUG:    EVENT NUM 580   current_time = 00:03:16   OPEN_ORDER            [queue size = 97]
2026-07-13 07:25:29 DEBUG: Order 46 (skus required = {11432, 8166}) opened at workstation 2.   [open_orders = 4/4]
2026-07-13 07:25:29 DEBUG:    EVENT NUM 581   current_time = 00:03:16   START_TASK            [queue size = 97]
2026-07-13 07:25:29 DEBUG: Task 50 blocked: no idle robots.
2026-07-13 07:25:29 DEBUG:    EVENT NUM 582   current_time = 00:03:16   END_PICKING           [queue size = 96]
2026-07-13 07:25:29 DEBUG: Ended picking at workstation 4.    [picking_buffer len = {}]
2026-07-13 07:25:29 DEBUG: Task should have served orders {34}, found open orders {34, 73, 23, 26}.
2026-07-13 07:25:29 DEBUG: Task 67 completed: pod 615 returning to storage.
2026-07-13 07:25:29 DEBUG:    EVENT NUM 583   current_time = 00:03:16   CLOSE_ORDER           [queue size = 97]
2026-07-13 07:25:29 DEBUG: Order 34 closed at workstation 4: flow_time = 196.9 s.     [order_buffer = 3] [open_orders = 3/4]
2026-07-13 07:25:29 DEBUG: Next order in buffer: 84
2026-07-13 07:25:29 DEBUG:    EVENT NUM 584   current_time = 00:03:16   OPEN_ORDER            [queue size = 97]
2026-07-13 07:25:29 DEBUG: Order 84 (skus required = {1748, 6693}) opened at workstation 4.   [open_orders = 4/4]
2026-07-13 07:25:29 DEBUG:    EVENT NUM 585   current_time = 00:03:16   START_TASK            [queue size = 97]
2026-07-13 07:25:29 DEBUG: Task 50 blocked: no idle robots.
2026-07-13 07:25:29 DEBUG:    EVENT NUM 586   current_time = 00:03:17   RELEASE_TASK          [queue size = 96]
2026-07-13 07:25:29 DEBUG: Task 104 released: pod 709 required by workstation(s) [6].  [released tasks = 42]
2026-07-13 07:25:29 DEBUG:    EVENT NUM 587   current_time = 00:03:17   END_PICKING           [queue size = 95]
2026-07-13 07:25:29 DEBUG: Ended picking at workstation 7.    [picking_buffer len = {}]
2026-07-13 07:25:29 DEBUG: Task should have served orders {29}, found open orders {3, 91, 60, 29}.
2026-07-13 07:25:29 DEBUG: Task 72 completed: pod 681 returning to storage.
2026-07-13 07:25:29 DEBUG:    EVENT NUM 588   current_time = 00:03:17   CLOSE_ORDER           [queue size = 96]
2026-07-13 07:25:29 DEBUG: Order 29 closed at workstation 7: flow_time = 197.5 s.     [order_buffer = 4] [open_orders = 3/4]
2026-07-13 07:25:29 DEBUG: Next order in buffer: 63
2026-07-13 07:25:29 DEBUG:    EVENT NUM 589   current_time = 00:03:17   OPEN_ORDER            [queue size = 96]
2026-07-13 07:25:29 DEBUG: Order 63 (skus required = {6096, 5766, 4543}) opened at workstation 7.   [open_orders = 4/4]
2026-07-13 07:25:29 DEBUG:    EVENT NUM 590   current_time = 00:03:17   START_TASK            [queue size = 96]
2026-07-13 07:25:29 DEBUG: Task 50 blocked: no idle robots.
2026-07-13 07:25:29 DEBUG:    EVENT NUM 591   current_time = 00:03:18   ARRIVAL_POD_WST       [queue size = 95]
2026-07-13 07:25:29 DEBUG: Pod 436 arrived at workstation 6 - status = IDLE
2026-07-13 07:25:29 DEBUG: Pod queued at workstation.    [picking_buffer = {71: 198.1962039889904}]
2026-07-13 07:25:29 DEBUG:    EVENT NUM 592   current_time = 00:03:18   START_PICKING         [queue size = 95]
2026-07-13 07:25:29 DEBUG: Processing task 71 at workstation 6: picking items {8896} for orders {95}
2026-07-13 07:25:29 DEBUG:    EVENT NUM 593   current_time = 00:03:19   RELEASE_TASK          [queue size = 95]
2026-07-13 07:25:29 DEBUG: Task 105 released: pod 137 required by workstation(s) [3].  [released tasks = 43]
2026-07-13 07:25:29 DEBUG:    EVENT NUM 594   current_time = 00:03:20   ARRIVAL_ORDER         [queue size = 94]
2026-07-13 07:25:29 DEBUG: Order 139 arrived: items_required = [4736].     [orders_in_system = 105]
2026-07-13 07:25:29 DEBUG:    EVENT NUM 595   current_time = 00:03:20   END_PICKING           [queue size = 94]
2026-07-13 07:25:29 DEBUG: Ended picking at workstation 0.    [picking_buffer len = {}]
2026-07-13 07:25:29 DEBUG: Task should have served orders {85}, found open orders {36, 72, 85, 89}.
2026-07-13 07:25:29 DEBUG: Task 34 completed: pod 368 returning to storage.
2026-07-13 07:25:29 DEBUG:    EVENT NUM 596   current_time = 00:03:20   CLOSE_ORDER           [queue size = 95]
2026-07-13 07:25:29 DEBUG: Order 85 closed at workstation 0: flow_time = 200.7 s.     [order_buffer = 4] [open_orders = 3/4]
2026-07-13 07:25:29 DEBUG: Next order in buffer: 13
2026-07-13 07:25:29 DEBUG:    EVENT NUM 597   current_time = 00:03:20   OPEN_ORDER            [queue size = 95]
2026-07-13 07:25:29 DEBUG: Order 13 (skus required = {6889, 8132, 11509}) opened at workstation 0.   [open_orders = 4/4]
2026-07-13 07:25:29 DEBUG:    EVENT NUM 598   current_time = 00:03:20   START_TASK            [queue size = 95]
2026-07-13 07:25:29 DEBUG: Task 50 blocked: no idle robots.
2026-07-13 07:25:29 DEBUG:    EVENT NUM 599   current_time = 00:03:21   RELEASE_TASK          [queue size = 94]
2026-07-13 07:25:29 DEBUG: Task 106 released: pod 488 required by workstation(s) [5].  [released tasks = 44]
2026-07-13 07:25:29 DEBUG:    EVENT NUM 600   current_time = 00:03:22   RELEASE_TASK          [queue size = 93]
2026-07-13 07:25:29 DEBUG: Task 107 released: pod 193 required by workstation(s) [3].  [released tasks = 45]
2026-07-13 07:25:29 DEBUG:    EVENT NUM 601   current_time = 00:03:23   END_PICKING           [queue size = 92]
2026-07-13 07:25:29 DEBUG: Ended picking at workstation 1.    [picking_buffer len = {44: 194.14750073821614}]
2026-07-13 07:25:29 DEBUG: Task should have served orders {80}, found open orders {2, 4, 77, 80}.
2026-07-13 07:25:29 DEBUG: Task 33 completed: pod 251 returning to storage.
2026-07-13 07:25:29 DEBUG:    EVENT NUM 602   current_time = 00:03:23   CLOSE_ORDER           [queue size = 94]
2026-07-13 07:25:29 DEBUG: Order 80 closed at workstation 1: flow_time = 203.2 s.     [order_buffer = 3] [open_orders = 3/4]
2026-07-13 07:25:29 DEBUG: Next order in buffer: 35
2026-07-13 07:25:29 DEBUG:    EVENT NUM 603   current_time = 00:03:23   START_PICKING         [queue size = 94]
2026-07-13 07:25:29 DEBUG: Processing task 44 at workstation 1: picking items {5161} for orders {4}
2026-07-13 07:25:29 DEBUG:    EVENT NUM 604   current_time = 00:03:23   OPEN_ORDER            [queue size = 94]
2026-07-13 07:25:29 DEBUG: Order 35 (skus required = {6520}) opened at workstation 1.   [open_orders = 4/4]
2026-07-13 07:25:29 DEBUG:    EVENT NUM 605   current_time = 00:03:23   START_TASK            [queue size = 94]
2026-07-13 07:25:29 DEBUG: Task 50 blocked: no idle robots.
2026-07-13 07:25:29 DEBUG:    EVENT NUM 606   current_time = 00:03:24   RELEASE_TASK          [queue size = 93]
2026-07-13 07:25:29 DEBUG: Task 108 released: pod 125 required by workstation(s) [4].  [released tasks = 46]
2026-07-13 07:25:29 DEBUG:    EVENT NUM 607   current_time = 00:03:25   ARRIVAL_ORDER         [queue size = 92]
2026-07-13 07:25:29 DEBUG: Order 140 arrived: items_required = [6473, 2813, 5395].     [orders_in_system = 104]
2026-07-13 07:25:29 DEBUG:    EVENT NUM 608   current_time = 00:03:26   RELEASE_TASK          [queue size = 92]
2026-07-13 07:25:29 DEBUG: Task 109 released: pod 53 required by workstation(s) [5, 5].  [released tasks = 47]
2026-07-13 07:25:29 DEBUG:    EVENT NUM 609   current_time = 00:03:27   RETURN_POD            [queue size = 91]
2026-07-13 07:25:29 DEBUG: Pod 841 returned. Robot 27 idle.   [idle robots = 1/40, released tasks = 47]
2026-07-13 07:25:29 DEBUG:    EVENT NUM 610   current_time = 00:03:27   START_TASK            [queue size = 91]
2026-07-13 07:25:29 DEBUG: Task 50 started: robot 27 → pod 516 → workstation 0 for orders {36} (arrival = 282.0 s).   [idle robots = 0/40]
2026-07-13 07:25:29 DEBUG:    EVENT NUM 611   current_time = 00:03:28   END_PICKING           [queue size = 91]
2026-07-13 07:25:29 DEBUG: Ended picking at workstation 6.    [picking_buffer len = {}]
2026-07-13 07:25:29 DEBUG: Task should have served orders {95}, found open orders {39, 81, 18, 95}.
2026-07-13 07:25:29 DEBUG: Task 71 completed: pod 436 returning to storage.
2026-07-13 07:25:29 DEBUG:    EVENT NUM 612   current_time = 00:03:28   CLOSE_ORDER           [queue size = 92]
2026-07-13 07:25:29 DEBUG: Order 95 closed at workstation 6: flow_time = 208.2 s.     [order_buffer = 4] [open_orders = 3/4]
2026-07-13 07:25:29 DEBUG: Next order in buffer: 22
2026-07-13 07:25:29 DEBUG:    EVENT NUM 613   current_time = 00:03:28   OPEN_ORDER            [queue size = 92]
2026-07-13 07:25:29 DEBUG: Order 22 (skus required = {3816, 6769, 7092}) opened at workstation 6.   [open_orders = 4/4]
2026-07-13 07:25:29 DEBUG:    EVENT NUM 614   current_time = 00:03:28   START_TASK            [queue size = 92]
2026-07-13 07:25:29 DEBUG: Task 52 blocked: no idle robots.
2026-07-13 07:25:29 DEBUG:    EVENT NUM 615   current_time = 00:03:28   RELEASE_TASK          [queue size = 91]
2026-07-13 07:25:29 DEBUG: Task 110 released: pod 57 required by workstation(s) [3].  [released tasks = 47]
2026-07-13 07:25:29 DEBUG:    EVENT NUM 616   current_time = 00:03:29   ARRIVAL_POD_WST       [queue size = 90]
2026-07-13 07:25:29 DEBUG: Pod 133 arrived at workstation 2 - status = IDLE
2026-07-13 07:25:29 DEBUG: Pod queued at workstation.    [picking_buffer = {64: 209.80418577421239}]
2026-07-13 07:25:29 DEBUG:    EVENT NUM 617   current_time = 00:03:29   START_PICKING         [queue size = 90]
2026-07-13 07:25:29 DEBUG: Processing task 64 at workstation 2: picking items {7792} for orders {7}
2026-07-13 07:25:29 DEBUG:    EVENT NUM 618   current_time = 00:03:30   ARRIVAL_ORDER         [queue size = 90]
2026-07-13 07:25:29 DEBUG: Order 141 arrived: items_required = [11921, 5731, 6360, 10392].     [orders_in_system = 104]
2026-07-13 07:25:29 DEBUG:    EVENT NUM 619   current_time = 00:03:30   RELEASE_TASK          [queue size = 90]
2026-07-13 07:25:29 DEBUG: Task 111 released: pod 227 required by workstation(s) [4].  [released tasks = 48]
2026-07-13 07:25:29 DEBUG:    EVENT NUM 620   current_time = 00:03:30   RETURN_POD            [queue size = 89]
2026-07-13 07:25:29 DEBUG: Pod 289 returned. Robot 23 idle.   [idle robots = 1/40, released tasks = 48]
2026-07-13 07:25:29 DEBUG:    EVENT NUM 621   current_time = 00:03:30   START_TASK            [queue size = 89]
2026-07-13 07:25:29 DEBUG: Task 52 started: robot 23 → pod 544 → workstation 0 for orders {36} (arrival = 293.1 s).   [idle robots = 0/40]
2026-07-13 07:25:29 DEBUG:    EVENT NUM 622   current_time = 00:03:32   RELEASE_TASK          [queue size = 89]
2026-07-13 07:25:29 DEBUG: Task 112 released: pod 387 required by workstation(s) [6].  [released tasks = 48]
2026-07-13 07:25:29 DEBUG:    EVENT NUM 623   current_time = 00:03:33   END_PICKING           [queue size = 88]
2026-07-13 07:25:29 DEBUG: Ended picking at workstation 1.    [picking_buffer len = {}]
2026-07-13 07:25:29 DEBUG: Task should have served orders {4}, found open orders {2, 35, 4, 77}.
2026-07-13 07:25:29 DEBUG: Task 44 completed: pod 69 returning to storage.
2026-07-13 07:25:29 DEBUG:    EVENT NUM 624   current_time = 00:03:33   CLOSE_ORDER           [queue size = 89]
2026-07-13 07:25:29 DEBUG: Order 4 closed at workstation 1: flow_time = 213.2 s.     [order_buffer = 2] [open_orders = 3/4]
2026-07-13 07:25:29 DEBUG: Next order in buffer: 82
2026-07-13 07:25:29 DEBUG:    EVENT NUM 625   current_time = 00:03:33   OPEN_ORDER            [queue size = 89]
2026-07-13 07:25:29 DEBUG: Order 82 (skus required = {5691}) opened at workstation 1.   [open_orders = 4/4]
2026-07-13 07:25:29 DEBUG:    EVENT NUM 626   current_time = 00:03:33   START_TASK            [queue size = 89]
2026-07-13 07:25:29 DEBUG: Task 54 blocked: no idle robots.
2026-07-13 07:25:29 DEBUG:    EVENT NUM 627   current_time = 00:03:34   RELEASE_TASK          [queue size = 88]
2026-07-13 07:25:29 DEBUG: Task 113 released: pod 779 required by workstation(s) [3].  [released tasks = 49]
2026-07-13 07:25:29 DEBUG:    EVENT NUM 628   current_time = 00:03:35   ARRIVAL_ORDER         [queue size = 87]
2026-07-13 07:25:29 DEBUG: Order 142 arrived: items_required = [1992, 2893].     [orders_in_system = 104]
2026-07-13 07:25:29 DEBUG:    EVENT NUM 629   current_time = 00:03:35   RETURN_POD            [queue size = 87]
2026-07-13 07:25:29 DEBUG: Pod 435 returned. Robot 21 idle.   [idle robots = 1/40, released tasks = 49]
2026-07-13 07:25:29 DEBUG:    EVENT NUM 630   current_time = 00:03:35   START_TASK            [queue size = 87]
2026-07-13 07:25:29 DEBUG: Task 54 started: robot 21 → pod 754 → workstation 0 for orders {61} (arrival = 274.2 s).   [idle robots = 0/40]
2026-07-13 07:25:29 DEBUG:    EVENT NUM 631   current_time = 00:03:36   RELEASE_TASK          [queue size = 87]
2026-07-13 07:25:29 DEBUG: Task 114 released: pod 870 required by workstation(s) [5].  [released tasks = 49]
2026-07-13 07:25:29 DEBUG:    EVENT NUM 632   current_time = 00:03:37   RELEASE_TASK          [queue size = 86]
2026-07-13 07:25:29 DEBUG: Task 115 released: pod 107 required by workstation(s) [5].  [released tasks = 50]
2026-07-13 07:25:29 DEBUG:    EVENT NUM 633   current_time = 00:03:39   END_PICKING           [queue size = 85]
2026-07-13 07:25:29 DEBUG: Ended picking at workstation 2.    [picking_buffer len = {}]
2026-07-13 07:25:29 DEBUG: Task should have served orders {7}, found open orders {66, 7, 41, 46}.
2026-07-13 07:25:29 DEBUG: Task 64 completed: pod 133 returning to storage.
2026-07-13 07:25:29 DEBUG:    EVENT NUM 634   current_time = 00:03:39   CLOSE_ORDER           [queue size = 86]
2026-07-13 07:25:29 DEBUG: Order 7 closed at workstation 2: flow_time = 219.8 s.     [order_buffer = 1] [open_orders = 3/4]
2026-07-13 07:25:29 DEBUG: Next order in buffer: 54
2026-07-13 07:25:29 DEBUG:    EVENT NUM 635   current_time = 00:03:39   OPEN_ORDER            [queue size = 86]
2026-07-13 07:25:29 DEBUG: Order 54 (skus required = {11082, 8574}) opened at workstation 2.   [open_orders = 4/4]
2026-07-13 07:25:29 DEBUG:    EVENT NUM 636   current_time = 00:03:39   START_TASK            [queue size = 86]
2026-07-13 07:25:29 DEBUG: Task 58 blocked: no idle robots.
2026-07-13 07:25:29 DEBUG:    EVENT NUM 637   current_time = 00:03:39   RELEASE_TASK          [queue size = 85]
2026-07-13 07:25:29 DEBUG: Task 116 released: pod 842 required by workstation(s) [3].  [released tasks = 51]
2026-07-13 07:25:29 DEBUG:    EVENT NUM 638   current_time = 00:03:40   ARRIVAL_ORDER         [queue size = 84]
2026-07-13 07:25:29 DEBUG: Order 143 arrived: items_required = [6979].     [orders_in_system = 104]
2026-07-13 07:25:29 DEBUG:    EVENT NUM 639   current_time = 00:03:41   RELEASE_TASK          [queue size = 84]
2026-07-13 07:25:29 DEBUG: Task 117 released: pod 601 required by workstation(s) [6].  [released tasks = 52]
2026-07-13 07:25:29 DEBUG:    EVENT NUM 640   current_time = 00:03:41   RETURN_POD            [queue size = 83]
2026-07-13 07:25:29 DEBUG: Pod 801 returned. Robot 31 idle.   [idle robots = 1/40, released tasks = 52]
2026-07-13 07:25:29 DEBUG:    EVENT NUM 641   current_time = 00:03:41   START_TASK            [queue size = 83]
2026-07-13 07:25:29 DEBUG: Task 58 started: robot 31 → pod 252 → workstation 2 for orders {46} (arrival = 294.6 s).   [idle robots = 0/40]
2026-07-13 07:25:29 DEBUG:    EVENT NUM 642   current_time = 00:03:42   ARRIVAL_POD_WST       [queue size = 83]
2026-07-13 07:25:29 DEBUG: Pod 385 arrived at workstation 8 - status = IDLE
2026-07-13 07:25:29 DEBUG: Pod queued at workstation.    [picking_buffer = {56: 222.5409493612044}]
2026-07-13 07:25:29 DEBUG:    EVENT NUM 643   current_time = 00:03:42   START_PICKING         [queue size = 83]
2026-07-13 07:25:29 DEBUG: Processing task 56 at workstation 8: picking items {853} for orders {16}
2026-07-13 07:25:29 DEBUG:    EVENT NUM 644   current_time = 00:03:42   ARRIVAL_POD_WST       [queue size = 83]
2026-07-13 07:25:29 DEBUG: Pod 668 arrived at workstation 2 - status = IDLE
2026-07-13 07:25:29 DEBUG: Pod queued at workstation.    [picking_buffer = {55: 222.77290657968854}]
2026-07-13 07:25:29 DEBUG:    EVENT NUM 645   current_time = 00:03:42   START_PICKING         [queue size = 83]
2026-07-13 07:25:29 DEBUG: Processing task 55 at workstation 2: picking items {8166} for orders {46}
2026-07-13 07:25:29 DEBUG:    EVENT NUM 646   current_time = 00:03:43   RETURN_POD            [queue size = 83]
2026-07-13 07:25:29 DEBUG: Pod 616 returned. Robot 5 idle.   [idle robots = 1/40, released tasks = 51]
2026-07-13 07:25:29 DEBUG:    EVENT NUM 647   current_time = 00:03:43   START_TASK            [queue size = 83]
2026-07-13 07:25:29 DEBUG: Task 60 started: robot 5 → pod 108 → workstation 0 for orders {13} (arrival = 358.8 s).   [idle robots = 0/40]
2026-07-13 07:25:29 DEBUG:    EVENT NUM 648   current_time = 00:03:43   RELEASE_TASK          [queue size = 83]
2026-07-13 07:25:29 DEBUG: Task 118 released: pod 860 required by workstation(s) [5].  [released tasks = 51]
2026-07-13 07:25:29 DEBUG:    EVENT NUM 649   current_time = 00:03:45   ARRIVAL_ORDER         [queue size = 82]
2026-07-13 07:25:29 DEBUG: Order 144 arrived: items_required = [169, 8215].     [orders_in_system = 105]
2026-07-13 07:25:29 DEBUG:    EVENT NUM 650   current_time = 00:03:45   RELEASE_TASK          [queue size = 82]
2026-07-13 07:25:29 DEBUG: Task 119 released: pod 353 required by workstation(s) [5].  [released tasks = 52]
2026-07-13 07:25:29 DEBUG:    EVENT NUM 651   current_time = 00:03:47   RELEASE_TASK          [queue size = 81]
2026-07-13 07:25:29 DEBUG: Task 120 released: pod 406 required by workstation(s) [6].  [released tasks = 53]
2026-07-13 07:25:29 DEBUG:    EVENT NUM 652   current_time = 00:03:49   RELEASE_TASK          [queue size = 80]
2026-07-13 07:25:29 DEBUG: Task 121 released: pod 111 required by workstation(s) [5, 5].  [released tasks = 54]
2026-07-13 07:25:29 DEBUG:    EVENT NUM 653   current_time = 00:03:49   RETURN_POD            [queue size = 79]
2026-07-13 07:25:29 DEBUG: Pod 284 returned. Robot 6 idle.   [idle robots = 1/40, released tasks = 54]
2026-07-13 07:25:29 DEBUG:    EVENT NUM 654   current_time = 00:03:49   START_TASK            [queue size = 79]
2026-07-13 07:25:29 DEBUG: Task 61 blocked: no orders in {0: [98]} is open yet.  [released tasks = 53]
2026-07-13 07:25:29 DEBUG: Task 62 started: robot 6 → pod 365 → workstation 1 for orders {77} (arrival = 331.6 s).   [idle robots = 0/40]
2026-07-13 07:25:29 DEBUG:    EVENT NUM 655   current_time = 00:03:50   ARRIVAL_ORDER         [queue size = 79]
2026-07-13 07:25:29 DEBUG: Order 145 arrived: items_required = [5246, 4850].     [orders_in_system = 106]
2026-07-13 07:25:29 DEBUG:    EVENT NUM 656   current_time = 00:03:50   ARRIVAL_POD_WST       [queue size = 79]
2026-07-13 07:25:29 DEBUG: Pod 871 arrived at workstation 3 - status = IDLE
2026-07-13 07:25:29 DEBUG: Pod queued at workstation.    [picking_buffer = {57: 230.94265374749438}]
2026-07-13 07:25:29 DEBUG:    EVENT NUM 657   current_time = 00:03:50   START_PICKING         [queue size = 79]
2026-07-13 07:25:29 DEBUG: Processing task 57 at workstation 3: picking items {1193} for orders {99}
2026-07-13 07:25:29 DEBUG:    EVENT NUM 658   current_time = 00:03:51   RETURN_POD            [queue size = 79]
2026-07-13 07:25:29 DEBUG: Pod 707 returned. Robot 34 idle.   [idle robots = 1/40, released tasks = 53]
2026-07-13 07:25:29 DEBUG:    EVENT NUM 659   current_time = 00:03:51   START_TASK            [queue size = 79]
2026-07-13 07:25:29 DEBUG: Task 61 blocked: no orders in {0: [98]} is open yet.  [released tasks = 52]
2026-07-13 07:25:29 DEBUG: Task 63 blocked: no orders in {0: [40]} is open yet.  [released tasks = 51]
2026-07-13 07:25:29 DEBUG: Task 65 started: robot 34 → pod 154 → workstation 1 for orders {25} (arrival = 372.9 s).   [idle robots = 0/40]
2026-07-13 07:25:29 DEBUG:    EVENT NUM 660   current_time = 00:03:51   RELEASE_TASK          [queue size = 79]
2026-07-13 07:25:29 DEBUG: Task 122 released: pod 811 required by workstation(s) [6].  [released tasks = 53]
2026-07-13 07:25:29 DEBUG:    EVENT NUM 661   current_time = 00:03:52   ARRIVAL_POD_WST       [queue size = 78]
2026-07-13 07:25:29 DEBUG: Pod 460 arrived at workstation 2 - status = BUSY
2026-07-13 07:25:29 DEBUG: Pod queued at workstation.    [picking_buffer = {47: 232.51332099762186}]
2026-07-13 07:25:29 DEBUG:    EVENT NUM 662   current_time = 00:03:52   END_PICKING           [queue size = 77]
2026-07-13 07:25:29 DEBUG: Ended picking at workstation 8.    [picking_buffer len = {}]
2026-07-13 07:25:29 DEBUG: Task should have served orders {16}, found open orders {32, 37, 16, 30}.
2026-07-13 07:25:29 DEBUG: Task 56 completed: pod 385 returning to storage.
2026-07-13 07:25:29 DEBUG:    EVENT NUM 663   current_time = 00:03:52   CLOSE_ORDER           [queue size = 78]
2026-07-13 07:25:29 DEBUG: Order 16 closed at workstation 8: flow_time = 232.5 s.     [order_buffer = 7] [open_orders = 3/4]
2026-07-13 07:25:29 DEBUG: Next order in buffer: 93
2026-07-13 07:25:29 DEBUG:    EVENT NUM 664   current_time = 00:03:52   OPEN_ORDER            [queue size = 78]
2026-07-13 07:25:29 DEBUG: Order 93 (skus required = {6496}) opened at workstation 8.   [open_orders = 4/4]
2026-07-13 07:25:29 DEBUG:    EVENT NUM 665   current_time = 00:03:52   START_TASK            [queue size = 78]
2026-07-13 07:25:29 DEBUG: Task 61 blocked: no orders in {0: [98]} is open yet.  [released tasks = 52]
2026-07-13 07:25:29 DEBUG: Task 63 blocked: no orders in {0: [40]} is open yet.  [released tasks = 51]
2026-07-13 07:25:29 DEBUG: Task 68 blocked: no orders in {0: [40]} is open yet.  [released tasks = 50]
2026-07-13 07:25:29 DEBUG: Task 69 blocked: no idle robots.
2026-07-13 07:25:29 DEBUG:    EVENT NUM 666   current_time = 00:03:52   END_PICKING           [queue size = 77]
2026-07-13 07:25:29 DEBUG: Ended picking at workstation 2.    [picking_buffer len = {47: 232.51332099762186}]
2026-07-13 07:25:29 DEBUG: Task should have served orders {46}, found open orders {66, 41, 46, 54}.
2026-07-13 07:25:29 DEBUG: Task 55 completed: pod 668 returning to storage.
2026-07-13 07:25:29 DEBUG:    EVENT NUM 667   current_time = 00:03:52   START_PICKING         [queue size = 78]
2026-07-13 07:25:29 DEBUG: Processing task 47 at workstation 2: picking items {4921} for orders {66}
2026-07-13 07:25:29 DEBUG:    EVENT NUM 668   current_time = 00:03:53   RELEASE_TASK          [queue size = 78]
2026-07-13 07:25:29 DEBUG: Task 123 released: pod 837 required by workstation(s) [5].  [released tasks = 54]
2026-07-13 07:25:29 DEBUG:    EVENT NUM 669   current_time = 00:03:54   RELEASE_TASK          [queue size = 77]
2026-07-13 07:25:29 DEBUG: Task 124 released: pod 572 required by workstation(s) [6].  [released tasks = 55]
2026-07-13 07:25:29 DEBUG:    EVENT NUM 670   current_time = 00:03:55   ARRIVAL_ORDER         [queue size = 76]
2026-07-13 07:25:29 DEBUG: Order 146 arrived: items_required = [11911].     [orders_in_system = 106]
2026-07-13 07:25:29 DEBUG:    EVENT NUM 671   current_time = 00:03:56   RELEASE_TASK          [queue size = 76]
2026-07-13 07:25:29 DEBUG: Task 125 released: pod 888 required by workstation(s) [5].  [released tasks = 56]
2026-07-13 07:25:29 DEBUG:    EVENT NUM 672   current_time = 00:03:57   RETURN_POD            [queue size = 75]
2026-07-13 07:25:29 DEBUG: Pod 163 returned. Robot 19 idle.   [idle robots = 1/40, released tasks = 56]
2026-07-13 07:25:29 DEBUG:    EVENT NUM 673   current_time = 00:03:57   START_TASK            [queue size = 75]
2026-07-13 07:25:29 DEBUG: Task 61 blocked: no orders in {0: [98]} is open yet.  [released tasks = 55]
2026-07-13 07:25:29 DEBUG: Task 63 blocked: no orders in {0: [40]} is open yet.  [released tasks = 54]
2026-07-13 07:25:29 DEBUG: Task 68 blocked: no orders in {0: [40]} is open yet.  [released tasks = 53]
2026-07-13 07:25:29 DEBUG: Task 69 started: robot 19 → pod 171 → workstation 1 for orders {77} (arrival = 394.7 s).   [idle robots = 0/40]
2026-07-13 07:25:29 DEBUG:    EVENT NUM 674   current_time = 00:03:58   RELEASE_TASK          [queue size = 75]
2026-07-13 07:25:29 DEBUG: Task 126 released: pod 236 required by workstation(s) [6].  [released tasks = 56]
2026-07-13 07:25:29 DEBUG:    EVENT NUM 675   current_time = 00:03:58   RETURN_POD            [queue size = 74]
2026-07-13 07:25:29 DEBUG: Pod 546 returned. Robot 16 idle.   [idle robots = 1/40, released tasks = 56]
2026-07-13 07:25:29 DEBUG:    EVENT NUM 676   current_time = 00:03:58   START_TASK            [queue size = 74]
2026-07-13 07:25:29 DEBUG: Task 61 blocked: no orders in {0: [98]} is open yet.  [released tasks = 55]
2026-07-13 07:25:29 DEBUG: Task 63 blocked: no orders in {0: [40]} is open yet.  [released tasks = 54]
2026-07-13 07:25:29 DEBUG: Task 68 blocked: no orders in {0: [40]} is open yet.  [released tasks = 53]
2026-07-13 07:25:29 DEBUG: Task 70 started: robot 16 → pod 401 → workstation 0 for orders {89} (arrival = 304.7 s).   [idle robots = 0/40]
2026-07-13 07:25:29 DEBUG:    EVENT NUM 677   current_time = 00:04:00   ARRIVAL_ORDER         [queue size = 74]
2026-07-13 07:25:29 DEBUG: Order 147 arrived: items_required = [6674].     [orders_in_system = 107]
2026-07-13 07:25:29 DEBUG:    EVENT NUM 678   current_time = 00:04:00   RELEASE_TASK          [queue size = 74]
2026-07-13 07:25:29 DEBUG: Task 127 released: pod 21 required by workstation(s) [7, 7].  [released tasks = 56]
2026-07-13 07:25:29 DEBUG:    EVENT NUM 679   current_time = 00:04:00   END_PICKING           [queue size = 73]
2026-07-13 07:25:29 DEBUG: Ended picking at workstation 3.    [picking_buffer len = {}]
2026-07-13 07:25:29 DEBUG: Task should have served orders {99}, found open orders {1, 99, 14, 62}.
2026-07-13 07:25:29 DEBUG: Task 57 completed: pod 871 returning to storage.
2026-07-13 07:25:29 DEBUG:    EVENT NUM 680   current_time = 00:04:02   RELEASE_TASK          [queue size = 73]
2026-07-13 07:25:29 DEBUG: Task 128 released: pod 285 required by workstation(s) [5].  [released tasks = 57]
2026-07-13 07:25:29 DEBUG:    EVENT NUM 681   current_time = 00:04:02   END_PICKING           [queue size = 72]
2026-07-13 07:25:29 DEBUG: Ended picking at workstation 2.    [picking_buffer len = {}]
2026-07-13 07:25:29 DEBUG: Task should have served orders {66}, found open orders {66, 41, 46, 54}.
2026-07-13 07:25:29 DEBUG: Task 47 completed: pod 460 returning to storage.
2026-07-13 07:25:29 DEBUG:    EVENT NUM 682   current_time = 00:04:02   ARRIVAL_POD_WST       [queue size = 72]
2026-07-13 07:25:29 DEBUG: Pod 739 arrived at workstation 1 - status = IDLE
2026-07-13 07:25:29 DEBUG: Pod queued at workstation.    [picking_buffer = {35: 242.92386977461922}]
2026-07-13 07:25:29 DEBUG:    EVENT NUM 683   current_time = 00:04:02   START_PICKING         [queue size = 72]
2026-07-13 07:25:29 DEBUG: Processing task 35 at workstation 1: picking items {3630} for orders {2}
2026-07-13 07:25:29 DEBUG:    EVENT NUM 684   current_time = 00:04:03   RETURN_POD            [queue size = 72]
2026-07-13 07:25:29 DEBUG: Pod 615 returned. Robot 1 idle.   [idle robots = 1/40, released tasks = 57]
2026-07-13 07:25:29 DEBUG:    EVENT NUM 685   current_time = 00:04:03   START_TASK            [queue size = 72]
2026-07-13 07:25:29 DEBUG: Task 61 blocked: no orders in {0: [98]} is open yet.  [released tasks = 56]
2026-07-13 07:25:29 DEBUG: Task 63 blocked: no orders in {0: [40]} is open yet.  [released tasks = 55]
2026-07-13 07:25:29 DEBUG: Task 68 blocked: no orders in {0: [40]} is open yet.  [released tasks = 54]
2026-07-13 07:25:29 DEBUG: Task 75 started: robot 1 → pod 598 → workstation 8 for orders {37} (arrival = 342.4 s).   [idle robots = 0/40]
2026-07-13 07:25:29 DEBUG:    EVENT NUM 686   current_time = 00:04:03   ARRIVAL_POD_WST       [queue size = 72]
2026-07-13 07:25:29 DEBUG: Pod 275 arrived at workstation 0 - status = IDLE
2026-07-13 07:25:29 DEBUG: Pod queued at workstation.    [picking_buffer = {45: 243.5334230152339}]
2026-07-13 07:25:29 DEBUG:    EVENT NUM 687   current_time = 00:04:03   START_PICKING         [queue size = 72]
2026-07-13 07:25:29 DEBUG: Processing task 45 at workstation 0: picking items {476} for orders {72}
2026-07-13 07:25:29 DEBUG:    EVENT NUM 688   current_time = 00:04:04   RELEASE_TASK          [queue size = 72]
2026-07-13 07:25:29 DEBUG: Task 129 released: pod 866 required by workstation(s) [6].  [released tasks = 57]
2026-07-13 07:25:29 DEBUG:    EVENT NUM 689   current_time = 00:04:05   ARRIVAL_ORDER         [queue size = 71]
2026-07-13 07:25:29 DEBUG: Order 148 arrived: items_required = [7255, 9199].     [orders_in_system = 108]
2026-07-13 07:25:29 DEBUG:    EVENT NUM 690   current_time = 00:04:06   RELEASE_TASK          [queue size = 71]
2026-07-13 07:25:29 DEBUG: Task 130 released: pod 115 required by workstation(s) [5].  [released tasks = 58]
2026-07-13 07:25:29 DEBUG:    EVENT NUM 691   current_time = 00:04:08   RELEASE_TASK          [queue size = 70]
2026-07-13 07:25:29 DEBUG: Task 131 released: pod 596 required by workstation(s) [6].  [released tasks = 59]
2026-07-13 07:25:29 DEBUG:    EVENT NUM 692   current_time = 00:04:08   RETURN_POD            [queue size = 69]
2026-07-13 07:25:29 DEBUG: Pod 635 returned. Robot 9 idle.   [idle robots = 1/40, released tasks = 59]
2026-07-13 07:25:29 DEBUG:    EVENT NUM 693   current_time = 00:04:08   START_TASK            [queue size = 69]
2026-07-13 07:25:29 DEBUG: Task 61 blocked: no orders in {0: [98]} is open yet.  [released tasks = 58]
2026-07-13 07:25:29 DEBUG: Task 63 blocked: no orders in {0: [40]} is open yet.  [released tasks = 57]
2026-07-13 07:25:29 DEBUG: Task 68 blocked: no orders in {0: [40]} is open yet.  [released tasks = 56]
2026-07-13 07:25:29 DEBUG: Task 76 started: robot 9 → pod 476 → workstation 8 for orders {30} (arrival = 347.6 s).   [idle robots = 0/40]
2026-07-13 07:25:29 DEBUG:    EVENT NUM 694   current_time = 00:04:10   ARRIVAL_ORDER         [queue size = 69]
2026-07-13 07:25:29 DEBUG: Order 149 arrived: items_required = [10836].     [orders_in_system = 109]
2026-07-13 07:25:29 DEBUG:    EVENT NUM 695   current_time = 00:04:10   RELEASE_TASK          [queue size = 69]
2026-07-13 07:25:29 DEBUG: Task 132 released: pod 625 required by workstation(s) [7].  [released tasks = 59]
2026-07-13 07:25:29 DEBUG:    EVENT NUM 696   current_time = 00:04:10   RETURN_POD            [queue size = 68]
2026-07-13 07:25:29 DEBUG: Pod 862 returned. Robot 18 idle.   [idle robots = 1/40, released tasks = 59]
2026-07-13 07:25:29 DEBUG:    EVENT NUM 697   current_time = 00:04:10   START_TASK            [queue size = 68]
2026-07-13 07:25:29 DEBUG: Task 61 blocked: no orders in {0: [98]} is open yet.  [released tasks = 58]
2026-07-13 07:25:29 DEBUG: Task 63 blocked: no orders in {0: [40]} is open yet.  [released tasks = 57]
2026-07-13 07:25:29 DEBUG: Task 68 blocked: no orders in {0: [40]} is open yet.  [released tasks = 56]
2026-07-13 07:25:29 DEBUG: Task 77 started: robot 18 → pod 380 → workstation 8 for orders {32} (arrival = 325.6 s).   [idle robots = 0/40]
2026-07-13 07:25:29 DEBUG:    EVENT NUM 698   current_time = 00:04:10   ARRIVAL_POD_WST       [queue size = 68]
2026-07-13 07:25:29 DEBUG: Pod 96 arrived at workstation 4 - status = IDLE
2026-07-13 07:25:29 DEBUG: Pod queued at workstation.    [picking_buffer = {59: 250.50351878542978}]
2026-07-13 07:25:29 DEBUG:    EVENT NUM 699   current_time = 00:04:10   START_PICKING         [queue size = 68]
2026-07-13 07:25:29 DEBUG: Processing task 59 at workstation 4: picking items {9578} for orders {26}
2026-07-13 07:25:29 DEBUG:    EVENT NUM 700   current_time = 00:04:11   RELEASE_TASK          [queue size = 68]
2026-07-13 07:25:29 DEBUG: Task 133 released: pod 808 required by workstation(s) [6].  [released tasks = 59]
2026-07-13 07:25:29 DEBUG:    EVENT NUM 701   current_time = 00:04:12   RETURN_POD            [queue size = 67]
2026-07-13 07:25:29 DEBUG: Pod 681 returned. Robot 2 idle.   [idle robots = 1/40, released tasks = 59]
2026-07-13 07:25:29 DEBUG:    EVENT NUM 702   current_time = 00:04:12   START_TASK            [queue size = 67]
2026-07-13 07:25:29 DEBUG: Task 61 blocked: no orders in {0: [98]} is open yet.  [released tasks = 58]
2026-07-13 07:25:29 DEBUG: Task 63 blocked: no orders in {0: [40]} is open yet.  [released tasks = 57]
2026-07-13 07:25:29 DEBUG: Task 68 blocked: no orders in {0: [40]} is open yet.  [released tasks = 56]
2026-07-13 07:25:29 DEBUG: Task 78 started: robot 2 → pod 462 → workstation 4 for orders {23} (arrival = 314.4 s).   [idle robots = 0/40]
2026-07-13 07:25:29 DEBUG:    EVENT NUM 703   current_time = 00:04:12   END_PICKING           [queue size = 67]
2026-07-13 07:25:29 DEBUG: Ended picking at workstation 1.    [picking_buffer len = {}]
2026-07-13 07:25:29 DEBUG: Task should have served orders {2}, found open orders {2, 35, 77, 82}.
2026-07-13 07:25:29 DEBUG: Task 35 heading to workstation 1.
2026-07-13 07:25:29 DEBUG:    EVENT NUM 704   current_time = 00:04:12   CLOSE_ORDER           [queue size = 68]
2026-07-13 07:25:29 DEBUG: Order 2 closed at workstation 1: flow_time = 252.9 s.     [order_buffer = 1] [open_orders = 3/4]
2026-07-13 07:25:29 DEBUG: Next order in buffer: 25
2026-07-13 07:25:29 DEBUG:    EVENT NUM 705   current_time = 00:04:12   ARRIVAL_POD_WST       [queue size = 68]
2026-07-13 07:25:29 DEBUG: Pod 739 arrived at workstation 1 - status = IDLE
2026-07-13 07:25:29 DEBUG: Pod queued at workstation.    [picking_buffer = {35: 252.92386977461922}]
2026-07-13 07:25:29 DEBUG:    EVENT NUM 706   current_time = 00:04:12   OPEN_ORDER            [queue size = 68]
2026-07-13 07:25:29 DEBUG: Order 25 (skus required = {5716}) opened at workstation 1.   [open_orders = 4/4]
2026-07-13 07:25:29 DEBUG:    EVENT NUM 707   current_time = 00:04:12   START_PICKING         [queue size = 69]
2026-07-13 07:25:29 DEBUG: Processing task 35 at workstation 1: picking items {5851} for orders {77}
2026-07-13 07:25:29 DEBUG:    EVENT NUM 708   current_time = 00:04:12   START_TASK            [queue size = 69]
2026-07-13 07:25:29 DEBUG: Task 61 blocked: no orders in {0: [98]} is open yet.  [released tasks = 57]
2026-07-13 07:25:29 DEBUG: Task 63 blocked: no orders in {0: [40]} is open yet.  [released tasks = 56]
2026-07-13 07:25:29 DEBUG: Task 68 blocked: no orders in {0: [40]} is open yet.  [released tasks = 55]
2026-07-13 07:25:29 DEBUG: Task 79 blocked: no idle robots.
2026-07-13 07:25:29 DEBUG:    EVENT NUM 709   current_time = 00:04:12   START_PICKING         [queue size = 68]
2026-07-13 07:25:29 DEBUG:    EVENT NUM 710   current_time = 00:04:13   END_PICKING           [queue size = 67]
2026-07-13 07:25:29 DEBUG: Ended picking at workstation 0.    [picking_buffer len = {}]
2026-07-13 07:25:29 DEBUG: Task should have served orders {72}, found open orders {36, 72, 13, 89}.
2026-07-13 07:25:29 DEBUG: Task 45 completed: pod 275 returning to storage.
2026-07-13 07:25:29 DEBUG:    EVENT NUM 711   current_time = 00:04:13   CLOSE_ORDER           [queue size = 68]
2026-07-13 07:25:29 DEBUG: Order 72 closed at workstation 0: flow_time = 253.5 s.     [order_buffer = 3] [open_orders = 3/4]
2026-07-13 07:25:29 DEBUG: Next order in buffer: 61
2026-07-13 07:25:29 DEBUG:    EVENT NUM 712   current_time = 00:04:13   OPEN_ORDER            [queue size = 68]
2026-07-13 07:25:29 DEBUG: Order 61 (skus required = {6094}) opened at workstation 0.   [open_orders = 4/4]
2026-07-13 07:25:29 DEBUG:    EVENT NUM 713   current_time = 00:04:13   START_TASK            [queue size = 68]
2026-07-13 07:25:29 DEBUG: Task 61 blocked: no idle robots.
2026-07-13 07:25:29 DEBUG:    EVENT NUM 714   current_time = 00:04:13   RELEASE_TASK          [queue size = 67]
2026-07-13 07:25:29 DEBUG: Task 134 released: pod 50 required by workstation(s) [6].  [released tasks = 59]
2026-07-13 07:25:29 DEBUG:    EVENT NUM 715   current_time = 00:04:14   ARRIVAL_POD_WST       [queue size = 66]
2026-07-13 07:25:29 DEBUG: Pod 26 arrived at workstation 7 - status = IDLE
2026-07-13 07:25:29 DEBUG: Pod queued at workstation.    [picking_buffer = {53: 254.79390826683903}]
2026-07-13 07:25:29 DEBUG:    EVENT NUM 716   current_time = 00:04:14   START_PICKING         [queue size = 66]
2026-07-13 07:25:29 DEBUG: Processing task 53 at workstation 7: picking items {9075} for orders {60}
2026-07-13 07:25:29 DEBUG:    EVENT NUM 717   current_time = 00:04:14   RETURN_POD            [queue size = 66]
2026-07-13 07:25:29 DEBUG: Pod 602 returned. Robot 38 idle.   [idle robots = 1/40, released tasks = 59]
2026-07-13 07:25:29 DEBUG:    EVENT NUM 718   current_time = 00:04:14   START_TASK            [queue size = 66]
2026-07-13 07:25:29 DEBUG: Task 61 started: robot 38 → pod 701 → workstation 0 for orders {98} (arrival = 285.6 s).   [idle robots = 0/40]
2026-07-13 07:25:29 DEBUG:    EVENT NUM 719   current_time = 00:04:15   ARRIVAL_ORDER         [queue size = 66]
2026-07-13 07:25:29 DEBUG: Order 150 arrived: items_required = [4917, 5327, 7699].     [orders_in_system = 108]
2026-07-13 07:25:29 DEBUG:    EVENT NUM 720   current_time = 00:04:15   RELEASE_TASK          [queue size = 66]
2026-07-13 07:25:29 DEBUG: Task 135 released: pod 647 required by workstation(s) [7].  [released tasks = 59]
2026-07-13 07:25:29 DEBUG:    EVENT NUM 721   current_time = 00:04:16   ARRIVAL_POD_WST       [queue size = 65]
2026-07-13 07:25:29 DEBUG: Pod 148 arrived at workstation 2 - status = IDLE
2026-07-13 07:25:29 DEBUG: Pod queued at workstation.    [picking_buffer = {39: 256.3569420667749}]
2026-07-13 07:25:29 DEBUG:    EVENT NUM 722   current_time = 00:04:16   START_PICKING         [queue size = 65]
2026-07-13 07:25:29 DEBUG: Processing task 39 at workstation 2: picking items {5603} for orders {66}
2026-07-13 07:25:29 DEBUG:    EVENT NUM 723   current_time = 00:04:16   RETURN_POD            [queue size = 65]
2026-07-13 07:25:29 DEBUG: Pod 592 returned. Robot 30 idle.   [idle robots = 1/40, released tasks = 59]
2026-07-13 07:25:29 DEBUG:    EVENT NUM 724   current_time = 00:04:16   START_TASK            [queue size = 65]
2026-07-13 07:25:29 DEBUG: Task 63 blocked: no orders in {0: [40]} is open yet.  [released tasks = 58]
2026-07-13 07:25:29 DEBUG: Task 68 blocked: no orders in {0: [40]} is open yet.  [released tasks = 57]
2026-07-13 07:25:29 DEBUG: Task 79 started: robot 30 → pod 468 → workstation 6 for orders {18} (arrival = 324.0 s).   [idle robots = 0/40]
2026-07-13 07:25:29 DEBUG:    EVENT NUM 725   current_time = 00:04:17   RELEASE_TASK          [queue size = 65]
2026-07-13 07:25:29 DEBUG: Task 136 released: pod 2 required by workstation(s) [7].  [released tasks = 59]
2026-07-13 07:25:29 DEBUG:    EVENT NUM 726   current_time = 00:04:19   ARRIVAL_POD_WST       [queue size = 64]
2026-07-13 07:25:29 DEBUG: Pod 61 arrived at workstation 3 - status = IDLE
2026-07-13 07:25:29 DEBUG: Pod queued at workstation.    [picking_buffer = {46: 259.2638516379853}]
2026-07-13 07:25:29 DEBUG:    EVENT NUM 727   current_time = 00:04:19   START_PICKING         [queue size = 64]
2026-07-13 07:25:29 DEBUG: Processing task 46 at workstation 3: picking items {6975} for orders {62}
2026-07-13 07:25:29 DEBUG:    EVENT NUM 728   current_time = 00:04:19   RELEASE_TASK          [queue size = 64]
2026-07-13 07:25:29 DEBUG: Task 137 released: pod 354 required by workstation(s) [7].  [released tasks = 60]
2026-07-13 07:25:29 DEBUG:    EVENT NUM 729   current_time = 00:04:20   ARRIVAL_ORDER         [queue size = 63]
2026-07-13 07:25:29 DEBUG: Order 151 arrived: items_required = [9093].     [orders_in_system = 109]
2026-07-13 07:25:29 DEBUG:    EVENT NUM 730   current_time = 00:04:20   END_PICKING           [queue size = 63]
2026-07-13 07:25:29 DEBUG: Ended picking at workstation 4.    [picking_buffer len = {}]
2026-07-13 07:25:29 DEBUG: Task should have served orders {26}, found open orders {73, 84, 23, 26}.
2026-07-13 07:25:29 DEBUG: Task 59 heading to workstation 4.
2026-07-13 07:25:29 DEBUG:    EVENT NUM 731   current_time = 00:04:20   CLOSE_ORDER           [queue size = 64]
2026-07-13 07:25:29 DEBUG: Order 26 closed at workstation 4: flow_time = 260.5 s.     [order_buffer = 2] [open_orders = 3/4]
2026-07-13 07:25:29 DEBUG: Next order in buffer: 15
2026-07-13 07:25:29 DEBUG:    EVENT NUM 732   current_time = 00:04:20   ARRIVAL_POD_WST       [queue size = 64]
2026-07-13 07:25:29 DEBUG: Pod 96 arrived at workstation 4 - status = IDLE
2026-07-13 07:25:29 DEBUG: Pod queued at workstation.    [picking_buffer = {59: 260.5035187854298}]
2026-07-13 07:25:29 DEBUG:    EVENT NUM 733   current_time = 00:04:20   OPEN_ORDER            [queue size = 64]
2026-07-13 07:25:29 DEBUG: Order 15 (skus required = {3436, 1868}) opened at workstation 4.   [open_orders = 4/4]
2026-07-13 07:25:29 DEBUG:    EVENT NUM 734   current_time = 00:04:20   START_PICKING         [queue size = 65]
2026-07-13 07:25:29 DEBUG: Processing task 59 at workstation 4: picking items {4339} for orders {73}
2026-07-13 07:25:29 DEBUG:    EVENT NUM 735   current_time = 00:04:20   START_TASK            [queue size = 65]
2026-07-13 07:25:29 DEBUG: Task 63 blocked: no orders in {0: [40]} is open yet.  [released tasks = 59]
2026-07-13 07:25:29 DEBUG: Task 68 blocked: no orders in {0: [40]} is open yet.  [released tasks = 58]
2026-07-13 07:25:29 DEBUG: Task 80 blocked: no idle robots.
2026-07-13 07:25:29 DEBUG:    EVENT NUM 736   current_time = 00:04:20   START_PICKING         [queue size = 64]
2026-07-13 07:25:29 DEBUG:    EVENT NUM 737   current_time = 00:04:21   RELEASE_TASK          [queue size = 63]
2026-07-13 07:25:29 DEBUG: Task 138 released: pod 613 required by workstation(s) [7].  [released tasks = 61]
2026-07-13 07:25:29 DEBUG:    EVENT NUM 738   current_time = 00:04:22   END_PICKING           [queue size = 62]
2026-07-13 07:25:29 DEBUG: Ended picking at workstation 1.    [picking_buffer len = {}]
2026-07-13 07:25:29 DEBUG: Task should have served orders {77}, found open orders {35, 77, 82, 25}.
2026-07-13 07:25:29 DEBUG: Task 35 completed: pod 739 returning to storage.
2026-07-13 07:25:29 DEBUG:    EVENT NUM 739   current_time = 00:04:23   RELEASE_TASK          [queue size = 62]
2026-07-13 07:25:29 DEBUG: Task 139 released: pod 266 required by workstation(s) [7].  [released tasks = 62]
2026-07-13 07:25:29 DEBUG:    EVENT NUM 740   current_time = 00:04:23   ARRIVAL_POD_WST       [queue size = 61]
2026-07-13 07:25:29 DEBUG: Pod 512 arrived at workstation 3 - status = BUSY
2026-07-13 07:25:29 DEBUG: Pod queued at workstation.    [picking_buffer = {73: 263.9749922137066}]
2026-07-13 07:25:29 DEBUG:    EVENT NUM 741   current_time = 00:04:24   END_PICKING           [queue size = 60]
2026-07-13 07:25:29 DEBUG: Ended picking at workstation 7.    [picking_buffer len = {}]
2026-07-13 07:25:29 DEBUG: Task should have served orders {60}, found open orders {3, 91, 60, 63}.
2026-07-13 07:25:29 DEBUG: Task 53 completed: pod 26 returning to storage.
2026-07-13 07:25:29 DEBUG:    EVENT NUM 742   current_time = 00:04:24   CLOSE_ORDER           [queue size = 61]
2026-07-13 07:25:29 DEBUG: Order 60 closed at workstation 7: flow_time = 264.8 s.     [order_buffer = 3] [open_orders = 3/4]
2026-07-13 07:25:29 DEBUG: Next order in buffer: 57
2026-07-13 07:25:29 DEBUG:    EVENT NUM 743   current_time = 00:04:24   OPEN_ORDER            [queue size = 61]
2026-07-13 07:25:29 DEBUG: Order 57 (skus required = {2091, 7910}) opened at workstation 7.   [open_orders = 4/4]
2026-07-13 07:25:29 DEBUG:    EVENT NUM 744   current_time = 00:04:24   START_TASK            [queue size = 61]
2026-07-13 07:25:29 DEBUG: Task 63 blocked: no orders in {0: [40]} is open yet.  [released tasks = 61]
2026-07-13 07:25:29 DEBUG: Task 68 blocked: no orders in {0: [40]} is open yet.  [released tasks = 60]
2026-07-13 07:25:29 DEBUG: Task 80 blocked: no idle robots.
2026-07-13 07:25:29 DEBUG:    EVENT NUM 745   current_time = 00:04:24   RETURN_POD            [queue size = 60]
2026-07-13 07:25:29 DEBUG: Pod 12 returned. Robot 20 idle.   [idle robots = 1/40, released tasks = 62]
2026-07-13 07:25:29 DEBUG:    EVENT NUM 746   current_time = 00:04:24   START_TASK            [queue size = 60]
2026-07-13 07:25:29 DEBUG: Task 63 blocked: no orders in {0: [40]} is open yet.  [released tasks = 61]
2026-07-13 07:25:29 DEBUG: Task 68 blocked: no orders in {0: [40]} is open yet.  [released tasks = 60]
2026-07-13 07:25:29 DEBUG: Task 80 started: robot 20 → pod 572 → workstation 6 for orders {39} (arrival = 393.2 s).   [idle robots = 0/40]
2026-07-13 07:25:29 DEBUG:    EVENT NUM 747   current_time = 00:04:25   ARRIVAL_ORDER         [queue size = 60]
2026-07-13 07:25:29 DEBUG: Order 152 arrived: items_required = [9588, 2248].     [orders_in_system = 108]
2026-07-13 07:25:29 DEBUG:    EVENT NUM 748   current_time = 00:04:25   RELEASE_TASK          [queue size = 60]
2026-07-13 07:25:29 DEBUG: Task 140 released: pod 198 required by workstation(s) [7].  [released tasks = 62]
2026-07-13 07:25:29 DEBUG:    EVENT NUM 749   current_time = 00:04:26   END_PICKING           [queue size = 59]
2026-07-13 07:25:29 DEBUG: Ended picking at workstation 2.    [picking_buffer len = {}]
2026-07-13 07:25:29 DEBUG: Task should have served orders {66}, found open orders {66, 41, 46, 54}.
2026-07-13 07:25:29 DEBUG: Task 39 heading to workstation 2.
2026-07-13 07:25:29 DEBUG:    EVENT NUM 750   current_time = 00:04:26   CLOSE_ORDER           [queue size = 60]
2026-07-13 07:25:29 DEBUG: Order 66 closed at workstation 2: flow_time = 266.4 s.     [order_buffer = 0] [open_orders = 3/4]
2026-07-13 07:25:29 DEBUG:    EVENT NUM 751   current_time = 00:04:26   ARRIVAL_POD_WST       [queue size = 59]
2026-07-13 07:25:29 DEBUG: Pod 148 arrived at workstation 2 - status = IDLE
2026-07-13 07:25:29 DEBUG: Pod queued at workstation.    [picking_buffer = {39: 266.3569420667749}]
2026-07-13 07:25:29 DEBUG:    EVENT NUM 752   current_time = 00:04:26   START_PICKING         [queue size = 59]
2026-07-13 07:25:29 DEBUG: Processing task 39 at workstation 2: picking items {7670} for orders {41}
2026-07-13 07:25:29 DEBUG:    EVENT NUM 753   current_time = 00:04:27   RELEASE_TASK          [queue size = 59]
2026-07-13 07:25:29 DEBUG: Task 141 released: pod 257 required by workstation(s) [7].  [released tasks = 63]
2026-07-13 07:25:29 DEBUG:    EVENT NUM 754   current_time = 00:04:27   RETURN_POD            [queue size = 58]
2026-07-13 07:25:29 DEBUG: Pod 436 returned. Robot 25 idle.   [idle robots = 1/40, released tasks = 63]
2026-07-13 07:25:29 DEBUG:    EVENT NUM 755   current_time = 00:04:27   START_TASK            [queue size = 58]
2026-07-13 07:25:29 DEBUG: Task 63 blocked: no orders in {0: [40]} is open yet.  [released tasks = 62]
2026-07-13 07:25:29 DEBUG: Task 68 blocked: no orders in {0: [40]} is open yet.  [released tasks = 61]
2026-07-13 07:25:29 DEBUG: Task 81 started: robot 25 → pod 563 → workstation 0 for orders {13} (arrival = 397.6 s).   [idle robots = 0/40]
2026-07-13 07:25:29 DEBUG:    EVENT NUM 756   current_time = 00:04:28   RELEASE_TASK          [queue size = 58]
2026-07-13 07:25:29 DEBUG: Task 142 released: pod 586 required by workstation(s) [7].  [released tasks = 63]
2026-07-13 07:25:29 DEBUG:    EVENT NUM 757   current_time = 00:04:29   END_PICKING           [queue size = 57]
2026-07-13 07:25:29 DEBUG: Ended picking at workstation 3.    [picking_buffer len = {73: 263.9749922137066}]
2026-07-13 07:25:29 DEBUG: Task should have served orders {62}, found open orders {1, 99, 14, 62}.
2026-07-13 07:25:29 DEBUG: Task 46 heading to workstation 3.
2026-07-13 07:25:29 DEBUG:    EVENT NUM 758   current_time = 00:04:29   CLOSE_ORDER           [queue size = 59]
2026-07-13 07:25:29 DEBUG: Order 62 closed at workstation 3: flow_time = 269.3 s.     [order_buffer = 2] [open_orders = 3/4]
2026-07-13 07:25:29 DEBUG: Next order in buffer: 50
2026-07-13 07:25:29 DEBUG:    EVENT NUM 759   current_time = 00:04:29   ARRIVAL_POD_WST       [queue size = 59]
2026-07-13 07:25:29 DEBUG: Pod 61 arrived at workstation 3 - status = IDLE
2026-07-13 07:25:29 DEBUG: Pod queued at workstation.    [picking_buffer = {73: 263.9749922137066, 46: 269.2638516379853}]
2026-07-13 07:25:29 DEBUG:    EVENT NUM 760   current_time = 00:04:29   START_PICKING         [queue size = 59]
2026-07-13 07:25:29 DEBUG: Processing task 73 at workstation 3: picking items {10624} for orders {14}
2026-07-13 07:25:29 DEBUG:    EVENT NUM 761   current_time = 00:04:29   OPEN_ORDER            [queue size = 59]
2026-07-13 07:25:29 DEBUG: Order 50 (skus required = {8626, 5059, 6430}) opened at workstation 3.   [open_orders = 4/4]
2026-07-13 07:25:29 DEBUG:    EVENT NUM 762   current_time = 00:04:29   START_PICKING         [queue size = 59]
2026-07-13 07:25:29 DEBUG:    EVENT NUM 763   current_time = 00:04:29   START_TASK            [queue size = 58]
2026-07-13 07:25:29 DEBUG: Task 63 blocked: no orders in {0: [40]} is open yet.  [released tasks = 62]
2026-07-13 07:25:29 DEBUG: Task 68 blocked: no orders in {0: [40]} is open yet.  [released tasks = 61]
2026-07-13 07:25:29 DEBUG: Task 82 blocked: no idle robots.
2026-07-13 07:25:29 DEBUG:    EVENT NUM 764   current_time = 00:04:30   ARRIVAL_ORDER         [queue size = 57]
2026-07-13 07:25:29 DEBUG: Order 153 arrived: items_required = [302, 9498].     [orders_in_system = 107]
2026-07-13 07:25:29 DEBUG:    EVENT NUM 765   current_time = 00:04:30   END_PICKING           [queue size = 57]
2026-07-13 07:25:29 DEBUG: Ended picking at workstation 4.    [picking_buffer len = {}]
2026-07-13 07:25:29 DEBUG: Task should have served orders {73}, found open orders {73, 15, 84, 23}.
2026-07-13 07:25:29 DEBUG: Task 59 completed: pod 96 returning to storage.
2026-07-13 07:25:29 DEBUG:    EVENT NUM 766   current_time = 00:04:30   CLOSE_ORDER           [queue size = 58]
2026-07-13 07:25:29 DEBUG: Order 73 closed at workstation 4: flow_time = 270.5 s.     [order_buffer = 1] [open_orders = 3/4]
2026-07-13 07:25:29 DEBUG: Next order in buffer: 21
2026-07-13 07:25:29 DEBUG:    EVENT NUM 767   current_time = 00:04:30   OPEN_ORDER            [queue size = 58]
2026-07-13 07:25:29 DEBUG: Order 21 (skus required = {11169, 4479}) opened at workstation 4.   [open_orders = 4/4]
2026-07-13 07:25:29 DEBUG:    EVENT NUM 768   current_time = 00:04:30   START_TASK            [queue size = 58]
2026-07-13 07:25:29 DEBUG: Task 63 blocked: no orders in {0: [40]} is open yet.  [released tasks = 62]
2026-07-13 07:25:29 DEBUG: Task 68 blocked: no orders in {0: [40]} is open yet.  [released tasks = 61]
2026-07-13 07:25:29 DEBUG: Task 82 blocked: no idle robots.
2026-07-13 07:25:29 DEBUG:    EVENT NUM 769   current_time = 00:04:30   RELEASE_TASK          [queue size = 57]
2026-07-13 07:25:29 DEBUG: Task 143 released: pod 867 required by workstation(s) [6].  [released tasks = 64]
2026-07-13 07:25:29 DEBUG:    EVENT NUM 770   current_time = 00:04:32   RELEASE_TASK          [queue size = 56]
2026-07-13 07:25:29 DEBUG: Task 144 released: pod 174 required by workstation(s) [7].  [released tasks = 65]
2026-07-13 07:25:29 DEBUG:    EVENT NUM 771   current_time = 00:04:34   ARRIVAL_POD_WST       [queue size = 55]
2026-07-13 07:25:29 DEBUG: Pod 754 arrived at workstation 0 - status = IDLE
2026-07-13 07:25:29 DEBUG: Pod queued at workstation.    [picking_buffer = {54: 274.1562801576603}]
2026-07-13 07:25:29 DEBUG:    EVENT NUM 772   current_time = 00:04:34   START_PICKING         [queue size = 55]
2026-07-13 07:25:29 DEBUG: Processing task 54 at workstation 0: picking items {6094} for orders {61}
2026-07-13 07:25:29 DEBUG:    EVENT NUM 773   current_time = 00:04:34   RELEASE_TASK          [queue size = 55]
2026-07-13 07:25:29 DEBUG: Task 145 released: pod 135 required by workstation(s) [6].  [released tasks = 66]
2026-07-13 07:25:29 DEBUG:    EVENT NUM 774   current_time = 00:04:35   ARRIVAL_ORDER         [queue size = 54]
2026-07-13 07:25:29 DEBUG: Order 154 arrived: items_required = [7590].     [orders_in_system = 107]
2026-07-13 07:25:29 DEBUG:    EVENT NUM 775   current_time = 00:04:36   END_PICKING           [queue size = 54]
2026-07-13 07:25:29 DEBUG: Ended picking at workstation 2.    [picking_buffer len = {}]
2026-07-13 07:25:29 DEBUG: Task should have served orders {41}, found open orders {41, 46, 54}.
2026-07-13 07:25:29 DEBUG: Task 39 completed: pod 148 returning to storage.
2026-07-13 07:25:29 DEBUG:    EVENT NUM 776   current_time = 00:04:36   CLOSE_ORDER           [queue size = 55]
2026-07-13 07:25:29 DEBUG: Order 41 closed at workstation 2: flow_time = 276.4 s.     [order_buffer = 0] [open_orders = 2/4]
2026-07-13 07:25:29 DEBUG:    EVENT NUM 777   current_time = 00:04:36   RELEASE_TASK          [queue size = 54]
2026-07-13 07:25:29 DEBUG: Task 146 released: pod 509 required by workstation(s) [8].  [released tasks = 67]
2026-07-13 07:25:29 DEBUG:    EVENT NUM 778   current_time = 00:04:38   RELEASE_TASK          [queue size = 53]
2026-07-13 07:25:29 DEBUG: Task 147 released: pod 105 required by workstation(s) [6].  [released tasks = 68]
2026-07-13 07:25:29 DEBUG:    EVENT NUM 779   current_time = 00:04:39   END_PICKING           [queue size = 52]
2026-07-13 07:25:29 DEBUG: Ended picking at workstation 3.    [picking_buffer len = {46: 269.2638516379853}]
2026-07-13 07:25:29 DEBUG: Task should have served orders {14}, found open orders {1, 99, 14, 50}.
2026-07-13 07:25:29 DEBUG: Task 73 completed: pod 512 returning to storage.
2026-07-13 07:25:29 DEBUG:    EVENT NUM 780   current_time = 00:04:39   START_PICKING         [queue size = 53]
2026-07-13 07:25:29 DEBUG: Processing task 46 at workstation 3: picking items {11427} for orders {14}
2026-07-13 07:25:29 DEBUG:    EVENT NUM 781   current_time = 00:04:40   ARRIVAL_ORDER         [queue size = 53]
2026-07-13 07:25:29 DEBUG: Order 155 arrived: items_required = [1330].     [orders_in_system = 107]
2026-07-13 07:25:29 DEBUG:    EVENT NUM 782   current_time = 00:04:40   RELEASE_TASK          [queue size = 53]
2026-07-13 07:25:29 DEBUG: Task 148 released: pod 414 required by workstation(s) [8].  [released tasks = 69]
2026-07-13 07:25:29 DEBUG:    EVENT NUM 783   current_time = 00:04:41   RETURN_POD            [queue size = 52]
2026-07-13 07:25:29 DEBUG: Pod 368 returned. Robot 13 idle.   [idle robots = 1/40, released tasks = 69]
2026-07-13 07:25:29 DEBUG:    EVENT NUM 784   current_time = 00:04:41   START_TASK            [queue size = 52]
2026-07-13 07:25:29 DEBUG: Task 63 blocked: no orders in {0: [40]} is open yet.  [released tasks = 68]
2026-07-13 07:25:29 DEBUG: Task 68 blocked: no orders in {0: [40]} is open yet.  [released tasks = 67]
2026-07-13 07:25:29 DEBUG: Task 82 started: robot 13 → pod 49 → workstation 7 for orders {91} (arrival = 385.8 s).   [idle robots = 0/40]
2026-07-13 07:25:29 DEBUG:    EVENT NUM 785   current_time = 00:04:41   ARRIVAL_POD_WST       [queue size = 52]
2026-07-13 07:25:29 DEBUG: Pod 516 arrived at workstation 0 - status = BUSY
2026-07-13 07:25:29 DEBUG: Pod queued at workstation.    [picking_buffer = {50: 281.952821402699}]
2026-07-13 07:25:29 DEBUG:    EVENT NUM 786   current_time = 00:04:42   RELEASE_TASK          [queue size = 51]
2026-07-13 07:25:29 DEBUG: Task 149 released: pod 806 required by workstation(s) [8].  [released tasks = 69]
2026-07-13 07:25:29 DEBUG:    EVENT NUM 787   current_time = 00:04:43   RETURN_POD            [queue size = 50]
2026-07-13 07:25:29 DEBUG: Pod 251 returned. Robot 15 idle.   [idle robots = 1/40, released tasks = 69]
2026-07-13 07:25:29 DEBUG:    EVENT NUM 788   current_time = 00:04:43   START_TASK            [queue size = 50]
2026-07-13 07:25:29 DEBUG: Task 63 blocked: no orders in {0: [40]} is open yet.  [released tasks = 68]
2026-07-13 07:25:29 DEBUG: Task 68 blocked: no orders in {0: [40]} is open yet.  [released tasks = 67]
2026-07-13 07:25:29 DEBUG: Task 83 started: robot 15 → pod 884 → workstation 2 for orders {54} (arrival = 307.1 s).   [idle robots = 0/40]
2026-07-13 07:25:29 DEBUG:    EVENT NUM 789   current_time = 00:04:43   RETURN_POD            [queue size = 50]
2026-07-13 07:25:29 DEBUG: Pod 131 returned. Robot 22 idle.   [idle robots = 1/40, released tasks = 68]
2026-07-13 07:25:29 DEBUG:    EVENT NUM 790   current_time = 00:04:43   START_TASK            [queue size = 50]
2026-07-13 07:25:29 DEBUG: Task 63 blocked: no orders in {0: [40]} is open yet.  [released tasks = 67]
2026-07-13 07:25:29 DEBUG: Task 68 blocked: no orders in {0: [40]} is open yet.  [released tasks = 66]
2026-07-13 07:25:29 DEBUG: Task 84 started: robot 22 → pod 753 → workstation 2 for orders {54} (arrival = 368.6 s).   [idle robots = 0/40]
2026-07-13 07:25:29 DEBUG:    EVENT NUM 791   current_time = 00:04:44   RELEASE_TASK          [queue size = 50]
2026-07-13 07:25:29 DEBUG: Task 150 released: pod 190 required by workstation(s) [8, 8].  [released tasks = 68]
2026-07-13 07:25:29 DEBUG:    EVENT NUM 792   current_time = 00:04:44   END_PICKING           [queue size = 49]
2026-07-13 07:25:29 DEBUG: Ended picking at workstation 0.    [picking_buffer len = {50: 281.952821402699}]
2026-07-13 07:25:29 DEBUG: Task should have served orders {61}, found open orders {36, 13, 89, 61}.
2026-07-13 07:25:29 DEBUG: Task 54 completed: pod 754 returning to storage.
2026-07-13 07:25:29 DEBUG:    EVENT NUM 793   current_time = 00:04:44   CLOSE_ORDER           [queue size = 51]
2026-07-13 07:25:29 DEBUG: Order 61 closed at workstation 0: flow_time = 284.2 s.     [order_buffer = 2] [open_orders = 3/4]
2026-07-13 07:25:29 DEBUG: Next order in buffer: 98
2026-07-13 07:25:29 DEBUG:    EVENT NUM 794   current_time = 00:04:44   START_PICKING         [queue size = 51]
2026-07-13 07:25:29 DEBUG: Processing task 50 at workstation 0: picking items {9336} for orders {36}
2026-07-13 07:25:29 DEBUG:    EVENT NUM 795   current_time = 00:04:44   OPEN_ORDER            [queue size = 51]
2026-07-13 07:25:29 DEBUG: Order 98 (skus required = {5721, 1234, 2573}) opened at workstation 0.   [open_orders = 4/4]
2026-07-13 07:25:29 DEBUG:    EVENT NUM 796   current_time = 00:04:44   START_TASK            [queue size = 51]
2026-07-13 07:25:29 DEBUG: Task 63 blocked: no idle robots.
2026-07-13 07:25:29 DEBUG:    EVENT NUM 797   current_time = 00:04:45   ARRIVAL_ORDER         [queue size = 50]
2026-07-13 07:25:29 DEBUG: Order 156 arrived: items_required = [10087, 3428].     [orders_in_system = 107]
2026-07-13 07:25:29 DEBUG:    EVENT NUM 798   current_time = 00:04:45   ARRIVAL_POD_WST       [queue size = 50]
2026-07-13 07:25:29 DEBUG: Pod 701 arrived at workstation 0 - status = BUSY
2026-07-13 07:25:29 DEBUG: Pod queued at workstation.    [picking_buffer = {61: 285.59123387783023}]
2026-07-13 07:25:29 DEBUG:    EVENT NUM 799   current_time = 00:04:45   RELEASE_TASK          [queue size = 49]
2026-07-13 07:25:29 DEBUG: Task 151 released: pod 428 required by workstation(s) [8].  [released tasks = 69]
2026-07-13 07:25:29 DEBUG:    EVENT NUM 800   current_time = 00:04:46   RETURN_POD            [queue size = 48]
2026-07-13 07:25:29 DEBUG: Pod 488 returned. Robot 39 idle.   [idle robots = 1/40, released tasks = 69]
2026-07-13 07:25:29 DEBUG:    EVENT NUM 801   current_time = 00:04:46   START_TASK            [queue size = 48]
2026-07-13 07:25:29 DEBUG: Task 63 started: robot 39 → pod 543 → workstation 0 for orders {40} (arrival = 375.7 s).   [idle robots = 0/40]
2026-07-13 07:25:29 DEBUG:    EVENT NUM 802   current_time = 00:04:47   RETURN_POD            [queue size = 48]
2026-07-13 07:25:29 DEBUG: Pod 668 returned. Robot 24 idle.   [idle robots = 1/40, released tasks = 68]
2026-07-13 07:25:29 DEBUG:    EVENT NUM 803   current_time = 00:04:47   START_TASK            [queue size = 48]
2026-07-13 07:25:29 DEBUG: Task 68 started: robot 24 → pod 423 → workstation 0 for orders {40} (arrival = 387.5 s).   [idle robots = 0/40]
2026-07-13 07:25:29 DEBUG:    EVENT NUM 804   current_time = 00:04:47   RELEASE_TASK          [queue size = 48]
2026-07-13 07:25:29 DEBUG: Task 152 released: pod 605 required by workstation(s) [8].  [released tasks = 68]
2026-07-13 07:25:29 DEBUG:    EVENT NUM 805   current_time = 00:04:49   END_PICKING           [queue size = 47]
2026-07-13 07:25:29 DEBUG: Ended picking at workstation 3.    [picking_buffer len = {}]
2026-07-13 07:25:29 DEBUG: Task should have served orders {14}, found open orders {1, 99, 14, 50}.
2026-07-13 07:25:29 DEBUG: Task 46 completed: pod 61 returning to storage.
2026-07-13 07:25:29 DEBUG:    EVENT NUM 806   current_time = 00:04:49   CLOSE_ORDER           [queue size = 48]
2026-07-13 07:25:29 DEBUG: Order 14 closed at workstation 3: flow_time = 289.3 s.     [order_buffer = 1] [open_orders = 3/4]
2026-07-13 07:25:29 DEBUG: Next order in buffer: 24
2026-07-13 07:25:29 DEBUG:    EVENT NUM 807   current_time = 00:04:49   OPEN_ORDER            [queue size = 48]
2026-07-13 07:25:29 DEBUG: Order 24 (skus required = {7618, 5111}) opened at workstation 3.   [open_orders = 4/4]
2026-07-13 07:25:29 DEBUG:    EVENT NUM 808   current_time = 00:04:49   START_TASK            [queue size = 48]
2026-07-13 07:25:29 DEBUG: Task 85 blocked: no idle robots.
2026-07-13 07:25:29 DEBUG:    EVENT NUM 809   current_time = 00:04:49   RELEASE_TASK          [queue size = 47]
2026-07-13 07:25:29 DEBUG: Task 153 released: pod 378 required by workstation(s) [8].  [released tasks = 69]
2026-07-13 07:25:29 DEBUG:    EVENT NUM 810   current_time = 00:04:50   ARRIVAL_ORDER         [queue size = 46]
2026-07-13 07:25:29 DEBUG: Order 157 arrived: items_required = [4605].     [orders_in_system = 107]
2026-07-13 07:25:29 DEBUG:    EVENT NUM 811   current_time = 00:04:51   RETURN_POD            [queue size = 46]
2026-07-13 07:25:29 DEBUG: Pod 362 returned. Robot 10 idle.   [idle robots = 1/40, released tasks = 69]
2026-07-13 07:25:29 DEBUG:    EVENT NUM 812   current_time = 00:04:51   START_TASK            [queue size = 46]
2026-07-13 07:25:29 DEBUG: Task 85 started: robot 10 → pod 206 → workstation 5 for orders {83} (arrival = 439.0 s).   [idle robots = 0/40]
2026-07-13 07:25:29 DEBUG:    EVENT NUM 813   current_time = 00:04:51   RELEASE_TASK          [queue size = 46]
2026-07-13 07:25:29 DEBUG: Task 154 released: pod 452 required by workstation(s) [8].  [released tasks = 69]
2026-07-13 07:25:29 DEBUG:    EVENT NUM 814   current_time = 00:04:53   ARRIVAL_POD_WST       [queue size = 45]
2026-07-13 07:25:29 DEBUG: Pod 544 arrived at workstation 0 - status = BUSY
2026-07-13 07:25:29 DEBUG: Pod queued at workstation.    [picking_buffer = {61: 285.59123387783023, 52: 293.0582224097538}]
2026-07-13 07:25:29 DEBUG:    EVENT NUM 815   current_time = 00:04:53   RELEASE_TASK          [queue size = 44]
2026-07-13 07:25:29 DEBUG: Task 155 released: pod 296 required by workstation(s) [8].  [released tasks = 70]
2026-07-13 07:25:29 DEBUG:    EVENT NUM 816   current_time = 00:04:54   END_PICKING           [queue size = 43]
2026-07-13 07:25:29 DEBUG: Ended picking at workstation 0.    [picking_buffer len = {61: 285.59123387783023, 52: 293.0582224097538}]
2026-07-13 07:25:29 DEBUG: Task should have served orders {36}, found open orders {98, 36, 13, 89}.
2026-07-13 07:25:29 DEBUG: Task 50 completed: pod 516 returning to storage.
2026-07-13 07:25:29 DEBUG:    EVENT NUM 817   current_time = 00:04:54   START_PICKING         [queue size = 44]
2026-07-13 07:25:29 DEBUG: Processing task 61 at workstation 0: picking items {1234} for orders {98}
2026-07-13 07:25:29 DEBUG:    EVENT NUM 818   current_time = 00:04:54   ARRIVAL_POD_WST       [queue size = 44]
2026-07-13 07:25:29 DEBUG: Pod 252 arrived at workstation 2 - status = IDLE
2026-07-13 07:25:29 DEBUG: Pod queued at workstation.    [picking_buffer = {58: 294.6139761223533}]
2026-07-13 07:25:29 DEBUG:    EVENT NUM 819   current_time = 00:04:54   START_PICKING         [queue size = 44]
2026-07-13 07:25:29 DEBUG: Processing task 58 at workstation 2: picking items {11432} for orders {46}
2026-07-13 07:25:29 DEBUG:    EVENT NUM 820   current_time = 00:04:55   ARRIVAL_ORDER         [queue size = 44]
2026-07-13 07:25:29 DEBUG: Order 158 arrived: items_required = [8283].     [orders_in_system = 108]
2026-07-13 07:25:29 DEBUG:    EVENT NUM 821   current_time = 00:04:55   RELEASE_TASK          [queue size = 44]
2026-07-13 07:25:29 DEBUG: Task 156 released: pod 564 required by workstation(s) [8].  [released tasks = 71]
2026-07-13 07:25:29 DEBUG:    EVENT NUM 822   current_time = 00:04:55   RETURN_POD            [queue size = 43]
2026-07-13 07:25:29 DEBUG: Pod 278 returned. Robot 36 idle.   [idle robots = 1/40, released tasks = 71]
2026-07-13 07:25:29 DEBUG:    EVENT NUM 823   current_time = 00:04:55   START_TASK            [queue size = 43]
2026-07-13 07:25:29 DEBUG: Task 86 started: robot 36 → pod 676 → workstation 4 for orders {23} (arrival = 340.7 s).   [idle robots = 0/40]
2026-07-13 07:25:29 DEBUG:    EVENT NUM 824   current_time = 00:04:57   RELEASE_TASK          [queue size = 43]
2026-07-13 07:25:29 DEBUG: Task 157 released: pod 18 required by workstation(s) [8].  [released tasks = 71]
2026-07-13 07:25:29 DEBUG:    EVENT NUM 825   current_time = 00:04:59   RELEASE_TASK          [queue size = 42]
2026-07-13 07:25:29 DEBUG: Task 158 released: pod 846 required by workstation(s) [8].  [released tasks = 72]
2026-07-13 07:25:29 DEBUG:    EVENT NUM 826   current_time = 00:04:59   RETURN_POD            [queue size = 41]
2026-07-13 07:25:29 DEBUG: Pod 395 returned. Robot 3 idle.   [idle robots = 1/40, released tasks = 72]
2026-07-13 07:25:29 DEBUG:    EVENT NUM 827   current_time = 00:04:59   START_TASK            [queue size = 41]
2026-07-13 07:25:29 DEBUG: Task 87 started: robot 3 → pod 198 → workstation 7 for orders {3} (arrival = 385.5 s).   [idle robots = 0/40]
2026-07-13 07:25:29 DEBUG:    EVENT NUM 828   current_time = 00:05:00   ARRIVAL_ORDER         [queue size = 41]
2026-07-13 07:25:29 DEBUG: Order 159 arrived: items_required = [9654, 3452, 7923].     [orders_in_system = 109]
2026-07-13 07:25:29 DEBUG:    EVENT NUM 829   current_time = 00:05:01   RELEASE_TASK          [queue size = 41]
2026-07-13 07:25:29 DEBUG: Task 159 released: pod 619 required by workstation(s) [8].  [released tasks = 72]
2026-07-13 07:25:29 DEBUG:    EVENT NUM 830   current_time = 00:05:04   END_PICKING           [queue size = 40]
2026-07-13 07:25:29 DEBUG: Ended picking at workstation 0.    [picking_buffer len = {52: 293.0582224097538}]
2026-07-13 07:25:29 DEBUG: Task should have served orders {98}, found open orders {98, 36, 13, 89}.
2026-07-13 07:25:29 DEBUG: Task 61 completed: pod 701 returning to storage.
2026-07-13 07:25:29 DEBUG:    EVENT NUM 831   current_time = 00:05:04   START_PICKING         [queue size = 41]
2026-07-13 07:25:29 DEBUG: Processing task 52 at workstation 0: picking items {3636} for orders {36}
2026-07-13 07:25:29 DEBUG:    EVENT NUM 832   current_time = 00:05:04   END_PICKING           [queue size = 41]
2026-07-13 07:25:29 DEBUG: Ended picking at workstation 2.    [picking_buffer len = {}]
2026-07-13 07:25:29 DEBUG: Task should have served orders {46}, found open orders {46, 54}.
2026-07-13 07:25:29 DEBUG: Task 58 completed: pod 252 returning to storage.
2026-07-13 07:25:29 DEBUG:    EVENT NUM 833   current_time = 00:05:04   CLOSE_ORDER           [queue size = 42]
2026-07-13 07:25:29 DEBUG: Order 46 closed at workstation 2: flow_time = 304.6 s.     [order_buffer = 0] [open_orders = 1/4]
2026-07-13 07:25:29 DEBUG:    EVENT NUM 834   current_time = 00:05:04   ARRIVAL_POD_WST       [queue size = 41]
2026-07-13 07:25:29 DEBUG: Pod 401 arrived at workstation 0 - status = BUSY
2026-07-13 07:25:29 DEBUG: Pod queued at workstation.    [picking_buffer = {70: 304.679164125999}]
2026-07-13 07:25:29 DEBUG:    EVENT NUM 835   current_time = 00:05:05   ARRIVAL_ORDER         [queue size = 40]
2026-07-13 07:25:29 DEBUG: Order 160 arrived: items_required = [10244, 3459].     [orders_in_system = 109]
2026-07-13 07:25:29 DEBUG:    EVENT NUM 836   current_time = 00:05:07   ARRIVAL_POD_WST       [queue size = 40]
2026-07-13 07:25:29 DEBUG: Pod 884 arrived at workstation 2 - status = IDLE
2026-07-13 07:25:29 DEBUG: Pod queued at workstation.    [picking_buffer = {83: 307.11540387136745}]
2026-07-13 07:25:29 DEBUG:    EVENT NUM 837   current_time = 00:05:07   START_PICKING         [queue size = 40]
2026-07-13 07:25:29 DEBUG: Processing task 83 at workstation 2: picking items {8574} for orders {54}
2026-07-13 07:25:29 DEBUG:    EVENT NUM 838   current_time = 00:05:10   ARRIVAL_ORDER         [queue size = 40]
2026-07-13 07:25:29 DEBUG: Order 161 arrived: items_required = [10807].     [orders_in_system = 110]
2026-07-13 07:25:29 DEBUG:    EVENT NUM 839   current_time = 00:05:13   RETURN_POD            [queue size = 40]
2026-07-13 07:25:29 DEBUG: Pod 133 returned. Robot 4 idle.   [idle robots = 1/40, released tasks = 72]
2026-07-13 07:25:29 DEBUG:    EVENT NUM 840   current_time = 00:05:13   START_TASK            [queue size = 40]
2026-07-13 07:25:29 DEBUG: Task 88 started: robot 4 → pod 32 → workstation 0 for orders {98} (arrival = 457.4 s).   [idle robots = 0/40]
2026-07-13 07:25:29 DEBUG:    EVENT NUM 841   current_time = 00:05:14   END_PICKING           [queue size = 40]
2026-07-13 07:25:29 DEBUG: Ended picking at workstation 0.    [picking_buffer len = {70: 304.679164125999}]
2026-07-13 07:25:29 DEBUG: Task should have served orders {36}, found open orders {98, 36, 13, 89}.
2026-07-13 07:25:29 DEBUG: Task 52 completed: pod 544 returning to storage.
2026-07-13 07:25:29 DEBUG:    EVENT NUM 842   current_time = 00:05:14   START_PICKING         [queue size = 41]
2026-07-13 07:25:29 DEBUG: Processing task 70 at workstation 0: picking items {7484} for orders {89}
2026-07-13 07:25:29 DEBUG:    EVENT NUM 843   current_time = 00:05:14   ARRIVAL_POD_WST       [queue size = 41]
2026-07-13 07:25:29 DEBUG: Pod 462 arrived at workstation 4 - status = IDLE
2026-07-13 07:25:29 DEBUG: Pod queued at workstation.    [picking_buffer = {78: 314.4464973566463}]
2026-07-13 07:25:29 DEBUG:    EVENT NUM 844   current_time = 00:05:14   START_PICKING         [queue size = 41]
2026-07-13 07:25:29 DEBUG: Processing task 78 at workstation 4: picking items {5848} for orders {23}
2026-07-13 07:25:29 DEBUG:    EVENT NUM 845   current_time = 00:05:15   ARRIVAL_ORDER         [queue size = 41]
2026-07-13 07:25:29 DEBUG: Order 162 arrived: items_required = [3839, 2682, 7791].     [orders_in_system = 111]
2026-07-13 07:25:29 DEBUG:    EVENT NUM 846   current_time = 00:05:16   RETURN_POD            [queue size = 41]
2026-07-13 07:25:29 DEBUG: Pod 460 returned. Robot 28 idle.   [idle robots = 1/40, released tasks = 71]
2026-07-13 07:25:29 DEBUG:    EVENT NUM 847   current_time = 00:05:16   START_TASK            [queue size = 41]
2026-07-13 07:25:29 DEBUG: Task 89 started: robot 28 → pod 726 → workstation 0 for orders {98} (arrival = 372.1 s).   [idle robots = 0/40]
2026-07-13 07:25:29 DEBUG:    EVENT NUM 848   current_time = 00:05:17   END_PICKING           [queue size = 41]
2026-07-13 07:25:29 DEBUG: Ended picking at workstation 2.    [picking_buffer len = {}]
2026-07-13 07:25:29 DEBUG: Task should have served orders {54}, found open orders {54}.
2026-07-13 07:25:29 DEBUG: Task 83 completed: pod 884 returning to storage.
2026-07-13 07:25:29 DEBUG:    EVENT NUM 849   current_time = 00:05:20   ARRIVAL_ORDER         [queue size = 41]
2026-07-13 07:25:29 DEBUG: Order 163 arrived: items_required = [9033, 6981].     [orders_in_system = 112]
2026-07-13 07:25:29 DEBUG:    EVENT NUM 850   current_time = 00:05:24   ARRIVAL_POD_WST       [queue size = 41]
2026-07-13 07:25:29 DEBUG: Pod 468 arrived at workstation 6 - status = IDLE
2026-07-13 07:25:29 DEBUG: Pod queued at workstation.    [picking_buffer = {79: 324.0452961946315}]
2026-07-13 07:25:29 DEBUG:    EVENT NUM 851   current_time = 00:05:24   START_PICKING         [queue size = 41]
2026-07-13 07:25:29 DEBUG: Processing task 79 at workstation 6: picking items {6247} for orders {18}
2026-07-13 07:25:29 DEBUG:    EVENT NUM 852   current_time = 00:05:24   RETURN_POD            [queue size = 41]
2026-07-13 07:25:29 DEBUG: Pod 69 returned. Robot 7 idle.   [idle robots = 1/40, released tasks = 70]
2026-07-13 07:25:29 DEBUG:    EVENT NUM 853   current_time = 00:05:24   START_TASK            [queue size = 41]
2026-07-13 07:25:29 DEBUG: Task 90 started: robot 7 → pod 329 → workstation 4 for orders {84} (arrival = 484.3 s).   [idle robots = 0/40]
2026-07-13 07:25:29 DEBUG:    EVENT NUM 854   current_time = 00:05:24   END_PICKING           [queue size = 41]
2026-07-13 07:25:29 DEBUG: Ended picking at workstation 0.    [picking_buffer len = {}]
2026-07-13 07:25:29 DEBUG: Task should have served orders {89}, found open orders {98, 36, 13, 89}.
2026-07-13 07:25:29 DEBUG: Task 70 completed: pod 401 returning to storage.
2026-07-13 07:25:29 DEBUG:    EVENT NUM 855   current_time = 00:05:24   END_PICKING           [queue size = 41]
2026-07-13 07:25:29 DEBUG: Ended picking at workstation 4.    [picking_buffer len = {}]
2026-07-13 07:25:29 DEBUG: Task should have served orders {23}, found open orders {15, 84, 21, 23}.
2026-07-13 07:25:29 DEBUG: Task 78 completed: pod 462 returning to storage.
2026-07-13 07:25:29 DEBUG:    EVENT NUM 856   current_time = 00:05:25   ARRIVAL_ORDER         [queue size = 41]
2026-07-13 07:25:29 DEBUG: Order 164 arrived: items_required = [5353, 5796].     [orders_in_system = 113]
2026-07-13 07:25:29 DEBUG:    EVENT NUM 857   current_time = 00:05:25   ARRIVAL_POD_WST       [queue size = 41]
2026-07-13 07:25:29 DEBUG: Pod 380 arrived at workstation 8 - status = IDLE
2026-07-13 07:25:29 DEBUG: Pod queued at workstation.    [picking_buffer = {77: 325.6194029267299}]
2026-07-13 07:25:29 DEBUG:    EVENT NUM 858   current_time = 00:05:25   START_PICKING         [queue size = 41]
2026-07-13 07:25:29 DEBUG: Processing task 77 at workstation 8: picking items {3054} for orders {32}
2026-07-13 07:25:29 DEBUG:    EVENT NUM 859   current_time = 00:05:29   RETURN_POD            [queue size = 41]
2026-07-13 07:25:29 DEBUG: Pod 871 returned. Robot 26 idle.   [idle robots = 1/40, released tasks = 69]
2026-07-13 07:25:29 DEBUG:    EVENT NUM 860   current_time = 00:05:29   START_TASK            [queue size = 41]
2026-07-13 07:25:29 DEBUG: Task 91 started: robot 26 → pod 799 → workstation 3 for orders {1} (arrival = 386.2 s).   [idle robots = 0/40]
2026-07-13 07:25:29 DEBUG:    EVENT NUM 861   current_time = 00:05:30   ARRIVAL_ORDER         [queue size = 41]
2026-07-13 07:25:29 DEBUG: Order 165 arrived: items_required = [6655, 4307].     [orders_in_system = 114]
2026-07-13 07:25:29 DEBUG:    EVENT NUM 862   current_time = 00:05:31   RETURN_POD            [queue size = 41]
2026-07-13 07:25:29 DEBUG: Pod 385 returned. Robot 32 idle.   [idle robots = 1/40, released tasks = 68]
2026-07-13 07:25:29 DEBUG:    EVENT NUM 863   current_time = 00:05:31   START_TASK            [queue size = 41]
2026-07-13 07:25:29 DEBUG: Task 92 started: robot 32 → pod 296 → workstation 8 for orders {93} (arrival = 458.4 s).   [idle robots = 0/40]
2026-07-13 07:25:29 DEBUG:    EVENT NUM 864   current_time = 00:05:31   ARRIVAL_POD_WST       [queue size = 41]
2026-07-13 07:25:29 DEBUG: Pod 365 arrived at workstation 1 - status = IDLE
2026-07-13 07:25:29 DEBUG: Pod queued at workstation.    [picking_buffer = {62: 331.6315215504858}]
2026-07-13 07:25:29 DEBUG:    EVENT NUM 865   current_time = 00:05:31   START_PICKING         [queue size = 41]
2026-07-13 07:25:29 DEBUG: Processing task 62 at workstation 1: picking items {589} for orders {77}
2026-07-13 07:25:29 DEBUG:    EVENT NUM 866   current_time = 00:05:34   END_PICKING           [queue size = 41]
2026-07-13 07:25:29 DEBUG: Ended picking at workstation 6.    [picking_buffer len = {}]
2026-07-13 07:25:29 DEBUG: Task should have served orders {18}, found open orders {39, 81, 18, 22}.
2026-07-13 07:25:29 DEBUG: Task 79 completed: pod 468 returning to storage.
2026-07-13 07:25:29 DEBUG:    EVENT NUM 867   current_time = 00:05:34   CLOSE_ORDER           [queue size = 42]
2026-07-13 07:25:29 DEBUG: Order 18 closed at workstation 6: flow_time = 334.0 s.     [order_buffer = 3] [open_orders = 3/4]
2026-07-13 07:25:29 DEBUG: Next order in buffer: 44
2026-07-13 07:25:29 DEBUG:    EVENT NUM 868   current_time = 00:05:34   OPEN_ORDER            [queue size = 42]
2026-07-13 07:25:29 DEBUG: Order 44 (skus required = {11442, 1995, 5156}) opened at workstation 6.   [open_orders = 4/4]
2026-07-13 07:25:29 DEBUG:    EVENT NUM 869   current_time = 00:05:34   START_TASK            [queue size = 42]
2026-07-13 07:25:29 DEBUG: Task 93 blocked: no idle robots.
2026-07-13 07:25:29 DEBUG:    EVENT NUM 870   current_time = 00:05:35   ARRIVAL_ORDER         [queue size = 41]
2026-07-13 07:25:29 DEBUG: Order 166 arrived: items_required = [10624].     [orders_in_system = 114]
2026-07-13 07:25:29 DEBUG:    EVENT NUM 871   current_time = 00:05:35   RETURN_POD            [queue size = 41]
2026-07-13 07:25:29 DEBUG: Pod 701 returned. Robot 38 idle.   [idle robots = 1/40, released tasks = 67]
2026-07-13 07:25:29 DEBUG:    EVENT NUM 872   current_time = 00:05:35   START_TASK            [queue size = 41]
2026-07-13 07:25:29 DEBUG: Task 93 started: robot 38 → pod 335 → workstation 3 for orders {1} (arrival = 457.1 s).   [idle robots = 0/40]
2026-07-13 07:25:29 DEBUG:    EVENT NUM 873   current_time = 00:05:35   END_PICKING           [queue size = 41]
2026-07-13 07:25:29 DEBUG: Ended picking at workstation 8.    [picking_buffer len = {}]
2026-07-13 07:25:29 DEBUG: Task should have served orders {32}, found open orders {32, 37, 93, 30}.
2026-07-13 07:25:29 DEBUG: Task 77 completed: pod 380 returning to storage.
2026-07-13 07:25:29 DEBUG:    EVENT NUM 874   current_time = 00:05:35   CLOSE_ORDER           [queue size = 42]
2026-07-13 07:25:29 DEBUG: Order 32 closed at workstation 8: flow_time = 335.6 s.     [order_buffer = 6] [open_orders = 3/4]
2026-07-13 07:25:29 DEBUG: Next order in buffer: 0
2026-07-13 07:25:29 DEBUG:    EVENT NUM 875   current_time = 00:05:35   OPEN_ORDER            [queue size = 42]
2026-07-13 07:25:29 DEBUG: Order 0 (skus required = {8806, 9359}) opened at workstation 8.   [open_orders = 4/4]
2026-07-13 07:25:29 DEBUG:    EVENT NUM 876   current_time = 00:05:35   START_TASK            [queue size = 42]
2026-07-13 07:25:29 DEBUG: Task 94 blocked: no idle robots.
2026-07-13 07:25:29 DEBUG:    EVENT NUM 877   current_time = 00:05:38   RETURN_POD            [queue size = 41]
2026-07-13 07:25:29 DEBUG: Pod 884 returned. Robot 15 idle.   [idle robots = 1/40, released tasks = 66]
2026-07-13 07:25:29 DEBUG:    EVENT NUM 878   current_time = 00:05:38   START_TASK            [queue size = 41]
2026-07-13 07:25:29 DEBUG: Task 94 started: robot 15 → pod 282 → workstation 3 for orders {50} (arrival = 415.2 s).   [idle robots = 0/40]
2026-07-13 07:25:29 DEBUG:    EVENT NUM 879   current_time = 00:05:38   ARRIVAL_POD_WST       [queue size = 41]
2026-07-13 07:25:29 DEBUG: Pod 355 arrived at workstation 0 - status = IDLE
2026-07-13 07:25:29 DEBUG: Pod queued at workstation.    [picking_buffer = {49: 338.42380925050196}]
2026-07-13 07:25:29 DEBUG:    EVENT NUM 880   current_time = 00:05:38   START_PICKING         [queue size = 41]
2026-07-13 07:25:29 DEBUG: Processing task 49 at workstation 0: picking items {11368} for orders {89}
2026-07-13 07:25:29 DEBUG:    EVENT NUM 881   current_time = 00:05:40   ARRIVAL_ORDER         [queue size = 41]
2026-07-13 07:25:29 DEBUG: Order 167 arrived: items_required = [3468, 9434].     [orders_in_system = 114]
2026-07-13 07:25:29 DEBUG:    EVENT NUM 882   current_time = 00:05:40   RETURN_POD            [queue size = 41]
2026-07-13 07:25:29 DEBUG: Pod 739 returned. Robot 8 idle.   [idle robots = 1/40, released tasks = 65]
2026-07-13 07:25:29 DEBUG:    EVENT NUM 883   current_time = 00:05:40   START_TASK            [queue size = 41]
2026-07-13 07:25:29 DEBUG: Task 95 started: robot 8 → pod 19 → workstation 3 for orders {50} (arrival = 471.8 s).   [idle robots = 0/40]
2026-07-13 07:25:29 DEBUG:    EVENT NUM 884   current_time = 00:05:40   ARRIVAL_POD_WST       [queue size = 41]
2026-07-13 07:25:29 DEBUG: Pod 676 arrived at workstation 4 - status = IDLE
2026-07-13 07:25:29 DEBUG: Pod queued at workstation.    [picking_buffer = {86: 340.6547117431557}]
2026-07-13 07:25:29 DEBUG:    EVENT NUM 885   current_time = 00:05:40   START_PICKING         [queue size = 41]
2026-07-13 07:25:29 DEBUG: Processing task 86 at workstation 4: picking items {3909} for orders {23}
2026-07-13 07:25:29 DEBUG:    EVENT NUM 886   current_time = 00:05:41   END_PICKING           [queue size = 41]
2026-07-13 07:25:29 DEBUG: Ended picking at workstation 1.    [picking_buffer len = {}]
2026-07-13 07:25:29 DEBUG: Task should have served orders {77}, found open orders {35, 77, 82, 25}.
2026-07-13 07:25:29 DEBUG: Task 62 completed: pod 365 returning to storage.
2026-07-13 07:25:29 DEBUG:    EVENT NUM 887   current_time = 00:05:42   ARRIVAL_POD_WST       [queue size = 41]
2026-07-13 07:25:29 DEBUG: Pod 598 arrived at workstation 8 - status = IDLE
2026-07-13 07:25:29 DEBUG: Pod queued at workstation.    [picking_buffer = {75: 342.37781584587316}]
2026-07-13 07:25:29 DEBUG:    EVENT NUM 888   current_time = 00:05:42   START_PICKING         [queue size = 41]
2026-07-13 07:25:29 DEBUG: Processing task 75 at workstation 8: picking items {7431} for orders {37}
2026-07-13 07:25:29 DEBUG:    EVENT NUM 889   current_time = 00:05:42   ARRIVAL_POD_WST       [queue size = 41]
2026-07-13 07:25:29 DEBUG: Pod 33 arrived at workstation 1 - status = IDLE
2026-07-13 07:25:29 DEBUG: Pod queued at workstation.    [picking_buffer = {43: 342.4964009459623}]
2026-07-13 07:25:29 DEBUG:    EVENT NUM 890   current_time = 00:05:42   START_PICKING         [queue size = 41]
2026-07-13 07:25:29 DEBUG: Processing task 43 at workstation 1: picking items {6520} for orders {35}
2026-07-13 07:25:29 DEBUG:    EVENT NUM 891   current_time = 00:05:44   RETURN_POD            [queue size = 41]
2026-07-13 07:25:29 DEBUG: Pod 754 returned. Robot 21 idle.   [idle robots = 1/40, released tasks = 64]
2026-07-13 07:25:29 DEBUG:    EVENT NUM 892   current_time = 00:05:44   START_TASK            [queue size = 41]
2026-07-13 07:25:29 DEBUG: Task 96 started: robot 21 → pod 569 → workstation 5 for orders {38} (arrival = 476.6 s).   [idle robots = 0/40]
2026-07-13 07:25:29 DEBUG:    EVENT NUM 893   current_time = 00:05:45   ARRIVAL_ORDER         [queue size = 41]
2026-07-13 07:25:29 DEBUG: Order 168 arrived: items_required = [5648, 7533, 5167].     [orders_in_system = 115]
2026-07-13 07:25:29 DEBUG:    EVENT NUM 894   current_time = 00:05:47   ARRIVAL_POD_WST       [queue size = 41]
2026-07-13 07:25:29 DEBUG: Pod 476 arrived at workstation 8 - status = BUSY
2026-07-13 07:25:29 DEBUG: Pod queued at workstation.    [picking_buffer = {76: 347.62392085836484}]
2026-07-13 07:25:29 DEBUG:    EVENT NUM 895   current_time = 00:05:48   END_PICKING           [queue size = 40]
2026-07-13 07:25:29 DEBUG: Ended picking at workstation 0.    [picking_buffer len = {}]
2026-07-13 07:25:29 DEBUG: Task should have served orders {89}, found open orders {98, 36, 13, 89}.
2026-07-13 07:25:29 DEBUG: Task 49 heading to workstation 0.
2026-07-13 07:25:29 DEBUG:    EVENT NUM 896   current_time = 00:05:48   CLOSE_ORDER           [queue size = 41]
2026-07-13 07:25:29 DEBUG: Order 89 closed at workstation 0: flow_time = 348.4 s.     [order_buffer = 1] [open_orders = 3/4]
2026-07-13 07:25:29 DEBUG: Next order in buffer: 40
2026-07-13 07:25:29 DEBUG:    EVENT NUM 897   current_time = 00:05:48   ARRIVAL_POD_WST       [queue size = 41]
2026-07-13 07:25:29 DEBUG: Pod 355 arrived at workstation 0 - status = IDLE
2026-07-13 07:25:29 DEBUG: Pod queued at workstation.    [picking_buffer = {49: 348.42380925050196}]
2026-07-13 07:25:29 DEBUG:    EVENT NUM 898   current_time = 00:05:48   OPEN_ORDER            [queue size = 41]
2026-07-13 07:25:29 DEBUG: Order 40 (skus required = {12176, 8034}) opened at workstation 0.   [open_orders = 4/4]
2026-07-13 07:25:29 DEBUG:    EVENT NUM 899   current_time = 00:05:48   START_PICKING         [queue size = 42]
2026-07-13 07:25:29 DEBUG: Processing task 49 at workstation 0: picking items {6889} for orders {13}
2026-07-13 07:25:29 DEBUG:    EVENT NUM 900   current_time = 00:05:48   START_TASK            [queue size = 42]
2026-07-13 07:25:29 DEBUG: Task 97 blocked: no idle robots.
2026-07-13 07:25:29 DEBUG:    EVENT NUM 901   current_time = 00:05:48   START_PICKING         [queue size = 41]
2026-07-13 07:25:29 DEBUG:    EVENT NUM 902   current_time = 00:05:50   ARRIVAL_ORDER         [queue size = 40]
2026-07-13 07:25:29 DEBUG: Order 169 arrived: items_required = [12491].     [orders_in_system = 115]
2026-07-13 07:25:29 DEBUG:    EVENT NUM 903   current_time = 00:05:50   END_PICKING           [queue size = 40]
2026-07-13 07:25:29 DEBUG: Ended picking at workstation 4.    [picking_buffer len = {}]
2026-07-13 07:25:29 DEBUG: Task should have served orders {23}, found open orders {15, 84, 21, 23}.
2026-07-13 07:25:29 DEBUG: Task 86 completed: pod 676 returning to storage.
2026-07-13 07:25:29 DEBUG:    EVENT NUM 904   current_time = 00:05:50   CLOSE_ORDER           [queue size = 41]
2026-07-13 07:25:29 DEBUG: Order 23 closed at workstation 4: flow_time = 350.7 s.     [order_buffer = 0] [open_orders = 3/4]
2026-07-13 07:25:29 DEBUG:    EVENT NUM 905   current_time = 00:05:52   END_PICKING           [queue size = 40]
2026-07-13 07:25:29 DEBUG: Ended picking at workstation 8.    [picking_buffer len = {76: 347.62392085836484}]
2026-07-13 07:25:29 DEBUG: Task should have served orders {37}, found open orders {0, 37, 93, 30}.
2026-07-13 07:25:29 DEBUG: Task 75 completed: pod 598 returning to storage.
2026-07-13 07:25:29 DEBUG:    EVENT NUM 906   current_time = 00:05:52   CLOSE_ORDER           [queue size = 42]
2026-07-13 07:25:29 DEBUG: Order 37 closed at workstation 8: flow_time = 352.4 s.     [order_buffer = 5] [open_orders = 3/4]
2026-07-13 07:25:29 DEBUG: Next order in buffer: 55
2026-07-13 07:25:29 DEBUG:    EVENT NUM 907   current_time = 00:05:52   START_PICKING         [queue size = 42]
2026-07-13 07:25:29 DEBUG: Processing task 76 at workstation 8: picking items {11906} for orders {30}
2026-07-13 07:25:29 DEBUG:    EVENT NUM 908   current_time = 00:05:52   OPEN_ORDER            [queue size = 42]
2026-07-13 07:25:29 DEBUG: Order 55 (skus required = {2488, 7595, 10045}) opened at workstation 8.   [open_orders = 4/4]
2026-07-13 07:25:29 DEBUG:    EVENT NUM 909   current_time = 00:05:52   START_TASK            [queue size = 42]
2026-07-13 07:25:29 DEBUG: Task 97 blocked: no idle robots.
2026-07-13 07:25:29 DEBUG:    EVENT NUM 910   current_time = 00:05:52   END_PICKING           [queue size = 41]
2026-07-13 07:25:29 DEBUG: Ended picking at workstation 1.    [picking_buffer len = {}]
2026-07-13 07:25:29 DEBUG: Task should have served orders {35}, found open orders {35, 77, 82, 25}.
2026-07-13 07:25:29 DEBUG: Task 43 heading to workstation 1.
2026-07-13 07:25:29 DEBUG:    EVENT NUM 911   current_time = 00:05:52   CLOSE_ORDER           [queue size = 42]
2026-07-13 07:25:29 DEBUG: Order 35 closed at workstation 1: flow_time = 352.5 s.     [order_buffer = 0] [open_orders = 3/4]
2026-07-13 07:25:29 DEBUG:    EVENT NUM 912   current_time = 00:05:52   ARRIVAL_POD_WST       [queue size = 41]
2026-07-13 07:25:29 DEBUG: Pod 33 arrived at workstation 1 - status = IDLE
2026-07-13 07:25:29 DEBUG: Pod queued at workstation.    [picking_buffer = {43: 352.4964009459623}]
2026-07-13 07:25:29 DEBUG:    EVENT NUM 913   current_time = 00:05:52   START_PICKING         [queue size = 41]
2026-07-13 07:25:29 DEBUG: Processing task 43 at workstation 1: picking items {5691} for orders {82}
2026-07-13 07:25:29 DEBUG:    EVENT NUM 914   current_time = 00:05:55   ARRIVAL_ORDER         [queue size = 41]
2026-07-13 07:25:29 DEBUG: Order 170 arrived: items_required = [12971].     [orders_in_system = 113]
2026-07-13 07:25:29 DEBUG:    EVENT NUM 915   current_time = 00:05:58   END_PICKING           [queue size = 41]
2026-07-13 07:25:29 DEBUG: Ended picking at workstation 0.    [picking_buffer len = {}]
2026-07-13 07:25:29 DEBUG: Task should have served orders {13}, found open orders {98, 36, 40, 13}.
2026-07-13 07:25:29 DEBUG: Task 49 completed: pod 355 returning to storage.
2026-07-13 07:25:29 DEBUG:    EVENT NUM 916   current_time = 00:05:58   ARRIVAL_POD_WST       [queue size = 41]
2026-07-13 07:25:29 DEBUG: Pod 108 arrived at workstation 0 - status = IDLE
2026-07-13 07:25:29 DEBUG: Pod queued at workstation.    [picking_buffer = {60: 358.7701794024549}]
2026-07-13 07:25:29 DEBUG:    EVENT NUM 917   current_time = 00:05:58   START_PICKING         [queue size = 41]
2026-07-13 07:25:29 DEBUG: Processing task 60 at workstation 0: picking items {11509} for orders {13}
2026-07-13 07:25:29 DEBUG:    EVENT NUM 918   current_time = 00:05:59   ARRIVAL_POD_WST       [queue size = 41]
2026-07-13 07:25:29 DEBUG: Pod 85 arrived at workstation 0 - status = BUSY
2026-07-13 07:25:29 DEBUG: Pod queued at workstation.    [picking_buffer = {48: 359.03543685203}]
2026-07-13 07:25:29 DEBUG:    EVENT NUM 919   current_time = 00:06:00   ARRIVAL_ORDER         [queue size = 40]
2026-07-13 07:25:29 DEBUG: Order 171 arrived: items_required = [12928].     [orders_in_system = 114]
2026-07-13 07:25:29 DEBUG:    EVENT NUM 920   current_time = 00:06:00   RETURN_POD            [queue size = 40]
2026-07-13 07:25:29 DEBUG: Pod 275 returned. Robot 0 idle.   [idle robots = 1/40, released tasks = 63]
2026-07-13 07:25:29 DEBUG:    EVENT NUM 921   current_time = 00:06:00   START_TASK            [queue size = 40]
2026-07-13 07:25:29 DEBUG: Task 97 started: robot 0 → pod 394 → workstation 4 for orders {84} (arrival = 479.5 s).   [idle robots = 0/40]
2026-07-13 07:25:29 DEBUG:    EVENT NUM 922   current_time = 00:06:02   END_PICKING           [queue size = 40]
2026-07-13 07:25:29 DEBUG: Ended picking at workstation 8.    [picking_buffer len = {}]
2026-07-13 07:25:29 DEBUG: Task should have served orders {30}, found open orders {0, 55, 93, 30}.
2026-07-13 07:25:29 DEBUG: Task 76 completed: pod 476 returning to storage.
2026-07-13 07:25:29 DEBUG:    EVENT NUM 923   current_time = 00:06:02   CLOSE_ORDER           [queue size = 41]
2026-07-13 07:25:29 DEBUG: Order 30 closed at workstation 8: flow_time = 362.4 s.     [order_buffer = 4] [open_orders = 3/4]
2026-07-13 07:25:29 DEBUG: Next order in buffer: 94
2026-07-13 07:25:29 DEBUG:    EVENT NUM 924   current_time = 00:06:02   OPEN_ORDER            [queue size = 41]
2026-07-13 07:25:29 DEBUG: Order 94 (skus required = {10968, 5914}) opened at workstation 8.   [open_orders = 4/4]
2026-07-13 07:25:29 DEBUG:    EVENT NUM 925   current_time = 00:06:02   START_TASK            [queue size = 41]
2026-07-13 07:25:29 DEBUG: Task 98 blocked: no idle robots.
2026-07-13 07:25:29 DEBUG:    EVENT NUM 926   current_time = 00:06:02   END_PICKING           [queue size = 40]
2026-07-13 07:25:29 DEBUG: Ended picking at workstation 1.    [picking_buffer len = {}]
2026-07-13 07:25:29 DEBUG: Task should have served orders {82}, found open orders {77, 82, 25}.
2026-07-13 07:25:29 DEBUG: Task 43 completed: pod 33 returning to storage.
2026-07-13 07:25:29 DEBUG:    EVENT NUM 927   current_time = 00:06:02   CLOSE_ORDER           [queue size = 41]
2026-07-13 07:25:29 DEBUG: Order 82 closed at workstation 1: flow_time = 362.5 s.     [order_buffer = 0] [open_orders = 2/4]
2026-07-13 07:25:29 DEBUG:    EVENT NUM 928   current_time = 00:06:05   ARRIVAL_ORDER         [queue size = 40]
2026-07-13 07:25:29 DEBUG: Order 172 arrived: items_required = [5721].     [orders_in_system = 113]
2026-07-13 07:25:29 DEBUG:    EVENT NUM 929   current_time = 00:06:08   RETURN_POD            [queue size = 40]
2026-07-13 07:25:29 DEBUG: Pod 516 returned. Robot 27 idle.   [idle robots = 1/40, released tasks = 62]
2026-07-13 07:25:29 DEBUG:    EVENT NUM 930   current_time = 00:06:08   START_TASK            [queue size = 40]
2026-07-13 07:25:29 DEBUG: Task 98 started: robot 27 → pod 13 → workstation 3 for orders {50} (arrival = 485.4 s).   [idle robots = 0/40]
2026-07-13 07:25:29 DEBUG:    EVENT NUM 931   current_time = 00:06:08   ARRIVAL_POD_WST       [queue size = 40]
2026-07-13 07:25:29 DEBUG: Pod 753 arrived at workstation 2 - status = IDLE
2026-07-13 07:25:29 DEBUG: Pod queued at workstation.    [picking_buffer = {84: 368.6008158636398}]
2026-07-13 07:25:29 DEBUG:    EVENT NUM 932   current_time = 00:06:08   START_PICKING         [queue size = 40]
2026-07-13 07:25:29 DEBUG: Processing task 84 at workstation 2: picking items {11082} for orders {54}
2026-07-13 07:25:29 DEBUG:    EVENT NUM 933   current_time = 00:06:08   END_PICKING           [queue size = 40]
2026-07-13 07:25:29 DEBUG: Ended picking at workstation 0.    [picking_buffer len = {48: 359.03543685203}]
2026-07-13 07:25:29 DEBUG: Task should have served orders {13}, found open orders {98, 36, 40, 13}.
2026-07-13 07:25:29 DEBUG: Task 60 completed: pod 108 returning to storage.
2026-07-13 07:25:29 DEBUG:    EVENT NUM 934   current_time = 00:06:08   START_PICKING         [queue size = 41]
2026-07-13 07:25:29 DEBUG: Processing task 48 at workstation 0: picking items {3274} for orders {36}
2026-07-13 07:25:29 DEBUG:    EVENT NUM 935   current_time = 00:06:10   ARRIVAL_ORDER         [queue size = 41]
2026-07-13 07:25:29 DEBUG: Order 173 arrived: items_required = [4934].     [orders_in_system = 114]
2026-07-13 07:25:29 DEBUG:    EVENT NUM 936   current_time = 00:06:12   ARRIVAL_POD_WST       [queue size = 41]
2026-07-13 07:25:29 DEBUG: Pod 726 arrived at workstation 0 - status = BUSY
2026-07-13 07:25:29 DEBUG: Pod queued at workstation.    [picking_buffer = {89: 372.05049123227434}]
2026-07-13 07:25:29 DEBUG:    EVENT NUM 937   current_time = 00:06:12   ARRIVAL_POD_WST       [queue size = 40]
2026-07-13 07:25:29 DEBUG: Pod 154 arrived at workstation 1 - status = IDLE
2026-07-13 07:25:29 DEBUG: Pod queued at workstation.    [picking_buffer = {65: 372.87167556373925}]
2026-07-13 07:25:29 DEBUG:    EVENT NUM 938   current_time = 00:06:12   START_PICKING         [queue size = 40]
2026-07-13 07:25:29 DEBUG: Processing task 65 at workstation 1: picking items {5716} for orders {25}
2026-07-13 07:25:29 DEBUG:    EVENT NUM 939   current_time = 00:06:15   ARRIVAL_ORDER         [queue size = 40]
2026-07-13 07:25:29 DEBUG: Order 174 arrived: items_required = [4109, 5011, 639, 6604, 7665].     [orders_in_system = 115]
2026-07-13 07:25:29 DEBUG:    EVENT NUM 940   current_time = 00:06:15   ARRIVAL_POD_WST       [queue size = 40]
2026-07-13 07:25:29 DEBUG: Pod 543 arrived at workstation 0 - status = BUSY
2026-07-13 07:25:29 DEBUG: Pod queued at workstation.    [picking_buffer = {89: 372.05049123227434, 63: 375.67807114572736}]
2026-07-13 07:25:29 DEBUG:    EVENT NUM 941   current_time = 00:06:18   END_PICKING           [queue size = 39]
2026-07-13 07:25:29 DEBUG: Ended picking at workstation 2.    [picking_buffer len = {}]
2026-07-13 07:25:29 DEBUG: Task should have served orders {54}, found open orders {54}.
2026-07-13 07:25:29 DEBUG: Task 84 completed: pod 753 returning to storage.
2026-07-13 07:25:29 DEBUG:    EVENT NUM 942   current_time = 00:06:18   CLOSE_ORDER           [queue size = 40]
2026-07-13 07:25:29 DEBUG: Order 54 closed at workstation 2: flow_time = 378.6 s.     [order_buffer = 0] [open_orders = 0/4]
2026-07-13 07:25:29 DEBUG:    EVENT NUM 943   current_time = 00:06:18   END_PICKING           [queue size = 39]
2026-07-13 07:25:29 DEBUG: Ended picking at workstation 0.    [picking_buffer len = {89: 372.05049123227434, 63: 375.67807114572736}]
2026-07-13 07:25:29 DEBUG: Task should have served orders {36}, found open orders {98, 36, 40, 13}.
2026-07-13 07:25:29 DEBUG: Task 48 completed: pod 85 returning to storage.
2026-07-13 07:25:29 DEBUG:    EVENT NUM 944   current_time = 00:06:18   CLOSE_ORDER           [queue size = 41]
2026-07-13 07:25:29 DEBUG: Order 36 closed at workstation 0: flow_time = 378.8 s.     [order_buffer = 0] [open_orders = 3/4]
2026-07-13 07:25:29 DEBUG:    EVENT NUM 945   current_time = 00:06:18   START_PICKING         [queue size = 40]
2026-07-13 07:25:29 DEBUG: Processing task 89 at workstation 0: picking items {5721} for orders {98}
2026-07-13 07:25:29 DEBUG:    EVENT NUM 946   current_time = 00:06:20   ARRIVAL_ORDER         [queue size = 40]
2026-07-13 07:25:29 DEBUG: Order 175 arrived: items_required = [4880, 6173].     [orders_in_system = 114]
2026-07-13 07:25:29 DEBUG:    EVENT NUM 947   current_time = 00:06:22   END_PICKING           [queue size = 40]
2026-07-13 07:25:29 DEBUG: Ended picking at workstation 1.    [picking_buffer len = {}]
2026-07-13 07:25:29 DEBUG: Task should have served orders {25}, found open orders {77, 25}.
2026-07-13 07:25:29 DEBUG: Task 65 completed: pod 154 returning to storage.
2026-07-13 07:25:29 DEBUG:    EVENT NUM 948   current_time = 00:06:22   CLOSE_ORDER           [queue size = 41]
2026-07-13 07:25:29 DEBUG: Order 25 closed at workstation 1: flow_time = 382.9 s.     [order_buffer = 0] [open_orders = 1/4]
2026-07-13 07:25:29 DEBUG:    EVENT NUM 949   current_time = 00:06:23   RETURN_POD            [queue size = 40]
2026-07-13 07:25:29 DEBUG: Pod 252 returned. Robot 31 idle.   [idle robots = 1/40, released tasks = 61]
2026-07-13 07:25:29 DEBUG:    EVENT NUM 950   current_time = 00:06:23   START_TASK            [queue size = 40]
2026-07-13 07:25:29 DEBUG: Task 99 started: robot 31 → pod 246 → workstation 3 for orders {1} (arrival = 496.2 s).   [idle robots = 0/40]
2026-07-13 07:25:29 DEBUG:    EVENT NUM 951   current_time = 00:06:25   ARRIVAL_ORDER         [queue size = 40]
2026-07-13 07:25:29 DEBUG: Order 176 arrived: items_required = [7223, 10509].     [orders_in_system = 114]
2026-07-13 07:25:29 DEBUG:    EVENT NUM 952   current_time = 00:06:25   ARRIVAL_POD_WST       [queue size = 40]
2026-07-13 07:25:29 DEBUG: Pod 198 arrived at workstation 7 - status = IDLE
2026-07-13 07:25:29 DEBUG: Pod queued at workstation.    [picking_buffer = {87: 385.4525921400839}]
2026-07-13 07:25:29 DEBUG:    EVENT NUM 953   current_time = 00:06:25   START_PICKING         [queue size = 40]
2026-07-13 07:25:29 DEBUG: Processing task 87 at workstation 7: picking items {6168} for orders {3}
2026-07-13 07:25:29 DEBUG:    EVENT NUM 954   current_time = 00:06:25   ARRIVAL_POD_WST       [queue size = 40]
2026-07-13 07:25:29 DEBUG: Pod 49 arrived at workstation 7 - status = BUSY
2026-07-13 07:25:29 DEBUG: Pod queued at workstation.    [picking_buffer = {82: 385.78444939529993}]
2026-07-13 07:25:29 DEBUG:    EVENT NUM 955   current_time = 00:06:26   ARRIVAL_POD_WST       [queue size = 39]
2026-07-13 07:25:29 DEBUG: Pod 799 arrived at workstation 3 - status = IDLE
2026-07-13 07:25:29 DEBUG: Pod queued at workstation.    [picking_buffer = {91: 386.1973358157265}]
2026-07-13 07:25:29 DEBUG:    EVENT NUM 956   current_time = 00:06:26   START_PICKING         [queue size = 39]
2026-07-13 07:25:29 DEBUG: Processing task 91 at workstation 3: picking items {7148} for orders {1}
2026-07-13 07:25:29 DEBUG:    EVENT NUM 957   current_time = 00:06:26   RETURN_POD            [queue size = 39]
2026-07-13 07:25:29 DEBUG: Pod 462 returned. Robot 2 idle.   [idle robots = 1/40, released tasks = 60]
2026-07-13 07:25:29 DEBUG:    EVENT NUM 958   current_time = 00:06:26   START_TASK            [queue size = 39]
2026-07-13 07:25:29 DEBUG: Task 100 started: robot 2 → pod 838 → workstation 3 for orders {1} (arrival = 496.6 s).   [idle robots = 0/40]
2026-07-13 07:25:29 DEBUG:    EVENT NUM 959   current_time = 00:06:27   ARRIVAL_POD_WST       [queue size = 39]
2026-07-13 07:25:29 DEBUG: Pod 423 arrived at workstation 0 - status = BUSY
2026-07-13 07:25:29 DEBUG: Pod queued at workstation.    [picking_buffer = {63: 375.67807114572736, 68: 387.5441821797854}]
2026-07-13 07:25:29 DEBUG:    EVENT NUM 960   current_time = 00:06:28   END_PICKING           [queue size = 38]
2026-07-13 07:25:29 DEBUG: Ended picking at workstation 0.    [picking_buffer len = {63: 375.67807114572736, 68: 387.5441821797854}]
2026-07-13 07:25:29 DEBUG: Task should have served orders {98}, found open orders {98, 40, 13}.
2026-07-13 07:25:29 DEBUG: Task 89 completed: pod 726 returning to storage.
2026-07-13 07:25:29 DEBUG:    EVENT NUM 961   current_time = 00:06:28   START_PICKING         [queue size = 39]
2026-07-13 07:25:29 DEBUG: Processing task 63 at workstation 0: picking items {12176} for orders {40}
2026-07-13 07:25:29 DEBUG:    EVENT NUM 962   current_time = 00:06:28   RETURN_POD            [queue size = 39]
2026-07-13 07:25:29 DEBUG: Pod 401 returned. Robot 16 idle.   [idle robots = 1/40, released tasks = 59]
2026-07-13 07:25:29 DEBUG:    EVENT NUM 963   current_time = 00:06:28   START_TASK            [queue size = 39]
2026-07-13 07:25:29 DEBUG: Task 101 started: robot 16 → pod 562 → workstation 5 for orders {31} (arrival = 474.4 s).   [idle robots = 0/40]
2026-07-13 07:25:29 DEBUG:    EVENT NUM 964   current_time = 00:06:30   ARRIVAL_ORDER         [queue size = 39]
2026-07-13 07:25:29 DEBUG: Order 177 arrived: items_required = [4398].     [orders_in_system = 115]
2026-07-13 07:25:29 DEBUG:    EVENT NUM 965   current_time = 00:06:33   RETURN_POD            [queue size = 39]
2026-07-13 07:25:29 DEBUG: Pod 676 returned. Robot 36 idle.   [idle robots = 1/40, released tasks = 58]
2026-07-13 07:25:29 DEBUG:    EVENT NUM 966   current_time = 00:06:33   START_TASK            [queue size = 39]
2026-07-13 07:25:29 DEBUG: Task 102 started: robot 36 → pod 802 → workstation 4 for orders {21} (arrival = 460.1 s).   [idle robots = 0/40]
2026-07-13 07:25:29 DEBUG:    EVENT NUM 967   current_time = 00:06:33   ARRIVAL_POD_WST       [queue size = 39]
2026-07-13 07:25:29 DEBUG: Pod 572 arrived at workstation 6 - status = IDLE
2026-07-13 07:25:29 DEBUG: Pod queued at workstation.    [picking_buffer = {80: 393.2407269101874}]
2026-07-13 07:25:29 DEBUG:    EVENT NUM 968   current_time = 00:06:33   START_PICKING         [queue size = 39]
2026-07-13 07:25:29 DEBUG: Processing task 80 at workstation 6: picking items {7340} for orders {39}
2026-07-13 07:25:29 DEBUG:    EVENT NUM 969   current_time = 00:06:34   ARRIVAL_POD_WST       [queue size = 39]
2026-07-13 07:25:29 DEBUG: Pod 171 arrived at workstation 1 - status = IDLE
2026-07-13 07:25:29 DEBUG: Pod queued at workstation.    [picking_buffer = {69: 394.6681907290264}]
2026-07-13 07:25:29 DEBUG:    EVENT NUM 970   current_time = 00:06:34   START_PICKING         [queue size = 39]
2026-07-13 07:25:29 DEBUG: Processing task 69 at workstation 1: picking items {2814} for orders {77}
2026-07-13 07:25:29 DEBUG:    EVENT NUM 971   current_time = 00:06:35   ARRIVAL_ORDER         [queue size = 39]
2026-07-13 07:25:29 DEBUG: Order 178 arrived: items_required = [11342, 8418, 1758].     [orders_in_system = 116]
2026-07-13 07:25:29 DEBUG:    EVENT NUM 972   current_time = 00:06:35   END_PICKING           [queue size = 39]
2026-07-13 07:25:29 DEBUG: Ended picking at workstation 7.    [picking_buffer len = {82: 385.78444939529993}]
2026-07-13 07:25:29 DEBUG: Task should have served orders {3}, found open orders {3, 57, 91, 63}.
2026-07-13 07:25:29 DEBUG: Task 87 completed: pod 198 returning to storage.
2026-07-13 07:25:29 DEBUG:    EVENT NUM 973   current_time = 00:06:35   CLOSE_ORDER           [queue size = 41]
2026-07-13 07:25:29 DEBUG: Order 3 closed at workstation 7: flow_time = 395.5 s.     [order_buffer = 2] [open_orders = 3/4]
2026-07-13 07:25:29 DEBUG: Next order in buffer: 10
2026-07-13 07:25:29 DEBUG:    EVENT NUM 974   current_time = 00:06:35   START_PICKING         [queue size = 41]
2026-07-13 07:25:29 DEBUG: Processing task 82 at workstation 7: picking items {5429} for orders {91}
2026-07-13 07:25:29 DEBUG:    EVENT NUM 975   current_time = 00:06:35   OPEN_ORDER            [queue size = 41]
2026-07-13 07:25:29 DEBUG: Order 10 (skus required = {2050, 5590, 4543}) opened at workstation 7.   [open_orders = 4/4]
2026-07-13 07:25:29 DEBUG:    EVENT NUM 976   current_time = 00:06:35   START_TASK            [queue size = 41]
2026-07-13 07:25:29 DEBUG: Task 103 blocked: no idle robots.
2026-07-13 07:25:29 DEBUG:    EVENT NUM 977   current_time = 00:06:36   END_PICKING           [queue size = 40]
2026-07-13 07:25:29 DEBUG: Ended picking at workstation 3.    [picking_buffer len = {}]
2026-07-13 07:25:29 DEBUG: Task should have served orders {1}, found open orders {1, 99, 50, 24}.
2026-07-13 07:25:29 DEBUG: Task 91 completed: pod 799 returning to storage.
2026-07-13 07:25:29 DEBUG:    EVENT NUM 978   current_time = 00:06:37   ARRIVAL_POD_WST       [queue size = 40]
2026-07-13 07:25:29 DEBUG: Pod 563 arrived at workstation 0 - status = BUSY
2026-07-13 07:25:29 DEBUG: Pod queued at workstation.    [picking_buffer = {68: 387.5441821797854, 81: 397.62206763187817}]
2026-07-13 07:25:29 DEBUG:    EVENT NUM 979   current_time = 00:06:38   END_PICKING           [queue size = 39]
2026-07-13 07:25:29 DEBUG: Ended picking at workstation 0.    [picking_buffer len = {68: 387.5441821797854, 81: 397.62206763187817}]
2026-07-13 07:25:29 DEBUG: Task should have served orders {40}, found open orders {98, 40, 13}.
2026-07-13 07:25:29 DEBUG: Task 63 completed: pod 543 returning to storage.
2026-07-13 07:25:29 DEBUG:    EVENT NUM 980   current_time = 00:06:38   START_PICKING         [queue size = 40]
2026-07-13 07:25:29 DEBUG: Processing task 68 at workstation 0: picking items {8034} for orders {40}
2026-07-13 07:25:29 DEBUG:    EVENT NUM 981   current_time = 00:06:39   RETURN_POD            [queue size = 40]
2026-07-13 07:25:29 DEBUG: Pod 544 returned. Robot 23 idle.   [idle robots = 1/40, released tasks = 57]
2026-07-13 07:25:29 DEBUG:    EVENT NUM 982   current_time = 00:06:39   START_TASK            [queue size = 40]
2026-07-13 07:25:29 DEBUG: Task 103 started: robot 23 → pod 434 → workstation 4 for orders {15} (arrival = 459.0 s).   [idle robots = 0/40]
2026-07-13 07:25:29 DEBUG:    EVENT NUM 983   current_time = 00:06:40   ARRIVAL_ORDER         [queue size = 40]
2026-07-13 07:25:29 DEBUG: Order 179 arrived: items_required = [6433, 9355, 3740].     [orders_in_system = 116]
2026-07-13 07:25:29 DEBUG:    EVENT NUM 984   current_time = 00:06:43   END_PICKING           [queue size = 40]
2026-07-13 07:25:29 DEBUG: Ended picking at workstation 6.    [picking_buffer len = {}]
2026-07-13 07:25:29 DEBUG: Task should have served orders {39}, found open orders {39, 44, 81, 22}.
2026-07-13 07:25:29 DEBUG: Task 80 completed: pod 572 returning to storage.
2026-07-13 07:25:29 DEBUG:    EVENT NUM 985   current_time = 00:06:43   CLOSE_ORDER           [queue size = 41]
2026-07-13 07:25:29 DEBUG: Order 39 closed at workstation 6: flow_time = 403.2 s.     [order_buffer = 2] [open_orders = 3/4]
2026-07-13 07:25:29 DEBUG: Next order in buffer: 68
2026-07-13 07:25:29 DEBUG:    EVENT NUM 986   current_time = 00:06:43   OPEN_ORDER            [queue size = 41]
2026-07-13 07:25:29 DEBUG: Order 68 (skus required = {7835, 428}) opened at workstation 6.   [open_orders = 4/4]
2026-07-13 07:25:29 DEBUG:    EVENT NUM 987   current_time = 00:06:43   START_TASK            [queue size = 41]
2026-07-13 07:25:29 DEBUG: Task 104 blocked: no idle robots.
2026-07-13 07:25:29 DEBUG:    EVENT NUM 988   current_time = 00:06:44   END_PICKING           [queue size = 40]
2026-07-13 07:25:29 DEBUG: Ended picking at workstation 1.    [picking_buffer len = {}]
2026-07-13 07:25:29 DEBUG: Task should have served orders {77}, found open orders {77}.
2026-07-13 07:25:29 DEBUG: Task 69 completed: pod 171 returning to storage.
2026-07-13 07:25:29 DEBUG:    EVENT NUM 989   current_time = 00:06:44   CLOSE_ORDER           [queue size = 41]
2026-07-13 07:25:29 DEBUG: Order 77 closed at workstation 1: flow_time = 404.7 s.     [order_buffer = 0] [open_orders = 0/4]
2026-07-13 07:25:29 DEBUG:    EVENT NUM 990   current_time = 00:06:45   ARRIVAL_ORDER         [queue size = 40]
2026-07-13 07:25:29 DEBUG: Order 180 arrived: items_required = [6273, 2797].     [orders_in_system = 115]
2026-07-13 07:25:29 DEBUG:    EVENT NUM 991   current_time = 00:06:45   END_PICKING           [queue size = 40]
2026-07-13 07:25:29 DEBUG: Ended picking at workstation 7.    [picking_buffer len = {}]
2026-07-13 07:25:29 DEBUG: Task should have served orders {91}, found open orders {10, 57, 91, 63}.
2026-07-13 07:25:29 DEBUG: Task 82 completed: pod 49 returning to storage.
2026-07-13 07:25:29 DEBUG:    EVENT NUM 992   current_time = 00:06:45   CLOSE_ORDER           [queue size = 41]
2026-07-13 07:25:29 DEBUG: Order 91 closed at workstation 7: flow_time = 405.5 s.     [order_buffer = 1] [open_orders = 3/4]
2026-07-13 07:25:29 DEBUG: Next order in buffer: 52
2026-07-13 07:25:29 DEBUG:    EVENT NUM 993   current_time = 00:06:45   OPEN_ORDER            [queue size = 41]
2026-07-13 07:25:29 DEBUG: Order 52 (skus required = {6850, 4852, 6878, 8238}) opened at workstation 7.   [open_orders = 4/4]
2026-07-13 07:25:29 DEBUG:    EVENT NUM 994   current_time = 00:06:45   START_TASK            [queue size = 41]
2026-07-13 07:25:29 DEBUG: Task 104 blocked: no idle robots.
2026-07-13 07:25:29 DEBUG:    EVENT NUM 995   current_time = 00:06:47   RETURN_POD            [queue size = 40]
2026-07-13 07:25:29 DEBUG: Pod 96 returned. Robot 35 idle.   [idle robots = 1/40, released tasks = 56]
2026-07-13 07:25:29 DEBUG:    EVENT NUM 996   current_time = 00:06:47   START_TASK            [queue size = 40]
2026-07-13 07:25:29 DEBUG: Task 104 started: robot 35 → pod 709 → workstation 6 for orders {81} (arrival = 452.7 s).   [idle robots = 0/40]
2026-07-13 07:25:29 DEBUG:    EVENT NUM 997   current_time = 00:06:47   RETURN_POD            [queue size = 40]
2026-07-13 07:25:29 DEBUG: Pod 512 returned. Robot 11 idle.   [idle robots = 1/40, released tasks = 55]
2026-07-13 07:25:29 DEBUG:    EVENT NUM 998   current_time = 00:06:47   START_TASK            [queue size = 40]
2026-07-13 07:25:29 DEBUG: Task 105 started: robot 11 → pod 137 → workstation 3 for orders {99} (arrival = 516.8 s).   [idle robots = 0/40]
2026-07-13 07:25:29 DEBUG:    EVENT NUM 999   current_time = 00:06:48   END_PICKING           [queue size = 40]
2026-07-13 07:25:29 DEBUG: Ended picking at workstation 0.    [picking_buffer len = {81: 397.62206763187817}]
2026-07-13 07:25:29 DEBUG: Task should have served orders {40}, found open orders {98, 40, 13}.
2026-07-13 07:25:29 DEBUG: Task 68 completed: pod 423 returning to storage.
2026-07-13 07:25:29 DEBUG:    EVENT NUM 1000  current_time = 00:06:48   CLOSE_ORDER           [queue size = 42]
2026-07-13 07:25:29 DEBUG: Order 40 closed at workstation 0: flow_time = 408.8 s.     [order_buffer = 0] [open_orders = 2/4]
2026-07-13 07:25:29 DEBUG:    EVENT NUM 1001  current_time = 00:06:48   START_PICKING         [queue size = 41]
2026-07-13 07:25:29 DEBUG: Processing task 81 at workstation 0: picking items {8132} for orders {13}
2026-07-13 07:25:29 DEBUG:    EVENT NUM 1002  current_time = 00:06:50   ARRIVAL_ORDER         [queue size = 41]
2026-07-13 07:25:29 DEBUG: Order 181 arrived: items_required = [4680, 4370, 7669].     [orders_in_system = 114]
2026-07-13 07:25:29 DEBUG:    EVENT NUM 1003  current_time = 00:06:51   RETURN_POD            [queue size = 41]
2026-07-13 07:25:29 DEBUG: Pod 468 returned. Robot 30 idle.   [idle robots = 1/40, released tasks = 54]
2026-07-13 07:25:29 DEBUG:    EVENT NUM 1004  current_time = 00:06:51   START_TASK            [queue size = 41]
2026-07-13 07:25:29 DEBUG: Task 107 started: robot 30 → pod 193 → workstation 3 for orders {24} (arrival = 503.0 s).   [idle robots = 0/40]
2026-07-13 07:25:29 DEBUG:    EVENT NUM 1005  current_time = 00:06:53   RETURN_POD            [queue size = 41]
2026-07-13 07:25:29 DEBUG: Pod 380 returned. Robot 18 idle.   [idle robots = 1/40, released tasks = 53]
2026-07-13 07:25:29 DEBUG:    EVENT NUM 1006  current_time = 00:06:53   START_TASK            [queue size = 41]
2026-07-13 07:25:29 DEBUG: Task 108 started: robot 18 → pod 125 → workstation 4 for orders {21} (arrival = 576.1 s).   [idle robots = 0/40]
2026-07-13 07:25:29 DEBUG:    EVENT NUM 1007  current_time = 00:06:55   ARRIVAL_ORDER         [queue size = 41]
2026-07-13 07:25:29 DEBUG: Order 182 arrived: items_required = [9403, 5966, 1014].     [orders_in_system = 115]
2026-07-13 07:25:29 DEBUG:    EVENT NUM 1008  current_time = 00:06:55   ARRIVAL_POD_WST       [queue size = 41]
2026-07-13 07:25:29 DEBUG: Pod 282 arrived at workstation 3 - status = IDLE
2026-07-13 07:25:29 DEBUG: Pod queued at workstation.    [picking_buffer = {94: 415.22164178529226}]
2026-07-13 07:25:29 DEBUG:    EVENT NUM 1009  current_time = 00:06:55   START_PICKING         [queue size = 41]
2026-07-13 07:25:29 DEBUG: Processing task 94 at workstation 3: picking items {6430} for orders {50}
2026-07-13 07:25:29 DEBUG:    EVENT NUM 1010  current_time = 00:06:58   END_PICKING           [queue size = 41]
2026-07-13 07:25:29 DEBUG: Ended picking at workstation 0.    [picking_buffer len = {}]
2026-07-13 07:25:29 DEBUG: Task should have served orders {13}, found open orders {98, 13}.
2026-07-13 07:25:29 DEBUG: Task 81 completed: pod 563 returning to storage.
2026-07-13 07:25:29 DEBUG:    EVENT NUM 1011  current_time = 00:06:58   CLOSE_ORDER           [queue size = 42]
2026-07-13 07:25:29 DEBUG: Order 13 closed at workstation 0: flow_time = 418.8 s.     [order_buffer = 0] [open_orders = 1/4]
2026-07-13 07:25:29 DEBUG:    EVENT NUM 1012  current_time = 00:07:00   ARRIVAL_ORDER         [queue size = 41]
2026-07-13 07:25:29 DEBUG: Order 183 arrived: items_required = [4784, 8152].     [orders_in_system = 115]
2026-07-13 07:25:29 DEBUG:    EVENT NUM 1013  current_time = 00:07:05   ARRIVAL_ORDER         [queue size = 41]
2026-07-13 07:25:29 DEBUG: Order 184 arrived: items_required = [10079].     [orders_in_system = 116]
2026-07-13 07:25:29 DEBUG:    EVENT NUM 1014  current_time = 00:07:05   END_PICKING           [queue size = 41]
2026-07-13 07:25:29 DEBUG: Ended picking at workstation 3.    [picking_buffer len = {}]
2026-07-13 07:25:29 DEBUG: Task should have served orders {50}, found open orders {1, 99, 50, 24}.
2026-07-13 07:25:29 DEBUG: Task 94 completed: pod 282 returning to storage.
2026-07-13 07:25:29 DEBUG:    EVENT NUM 1015  current_time = 00:07:10   ARRIVAL_ORDER         [queue size = 41]
2026-07-13 07:25:29 DEBUG: Order 185 arrived: items_required = [8180].     [orders_in_system = 117]
2026-07-13 07:25:29 DEBUG:    EVENT NUM 1016  current_time = 00:07:15   ARRIVAL_ORDER         [queue size = 41]
2026-07-13 07:25:29 DEBUG: Order 186 arrived: items_required = [9311].     [orders_in_system = 118]
2026-07-13 07:25:29 DEBUG:    EVENT NUM 1017  current_time = 00:07:16   RETURN_POD            [queue size = 41]
2026-07-13 07:25:29 DEBUG: Pod 26 returned. Robot 14 idle.   [idle robots = 1/40, released tasks = 52]
2026-07-13 07:25:29 DEBUG:    EVENT NUM 1018  current_time = 00:07:16   START_TASK            [queue size = 41]
2026-07-13 07:25:29 DEBUG: Task 109 started: robot 14 → pod 53 → workstation 5 for orders {31} (arrival = 573.6 s).   [idle robots = 0/40]
2026-07-13 07:25:29 DEBUG:    EVENT NUM 1019  current_time = 00:07:18   ARRIVAL_POD_WST       [queue size = 41]
2026-07-13 07:25:29 DEBUG: Pod 206 arrived at workstation 5 - status = IDLE
2026-07-13 07:25:29 DEBUG: Pod queued at workstation.    [picking_buffer = {85: 438.9508648331574}]
2026-07-13 07:25:29 DEBUG:    EVENT NUM 1020  current_time = 00:07:18   START_PICKING         [queue size = 41]
2026-07-13 07:25:29 DEBUG: Processing task 85 at workstation 5: picking items {5005} for orders {83}
2026-07-13 07:25:29 DEBUG:    EVENT NUM 1021  current_time = 00:07:20   ARRIVAL_ORDER         [queue size = 41]
2026-07-13 07:25:29 DEBUG: Order 187 arrived: items_required = [452, 2072].     [orders_in_system = 119]
2026-07-13 07:25:29 DEBUG:    EVENT NUM 1022  current_time = 00:07:22   RETURN_POD            [queue size = 41]
2026-07-13 07:25:29 DEBUG: Pod 726 returned. Robot 28 idle.   [idle robots = 1/40, released tasks = 51]
2026-07-13 07:25:29 DEBUG:    EVENT NUM 1023  current_time = 00:07:22   START_TASK            [queue size = 41]
2026-07-13 07:25:29 DEBUG: Task 110 started: robot 28 → pod 57 → workstation 3 for orders {24} (arrival = 618.1 s).   [idle robots = 0/40]
2026-07-13 07:25:29 DEBUG:    EVENT NUM 1024  current_time = 00:07:25   ARRIVAL_ORDER         [queue size = 41]
2026-07-13 07:25:29 DEBUG: Order 188 arrived: items_required = [6091, 4062].     [orders_in_system = 120]
2026-07-13 07:25:29 DEBUG:    EVENT NUM 1025  current_time = 00:07:28   END_PICKING           [queue size = 41]
2026-07-13 07:25:29 DEBUG: Ended picking at workstation 5.    [picking_buffer len = {}]
2026-07-13 07:25:29 DEBUG: Task should have served orders {83}, found open orders {65, 38, 83, 31}.
2026-07-13 07:25:29 DEBUG: Task 85 heading to workstation 5.
2026-07-13 07:25:29 DEBUG:    EVENT NUM 1026  current_time = 00:07:28   CLOSE_ORDER           [queue size = 42]
2026-07-13 07:25:29 DEBUG: Order 83 closed at workstation 5: flow_time = 449.0 s.     [order_buffer = 3] [open_orders = 3/4]
2026-07-13 07:25:29 DEBUG: Next order in buffer: 43
2026-07-13 07:25:29 DEBUG:    EVENT NUM 1027  current_time = 00:07:28   ARRIVAL_POD_WST       [queue size = 42]
2026-07-13 07:25:29 DEBUG: Pod 206 arrived at workstation 5 - status = IDLE
2026-07-13 07:25:29 DEBUG: Pod queued at workstation.    [picking_buffer = {85: 448.9508648331574}]
2026-07-13 07:25:29 DEBUG:    EVENT NUM 1028  current_time = 00:07:28   OPEN_ORDER            [queue size = 42]
2026-07-13 07:25:29 DEBUG: Order 43 (skus required = {10732, 9743, 8664, 6874, 7102}) opened at workstation 5.   [open_orders = 4/4]
2026-07-13 07:25:29 DEBUG:    EVENT NUM 1029  current_time = 00:07:28   START_PICKING         [queue size = 43]
2026-07-13 07:25:29 DEBUG: Processing task 85 at workstation 5: picking items {4645} for orders {38}
2026-07-13 07:25:29 DEBUG:    EVENT NUM 1030  current_time = 00:07:28   START_TASK            [queue size = 43]
2026-07-13 07:25:29 DEBUG: Task 111 blocked: no idle robots.
2026-07-13 07:25:29 DEBUG:    EVENT NUM 1031  current_time = 00:07:28   START_PICKING         [queue size = 42]
2026-07-13 07:25:29 DEBUG:    EVENT NUM 1032  current_time = 00:07:29   RETURN_POD            [queue size = 41]
2026-07-13 07:25:29 DEBUG: Pod 799 returned. Robot 26 idle.   [idle robots = 1/40, released tasks = 50]
2026-07-13 07:25:29 DEBUG:    EVENT NUM 1033  current_time = 00:07:29   START_TASK            [queue size = 41]
2026-07-13 07:25:29 DEBUG: Task 111 started: robot 26 → pod 227 → workstation 4 for orders {15} (arrival = 545.9 s).   [idle robots = 0/40]
2026-07-13 07:25:29 DEBUG:    EVENT NUM 1034  current_time = 00:07:30   ARRIVAL_ORDER         [queue size = 41]
2026-07-13 07:25:29 DEBUG: Order 189 arrived: items_required = [13207].     [orders_in_system = 120]
2026-07-13 07:25:29 DEBUG:    EVENT NUM 1035  current_time = 00:07:32   ARRIVAL_POD_WST       [queue size = 41]
2026-07-13 07:25:29 DEBUG: Pod 709 arrived at workstation 6 - status = IDLE
2026-07-13 07:25:29 DEBUG: Pod queued at workstation.    [picking_buffer = {104: 452.69025014534196}]
2026-07-13 07:25:29 DEBUG:    EVENT NUM 1036  current_time = 00:07:32   START_PICKING         [queue size = 41]
2026-07-13 07:25:29 DEBUG: Processing task 104 at workstation 6: picking items {6436} for orders {81}
2026-07-13 07:25:29 DEBUG:    EVENT NUM 1037  current_time = 00:07:35   ARRIVAL_ORDER         [queue size = 41]
2026-07-13 07:25:29 DEBUG: Order 190 arrived: items_required = [7036, 5686, 4803].     [orders_in_system = 121]
2026-07-13 07:25:29 DEBUG:    EVENT NUM 1038  current_time = 00:07:37   ARRIVAL_POD_WST       [queue size = 41]
2026-07-13 07:25:29 DEBUG: Pod 335 arrived at workstation 3 - status = IDLE
2026-07-13 07:25:29 DEBUG: Pod queued at workstation.    [picking_buffer = {93: 457.1339230177422}]
2026-07-13 07:25:29 DEBUG:    EVENT NUM 1039  current_time = 00:07:37   START_PICKING         [queue size = 41]
2026-07-13 07:25:29 DEBUG: Processing task 93 at workstation 3: picking items {3167} for orders {1}
2026-07-13 07:25:29 DEBUG:    EVENT NUM 1040  current_time = 00:07:37   RETURN_POD            [queue size = 41]
2026-07-13 07:25:29 DEBUG: Pod 365 returned. Robot 6 idle.   [idle robots = 1/40, released tasks = 49]
2026-07-13 07:25:29 DEBUG:    EVENT NUM 1041  current_time = 00:07:37   START_TASK            [queue size = 41]
2026-07-13 07:25:29 DEBUG: Task 112 started: robot 6 → pod 387 → workstation 6 for orders {22} (arrival = 592.0 s).   [idle robots = 0/40]
2026-07-13 07:25:29 DEBUG:    EVENT NUM 1042  current_time = 00:07:37   ARRIVAL_POD_WST       [queue size = 41]
2026-07-13 07:25:29 DEBUG: Pod 32 arrived at workstation 0 - status = IDLE
2026-07-13 07:25:29 DEBUG: Pod queued at workstation.    [picking_buffer = {88: 457.4147905184095}]
2026-07-13 07:25:29 DEBUG:    EVENT NUM 1043  current_time = 00:07:37   START_PICKING         [queue size = 41]
2026-07-13 07:25:29 DEBUG: Processing task 88 at workstation 0: picking items {2573} for orders {98}
2026-07-13 07:25:29 DEBUG:    EVENT NUM 1044  current_time = 00:07:38   RETURN_POD            [queue size = 41]
2026-07-13 07:25:29 DEBUG: Pod 598 returned. Robot 1 idle.   [idle robots = 1/40, released tasks = 48]
2026-07-13 07:25:29 DEBUG:    EVENT NUM 1045  current_time = 00:07:38   START_TASK            [queue size = 41]
2026-07-13 07:25:29 DEBUG: Task 113 started: robot 1 → pod 779 → workstation 3 for orders {99} (arrival = 581.0 s).   [idle robots = 0/40]
2026-07-13 07:25:29 DEBUG:    EVENT NUM 1046  current_time = 00:07:38   ARRIVAL_POD_WST       [queue size = 41]
2026-07-13 07:25:29 DEBUG: Pod 296 arrived at workstation 8 - status = IDLE
2026-07-13 07:25:29 DEBUG: Pod queued at workstation.    [picking_buffer = {92: 458.4490178212434}]
2026-07-13 07:25:29 DEBUG:    EVENT NUM 1047  current_time = 00:07:38   START_PICKING         [queue size = 41]
2026-07-13 07:25:29 DEBUG: Processing task 92 at workstation 8: picking items {6496} for orders {93}
2026-07-13 07:25:29 DEBUG:    EVENT NUM 1048  current_time = 00:07:38   END_PICKING           [queue size = 41]
2026-07-13 07:25:29 DEBUG: Ended picking at workstation 5.    [picking_buffer len = {}]
2026-07-13 07:25:29 DEBUG: Task should have served orders {38}, found open orders {65, 38, 43, 31}.
2026-07-13 07:25:29 DEBUG: Task 85 completed: pod 206 returning to storage.
2026-07-13 07:25:29 DEBUG:    EVENT NUM 1049  current_time = 00:07:39   ARRIVAL_POD_WST       [queue size = 41]
2026-07-13 07:25:29 DEBUG: Pod 434 arrived at workstation 4 - status = IDLE
2026-07-13 07:25:29 DEBUG: Pod queued at workstation.    [picking_buffer = {103: 459.0466013676972}]
2026-07-13 07:25:29 DEBUG:    EVENT NUM 1050  current_time = 00:07:39   START_PICKING         [queue size = 41]
2026-07-13 07:25:29 DEBUG: Processing task 103 at workstation 4: picking items {3436} for orders {15}
2026-07-13 07:25:29 DEBUG:    EVENT NUM 1051  current_time = 00:07:40   ARRIVAL_ORDER         [queue size = 41]
2026-07-13 07:25:29 DEBUG: Order 191 arrived: items_required = [8242, 1796, 10136].     [orders_in_system = 122]
2026-07-13 07:25:29 DEBUG:    EVENT NUM 1052  current_time = 00:07:40   ARRIVAL_POD_WST       [queue size = 41]
2026-07-13 07:25:29 DEBUG: Pod 802 arrived at workstation 4 - status = BUSY
2026-07-13 07:25:29 DEBUG: Pod queued at workstation.    [picking_buffer = {102: 460.1168378263575}]
2026-07-13 07:25:29 DEBUG:    EVENT NUM 1053  current_time = 00:07:42   END_PICKING           [queue size = 40]
2026-07-13 07:25:29 DEBUG: Ended picking at workstation 6.    [picking_buffer len = {}]
2026-07-13 07:25:29 DEBUG: Task should have served orders {81}, found open orders {68, 44, 81, 22}.
2026-07-13 07:25:29 DEBUG: Task 104 completed: pod 709 returning to storage.
2026-07-13 07:25:29 DEBUG:    EVENT NUM 1054  current_time = 00:07:45   ARRIVAL_ORDER         [queue size = 40]
2026-07-13 07:25:29 DEBUG: Order 192 arrived: items_required = [8367, 2898].     [orders_in_system = 123]
2026-07-13 07:25:29 DEBUG:    EVENT NUM 1055  current_time = 00:07:45   RETURN_POD            [queue size = 40]
2026-07-13 07:25:29 DEBUG: Pod 61 returned. Robot 29 idle.   [idle robots = 1/40, released tasks = 47]
2026-07-13 07:25:29 DEBUG:    EVENT NUM 1056  current_time = 00:07:45   START_TASK            [queue size = 40]
2026-07-13 07:25:29 DEBUG: Task 114 started: robot 29 → pod 870 → workstation 5 for orders {87} (arrival = 572.4 s).   [idle robots = 0/40]
2026-07-13 07:25:29 DEBUG:    EVENT NUM 1057  current_time = 00:07:46   RETURN_POD            [queue size = 40]
2026-07-13 07:25:29 DEBUG: Pod 753 returned. Robot 22 idle.   [idle robots = 1/40, released tasks = 46]
2026-07-13 07:25:29 DEBUG:    EVENT NUM 1058  current_time = 00:07:46   START_TASK            [queue size = 40]
2026-07-13 07:25:29 DEBUG: Task 115 started: robot 22 → pod 107 → workstation 5 for orders {65} (arrival = 572.8 s).   [idle robots = 0/40]
2026-07-13 07:25:29 DEBUG:    EVENT NUM 1059  current_time = 00:07:47   END_PICKING           [queue size = 40]
2026-07-13 07:25:29 DEBUG: Ended picking at workstation 3.    [picking_buffer len = {}]
2026-07-13 07:25:29 DEBUG: Task should have served orders {1}, found open orders {1, 99, 50, 24}.
2026-07-13 07:25:29 DEBUG: Task 93 completed: pod 335 returning to storage.
2026-07-13 07:25:29 DEBUG:    EVENT NUM 1060  current_time = 00:07:47   END_PICKING           [queue size = 40]
2026-07-13 07:25:29 DEBUG: Ended picking at workstation 0.    [picking_buffer len = {}]
2026-07-13 07:25:29 DEBUG: Task should have served orders {98}, found open orders {98}.
2026-07-13 07:25:29 DEBUG: Task 88 completed: pod 32 returning to storage.
2026-07-13 07:25:29 DEBUG:    EVENT NUM 1061  current_time = 00:07:47   CLOSE_ORDER           [queue size = 41]
2026-07-13 07:25:29 DEBUG: Order 98 closed at workstation 0: flow_time = 467.4 s.     [order_buffer = 0] [open_orders = 0/4]
2026-07-13 07:25:29 DEBUG:    EVENT NUM 1062  current_time = 00:07:47   RETURN_POD            [queue size = 40]
2026-07-13 07:25:29 DEBUG: Pod 476 returned. Robot 9 idle.   [idle robots = 1/40, released tasks = 45]
2026-07-13 07:25:29 DEBUG:    EVENT NUM 1063  current_time = 00:07:47   START_TASK            [queue size = 40]
2026-07-13 07:25:29 DEBUG: Task 116 started: robot 9 → pod 842 → workstation 3 for orders {99} (arrival = 553.6 s).   [idle robots = 0/40]
2026-07-13 07:25:29 DEBUG:    EVENT NUM 1064  current_time = 00:07:48   END_PICKING           [queue size = 40]
2026-07-13 07:25:29 DEBUG: Ended picking at workstation 8.    [picking_buffer len = {}]
2026-07-13 07:25:29 DEBUG: Task should have served orders {93}, found open orders {0, 55, 93, 94}.
2026-07-13 07:25:29 DEBUG: Task 92 completed: pod 296 returning to storage.
2026-07-13 07:25:29 DEBUG:    EVENT NUM 1065  current_time = 00:07:48   CLOSE_ORDER           [queue size = 41]
2026-07-13 07:25:29 DEBUG: Order 93 closed at workstation 8: flow_time = 468.4 s.     [order_buffer = 3] [open_orders = 3/4]
2026-07-13 07:25:29 DEBUG: Next order in buffer: 78
2026-07-13 07:25:29 DEBUG:    EVENT NUM 1066  current_time = 00:07:48   OPEN_ORDER            [queue size = 41]
2026-07-13 07:25:29 DEBUG: Order 78 (skus required = {8456, 7451}) opened at workstation 8.   [open_orders = 4/4]
2026-07-13 07:25:29 DEBUG:    EVENT NUM 1067  current_time = 00:07:48   START_TASK            [queue size = 41]
2026-07-13 07:25:29 DEBUG: Task 117 blocked: no idle robots.
2026-07-13 07:25:29 DEBUG:    EVENT NUM 1068  current_time = 00:07:49   END_PICKING           [queue size = 40]
2026-07-13 07:25:29 DEBUG: Ended picking at workstation 4.    [picking_buffer len = {102: 460.1168378263575}]
2026-07-13 07:25:29 DEBUG: Task should have served orders {15}, found open orders {15, 84, 21}.
2026-07-13 07:25:29 DEBUG: Task 103 completed: pod 434 returning to storage.
2026-07-13 07:25:29 DEBUG:    EVENT NUM 1069  current_time = 00:07:49   START_PICKING         [queue size = 41]
2026-07-13 07:25:29 DEBUG: Processing task 102 at workstation 4: picking items {4479} for orders {21}
2026-07-13 07:25:29 DEBUG:    EVENT NUM 1070  current_time = 00:07:50   ARRIVAL_ORDER         [queue size = 41]
2026-07-13 07:25:29 DEBUG: Order 193 arrived: items_required = [3079].     [orders_in_system = 122]
2026-07-13 07:25:29 DEBUG:    EVENT NUM 1071  current_time = 00:07:51   ARRIVAL_POD_WST       [queue size = 41]
2026-07-13 07:25:29 DEBUG: Pod 19 arrived at workstation 3 - status = IDLE
2026-07-13 07:25:29 DEBUG: Pod queued at workstation.    [picking_buffer = {95: 471.80962033311016}]
2026-07-13 07:25:29 DEBUG:    EVENT NUM 1072  current_time = 00:07:51   START_PICKING         [queue size = 41]
2026-07-13 07:25:29 DEBUG: Processing task 95 at workstation 3: picking items {8626} for orders {50}
2026-07-13 07:25:29 DEBUG:    EVENT NUM 1073  current_time = 00:07:54   ARRIVAL_POD_WST       [queue size = 41]
2026-07-13 07:25:29 DEBUG: Pod 562 arrived at workstation 5 - status = IDLE
2026-07-13 07:25:29 DEBUG: Pod queued at workstation.    [picking_buffer = {101: 474.3828063626746}]
2026-07-13 07:25:29 DEBUG:    EVENT NUM 1074  current_time = 00:07:54   START_PICKING         [queue size = 41]
2026-07-13 07:25:29 DEBUG: Processing task 101 at workstation 5: picking items {6849} for orders {31}
2026-07-13 07:25:29 DEBUG:    EVENT NUM 1075  current_time = 00:07:55   ARRIVAL_ORDER         [queue size = 41]
2026-07-13 07:25:29 DEBUG: Order 194 arrived: items_required = [4755, 5400].     [orders_in_system = 123]
2026-07-13 07:25:29 DEBUG:    EVENT NUM 1076  current_time = 00:07:55   RETURN_POD            [queue size = 41]
2026-07-13 07:25:29 DEBUG: Pod 148 returned. Robot 33 idle.   [idle robots = 1/40, released tasks = 44]
2026-07-13 07:25:29 DEBUG:    EVENT NUM 1077  current_time = 00:07:55   START_TASK            [queue size = 41]
2026-07-13 07:25:29 DEBUG: Task 117 started: robot 33 → pod 601 → workstation 6 for orders {22} (arrival = 612.0 s).   [idle robots = 0/40]
2026-07-13 07:25:29 DEBUG:    EVENT NUM 1078  current_time = 00:07:56   ARRIVAL_POD_WST       [queue size = 41]
2026-07-13 07:25:29 DEBUG: Pod 569 arrived at workstation 5 - status = BUSY
2026-07-13 07:25:29 DEBUG: Pod queued at workstation.    [picking_buffer = {96: 476.56511816861445}]
2026-07-13 07:25:29 DEBUG:    EVENT NUM 1079  current_time = 00:07:59   END_PICKING           [queue size = 40]
2026-07-13 07:25:29 DEBUG: Ended picking at workstation 4.    [picking_buffer len = {}]
2026-07-13 07:25:29 DEBUG: Task should have served orders {21}, found open orders {15, 84, 21}.
2026-07-13 07:25:29 DEBUG: Task 102 completed: pod 802 returning to storage.
2026-07-13 07:25:29 DEBUG:    EVENT NUM 1080  current_time = 00:07:59   ARRIVAL_POD_WST       [queue size = 40]
2026-07-13 07:25:29 DEBUG: Pod 394 arrived at workstation 4 - status = IDLE
2026-07-13 07:25:29 DEBUG: Pod queued at workstation.    [picking_buffer = {97: 479.5195971953788}]
2026-07-13 07:25:29 DEBUG:    EVENT NUM 1081  current_time = 00:07:59   START_PICKING         [queue size = 40]
2026-07-13 07:25:29 DEBUG: Processing task 97 at workstation 4: picking items {1748} for orders {84}
2026-07-13 07:25:29 DEBUG:    EVENT NUM 1082  current_time = 00:08:00   ARRIVAL_ORDER         [queue size = 40]
2026-07-13 07:25:29 DEBUG: Order 195 arrived: items_required = [7945].     [orders_in_system = 124]
2026-07-13 07:25:29 DEBUG:    EVENT NUM 1083  current_time = 00:08:01   END_PICKING           [queue size = 40]
2026-07-13 07:25:29 DEBUG: Ended picking at workstation 3.    [picking_buffer len = {}]
2026-07-13 07:25:29 DEBUG: Task should have served orders {50}, found open orders {1, 99, 50, 24}.
2026-07-13 07:25:29 DEBUG: Task 95 completed: pod 19 returning to storage.
2026-07-13 07:25:29 DEBUG:    EVENT NUM 1084  current_time = 00:08:03   RETURN_POD            [queue size = 40]
2026-07-13 07:25:29 DEBUG: Pod 198 returned. Robot 3 idle.   [idle robots = 1/40, released tasks = 43]
2026-07-13 07:25:29 DEBUG:    EVENT NUM 1085  current_time = 00:08:03   START_TASK            [queue size = 40]
2026-07-13 07:25:29 DEBUG: Task 118 started: robot 3 → pod 860 → workstation 5 for orders {87} (arrival = 526.2 s).   [idle robots = 0/40]
2026-07-13 07:25:29 DEBUG:    EVENT NUM 1086  current_time = 00:08:04   ARRIVAL_POD_WST       [queue size = 40]
2026-07-13 07:25:29 DEBUG: Pod 329 arrived at workstation 4 - status = BUSY
2026-07-13 07:25:29 DEBUG: Pod queued at workstation.    [picking_buffer = {90: 484.3133832476103}]
2026-07-13 07:25:29 DEBUG:    EVENT NUM 1087  current_time = 00:08:04   END_PICKING           [queue size = 39]
2026-07-13 07:25:29 DEBUG: Ended picking at workstation 5.    [picking_buffer len = {96: 476.56511816861445}]
2026-07-13 07:25:29 DEBUG: Task should have served orders {31}, found open orders {65, 38, 43, 31}.
2026-07-13 07:25:29 DEBUG: Task 101 completed: pod 562 returning to storage.
2026-07-13 07:25:29 DEBUG:    EVENT NUM 1088  current_time = 00:08:04   START_PICKING         [queue size = 40]
2026-07-13 07:25:29 DEBUG: Processing task 96 at workstation 5: picking items {6032} for orders {38}
2026-07-13 07:25:29 DEBUG:    EVENT NUM 1089  current_time = 00:08:05   ARRIVAL_ORDER         [queue size = 40]
2026-07-13 07:25:29 DEBUG: Order 196 arrived: items_required = [8531].     [orders_in_system = 125]
2026-07-13 07:25:29 DEBUG:    EVENT NUM 1090  current_time = 00:08:05   ARRIVAL_POD_WST       [queue size = 40]
2026-07-13 07:25:29 DEBUG: Pod 13 arrived at workstation 3 - status = IDLE
2026-07-13 07:25:29 DEBUG: Pod queued at workstation.    [picking_buffer = {98: 485.38867363218066}]
2026-07-13 07:25:29 DEBUG:    EVENT NUM 1091  current_time = 00:08:05   START_PICKING         [queue size = 40]
2026-07-13 07:25:29 DEBUG: Processing task 98 at workstation 3: picking items {5059} for orders {50}
2026-07-13 07:25:29 DEBUG:    EVENT NUM 1092  current_time = 00:08:09   END_PICKING           [queue size = 40]
2026-07-13 07:25:29 DEBUG: Ended picking at workstation 4.    [picking_buffer len = {90: 484.3133832476103}]
2026-07-13 07:25:29 DEBUG: Task should have served orders {84}, found open orders {15, 84, 21}.
2026-07-13 07:25:29 DEBUG: Task 97 completed: pod 394 returning to storage.
2026-07-13 07:25:29 DEBUG:    EVENT NUM 1093  current_time = 00:08:09   START_PICKING         [queue size = 41]
2026-07-13 07:25:29 DEBUG: Processing task 90 at workstation 4: picking items {6693} for orders {84}
2026-07-13 07:25:29 DEBUG:    EVENT NUM 1094  current_time = 00:08:10   ARRIVAL_ORDER         [queue size = 41]
2026-07-13 07:25:29 DEBUG: Order 197 arrived: items_required = [5520].     [orders_in_system = 126]
2026-07-13 07:25:29 DEBUG:    EVENT NUM 1095  current_time = 00:08:14   END_PICKING           [queue size = 41]
2026-07-13 07:25:29 DEBUG: Ended picking at workstation 5.    [picking_buffer len = {}]
2026-07-13 07:25:29 DEBUG: Task should have served orders {38}, found open orders {65, 38, 43, 31}.
2026-07-13 07:25:29 DEBUG: Task 96 heading to workstation 5.
2026-07-13 07:25:29 DEBUG:    EVENT NUM 1096  current_time = 00:08:14   CLOSE_ORDER           [queue size = 42]
2026-07-13 07:25:29 DEBUG: Order 38 closed at workstation 5: flow_time = 494.4 s.     [order_buffer = 2] [open_orders = 3/4]
2026-07-13 07:25:29 DEBUG: Next order in buffer: 87
2026-07-13 07:25:29 DEBUG:    EVENT NUM 1097  current_time = 00:08:14   ARRIVAL_POD_WST       [queue size = 42]
2026-07-13 07:25:29 DEBUG: Pod 569 arrived at workstation 5 - status = IDLE
2026-07-13 07:25:29 DEBUG: Pod queued at workstation.    [picking_buffer = {96: 494.3828063626746}]
2026-07-13 07:25:29 DEBUG:    EVENT NUM 1098  current_time = 00:08:14   OPEN_ORDER            [queue size = 42]
2026-07-13 07:25:29 DEBUG: Order 87 (skus required = {5956, 1181}) opened at workstation 5.   [open_orders = 4/4]
2026-07-13 07:25:29 DEBUG:    EVENT NUM 1099  current_time = 00:08:14   START_PICKING         [queue size = 43]
2026-07-13 07:25:29 DEBUG: Processing task 96 at workstation 5: picking items {10732} for orders {43}
2026-07-13 07:25:29 DEBUG:    EVENT NUM 1100  current_time = 00:08:14   START_TASK            [queue size = 43]
2026-07-13 07:25:29 DEBUG: Task 119 blocked: no idle robots.
2026-07-13 07:25:29 DEBUG:    EVENT NUM 1101  current_time = 00:08:14   START_PICKING         [queue size = 42]
2026-07-13 07:25:29 DEBUG:    EVENT NUM 1102  current_time = 00:08:15   ARRIVAL_ORDER         [queue size = 41]
2026-07-13 07:25:29 DEBUG: Order 198 arrived: items_required = [6288].     [orders_in_system = 126]
2026-07-13 07:25:29 DEBUG:    EVENT NUM 1103  current_time = 00:08:15   RETURN_POD            [queue size = 41]
2026-07-13 07:25:29 DEBUG: Pod 543 returned. Robot 39 idle.   [idle robots = 1/40, released tasks = 42]
2026-07-13 07:25:29 DEBUG:    EVENT NUM 1104  current_time = 00:08:15   START_TASK            [queue size = 41]
2026-07-13 07:25:29 DEBUG: Task 119 started: robot 39 → pod 353 → workstation 5 for orders {43} (arrival = 610.4 s).   [idle robots = 0/40]
2026-07-13 07:25:29 DEBUG:    EVENT NUM 1105  current_time = 00:08:15   END_PICKING           [queue size = 41]
2026-07-13 07:25:29 DEBUG: Ended picking at workstation 3.    [picking_buffer len = {}]
2026-07-13 07:25:29 DEBUG: Task should have served orders {50}, found open orders {1, 99, 50, 24}.
2026-07-13 07:25:29 DEBUG: Task 98 completed: pod 13 returning to storage.
2026-07-13 07:25:29 DEBUG:    EVENT NUM 1106  current_time = 00:08:15   CLOSE_ORDER           [queue size = 42]
2026-07-13 07:25:29 DEBUG: Order 50 closed at workstation 3: flow_time = 495.4 s.     [order_buffer = 0] [open_orders = 3/4]
2026-07-13 07:25:29 DEBUG:    EVENT NUM 1107  current_time = 00:08:16   ARRIVAL_POD_WST       [queue size = 41]
2026-07-13 07:25:29 DEBUG: Pod 246 arrived at workstation 3 - status = IDLE
2026-07-13 07:25:29 DEBUG: Pod queued at workstation.    [picking_buffer = {99: 496.1758121261437}]
2026-07-13 07:25:29 DEBUG:    EVENT NUM 1108  current_time = 00:08:16   START_PICKING         [queue size = 41]
2026-07-13 07:25:29 DEBUG: Processing task 99 at workstation 3: picking items {10388} for orders {1}
2026-07-13 07:25:29 DEBUG:    EVENT NUM 1109  current_time = 00:08:16   ARRIVAL_POD_WST       [queue size = 41]
2026-07-13 07:25:29 DEBUG: Pod 838 arrived at workstation 3 - status = BUSY
2026-07-13 07:25:29 DEBUG: Pod queued at workstation.    [picking_buffer = {100: 496.60877976799475}]
2026-07-13 07:25:29 DEBUG:    EVENT NUM 1110  current_time = 00:08:19   END_PICKING           [queue size = 40]
2026-07-13 07:25:29 DEBUG: Ended picking at workstation 4.    [picking_buffer len = {}]
2026-07-13 07:25:29 DEBUG: Task should have served orders {84}, found open orders {15, 84, 21}.
2026-07-13 07:25:29 DEBUG: Task 90 completed: pod 329 returning to storage.
2026-07-13 07:25:29 DEBUG:    EVENT NUM 1111  current_time = 00:08:19   CLOSE_ORDER           [queue size = 41]
2026-07-13 07:25:29 DEBUG: Order 84 closed at workstation 4: flow_time = 499.5 s.     [order_buffer = 0] [open_orders = 2/4]
2026-07-13 07:25:29 DEBUG:    EVENT NUM 1112  current_time = 00:08:20   ARRIVAL_ORDER         [queue size = 40]
2026-07-13 07:25:29 DEBUG: Order 199 arrived: items_required = [9512].     [orders_in_system = 125]
2026-07-13 07:25:29 DEBUG:    EVENT NUM 1113  current_time = 00:08:23   ARRIVAL_POD_WST       [queue size = 40]
2026-07-13 07:25:29 DEBUG: Pod 193 arrived at workstation 3 - status = BUSY
2026-07-13 07:25:29 DEBUG: Pod queued at workstation.    [picking_buffer = {100: 496.60877976799475, 107: 503.00698404981995}]
2026-07-13 07:25:29 DEBUG:    EVENT NUM 1114  current_time = 00:08:24   RETURN_POD            [queue size = 39]
2026-07-13 07:25:29 DEBUG: Pod 709 returned. Robot 35 idle.   [idle robots = 1/40, released tasks = 41]
2026-07-13 07:25:29 DEBUG:    EVENT NUM 1115  current_time = 00:08:24   START_TASK            [queue size = 39]
2026-07-13 07:25:29 DEBUG: Task 120 started: robot 35 → pod 406 → workstation 6 for orders {22} (arrival = 566.3 s).   [idle robots = 0/40]
2026-07-13 07:25:29 DEBUG:    EVENT NUM 1116  current_time = 00:08:24   END_PICKING           [queue size = 39]
2026-07-13 07:25:29 DEBUG: Ended picking at workstation 5.    [picking_buffer len = {}]
2026-07-13 07:25:29 DEBUG: Task should have served orders {43}, found open orders {65, 43, 87, 31}.
2026-07-13 07:25:29 DEBUG: Task 96 completed: pod 569 returning to storage.
2026-07-13 07:25:29 DEBUG:    EVENT NUM 1117  current_time = 00:08:25   ARRIVAL_ORDER         [queue size = 39]
2026-07-13 07:25:29 DEBUG: Order 200 arrived: items_required = [8448].     [orders_in_system = 126]
2026-07-13 07:25:29 DEBUG:    EVENT NUM 1118  current_time = 00:08:25   RETURN_POD            [queue size = 39]
2026-07-13 07:25:29 DEBUG: Pod 282 returned. Robot 15 idle.   [idle robots = 1/40, released tasks = 40]
2026-07-13 07:25:29 DEBUG:    EVENT NUM 1119  current_time = 00:08:25   START_TASK            [queue size = 39]
2026-07-13 07:25:29 DEBUG: Task 121 started: robot 15 → pod 111 → workstation 5 for orders {43} (arrival = 636.1 s).   [idle robots = 0/40]
2026-07-13 07:25:29 DEBUG:    EVENT NUM 1120  current_time = 00:08:26   END_PICKING           [queue size = 39]
2026-07-13 07:25:29 DEBUG: Ended picking at workstation 3.    [picking_buffer len = {100: 496.60877976799475, 107: 503.00698404981995}]
2026-07-13 07:25:29 DEBUG: Task should have served orders {1}, found open orders {1, 99, 24}.
2026-07-13 07:25:29 DEBUG: Task 99 completed: pod 246 returning to storage.
2026-07-13 07:25:29 DEBUG:    EVENT NUM 1121  current_time = 00:08:26   START_PICKING         [queue size = 40]
2026-07-13 07:25:29 DEBUG: Processing task 100 at workstation 3: picking items {9298} for orders {1}
2026-07-13 07:25:29 DEBUG:    EVENT NUM 1122  current_time = 00:08:30   ARRIVAL_ORDER         [queue size = 40]
2026-07-13 07:25:29 DEBUG: Order 201 arrived: items_required = [3589].     [orders_in_system = 127]
2026-07-13 07:25:29 DEBUG:    EVENT NUM 1123  current_time = 00:08:32   RETURN_POD            [queue size = 40]
2026-07-13 07:25:29 DEBUG: Pod 355 returned. Robot 12 idle.   [idle robots = 1/40, released tasks = 39]
2026-07-13 07:25:29 DEBUG:    EVENT NUM 1124  current_time = 00:08:32   START_TASK            [queue size = 40]
2026-07-13 07:25:29 DEBUG: Task 122 started: robot 12 → pod 811 → workstation 6 for orders {81} (arrival = 633.6 s).   [idle robots = 0/40]
2026-07-13 07:25:29 DEBUG:    EVENT NUM 1125  current_time = 00:08:33   RETURN_POD            [queue size = 40]
2026-07-13 07:25:29 DEBUG: Pod 49 returned. Robot 13 idle.   [idle robots = 1/40, released tasks = 38]
2026-07-13 07:25:29 DEBUG:    EVENT NUM 1126  current_time = 00:08:33   START_TASK            [queue size = 40]
2026-07-13 07:25:29 DEBUG: Task 123 started: robot 13 → pod 837 → workstation 5 for orders {65} (arrival = 604.8 s).   [idle robots = 0/40]
2026-07-13 07:25:29 DEBUG:    EVENT NUM 1127  current_time = 00:08:35   ARRIVAL_ORDER         [queue size = 40]
2026-07-13 07:25:29 DEBUG: Order 202 arrived: items_required = [6143].     [orders_in_system = 128]
2026-07-13 07:25:29 DEBUG:    EVENT NUM 1128  current_time = 00:08:35   RETURN_POD            [queue size = 40]
2026-07-13 07:25:29 DEBUG: Pod 423 returned. Robot 24 idle.   [idle robots = 1/40, released tasks = 37]
2026-07-13 07:25:29 DEBUG:    EVENT NUM 1129  current_time = 00:08:35   START_TASK            [queue size = 40]
2026-07-13 07:25:29 DEBUG: Task 124 blocked: pod 572 not idle.  [released tasks = 36]
2026-07-13 07:25:29 DEBUG: Task 125 started: robot 24 → pod 888 → workstation 5 for orders {43} (arrival = 544.4 s).   [idle robots = 0/40]
2026-07-13 07:25:29 DEBUG:    EVENT NUM 1130  current_time = 00:08:36   RETURN_POD            [queue size = 40]
2026-07-13 07:25:29 DEBUG: Pod 108 returned. Robot 5 idle.   [idle robots = 1/40, released tasks = 36]
2026-07-13 07:25:29 DEBUG:    EVENT NUM 1131  current_time = 00:08:36   START_TASK            [queue size = 40]
2026-07-13 07:25:29 DEBUG: Task 126 started: robot 5 → pod 236 → workstation 6 for orders {68} (arrival = 654.1 s).   [idle robots = 0/40]
2026-07-13 07:25:29 DEBUG:    EVENT NUM 1132  current_time = 00:08:36   END_PICKING           [queue size = 40]
2026-07-13 07:25:29 DEBUG: Ended picking at workstation 3.    [picking_buffer len = {107: 503.00698404981995}]
2026-07-13 07:25:29 DEBUG: Task should have served orders {1}, found open orders {1, 99, 24}.
2026-07-13 07:25:29 DEBUG: Task 100 completed: pod 838 returning to storage.
2026-07-13 07:25:29 DEBUG:    EVENT NUM 1133  current_time = 00:08:36   CLOSE_ORDER           [queue size = 42]
2026-07-13 07:25:29 DEBUG: Order 1 closed at workstation 3: flow_time = 516.2 s.     [order_buffer = 0] [open_orders = 2/4]
2026-07-13 07:25:29 DEBUG:    EVENT NUM 1134  current_time = 00:08:36   START_PICKING         [queue size = 41]
2026-07-13 07:25:29 DEBUG: Processing task 107 at workstation 3: picking items {7618} for orders {24}
2026-07-13 07:25:29 DEBUG:    EVENT NUM 1135  current_time = 00:08:36   ARRIVAL_POD_WST       [queue size = 41]
2026-07-13 07:25:29 DEBUG: Pod 137 arrived at workstation 3 - status = BUSY
2026-07-13 07:25:29 DEBUG: Pod queued at workstation.    [picking_buffer = {105: 516.7982941387359}]
2026-07-13 07:25:29 DEBUG:    EVENT NUM 1136  current_time = 00:08:37   RETURN_POD            [queue size = 40]
2026-07-13 07:25:29 DEBUG: Pod 33 returned. Robot 17 idle.   [idle robots = 1/40, released tasks = 35]
2026-07-13 07:25:29 DEBUG:    EVENT NUM 1137  current_time = 00:08:37   START_TASK            [queue size = 40]
2026-07-13 07:25:29 DEBUG: Task 127 started: robot 17 → pod 21 → workstation 7 for orders {63} (arrival = 656.2 s).   [idle robots = 0/40]
2026-07-13 07:25:29 DEBUG:    EVENT NUM 1138  current_time = 00:08:37   RETURN_POD            [queue size = 40]
2026-07-13 07:25:29 DEBUG: Pod 154 returned. Robot 34 idle.   [idle robots = 1/40, released tasks = 34]
2026-07-13 07:25:29 DEBUG:    EVENT NUM 1139  current_time = 00:08:37   START_TASK            [queue size = 40]
2026-07-13 07:25:29 DEBUG: Task 128 started: robot 34 → pod 285 → workstation 5 for orders {86} (arrival = 600.4 s).   [idle robots = 0/40]
2026-07-13 07:25:29 DEBUG:    EVENT NUM 1140  current_time = 00:08:40   ARRIVAL_ORDER         [queue size = 40]
2026-07-13 07:25:29 DEBUG: Order 203 arrived: items_required = [7711, 7768].     [orders_in_system = 128]
2026-07-13 07:25:29 DEBUG:    EVENT NUM 1141  current_time = 00:08:45   ARRIVAL_ORDER         [queue size = 40]
2026-07-13 07:25:29 DEBUG: Order 204 arrived: items_required = [3902, 1880, 9164].     [orders_in_system = 129]
2026-07-13 07:25:29 DEBUG:    EVENT NUM 1142  current_time = 00:08:45   RETURN_POD            [queue size = 40]
2026-07-13 07:25:29 DEBUG: Pod 434 returned. Robot 23 idle.   [idle robots = 1/40, released tasks = 33]
2026-07-13 07:25:29 DEBUG:    EVENT NUM 1143  current_time = 00:08:45   START_TASK            [queue size = 40]
2026-07-13 07:25:29 DEBUG: Task 129 started: robot 23 → pod 866 → workstation 6 for orders {44} (arrival = 604.6 s).   [idle robots = 0/40]
2026-07-13 07:25:29 DEBUG:    EVENT NUM 1144  current_time = 00:08:46   END_PICKING           [queue size = 40]
2026-07-13 07:25:29 DEBUG: Ended picking at workstation 3.    [picking_buffer len = {105: 516.7982941387359}]
2026-07-13 07:25:29 DEBUG: Task should have served orders {24}, found open orders {99, 24}.
2026-07-13 07:25:29 DEBUG: Task 107 completed: pod 193 returning to storage.
2026-07-13 07:25:29 DEBUG:    EVENT NUM 1145  current_time = 00:08:46   START_PICKING         [queue size = 41]
2026-07-13 07:25:29 DEBUG: Processing task 105 at workstation 3: picking items {9840} for orders {99}
2026-07-13 07:25:29 DEBUG:    EVENT NUM 1146  current_time = 00:08:46   ARRIVAL_POD_WST       [queue size = 41]
2026-07-13 07:25:29 DEBUG: Pod 860 arrived at workstation 5 - status = IDLE
2026-07-13 07:25:29 DEBUG: Pod queued at workstation.    [picking_buffer = {118: 526.2177527110002}]
2026-07-13 07:25:29 DEBUG:    EVENT NUM 1147  current_time = 00:08:46   START_PICKING         [queue size = 41]
2026-07-13 07:25:29 DEBUG: Processing task 118 at workstation 5: picking items {1181} for orders {87}
2026-07-13 07:25:29 DEBUG:    EVENT NUM 1148  current_time = 00:08:49   RETURN_POD            [queue size = 41]
2026-07-13 07:25:29 DEBUG: Pod 572 returned. Robot 20 idle.   [idle robots = 1/40, released tasks = 32]
2026-07-13 07:25:29 DEBUG:    EVENT NUM 1149  current_time = 00:08:49   START_TASK            [queue size = 41]
2026-07-13 07:25:29 DEBUG: Task 130 started: robot 20 → pod 115 → workstation 5 for orders {86} (arrival = 674.9 s).   [idle robots = 0/40]
2026-07-13 07:25:29 DEBUG:    EVENT NUM 1150  current_time = 00:08:50   ARRIVAL_ORDER         [queue size = 41]
2026-07-13 07:25:29 DEBUG: Order 205 arrived: items_required = [9757].     [orders_in_system = 130]
2026-07-13 07:25:29 DEBUG:    EVENT NUM 1151  current_time = 00:08:55   ARRIVAL_ORDER         [queue size = 41]
2026-07-13 07:25:29 DEBUG: Order 206 arrived: items_required = [5372].     [orders_in_system = 131]
2026-07-13 07:25:29 DEBUG:    EVENT NUM 1152  current_time = 00:08:56   END_PICKING           [queue size = 41]
2026-07-13 07:25:29 DEBUG: Ended picking at workstation 3.    [picking_buffer len = {}]
2026-07-13 07:25:29 DEBUG: Task should have served orders {99}, found open orders {99, 24}.
2026-07-13 07:25:29 DEBUG: Task 105 completed: pod 137 returning to storage.
2026-07-13 07:25:29 DEBUG:    EVENT NUM 1153  current_time = 00:08:56   END_PICKING           [queue size = 41]
2026-07-13 07:25:29 DEBUG: Ended picking at workstation 5.    [picking_buffer len = {}]
2026-07-13 07:25:29 DEBUG: Task should have served orders {87}, found open orders {65, 43, 87, 31}.
2026-07-13 07:25:29 DEBUG: Task 118 completed: pod 860 returning to storage.
2026-07-13 07:25:29 DEBUG:    EVENT NUM 1154  current_time = 00:09:00   ARRIVAL_ORDER         [queue size = 41]
2026-07-13 07:25:29 DEBUG: Order 207 arrived: items_required = [6637].     [orders_in_system = 132]
2026-07-13 07:25:29 DEBUG:    EVENT NUM 1155  current_time = 00:09:04   ARRIVAL_POD_WST       [queue size = 41]
2026-07-13 07:25:29 DEBUG: Pod 888 arrived at workstation 5 - status = IDLE
2026-07-13 07:25:29 DEBUG: Pod queued at workstation.    [picking_buffer = {125: 544.3725246767391}]
2026-07-13 07:25:29 DEBUG:    EVENT NUM 1156  current_time = 00:09:04   START_PICKING         [queue size = 41]
2026-07-13 07:25:29 DEBUG: Processing task 125 at workstation 5: picking items {7102} for orders {43}
2026-07-13 07:25:29 DEBUG:    EVENT NUM 1157  current_time = 00:09:05   ARRIVAL_ORDER         [queue size = 41]
2026-07-13 07:25:29 DEBUG: Order 208 arrived: items_required = [1617].     [orders_in_system = 133]
2026-07-13 07:25:29 DEBUG:    EVENT NUM 1158  current_time = 00:09:05   ARRIVAL_POD_WST       [queue size = 41]
2026-07-13 07:25:29 DEBUG: Pod 227 arrived at workstation 4 - status = IDLE
2026-07-13 07:25:29 DEBUG: Pod queued at workstation.    [picking_buffer = {111: 545.9115463727094}]
2026-07-13 07:25:29 DEBUG:    EVENT NUM 1159  current_time = 00:09:05   START_PICKING         [queue size = 41]
2026-07-13 07:25:29 DEBUG: Processing task 111 at workstation 4: picking items {1868} for orders {15}
2026-07-13 07:25:29 DEBUG:    EVENT NUM 1160  current_time = 00:09:10   ARRIVAL_ORDER         [queue size = 41]
2026-07-13 07:25:29 DEBUG: Order 209 arrived: items_required = [11855].     [orders_in_system = 134]
2026-07-13 07:25:29 DEBUG:    EVENT NUM 1161  current_time = 00:09:10   RETURN_POD            [queue size = 41]
2026-07-13 07:25:29 DEBUG: Pod 802 returned. Robot 36 idle.   [idle robots = 1/40, released tasks = 31]
2026-07-13 07:25:29 DEBUG:    EVENT NUM 1162  current_time = 00:09:10   START_TASK            [queue size = 41]
2026-07-13 07:25:29 DEBUG: Task 131 started: robot 36 → pod 596 → workstation 6 for orders {81, 68} (arrival = 665.9 s).   [idle robots = 0/40]
2026-07-13 07:25:29 DEBUG:    EVENT NUM 1163  current_time = 00:09:11   RETURN_POD            [queue size = 41]
2026-07-13 07:25:29 DEBUG: Pod 563 returned. Robot 25 idle.   [idle robots = 1/40, released tasks = 30]
2026-07-13 07:25:29 DEBUG:    EVENT NUM 1164  current_time = 00:09:11   START_TASK            [queue size = 41]
2026-07-13 07:25:29 DEBUG: Task 132 started: robot 25 → pod 625 → workstation 7 for orders {57} (arrival = 637.9 s).   [idle robots = 0/40]
2026-07-13 07:25:29 DEBUG:    EVENT NUM 1165  current_time = 00:09:12   RETURN_POD            [queue size = 41]
2026-07-13 07:25:29 DEBUG: Pod 171 returned. Robot 19 idle.   [idle robots = 1/40, released tasks = 29]
2026-07-13 07:25:29 DEBUG:    EVENT NUM 1166  current_time = 00:09:12   START_TASK            [queue size = 41]
2026-07-13 07:25:29 DEBUG: Task 133 started: robot 19 → pod 808 → workstation 6 for orders {44} (arrival = 656.7 s).   [idle robots = 0/40]
2026-07-13 07:25:29 DEBUG:    EVENT NUM 1167  current_time = 00:09:13   ARRIVAL_POD_WST       [queue size = 41]
2026-07-13 07:25:29 DEBUG: Pod 842 arrived at workstation 3 - status = IDLE
2026-07-13 07:25:29 DEBUG: Pod queued at workstation.    [picking_buffer = {116: 553.6042954488403}]
2026-07-13 07:25:29 DEBUG:    EVENT NUM 1168  current_time = 00:09:13   START_PICKING         [queue size = 41]
2026-07-13 07:25:29 DEBUG: Processing task 116 at workstation 3: picking items {5278} for orders {99}
2026-07-13 07:25:29 DEBUG:    EVENT NUM 1169  current_time = 00:09:14   END_PICKING           [queue size = 41]
2026-07-13 07:25:29 DEBUG: Ended picking at workstation 5.    [picking_buffer len = {}]
2026-07-13 07:25:29 DEBUG: Task should have served orders {43}, found open orders {65, 43, 87, 31}.
2026-07-13 07:25:29 DEBUG: Task 125 completed: pod 888 returning to storage.
2026-07-13 07:25:29 DEBUG:    EVENT NUM 1170  current_time = 00:09:15   ARRIVAL_ORDER         [queue size = 41]
2026-07-13 07:25:29 DEBUG: Order 210 arrived: items_required = [6647].     [orders_in_system = 135]
2026-07-13 07:25:29 DEBUG:    EVENT NUM 1171  current_time = 00:09:15   END_PICKING           [queue size = 41]
2026-07-13 07:25:29 DEBUG: Ended picking at workstation 4.    [picking_buffer len = {}]
2026-07-13 07:25:29 DEBUG: Task should have served orders {15}, found open orders {15, 21}.
2026-07-13 07:25:29 DEBUG: Task 111 completed: pod 227 returning to storage.
2026-07-13 07:25:29 DEBUG:    EVENT NUM 1172  current_time = 00:09:15   CLOSE_ORDER           [queue size = 42]
2026-07-13 07:25:29 DEBUG: Order 15 closed at workstation 4: flow_time = 555.9 s.     [order_buffer = 0] [open_orders = 1/4]
2026-07-13 07:25:29 DEBUG:    EVENT NUM 1173  current_time = 00:09:20   ARRIVAL_ORDER         [queue size = 41]
2026-07-13 07:25:29 DEBUG: Order 211 arrived: items_required = [11756].     [orders_in_system = 135]
2026-07-13 07:25:29 DEBUG:    EVENT NUM 1174  current_time = 00:09:21   RETURN_POD            [queue size = 41]
2026-07-13 07:25:29 DEBUG: Pod 85 returned. Robot 37 idle.   [idle robots = 1/40, released tasks = 28]
2026-07-13 07:25:29 DEBUG:    EVENT NUM 1175  current_time = 00:09:21   START_TASK            [queue size = 41]
2026-07-13 07:25:29 DEBUG: Task 134 started: robot 37 → pod 50 → workstation 6 for orders {59} (arrival = 687.0 s).   [idle robots = 0/40]
2026-07-13 07:25:29 DEBUG:    EVENT NUM 1176  current_time = 00:09:23   END_PICKING           [queue size = 41]
2026-07-13 07:25:29 DEBUG: Ended picking at workstation 3.    [picking_buffer len = {}]
2026-07-13 07:25:29 DEBUG: Task should have served orders {99}, found open orders {99, 24}.
2026-07-13 07:25:29 DEBUG: Task 116 completed: pod 842 returning to storage.
2026-07-13 07:25:29 DEBUG:    EVENT NUM 1177  current_time = 00:09:25   ARRIVAL_ORDER         [queue size = 41]
2026-07-13 07:25:29 DEBUG: Order 212 arrived: items_required = [7784].     [orders_in_system = 136]
2026-07-13 07:25:29 DEBUG:    EVENT NUM 1178  current_time = 00:09:26   ARRIVAL_POD_WST       [queue size = 41]
2026-07-13 07:25:29 DEBUG: Pod 406 arrived at workstation 6 - status = IDLE
2026-07-13 07:25:29 DEBUG: Pod queued at workstation.    [picking_buffer = {120: 566.3192889652119}]
2026-07-13 07:25:29 DEBUG:    EVENT NUM 1179  current_time = 00:09:26   START_PICKING         [queue size = 41]
2026-07-13 07:25:29 DEBUG: Processing task 120 at workstation 6: picking items {6769} for orders {22}
2026-07-13 07:25:29 DEBUG:    EVENT NUM 1180  current_time = 00:09:30   ARRIVAL_ORDER         [queue size = 41]
2026-07-13 07:25:29 DEBUG: Order 213 arrived: items_required = [7566].     [orders_in_system = 137]
2026-07-13 07:25:29 DEBUG:    EVENT NUM 1181  current_time = 00:09:32   ARRIVAL_POD_WST       [queue size = 41]
2026-07-13 07:25:29 DEBUG: Pod 870 arrived at workstation 5 - status = IDLE
2026-07-13 07:25:29 DEBUG: Pod queued at workstation.    [picking_buffer = {114: 572.4425382134642}]
2026-07-13 07:25:29 DEBUG:    EVENT NUM 1182  current_time = 00:09:32   START_PICKING         [queue size = 41]
2026-07-13 07:25:29 DEBUG: Processing task 114 at workstation 5: picking items {5956} for orders {87}
2026-07-13 07:25:29 DEBUG:    EVENT NUM 1183  current_time = 00:09:32   ARRIVAL_POD_WST       [queue size = 41]
2026-07-13 07:25:29 DEBUG: Pod 107 arrived at workstation 5 - status = BUSY
2026-07-13 07:25:29 DEBUG: Pod queued at workstation.    [picking_buffer = {115: 572.7581932977065}]
2026-07-13 07:25:29 DEBUG:    EVENT NUM 1184  current_time = 00:09:33   RETURN_POD            [queue size = 40]
2026-07-13 07:25:29 DEBUG: Pod 562 returned. Robot 16 idle.   [idle robots = 1/40, released tasks = 27]
2026-07-13 07:25:29 DEBUG:    EVENT NUM 1185  current_time = 00:09:33   START_TASK            [queue size = 40]
2026-07-13 07:25:29 DEBUG: Task 135 started: robot 16 → pod 647 → workstation 7 for orders {57} (arrival = 610.2 s).   [idle robots = 0/40]
2026-07-13 07:25:29 DEBUG:    EVENT NUM 1186  current_time = 00:09:33   ARRIVAL_POD_WST       [queue size = 40]
2026-07-13 07:25:29 DEBUG: Pod 53 arrived at workstation 5 - status = BUSY
2026-07-13 07:25:29 DEBUG: Pod queued at workstation.    [picking_buffer = {115: 572.7581932977065, 109: 573.6200470729042}]
2026-07-13 07:25:29 DEBUG:    EVENT NUM 1187  current_time = 00:09:35   ARRIVAL_ORDER         [queue size = 39]
2026-07-13 07:25:29 DEBUG: Order 214 arrived: items_required = [8034].     [orders_in_system = 138]
2026-07-13 07:25:29 DEBUG:    EVENT NUM 1188  current_time = 00:09:36   ARRIVAL_POD_WST       [queue size = 39]
2026-07-13 07:25:29 DEBUG: Pod 125 arrived at workstation 4 - status = IDLE
2026-07-13 07:25:29 DEBUG: Pod queued at workstation.    [picking_buffer = {108: 576.0874749706225}]
2026-07-13 07:25:29 DEBUG:    EVENT NUM 1189  current_time = 00:09:36   START_PICKING         [queue size = 39]
2026-07-13 07:25:29 DEBUG: Processing task 108 at workstation 4: picking items {11169} for orders {21}
2026-07-13 07:25:29 DEBUG:    EVENT NUM 1190  current_time = 00:09:36   END_PICKING           [queue size = 39]
2026-07-13 07:25:29 DEBUG: Ended picking at workstation 6.    [picking_buffer len = {}]
2026-07-13 07:25:29 DEBUG: Task should have served orders {22}, found open orders {68, 44, 81, 22}.
2026-07-13 07:25:29 DEBUG: Task 120 completed: pod 406 returning to storage.
2026-07-13 07:25:29 DEBUG:    EVENT NUM 1191  current_time = 00:09:38   RETURN_POD            [queue size = 39]
2026-07-13 07:25:29 DEBUG: Pod 860 returned. Robot 3 idle.   [idle robots = 1/40, released tasks = 26]
2026-07-13 07:25:29 DEBUG:    EVENT NUM 1192  current_time = 00:09:38   START_TASK            [queue size = 39]
2026-07-13 07:25:29 DEBUG: Task 136 started: robot 3 → pod 2 → workstation 7 for orders {52} (arrival = 773.7 s).   [idle robots = 0/40]
2026-07-13 07:25:29 DEBUG:    EVENT NUM 1193  current_time = 00:09:40   ARRIVAL_ORDER         [queue size = 39]
2026-07-13 07:25:29 DEBUG: Order 215 arrived: items_required = [6452].     [orders_in_system = 139]
2026-07-13 07:25:29 DEBUG:    EVENT NUM 1194  current_time = 00:09:40   ARRIVAL_POD_WST       [queue size = 39]
2026-07-13 07:25:29 DEBUG: Pod 779 arrived at workstation 3 - status = IDLE
2026-07-13 07:25:29 DEBUG: Pod queued at workstation.    [picking_buffer = {113: 580.9601609994428}]
2026-07-13 07:25:29 DEBUG:    EVENT NUM 1195  current_time = 00:09:40   START_PICKING         [queue size = 39]
2026-07-13 07:25:29 DEBUG: Processing task 113 at workstation 3: picking items {11119} for orders {99}
2026-07-13 07:25:29 DEBUG:    EVENT NUM 1196  current_time = 00:09:41   RETURN_POD            [queue size = 39]
2026-07-13 07:25:29 DEBUG: Pod 335 returned. Robot 38 idle.   [idle robots = 1/40, released tasks = 25]
2026-07-13 07:25:29 DEBUG:    EVENT NUM 1197  current_time = 00:09:41   START_TASK            [queue size = 39]
2026-07-13 07:25:29 DEBUG: Task 137 started: robot 38 → pod 354 → workstation 7 for orders {10} (arrival = 700.5 s).   [idle robots = 0/40]
2026-07-13 07:25:29 DEBUG:    EVENT NUM 1198  current_time = 00:09:41   RETURN_POD            [queue size = 39]
2026-07-13 07:25:29 DEBUG: Pod 888 returned. Robot 24 idle.   [idle robots = 1/40, released tasks = 24]
2026-07-13 07:25:29 DEBUG:    EVENT NUM 1199  current_time = 00:09:41   START_TASK            [queue size = 39]
2026-07-13 07:25:29 DEBUG: Task 138 started: robot 24 → pod 613 → workstation 7 for orders {10} (arrival = 644.4 s).   [idle robots = 0/40]
2026-07-13 07:25:29 DEBUG:    EVENT NUM 1200  current_time = 00:09:42   END_PICKING           [queue size = 39]
2026-07-13 07:25:29 DEBUG: Ended picking at workstation 5.    [picking_buffer len = {115: 572.7581932977065, 109: 573.6200470729042}]
2026-07-13 07:25:29 DEBUG: Task should have served orders {87}, found open orders {65, 43, 87, 31}.
2026-07-13 07:25:29 DEBUG: Task 114 completed: pod 870 returning to storage.
2026-07-13 07:25:29 DEBUG:    EVENT NUM 1201  current_time = 00:09:42   CLOSE_ORDER           [queue size = 41]
2026-07-13 07:25:29 DEBUG: Order 87 closed at workstation 5: flow_time = 582.4 s.     [order_buffer = 1] [open_orders = 3/4]
2026-07-13 07:25:29 DEBUG: Next order in buffer: 86
2026-07-13 07:25:29 DEBUG:    EVENT NUM 1202  current_time = 00:09:42   START_PICKING         [queue size = 41]
2026-07-13 07:25:29 DEBUG: Processing task 115 at workstation 5: picking items {9768} for orders {65}
2026-07-13 07:25:29 DEBUG:    EVENT NUM 1203  current_time = 00:09:42   OPEN_ORDER            [queue size = 41]
2026-07-13 07:25:29 DEBUG: Order 86 (skus required = {5728, 1377}) opened at workstation 5.   [open_orders = 4/4]
2026-07-13 07:25:29 DEBUG:    EVENT NUM 1204  current_time = 00:09:42   START_TASK            [queue size = 41]
2026-07-13 07:25:29 DEBUG: Task 139 blocked: no idle robots.
2026-07-13 07:25:29 DEBUG:    EVENT NUM 1205  current_time = 00:09:45   ARRIVAL_ORDER         [queue size = 40]
2026-07-13 07:25:29 DEBUG: Order 216 arrived: items_required = [5057, 5464].     [orders_in_system = 139]
2026-07-13 07:25:29 DEBUG:    EVENT NUM 1206  current_time = 00:09:46   END_PICKING           [queue size = 40]
2026-07-13 07:25:29 DEBUG: Ended picking at workstation 4.    [picking_buffer len = {}]
2026-07-13 07:25:29 DEBUG: Task should have served orders {21}, found open orders {21}.
2026-07-13 07:25:29 DEBUG: Task 108 completed: pod 125 returning to storage.
2026-07-13 07:25:29 DEBUG:    EVENT NUM 1207  current_time = 00:09:46   CLOSE_ORDER           [queue size = 41]
2026-07-13 07:25:29 DEBUG: Order 21 closed at workstation 4: flow_time = 586.1 s.     [order_buffer = 0] [open_orders = 0/4]
2026-07-13 07:25:29 DEBUG:    EVENT NUM 1208  current_time = 00:09:47   RETURN_POD            [queue size = 40]
2026-07-13 07:25:29 DEBUG: Pod 296 returned. Robot 32 idle.   [idle robots = 1/40, released tasks = 23]
2026-07-13 07:25:29 DEBUG:    EVENT NUM 1209  current_time = 00:09:47   START_TASK            [queue size = 40]
2026-07-13 07:25:29 DEBUG: Task 139 started: robot 32 → pod 266 → workstation 7 for orders {63} (arrival = 715.6 s).   [idle robots = 0/40]
2026-07-13 07:25:29 DEBUG:    EVENT NUM 1210  current_time = 00:09:50   ARRIVAL_ORDER         [queue size = 40]
2026-07-13 07:25:29 DEBUG: Order 217 arrived: items_required = [4405].     [orders_in_system = 139]
2026-07-13 07:25:29 DEBUG:    EVENT NUM 1211  current_time = 00:09:50   END_PICKING           [queue size = 40]
2026-07-13 07:25:29 DEBUG: Ended picking at workstation 3.    [picking_buffer len = {}]
2026-07-13 07:25:29 DEBUG: Task should have served orders {99}, found open orders {99, 24}.
2026-07-13 07:25:29 DEBUG: Task 113 completed: pod 779 returning to storage.
2026-07-13 07:25:29 DEBUG:    EVENT NUM 1212  current_time = 00:09:50   CLOSE_ORDER           [queue size = 41]
2026-07-13 07:25:29 DEBUG: Order 99 closed at workstation 3: flow_time = 591.0 s.     [order_buffer = 0] [open_orders = 1/4]
2026-07-13 07:25:29 DEBUG:    EVENT NUM 1213  current_time = 00:09:52   ARRIVAL_POD_WST       [queue size = 40]
2026-07-13 07:25:29 DEBUG: Pod 387 arrived at workstation 6 - status = IDLE
2026-07-13 07:25:29 DEBUG: Pod queued at workstation.    [picking_buffer = {112: 592.0190056996292}]
2026-07-13 07:25:29 DEBUG:    EVENT NUM 1214  current_time = 00:09:52   START_PICKING         [queue size = 40]
2026-07-13 07:25:29 DEBUG: Processing task 112 at workstation 6: picking items {7092} for orders {22}
2026-07-13 07:25:29 DEBUG:    EVENT NUM 1215  current_time = 00:09:52   END_PICKING           [queue size = 40]
2026-07-13 07:25:29 DEBUG: Ended picking at workstation 5.    [picking_buffer len = {109: 573.6200470729042}]
2026-07-13 07:25:29 DEBUG: Task should have served orders {65}, found open orders {65, 43, 86, 31}.
2026-07-13 07:25:29 DEBUG: Task 115 completed: pod 107 returning to storage.
2026-07-13 07:25:29 DEBUG:    EVENT NUM 1216  current_time = 00:09:52   START_PICKING         [queue size = 41]
2026-07-13 07:25:29 DEBUG: Processing task 109 at workstation 5: picking items {10745} for orders {31}
2026-07-13 07:25:29 DEBUG:    EVENT NUM 1217  current_time = 00:09:55   ARRIVAL_ORDER         [queue size = 41]
2026-07-13 07:25:29 DEBUG: Order 218 arrived: items_required = [6504, 8509].     [orders_in_system = 139]
2026-07-13 07:25:29 DEBUG:    EVENT NUM 1218  current_time = 00:09:55   RETURN_POD            [queue size = 41]
2026-07-13 07:25:29 DEBUG: Pod 13 returned. Robot 27 idle.   [idle robots = 1/40, released tasks = 22]
2026-07-13 07:25:29 DEBUG:    EVENT NUM 1219  current_time = 00:09:55   START_TASK            [queue size = 41]
2026-07-13 07:25:29 DEBUG: Task 140 started: robot 27 → pod 198 → workstation 7 for orders {52} (arrival = 687.7 s).   [idle robots = 0/40]
2026-07-13 07:25:29 DEBUG:    EVENT NUM 1220  current_time = 00:10:00   ARRIVAL_ORDER         [queue size = 41]
2026-07-13 07:25:29 DEBUG: Order 219 arrived: items_required = [9411].     [orders_in_system = 140]
2026-07-13 07:25:29 DEBUG:    EVENT NUM 1221  current_time = 00:10:00   ARRIVAL_POD_WST       [queue size = 41]
2026-07-13 07:25:29 DEBUG: Pod 285 arrived at workstation 5 - status = BUSY
2026-07-13 07:25:29 DEBUG: Pod queued at workstation.    [picking_buffer = {128: 600.4135473084834}]
2026-07-13 07:25:29 DEBUG:    EVENT NUM 1222  current_time = 00:10:02   END_PICKING           [queue size = 40]
2026-07-13 07:25:29 DEBUG: Ended picking at workstation 6.    [picking_buffer len = {}]
2026-07-13 07:25:29 DEBUG: Task should have served orders {22}, found open orders {68, 44, 81, 22}.
2026-07-13 07:25:29 DEBUG: Task 112 completed: pod 387 returning to storage.
2026-07-13 07:25:29 DEBUG:    EVENT NUM 1223  current_time = 00:10:02   END_PICKING           [queue size = 40]
2026-07-13 07:25:29 DEBUG: Ended picking at workstation 5.    [picking_buffer len = {128: 600.4135473084834}]
2026-07-13 07:25:29 DEBUG: Task should have served orders {31}, found open orders {65, 43, 86, 31}.
2026-07-13 07:25:29 DEBUG: Task 109 heading to workstation 5.
2026-07-13 07:25:29 DEBUG:    EVENT NUM 1224  current_time = 00:10:02   CLOSE_ORDER           [queue size = 42]
2026-07-13 07:25:29 DEBUG: Order 31 closed at workstation 5: flow_time = 602.4 s.     [order_buffer = 0] [open_orders = 3/4]
2026-07-13 07:25:29 DEBUG:    EVENT NUM 1225  current_time = 00:10:02   ARRIVAL_POD_WST       [queue size = 41]
2026-07-13 07:25:29 DEBUG: Pod 53 arrived at workstation 5 - status = IDLE
2026-07-13 07:25:29 DEBUG: Pod queued at workstation.    [picking_buffer = {128: 600.4135473084834, 109: 602.4425382134642}]
2026-07-13 07:25:29 DEBUG:    EVENT NUM 1226  current_time = 00:10:02   START_PICKING         [queue size = 41]
2026-07-13 07:25:29 DEBUG: Processing task 128 at workstation 5: picking items {5728} for orders {86}
2026-07-13 07:25:29 DEBUG:    EVENT NUM 1227  current_time = 00:10:02   START_PICKING         [queue size = 41]
2026-07-13 07:25:29 DEBUG:    EVENT NUM 1228  current_time = 00:10:04   ARRIVAL_POD_WST       [queue size = 40]
2026-07-13 07:25:29 DEBUG: Pod 866 arrived at workstation 6 - status = IDLE
2026-07-13 07:25:29 DEBUG: Pod queued at workstation.    [picking_buffer = {129: 604.6245487803716}]
2026-07-13 07:25:29 DEBUG:    EVENT NUM 1229  current_time = 00:10:04   START_PICKING         [queue size = 40]
2026-07-13 07:25:29 DEBUG: Processing task 129 at workstation 6: picking items {5156} for orders {44}
2026-07-13 07:25:29 DEBUG:    EVENT NUM 1230  current_time = 00:10:04   ARRIVAL_POD_WST       [queue size = 40]
2026-07-13 07:25:29 DEBUG: Pod 837 arrived at workstation 5 - status = BUSY
2026-07-13 07:25:29 DEBUG: Pod queued at workstation.    [picking_buffer = {109: 602.4425382134642, 123: 604.8154948326422}]
2026-07-13 07:25:29 DEBUG:    EVENT NUM 1231  current_time = 00:10:05   ARRIVAL_ORDER         [queue size = 39]
2026-07-13 07:25:29 DEBUG: Order 220 arrived: items_required = [8690, 10128].     [orders_in_system = 140]
2026-07-13 07:25:29 DEBUG:    EVENT NUM 1232  current_time = 00:10:10   ARRIVAL_ORDER         [queue size = 39]
2026-07-13 07:25:29 DEBUG: Order 221 arrived: items_required = [4595, 4371].     [orders_in_system = 141]
2026-07-13 07:25:29 DEBUG:    EVENT NUM 1233  current_time = 00:10:10   ARRIVAL_POD_WST       [queue size = 39]
2026-07-13 07:25:29 DEBUG: Pod 647 arrived at workstation 7 - status = IDLE
2026-07-13 07:25:29 DEBUG: Pod queued at workstation.    [picking_buffer = {135: 610.2045546551535}]
2026-07-13 07:25:29 DEBUG:    EVENT NUM 1234  current_time = 00:10:10   START_PICKING         [queue size = 39]
2026-07-13 07:25:29 DEBUG: Processing task 135 at workstation 7: picking items {2091} for orders {57}
2026-07-13 07:25:29 DEBUG:    EVENT NUM 1235  current_time = 00:10:10   ARRIVAL_POD_WST       [queue size = 39]
2026-07-13 07:25:29 DEBUG: Pod 353 arrived at workstation 5 - status = BUSY
2026-07-13 07:25:29 DEBUG: Pod queued at workstation.    [picking_buffer = {109: 602.4425382134642, 123: 604.8154948326422, 119: 610.3510320768615}]
2026-07-13 07:25:29 DEBUG:    EVENT NUM 1236  current_time = 00:10:11   ARRIVAL_POD_WST       [queue size = 38]
2026-07-13 07:25:29 DEBUG: Pod 601 arrived at workstation 6 - status = BUSY
2026-07-13 07:25:29 DEBUG: Pod queued at workstation.    [picking_buffer = {117: 611.9620929899341}]
2026-07-13 07:25:29 DEBUG:    EVENT NUM 1237  current_time = 00:10:12   RETURN_POD            [queue size = 37]
2026-07-13 07:25:29 DEBUG: Pod 32 returned. Robot 4 idle.   [idle robots = 1/40, released tasks = 21]
2026-07-13 07:25:29 DEBUG:    EVENT NUM 1238  current_time = 00:10:12   START_TASK            [queue size = 37]
2026-07-13 07:25:29 DEBUG: Task 141 started: robot 4 → pod 257 → workstation 7 for orders {63} (arrival = 689.7 s).   [idle robots = 0/40]
2026-07-13 07:25:29 DEBUG:    EVENT NUM 1239  current_time = 00:10:12   END_PICKING           [queue size = 37]
2026-07-13 07:25:29 DEBUG: Ended picking at workstation 5.    [picking_buffer len = {109: 602.4425382134642, 123: 604.8154948326422, 119: 610.3510320768615}]
2026-07-13 07:25:29 DEBUG: Task should have served orders {86}, found open orders {65, 43, 86}.
2026-07-13 07:25:29 DEBUG: Task 128 completed: pod 285 returning to storage.
2026-07-13 07:25:29 DEBUG:    EVENT NUM 1240  current_time = 00:10:12   START_PICKING         [queue size = 38]
2026-07-13 07:25:29 DEBUG: Processing task 109 at workstation 5: picking items {9743} for orders {43}
2026-07-13 07:25:29 DEBUG:    EVENT NUM 1241  current_time = 00:10:12   RETURN_POD            [queue size = 38]
2026-07-13 07:25:29 DEBUG: Pod 206 returned. Robot 10 idle.   [idle robots = 1/40, released tasks = 20]
2026-07-13 07:25:29 DEBUG:    EVENT NUM 1242  current_time = 00:10:12   START_TASK            [queue size = 38]
2026-07-13 07:25:29 DEBUG: Task 142 started: robot 10 → pod 586 → workstation 7 for orders {52} (arrival = 661.8 s).   [idle robots = 0/40]
2026-07-13 07:25:29 DEBUG:    EVENT NUM 1243  current_time = 00:10:12   RETURN_POD            [queue size = 38]
2026-07-13 07:25:29 DEBUG: Pod 193 returned. Robot 30 idle.   [idle robots = 1/40, released tasks = 19]
2026-07-13 07:25:29 DEBUG:    EVENT NUM 1244  current_time = 00:10:12   START_TASK            [queue size = 38]
2026-07-13 07:25:29 DEBUG: Task 143 started: robot 30 → pod 867 → workstation 6 for orders {59} (arrival = 690.8 s).   [idle robots = 0/40]
2026-07-13 07:25:29 DEBUG:    EVENT NUM 1245  current_time = 00:10:14   END_PICKING           [queue size = 38]
2026-07-13 07:25:29 DEBUG: Ended picking at workstation 6.    [picking_buffer len = {117: 611.9620929899341}]
2026-07-13 07:25:29 DEBUG: Task should have served orders {44}, found open orders {68, 44, 81, 22}.
2026-07-13 07:25:29 DEBUG: Task 129 completed: pod 866 returning to storage.
2026-07-13 07:25:29 DEBUG:    EVENT NUM 1246  current_time = 00:10:14   START_PICKING         [queue size = 39]
2026-07-13 07:25:29 DEBUG: Processing task 117 at workstation 6: picking items {3816} for orders {22}
2026-07-13 07:25:29 DEBUG:    EVENT NUM 1247  current_time = 00:10:15   ARRIVAL_ORDER         [queue size = 39]
2026-07-13 07:25:29 DEBUG: Order 222 arrived: items_required = [8558].     [orders_in_system = 142]
2026-07-13 07:25:29 DEBUG:    EVENT NUM 1248  current_time = 00:10:15   RETURN_POD            [queue size = 39]
2026-07-13 07:25:29 DEBUG: Pod 394 returned. Robot 0 idle.   [idle robots = 1/40, released tasks = 18]
2026-07-13 07:25:29 DEBUG:    EVENT NUM 1249  current_time = 00:10:15   START_TASK            [queue size = 39]
2026-07-13 07:25:29 DEBUG: Task 144 started: robot 0 → pod 174 → workstation 7 for orders {52} (arrival = 745.7 s).   [idle robots = 0/40]
2026-07-13 07:25:29 DEBUG:    EVENT NUM 1250  current_time = 00:10:18   ARRIVAL_POD_WST       [queue size = 39]
2026-07-13 07:25:29 DEBUG: Pod 57 arrived at workstation 3 - status = IDLE
2026-07-13 07:25:29 DEBUG: Pod queued at workstation.    [picking_buffer = {110: 618.0953665427646}]
2026-07-13 07:25:29 DEBUG:    EVENT NUM 1251  current_time = 00:10:18   START_PICKING         [queue size = 39]
2026-07-13 07:25:29 DEBUG: Processing task 110 at workstation 3: picking items {5111} for orders {24}
2026-07-13 07:25:29 DEBUG:    EVENT NUM 1252  current_time = 00:10:18   RETURN_POD            [queue size = 39]
2026-07-13 07:25:29 DEBUG: Pod 19 returned. Robot 8 idle.   [idle robots = 1/40, released tasks = 17]
2026-07-13 07:25:29 DEBUG:    EVENT NUM 1253  current_time = 00:10:18   START_TASK            [queue size = 39]
2026-07-13 07:25:29 DEBUG: Task 145 started: robot 8 → pod 135 → workstation 6 for orders {59} (arrival = 724.9 s).   [idle robots = 0/40]
2026-07-13 07:25:29 DEBUG:    EVENT NUM 1254  current_time = 00:10:20   ARRIVAL_ORDER         [queue size = 39]
2026-07-13 07:25:29 DEBUG: Order 223 arrived: items_required = [11366, 6543, 6024, 6350].     [orders_in_system = 143]
2026-07-13 07:25:29 DEBUG:    EVENT NUM 1255  current_time = 00:10:20   END_PICKING           [queue size = 39]
2026-07-13 07:25:29 DEBUG: Ended picking at workstation 7.    [picking_buffer len = {}]
2026-07-13 07:25:29 DEBUG: Task should have served orders {57}, found open orders {10, 52, 57, 63}.
2026-07-13 07:25:29 DEBUG: Task 135 completed: pod 647 returning to storage.
2026-07-13 07:25:29 DEBUG:    EVENT NUM 1256  current_time = 00:10:22   END_PICKING           [queue size = 39]
2026-07-13 07:25:29 DEBUG: Ended picking at workstation 5.    [picking_buffer len = {123: 604.8154948326422, 119: 610.3510320768615}]
2026-07-13 07:25:29 DEBUG: Task should have served orders {43}, found open orders {65, 43, 86}.
2026-07-13 07:25:29 DEBUG: Task 109 completed: pod 53 returning to storage.
2026-07-13 07:25:29 DEBUG:    EVENT NUM 1257  current_time = 00:10:22   START_PICKING         [queue size = 40]
2026-07-13 07:25:29 DEBUG: Processing task 123 at workstation 5: picking items {4610} for orders {65}
2026-07-13 07:25:29 DEBUG:    EVENT NUM 1258  current_time = 00:10:23   RETURN_POD            [queue size = 40]
2026-07-13 07:25:29 DEBUG: Pod 246 returned. Robot 31 idle.   [idle robots = 1/40, released tasks = 16]
2026-07-13 07:25:29 DEBUG:    EVENT NUM 1259  current_time = 00:10:23   START_TASK            [queue size = 40]
2026-07-13 07:25:29 DEBUG: Task 146 started: robot 31 → pod 509 → workstation 8 for orders {55} (arrival = 736.8 s).   [idle robots = 0/40]
2026-07-13 07:25:29 DEBUG:    EVENT NUM 1260  current_time = 00:10:24   END_PICKING           [queue size = 40]
2026-07-13 07:25:29 DEBUG: Ended picking at workstation 6.    [picking_buffer len = {}]
2026-07-13 07:25:29 DEBUG: Task should have served orders {22}, found open orders {68, 44, 81, 22}.
2026-07-13 07:25:29 DEBUG: Task 117 completed: pod 601 returning to storage.
2026-07-13 07:25:29 DEBUG:    EVENT NUM 1261  current_time = 00:10:24   CLOSE_ORDER           [queue size = 41]
2026-07-13 07:25:29 DEBUG: Order 22 closed at workstation 6: flow_time = 624.6 s.     [order_buffer = 1] [open_orders = 3/4]
2026-07-13 07:25:29 DEBUG: Next order in buffer: 59
2026-07-13 07:25:29 DEBUG:    EVENT NUM 1262  current_time = 00:10:24   OPEN_ORDER            [queue size = 41]
2026-07-13 07:25:29 DEBUG: Order 59 (skus required = {5425, 10690, 5076, 9330}) opened at workstation 6.   [open_orders = 4/4]
2026-07-13 07:25:29 DEBUG:    EVENT NUM 1263  current_time = 00:10:24   START_TASK            [queue size = 41]
2026-07-13 07:25:29 DEBUG: Task 147 blocked: no idle robots.
2026-07-13 07:25:29 DEBUG:    EVENT NUM 1264  current_time = 00:10:25   ARRIVAL_ORDER         [queue size = 40]
2026-07-13 07:25:29 DEBUG: Order 224 arrived: items_required = [9629, 4734, 1425].     [orders_in_system = 143]
2026-07-13 07:25:29 DEBUG:    EVENT NUM 1265  current_time = 00:10:28   END_PICKING           [queue size = 40]
2026-07-13 07:25:29 DEBUG: Ended picking at workstation 3.    [picking_buffer len = {}]
2026-07-13 07:25:29 DEBUG: Task should have served orders {24}, found open orders {24}.
2026-07-13 07:25:29 DEBUG: Task 110 completed: pod 57 returning to storage.
2026-07-13 07:25:29 DEBUG:    EVENT NUM 1266  current_time = 00:10:28   CLOSE_ORDER           [queue size = 41]
2026-07-13 07:25:29 DEBUG: Order 24 closed at workstation 3: flow_time = 628.1 s.     [order_buffer = 0] [open_orders = 0/4]
2026-07-13 07:25:29 DEBUG:    EVENT NUM 1267  current_time = 00:10:30   ARRIVAL_ORDER         [queue size = 40]
2026-07-13 07:25:29 DEBUG: Order 225 arrived: items_required = [9502].     [orders_in_system = 143]
2026-07-13 07:25:29 DEBUG:    EVENT NUM 1268  current_time = 00:10:31   RETURN_POD            [queue size = 40]
2026-07-13 07:25:29 DEBUG: Pod 569 returned. Robot 21 idle.   [idle robots = 1/40, released tasks = 15]
2026-07-13 07:25:29 DEBUG:    EVENT NUM 1269  current_time = 00:10:31   START_TASK            [queue size = 40]
2026-07-13 07:25:29 DEBUG: Task 147 started: robot 21 → pod 105 → workstation 6 for orders {59} (arrival = 732.3 s).   [idle robots = 0/40]
2026-07-13 07:25:29 DEBUG:    EVENT NUM 1270  current_time = 00:10:32   END_PICKING           [queue size = 40]
2026-07-13 07:25:29 DEBUG: Ended picking at workstation 5.    [picking_buffer len = {119: 610.3510320768615}]
2026-07-13 07:25:29 DEBUG: Task should have served orders {65}, found open orders {65, 43, 86}.
2026-07-13 07:25:29 DEBUG: Task 123 completed: pod 837 returning to storage.
2026-07-13 07:25:29 DEBUG:    EVENT NUM 1271  current_time = 00:10:32   START_PICKING         [queue size = 41]
2026-07-13 07:25:29 DEBUG: Processing task 119 at workstation 5: picking items {6874} for orders {43}
2026-07-13 07:25:29 DEBUG:    EVENT NUM 1272  current_time = 00:10:32   RETURN_POD            [queue size = 41]
2026-07-13 07:25:29 DEBUG: Pod 838 returned. Robot 2 idle.   [idle robots = 1/40, released tasks = 14]
2026-07-13 07:25:29 DEBUG:    EVENT NUM 1273  current_time = 00:10:32   START_TASK            [queue size = 41]
2026-07-13 07:25:29 DEBUG: Task 148 started: robot 2 → pod 414 → workstation 8 for orders {0} (arrival = 727.7 s).   [idle robots = 0/40]
2026-07-13 07:25:29 DEBUG:    EVENT NUM 1274  current_time = 00:10:33   ARRIVAL_POD_WST       [queue size = 41]
2026-07-13 07:25:29 DEBUG: Pod 811 arrived at workstation 6 - status = IDLE
2026-07-13 07:25:29 DEBUG: Pod queued at workstation.    [picking_buffer = {122: 633.573335190013}]
2026-07-13 07:25:29 DEBUG:    EVENT NUM 1275  current_time = 00:10:33   START_PICKING         [queue size = 41]
2026-07-13 07:25:29 DEBUG: Processing task 122 at workstation 6: picking items {6169} for orders {81}
2026-07-13 07:25:29 DEBUG:    EVENT NUM 1276  current_time = 00:10:35   ARRIVAL_ORDER         [queue size = 41]
2026-07-13 07:25:29 DEBUG: Order 226 arrived: items_required = [5434].     [orders_in_system = 144]
2026-07-13 07:25:29 DEBUG:    EVENT NUM 1277  current_time = 00:10:35   RETURN_POD            [queue size = 41]
2026-07-13 07:25:29 DEBUG: Pod 406 returned. Robot 35 idle.   [idle robots = 1/40, released tasks = 13]
2026-07-13 07:25:29 DEBUG:    EVENT NUM 1278  current_time = 00:10:35   START_TASK            [queue size = 41]
2026-07-13 07:25:29 DEBUG: Task 149 started: robot 35 → pod 806 → workstation 8 for orders {0} (arrival = 708.5 s).   [idle robots = 0/40]
2026-07-13 07:25:29 DEBUG:    EVENT NUM 1279  current_time = 00:10:36   ARRIVAL_POD_WST       [queue size = 41]
2026-07-13 07:25:29 DEBUG: Pod 111 arrived at workstation 5 - status = BUSY
2026-07-13 07:25:29 DEBUG: Pod queued at workstation.    [picking_buffer = {121: 636.0550422989511}]
2026-07-13 07:25:29 DEBUG:    EVENT NUM 1280  current_time = 00:10:37   ARRIVAL_POD_WST       [queue size = 40]
2026-07-13 07:25:29 DEBUG: Pod 625 arrived at workstation 7 - status = IDLE
2026-07-13 07:25:29 DEBUG: Pod queued at workstation.    [picking_buffer = {132: 637.87515994285}]
2026-07-13 07:25:29 DEBUG:    EVENT NUM 1281  current_time = 00:10:37   START_PICKING         [queue size = 40]
2026-07-13 07:25:29 DEBUG: Processing task 132 at workstation 7: picking items {7910} for orders {57}
2026-07-13 07:25:29 DEBUG:    EVENT NUM 1282  current_time = 00:10:40   ARRIVAL_ORDER         [queue size = 40]
2026-07-13 07:25:29 DEBUG: Order 227 arrived: items_required = [5302].     [orders_in_system = 145]
2026-07-13 07:25:29 DEBUG:    EVENT NUM 1283  current_time = 00:10:42   END_PICKING           [queue size = 40]
2026-07-13 07:25:29 DEBUG: Ended picking at workstation 5.    [picking_buffer len = {121: 636.0550422989511}]
2026-07-13 07:25:29 DEBUG: Task should have served orders {43}, found open orders {65, 43, 86}.
2026-07-13 07:25:29 DEBUG: Task 119 completed: pod 353 returning to storage.
2026-07-13 07:25:29 DEBUG:    EVENT NUM 1284  current_time = 00:10:42   START_PICKING         [queue size = 41]
2026-07-13 07:25:29 DEBUG: Processing task 121 at workstation 5: picking items {8664} for orders {43}
2026-07-13 07:25:29 DEBUG:    EVENT NUM 1285  current_time = 00:10:43   END_PICKING           [queue size = 41]
2026-07-13 07:25:29 DEBUG: Ended picking at workstation 6.    [picking_buffer len = {}]
2026-07-13 07:25:29 DEBUG: Task should have served orders {81}, found open orders {68, 44, 81, 59}.
2026-07-13 07:25:29 DEBUG: Task 122 completed: pod 811 returning to storage.
2026-07-13 07:25:29 DEBUG:    EVENT NUM 1286  current_time = 00:10:44   ARRIVAL_POD_WST       [queue size = 41]
2026-07-13 07:25:29 DEBUG: Pod 613 arrived at workstation 7 - status = BUSY
2026-07-13 07:25:29 DEBUG: Pod queued at workstation.    [picking_buffer = {138: 644.3588458415918}]
2026-07-13 07:25:29 DEBUG:    EVENT NUM 1287  current_time = 00:10:45   ARRIVAL_ORDER         [queue size = 40]
2026-07-13 07:25:29 DEBUG: Order 228 arrived: items_required = [8077, 5688].     [orders_in_system = 146]
2026-07-13 07:25:29 DEBUG:    EVENT NUM 1288  current_time = 00:10:45   RETURN_POD            [queue size = 40]
2026-07-13 07:25:29 DEBUG: Pod 137 returned. Robot 11 idle.   [idle robots = 1/40, released tasks = 12]
2026-07-13 07:25:29 DEBUG:    EVENT NUM 1289  current_time = 00:10:45   START_TASK            [queue size = 40]
2026-07-13 07:25:29 DEBUG: Task 150 started: robot 11 → pod 190 → workstation 8 for orders {94} (arrival = 773.7 s).   [idle robots = 0/40]
2026-07-13 07:25:29 DEBUG:    EVENT NUM 1290  current_time = 00:10:47   RETURN_POD            [queue size = 40]
2026-07-13 07:25:29 DEBUG: Pod 842 returned. Robot 9 idle.   [idle robots = 1/40, released tasks = 11]
2026-07-13 07:25:29 DEBUG:    EVENT NUM 1291  current_time = 00:10:47   START_TASK            [queue size = 40]
2026-07-13 07:25:29 DEBUG: Task 151 started: robot 9 → pod 428 → workstation 8 for orders {94} (arrival = 770.6 s).   [idle robots = 0/40]
2026-07-13 07:25:29 DEBUG:    EVENT NUM 1292  current_time = 00:10:47   END_PICKING           [queue size = 40]
2026-07-13 07:25:29 DEBUG: Ended picking at workstation 7.    [picking_buffer len = {138: 644.3588458415918}]
2026-07-13 07:25:29 DEBUG: Task should have served orders {57}, found open orders {10, 52, 57, 63}.
2026-07-13 07:25:29 DEBUG: Task 132 completed: pod 625 returning to storage.
2026-07-13 07:25:29 DEBUG:    EVENT NUM 1293  current_time = 00:10:47   CLOSE_ORDER           [queue size = 42]
2026-07-13 07:25:29 DEBUG: Order 57 closed at workstation 7: flow_time = 647.9 s.     [order_buffer = 0] [open_orders = 3/4]
2026-07-13 07:25:29 DEBUG:    EVENT NUM 1294  current_time = 00:10:47   START_PICKING         [queue size = 41]
2026-07-13 07:25:29 DEBUG: Processing task 138 at workstation 7: picking items {2050} for orders {10}
2026-07-13 07:25:29 DEBUG:    EVENT NUM 1295  current_time = 00:10:50   ARRIVAL_ORDER         [queue size = 41]
2026-07-13 07:25:29 DEBUG: Order 229 arrived: items_required = [11124].     [orders_in_system = 146]
2026-07-13 07:25:29 DEBUG:    EVENT NUM 1296  current_time = 00:10:51   RETURN_POD            [queue size = 41]
2026-07-13 07:25:29 DEBUG: Pod 227 returned. Robot 26 idle.   [idle robots = 1/40, released tasks = 10]
2026-07-13 07:25:29 DEBUG:    EVENT NUM 1297  current_time = 00:10:51   START_TASK            [queue size = 41]
2026-07-13 07:25:29 DEBUG: Task 152 started: robot 26 → pod 605 → workstation 8 for orders {55} (arrival = 774.9 s).   [idle robots = 0/40]
2026-07-13 07:25:29 DEBUG:    EVENT NUM 1298  current_time = 00:10:52   END_PICKING           [queue size = 41]
2026-07-13 07:25:29 DEBUG: Ended picking at workstation 5.    [picking_buffer len = {}]
2026-07-13 07:25:29 DEBUG: Task should have served orders {43}, found open orders {65, 43, 86}.
2026-07-13 07:25:29 DEBUG: Task 121 heading to workstation 5.
2026-07-13 07:25:29 DEBUG:    EVENT NUM 1299  current_time = 00:10:52   CLOSE_ORDER           [queue size = 42]
2026-07-13 07:25:29 DEBUG: Order 43 closed at workstation 5: flow_time = 652.4 s.     [order_buffer = 0] [open_orders = 2/4]
2026-07-13 07:25:29 DEBUG:    EVENT NUM 1300  current_time = 00:10:52   ARRIVAL_POD_WST       [queue size = 41]
2026-07-13 07:25:29 DEBUG: Pod 111 arrived at workstation 5 - status = IDLE
2026-07-13 07:25:29 DEBUG: Pod queued at workstation.    [picking_buffer = {121: 652.4425382134642}]
2026-07-13 07:25:29 DEBUG:    EVENT NUM 1301  current_time = 00:10:52   START_PICKING         [queue size = 41]
2026-07-13 07:25:29 DEBUG: Processing task 121 at workstation 5: picking items {11516} for orders {65}
2026-07-13 07:25:29 DEBUG:    EVENT NUM 1302  current_time = 00:10:54   ARRIVAL_POD_WST       [queue size = 41]
2026-07-13 07:25:29 DEBUG: Pod 236 arrived at workstation 6 - status = IDLE
2026-07-13 07:25:29 DEBUG: Pod queued at workstation.    [picking_buffer = {126: 654.0981100480693}]
2026-07-13 07:25:29 DEBUG:    EVENT NUM 1303  current_time = 00:10:54   START_PICKING         [queue size = 41]
2026-07-13 07:25:29 DEBUG: Processing task 126 at workstation 6: picking items {428} for orders {68}
2026-07-13 07:25:29 DEBUG:    EVENT NUM 1304  current_time = 00:10:55   ARRIVAL_ORDER         [queue size = 41]
2026-07-13 07:25:29 DEBUG: Order 230 arrived: items_required = [7335, 8738, 3387, 5043].     [orders_in_system = 146]
2026-07-13 07:25:29 DEBUG:    EVENT NUM 1305  current_time = 00:10:56   ARRIVAL_POD_WST       [queue size = 41]
2026-07-13 07:25:29 DEBUG: Pod 21 arrived at workstation 7 - status = BUSY
2026-07-13 07:25:29 DEBUG: Pod queued at workstation.    [picking_buffer = {127: 656.158289542938}]
2026-07-13 07:25:29 DEBUG:    EVENT NUM 1306  current_time = 00:10:56   ARRIVAL_POD_WST       [queue size = 40]
2026-07-13 07:25:29 DEBUG: Pod 808 arrived at workstation 6 - status = BUSY
2026-07-13 07:25:29 DEBUG: Pod queued at workstation.    [picking_buffer = {133: 656.6780367155405}]
2026-07-13 07:25:29 DEBUG:    EVENT NUM 1307  current_time = 00:10:57   END_PICKING           [queue size = 39]
2026-07-13 07:25:29 DEBUG: Ended picking at workstation 7.    [picking_buffer len = {127: 656.158289542938}]
2026-07-13 07:25:29 DEBUG: Task should have served orders {10}, found open orders {10, 52, 63}.
2026-07-13 07:25:29 DEBUG: Task 138 completed: pod 613 returning to storage.
2026-07-13 07:25:29 DEBUG:    EVENT NUM 1308  current_time = 00:10:57   START_PICKING         [queue size = 40]
2026-07-13 07:25:29 DEBUG: Processing task 127 at workstation 7: picking items {4543} for orders {63}
2026-07-13 07:25:29 DEBUG:    EVENT NUM 1309  current_time = 00:11:00   ARRIVAL_ORDER         [queue size = 40]
2026-07-13 07:25:29 DEBUG: Order 231 arrived: items_required = [11128].     [orders_in_system = 147]
2026-07-13 07:25:29 DEBUG:    EVENT NUM 1310  current_time = 00:11:01   RETURN_POD            [queue size = 40]
2026-07-13 07:25:29 DEBUG: Pod 647 returned. Robot 16 idle.   [idle robots = 1/40, released tasks = 9]
2026-07-13 07:25:29 DEBUG:    EVENT NUM 1311  current_time = 00:11:01   START_TASK            [queue size = 40]
2026-07-13 07:25:29 DEBUG: Task 153 started: robot 16 → pod 378 → workstation 8 for orders {55} (arrival = 725.6 s).   [idle robots = 0/40]
2026-07-13 07:25:29 DEBUG:    EVENT NUM 1312  current_time = 00:11:01   ARRIVAL_POD_WST       [queue size = 40]
2026-07-13 07:25:29 DEBUG: Pod 586 arrived at workstation 7 - status = BUSY
2026-07-13 07:25:29 DEBUG: Pod queued at workstation.    [picking_buffer = {142: 661.8176349712666}]
2026-07-13 07:25:29 DEBUG:    EVENT NUM 1313  current_time = 00:11:02   END_PICKING           [queue size = 39]
2026-07-13 07:25:29 DEBUG: Ended picking at workstation 5.    [picking_buffer len = {}]
2026-07-13 07:25:29 DEBUG: Task should have served orders {65}, found open orders {65, 86}.
2026-07-13 07:25:29 DEBUG: Task 121 completed: pod 111 returning to storage.
2026-07-13 07:25:29 DEBUG:    EVENT NUM 1314  current_time = 00:11:04   END_PICKING           [queue size = 39]
2026-07-13 07:25:29 DEBUG: Ended picking at workstation 6.    [picking_buffer len = {133: 656.6780367155405}]
2026-07-13 07:25:29 DEBUG: Task should have served orders {68}, found open orders {68, 44, 81, 59}.
2026-07-13 07:25:29 DEBUG: Task 126 completed: pod 236 returning to storage.
2026-07-13 07:25:29 DEBUG:    EVENT NUM 1315  current_time = 00:11:04   START_PICKING         [queue size = 40]
2026-07-13 07:25:29 DEBUG: Processing task 133 at workstation 6: picking items {11442} for orders {44}
2026-07-13 07:25:29 DEBUG:    EVENT NUM 1316  current_time = 00:11:05   ARRIVAL_ORDER         [queue size = 40]
2026-07-13 07:25:29 DEBUG: Order 232 arrived: items_required = [807].     [orders_in_system = 148]
2026-07-13 07:25:29 DEBUG:    EVENT NUM 1317  current_time = 00:11:05   ARRIVAL_POD_WST       [queue size = 40]
2026-07-13 07:25:29 DEBUG: Pod 596 arrived at workstation 6 - status = BUSY
2026-07-13 07:25:29 DEBUG: Pod queued at workstation.    [picking_buffer = {131: 665.8749249158113}]
2026-07-13 07:25:29 DEBUG:    EVENT NUM 1318  current_time = 00:11:07   END_PICKING           [queue size = 39]
2026-07-13 07:25:29 DEBUG: Ended picking at workstation 7.    [picking_buffer len = {142: 661.8176349712666}]
2026-07-13 07:25:29 DEBUG: Task should have served orders {63}, found open orders {10, 52, 63}.
2026-07-13 07:25:29 DEBUG: Task 127 heading to workstation 7.
2026-07-13 07:25:29 DEBUG:    EVENT NUM 1319  current_time = 00:11:07   ARRIVAL_POD_WST       [queue size = 40]
2026-07-13 07:25:29 DEBUG: Pod 21 arrived at workstation 7 - status = IDLE
2026-07-13 07:25:29 DEBUG: Pod queued at workstation.    [picking_buffer = {142: 661.8176349712666, 127: 667.87515994285}]
2026-07-13 07:25:29 DEBUG:    EVENT NUM 1320  current_time = 00:11:07   START_PICKING         [queue size = 40]
2026-07-13 07:25:29 DEBUG: Processing task 142 at workstation 7: picking items {8238} for orders {52}
2026-07-13 07:25:29 DEBUG:    EVENT NUM 1321  current_time = 00:11:07   START_PICKING         [queue size = 40]
2026-07-13 07:25:29 DEBUG:    EVENT NUM 1322  current_time = 00:11:10   ARRIVAL_ORDER         [queue size = 39]
2026-07-13 07:25:29 DEBUG: Order 233 arrived: items_required = [10381].     [orders_in_system = 149]
2026-07-13 07:25:29 DEBUG:    EVENT NUM 1323  current_time = 00:11:14   END_PICKING           [queue size = 39]
2026-07-13 07:25:29 DEBUG: Ended picking at workstation 6.    [picking_buffer len = {131: 665.8749249158113}]
2026-07-13 07:25:29 DEBUG: Task should have served orders {44}, found open orders {68, 44, 81, 59}.
2026-07-13 07:25:29 DEBUG: Task 133 completed: pod 808 returning to storage.
2026-07-13 07:25:29 DEBUG:    EVENT NUM 1324  current_time = 00:11:14   START_PICKING         [queue size = 40]
2026-07-13 07:25:29 DEBUG: Processing task 131 at workstation 6: picking items {7835} for orders {81, 68}
2026-07-13 07:25:29 DEBUG:    EVENT NUM 1325  current_time = 00:11:14   ARRIVAL_POD_WST       [queue size = 40]
2026-07-13 07:25:29 DEBUG: Pod 115 arrived at workstation 5 - status = IDLE
2026-07-13 07:25:29 DEBUG: Pod queued at workstation.    [picking_buffer = {130: 674.9343153190715}]
2026-07-13 07:25:29 DEBUG:    EVENT NUM 1326  current_time = 00:11:14   START_PICKING         [queue size = 40]
2026-07-13 07:25:29 DEBUG: Processing task 130 at workstation 5: picking items {1377} for orders {86}
2026-07-13 07:25:29 DEBUG:    EVENT NUM 1327  current_time = 00:11:15   ARRIVAL_ORDER         [queue size = 40]
2026-07-13 07:25:29 DEBUG: Order 234 arrived: items_required = [7395, 4709, 11462].     [orders_in_system = 150]
2026-07-13 07:25:29 DEBUG:    EVENT NUM 1328  current_time = 00:11:17   END_PICKING           [queue size = 40]
2026-07-13 07:25:29 DEBUG: Ended picking at workstation 7.    [picking_buffer len = {127: 667.87515994285}]
2026-07-13 07:25:29 DEBUG: Task should have served orders {52}, found open orders {10, 52, 63}.
2026-07-13 07:25:29 DEBUG: Task 142 completed: pod 586 returning to storage.
2026-07-13 07:25:29 DEBUG:    EVENT NUM 1329  current_time = 00:11:17   START_PICKING         [queue size = 41]
2026-07-13 07:25:29 DEBUG: Processing task 127 at workstation 7: picking items {4543} for orders {10}
2026-07-13 07:25:29 DEBUG:    EVENT NUM 1330  current_time = 00:11:19   RETURN_POD            [queue size = 41]
2026-07-13 07:25:29 DEBUG: Pod 329 returned. Robot 7 idle.   [idle robots = 1/40, released tasks = 8]
2026-07-13 07:25:29 DEBUG:    EVENT NUM 1331  current_time = 00:11:19   START_TASK            [queue size = 41]
2026-07-13 07:25:29 DEBUG: Task 154 started: robot 7 → pod 452 → workstation 8 for orders {78} (arrival = 833.2 s).   [idle robots = 0/40]
2026-07-13 07:25:29 DEBUG:    EVENT NUM 1332  current_time = 00:11:20   ARRIVAL_ORDER         [queue size = 41]
2026-07-13 07:25:29 DEBUG: Order 235 arrived: items_required = [4984, 5537].     [orders_in_system = 151]
2026-07-13 07:25:29 DEBUG:    EVENT NUM 1333  current_time = 00:11:21   RETURN_POD            [queue size = 41]
2026-07-13 07:25:29 DEBUG: Pod 870 returned. Robot 29 idle.   [idle robots = 1/40, released tasks = 7]
2026-07-13 07:25:29 DEBUG:    EVENT NUM 1334  current_time = 00:11:21   START_TASK            [queue size = 41]
2026-07-13 07:25:29 DEBUG: Task 155 started: robot 29 → pod 296 → workstation 8 for orders {78} (arrival = 803.2 s).   [idle robots = 0/40]
2026-07-13 07:25:29 DEBUG:    EVENT NUM 1335  current_time = 00:11:24   END_PICKING           [queue size = 41]
2026-07-13 07:25:29 DEBUG: Ended picking at workstation 6.    [picking_buffer len = {}]
2026-07-13 07:25:29 DEBUG: Task should have served orders {81, 68}, found open orders {68, 44, 81, 59}.
2026-07-13 07:25:29 DEBUG: Task 131 completed: pod 596 returning to storage.
2026-07-13 07:25:29 DEBUG:    EVENT NUM 1336  current_time = 00:11:24   CLOSE_ORDER           [queue size = 43]
2026-07-13 07:25:29 DEBUG: Order 81 closed at workstation 6: flow_time = 684.1 s.     [order_buffer = 0] [open_orders = 3/4]
2026-07-13 07:25:29 DEBUG:    EVENT NUM 1337  current_time = 00:11:24   CLOSE_ORDER           [queue size = 42]
2026-07-13 07:25:29 DEBUG: Order 68 closed at workstation 6: flow_time = 684.1 s.     [order_buffer = 0] [open_orders = 2/4]
2026-07-13 07:25:29 DEBUG:    EVENT NUM 1338  current_time = 00:11:24   END_PICKING           [queue size = 41]
2026-07-13 07:25:29 DEBUG: Ended picking at workstation 5.    [picking_buffer len = {}]
2026-07-13 07:25:29 DEBUG: Task should have served orders {86}, found open orders {65, 86}.
2026-07-13 07:25:29 DEBUG: Task 130 completed: pod 115 returning to storage.
2026-07-13 07:25:29 DEBUG:    EVENT NUM 1339  current_time = 00:11:24   CLOSE_ORDER           [queue size = 42]
2026-07-13 07:25:29 DEBUG: Order 86 closed at workstation 5: flow_time = 684.9 s.     [order_buffer = 0] [open_orders = 1/4]
2026-07-13 07:25:29 DEBUG:    EVENT NUM 1340  current_time = 00:11:25   ARRIVAL_ORDER         [queue size = 41]
2026-07-13 07:25:29 DEBUG: Order 236 arrived: items_required = [5592, 13358].     [orders_in_system = 149]
2026-07-13 07:25:29 DEBUG:    EVENT NUM 1341  current_time = 00:11:27   ARRIVAL_POD_WST       [queue size = 41]
2026-07-13 07:25:29 DEBUG: Pod 50 arrived at workstation 6 - status = IDLE
2026-07-13 07:25:29 DEBUG: Pod queued at workstation.    [picking_buffer = {134: 687.018660169611}]
2026-07-13 07:25:29 DEBUG:    EVENT NUM 1342  current_time = 00:11:27   START_PICKING         [queue size = 41]
2026-07-13 07:25:29 DEBUG: Processing task 134 at workstation 6: picking items {5076} for orders {59}
2026-07-13 07:25:29 DEBUG:    EVENT NUM 1343  current_time = 00:11:27   ARRIVAL_POD_WST       [queue size = 41]
2026-07-13 07:25:29 DEBUG: Pod 198 arrived at workstation 7 - status = BUSY
2026-07-13 07:25:29 DEBUG: Pod queued at workstation.    [picking_buffer = {140: 687.7373303095269}]
2026-07-13 07:25:29 DEBUG:    EVENT NUM 1344  current_time = 00:11:27   END_PICKING           [queue size = 40]
2026-07-13 07:25:29 DEBUG: Ended picking at workstation 7.    [picking_buffer len = {140: 687.7373303095269}]
2026-07-13 07:25:29 DEBUG: Task should have served orders {10}, found open orders {10, 52, 63}.
2026-07-13 07:25:29 DEBUG: Task 127 completed: pod 21 returning to storage.
2026-07-13 07:25:29 DEBUG:    EVENT NUM 1345  current_time = 00:11:27   START_PICKING         [queue size = 41]
2026-07-13 07:25:29 DEBUG: Processing task 140 at workstation 7: picking items {6850} for orders {52}
2026-07-13 07:25:29 DEBUG:    EVENT NUM 1346  current_time = 00:11:29   ARRIVAL_POD_WST       [queue size = 41]
2026-07-13 07:25:29 DEBUG: Pod 257 arrived at workstation 7 - status = BUSY
2026-07-13 07:25:29 DEBUG: Pod queued at workstation.    [picking_buffer = {141: 689.6934781355399}]
2026-07-13 07:25:29 DEBUG:    EVENT NUM 1347  current_time = 00:11:30   ARRIVAL_ORDER         [queue size = 40]
2026-07-13 07:25:29 DEBUG: Order 237 arrived: items_required = [8774].     [orders_in_system = 150]
2026-07-13 07:25:29 DEBUG:    EVENT NUM 1348  current_time = 00:11:30   ARRIVAL_POD_WST       [queue size = 40]
2026-07-13 07:25:29 DEBUG: Pod 867 arrived at workstation 6 - status = BUSY
2026-07-13 07:25:29 DEBUG: Pod queued at workstation.    [picking_buffer = {143: 690.7937641148172}]
2026-07-13 07:25:29 DEBUG:    EVENT NUM 1349  current_time = 00:11:31   RETURN_POD            [queue size = 39]
2026-07-13 07:25:29 DEBUG: Pod 285 returned. Robot 34 idle.   [idle robots = 1/40, released tasks = 6]
2026-07-13 07:25:29 DEBUG:    EVENT NUM 1350  current_time = 00:11:31   START_TASK            [queue size = 39]
2026-07-13 07:25:29 DEBUG: Task 156 started: robot 34 → pod 564 → workstation 8 for orders {27} (arrival = 775.2 s).   [idle robots = 0/40]
2026-07-13 07:25:29 DEBUG:    EVENT NUM 1351  current_time = 00:11:32   RETURN_POD            [queue size = 39]
2026-07-13 07:25:29 DEBUG: Pod 107 returned. Robot 22 idle.   [idle robots = 1/40, released tasks = 5]
2026-07-13 07:25:29 DEBUG:    EVENT NUM 1352  current_time = 00:11:32   START_TASK            [queue size = 39]
2026-07-13 07:25:29 DEBUG: Task 157 blocked: no orders in {8: [70]} is open yet.  [released tasks = 4]
2026-07-13 07:25:29 DEBUG: Task 158 blocked: no orders in {8: [70]} is open yet.  [released tasks = 3]
2026-07-13 07:25:29 DEBUG: Task 159 blocked: no orders in {8: [70]} is open yet.  [released tasks = 2]
2026-07-13 07:25:29 DEBUG: Task 106 started: robot 22 → pod 488 → workstation 5 for orders {65} (arrival = 788.3 s).   [idle robots = 0/40]
2026-07-13 07:25:29 DEBUG:    EVENT NUM 1353  current_time = 00:11:35   ARRIVAL_ORDER         [queue size = 39]
2026-07-13 07:25:29 DEBUG: Order 238 arrived: items_required = [4651, 4315, 9131].     [orders_in_system = 151]
2026-07-13 07:25:29 DEBUG:    EVENT NUM 1354  current_time = 00:11:37   END_PICKING           [queue size = 39]
2026-07-13 07:25:29 DEBUG: Ended picking at workstation 6.    [picking_buffer len = {143: 690.7937641148172}]
2026-07-13 07:25:29 DEBUG: Task should have served orders {59}, found open orders {44, 59}.
2026-07-13 07:25:29 DEBUG: Task 134 completed: pod 50 returning to storage.
2026-07-13 07:25:29 DEBUG:    EVENT NUM 1355  current_time = 00:11:37   START_PICKING         [queue size = 40]
2026-07-13 07:25:29 DEBUG: Processing task 143 at workstation 6: picking items {5425} for orders {59}
2026-07-13 07:25:29 DEBUG:    EVENT NUM 1356  current_time = 00:11:37   RETURN_POD            [queue size = 40]
2026-07-13 07:25:29 DEBUG: Pod 866 returned. Robot 23 idle.   [idle robots = 1/40, released tasks = 4]
2026-07-13 07:25:29 DEBUG:    EVENT NUM 1357  current_time = 00:11:37   START_TASK            [queue size = 40]
2026-07-13 07:25:29 DEBUG: Task 157 blocked: no orders in {8: [70]} is open yet.  [released tasks = 3]
2026-07-13 07:25:29 DEBUG: Task 158 blocked: no orders in {8: [70]} is open yet.  [released tasks = 2]
2026-07-13 07:25:29 DEBUG: Task 159 blocked: no orders in {8: [70]} is open yet.  [released tasks = 1]
2026-07-13 07:25:29 DEBUG: Task 124 started: robot 23 → pod 572 → workstation 6 for orders {44} (arrival = 842.5 s).   [idle robots = 0/40]
2026-07-13 07:25:29 DEBUG:    EVENT NUM 1358  current_time = 00:11:37   END_PICKING           [queue size = 40]
2026-07-13 07:25:29 DEBUG: Ended picking at workstation 7.    [picking_buffer len = {141: 689.6934781355399}]
2026-07-13 07:25:29 DEBUG: Task should have served orders {52}, found open orders {10, 52, 63}.
2026-07-13 07:25:29 DEBUG: Task 140 completed: pod 198 returning to storage.
2026-07-13 07:25:29 DEBUG:    EVENT NUM 1359  current_time = 00:11:37   START_PICKING         [queue size = 41]
2026-07-13 07:25:29 DEBUG: Processing task 141 at workstation 7: picking items {6096} for orders {63}
2026-07-13 07:25:29 DEBUG:    EVENT NUM 1360  current_time = 00:11:40   ARRIVAL_ORDER         [queue size = 41]
2026-07-13 07:25:29 DEBUG: Order 239 arrived: items_required = [7565, 6857].     [orders_in_system = 152]
2026-07-13 07:25:29 DEBUG:    EVENT NUM 1361  current_time = 00:11:40   ARRIVAL_POD_WST       [queue size = 41]
2026-07-13 07:25:29 DEBUG: Pod 354 arrived at workstation 7 - status = BUSY
2026-07-13 07:25:29 DEBUG: Pod queued at workstation.    [picking_buffer = {137: 700.4912993664858}]
2026-07-13 07:25:29 DEBUG:    EVENT NUM 1362  current_time = 00:11:45   ARRIVAL_ORDER         [queue size = 40]
2026-07-13 07:25:29 DEBUG: Order 240 arrived: items_required = [2504, 8452, 5940].     [orders_in_system = 153]
2026-07-13 07:25:29 DEBUG:    EVENT NUM 1363  current_time = 00:11:46   RETURN_POD            [queue size = 40]
2026-07-13 07:25:29 DEBUG: Pod 779 returned. Robot 1 idle.   [idle robots = 1/40, released tasks = 3]
2026-07-13 07:25:29 DEBUG:    EVENT NUM 1364  current_time = 00:11:46   START_TASK            [queue size = 40]
2026-07-13 07:25:29 DEBUG: Task 157 blocked: no orders in {8: [70]} is open yet.  [released tasks = 2]
2026-07-13 07:25:29 DEBUG: Task 158 blocked: no orders in {8: [70]} is open yet.  [released tasks = 1]
2026-07-13 07:25:29 DEBUG: Task 159 blocked: no orders in {8: [70]} is open yet.  [released tasks = 0]
2026-07-13 07:25:29 DEBUG:    EVENT NUM 1365  current_time = 00:11:47   END_PICKING           [queue size = 39]
2026-07-13 07:25:29 DEBUG: Ended picking at workstation 6.    [picking_buffer len = {}]
2026-07-13 07:25:29 DEBUG: Task should have served orders {59}, found open orders {44, 59}.
2026-07-13 07:25:29 DEBUG: Task 143 completed: pod 867 returning to storage.
2026-07-13 07:25:29 DEBUG:    EVENT NUM 1366  current_time = 00:11:47   END_PICKING           [queue size = 39]
2026-07-13 07:25:29 DEBUG: Ended picking at workstation 7.    [picking_buffer len = {137: 700.4912993664858}]
2026-07-13 07:25:29 DEBUG: Task should have served orders {63}, found open orders {10, 52, 63}.
2026-07-13 07:25:29 DEBUG: Task 141 completed: pod 257 returning to storage.
2026-07-13 07:25:29 DEBUG:    EVENT NUM 1367  current_time = 00:11:47   START_PICKING         [queue size = 40]
2026-07-13 07:25:29 DEBUG: Processing task 137 at workstation 7: picking items {5590} for orders {10}
2026-07-13 07:25:29 DEBUG:    EVENT NUM 1368  current_time = 00:11:48   ARRIVAL_POD_WST       [queue size = 40]
2026-07-13 07:25:29 DEBUG: Pod 806 arrived at workstation 8 - status = IDLE
2026-07-13 07:25:29 DEBUG: Pod queued at workstation.    [picking_buffer = {149: 708.5346861252439}]
2026-07-13 07:25:29 DEBUG:    EVENT NUM 1369  current_time = 00:11:48   START_PICKING         [queue size = 40]
2026-07-13 07:25:29 DEBUG: Processing task 149 at workstation 8: picking items {8806} for orders {0}
2026-07-13 07:25:29 DEBUG:    EVENT NUM 1370  current_time = 00:11:50   ARRIVAL_ORDER         [queue size = 40]
2026-07-13 07:25:29 DEBUG: Order 241 arrived: items_required = [7914].     [orders_in_system = 154]
2026-07-13 07:25:29 DEBUG:    EVENT NUM 1371  current_time = 00:11:55   ARRIVAL_ORDER         [queue size = 40]
2026-07-13 07:25:29 DEBUG: Order 242 arrived: items_required = [4555].     [orders_in_system = 155]
2026-07-13 07:25:29 DEBUG:    EVENT NUM 1372  current_time = 00:11:55   RETURN_POD            [queue size = 40]
2026-07-13 07:25:29 DEBUG: Pod 837 returned. Robot 13 idle.   [idle robots = 2/40, released tasks = 3]
2026-07-13 07:25:29 DEBUG:    EVENT NUM 1373  current_time = 00:11:55   START_TASK            [queue size = 40]
2026-07-13 07:25:29 DEBUG: Task 157 blocked: no orders in {8: [70]} is open yet.  [released tasks = 2]
2026-07-13 07:25:29 DEBUG: Task 158 blocked: no orders in {8: [70]} is open yet.  [released tasks = 1]
2026-07-13 07:25:29 DEBUG: Task 159 blocked: no orders in {8: [70]} is open yet.  [released tasks = 0]
2026-07-13 07:25:29 DEBUG:    EVENT NUM 1374  current_time = 00:11:55   ARRIVAL_POD_WST       [queue size = 39]
2026-07-13 07:25:29 DEBUG: Pod 266 arrived at workstation 7 - status = BUSY
2026-07-13 07:25:29 DEBUG: Pod queued at workstation.    [picking_buffer = {139: 715.5538124607178}]
2026-07-13 07:25:29 DEBUG:    EVENT NUM 1375  current_time = 00:11:57   END_PICKING           [queue size = 38]
2026-07-13 07:25:29 DEBUG: Ended picking at workstation 7.    [picking_buffer len = {139: 715.5538124607178}]
2026-07-13 07:25:29 DEBUG: Task should have served orders {10}, found open orders {10, 52, 63}.
2026-07-13 07:25:29 DEBUG: Task 137 completed: pod 354 returning to storage.
2026-07-13 07:25:29 DEBUG:    EVENT NUM 1376  current_time = 00:11:57   CLOSE_ORDER           [queue size = 40]
2026-07-13 07:25:29 DEBUG: Order 10 closed at workstation 7: flow_time = 717.9 s.     [order_buffer = 0] [open_orders = 2/4]
2026-07-13 07:25:29 DEBUG:    EVENT NUM 1377  current_time = 00:11:57   START_PICKING         [queue size = 39]
2026-07-13 07:25:29 DEBUG: Processing task 139 at workstation 7: picking items {5766} for orders {63}
2026-07-13 07:25:29 DEBUG:    EVENT NUM 1378  current_time = 00:11:58   END_PICKING           [queue size = 39]
2026-07-13 07:25:29 DEBUG: Ended picking at workstation 8.    [picking_buffer len = {}]
2026-07-13 07:25:29 DEBUG: Task should have served orders {0}, found open orders {0, 78, 55, 94}.
2026-07-13 07:25:29 DEBUG: Task 149 completed: pod 806 returning to storage.
2026-07-13 07:25:29 DEBUG:    EVENT NUM 1379  current_time = 00:12:00   ARRIVAL_ORDER         [queue size = 39]
2026-07-13 07:25:29 DEBUG: Order 243 arrived: items_required = [12165].     [orders_in_system = 155]
2026-07-13 07:25:29 DEBUG:    EVENT NUM 1380  current_time = 00:12:01   RETURN_POD            [queue size = 39]
2026-07-13 07:25:29 DEBUG: Pod 613 returned. Robot 24 idle.   [idle robots = 3/40, released tasks = 3]
2026-07-13 07:25:29 DEBUG:    EVENT NUM 1381  current_time = 00:12:01   START_TASK            [queue size = 39]
2026-07-13 07:25:29 DEBUG: Task 157 blocked: no orders in {8: [70]} is open yet.  [released tasks = 2]
2026-07-13 07:25:29 DEBUG: Task 158 blocked: no orders in {8: [70]} is open yet.  [released tasks = 1]
2026-07-13 07:25:29 DEBUG: Task 159 blocked: no orders in {8: [70]} is open yet.  [released tasks = 0]
2026-07-13 07:25:29 DEBUG:    EVENT NUM 1382  current_time = 00:12:04   RETURN_POD            [queue size = 38]
2026-07-13 07:25:29 DEBUG: Pod 586 returned. Robot 10 idle.   [idle robots = 4/40, released tasks = 3]
2026-07-13 07:25:29 DEBUG:    EVENT NUM 1383  current_time = 00:12:04   START_TASK            [queue size = 38]
2026-07-13 07:25:29 DEBUG: Task 157 blocked: no orders in {8: [70]} is open yet.  [released tasks = 2]
2026-07-13 07:25:29 DEBUG: Task 158 blocked: no orders in {8: [70]} is open yet.  [released tasks = 1]
2026-07-13 07:25:29 DEBUG: Task 159 blocked: no orders in {8: [70]} is open yet.  [released tasks = 0]
2026-07-13 07:25:29 DEBUG:    EVENT NUM 1384  current_time = 00:12:04   ARRIVAL_POD_WST       [queue size = 37]
2026-07-13 07:25:29 DEBUG: Pod 135 arrived at workstation 6 - status = IDLE
2026-07-13 07:25:29 DEBUG: Pod queued at workstation.    [picking_buffer = {145: 724.8936487871373}]
2026-07-13 07:25:29 DEBUG:    EVENT NUM 1385  current_time = 00:12:04   START_PICKING         [queue size = 37]
2026-07-13 07:25:29 DEBUG: Processing task 145 at workstation 6: picking items {10690} for orders {59}
2026-07-13 07:25:29 DEBUG:    EVENT NUM 1386  current_time = 00:12:05   ARRIVAL_ORDER         [queue size = 37]
2026-07-13 07:25:29 DEBUG: Order 244 arrived: items_required = [12218].     [orders_in_system = 156]
2026-07-13 07:25:29 DEBUG:    EVENT NUM 1387  current_time = 00:12:05   ARRIVAL_POD_WST       [queue size = 37]
2026-07-13 07:25:29 DEBUG: Pod 378 arrived at workstation 8 - status = IDLE
2026-07-13 07:25:29 DEBUG: Pod queued at workstation.    [picking_buffer = {153: 725.6370164763981}]
2026-07-13 07:25:29 DEBUG:    EVENT NUM 1388  current_time = 00:12:05   START_PICKING         [queue size = 37]
2026-07-13 07:25:29 DEBUG: Processing task 153 at workstation 8: picking items {10045} for orders {55}
2026-07-13 07:25:29 DEBUG:    EVENT NUM 1389  current_time = 00:12:07   ARRIVAL_POD_WST       [queue size = 37]
2026-07-13 07:25:29 DEBUG: Pod 414 arrived at workstation 8 - status = BUSY
2026-07-13 07:25:29 DEBUG: Pod queued at workstation.    [picking_buffer = {148: 727.6920126205368}]
2026-07-13 07:25:29 DEBUG:    EVENT NUM 1390  current_time = 00:12:07   END_PICKING           [queue size = 36]
2026-07-13 07:25:29 DEBUG: Ended picking at workstation 7.    [picking_buffer len = {}]
2026-07-13 07:25:29 DEBUG: Task should have served orders {63}, found open orders {52, 63}.
2026-07-13 07:25:29 DEBUG: Task 139 completed: pod 266 returning to storage.
2026-07-13 07:25:29 DEBUG:    EVENT NUM 1391  current_time = 00:12:07   CLOSE_ORDER           [queue size = 37]
2026-07-13 07:25:29 DEBUG: Order 63 closed at workstation 7: flow_time = 727.9 s.     [order_buffer = 0] [open_orders = 1/4]
2026-07-13 07:25:29 DEBUG:    EVENT NUM 1392  current_time = 00:12:10   ARRIVAL_ORDER         [queue size = 36]
2026-07-13 07:25:29 DEBUG: Order 245 arrived: items_required = [7923].     [orders_in_system = 156]
2026-07-13 07:25:29 DEBUG:    EVENT NUM 1393  current_time = 00:12:12   ARRIVAL_POD_WST       [queue size = 36]
2026-07-13 07:25:29 DEBUG: Pod 105 arrived at workstation 6 - status = BUSY
2026-07-13 07:25:29 DEBUG: Pod queued at workstation.    [picking_buffer = {147: 732.3328091119096}]
2026-07-13 07:25:29 DEBUG:    EVENT NUM 1394  current_time = 00:12:14   END_PICKING           [queue size = 35]
2026-07-13 07:25:29 DEBUG: Ended picking at workstation 6.    [picking_buffer len = {147: 732.3328091119096}]
2026-07-13 07:25:29 DEBUG: Task should have served orders {59}, found open orders {44, 59}.
2026-07-13 07:25:29 DEBUG: Task 145 completed: pod 135 returning to storage.
2026-07-13 07:25:29 DEBUG:    EVENT NUM 1395  current_time = 00:12:14   START_PICKING         [queue size = 36]
2026-07-13 07:25:29 DEBUG: Processing task 147 at workstation 6: picking items {9330} for orders {59}
2026-07-13 07:25:29 DEBUG:    EVENT NUM 1396  current_time = 00:12:15   ARRIVAL_ORDER         [queue size = 36]
2026-07-13 07:25:29 DEBUG: Order 246 arrived: items_required = [5111, 6336].     [orders_in_system = 157]
2026-07-13 07:25:29 DEBUG:    EVENT NUM 1397  current_time = 00:12:15   END_PICKING           [queue size = 36]
2026-07-13 07:25:29 DEBUG: Ended picking at workstation 8.    [picking_buffer len = {148: 727.6920126205368}]
2026-07-13 07:25:29 DEBUG: Task should have served orders {55}, found open orders {0, 78, 55, 94}.
2026-07-13 07:25:29 DEBUG: Task 153 completed: pod 378 returning to storage.
2026-07-13 07:25:29 DEBUG:    EVENT NUM 1398  current_time = 00:12:15   START_PICKING         [queue size = 37]
2026-07-13 07:25:29 DEBUG: Processing task 148 at workstation 8: picking items {9359} for orders {0}
2026-07-13 07:25:29 DEBUG:    EVENT NUM 1399  current_time = 00:12:15   RETURN_POD            [queue size = 37]
2026-07-13 07:25:29 DEBUG: Pod 125 returned. Robot 18 idle.   [idle robots = 5/40, released tasks = 3]
2026-07-13 07:25:29 DEBUG:    EVENT NUM 1400  current_time = 00:12:15   START_TASK            [queue size = 37]
2026-07-13 07:25:29 DEBUG: Task 157 blocked: no orders in {8: [70]} is open yet.  [released tasks = 2]
2026-07-13 07:25:29 DEBUG: Task 158 blocked: no orders in {8: [70]} is open yet.  [released tasks = 1]
2026-07-13 07:25:29 DEBUG: Task 159 blocked: no orders in {8: [70]} is open yet.  [released tasks = 0]
2026-07-13 07:25:29 DEBUG:    EVENT NUM 1401  current_time = 00:12:16   RETURN_POD            [queue size = 36]
2026-07-13 07:25:29 DEBUG: Pod 387 returned. Robot 6 idle.   [idle robots = 6/40, released tasks = 3]
2026-07-13 07:25:29 DEBUG:    EVENT NUM 1402  current_time = 00:12:16   START_TASK            [queue size = 36]
2026-07-13 07:25:29 DEBUG: Task 157 blocked: no orders in {8: [70]} is open yet.  [released tasks = 2]
2026-07-13 07:25:29 DEBUG: Task 158 blocked: no orders in {8: [70]} is open yet.  [released tasks = 1]
2026-07-13 07:25:29 DEBUG: Task 159 blocked: no orders in {8: [70]} is open yet.  [released tasks = 0]
2026-07-13 07:25:29 DEBUG:    EVENT NUM 1403  current_time = 00:12:16   ARRIVAL_POD_WST       [queue size = 35]
2026-07-13 07:25:29 DEBUG: Pod 509 arrived at workstation 8 - status = BUSY
2026-07-13 07:25:29 DEBUG: Pod queued at workstation.    [picking_buffer = {146: 736.7661056799647}]
2026-07-13 07:25:29 DEBUG:    EVENT NUM 1404  current_time = 00:12:20   ARRIVAL_ORDER         [queue size = 34]
2026-07-13 07:25:29 DEBUG: Order 247 arrived: items_required = [1823, 2835, 12960].     [orders_in_system = 158]
2026-07-13 07:25:29 DEBUG:    EVENT NUM 1405  current_time = 00:12:23   RETURN_POD            [queue size = 34]
2026-07-13 07:25:29 DEBUG: Pod 625 returned. Robot 25 idle.   [idle robots = 7/40, released tasks = 3]
2026-07-13 07:25:29 DEBUG:    EVENT NUM 1406  current_time = 00:12:23   START_TASK            [queue size = 34]
2026-07-13 07:25:29 DEBUG: Task 157 blocked: no orders in {8: [70]} is open yet.  [released tasks = 2]
2026-07-13 07:25:29 DEBUG: Task 158 blocked: no orders in {8: [70]} is open yet.  [released tasks = 1]
2026-07-13 07:25:29 DEBUG: Task 159 blocked: no orders in {8: [70]} is open yet.  [released tasks = 0]
2026-07-13 07:25:29 DEBUG:    EVENT NUM 1407  current_time = 00:12:24   END_PICKING           [queue size = 33]
2026-07-13 07:25:29 DEBUG: Ended picking at workstation 6.    [picking_buffer len = {}]
2026-07-13 07:25:29 DEBUG: Task should have served orders {59}, found open orders {44, 59}.
2026-07-13 07:25:29 DEBUG: Task 147 completed: pod 105 returning to storage.
2026-07-13 07:25:29 DEBUG:    EVENT NUM 1408  current_time = 00:12:24   CLOSE_ORDER           [queue size = 34]
2026-07-13 07:25:29 DEBUG: Order 59 closed at workstation 6: flow_time = 744.9 s.     [order_buffer = 0] [open_orders = 1/4]
2026-07-13 07:25:29 DEBUG:    EVENT NUM 1409  current_time = 00:12:25   ARRIVAL_ORDER         [queue size = 33]
2026-07-13 07:25:29 DEBUG: Order 248 arrived: items_required = [498, 7448, 10458].     [orders_in_system = 158]
2026-07-13 07:25:29 DEBUG:    EVENT NUM 1410  current_time = 00:12:25   END_PICKING           [queue size = 33]
2026-07-13 07:25:29 DEBUG: Ended picking at workstation 8.    [picking_buffer len = {146: 736.7661056799647}]
2026-07-13 07:25:29 DEBUG: Task should have served orders {0}, found open orders {0, 78, 55, 94}.
2026-07-13 07:25:29 DEBUG: Task 148 completed: pod 414 returning to storage.
2026-07-13 07:25:29 DEBUG:    EVENT NUM 1411  current_time = 00:12:25   CLOSE_ORDER           [queue size = 35]
2026-07-13 07:25:29 DEBUG: Order 0 closed at workstation 8: flow_time = 745.6 s.     [order_buffer = 2] [open_orders = 3/4]
2026-07-13 07:25:29 DEBUG: Next order in buffer: 27
2026-07-13 07:25:29 DEBUG:    EVENT NUM 1412  current_time = 00:12:25   START_PICKING         [queue size = 35]
2026-07-13 07:25:29 DEBUG: Processing task 146 at workstation 8: picking items {7595} for orders {55}
2026-07-13 07:25:29 DEBUG:    EVENT NUM 1413  current_time = 00:12:25   OPEN_ORDER            [queue size = 35]
2026-07-13 07:25:29 DEBUG: Order 27 (skus required = {8133, 10758}) opened at workstation 8.   [open_orders = 4/4]
2026-07-13 07:25:29 DEBUG:    EVENT NUM 1414  current_time = 00:12:25   START_TASK            [queue size = 35]
2026-07-13 07:25:29 DEBUG: Task 157 started: robot 10 → pod 18 → workstation 8 for orders {70} (arrival = 842.6 s).   [idle robots = 6/40]
2026-07-13 07:25:29 DEBUG:    EVENT NUM 1415  current_time = 00:12:25   ARRIVAL_POD_WST       [queue size = 35]
2026-07-13 07:25:29 DEBUG: Pod 174 arrived at workstation 7 - status = IDLE
2026-07-13 07:25:29 DEBUG: Pod queued at workstation.    [picking_buffer = {144: 745.6889914103231}]
2026-07-13 07:25:29 DEBUG:    EVENT NUM 1416  current_time = 00:12:25   START_PICKING         [queue size = 35]
2026-07-13 07:25:29 DEBUG: Processing task 144 at workstation 7: picking items {6878} for orders {52}
2026-07-13 07:25:29 DEBUG:    EVENT NUM 1417  current_time = 00:12:30   ARRIVAL_ORDER         [queue size = 35]
2026-07-13 07:25:29 DEBUG: Order 249 arrived: items_required = [4360, 607].     [orders_in_system = 158]
2026-07-13 07:25:29 DEBUG:    EVENT NUM 1418  current_time = 00:12:34   RETURN_POD            [queue size = 35]
2026-07-13 07:25:29 DEBUG: Pod 353 returned. Robot 39 idle.   [idle robots = 7/40, released tasks = 2]
2026-07-13 07:25:29 DEBUG:    EVENT NUM 1419  current_time = 00:12:34   START_TASK            [queue size = 35]
2026-07-13 07:25:29 DEBUG: Task 158 started: robot 24 → pod 846 → workstation 8 for orders {70} (arrival = 851.5 s).   [idle robots = 6/40]
2026-07-13 07:25:29 DEBUG:    EVENT NUM 1420  current_time = 00:12:35   ARRIVAL_ORDER         [queue size = 35]
2026-07-13 07:25:29 DEBUG: Order 250 arrived: items_required = [5973, 8518, 2566].     [orders_in_system = 159]
2026-07-13 07:25:29 DEBUG:    EVENT NUM 1421  current_time = 00:12:35   END_PICKING           [queue size = 35]
2026-07-13 07:25:29 DEBUG: Ended picking at workstation 8.    [picking_buffer len = {}]
2026-07-13 07:25:29 DEBUG: Task should have served orders {55}, found open orders {78, 55, 27, 94}.
2026-07-13 07:25:29 DEBUG: Task 146 completed: pod 509 returning to storage.
2026-07-13 07:25:29 DEBUG:    EVENT NUM 1422  current_time = 00:12:35   END_PICKING           [queue size = 35]
2026-07-13 07:25:29 DEBUG: Ended picking at workstation 7.    [picking_buffer len = {}]
2026-07-13 07:25:29 DEBUG: Task should have served orders {52}, found open orders {52}.
2026-07-13 07:25:29 DEBUG: Task 144 completed: pod 174 returning to storage.
2026-07-13 07:25:29 DEBUG:    EVENT NUM 1423  current_time = 00:12:38   RETURN_POD            [queue size = 35]
2026-07-13 07:25:29 DEBUG: Pod 811 returned. Robot 12 idle.   [idle robots = 7/40, released tasks = 1]
2026-07-13 07:25:29 DEBUG:    EVENT NUM 1424  current_time = 00:12:38   START_TASK            [queue size = 35]
2026-07-13 07:25:29 DEBUG: Task 159 started: robot 25 → pod 619 → workstation 8 for orders {70} (arrival = 798.7 s).   [idle robots = 6/40]
2026-07-13 07:25:29 DEBUG:    EVENT NUM 1425  current_time = 00:12:40   ARRIVAL_ORDER         [queue size = 35]
2026-07-13 07:25:29 DEBUG: Order 251 arrived: items_required = [7395, 8697].     [orders_in_system = 160]
2026-07-13 07:25:29 DEBUG:    EVENT NUM 1426  current_time = 00:12:42   RETURN_POD            [queue size = 35]
2026-07-13 07:25:29 DEBUG: Pod 53 returned. Robot 14 idle.   [idle robots = 7/40, released tasks = 0]
2026-07-13 07:25:29 DEBUG:    EVENT NUM 1427  current_time = 00:12:45   ARRIVAL_ORDER         [queue size = 34]
2026-07-13 07:25:29 DEBUG: Order 252 arrived: items_required = [12310, 12652, 10556].     [orders_in_system = 161]
2026-07-13 07:25:29 DEBUG:    EVENT NUM 1428  current_time = 00:12:47   RETURN_POD            [queue size = 34]
2026-07-13 07:25:29 DEBUG: Pod 808 returned. Robot 19 idle.   [idle robots = 8/40, released tasks = 0]
2026-07-13 07:25:29 DEBUG:    EVENT NUM 1429  current_time = 00:12:50   ARRIVAL_ORDER         [queue size = 33]
2026-07-13 07:25:29 DEBUG: Order 253 arrived: items_required = [7272, 4001].     [orders_in_system = 162]
2026-07-13 07:25:29 DEBUG:    EVENT NUM 1430  current_time = 00:12:50   ARRIVAL_POD_WST       [queue size = 33]
2026-07-13 07:25:29 DEBUG: Pod 428 arrived at workstation 8 - status = IDLE
2026-07-13 07:25:29 DEBUG: Pod queued at workstation.    [picking_buffer = {151: 770.5954461137928}]
2026-07-13 07:25:29 DEBUG:    EVENT NUM 1431  current_time = 00:12:50   START_PICKING         [queue size = 33]
2026-07-13 07:25:29 DEBUG: Processing task 151 at workstation 8: picking items {5914} for orders {94}
2026-07-13 07:25:29 DEBUG:    EVENT NUM 1432  current_time = 00:12:53   ARRIVAL_POD_WST       [queue size = 33]
2026-07-13 07:25:29 DEBUG: Pod 190 arrived at workstation 8 - status = BUSY
2026-07-13 07:25:29 DEBUG: Pod queued at workstation.    [picking_buffer = {150: 773.6809370866745}]
2026-07-13 07:25:29 DEBUG:    EVENT NUM 1433  current_time = 00:12:53   ARRIVAL_POD_WST       [queue size = 32]
2026-07-13 07:25:29 DEBUG: Pod 2 arrived at workstation 7 - status = IDLE
2026-07-13 07:25:29 DEBUG: Pod queued at workstation.    [picking_buffer = {136: 773.73068462146}]
2026-07-13 07:25:29 DEBUG:    EVENT NUM 1434  current_time = 00:12:53   START_PICKING         [queue size = 32]
2026-07-13 07:25:29 DEBUG: Processing task 136 at workstation 7: picking items {4852} for orders {52}
2026-07-13 07:25:29 DEBUG:    EVENT NUM 1435  current_time = 00:12:53   RETURN_POD            [queue size = 32]
2026-07-13 07:25:29 DEBUG: Pod 601 returned. Robot 33 idle.   [idle robots = 9/40, released tasks = 0]
2026-07-13 07:25:29 DEBUG:    EVENT NUM 1436  current_time = 00:12:54   ARRIVAL_POD_WST       [queue size = 31]
2026-07-13 07:25:29 DEBUG: Pod 605 arrived at workstation 8 - status = BUSY
2026-07-13 07:25:29 DEBUG: Pod queued at workstation.    [picking_buffer = {150: 773.6809370866745, 152: 774.9466300374023}]
2026-07-13 07:25:29 DEBUG:    EVENT NUM 1437  current_time = 00:12:55   ARRIVAL_ORDER         [queue size = 30]
2026-07-13 07:25:29 DEBUG: Order 254 arrived: items_required = [6946].     [orders_in_system = 163]
2026-07-13 07:25:29 DEBUG:    EVENT NUM 1438  current_time = 00:12:55   ARRIVAL_POD_WST       [queue size = 30]
2026-07-13 07:25:29 DEBUG: Pod 564 arrived at workstation 8 - status = BUSY
2026-07-13 07:25:29 DEBUG: Pod queued at workstation.    [picking_buffer = {150: 773.6809370866745, 152: 774.9466300374023, 156: 775.1525535169251}]
2026-07-13 07:25:29 DEBUG:    EVENT NUM 1439  current_time = 00:13:00   ARRIVAL_ORDER         [queue size = 29]
2026-07-13 07:25:29 DEBUG: Order 255 arrived: items_required = [10260, 8123].     [orders_in_system = 164]
2026-07-13 07:25:29 DEBUG:    EVENT NUM 1440  current_time = 00:13:00   END_PICKING           [queue size = 29]
2026-07-13 07:25:29 DEBUG: Ended picking at workstation 8.    [picking_buffer len = {150: 773.6809370866745, 152: 774.9466300374023, 156: 775.1525535169251}]
2026-07-13 07:25:29 DEBUG: Task should have served orders {94}, found open orders {78, 55, 27, 94}.
2026-07-13 07:25:29 DEBUG: Task 151 completed: pod 428 returning to storage.
2026-07-13 07:25:29 DEBUG:    EVENT NUM 1441  current_time = 00:13:00   START_PICKING         [queue size = 30]
2026-07-13 07:25:29 DEBUG: Processing task 150 at workstation 8: picking items {10968} for orders {94}
2026-07-13 07:25:29 DEBUG:    EVENT NUM 1442  current_time = 00:13:03   END_PICKING           [queue size = 30]
2026-07-13 07:25:29 DEBUG: Ended picking at workstation 7.    [picking_buffer len = {}]
2026-07-13 07:25:29 DEBUG: Task should have served orders {52}, found open orders {52}.
2026-07-13 07:25:29 DEBUG: Task 136 completed: pod 2 returning to storage.
2026-07-13 07:25:29 DEBUG:    EVENT NUM 1443  current_time = 00:13:03   CLOSE_ORDER           [queue size = 31]
2026-07-13 07:25:29 DEBUG: Order 52 closed at workstation 7: flow_time = 783.7 s.     [order_buffer = 0] [open_orders = 0/4]
2026-07-13 07:25:29 DEBUG:    EVENT NUM 1444  current_time = 00:13:04   RETURN_POD            [queue size = 30]
2026-07-13 07:25:29 DEBUG: Pod 257 returned. Robot 4 idle.   [idle robots = 10/40, released tasks = 0]
2026-07-13 07:25:29 DEBUG:    EVENT NUM 1445  current_time = 00:13:05   ARRIVAL_ORDER         [queue size = 29]
2026-07-13 07:25:29 DEBUG: Order 256 arrived: items_required = [4138, 5834, 3348].     [orders_in_system = 164]
2026-07-13 07:25:29 DEBUG:    EVENT NUM 1446  current_time = 00:13:05   RETURN_POD            [queue size = 29]
2026-07-13 07:25:29 DEBUG: Pod 867 returned. Robot 30 idle.   [idle robots = 11/40, released tasks = 0]
2026-07-13 07:25:29 DEBUG:    EVENT NUM 1447  current_time = 00:13:05   RETURN_POD            [queue size = 28]
2026-07-13 07:25:29 DEBUG: Pod 806 returned. Robot 35 idle.   [idle robots = 12/40, released tasks = 0]
2026-07-13 07:25:29 DEBUG:    EVENT NUM 1448  current_time = 00:13:08   ARRIVAL_POD_WST       [queue size = 27]
2026-07-13 07:25:29 DEBUG: Pod 488 arrived at workstation 5 - status = IDLE
2026-07-13 07:25:29 DEBUG: Pod queued at workstation.    [picking_buffer = {106: 788.2925283175848}]
2026-07-13 07:25:29 DEBUG:    EVENT NUM 1449  current_time = 00:13:08   START_PICKING         [queue size = 27]
2026-07-13 07:25:29 DEBUG: Processing task 106 at workstation 5: picking items {7677} for orders {65}
2026-07-13 07:25:29 DEBUG:    EVENT NUM 1450  current_time = 00:13:10   ARRIVAL_ORDER         [queue size = 27]
2026-07-13 07:25:29 DEBUG: Order 257 arrived: items_required = [6616, 10629, 8919, 6059, 6984].     [orders_in_system = 165]
2026-07-13 07:25:29 DEBUG:    EVENT NUM 1451  current_time = 00:13:10   END_PICKING           [queue size = 27]
2026-07-13 07:25:29 DEBUG: Ended picking at workstation 8.    [picking_buffer len = {152: 774.9466300374023, 156: 775.1525535169251}]
2026-07-13 07:25:29 DEBUG: Task should have served orders {94}, found open orders {78, 55, 27, 94}.
2026-07-13 07:25:29 DEBUG: Task 150 heading to workstation 8.
2026-07-13 07:25:29 DEBUG:    EVENT NUM 1452  current_time = 00:13:10   CLOSE_ORDER           [queue size = 29]
2026-07-13 07:25:29 DEBUG: Order 94 closed at workstation 8: flow_time = 790.6 s.     [order_buffer = 1] [open_orders = 3/4]
2026-07-13 07:25:29 DEBUG: Next order in buffer: 70
2026-07-13 07:25:29 DEBUG:    EVENT NUM 1453  current_time = 00:13:10   ARRIVAL_POD_WST       [queue size = 29]
2026-07-13 07:25:29 DEBUG: Pod 190 arrived at workstation 8 - status = IDLE
2026-07-13 07:25:29 DEBUG: Pod queued at workstation.    [picking_buffer = {152: 774.9466300374023, 156: 775.1525535169251, 150: 790.5954461137928}]
2026-07-13 07:25:29 DEBUG:    EVENT NUM 1454  current_time = 00:13:10   START_PICKING         [queue size = 29]
2026-07-13 07:25:29 DEBUG: Processing task 152 at workstation 8: picking items {2488} for orders {55}
2026-07-13 07:25:29 DEBUG:    EVENT NUM 1455  current_time = 00:13:10   OPEN_ORDER            [queue size = 29]
2026-07-13 07:25:29 DEBUG: Order 70 (skus required = {4952, 2058, 10395}) opened at workstation 8.   [open_orders = 4/4]
2026-07-13 07:25:29 DEBUG:    EVENT NUM 1456  current_time = 00:13:10   START_PICKING         [queue size = 28]
2026-07-13 07:25:29 DEBUG:    EVENT NUM 1457  current_time = 00:13:14   RETURN_POD            [queue size = 27]
2026-07-13 07:25:29 DEBUG: Pod 111 returned. Robot 15 idle.   [idle robots = 13/40, released tasks = 0]
2026-07-13 07:25:29 DEBUG:    EVENT NUM 1458  current_time = 00:13:14   RETURN_POD            [queue size = 26]
2026-07-13 07:25:29 DEBUG: Pod 596 returned. Robot 36 idle.   [idle robots = 14/40, released tasks = 0]
2026-07-13 07:25:29 DEBUG:    EVENT NUM 1459  current_time = 00:13:15   ARRIVAL_ORDER         [queue size = 25]
2026-07-13 07:25:29 DEBUG: Order 258 arrived: items_required = [6478, 6860].     [orders_in_system = 165]
2026-07-13 07:25:29 DEBUG:    EVENT NUM 1460  current_time = 00:13:18   RETURN_POD            [queue size = 25]
2026-07-13 07:25:29 DEBUG: Pod 198 returned. Robot 27 idle.   [idle robots = 15/40, released tasks = 0]
2026-07-13 07:25:29 DEBUG:    EVENT NUM 1461  current_time = 00:13:18   END_PICKING           [queue size = 24]
2026-07-13 07:25:29 DEBUG: Ended picking at workstation 5.    [picking_buffer len = {}]
2026-07-13 07:25:29 DEBUG: Task should have served orders {65}, found open orders {65}.
2026-07-13 07:25:29 DEBUG: Task 106 completed: pod 488 returning to storage.
2026-07-13 07:25:29 DEBUG:    EVENT NUM 1462  current_time = 00:13:18   CLOSE_ORDER           [queue size = 25]
2026-07-13 07:25:29 DEBUG: Order 65 closed at workstation 5: flow_time = 798.3 s.     [order_buffer = 0] [open_orders = 0/4]
2026-07-13 07:25:29 DEBUG:    EVENT NUM 1463  current_time = 00:13:18   RETURN_POD            [queue size = 24]
2026-07-13 07:25:29 DEBUG: Pod 378 returned. Robot 16 idle.   [idle robots = 16/40, released tasks = 0]
2026-07-13 07:25:29 DEBUG:    EVENT NUM 1464  current_time = 00:13:18   ARRIVAL_POD_WST       [queue size = 23]
2026-07-13 07:25:29 DEBUG: Pod 619 arrived at workstation 8 - status = BUSY
2026-07-13 07:25:29 DEBUG: Pod queued at workstation.    [picking_buffer = {156: 775.1525535169251, 150: 790.5954461137928, 159: 798.6647900679133}]
2026-07-13 07:25:29 DEBUG:    EVENT NUM 1465  current_time = 00:13:20   ARRIVAL_ORDER         [queue size = 22]
2026-07-13 07:25:29 DEBUG: Order 259 arrived: items_required = [7525, 4249].     [orders_in_system = 165]
2026-07-13 07:25:29 DEBUG:    EVENT NUM 1466  current_time = 00:13:20   END_PICKING           [queue size = 22]
2026-07-13 07:25:29 DEBUG: Ended picking at workstation 8.    [picking_buffer len = {156: 775.1525535169251, 150: 790.5954461137928, 159: 798.6647900679133}]
2026-07-13 07:25:29 DEBUG: Task should have served orders {55}, found open orders {70, 78, 55, 27}.
2026-07-13 07:25:29 DEBUG: Task 152 completed: pod 605 returning to storage.
2026-07-13 07:25:29 DEBUG:    EVENT NUM 1467  current_time = 00:13:20   CLOSE_ORDER           [queue size = 24]
2026-07-13 07:25:29 DEBUG: Order 55 closed at workstation 8: flow_time = 800.6 s.     [order_buffer = 0] [open_orders = 3/4]
2026-07-13 07:25:29 DEBUG:    EVENT NUM 1468  current_time = 00:13:20   START_PICKING         [queue size = 23]
2026-07-13 07:25:29 DEBUG: Processing task 156 at workstation 8: picking items {8133} for orders {27}
2026-07-13 07:25:29 DEBUG:    EVENT NUM 1469  current_time = 00:13:23   ARRIVAL_POD_WST       [queue size = 23]
2026-07-13 07:25:29 DEBUG: Pod 296 arrived at workstation 8 - status = BUSY
2026-07-13 07:25:29 DEBUG: Pod queued at workstation.    [picking_buffer = {150: 790.5954461137928, 159: 798.6647900679133, 155: 803.1815756088297}]
2026-07-13 07:25:29 DEBUG:    EVENT NUM 1470  current_time = 00:13:25   ARRIVAL_ORDER         [queue size = 22]
2026-07-13 07:25:29 DEBUG: Order 260 arrived: items_required = [7459, 6790].     [orders_in_system = 165]
2026-07-13 07:25:29 DEBUG:    EVENT NUM 1471  current_time = 00:13:25   RETURN_POD            [queue size = 22]
2026-07-13 07:25:29 DEBUG: Pod 236 returned. Robot 5 idle.   [idle robots = 17/40, released tasks = 0]
2026-07-13 07:25:29 DEBUG:    EVENT NUM 1472  current_time = 00:13:30   ARRIVAL_ORDER         [queue size = 21]
2026-07-13 07:25:29 DEBUG: Order 261 arrived: items_required = [5347].     [orders_in_system = 166]
2026-07-13 07:25:29 DEBUG:    EVENT NUM 1473  current_time = 00:13:30   END_PICKING           [queue size = 21]
2026-07-13 07:25:29 DEBUG: Ended picking at workstation 8.    [picking_buffer len = {150: 790.5954461137928, 159: 798.6647900679133, 155: 803.1815756088297}]
2026-07-13 07:25:29 DEBUG: Task should have served orders {27}, found open orders {70, 78, 27}.
2026-07-13 07:25:29 DEBUG: Task 156 completed: pod 564 returning to storage.
2026-07-13 07:25:29 DEBUG:    EVENT NUM 1474  current_time = 00:13:30   START_PICKING         [queue size = 22]
2026-07-13 07:25:29 DEBUG: Processing task 150 at workstation 8: picking items {10758} for orders {27}
2026-07-13 07:25:29 DEBUG:    EVENT NUM 1475  current_time = 00:13:32   RETURN_POD            [queue size = 22]
2026-07-13 07:25:29 DEBUG: Pod 57 returned. Robot 28 idle.   [idle robots = 18/40, released tasks = 0]
2026-07-13 07:25:29 DEBUG:    EVENT NUM 1476  current_time = 00:13:32   RETURN_POD            [queue size = 21]
2026-07-13 07:25:29 DEBUG: Pod 50 returned. Robot 37 idle.   [idle robots = 19/40, released tasks = 0]
2026-07-13 07:25:29 DEBUG:    EVENT NUM 1477  current_time = 00:13:33   RETURN_POD            [queue size = 20]
2026-07-13 07:25:29 DEBUG: Pod 21 returned. Robot 17 idle.   [idle robots = 20/40, released tasks = 0]
2026-07-13 07:25:29 DEBUG:    EVENT NUM 1478  current_time = 00:13:35   ARRIVAL_ORDER         [queue size = 19]
2026-07-13 07:25:29 DEBUG: Order 262 arrived: items_required = [11808, 2452].     [orders_in_system = 167]
2026-07-13 07:25:29 DEBUG:    EVENT NUM 1479  current_time = 00:13:40   ARRIVAL_ORDER         [queue size = 19]
2026-07-13 07:25:29 DEBUG: Order 263 arrived: items_required = [7109, 12597].     [orders_in_system = 168]
2026-07-13 07:25:29 DEBUG:    EVENT NUM 1480  current_time = 00:13:40   END_PICKING           [queue size = 19]
2026-07-13 07:25:29 DEBUG: Ended picking at workstation 8.    [picking_buffer len = {159: 798.6647900679133, 155: 803.1815756088297}]
2026-07-13 07:25:29 DEBUG: Task should have served orders {27}, found open orders {70, 78, 27}.
2026-07-13 07:25:29 DEBUG: Task 150 completed: pod 190 returning to storage.
2026-07-13 07:25:29 DEBUG:    EVENT NUM 1481  current_time = 00:13:40   CLOSE_ORDER           [queue size = 21]
2026-07-13 07:25:29 DEBUG: Order 27 closed at workstation 8: flow_time = 820.6 s.     [order_buffer = 0] [open_orders = 2/4]
2026-07-13 07:25:29 DEBUG:    EVENT NUM 1482  current_time = 00:13:40   START_PICKING         [queue size = 20]
2026-07-13 07:25:29 DEBUG: Processing task 159 at workstation 8: picking items {2058} for orders {70}
2026-07-13 07:25:29 DEBUG:    EVENT NUM 1483  current_time = 00:13:45   ARRIVAL_ORDER         [queue size = 20]
2026-07-13 07:25:29 DEBUG: Order 264 arrived: items_required = [5249].     [orders_in_system = 168]
2026-07-13 07:25:29 DEBUG:    EVENT NUM 1484  current_time = 00:13:47   RETURN_POD            [queue size = 20]
2026-07-13 07:25:29 DEBUG: Pod 354 returned. Robot 38 idle.   [idle robots = 21/40, released tasks = 0]
2026-07-13 07:25:29 DEBUG:    EVENT NUM 1485  current_time = 00:13:50   ARRIVAL_ORDER         [queue size = 19]
2026-07-13 07:25:29 DEBUG: Order 265 arrived: items_required = [6692, 5932].     [orders_in_system = 169]
2026-07-13 07:25:29 DEBUG:    EVENT NUM 1486  current_time = 00:13:50   END_PICKING           [queue size = 19]
2026-07-13 07:25:29 DEBUG: Ended picking at workstation 8.    [picking_buffer len = {155: 803.1815756088297}]
2026-07-13 07:25:29 DEBUG: Task should have served orders {70}, found open orders {70, 78}.
2026-07-13 07:25:29 DEBUG: Task 159 completed: pod 619 returning to storage.
2026-07-13 07:25:29 DEBUG:    EVENT NUM 1487  current_time = 00:13:50   START_PICKING         [queue size = 20]
2026-07-13 07:25:29 DEBUG: Processing task 155 at workstation 8: picking items {8456} for orders {78}
2026-07-13 07:25:29 DEBUG:    EVENT NUM 1488  current_time = 00:13:53   ARRIVAL_POD_WST       [queue size = 20]
2026-07-13 07:25:29 DEBUG: Pod 452 arrived at workstation 8 - status = BUSY
2026-07-13 07:25:29 DEBUG: Pod queued at workstation.    [picking_buffer = {154: 833.1507344686008}]
2026-07-13 07:25:29 DEBUG:    EVENT NUM 1489  current_time = 00:13:55   ARRIVAL_ORDER         [queue size = 19]
2026-07-13 07:25:29 DEBUG: Order 266 arrived: items_required = [8712].     [orders_in_system = 170]
2026-07-13 07:25:29 DEBUG:    EVENT NUM 1490  current_time = 00:13:55   RETURN_POD            [queue size = 19]
2026-07-13 07:25:29 DEBUG: Pod 115 returned. Robot 20 idle.   [idle robots = 22/40, released tasks = 0]
2026-07-13 07:25:29 DEBUG:    EVENT NUM 1491  current_time = 00:14:00   ARRIVAL_ORDER         [queue size = 18]
2026-07-13 07:25:29 DEBUG: Order 267 arrived: items_required = [8478].     [orders_in_system = 171]
2026-07-13 07:25:29 DEBUG:    EVENT NUM 1492  current_time = 00:14:00   END_PICKING           [queue size = 18]
2026-07-13 07:25:29 DEBUG: Ended picking at workstation 8.    [picking_buffer len = {154: 833.1507344686008}]
2026-07-13 07:25:29 DEBUG: Task should have served orders {78}, found open orders {70, 78}.
2026-07-13 07:25:29 DEBUG: Task 155 completed: pod 296 returning to storage.
2026-07-13 07:25:29 DEBUG:    EVENT NUM 1493  current_time = 00:14:00   START_PICKING         [queue size = 19]
2026-07-13 07:25:29 DEBUG: Processing task 154 at workstation 8: picking items {7451} for orders {78}
2026-07-13 07:25:29 DEBUG:    EVENT NUM 1494  current_time = 00:14:02   ARRIVAL_POD_WST       [queue size = 19]
2026-07-13 07:25:29 DEBUG: Pod 572 arrived at workstation 6 - status = IDLE
2026-07-13 07:25:29 DEBUG: Pod queued at workstation.    [picking_buffer = {124: 842.4733211141267}]
2026-07-13 07:25:29 DEBUG:    EVENT NUM 1495  current_time = 00:14:02   START_PICKING         [queue size = 19]
2026-07-13 07:25:29 DEBUG: Processing task 124 at workstation 6: picking items {1995} for orders {44}
2026-07-13 07:25:29 DEBUG:    EVENT NUM 1496  current_time = 00:14:02   ARRIVAL_POD_WST       [queue size = 19]
2026-07-13 07:25:29 DEBUG: Pod 18 arrived at workstation 8 - status = BUSY
2026-07-13 07:25:29 DEBUG: Pod queued at workstation.    [picking_buffer = {157: 842.5808753774807}]
2026-07-13 07:25:29 DEBUG:    EVENT NUM 1497  current_time = 00:14:03   RETURN_POD            [queue size = 18]
2026-07-13 07:25:29 DEBUG: Pod 414 returned. Robot 2 idle.   [idle robots = 23/40, released tasks = 0]
2026-07-13 07:25:29 DEBUG:    EVENT NUM 1498  current_time = 00:14:04   RETURN_POD            [queue size = 17]
2026-07-13 07:25:29 DEBUG: Pod 135 returned. Robot 8 idle.   [idle robots = 24/40, released tasks = 0]
2026-07-13 07:25:29 DEBUG:    EVENT NUM 1499  current_time = 00:14:05   ARRIVAL_ORDER         [queue size = 16]
2026-07-13 07:25:29 DEBUG: Order 268 arrived: items_required = [6410, 10373, 7938].     [orders_in_system = 172]
2026-07-13 07:25:29 DEBUG:    EVENT NUM 1500  current_time = 00:14:09   RETURN_POD            [queue size = 16]
2026-07-13 07:25:29 DEBUG: Pod 105 returned. Robot 21 idle.   [idle robots = 25/40, released tasks = 0]
2026-07-13 07:25:29 DEBUG:    EVENT NUM 1501  current_time = 00:14:10   ARRIVAL_ORDER         [queue size = 15]
2026-07-13 07:25:29 DEBUG: Order 269 arrived: items_required = [4401, 10573].     [orders_in_system = 173]
2026-07-13 07:25:29 DEBUG:    EVENT NUM 1502  current_time = 00:14:10   END_PICKING           [queue size = 15]
2026-07-13 07:25:29 DEBUG: Ended picking at workstation 8.    [picking_buffer len = {157: 842.5808753774807}]
2026-07-13 07:25:29 DEBUG: Task should have served orders {78}, found open orders {70, 78}.
2026-07-13 07:25:29 DEBUG: Task 154 completed: pod 452 returning to storage.
2026-07-13 07:25:29 DEBUG:    EVENT NUM 1503  current_time = 00:14:10   CLOSE_ORDER           [queue size = 17]
2026-07-13 07:25:29 DEBUG: Order 78 closed at workstation 8: flow_time = 850.6 s.     [order_buffer = 0] [open_orders = 1/4]
2026-07-13 07:25:29 DEBUG:    EVENT NUM 1504  current_time = 00:14:10   START_PICKING         [queue size = 16]
2026-07-13 07:25:29 DEBUG: Processing task 157 at workstation 8: picking items {4952} for orders {70}
2026-07-13 07:25:29 DEBUG:    EVENT NUM 1505  current_time = 00:14:11   ARRIVAL_POD_WST       [queue size = 16]
2026-07-13 07:25:29 DEBUG: Pod 846 arrived at workstation 8 - status = BUSY
2026-07-13 07:25:29 DEBUG: Pod queued at workstation.    [picking_buffer = {158: 851.4933843309844}]
2026-07-13 07:25:29 DEBUG:    EVENT NUM 1506  current_time = 00:14:12   END_PICKING           [queue size = 15]
2026-07-13 07:25:29 DEBUG: Ended picking at workstation 6.    [picking_buffer len = {}]
2026-07-13 07:25:29 DEBUG: Task should have served orders {44}, found open orders {44}.
2026-07-13 07:25:29 DEBUG: Task 124 completed: pod 572 returning to storage.
2026-07-13 07:25:29 DEBUG:    EVENT NUM 1507  current_time = 00:14:12   CLOSE_ORDER           [queue size = 16]
2026-07-13 07:25:29 DEBUG: Order 44 closed at workstation 6: flow_time = 852.5 s.     [order_buffer = 0] [open_orders = 0/4]
2026-07-13 07:25:29 DEBUG:    EVENT NUM 1508  current_time = 00:14:15   ARRIVAL_ORDER         [queue size = 15]
2026-07-13 07:25:29 DEBUG: Order 270 arrived: items_required = [8824, 7631].     [orders_in_system = 172]
2026-07-13 07:25:29 DEBUG:    EVENT NUM 1509  current_time = 00:14:19   RETURN_POD            [queue size = 15]
2026-07-13 07:25:29 DEBUG: Pod 266 returned. Robot 32 idle.   [idle robots = 26/40, released tasks = 0]
2026-07-13 07:25:29 DEBUG:    EVENT NUM 1510  current_time = 00:14:20   ARRIVAL_ORDER         [queue size = 14]
2026-07-13 07:25:29 DEBUG: Order 271 arrived: items_required = [2319].     [orders_in_system = 173]
2026-07-13 07:25:29 DEBUG:    EVENT NUM 1511  current_time = 00:14:20   END_PICKING           [queue size = 14]
2026-07-13 07:25:29 DEBUG: Ended picking at workstation 8.    [picking_buffer len = {158: 851.4933843309844}]
2026-07-13 07:25:29 DEBUG: Task should have served orders {70}, found open orders {70}.
2026-07-13 07:25:29 DEBUG: Task 157 completed: pod 18 returning to storage.
2026-07-13 07:25:29 DEBUG:    EVENT NUM 1512  current_time = 00:14:20   START_PICKING         [queue size = 15]
2026-07-13 07:25:29 DEBUG: Processing task 158 at workstation 8: picking items {10395} for orders {70}
2026-07-13 07:25:29 DEBUG:    EVENT NUM 1513  current_time = 00:14:25   ARRIVAL_ORDER         [queue size = 15]
2026-07-13 07:25:29 DEBUG: Order 272 arrived: items_required = [13264].     [orders_in_system = 174]
2026-07-13 07:25:29 DEBUG:    EVENT NUM 1514  current_time = 00:14:27   RETURN_POD            [queue size = 15]
2026-07-13 07:25:29 DEBUG: Pod 509 returned. Robot 31 idle.   [idle robots = 27/40, released tasks = 0]
2026-07-13 07:25:29 DEBUG:    EVENT NUM 1515  current_time = 00:14:30   ARRIVAL_ORDER         [queue size = 14]
2026-07-13 07:25:29 DEBUG: Order 273 arrived: items_required = [7064, 2251].     [orders_in_system = 175]
2026-07-13 07:25:29 DEBUG:    EVENT NUM 1516  current_time = 00:14:30   RETURN_POD            [queue size = 14]
2026-07-13 07:25:29 DEBUG: Pod 619 returned. Robot 25 idle.   [idle robots = 28/40, released tasks = 0]
2026-07-13 07:25:29 DEBUG:    EVENT NUM 1517  current_time = 00:14:30   END_PICKING           [queue size = 13]
2026-07-13 07:25:29 DEBUG: Ended picking at workstation 8.    [picking_buffer len = {}]
2026-07-13 07:25:29 DEBUG: Task should have served orders {70}, found open orders {70}.
2026-07-13 07:25:29 DEBUG: Task 158 completed: pod 846 returning to storage.
2026-07-13 07:25:29 DEBUG:    EVENT NUM 1518  current_time = 00:14:30   CLOSE_ORDER           [queue size = 14]
2026-07-13 07:25:29 DEBUG: Order 70 closed at workstation 8: flow_time = 870.6 s.     [order_buffer = 0] [open_orders = 0/4]
2026-07-13 07:25:29 DEBUG:    EVENT NUM 1519  current_time = 00:14:35   ARRIVAL_ORDER         [queue size = 13]
2026-07-13 07:25:29 DEBUG: Order 274 arrived: items_required = [5801].     [orders_in_system = 175]
2026-07-13 07:25:29 DEBUG:    EVENT NUM 1520  current_time = 00:14:40   ARRIVAL_ORDER         [queue size = 13]
2026-07-13 07:25:29 DEBUG: Order 275 arrived: items_required = [11912].     [orders_in_system = 176]
2026-07-13 07:25:29 DEBUG:    EVENT NUM 1521  current_time = 00:14:41   RETURN_POD            [queue size = 13]
2026-07-13 07:25:29 DEBUG: Pod 174 returned. Robot 0 idle.   [idle robots = 29/40, released tasks = 0]
2026-07-13 07:25:29 DEBUG:    EVENT NUM 1522  current_time = 00:14:45   ARRIVAL_ORDER         [queue size = 12]
2026-07-13 07:25:29 DEBUG: Order 276 arrived: items_required = [10071].     [orders_in_system = 177]
2026-07-13 07:25:29 DEBUG:    EVENT NUM 1523  current_time = 00:14:50   ARRIVAL_ORDER         [queue size = 12]
2026-07-13 07:25:29 DEBUG: Order 277 arrived: items_required = [3143].     [orders_in_system = 178]
2026-07-13 07:25:29 DEBUG:    EVENT NUM 1524  current_time = 00:14:51   RETURN_POD            [queue size = 12]
2026-07-13 07:25:29 DEBUG: Pod 564 returned. Robot 34 idle.   [idle robots = 30/40, released tasks = 0]
2026-07-13 07:25:29 DEBUG:    EVENT NUM 1525  current_time = 00:14:52   RETURN_POD            [queue size = 11]
2026-07-13 07:25:29 DEBUG: Pod 488 returned. Robot 22 idle.   [idle robots = 31/40, released tasks = 0]
2026-07-13 07:25:29 DEBUG:    EVENT NUM 1526  current_time = 00:14:52   RETURN_POD            [queue size = 10]
2026-07-13 07:25:29 DEBUG: Pod 428 returned. Robot 9 idle.   [idle robots = 32/40, released tasks = 0]
2026-07-13 07:25:29 DEBUG:    EVENT NUM 1527  current_time = 00:14:55   ARRIVAL_ORDER         [queue size = 9]
2026-07-13 07:25:29 DEBUG: Order 278 arrived: items_required = [3604].     [orders_in_system = 179]
2026-07-13 07:25:29 DEBUG:    EVENT NUM 1528  current_time = 00:15:00   ARRIVAL_ORDER         [queue size = 9]
2026-07-13 07:25:29 DEBUG: Order 279 arrived: items_required = [9962, 7108].     [orders_in_system = 180]
2026-07-13 07:25:29 DEBUG:    EVENT NUM 1529  current_time = 00:15:01   RUN_OPTIMIZER         [queue size = 9]
2026-07-13 07:25:29 INFO: Solving stage 1 ... 
2026-07-13 07:25:29 INFO: [ls_stage1] Building initial solution ...
2026-07-13 07:25:29 INFO: [ls_stage1] Initial objective = 392.2600
2026-07-13 07:25:29 WARNING: 
Variables size:
  shape x = (309, 900)
  shape y = (9, 900)
  shape z = (180, 9)
  constraints_satisfied = 2503407

2026-07-13 07:25:33 INFO: [ls_stage1] Iter 1: IMPROVEMENT move=('swap', 8, 16) obj=390.5600
2026-07-13 07:25:38 INFO: [ls_stage1] Iter 2: IMPROVEMENT move=('swap', 152, 173) obj=388.8000
2026-07-13 07:25:42 INFO: [ls_stage1] Iter 3: IMPROVEMENT move=('swap', 18, 69) obj=387.2600
2026-07-13 07:25:47 INFO: [ls_stage1] Iter 4: IMPROVEMENT move=('swap', 2, 23) obj=385.6700
2026-07-13 07:25:52 INFO: [ls_stage1] Iter 5: IMPROVEMENT move=('swap', 94, 136) obj=383.3900
2026-07-13 07:25:56 INFO: [ls_stage1] Iter 6: IMPROVEMENT move=('swap', 21, 29) obj=379.1600
2026-07-13 07:26:01 INFO: [ls_stage1] Iter 7: IMPROVEMENT move=('swap', 48, 108) obj=377.7000
2026-07-13 07:26:05 INFO: [ls_stage1] Iter 8: IMPROVEMENT move=('moveto', 163, 6) obj=376.1800
2026-07-13 07:26:10 INFO: [ls_stage1] Iter 9: IMPROVEMENT move=('swap', 40, 51) obj=373.6600
2026-07-13 07:26:15 INFO: [ls_stage1] Iter 10: IMPROVEMENT move=('swap', 67, 123) obj=372.0500
2026-07-13 07:26:19 INFO: [ls_stage1] Iter 11: IMPROVEMENT move=('swap', 26, 174) obj=370.5800
2026-07-13 07:26:24 INFO: [ls_stage1] Iter 12: IMPROVEMENT move=('moveto', 121, 7) obj=369.2000
2026-07-13 07:26:28 INFO: [ls_stage1] Iter 13: IMPROVEMENT move=('swap', 138, 158) obj=367.7600
2026-07-13 07:26:33 INFO: [ls_stage1] Iter 14: IMPROVEMENT move=('swap', 91, 168) obj=366.3900
2026-07-13 07:26:37 INFO: [ls_stage1] Iter 15: IMPROVEMENT move=('swap', 160, 168) obj=365.0900
2026-07-13 07:26:42 INFO: [ls_stage1] Iter 16: IMPROVEMENT move=('swap', 36, 65) obj=363.6800
2026-07-13 07:26:46 INFO: [ls_stage1] Iter 17: IMPROVEMENT move=('swap', 36, 159) obj=362.4500
2026-07-13 07:26:51 INFO: [ls_stage1] Iter 18: IMPROVEMENT move=('swap', 85, 170) obj=361.2200
2026-07-13 07:26:56 INFO: [ls_stage1] Iter 19: IMPROVEMENT move=('swap', 69, 97) obj=358.6500
2026-07-13 07:27:00 INFO: [ls_stage1] Iter 20: IMPROVEMENT move=('swap', 6, 170) obj=357.1200
2026-07-13 07:27:05 INFO: [ls_stage1] Iter 21: IMPROVEMENT move=('swap', 31, 110) obj=355.7600
2026-07-13 07:27:09 INFO: [ls_stage1] Iter 22: IMPROVEMENT move=('repod', 227, 512) obj=354.4400
2026-07-13 07:27:14 INFO: [ls_stage1] Iter 23: IMPROVEMENT move=('swap', 101, 106) obj=353.2600
2026-07-13 07:27:18 INFO: [ls_stage1] Iter 24: IMPROVEMENT move=('swap', 10, 15) obj=351.8700
2026-07-13 07:27:23 INFO: [ls_stage1] Iter 25: IMPROVEMENT move=('swap', 42, 81) obj=351.5700
2026-07-13 07:27:27 INFO: [ls_stage1] Iter 26: IMPROVEMENT move=('swap', 146, 179) obj=351.0900
2026-07-13 07:27:32 INFO: [ls_stage1] Iter 27: IMPROVEMENT move=('swap', 4, 116) obj=350.6900
2026-07-13 07:27:37 INFO: [ls_stage1] Iter 28: IMPROVEMENT move=('swap', 38, 128) obj=350.3300
2026-07-13 07:27:41 INFO: [ls_stage1] Iter 29: IMPROVEMENT move=('repod', 308, 188) obj=348.9400
2026-07-13 07:27:46 INFO: [ls_stage1] Iter 30: IMPROVEMENT move=('moveto', 47, 3) obj=347.7400
2026-07-13 07:27:50 INFO: [ls_stage1] Iter 31: IMPROVEMENT move=('repod', 85, 100) obj=347.4500
2026-07-13 07:27:55 INFO: [ls_stage1] Iter 32: IMPROVEMENT move=('swap', 50, 52) obj=346.1200
2026-07-13 07:28:00 INFO: [ls_stage1] Iter 33: IMPROVEMENT move=('swap', 53, 86) obj=345.7600
2026-07-13 07:28:04 INFO: [ls_stage1] Iter 34: IMPROVEMENT move=('swap', 76, 119) obj=345.4000
2026-07-13 07:28:09 INFO: [ls_stage1] Iter 35: IMPROVEMENT move=('swap', 27, 177) obj=345.1200
2026-07-13 07:28:13 INFO: [ls_stage1] Iter 36: IMPROVEMENT move=('swap', 54, 169) obj=344.8200
2026-07-13 07:28:18 INFO: [ls_stage1] Iter 37: IMPROVEMENT move=('swap', 35, 45) obj=343.7900
2026-07-13 07:28:22 INFO: [ls_stage1] Iter 38: IMPROVEMENT move=('swap', 89, 154) obj=343.5900
2026-07-13 07:28:27 INFO: [ls_stage1] Iter 39: IMPROVEMENT move=('swap', 1, 117) obj=343.3500
2026-07-13 07:28:31 INFO: [ls_stage1] Iter 40: IMPROVEMENT move=('repod', 182, 627) obj=343.0900
2026-07-13 07:28:36 INFO: [ls_stage1] Iter 41: IMPROVEMENT move=('repod', 22, 886) obj=342.7400
2026-07-13 07:28:40 INFO: [ls_stage1] Iter 42: IMPROVEMENT move=('swap', 100, 166) obj=342.4800
2026-07-13 07:28:45 INFO: [ls_stage1] Iter 43: IMPROVEMENT move=('repod', 108, 797) obj=342.2100
2026-07-13 07:28:49 INFO: [ls_stage1] Iter 44: IMPROVEMENT move=('repod', 201, 474) obj=341.9800
2026-07-13 07:28:54 INFO: [ls_stage1] Iter 45: IMPROVEMENT move=('moveto', 20, 8) obj=341.8200
2026-07-13 07:28:59 INFO: [ls_stage1] Iter 46: IMPROVEMENT move=('repod', 126, 817) obj=341.6100
2026-07-13 07:29:03 INFO: [ls_stage1] Iter 47: IMPROVEMENT move=('repod', 302, 829) obj=341.4100
2026-07-13 07:29:08 INFO: [ls_stage1] Iter 48: IMPROVEMENT move=('repod', 175, 704) obj=341.1400
2026-07-13 07:29:12 INFO: [ls_stage1] Iter 49: IMPROVEMENT move=('swap', 96, 113) obj=340.9800
2026-07-13 07:29:17 INFO: [ls_stage1] Iter 50: IMPROVEMENT move=('swap', 0, 112) obj=340.8200
2026-07-13 07:29:21 INFO: [ls_stage1] Iter 51: IMPROVEMENT move=('repod', 43, 891) obj=340.6700
2026-07-13 07:29:26 INFO: [ls_stage1] Iter 52: IMPROVEMENT move=('repod', 209, 827) obj=340.4200
2026-07-13 07:29:30 INFO: [ls_stage1] Iter 53: IMPROVEMENT move=('repod', 213, 668) obj=340.2300
2026-07-13 07:29:35 INFO: [ls_stage1] Iter 54: IMPROVEMENT move=('swap', 36, 144) obj=340.1100
2026-07-13 07:29:40 INFO: [ls_stage1] Iter 55: IMPROVEMENT move=('repod', 190, 302) obj=340.0100
2026-07-13 07:29:44 INFO: [ls_stage1] Iter 56: IMPROVEMENT move=('swap', 141, 173) obj=339.8900
2026-07-13 07:29:49 INFO: [ls_stage1] Iter 57: IMPROVEMENT move=('repod', 218, 282) obj=339.7000
2026-07-13 07:29:53 INFO: [ls_stage1] Iter 58: IMPROVEMENT move=('repod', 56, 348) obj=339.5400
2026-07-13 07:29:58 INFO: [ls_stage1] Iter 59: IMPROVEMENT move=('repod', 20, 798) obj=339.3600
2026-07-13 07:30:02 INFO: [ls_stage1] Iter 60: IMPROVEMENT move=('repod', 161, 850) obj=339.1400
2026-07-13 07:30:07 INFO: [ls_stage1] Iter 61: IMPROVEMENT move=('repod', 80, 787) obj=338.9500
2026-07-13 07:30:12 INFO: [ls_stage1] Iter 62: IMPROVEMENT move=('repod', 264, 643) obj=338.6600
2026-07-13 07:30:16 INFO: [ls_stage1] Iter 63: IMPROVEMENT move=('swap', 35, 128) obj=337.4700
2026-07-13 07:30:21 INFO: [ls_stage1] Iter 64: IMPROVEMENT move=('swap', 3, 161) obj=337.3500
2026-07-13 07:30:25 INFO: [ls_stage1] Iter 65: IMPROVEMENT move=('swap', 49, 154) obj=336.2100
2026-07-13 07:30:30 INFO: [ls_stage1] Iter 66: IMPROVEMENT move=('swap', 49, 114) obj=336.0300
2026-07-13 07:30:34 INFO: [ls_stage1] Iter 67: IMPROVEMENT move=('repod', 148, 402) obj=335.8300
2026-07-13 07:30:39 INFO: [ls_stage1] Iter 68: IMPROVEMENT move=('swap', 42, 141) obj=335.7100
2026-07-13 07:30:44 INFO: [ls_stage1] Iter 69: IMPROVEMENT move=('repod', 125, 287) obj=335.5100
2026-07-13 07:30:48 INFO: [ls_stage1] Iter 70: IMPROVEMENT move=('moveto', 57, 8) obj=335.3700
2026-07-13 07:30:53 INFO: [ls_stage1] Iter 71: IMPROVEMENT move=('repod', 111, 42) obj=335.1900
2026-07-13 07:30:57 INFO: [ls_stage1] Iter 72: IMPROVEMENT move=('swap', 88, 142) obj=335.0900
2026-07-13 07:31:02 INFO: [ls_stage1] Iter 73: IMPROVEMENT move=('swap', 147, 157) obj=334.9500
2026-07-13 07:31:06 INFO: [ls_stage1] Iter 74: IMPROVEMENT move=('swap', 72, 178) obj=334.7500
2026-07-13 07:31:11 INFO: [ls_stage1] Iter 75: IMPROVEMENT move=('moveto', 55, 8) obj=334.6500
2026-07-13 07:31:16 INFO: [ls_stage1] Iter 76: IMPROVEMENT move=('swap', 88, 158) obj=334.6300
2026-07-13 07:31:20 INFO: [ls_stage1] Iter 77: IMPROVEMENT move=('swap', 36, 128) obj=334.5100
2026-07-13 07:31:25 INFO: [ls_stage1] Iter 78: IMPROVEMENT move=('repod', 267, 519) obj=334.3200
2026-07-13 07:31:29 INFO: [ls_stage1] Iter 79: IMPROVEMENT move=('repod', 19, 668) obj=332.9600
2026-07-13 07:31:34 INFO: [ls_stage1] Iter 80: IMPROVEMENT move=('moveto', 46, 7) obj=332.8400
2026-07-13 07:31:39 INFO: [ls_stage1] Iter 81: IMPROVEMENT move=('swap', 86, 132) obj=332.8000
2026-07-13 07:31:43 INFO: [ls_stage1] Iter 82: IMPROVEMENT move=('swap', 54, 106) obj=332.7600
2026-07-13 07:31:48 INFO: [ls_stage1] Iter 83: IMPROVEMENT move=('repod', 69, 191) obj=332.6900
2026-07-13 07:31:53 INFO: [ls_stage1] Iter 84: IMPROVEMENT move=('moveto', 123, 8) obj=332.6100
2026-07-13 07:31:57 INFO: [ls_stage1] Iter 85: IMPROVEMENT move=('swap', 171, 177) obj=332.5700
2026-07-13 07:32:02 INFO: [ls_stage1] Iter 86: IMPROVEMENT move=('repod', 60, 792) obj=332.1800
2026-07-13 07:32:06 INFO: [ls_stage1] Iter 87: IMPROVEMENT move=('swap', 102, 122) obj=332.1400
2026-07-13 07:32:11 INFO: [ls_stage1] Iter 88: IMPROVEMENT move=('repod', 249, 426) obj=332.0200
2026-07-13 07:32:16 INFO: [ls_stage1] Iter 89: IMPROVEMENT move=('repod', 77, 472) obj=331.8800
2026-07-13 07:32:20 INFO: [ls_stage1] Iter 90: IMPROVEMENT move=('repod', 206, 799) obj=331.6400
2026-07-13 07:32:25 INFO: [ls_stage1] Iter 91: IMPROVEMENT move=('repod', 262, 368) obj=331.4600
2026-07-13 07:32:29 INFO: [ls_stage1] Iter 92: IMPROVEMENT move=('repod', 36, 743) obj=331.3300
2026-07-13 07:32:34 INFO: [ls_stage1] Iter 93: IMPROVEMENT move=('moveto', 93, 8) obj=331.2500
2026-07-13 07:32:39 INFO: [ls_stage1] Iter 94: IMPROVEMENT move=('swap', 122, 168) obj=330.1000
2026-07-13 07:32:43 INFO: [ls_stage1] Iter 95: IMPROVEMENT move=('swap', 122, 174) obj=330.0200
2026-07-13 07:32:48 INFO: [ls_stage1] Iter 96: IMPROVEMENT move=('moveto', 124, 6) obj=329.9600
2026-07-13 07:32:52 INFO: [ls_stage1] Iter 97: IMPROVEMENT move=('swap', 75, 143) obj=329.8800
2026-07-13 07:32:57 INFO: [ls_stage1] Iter 98: IMPROVEMENT move=('repod', 96, 461) obj=329.7700
2026-07-13 07:33:02 INFO: [ls_stage1] Iter 99: IMPROVEMENT move=('repod', 8, 743) obj=328.5200
2026-07-13 07:33:06 INFO: [ls_stage1] Iter 100: IMPROVEMENT move=('swap', 126, 171) obj=328.4800
2026-07-13 07:33:06 INFO: [ls_stage1] Final objective = 328.4800
2026-07-13 07:33:06 INFO: Stage 1 solved.
2026-07-13 07:33:06 INFO: Solving stage 2 ... 
2026-07-13 07:33:07 INFO: [ls_stage2] Building initial solution ...
2026-07-13 07:36:05 INFO: [ls_stage2] Feasible initial solution: obj = -171.8627
2026-07-13 07:36:05 WARNING: 
Variables size:
  x shape = (309, 100)
  f0 = (180, 100)
  g0 = (180, 100)
  v0 = (180, 100)
  y shape = (246, 1615321)
  num constraints satisfied = 6486817

2026-07-13 07:39:07 INFO: [ls_stage2] Iter 1: improved move=('item', 222, -8) obj=-171.0143
2026-07-13 07:42:07 INFO: [ls_stage2] Iter 2: improved move=('order', 142, -2) obj=-169.9060
2026-07-13 07:45:09 INFO: [ls_stage2] Iter 3: improved move=('multi_item', (np.int64(91), np.int64(21), np.int64(190)), -5) obj=-168.6740
2026-07-13 07:48:10 INFO: [ls_stage2] Iter 4: improved move=('item', 31, -8) obj=-167.6156
2026-07-13 07:51:11 INFO: [ls_stage2] Candidate rejected: move=('order', 33, -2) obj=-163.4800 violations=['EC11']
2026-07-13 07:54:11 INFO: [ls_stage2] Candidate rejected: move=('order', 33, -1) obj=-163.6156 violations=['EC11']
2026-07-13 07:57:10 INFO: [ls_stage2] Iter 5: improved move=('multi_item', (np.int64(22), np.int64(86), np.int64(62)), -4) obj=-166.5460
2026-07-13 08:00:11 INFO: [ls_stage2] Iter 6: improved move=('multi_item', (np.int64(55), np.int64(152), np.int64(119)), -4) obj=-165.6875
2026-07-13 08:03:11 INFO: [ls_stage2] Iter 7: improved move=('multi_item', (np.int64(55), np.int64(299), np.int64(156)), -4) obj=-164.7549
2026-07-13 08:06:12 INFO: [ls_stage2] Candidate rejected: move=('order', 33, -1) obj=-160.7549 violations=['EC11']
2026-07-13 08:09:12 INFO: [ls_stage2] Iter 8: improved move=('item', 184, -8) obj=-164.0245
2026-07-13 08:09:13 WARNING: _rebuild_pod_row: pod 512 cannot reach ws 23 by t=2 from 952 t=0 — staying put
2026-07-13 08:12:13 INFO: [ls_stage2] Candidate rejected: move=('multi_item', (np.int64(170), np.int64(91), np.int64(112)), -5) obj=-163.0338 violations=['EC18']
2026-07-13 08:15:13 INFO: [ls_stage2] Iter 9: improved move=('multi_item', (np.int64(299), np.int64(245), np.int64(170)), -5) obj=-163.1435
2026-07-13 08:18:13 INFO: [ls_stage2] Iter 10: improved move=('multi_item', (np.int64(92), np.int64(91)), -4) obj=-162.3061
2026-07-13 08:21:14 INFO: [ls_stage2] Iter 11: improved move=('item', 45, -8) obj=-161.4317
2026-07-13 08:24:16 INFO: [ls_stage2] Candidate rejected: move=('order', 33, -1) obj=-157.4317 violations=['EC11']
2026-07-13 08:27:15 INFO: [ls_stage2] Iter 12: improved move=('item', 95, -8) obj=-160.5433
2026-07-13 08:30:16 INFO: [ls_stage2] Iter 13: improved move=('item', 92, -8) obj=-159.6909
2026-07-13 08:33:17 INFO: [ls_stage2] Iter 14: improved move=('item', 45, -8) obj=-158.8805
2026-07-13 08:36:17 INFO: [ls_stage2] Candidate rejected: move=('order', 123, -1) obj=-154.8805 violations=['EC11']
2026-07-13 08:39:17 INFO: [ls_stage2] Iter 15: improved move=('item', 165, -8) obj=-158.0481
2026-07-13 08:42:18 INFO: [ls_stage2] Iter 16: improved move=('multi_item', (np.int64(149), np.int64(159), np.int64(45)), -5) obj=-157.0558
2026-07-13 08:45:15 INFO: [ls_stage2] Iter 17: improved move=('item', 78, -8) obj=-156.2014
2026-07-13 08:48:15 INFO: [ls_stage2] Iter 18: improved move=('item', 240, -8) obj=-155.3710
2026-07-13 08:51:15 INFO: [ls_stage2] Iter 19: improved move=('order', 123, -2) obj=-151.2579
2026-07-13 08:54:15 INFO: [ls_stage2] Iter 20: improved move=('multi_item', (np.int64(78), np.int64(92), np.int64(13)), -4) obj=-150.0053
2026-07-13 08:57:15 INFO: [ls_stage2] Iter 21: improved move=('multi_item', (np.int64(18), np.int64(91)), -5) obj=-149.1173
2026-07-13 09:00:15 INFO: [ls_stage2] Candidate rejected: move=('order', 33, -2) obj=-144.9818 violations=['EC11']
2026-07-13 09:03:15 INFO: [ls_stage2] Iter 22: improved move=('item', 119, -8) obj=-148.2789
2026-07-13 09:06:15 INFO: [ls_stage2] Iter 23: improved move=('item', 82, -8) obj=-147.4785
2026-07-13 09:09:15 INFO: [ls_stage2] Candidate rejected: move=('order', 33, -2) obj=-143.3430 violations=['EC11']
2026-07-13 09:12:14 INFO: [ls_stage2] Iter 24: improved move=('multi_item', (np.int64(18), np.int64(82)), -5) obj=-146.6093
2026-07-13 09:15:15 INFO: [ls_stage2] Iter 25: improved move=('multi_item', (np.int64(173), np.int64(103), np.int64(78)), -4) obj=-145.8733
2026-07-13 09:18:16 INFO: [ls_stage2] Iter 26: improved move=('multi_item', (np.int64(133), np.int64(44), np.int64(92)), -5) obj=-145.0375
2026-07-13 09:21:17 INFO: [ls_stage2] Iter 27: improved move=('multi_item', (np.int64(21), np.int64(120), np.int64(191)), -4) obj=-143.8559
2026-07-13 09:24:18 INFO: [ls_stage2] Iter 28: improved move=('multi_item', (np.int64(245), np.int64(244), np.int64(184)), -5) obj=-142.9504
2026-07-13 09:27:18 INFO: [ls_stage2] Candidate rejected: move=('order', 33, -2) obj=-138.8148 violations=['EC11']
2026-07-13 09:30:18 INFO: [ls_stage2] Iter 29: improved move=('multi_item', (np.int64(91), np.int64(308), np.int64(230)), -5) obj=-141.9409
2026-07-13 09:33:19 INFO: [ls_stage2] Candidate rejected: move=('order', 33, -1) obj=-137.9409 violations=['EC11']
2026-07-13 09:36:19 INFO: [ls_stage2] Iter 30: improved move=('item', 188, -8) obj=-141.1625
2026-07-13 09:39:20 INFO: [ls_stage2] Candidate rejected: move=('order', 33, -1) obj=-137.1625 violations=['EC11']
2026-07-13 09:42:21 INFO: [ls_stage2] Iter 31: improved move=('multi_item', (np.int64(21), np.int64(132), np.int64(166)), -5) obj=-140.1165
2026-07-13 09:42:22 WARNING: _rebuild_pod_row: pod 645 cannot reach ws 29 by t=0 from 725 t=0 — staying put
2026-07-13 09:45:22 INFO: [ls_stage2] Candidate rejected: move=('multi_item', (np.int64(62), np.int64(196), np.int64(4)), -4) obj=-139.2901 violations=['EC18']
2026-07-13 09:48:22 INFO: [ls_stage2] Iter 32: improved move=('item', 63, -8) obj=-139.3841
2026-07-13 09:51:23 INFO: [ls_stage2] Iter 33: improved move=('multi_item', (np.int64(106), np.int64(114), np.int64(4)), -5) obj=-138.5464
2026-07-13 09:54:24 INFO: [ls_stage2] Iter 34: improved move=('multi_item', (np.int64(119), np.int64(210), np.int64(90)), -5) obj=-137.1694
2026-07-13 09:57:24 INFO: [ls_stage2] Candidate rejected: move=('order', 33, -1) obj=-133.1694 violations=['EC11']
2026-07-13 10:00:24 INFO: [ls_stage2] Iter 35: improved move=('multi_item', (np.int64(47), np.int64(102), np.int64(171)), -5) obj=-136.0186
2026-07-13 10:03:25 INFO: [ls_stage2] Iter 36: improved move=('multi_item', (np.int64(304), np.int64(55), np.int64(120)), -5) obj=-134.8879
2026-07-13 10:06:26 INFO: [ls_stage2] Iter 37: improved move=('multi_item', (np.int64(108), np.int64(6), np.int64(50)), -5) obj=-134.0197
2026-07-13 10:09:27 INFO: [ls_stage2] Iter 38: improved move=('item', 35, -8) obj=-133.1593
2026-07-13 10:12:28 INFO: [ls_stage2] Candidate rejected: move=('order', 33, -2) obj=-129.0237 violations=['EC11']
2026-07-13 10:15:29 INFO: [ls_stage2] Candidate rejected: move=('order', 33, -1) obj=-129.1593 violations=['EC11']
2026-07-13 10:18:29 INFO: [ls_stage2] Iter 39: improved move=('item', 182, -8) obj=-132.4329
2026-07-13 10:21:30 INFO: [ls_stage2] Iter 40: improved move=('item', 95, -8) obj=-131.6085
2026-07-13 10:24:31 INFO: [ls_stage2] Iter 41: improved move=('item', 239, -8) obj=-130.7681
2026-07-13 10:27:32 INFO: [ls_stage2] Iter 42: improved move=('multi_item', (np.int64(268), np.int64(244), np.int64(10)), -5) obj=-129.9031
2026-07-13 10:30:32 INFO: [ls_stage2] Iter 43: improved move=('order', 33, -1) obj=-125.9031
2026-07-13 10:33:34 INFO: [ls_stage2] Iter 44: improved move=('multi_item', (np.int64(217), np.int64(4), np.int64(132)), -5) obj=-125.1139
2026-07-13 10:36:35 INFO: [ls_stage2] Iter 45: improved move=('multi_item', (np.int64(153), np.int64(9), np.int64(188)), -5) obj=-124.0677
2026-07-13 10:39:35 INFO: [ls_stage2] Iter 46: improved move=('item', 35, -8) obj=-123.2713
2026-07-13 10:42:35 INFO: [ls_stage2] Iter 47: improved move=('multi_item', (np.int64(191), np.int64(35), np.int64(273)), -5) obj=-122.3208
2026-07-13 10:45:36 INFO: [ls_stage2] Iter 48: improved move=('multi_item', (np.int64(149), np.int64(90), np.int64(91)), -4) obj=-121.3538
2026-07-13 10:48:38 INFO: [ls_stage2] Iter 49: improved move=('multi_item', (np.int64(44), np.int64(160), np.int64(122)), -5) obj=-120.3805
2026-07-13 10:51:39 INFO: [ls_stage2] Iter 50: improved move=('multi_item', (np.int64(225), np.int64(306), np.int64(62)), -5) obj=-119.2110
2026-07-13 10:54:39 INFO: [ls_stage2] Iter 51: improved move=('item', 21, -8) obj=-118.4486
2026-07-13 10:57:40 INFO: [ls_stage2] Iter 52: improved move=('item', 31, -8) obj=-117.4542
2026-07-13 10:57:42 WARNING: _rebuild_pod_row: pod 341 cannot reach ws 31 by t=1 from 1347 t=0 — staying put
2026-07-13 11:00:41 INFO: [ls_stage2] Candidate rejected: move=('multi_item', (np.int64(289), np.int64(202), np.int64(172)), -5) obj=-116.5810 violations=['EC18']
2026-07-13 11:03:41 INFO: [ls_stage2] Iter 53: improved move=('item', 222, -8) obj=-116.6698
2026-07-13 11:06:42 INFO: [ls_stage2] Iter 54: improved move=('multi_item', (np.int64(28), np.int64(171), np.int64(292)), -5) obj=-115.9010
2026-07-13 11:09:43 INFO: [ls_stage2] Iter 55: improved move=('multi_item', (np.int64(240), np.int64(20), np.int64(305)), -5) obj=-115.0017
2026-07-13 11:12:44 INFO: [ls_stage2] Iter 56: improved move=('multi_item', (np.int64(191), np.int64(241)), -5) obj=-114.2412
2026-07-13 11:12:46 WARNING: _rebuild_pod_row: pod 81 cannot reach ws 27 by t=5 from 1934 t=0 — staying put
2026-07-13 11:12:46 WARNING: _rebuild_pod_row: pod 42 cannot reach ws 25 by t=43 from 23 t=43 — staying put
2026-07-13 11:15:45 INFO: [ls_stage2] Candidate rejected: move=('multi_item', (np.int64(4), np.int64(62), np.int64(17)), -5) obj=-113.1841 violations=['EC18']
2026-07-13 11:15:46 WARNING: _rebuild_pod_row: pod 42 cannot reach ws 25 by t=43 from 23 t=43 — staying put
2026-07-13 11:18:48 INFO: [ls_stage2] Candidate rejected: move=('multi_item', (np.int64(4), np.int64(62)), -5) obj=-113.2882 violations=['EC18']
2026-07-13 11:18:49 WARNING: _rebuild_pod_row: pod 42 cannot reach ws 25 by t=43 from 23 t=43 — staying put
2026-07-13 11:21:48 INFO: [ls_stage2] Candidate rejected: move=('multi_item', (np.int64(122), np.int64(74), np.int64(4)), -5) obj=-113.3192 violations=['EC18']
2026-07-13 11:21:48 INFO: [ls_stage2] Iter 57: no accepted move (1/5)
2026-07-13 11:24:48 INFO: [ls_stage2] Iter 58: improved move=('multi_item', (np.int64(78), np.int64(176), np.int64(32)), -2) obj=-113.9235
2026-07-13 11:27:48 INFO: [ls_stage2] Iter 59: improved move=('multi_item', (np.int64(22), np.int64(241), np.int64(189)), -4) obj=-113.0769
2026-07-13 11:30:49 INFO: [ls_stage2] Iter 60: improved move=('multi_item', (np.int64(91), np.int64(173), np.int64(220)), -5) obj=-112.1612
2026-07-13 11:33:50 INFO: [ls_stage2] Iter 61: improved move=('multi_item', (np.int64(59), np.int64(149), np.int64(63)), -5) obj=-111.3669
2026-07-13 11:36:52 INFO: [ls_stage2] Iter 62: improved move=('multi_item', (np.int64(45), np.int64(188), np.int64(242)), -4) obj=-110.3113
2026-07-13 11:39:53 INFO: [ls_stage2] Iter 63: improved move=('multi_item', (np.int64(27), np.int64(150), np.int64(298)), -5) obj=-109.3156
2026-07-13 11:39:54 WARNING: _rebuild_pod_row: pod 681 cannot reach ws 31 by t=2 from 674 t=0 — staying put
2026-07-13 11:42:53 INFO: [ls_stage2] Candidate rejected: move=('multi_item', (np.int64(78), np.int64(63), np.int64(212)), -5) obj=-108.3736 violations=['EC18']
2026-07-13 11:45:54 INFO: [ls_stage2] Iter 64: improved move=('multi_item', (np.int64(78), np.int64(63)), -5) obj=-108.4638
2026-07-13 11:48:55 INFO: [ls_stage2] Iter 65: improved move=('item', 31, -8) obj=-107.5334
2026-07-13 11:51:56 INFO: [ls_stage2] Iter 66: improved move=('multi_item', (np.int64(213), np.int64(95), np.int64(222)), -5) obj=-106.5929
2026-07-13 11:54:57 INFO: [ls_stage2] Iter 67: improved move=('item', 119, -8) obj=-105.8585
2026-07-13 11:57:58 INFO: [ls_stage2] Iter 68: improved move=('item', 239, -8) obj=-105.0821
2026-07-13 12:00:59 INFO: [ls_stage2] Iter 69: improved move=('multi_item', (np.int64(22), np.int64(23), np.int64(172)), -5) obj=-104.0826
2026-07-13 12:01:01 WARNING: _rebuild_pod_row: pod 681 cannot reach ws 31 by t=3 from 674 t=0 — staying put
2026-07-13 12:04:00 INFO: [ls_stage2] Candidate rejected: move=('multi_item', (np.int64(212), np.int64(120), np.int64(165)), -4) obj=-103.3020 violations=['EC18']
2026-07-13 12:07:01 INFO: [ls_stage2] Iter 70: improved move=('item', 239, -8) obj=-103.3702
2026-07-13 12:10:02 INFO: [ls_stage2] Iter 71: improved move=('item', 289, -8) obj=-102.6038
2026-07-13 12:13:03 INFO: [ls_stage2] Iter 72: improved move=('multi_item', (np.int64(151), np.int64(149), np.int64(30)), -5) obj=-101.8603
2026-07-13 12:16:04 INFO: [ls_stage2] Iter 73: improved move=('multi_item', (np.int64(239), np.int64(46)), -5) obj=-101.0348
2026-07-13 12:19:06 INFO: [ls_stage2] Iter 74: improved move=('multi_item', (np.int64(78), np.int64(210), np.int64(304)), -5) obj=-99.9815
