2026-07-13 14:32:42 INFO: Warehouse initialization | grid=30x30, physical=63x35, num_skus=13500, num_robots=40, num_ws=9
2026-07-13 14:32:43 INFO: Warehouse initialized | 900 pods  (average number of skus per pod = 20.94), 9 workstations, 40 robots
2026-07-13 14:32:43 INFO: [OptManager] Building time-space network ...
2026-07-13 14:32:47 INFO: [OptManager] Network ready: 90900 nodes, 1525330 travelling arcs, 89991 idle arcs.
2026-07-13 14:32:47 INFO: 
=============================================
2026-07-13 14:32:47 INFO:   START SIMULATION  {TIME HORIZON = 01:00:00}
2026-07-13 14:32:47 DEBUG:    EVENT NUM 1     current_time = 00:00:00   ARRIVAL_ORDER         [queue size = 1]
2026-07-13 14:32:47 DEBUG: Order 0 arrived: items_required = [3082, 5462].     [orders_in_system = 1]
2026-07-13 14:32:47 DEBUG: Order 1 arrived: items_required = [8729, 7407, 1704, 5981].     [orders_in_system = 2]
2026-07-13 14:32:47 DEBUG: Order 2 arrived: items_required = [12906].     [orders_in_system = 3]
2026-07-13 14:32:47 DEBUG: Order 3 arrived: items_required = [4760].     [orders_in_system = 4]
2026-07-13 14:32:47 DEBUG: Order 4 arrived: items_required = [3315, 5626].     [orders_in_system = 5]
2026-07-13 14:32:47 DEBUG: Order 5 arrived: items_required = [12200].     [orders_in_system = 6]
2026-07-13 14:32:47 DEBUG: Order 6 arrived: items_required = [8425].     [orders_in_system = 7]
2026-07-13 14:32:47 DEBUG: Order 7 arrived: items_required = [4951, 2281].     [orders_in_system = 8]
2026-07-13 14:32:47 DEBUG: Order 8 arrived: items_required = [7292].     [orders_in_system = 9]
2026-07-13 14:32:47 DEBUG: Order 9 arrived: items_required = [12759].     [orders_in_system = 10]
2026-07-13 14:32:47 DEBUG: Order 10 arrived: items_required = [6918, 11893].     [orders_in_system = 11]
2026-07-13 14:32:47 DEBUG: Order 11 arrived: items_required = [2593, 6036].     [orders_in_system = 12]
2026-07-13 14:32:47 DEBUG: Order 12 arrived: items_required = [4361].     [orders_in_system = 13]
2026-07-13 14:32:47 DEBUG: Order 13 arrived: items_required = [3493, 12054].     [orders_in_system = 14]
2026-07-13 14:32:47 DEBUG: Order 14 arrived: items_required = [9801, 9100].     [orders_in_system = 15]
2026-07-13 14:32:47 DEBUG: Order 15 arrived: items_required = [8076, 7583].     [orders_in_system = 16]
2026-07-13 14:32:47 DEBUG: Order 16 arrived: items_required = [10388, 5177].     [orders_in_system = 17]
2026-07-13 14:32:47 DEBUG: Order 17 arrived: items_required = [2342].     [orders_in_system = 18]
2026-07-13 14:32:47 DEBUG: Order 18 arrived: items_required = [10434, 4225, 8462].     [orders_in_system = 19]
2026-07-13 14:32:47 DEBUG: Order 19 arrived: items_required = [8525, 13250, 7180].     [orders_in_system = 20]
2026-07-13 14:32:47 DEBUG: Order 20 arrived: items_required = [5500].     [orders_in_system = 21]
2026-07-13 14:32:47 DEBUG: Order 21 arrived: items_required = [6011, 2310, 8337].     [orders_in_system = 22]
2026-07-13 14:32:47 DEBUG: Order 22 arrived: items_required = [6166].     [orders_in_system = 23]
2026-07-13 14:32:47 DEBUG: Order 23 arrived: items_required = [10098, 5496].     [orders_in_system = 24]
2026-07-13 14:32:47 DEBUG: Order 24 arrived: items_required = [1865, 2760].     [orders_in_system = 25]
2026-07-13 14:32:47 DEBUG: Order 25 arrived: items_required = [7978, 7156, 2052, 8090, 12204].     [orders_in_system = 26]
2026-07-13 14:32:47 DEBUG: Order 26 arrived: items_required = [8997].     [orders_in_system = 27]
2026-07-13 14:32:47 DEBUG: Order 27 arrived: items_required = [6720, 10034].     [orders_in_system = 28]
2026-07-13 14:32:47 DEBUG: Order 28 arrived: items_required = [7699, 461, 3929].     [orders_in_system = 29]
2026-07-13 14:32:47 DEBUG: Order 29 arrived: items_required = [6597].     [orders_in_system = 30]
2026-07-13 14:32:47 DEBUG: Order 30 arrived: items_required = [2550].     [orders_in_system = 31]
2026-07-13 14:32:47 DEBUG: Order 31 arrived: items_required = [7051, 7510].     [orders_in_system = 32]
2026-07-13 14:32:47 DEBUG: Order 32 arrived: items_required = [6524, 9541].     [orders_in_system = 33]
2026-07-13 14:32:47 DEBUG: Order 33 arrived: items_required = [4511, 9180].     [orders_in_system = 34]
2026-07-13 14:32:47 DEBUG: Order 34 arrived: items_required = [9036].     [orders_in_system = 35]
2026-07-13 14:32:47 DEBUG: Order 35 arrived: items_required = [970, 8416, 4031].     [orders_in_system = 36]
2026-07-13 14:32:47 DEBUG: Order 36 arrived: items_required = [6177, 6863].     [orders_in_system = 37]
2026-07-13 14:32:47 DEBUG: Order 37 arrived: items_required = [11300].     [orders_in_system = 38]
2026-07-13 14:32:47 DEBUG: Order 38 arrived: items_required = [5920].     [orders_in_system = 39]
2026-07-13 14:32:47 DEBUG: Order 39 arrived: items_required = [2271, 9274].     [orders_in_system = 40]
2026-07-13 14:32:47 DEBUG: Order 40 arrived: items_required = [2882, 2920].     [orders_in_system = 41]
2026-07-13 14:32:47 DEBUG: Order 41 arrived: items_required = [7692, 9745, 8092, 8347].     [orders_in_system = 42]
2026-07-13 14:32:47 DEBUG: Order 42 arrived: items_required = [8402].     [orders_in_system = 43]
2026-07-13 14:32:47 DEBUG: Order 43 arrived: items_required = [3554].     [orders_in_system = 44]
2026-07-13 14:32:47 DEBUG: Order 44 arrived: items_required = [5412, 3136, 1534].     [orders_in_system = 45]
2026-07-13 14:32:47 DEBUG: Order 45 arrived: items_required = [10565, 3794].     [orders_in_system = 46]
2026-07-13 14:32:47 DEBUG: Order 46 arrived: items_required = [10882].     [orders_in_system = 47]
2026-07-13 14:32:47 DEBUG: Order 47 arrived: items_required = [6732, 1723].     [orders_in_system = 48]
2026-07-13 14:32:47 DEBUG: Order 48 arrived: items_required = [10263].     [orders_in_system = 49]
2026-07-13 14:32:47 DEBUG: Order 49 arrived: items_required = [6082, 7680].     [orders_in_system = 50]
2026-07-13 14:32:47 DEBUG: Order 50 arrived: items_required = [7736].     [orders_in_system = 51]
2026-07-13 14:32:47 DEBUG: Order 51 arrived: items_required = [7892, 2848].     [orders_in_system = 52]
2026-07-13 14:32:47 DEBUG: Order 52 arrived: items_required = [9700, 2876].     [orders_in_system = 53]
2026-07-13 14:32:47 DEBUG: Order 53 arrived: items_required = [10931].     [orders_in_system = 54]
2026-07-13 14:32:47 DEBUG: Order 54 arrived: items_required = [7384, 7576].     [orders_in_system = 55]
2026-07-13 14:32:47 DEBUG: Order 55 arrived: items_required = [868, 10302].     [orders_in_system = 56]
2026-07-13 14:32:47 DEBUG: Order 56 arrived: items_required = [8121, 9687, 12501].     [orders_in_system = 57]
2026-07-13 14:32:47 DEBUG: Order 57 arrived: items_required = [5782].     [orders_in_system = 58]
2026-07-13 14:32:47 DEBUG: Order 58 arrived: items_required = [8418].     [orders_in_system = 59]
2026-07-13 14:32:47 DEBUG: Order 59 arrived: items_required = [12306].     [orders_in_system = 60]
2026-07-13 14:32:47 DEBUG: Order 60 arrived: items_required = [637].     [orders_in_system = 61]
2026-07-13 14:32:47 DEBUG: Order 61 arrived: items_required = [7484].     [orders_in_system = 62]
2026-07-13 14:32:47 DEBUG: Order 62 arrived: items_required = [5255, 2948].     [orders_in_system = 63]
2026-07-13 14:32:47 DEBUG: Order 63 arrived: items_required = [1852].     [orders_in_system = 64]
2026-07-13 14:32:47 DEBUG: Order 64 arrived: items_required = [5251].     [orders_in_system = 65]
2026-07-13 14:32:47 DEBUG: Order 65 arrived: items_required = [5316].     [orders_in_system = 66]
2026-07-13 14:32:47 DEBUG: Order 66 arrived: items_required = [6190].     [orders_in_system = 67]
2026-07-13 14:32:47 DEBUG: Order 67 arrived: items_required = [1725].     [orders_in_system = 68]
2026-07-13 14:32:47 DEBUG: Order 68 arrived: items_required = [7970].     [orders_in_system = 69]
2026-07-13 14:32:47 DEBUG: Order 69 arrived: items_required = [2935, 3615].     [orders_in_system = 70]
2026-07-13 14:32:47 DEBUG: Order 70 arrived: items_required = [3218, 11495].     [orders_in_system = 71]
2026-07-13 14:32:47 DEBUG: Order 71 arrived: items_required = [6620].     [orders_in_system = 72]
2026-07-13 14:32:47 DEBUG: Order 72 arrived: items_required = [2545].     [orders_in_system = 73]
2026-07-13 14:32:47 DEBUG: Order 73 arrived: items_required = [3181].     [orders_in_system = 74]
2026-07-13 14:32:47 DEBUG: Order 74 arrived: items_required = [6023].     [orders_in_system = 75]
2026-07-13 14:32:47 DEBUG: Order 75 arrived: items_required = [6519].     [orders_in_system = 76]
2026-07-13 14:32:47 DEBUG: Order 76 arrived: items_required = [8153].     [orders_in_system = 77]
2026-07-13 14:32:47 DEBUG: Order 77 arrived: items_required = [5187].     [orders_in_system = 78]
2026-07-13 14:32:47 DEBUG: Order 78 arrived: items_required = [7712].     [orders_in_system = 79]
2026-07-13 14:32:47 DEBUG: Order 79 arrived: items_required = [2780, 8677, 10336].     [orders_in_system = 80]
2026-07-13 14:32:47 DEBUG: Order 80 arrived: items_required = [8518, 8331].     [orders_in_system = 81]
2026-07-13 14:32:47 DEBUG: Order 81 arrived: items_required = [514].     [orders_in_system = 82]
2026-07-13 14:32:47 DEBUG: Order 82 arrived: items_required = [4604, 8892, 8193, 6518].     [orders_in_system = 83]
2026-07-13 14:32:47 DEBUG: Order 83 arrived: items_required = [10370, 8353].     [orders_in_system = 84]
2026-07-13 14:32:47 DEBUG: Order 84 arrived: items_required = [2570, 4368, 10946].     [orders_in_system = 85]
2026-07-13 14:32:47 DEBUG: Order 85 arrived: items_required = [4857].     [orders_in_system = 86]
2026-07-13 14:32:47 DEBUG: Order 86 arrived: items_required = [4091].     [orders_in_system = 87]
2026-07-13 14:32:47 DEBUG: Order 87 arrived: items_required = [12394, 6663].     [orders_in_system = 88]
2026-07-13 14:32:47 DEBUG: Order 88 arrived: items_required = [5981, 1102].     [orders_in_system = 89]
2026-07-13 14:32:47 DEBUG: Order 89 arrived: items_required = [4825].     [orders_in_system = 90]
2026-07-13 14:32:47 DEBUG: Order 90 arrived: items_required = [3611].     [orders_in_system = 91]
2026-07-13 14:32:47 DEBUG: Order 91 arrived: items_required = [6517, 8635, 3750].     [orders_in_system = 92]
2026-07-13 14:32:47 DEBUG: Order 92 arrived: items_required = [8857, 4958].     [orders_in_system = 93]
2026-07-13 14:32:47 DEBUG: Order 93 arrived: items_required = [6295, 6820].     [orders_in_system = 94]
2026-07-13 14:32:47 DEBUG: Order 94 arrived: items_required = [7455].     [orders_in_system = 95]
2026-07-13 14:32:47 DEBUG: Order 95 arrived: items_required = [3439, 6533, 4651, 7706].     [orders_in_system = 96]
2026-07-13 14:32:47 DEBUG: Order 96 arrived: items_required = [3916].     [orders_in_system = 97]
2026-07-13 14:32:47 DEBUG: Order 97 arrived: items_required = [8944].     [orders_in_system = 98]
2026-07-13 14:32:47 DEBUG: Order 98 arrived: items_required = [4949].     [orders_in_system = 99]
2026-07-13 14:32:47 DEBUG: Order 99 arrived: items_required = [4365].     [orders_in_system = 100]
2026-07-13 14:32:47 DEBUG:    EVENT NUM 2     current_time = 00:00:01   RUN_OPTIMIZER         [queue size = 1]
2026-07-13 14:32:47 INFO: Solving stage 1 ... 
2026-07-13 14:32:47 INFO: [ls_stage1] Building initial solution ...
2026-07-13 14:32:47 INFO: [ls_stage1] Initial objective = 219.4300
2026-07-13 14:32:47 WARNING: 
Variables size:
  shape x = (170, 900)
  shape y = (9, 900)
  shape z = (100, 9)
  constraints_satisfied = 1377288

2026-07-13 14:32:50 INFO: [ls_stage1] Iter 1: IMPROVEMENT move=('swap', 48, 51) obj=217.7200
2026-07-13 14:32:52 INFO: [ls_stage1] Iter 2: IMPROVEMENT move=('swap', 45, 47) obj=216.0500
2026-07-13 14:32:54 INFO: [ls_stage1] Iter 3: IMPROVEMENT move=('swap', 58, 72) obj=213.3300
2026-07-13 14:32:57 INFO: [ls_stage1] Iter 4: IMPROVEMENT move=('swap', 94, 98) obj=211.9000
2026-07-13 14:32:59 INFO: [ls_stage1] Iter 5: IMPROVEMENT move=('swap', 73, 93) obj=210.4800
2026-07-13 14:33:01 INFO: [ls_stage1] Iter 6: IMPROVEMENT move=('swap', 60, 68) obj=209.2200
2026-07-13 14:33:04 INFO: [ls_stage1] Iter 7: IMPROVEMENT move=('swap', 35, 84) obj=207.4600
2026-07-13 14:33:06 INFO: [ls_stage1] Iter 8: IMPROVEMENT move=('moveto', 88, 6) obj=206.3100
2026-07-13 14:33:08 INFO: [ls_stage1] Iter 9: IMPROVEMENT move=('swap', 18, 46) obj=205.8300
2026-07-13 14:33:10 INFO: [ls_stage1] Iter 10: IMPROVEMENT move=('repod', 50, 734) obj=205.3800
2026-07-13 14:33:13 INFO: [ls_stage1] Iter 11: IMPROVEMENT move=('swap', 3, 77) obj=203.9000
2026-07-13 14:33:15 INFO: [ls_stage1] Iter 12: IMPROVEMENT move=('moveto', 26, 5) obj=202.7600
2026-07-13 14:33:17 INFO: [ls_stage1] Iter 13: IMPROVEMENT move=('swap', 21, 76) obj=201.6600
2026-07-13 14:33:20 INFO: [ls_stage1] Iter 14: IMPROVEMENT move=('swap', 44, 45) obj=200.2800
2026-07-13 14:33:22 INFO: [ls_stage1] Iter 15: IMPROVEMENT move=('swap', 61, 92) obj=199.8600
2026-07-13 14:33:24 INFO: [ls_stage1] Iter 16: IMPROVEMENT move=('swap', 41, 53) obj=198.5900
2026-07-13 14:33:26 INFO: [ls_stage1] Iter 17: IMPROVEMENT move=('swap', 65, 78) obj=198.3100
2026-07-13 14:33:29 INFO: [ls_stage1] Iter 18: IMPROVEMENT move=('swap', 54, 89) obj=198.0700
2026-07-13 14:33:31 INFO: [ls_stage1] Iter 19: IMPROVEMENT move=('repod', 36, 843) obj=197.7800
2026-07-13 14:33:33 INFO: [ls_stage1] Iter 20: IMPROVEMENT move=('repod', 11, 692) obj=197.5400
2026-07-13 14:33:36 INFO: [ls_stage1] Iter 21: IMPROVEMENT move=('repod', 130, 787) obj=197.2800
2026-07-13 14:33:38 INFO: [ls_stage1] Iter 22: IMPROVEMENT move=('repod', 141, 767) obj=196.8800
2026-07-13 14:33:40 INFO: [ls_stage1] Iter 23: IMPROVEMENT move=('swap', 27, 97) obj=196.5200
2026-07-13 14:33:42 INFO: [ls_stage1] Iter 24: IMPROVEMENT move=('repod', 19, 332) obj=196.3000
2026-07-13 14:33:45 INFO: [ls_stage1] Iter 25: IMPROVEMENT move=('swap', 3, 81) obj=194.9100
2026-07-13 14:33:47 INFO: [ls_stage1] Iter 26: IMPROVEMENT move=('repod', 116, 431) obj=194.5800
2026-07-13 14:33:49 INFO: [ls_stage1] Iter 27: IMPROVEMENT move=('swap', 50, 79) obj=194.3400
2026-07-13 14:33:51 INFO: [ls_stage1] Iter 28: IMPROVEMENT move=('swap', 53, 70) obj=194.1600
2026-07-13 14:33:54 INFO: [ls_stage1] Iter 29: IMPROVEMENT move=('swap', 12, 63) obj=193.9800
2026-07-13 14:33:56 INFO: [ls_stage1] Iter 30: IMPROVEMENT move=('repod', 110, 878) obj=193.7600
2026-07-13 14:33:58 INFO: [ls_stage1] Iter 31: IMPROVEMENT move=('repod', 126, 520) obj=193.3200
2026-07-13 14:34:01 INFO: [ls_stage1] Iter 32: IMPROVEMENT move=('moveto', 74, 1) obj=192.1300
2026-07-13 14:34:03 INFO: [ls_stage1] Iter 33: IMPROVEMENT move=('repod', 155, 520) obj=191.8400
2026-07-13 14:34:05 INFO: [ls_stage1] Iter 34: IMPROVEMENT move=('swap', 9, 28) obj=191.6800
2026-07-13 14:34:08 INFO: [ls_stage1] Iter 35: IMPROVEMENT move=('swap', 20, 59) obj=191.5200
2026-07-13 14:34:10 INFO: [ls_stage1] Iter 36: IMPROVEMENT move=('repod', 41, 729) obj=191.3200
2026-07-13 14:34:12 INFO: [ls_stage1] Iter 37: IMPROVEMENT move=('repod', 38, 233) obj=191.1400
2026-07-13 14:34:14 INFO: [ls_stage1] Iter 38: IMPROVEMENT move=('swap', 13, 93) obj=190.9800
2026-07-13 14:34:17 INFO: [ls_stage1] Iter 39: IMPROVEMENT move=('repod', 54, 823) obj=190.6200
2026-07-13 14:34:19 INFO: [ls_stage1] Iter 40: IMPROVEMENT move=('swap', 32, 70) obj=190.5000
2026-07-13 14:34:21 INFO: [ls_stage1] Iter 41: IMPROVEMENT move=('swap', 7, 99) obj=190.3800
2026-07-13 14:34:24 INFO: [ls_stage1] Iter 42: IMPROVEMENT move=('swap', 7, 23) obj=190.3000
2026-07-13 14:34:26 INFO: [ls_stage1] Iter 43: IMPROVEMENT move=('repod', 91, 416) obj=190.2000
2026-07-13 14:34:28 INFO: [ls_stage1] Iter 44: IMPROVEMENT move=('swap', 61, 87) obj=190.1400
2026-07-13 14:34:30 INFO: [ls_stage1] Iter 45: IMPROVEMENT move=('repod', 143, 788) obj=190.0100
2026-07-13 14:34:33 INFO: [ls_stage1] Iter 46: IMPROVEMENT move=('swap', 37, 96) obj=189.8700
2026-07-13 14:34:35 INFO: [ls_stage1] Iter 47: IMPROVEMENT move=('repod', 48, 462) obj=189.7400
2026-07-13 14:34:37 INFO: [ls_stage1] Iter 48: IMPROVEMENT move=('swap', 48, 60) obj=189.6800
2026-07-13 14:34:40 INFO: [ls_stage1] Iter 49: IMPROVEMENT move=('swap', 19, 94) obj=189.6400
2026-07-13 14:34:42 INFO: [ls_stage1] Iter 50: IMPROVEMENT move=('swap', 25, 61) obj=189.5600
2026-07-13 14:34:44 INFO: [ls_stage1] Iter 51: IMPROVEMENT move=('swap', 8, 34) obj=189.4800
2026-07-13 14:34:47 INFO: [ls_stage1] Iter 52: IMPROVEMENT move=('moveto', 43, 6) obj=189.4400
2026-07-13 14:34:49 INFO: [ls_stage1] Iter 53: IMPROVEMENT move=('swap', 8, 75) obj=189.3800
2026-07-13 14:34:51 INFO: [ls_stage1] Iter 54: IMPROVEMENT move=('repod', 63, 791) obj=189.2700
2026-07-13 14:34:54 INFO: [ls_stage1] Iter 55: IMPROVEMENT move=('repod', 30, 886) obj=189.1100
2026-07-13 14:34:56 INFO: [ls_stage1] Iter 56: IMPROVEMENT move=('moveto', 59, 8) obj=189.0300
2026-07-13 14:34:58 INFO: [ls_stage1] Iter 57: IMPROVEMENT move=('repod', 95, 895) obj=188.9800
2026-07-13 14:35:00 INFO: [ls_stage1] Iter 58: IMPROVEMENT move=('repod', 49, 579) obj=188.9100
2026-07-13 14:35:03 INFO: [ls_stage1] Iter 59: IMPROVEMENT move=('swap', 83, 88) obj=188.8100
2026-07-13 14:35:05 INFO: [ls_stage1] Iter 60: IMPROVEMENT move=('swap', 8, 17) obj=188.7300
2026-07-13 14:35:07 INFO: [ls_stage1] Iter 61: IMPROVEMENT move=('repod', 102, 761) obj=188.6500
2026-07-13 14:35:10 INFO: [ls_stage1] Iter 62: IMPROVEMENT move=('moveto', 8, 8) obj=188.6100
2026-07-13 14:35:12 INFO: [ls_stage1] Iter 63: IMPROVEMENT move=('swap', 17, 55) obj=188.5900
2026-07-13 14:35:14 INFO: [ls_stage1] Iter 64: IMPROVEMENT move=('moveto', 89, 1) obj=188.5700
2026-07-13 14:35:16 INFO: [ls_stage1] Iter 65: IMPROVEMENT move=('swap', 12, 17) obj=187.5200
2026-07-13 14:35:19 INFO: [ls_stage1] Iter 66: IMPROVEMENT move=('repod', 65, 866) obj=187.4600
2026-07-13 14:35:21 INFO: [ls_stage1] Iter 67: IMPROVEMENT move=('repod', 56, 429) obj=187.3900
2026-07-13 14:35:23 INFO: [ls_stage1] Iter 68: IMPROVEMENT move=('moveto', 29, 3) obj=187.3100
2026-07-13 14:35:25 INFO: [ls_stage1] Iter 69: IMPROVEMENT move=('repod', 76, 162) obj=187.2200
2026-07-13 14:35:28 INFO: [ls_stage1] Iter 70: IMPROVEMENT move=('swap', 0, 27) obj=187.1800
2026-07-13 14:35:30 INFO: [ls_stage1] Iter 71: IMPROVEMENT move=('moveto', 5, 8) obj=187.1400
2026-07-13 14:35:32 INFO: [ls_stage1] Iter 72: IMPROVEMENT move=('swap', 66, 67) obj=187.1200
2026-07-13 14:35:35 INFO: [ls_stage1] Iter 73: IMPROVEMENT move=('swap', 13, 28) obj=187.1000
2026-07-13 14:35:37 INFO: [ls_stage1] Iter 74: IMPROVEMENT move=('repod', 99, 728) obj=186.8600
2026-07-13 14:35:39 INFO: [ls_stage1] Iter 75: IMPROVEMENT move=('swap', 23, 71) obj=186.8400
2026-07-13 14:35:42 INFO: [ls_stage1] Iter 76: PLATEAU move=('repod', 169, 499) obj=186.8400
2026-07-13 14:35:44 INFO: [ls_stage1] Iter 77: IMPROVEMENT move=('swap', 12, 25) obj=186.8000
2026-07-13 14:35:46 INFO: [ls_stage1] Iter 78: IMPROVEMENT move=('swap', 29, 49) obj=186.7800
2026-07-13 14:35:48 INFO: [ls_stage1] Iter 79: IMPROVEMENT move=('moveto', 43, 8) obj=186.7400
2026-07-13 14:35:51 INFO: [ls_stage1] Iter 80: PLATEAU move=('swap', 76, 94) obj=186.7400
2026-07-13 14:35:53 INFO: [ls_stage1] Iter 81: IMPROVEMENT move=('moveto', 86, 8) obj=186.7200
2026-07-13 14:35:55 INFO: [ls_stage1] Iter 82: IMPROVEMENT move=('moveto', 50, 8) obj=186.7000
2026-07-13 14:35:58 INFO: [ls_stage1] Iter 83: IMPROVEMENT move=('moveto', 65, 8) obj=186.6800
2026-07-13 14:36:00 INFO: [ls_stage1] Iter 84: PLATEAU move=('repod', 73, 741) obj=186.6800
2026-07-13 14:36:02 INFO: [ls_stage1] Iter 85: PLATEAU move=('swap', 63, 93) obj=186.6800
2026-07-13 14:36:04 INFO: [ls_stage1] Iter 86: PLATEAU move=('repod', 15, 175) obj=186.6800
2026-07-13 14:36:07 INFO: [ls_stage1] Iter 87: IMPROVEMENT move=('repod', 8, 372) obj=186.5700
2026-07-13 14:36:09 INFO: [ls_stage1] Iter 88: IMPROVEMENT move=('swap', 25, 75) obj=186.5500
2026-07-13 14:36:11 INFO: [ls_stage1] Iter 89: PLATEAU move=('repod', 155, 520) obj=186.5500
2026-07-13 14:36:13 INFO: [ls_stage1] Iter 90: PLATEAU move=('swap', 4, 50) obj=186.5500
2026-07-13 14:36:16 INFO: [ls_stage1] Iter 91: PLATEAU move=('swap', 0, 99) obj=186.5500
2026-07-13 14:36:18 INFO: [ls_stage1] Iter 92: PLATEAU move=('repod', 100, 490) obj=186.5500
2026-07-13 14:36:20 INFO: [ls_stage1] Iter 93: IMPROVEMENT move=('swap', 54, 55) obj=186.4700
2026-07-13 14:36:23 INFO: [ls_stage1] Iter 94: IMPROVEMENT move=('swap', 13, 54) obj=186.4300
2026-07-13 14:36:25 INFO: [ls_stage1] Iter 95: IMPROVEMENT move=('swap', 19, 54) obj=186.4100
2026-07-13 14:36:27 INFO: [ls_stage1] Iter 96: PLATEAU move=('swap', 41, 67) obj=186.4100
2026-07-13 14:36:29 INFO: [ls_stage1] Iter 97: PLATEAU move=('swap', 20, 97) obj=186.4100
2026-07-13 14:36:32 INFO: [ls_stage1] Iter 98: PLATEAU move=('swap', 41, 97) obj=186.4100
2026-07-13 14:36:34 INFO: [ls_stage1] Iter 99: PLATEAU move=('swap', 47, 55) obj=186.4100
2026-07-13 14:36:36 INFO: [ls_stage1] Iter 100: PLATEAU move=('swap', 54, 82) obj=186.4100
2026-07-13 14:36:36 INFO: [ls_stage1] Final objective = 186.4100
2026-07-13 14:36:36 INFO: Stage 1 solved.
2026-07-13 14:36:36 INFO: Solving stage 2 ... 
2026-07-13 14:36:37 INFO: [ls_stage2] Building initial solution ...
2026-07-13 14:37:32 INFO: [ls_stage2] Feasible initial solution: obj = 115.7686
2026-07-13 14:37:32 WARNING: 
Variables size:
  x shape = (170, 100)
  f0 = (100, 100)
  g0 = (100, 100)
  v0 = (100, 100)
  y shape = (143, 1615321)
  num constraints satisfied = 2292173

2026-07-13 14:38:28 INFO: [ls_stage2] Iter 1: improved move=('item', 168, -8) obj=116.1970
2026-07-13 14:38:29 WARNING: _rebuild_pod_row: pod 252 cannot reach ws 23 by t=1 from 1539 t=0 — staying put
2026-07-13 14:39:25 INFO: [ls_stage2] Candidate rejected: move=('multi_item', (np.int64(142), np.int64(114), np.int64(81)), -5) obj=116.6177 violations=['EC18']
2026-07-13 14:40:21 INFO: [ls_stage2] Iter 2: improved move=('multi_item', (np.int64(132), np.int64(168), np.int64(136)), -5) obj=116.6007
2026-07-13 14:40:22 WARNING: _rebuild_pod_row: pod 232 cannot reach ws 23 by t=8 from 1622 t=0 — staying put
2026-07-13 14:40:22 WARNING: _rebuild_pod_row: pod 232 cannot reach ws 23 by t=13 from 1622 t=9 — staying put
2026-07-13 14:41:17 INFO: [ls_stage2] Candidate rejected: move=('multi_item', (np.int64(24), np.int64(1), np.int64(93)), -5) obj=117.0401 violations=['EC18']
2026-07-13 14:42:13 INFO: [ls_stage2] Iter 3: improved move=('multi_item', (np.int64(142), np.int64(17)), -5) obj=117.0312
2026-07-13 14:43:09 INFO: [ls_stage2] Iter 4: improved move=('multi_item', (np.int64(20), np.int64(168)), -5) obj=117.3917
2026-07-13 14:44:06 INFO: [ls_stage2] Iter 5: improved move=('item', 10, -8) obj=117.7481
2026-07-13 14:45:02 INFO: [ls_stage2] Iter 6: improved move=('multi_item', (np.int64(26), np.int64(10), np.int64(28)), -4) obj=118.1627
2026-07-13 14:45:58 INFO: [ls_stage2] Iter 7: improved move=('multi_item', (np.int64(14), np.int64(120), np.int64(117)), -5) obj=118.6334
2026-07-13 14:46:54 INFO: [ls_stage2] Iter 8: improved move=('multi_item', (np.int64(165), np.int64(20), np.int64(81)), -5) obj=119.0180
2026-07-13 14:47:51 INFO: [ls_stage2] Iter 9: improved move=('item', 115, -8) obj=119.4224
2026-07-13 14:48:47 INFO: [ls_stage2] Iter 10: improved move=('item', 93, -8) obj=119.8348
2026-07-13 14:49:44 INFO: [ls_stage2] Iter 11: improved move=('multi_item', (np.int64(73), np.int64(21), np.int64(14)), -4) obj=120.1392
2026-07-13 14:49:45 WARNING: _rebuild_pod_row: pod 429 cannot reach ws 27 by t=1 from 1154 t=0 — staying put
2026-07-13 14:50:40 INFO: [ls_stage2] Candidate rejected: move=('multi_item', (np.int64(93), np.int64(90), np.int64(56)), -5) obj=120.5799 violations=['EC18']
2026-07-13 14:51:36 INFO: [ls_stage2] Iter 12: improved move=('multi_item', (np.int64(93), np.int64(90)), -5) obj=120.5597
2026-07-13 14:52:32 INFO: [ls_stage2] Iter 13: improved move=('item', 44, -8) obj=120.8841
2026-07-13 14:53:29 INFO: [ls_stage2] Iter 14: improved move=('multi_item', (np.int64(98), np.int64(74), np.int64(93)), -4) obj=121.2696
2026-07-13 14:54:25 INFO: [ls_stage2] Iter 15: improved move=('multi_item', (np.int64(9), np.int64(108), np.int64(146)), -5) obj=121.6062
2026-07-13 14:55:21 INFO: [ls_stage2] Iter 16: improved move=('multi_item', (np.int64(51), np.int64(169), np.int64(81)), -4) obj=122.1248
2026-07-13 14:56:17 INFO: [ls_stage2] Iter 17: improved move=('item', 15, -8) obj=122.5212
2026-07-13 14:57:14 INFO: [ls_stage2] Iter 18: improved move=('multi_item', (np.int64(6), np.int64(151), np.int64(13)), -5) obj=122.8568
2026-07-13 14:58:10 INFO: [ls_stage2] Iter 19: improved move=('item', 15, -8) obj=123.1892
2026-07-13 14:59:06 INFO: [ls_stage2] Iter 20: improved move=('item', 109, -8) obj=123.5376
2026-07-13 15:00:02 INFO: [ls_stage2] Iter 21: improved move=('item', 147, -8) obj=123.8620
2026-07-13 15:00:59 INFO: [ls_stage2] Iter 22: improved move=('item', 71, -8) obj=124.1864
2026-07-13 15:01:55 INFO: [ls_stage2] Iter 23: improved move=('multi_item', (np.int64(166), np.int64(164), np.int64(120)), -4) obj=124.4859
2026-07-13 15:02:51 INFO: [ls_stage2] Iter 24: improved move=('multi_item', (np.int64(76), np.int64(147), np.int64(108)), -5) obj=124.8264
2026-07-13 15:03:47 INFO: [ls_stage2] Iter 25: improved move=('item', 168, -8) obj=125.1108
2026-07-13 15:04:44 INFO: [ls_stage2] Iter 26: improved move=('item', 115, -8) obj=125.4512
2026-07-13 15:05:40 INFO: [ls_stage2] Iter 27: improved move=('multi_item', (np.int64(65), np.int64(28), np.int64(98)), -5) obj=125.8319
2026-07-13 15:05:41 WARNING: _rebuild_pod_row: pod 460 cannot reach ws 27 by t=3 from 1094 t=0 — staying put
2026-07-13 15:06:36 INFO: [ls_stage2] Candidate rejected: move=('multi_item', (np.int64(115), np.int64(57), np.int64(111)), -5) obj=126.1676 violations=['EC18']
2026-07-13 15:07:32 INFO: [ls_stage2] Iter 28: improved move=('item', 169, -8) obj=126.1083
2026-07-13 15:08:29 INFO: [ls_stage2] Iter 29: improved move=('item', 115, -8) obj=126.3847
2026-07-13 15:09:25 INFO: [ls_stage2] Iter 30: improved move=('item', 109, -8) obj=126.6691
2026-07-13 15:10:21 INFO: [ls_stage2] Iter 31: improved move=('multi_item', (np.int64(149), np.int64(77), np.int64(8)), -5) obj=126.9175
2026-07-13 15:11:18 INFO: [ls_stage2] Iter 32: improved move=('item', 81, -8) obj=127.1779
2026-07-13 15:11:19 WARNING: _rebuild_pod_row: pod 250 cannot reach ws 25 by t=3 from 1535 t=0 — staying put
2026-07-13 15:12:14 INFO: [ls_stage2] Candidate rejected: move=('multi_item', (np.int64(94), np.int64(22), np.int64(42)), -5) obj=127.4695 violations=['EC18']
2026-07-13 15:13:10 INFO: [ls_stage2] Iter 33: improved move=('multi_item', (np.int64(136), np.int64(2), np.int64(94)), -5) obj=127.4615
2026-07-13 15:14:06 INFO: [ls_stage2] Iter 34: improved move=('multi_item', (np.int64(79), np.int64(93), np.int64(65)), -5) obj=127.8723
2026-07-13 15:15:03 INFO: [ls_stage2] Iter 35: improved move=('item', 15, -8) obj=128.1407
2026-07-13 15:15:59 INFO: [ls_stage2] Iter 36: improved move=('multi_item', (np.int64(109), np.int64(22), np.int64(98)), -4) obj=128.4553
2026-07-13 15:16:55 INFO: [ls_stage2] Iter 37: improved move=('item', 166, -8) obj=128.7397
2026-07-13 15:17:51 INFO: [ls_stage2] Iter 38: improved move=('multi_item', (np.int64(90), np.int64(135)), -5) obj=129.0631
2026-07-13 15:18:48 INFO: [ls_stage2] Iter 39: improved move=('item', 71, -8) obj=129.3235
2026-07-13 15:19:44 INFO: [ls_stage2] Iter 40: improved move=('item', 106, -8) obj=129.6399
2026-07-13 15:20:41 INFO: [ls_stage2] Iter 41: improved move=('multi_item', (np.int64(144), np.int64(147), np.int64(129)), -5) obj=129.9454
2026-07-13 15:21:37 INFO: [ls_stage2] Iter 42: improved move=('multi_item', (np.int64(1), np.int64(129)), -4) obj=130.2297
2026-07-13 15:22:33 INFO: [ls_stage2] Iter 43: improved move=('multi_item', (np.int64(157), np.int64(73), np.int64(135)), -5) obj=130.5091
2026-07-13 15:23:30 INFO: [ls_stage2] Iter 44: improved move=('multi_item', (np.int64(134), np.int64(40), np.int64(106)), -4) obj=130.9037
2026-07-13 15:24:26 INFO: [ls_stage2] Iter 45: improved move=('multi_item', (np.int64(90), np.int64(106)), -5) obj=131.1942
2026-07-13 15:25:22 INFO: [ls_stage2] Iter 46: improved move=('item', 63, -8) obj=131.4546
2026-07-13 15:26:19 INFO: [ls_stage2] Iter 47: improved move=('item', 14, -8) obj=131.7230
2026-07-13 15:27:15 INFO: [ls_stage2] Iter 48: improved move=('multi_item', (np.int64(129), np.int64(15)), -5) obj=131.9735
2026-07-13 15:28:11 INFO: [ls_stage2] Iter 49: improved move=('multi_item', (np.int64(0), np.int64(107), np.int64(63)), -4) obj=132.2659
2026-07-13 15:29:07 INFO: [ls_stage2] Iter 50: improved move=('multi_item', (np.int64(98), np.int64(1), np.int64(12)), -5) obj=132.5634
2026-07-13 15:30:03 INFO: [ls_stage2] Iter 51: improved move=('multi_item', (np.int64(109), np.int64(150), np.int64(134)), -5) obj=132.8208
2026-07-13 15:30:59 INFO: [ls_stage2] Iter 52: improved move=('item', 10, -8) obj=133.0812
2026-07-13 15:31:55 INFO: [ls_stage2] Iter 53: improved move=('item', 93, -8) obj=133.3176
2026-07-13 15:31:56 WARNING: _rebuild_pod_row: pod 590 cannot reach ws 29 by t=1 from 862 t=0 — staying put
2026-07-13 15:32:52 INFO: [ls_stage2] Candidate rejected: move=('multi_item', (np.int64(168), np.int64(85), np.int64(107)), -5) obj=133.6142 violations=['EC18']
2026-07-13 15:33:48 INFO: [ls_stage2] Iter 54: improved move=('multi_item', (np.int64(15), np.int64(159), np.int64(168)), -5) obj=133.5731
2026-07-13 15:34:44 INFO: [ls_stage2] Iter 55: improved move=('multi_item', (np.int64(96), np.int64(88), np.int64(93)), -4) obj=133.8025
2026-07-13 15:35:40 INFO: [ls_stage2] Iter 56: improved move=('item', 108, -8) obj=134.0229
2026-07-13 15:36:36 INFO: [ls_stage2] Iter 57: improved move=('item', 107, -8) obj=134.2353
2026-07-13 15:37:32 INFO: [ls_stage2] Iter 58: improved move=('item', 125, -8) obj=134.4637
2026-07-13 15:38:28 INFO: [ls_stage2] Iter 59: improved move=('multi_item', (np.int64(10), np.int64(54), np.int64(135)), -5) obj=134.6770
2026-07-13 15:39:23 INFO: [ls_stage2] Iter 60: improved move=('item', 151, -8) obj=134.8894
2026-07-13 15:40:19 INFO: [ls_stage2] Iter 61: improved move=('multi_item', (np.int64(22), np.int64(5), np.int64(107)), -5) obj=135.1319
2026-07-13 15:41:15 INFO: [ls_stage2] Iter 62: improved move=('multi_item', (np.int64(15), np.int64(9), np.int64(13)), -5) obj=135.3384
2026-07-13 15:42:11 INFO: [ls_stage2] Iter 63: improved move=('multi_item', (np.int64(89), np.int64(152), np.int64(106)), -4) obj=135.5919
2026-07-13 15:43:07 INFO: [ls_stage2] Iter 64: improved move=('item', 115, -8) obj=135.8043
2026-07-13 15:44:03 INFO: [ls_stage2] Iter 65: improved move=('multi_item', (np.int64(81), np.int64(14), np.int64(75)), -4) obj=136.0537
2026-07-13 15:44:59 INFO: [ls_stage2] Iter 66: improved move=('item', 166, -8) obj=136.2741
2026-07-13 15:45:55 INFO: [ls_stage2] Iter 67: improved move=('multi_item', (np.int64(105), np.int64(108), np.int64(115)), -5) obj=136.5687
2026-07-13 15:46:50 INFO: [ls_stage2] Iter 68: improved move=('multi_item', (np.int64(159), np.int64(111), np.int64(97)), -4) obj=136.8511
2026-07-13 15:47:46 INFO: [ls_stage2] Iter 69: improved move=('multi_item', (np.int64(122), np.int64(0), np.int64(90)), -2) obj=137.0393
2026-07-13 15:48:43 INFO: [ls_stage2] Iter 70: improved move=('multi_item', (np.int64(106), np.int64(8), np.int64(127)), -4) obj=137.3259
2026-07-13 15:49:39 INFO: [ls_stage2] Iter 71: improved move=('multi_item', (np.int64(60), np.int64(115), np.int64(158)), -4) obj=137.5593
2026-07-13 15:50:34 INFO: [ls_stage2] Iter 72: improved move=('multi_item', (np.int64(146), np.int64(163), np.int64(103)), -5) obj=137.7927
2026-07-13 15:51:30 INFO: [ls_stage2] Iter 73: improved move=('multi_item', (np.int64(81), np.int64(111), np.int64(168)), -5) obj=138.1285
2026-07-13 15:52:26 INFO: [ls_stage2] Iter 74: improved move=('multi_item', (np.int64(160), np.int64(169), np.int64(90)), -5) obj=138.4742
2026-07-13 15:53:22 INFO: [ls_stage2] Iter 75: improved move=('multi_item', (np.int64(7), np.int64(105), np.int64(40)), -5) obj=138.6738
2026-07-13 15:53:23 WARNING: _rebuild_pod_row: pod 232 cannot reach ws 23 by t=8 from 1622 t=0 — staying put
2026-07-13 15:53:23 WARNING: _rebuild_pod_row: pod 232 cannot reach ws 23 by t=13 from 1622 t=9 — staying put
2026-07-13 15:54:18 INFO: [ls_stage2] Candidate rejected: move=('multi_item', (np.int64(68), np.int64(26), np.int64(71)), -5) obj=138.9493 violations=['EC18']
2026-07-13 15:55:14 INFO: [ls_stage2] Iter 76: improved move=('multi_item', (np.int64(26), np.int64(6), np.int64(120)), -4) obj=138.9124
2026-07-13 15:56:10 INFO: [ls_stage2] Iter 77: improved move=('item', 71, -8) obj=139.1088
2026-07-13 15:56:11 WARNING: _rebuild_pod_row: pod 460 cannot reach ws 27 by t=3 from 1094 t=0 — staying put
2026-07-13 15:57:06 INFO: [ls_stage2] Candidate rejected: move=('multi_item', (np.int64(123), np.int64(57), np.int64(169)), -5) obj=139.3196 violations=['EC18']
2026-07-13 15:58:02 INFO: [ls_stage2] Iter 78: improved move=('multi_item', (np.int64(147), np.int64(124), np.int64(12)), -4) obj=139.3143
2026-07-13 15:58:03 WARNING: _rebuild_pod_row: pod 460 cannot reach ws 37 by t=15 from 27 t=14 — staying put
2026-07-13 15:58:58 INFO: [ls_stage2] Candidate rejected: move=('multi_item', (np.int64(71), np.int64(93), np.int64(129)), -5) obj=139.5901 violations=['EC18']
2026-07-13 15:58:59 WARNING: _rebuild_pod_row: pod 460 cannot reach ws 37 by t=15 from 27 t=14 — staying put
2026-07-13 15:59:54 INFO: [ls_stage2] Candidate rejected: move=('multi_item', (np.int64(71), np.int64(93)), -5) obj=139.4998 violations=['EC18']
2026-07-13 16:00:49 INFO: [ls_stage2] Iter 79: improved move=('multi_item', (np.int64(129), np.int64(2)), -5) obj=139.4977
2026-07-13 16:01:45 INFO: [ls_stage2] Iter 80: improved move=('multi_item', (np.int64(123), np.int64(168), np.int64(15)), -5) obj=139.7185
2026-07-13 16:02:41 INFO: [ls_stage2] Iter 81: improved move=('multi_item', (np.int64(103), np.int64(28), np.int64(69)), -4) obj=139.8918
2026-07-13 16:03:37 INFO: [ls_stage2] Iter 82: improved move=('multi_item', (np.int64(21), np.int64(134), np.int64(107)), -4) obj=140.1163
2026-07-13 16:04:33 INFO: [ls_stage2] Iter 83: improved move=('item', 10, -8) obj=140.2727
2026-07-13 16:05:29 INFO: [ls_stage2] Iter 84: improved move=('multi_item', (np.int64(101), np.int64(111), np.int64(168)), -4) obj=140.4602
2026-07-13 16:06:25 INFO: [ls_stage2] Iter 85: improved move=('multi_item', (np.int64(152), np.int64(125), np.int64(44)), -4) obj=140.6566
2026-07-13 16:07:21 INFO: [ls_stage2] Iter 86: improved move=('multi_item', (np.int64(14), np.int64(117), np.int64(131)), -5) obj=140.8842
2026-07-13 16:07:22 WARNING: _rebuild_pod_row: pod 31 cannot reach ws 25 by t=6 from 1957 t=0 — staying put
2026-07-13 16:08:17 INFO: [ls_stage2] Candidate rejected: move=('multi_item', (np.int64(149), np.int64(59), np.int64(27)), -4) obj=141.0566 violations=['EC18']
2026-07-13 16:09:13 INFO: [ls_stage2] Iter 87: improved move=('item', 147, -8) obj=141.0326
2026-07-13 16:10:08 INFO: [ls_stage2] Iter 88: improved move=('multi_item', (np.int64(152), np.int64(74), np.int64(160)), -4) obj=141.2381
2026-07-13 16:11:05 INFO: [ls_stage2] Iter 89: improved move=('multi_item', (np.int64(43), np.int64(156), np.int64(152)), -5) obj=141.4286
2026-07-13 16:12:01 INFO: [ls_stage2] Iter 90: improved move=('multi_item', (np.int64(94), np.int64(88), np.int64(100)), -2) obj=141.5699
2026-07-13 16:12:02 WARNING: _rebuild_pod_row: pod 460 cannot reach ws 37 by t=15 from 27 t=14 — staying put
2026-07-13 16:12:56 INFO: [ls_stage2] Candidate rejected: move=('multi_item', (np.int64(71), np.int64(120), np.int64(154)), -5) obj=141.8135 violations=['EC18']
2026-07-13 16:13:52 INFO: [ls_stage2] Candidate rejected: move=('multi_item', (np.int64(145), np.int64(169), np.int64(107)), -4) obj=141.7605 violations=['EC11']
2026-07-13 16:14:48 INFO: [ls_stage2] Iter 91: improved move=('multi_item', (np.int64(154), np.int64(93)), -5) obj=141.7482
2026-07-13 16:15:43 INFO: [ls_stage2] Iter 92: improved move=('item', 20, -8) obj=141.8966
2026-07-13 16:16:40 INFO: [ls_stage2] Iter 93: improved move=('multi_item', (np.int64(168), np.int64(55), np.int64(27)), -4) obj=142.1081
2026-07-13 16:16:41 WARNING: _rebuild_pod_row: pod 306 cannot reach ws 23 by t=1 from 1401 t=0 — staying put
2026-07-13 16:16:41 WARNING: _rebuild_pod_row: pod 234 cannot reach ws 29 by t=8 from 1626 t=0 — staying put
2026-07-13 16:16:41 WARNING: _rebuild_pod_row: pod 234 cannot reach ws 29 by t=14 from 1626 t=9 — staying put
2026-07-13 16:17:35 INFO: [ls_stage2] Candidate rejected: move=('multi_item', (np.int64(136), np.int64(107), np.int64(169)), -5) obj=142.2989 violations=['EC18']
2026-07-13 16:18:31 INFO: [ls_stage2] Iter 94: improved move=('multi_item', (np.int64(169), np.int64(44)), -5) obj=142.2865
2026-07-13 16:19:27 INFO: [ls_stage2] Iter 95: improved move=('multi_item', (np.int64(10), np.int64(166), np.int64(153)), -5) obj=142.4922
2026-07-13 16:20:22 INFO: [ls_stage2] Iter 96: improved move=('multi_item', (np.int64(100), np.int64(94), np.int64(108)), -5) obj=142.6677
2026-07-13 16:21:17 INFO: [ls_stage2] Iter 97: improved move=('multi_item', (np.int64(158), np.int64(169), np.int64(65)), -5) obj=142.8532
2026-07-13 16:22:13 INFO: [ls_stage2] Iter 98: improved move=('item', 157, -8) obj=143.1685
2026-07-13 16:23:09 INFO: [ls_stage2] Iter 99: improved move=('multi_item', (np.int64(125), np.int64(140), np.int64(20)), -5) obj=143.3190
2026-07-13 16:24:04 INFO: [ls_stage2] Iter 100: improved move=('multi_item', (np.int64(129), np.int64(106), np.int64(38)), -4) obj=143.4945
2026-07-13 16:24:04 INFO: Stage 2 solved.
2026-07-13 16:24:41 DEBUG: Order 78 will be opened at workstation 0. [opened orders = 0 / 4]
2026-07-13 16:24:41 DEBUG: Order 34 will be opened at workstation 0. [opened orders = 0 / 4]
2026-07-13 16:24:41 DEBUG: Order 81 will be opened at workstation 0. [opened orders = 0 / 4]
2026-07-13 16:24:41 DEBUG: Order 64 will be opened at workstation 0. [opened orders = 0 / 4]
2026-07-13 16:24:41 DEBUG: Order 44 queued at workstation 0. [order_queue len = 1]
2026-07-13 16:24:41 DEBUG: Order 42 queued at workstation 0. [order_queue len = 2]
2026-07-13 16:24:41 DEBUG: Order 46 queued at workstation 0. [order_queue len = 3]
2026-07-13 16:24:41 DEBUG: Order 93 queued at workstation 0. [order_queue len = 4]
2026-07-13 16:24:41 DEBUG: Order 63 queued at workstation 0. [order_queue len = 5]
2026-07-13 16:24:41 DEBUG: Order 36 queued at workstation 0. [order_queue len = 6]
2026-07-13 16:24:41 DEBUG: Order 14 queued at workstation 0. [order_queue len = 7]
2026-07-13 16:24:41 DEBUG: Order 94 queued at workstation 0. [order_queue len = 8]
2026-07-13 16:24:41 DEBUG: Order 67 queued at workstation 0. [order_queue len = 9]
2026-07-13 16:24:41 DEBUG: Order 41 queued at workstation 0. [order_queue len = 10]
2026-07-13 16:24:41 DEBUG: Order 20 queued at workstation 0. [order_queue len = 11]
2026-07-13 16:24:41 DEBUG: Order 74 will be opened at workstation 1. [opened orders = 0 / 4]
2026-07-13 16:24:41 DEBUG: Order 90 will be opened at workstation 1. [opened orders = 0 / 4]
2026-07-13 16:24:41 DEBUG: Order 23 will be opened at workstation 1. [opened orders = 0 / 4]
2026-07-13 16:24:41 DEBUG: Order 89 will be opened at workstation 1. [opened orders = 0 / 4]
2026-07-13 16:24:41 DEBUG: Order 76 queued at workstation 1. [order_queue len = 1]
2026-07-13 16:24:41 DEBUG: Order 84 queued at workstation 1. [order_queue len = 2]
2026-07-13 16:24:41 DEBUG: Order 97 queued at workstation 1. [order_queue len = 3]
2026-07-13 16:24:41 DEBUG: Order 3 queued at workstation 1. [order_queue len = 4]
2026-07-13 16:24:41 DEBUG: Order 2 queued at workstation 1. [order_queue len = 5]
2026-07-13 16:24:41 DEBUG: Order 87 queued at workstation 1. [order_queue len = 6]
2026-07-13 16:24:41 DEBUG: Order 85 queued at workstation 1. [order_queue len = 7]
2026-07-13 16:24:41 DEBUG: Order 22 queued at workstation 1. [order_queue len = 8]
2026-07-13 16:24:41 DEBUG: Order 32 queued at workstation 1. [order_queue len = 9]
2026-07-13 16:24:41 DEBUG: Order 79 queued at workstation 1. [order_queue len = 10]
2026-07-13 16:24:41 DEBUG: Order 11 queued at workstation 1. [order_queue len = 11]
2026-07-13 16:24:41 DEBUG: Order 61 will be opened at workstation 2. [opened orders = 0 / 4]
2026-07-13 16:24:41 DEBUG: Order 25 will be opened at workstation 2. [opened orders = 0 / 4]
2026-07-13 16:24:41 DEBUG: Order 66 will be opened at workstation 2. [opened orders = 0 / 4]
2026-07-13 16:24:41 DEBUG: Order 29 will be opened at workstation 2. [opened orders = 0 / 4]
2026-07-13 16:24:41 DEBUG: Order 30 queued at workstation 2. [order_queue len = 1]
2026-07-13 16:24:41 DEBUG: Order 72 queued at workstation 2. [order_queue len = 2]
2026-07-13 16:24:41 DEBUG: Order 54 queued at workstation 2. [order_queue len = 3]
2026-07-13 16:24:41 DEBUG: Order 6 queued at workstation 2. [order_queue len = 4]
2026-07-13 16:24:41 DEBUG: Order 71 queued at workstation 2. [order_queue len = 5]
2026-07-13 16:24:41 DEBUG: Order 82 queued at workstation 2. [order_queue len = 6]
2026-07-13 16:24:41 DEBUG: Order 45 will be opened at workstation 3. [opened orders = 0 / 4]
2026-07-13 16:24:41 DEBUG: Order 75 will be opened at workstation 3. [opened orders = 0 / 4]
2026-07-13 16:24:41 DEBUG: Order 68 will be opened at workstation 3. [opened orders = 0 / 4]
2026-07-13 16:24:41 DEBUG: Order 62 will be opened at workstation 3. [opened orders = 0 / 4]
2026-07-13 16:24:41 DEBUG: Order 31 queued at workstation 3. [order_queue len = 1]
2026-07-13 16:24:41 DEBUG: Order 51 queued at workstation 3. [order_queue len = 2]
2026-07-13 16:24:41 DEBUG: Order 58 queued at workstation 3. [order_queue len = 3]
2026-07-13 16:24:41 DEBUG: Order 16 queued at workstation 3. [order_queue len = 4]
2026-07-13 16:24:41 DEBUG: Order 19 queued at workstation 3. [order_queue len = 5]
2026-07-13 16:24:41 DEBUG: Order 49 queued at workstation 3. [order_queue len = 6]
2026-07-13 16:24:41 DEBUG: Order 37 will be opened at workstation 4. [opened orders = 0 / 4]
2026-07-13 16:24:41 DEBUG: Order 69 will be opened at workstation 4. [opened orders = 0 / 4]
2026-07-13 16:24:41 DEBUG: Order 12 will be opened at workstation 4. [opened orders = 0 / 4]
2026-07-13 16:24:41 DEBUG: Order 7 will be opened at workstation 4. [opened orders = 0 / 4]
2026-07-13 16:24:41 DEBUG: Order 13 queued at workstation 4. [order_queue len = 1]
2026-07-13 16:24:41 DEBUG: Order 15 queued at workstation 4. [order_queue len = 2]
2026-07-13 16:24:41 DEBUG: Order 70 queued at workstation 4. [order_queue len = 3]
2026-07-13 16:24:41 DEBUG: Order 28 queued at workstation 4. [order_queue len = 4]
2026-07-13 16:24:41 DEBUG: Order 35 will be opened at workstation 5. [opened orders = 0 / 4]
2026-07-13 16:24:41 DEBUG: Order 17 will be opened at workstation 5. [opened orders = 0 / 4]
2026-07-13 16:24:41 DEBUG: Order 26 will be opened at workstation 5. [opened orders = 0 / 4]
2026-07-13 16:24:41 DEBUG: Order 77 will be opened at workstation 5. [opened orders = 0 / 4]
2026-07-13 16:24:41 DEBUG: Order 1 queued at workstation 5. [order_queue len = 1]
2026-07-13 16:24:41 DEBUG: Order 73 queued at workstation 5. [order_queue len = 2]
2026-07-13 16:24:41 DEBUG: Order 88 queued at workstation 5. [order_queue len = 3]
2026-07-13 16:24:41 DEBUG: Order 33 queued at workstation 5. [order_queue len = 4]
2026-07-13 16:24:41 DEBUG: Order 95 queued at workstation 5. [order_queue len = 5]
2026-07-13 16:24:41 DEBUG: Order 53 will be opened at workstation 6. [opened orders = 0 / 4]
2026-07-13 16:24:41 DEBUG: Order 48 will be opened at workstation 6. [opened orders = 0 / 4]
2026-07-13 16:24:41 DEBUG: Order 40 will be opened at workstation 6. [opened orders = 0 / 4]
2026-07-13 16:24:41 DEBUG: Order 55 will be opened at workstation 6. [opened orders = 0 / 4]
2026-07-13 16:24:41 DEBUG: Order 39 queued at workstation 6. [order_queue len = 1]
2026-07-13 16:24:41 DEBUG: Order 47 queued at workstation 6. [order_queue len = 2]
2026-07-13 16:24:41 DEBUG: Order 83 queued at workstation 6. [order_queue len = 3]
2026-07-13 16:24:41 DEBUG: Order 91 queued at workstation 6. [order_queue len = 4]
2026-07-13 16:24:41 DEBUG: Order 38 will be opened at workstation 7. [opened orders = 0 / 4]
2026-07-13 16:24:41 DEBUG: Order 24 will be opened at workstation 7. [opened orders = 0 / 4]
2026-07-13 16:24:41 DEBUG: Order 57 will be opened at workstation 7. [opened orders = 0 / 4]
2026-07-13 16:24:41 DEBUG: Order 56 will be opened at workstation 7. [opened orders = 0 / 4]
2026-07-13 16:24:41 DEBUG: Order 18 queued at workstation 7. [order_queue len = 1]
2026-07-13 16:24:41 DEBUG: Order 10 queued at workstation 7. [order_queue len = 2]
2026-07-13 16:24:41 DEBUG: Order 27 queued at workstation 7. [order_queue len = 3]
2026-07-13 16:24:41 DEBUG: Order 21 queued at workstation 7. [order_queue len = 4]
2026-07-13 16:24:41 DEBUG: Order 98 will be opened at workstation 8. [opened orders = 0 / 4]
2026-07-13 16:24:41 DEBUG: Order 9 will be opened at workstation 8. [opened orders = 0 / 4]
2026-07-13 16:24:41 DEBUG: Order 5 will be opened at workstation 8. [opened orders = 0 / 4]
2026-07-13 16:24:41 DEBUG: Order 65 will be opened at workstation 8. [opened orders = 0 / 4]
2026-07-13 16:24:41 DEBUG: Order 59 queued at workstation 8. [order_queue len = 1]
2026-07-13 16:24:41 DEBUG: Order 86 queued at workstation 8. [order_queue len = 2]
2026-07-13 16:24:41 DEBUG: Order 99 queued at workstation 8. [order_queue len = 3]
2026-07-13 16:24:41 DEBUG: Order 50 queued at workstation 8. [order_queue len = 4]
2026-07-13 16:24:41 DEBUG: Order 96 queued at workstation 8. [order_queue len = 5]
2026-07-13 16:24:41 DEBUG: Order 43 queued at workstation 8. [order_queue len = 6]
2026-07-13 16:24:41 DEBUG: Order 8 queued at workstation 8. [order_queue len = 7]
2026-07-13 16:24:41 DEBUG: Order 60 queued at workstation 8. [order_queue len = 8]
2026-07-13 16:24:41 DEBUG: Order 80 queued at workstation 8. [order_queue len = 9]
2026-07-13 16:24:41 DEBUG: Order 4 queued at workstation 8. [order_queue len = 10]
2026-07-13 16:24:41 DEBUG: Order 92 queued at workstation 8. [order_queue len = 11]
2026-07-13 16:24:41 DEBUG: Order 0 queued at workstation 8. [order_queue len = 12]
2026-07-13 16:24:41 DEBUG: Order 52 queued at workstation 8. [order_queue len = 13]
2026-07-13 16:24:41 WARNING: Task designing ended. Optimizer designed 152 tasks.
2026-07-13 16:24:41 DEBUG:    EVENT NUM 3     current_time = 00:00:01   RELEASE_TASK          [queue size = 189]
2026-07-13 16:24:41 DEBUG: Task 0 released: pod 886 required by workstation(s) [5].  [released tasks = 1]
2026-07-13 16:24:41 DEBUG:    EVENT NUM 4     current_time = 00:00:01   OPEN_ORDER            [queue size = 189]
2026-07-13 16:24:41 DEBUG: Order 78 (skus required = {7712}) opened at workstation 0.   [open_orders = 1/4]
2026-07-13 16:24:41 DEBUG:    EVENT NUM 5     current_time = 00:00:01   OPEN_ORDER            [queue size = 189]
2026-07-13 16:24:41 DEBUG: Order 34 (skus required = {9036}) opened at workstation 0.   [open_orders = 2/4]
2026-07-13 16:24:41 DEBUG:    EVENT NUM 6     current_time = 00:00:01   OPEN_ORDER            [queue size = 189]
2026-07-13 16:24:41 DEBUG: Order 81 (skus required = {514}) opened at workstation 0.   [open_orders = 3/4]
2026-07-13 16:24:41 DEBUG:    EVENT NUM 7     current_time = 00:00:01   OPEN_ORDER            [queue size = 189]
2026-07-13 16:24:41 DEBUG: Order 64 (skus required = {5251}) opened at workstation 0.   [open_orders = 4/4]
2026-07-13 16:24:41 DEBUG:    EVENT NUM 8     current_time = 00:00:01   OPEN_ORDER            [queue size = 189]
2026-07-13 16:24:41 DEBUG: Order 74 (skus required = {6023}) opened at workstation 1.   [open_orders = 1/4]
2026-07-13 16:24:41 DEBUG:    EVENT NUM 9     current_time = 00:00:01   OPEN_ORDER            [queue size = 189]
2026-07-13 16:24:41 DEBUG: Order 90 (skus required = {3611}) opened at workstation 1.   [open_orders = 2/4]
2026-07-13 16:24:41 DEBUG:    EVENT NUM 10    current_time = 00:00:01   OPEN_ORDER            [queue size = 189]
2026-07-13 16:24:41 DEBUG: Order 23 (skus required = {5496, 10098}) opened at workstation 1.   [open_orders = 3/4]
2026-07-13 16:24:41 DEBUG:    EVENT NUM 11    current_time = 00:00:01   OPEN_ORDER            [queue size = 189]
2026-07-13 16:24:41 DEBUG: Order 89 (skus required = {4825}) opened at workstation 1.   [open_orders = 4/4]
2026-07-13 16:24:41 DEBUG:    EVENT NUM 12    current_time = 00:00:01   OPEN_ORDER            [queue size = 189]
2026-07-13 16:24:41 DEBUG: Order 61 (skus required = {7484}) opened at workstation 2.   [open_orders = 1/4]
2026-07-13 16:24:41 DEBUG:    EVENT NUM 13    current_time = 00:00:01   OPEN_ORDER            [queue size = 189]
2026-07-13 16:24:41 DEBUG: Order 25 (skus required = {2052, 7978, 12204, 7156, 8090}) opened at workstation 2.   [open_orders = 2/4]
2026-07-13 16:24:41 DEBUG:    EVENT NUM 14    current_time = 00:00:01   OPEN_ORDER            [queue size = 189]
2026-07-13 16:24:41 DEBUG: Order 66 (skus required = {6190}) opened at workstation 2.   [open_orders = 3/4]
2026-07-13 16:24:41 DEBUG:    EVENT NUM 15    current_time = 00:00:01   OPEN_ORDER            [queue size = 189]
2026-07-13 16:24:41 DEBUG: Order 29 (skus required = {6597}) opened at workstation 2.   [open_orders = 4/4]
2026-07-13 16:24:41 DEBUG:    EVENT NUM 16    current_time = 00:00:01   OPEN_ORDER            [queue size = 189]
2026-07-13 16:24:41 DEBUG: Order 45 (skus required = {3794, 10565}) opened at workstation 3.   [open_orders = 1/4]
2026-07-13 16:24:41 DEBUG:    EVENT NUM 17    current_time = 00:00:01   OPEN_ORDER            [queue size = 189]
2026-07-13 16:24:41 DEBUG: Order 75 (skus required = {6519}) opened at workstation 3.   [open_orders = 2/4]
2026-07-13 16:24:41 DEBUG:    EVENT NUM 18    current_time = 00:00:01   OPEN_ORDER            [queue size = 189]
2026-07-13 16:24:41 DEBUG: Order 68 (skus required = {7970}) opened at workstation 3.   [open_orders = 3/4]
2026-07-13 16:24:41 DEBUG:    EVENT NUM 19    current_time = 00:00:01   OPEN_ORDER            [queue size = 189]
2026-07-13 16:24:41 DEBUG: Order 62 (skus required = {2948, 5255}) opened at workstation 3.   [open_orders = 4/4]
2026-07-13 16:24:41 DEBUG:    EVENT NUM 20    current_time = 00:00:01   OPEN_ORDER            [queue size = 189]
2026-07-13 16:24:41 DEBUG: Order 37 (skus required = {11300}) opened at workstation 4.   [open_orders = 1/4]
2026-07-13 16:24:41 DEBUG:    EVENT NUM 21    current_time = 00:00:01   OPEN_ORDER            [queue size = 189]
2026-07-13 16:24:41 DEBUG: Order 69 (skus required = {3615, 2935}) opened at workstation 4.   [open_orders = 2/4]
2026-07-13 16:24:41 DEBUG:    EVENT NUM 22    current_time = 00:00:01   OPEN_ORDER            [queue size = 189]
2026-07-13 16:24:41 DEBUG: Order 12 (skus required = {4361}) opened at workstation 4.   [open_orders = 3/4]
2026-07-13 16:24:41 DEBUG:    EVENT NUM 23    current_time = 00:00:01   OPEN_ORDER            [queue size = 189]
2026-07-13 16:24:41 DEBUG: Order 7 (skus required = {2281, 4951}) opened at workstation 4.   [open_orders = 4/4]
2026-07-13 16:24:41 DEBUG:    EVENT NUM 24    current_time = 00:00:01   OPEN_ORDER            [queue size = 189]
2026-07-13 16:24:41 DEBUG: Order 35 (skus required = {8416, 970, 4031}) opened at workstation 5.   [open_orders = 1/4]
2026-07-13 16:24:41 DEBUG:    EVENT NUM 25    current_time = 00:00:01   OPEN_ORDER            [queue size = 189]
2026-07-13 16:24:41 DEBUG: Order 17 (skus required = {2342}) opened at workstation 5.   [open_orders = 2/4]
2026-07-13 16:24:41 DEBUG:    EVENT NUM 26    current_time = 00:00:01   OPEN_ORDER            [queue size = 189]
2026-07-13 16:24:41 DEBUG: Order 26 (skus required = {8997}) opened at workstation 5.   [open_orders = 3/4]
2026-07-13 16:24:41 DEBUG:    EVENT NUM 27    current_time = 00:00:01   OPEN_ORDER            [queue size = 189]
2026-07-13 16:24:41 DEBUG: Order 77 (skus required = {5187}) opened at workstation 5.   [open_orders = 4/4]
2026-07-13 16:24:41 DEBUG:    EVENT NUM 28    current_time = 00:00:01   OPEN_ORDER            [queue size = 189]
2026-07-13 16:24:41 DEBUG: Order 53 (skus required = {10931}) opened at workstation 6.   [open_orders = 1/4]
2026-07-13 16:24:41 DEBUG:    EVENT NUM 29    current_time = 00:00:01   OPEN_ORDER            [queue size = 189]
2026-07-13 16:24:41 DEBUG: Order 48 (skus required = {10263}) opened at workstation 6.   [open_orders = 2/4]
2026-07-13 16:24:41 DEBUG:    EVENT NUM 30    current_time = 00:00:01   OPEN_ORDER            [queue size = 189]
2026-07-13 16:24:41 DEBUG: Order 40 (skus required = {2920, 2882}) opened at workstation 6.   [open_orders = 3/4]
2026-07-13 16:24:41 DEBUG:    EVENT NUM 31    current_time = 00:00:01   OPEN_ORDER            [queue size = 189]
2026-07-13 16:24:41 DEBUG: Order 55 (skus required = {868, 10302}) opened at workstation 6.   [open_orders = 4/4]
2026-07-13 16:24:41 DEBUG:    EVENT NUM 32    current_time = 00:00:01   OPEN_ORDER            [queue size = 189]
2026-07-13 16:24:41 DEBUG: Order 38 (skus required = {5920}) opened at workstation 7.   [open_orders = 1/4]
2026-07-13 16:24:41 DEBUG:    EVENT NUM 33    current_time = 00:00:01   OPEN_ORDER            [queue size = 189]
2026-07-13 16:24:41 DEBUG: Order 24 (skus required = {2760, 1865}) opened at workstation 7.   [open_orders = 2/4]
2026-07-13 16:24:41 DEBUG:    EVENT NUM 34    current_time = 00:00:01   OPEN_ORDER            [queue size = 189]
2026-07-13 16:24:41 DEBUG: Order 57 (skus required = {5782}) opened at workstation 7.   [open_orders = 3/4]
2026-07-13 16:24:41 DEBUG:    EVENT NUM 35    current_time = 00:00:01   OPEN_ORDER            [queue size = 189]
2026-07-13 16:24:41 DEBUG: Order 56 (skus required = {8121, 12501, 9687}) opened at workstation 7.   [open_orders = 4/4]
2026-07-13 16:24:41 DEBUG:    EVENT NUM 36    current_time = 00:00:01   OPEN_ORDER            [queue size = 189]
2026-07-13 16:24:41 DEBUG: Order 98 (skus required = {4949}) opened at workstation 8.   [open_orders = 1/4]
2026-07-13 16:24:41 DEBUG:    EVENT NUM 37    current_time = 00:00:01   OPEN_ORDER            [queue size = 189]
2026-07-13 16:24:41 DEBUG: Order 9 (skus required = {12759}) opened at workstation 8.   [open_orders = 2/4]
2026-07-13 16:24:41 DEBUG:    EVENT NUM 38    current_time = 00:00:01   OPEN_ORDER            [queue size = 189]
2026-07-13 16:24:41 DEBUG: Order 5 (skus required = {12200}) opened at workstation 8.   [open_orders = 3/4]
2026-07-13 16:24:41 DEBUG:    EVENT NUM 39    current_time = 00:00:01   OPEN_ORDER            [queue size = 189]
2026-07-13 16:24:41 DEBUG: Order 65 (skus required = {5316}) opened at workstation 8.   [open_orders = 4/4]
2026-07-13 16:24:41 DEBUG:    EVENT NUM 40    current_time = 00:00:01   START_TASK            [queue size = 189]
2026-07-13 16:24:41 DEBUG: Task 0 started: robot 13 → pod 886 → workstation 5 for orders {35} (arrival = 16.3 s).   [idle robots = 39/40]
2026-07-13 16:24:41 DEBUG:    EVENT NUM 41    current_time = 00:00:01   START_TASK            [queue size = 189]
2026-07-13 16:24:41 DEBUG:    EVENT NUM 42    current_time = 00:00:01   START_TASK            [queue size = 188]
2026-07-13 16:24:41 DEBUG:    EVENT NUM 43    current_time = 00:00:01   START_TASK            [queue size = 187]
2026-07-13 16:24:41 DEBUG:    EVENT NUM 44    current_time = 00:00:01   START_TASK            [queue size = 186]
2026-07-13 16:24:41 DEBUG:    EVENT NUM 45    current_time = 00:00:01   START_TASK            [queue size = 185]
2026-07-13 16:24:41 DEBUG:    EVENT NUM 46    current_time = 00:00:01   START_TASK            [queue size = 184]
2026-07-13 16:24:41 DEBUG:    EVENT NUM 47    current_time = 00:00:01   START_TASK            [queue size = 183]
2026-07-13 16:24:41 DEBUG:    EVENT NUM 48    current_time = 00:00:01   START_TASK            [queue size = 182]
2026-07-13 16:24:41 DEBUG:    EVENT NUM 49    current_time = 00:00:01   START_TASK            [queue size = 181]
2026-07-13 16:24:41 DEBUG:    EVENT NUM 50    current_time = 00:00:01   START_TASK            [queue size = 180]
2026-07-13 16:24:41 DEBUG:    EVENT NUM 51    current_time = 00:00:01   START_TASK            [queue size = 179]
2026-07-13 16:24:41 DEBUG:    EVENT NUM 52    current_time = 00:00:01   START_TASK            [queue size = 178]
2026-07-13 16:24:41 DEBUG:    EVENT NUM 53    current_time = 00:00:01   START_TASK            [queue size = 177]
2026-07-13 16:24:41 DEBUG:    EVENT NUM 54    current_time = 00:00:01   START_TASK            [queue size = 176]
2026-07-13 16:24:41 DEBUG:    EVENT NUM 55    current_time = 00:00:01   START_TASK            [queue size = 175]
2026-07-13 16:24:41 DEBUG:    EVENT NUM 56    current_time = 00:00:01   START_TASK            [queue size = 174]
2026-07-13 16:24:41 DEBUG:    EVENT NUM 57    current_time = 00:00:01   START_TASK            [queue size = 173]
2026-07-13 16:24:41 DEBUG:    EVENT NUM 58    current_time = 00:00:01   START_TASK            [queue size = 172]
2026-07-13 16:24:41 DEBUG:    EVENT NUM 59    current_time = 00:00:01   START_TASK            [queue size = 171]
2026-07-13 16:24:41 DEBUG:    EVENT NUM 60    current_time = 00:00:01   START_TASK            [queue size = 170]
2026-07-13 16:24:41 DEBUG:    EVENT NUM 61    current_time = 00:00:01   START_TASK            [queue size = 169]
2026-07-13 16:24:41 DEBUG:    EVENT NUM 62    current_time = 00:00:01   START_TASK            [queue size = 168]
2026-07-13 16:24:41 DEBUG:    EVENT NUM 63    current_time = 00:00:01   START_TASK            [queue size = 167]
2026-07-13 16:24:41 DEBUG:    EVENT NUM 64    current_time = 00:00:01   START_TASK            [queue size = 166]
2026-07-13 16:24:41 DEBUG:    EVENT NUM 65    current_time = 00:00:01   START_TASK            [queue size = 165]
2026-07-13 16:24:41 DEBUG:    EVENT NUM 66    current_time = 00:00:01   START_TASK            [queue size = 164]
2026-07-13 16:24:41 DEBUG:    EVENT NUM 67    current_time = 00:00:01   START_TASK            [queue size = 163]
2026-07-13 16:24:41 DEBUG:    EVENT NUM 68    current_time = 00:00:01   START_TASK            [queue size = 162]
2026-07-13 16:24:41 DEBUG:    EVENT NUM 69    current_time = 00:00:01   START_TASK            [queue size = 161]
2026-07-13 16:24:41 DEBUG:    EVENT NUM 70    current_time = 00:00:01   START_TASK            [queue size = 160]
2026-07-13 16:24:41 DEBUG:    EVENT NUM 71    current_time = 00:00:01   START_TASK            [queue size = 159]
2026-07-13 16:24:41 DEBUG:    EVENT NUM 72    current_time = 00:00:01   START_TASK            [queue size = 158]
2026-07-13 16:24:41 DEBUG:    EVENT NUM 73    current_time = 00:00:01   START_TASK            [queue size = 157]
2026-07-13 16:24:41 DEBUG:    EVENT NUM 74    current_time = 00:00:01   START_TASK            [queue size = 156]
2026-07-13 16:24:41 DEBUG:    EVENT NUM 75    current_time = 00:00:01   START_TASK            [queue size = 155]
2026-07-13 16:24:41 DEBUG:    EVENT NUM 76    current_time = 00:00:01   START_TASK            [queue size = 154]
2026-07-13 16:24:41 DEBUG:    EVENT NUM 77    current_time = 00:00:02   RELEASE_TASK          [queue size = 153]
2026-07-13 16:24:41 DEBUG: Task 1 released: pod 885 required by workstation(s) [4].  [released tasks = 1]
2026-07-13 16:24:41 DEBUG:    EVENT NUM 78    current_time = 00:00:02   START_TASK            [queue size = 153]
2026-07-13 16:24:41 DEBUG: Task 1 started: robot 16 → pod 885 → workstation 4 for orders {37} (arrival = 15.1 s).   [idle robots = 38/40]
2026-07-13 16:24:41 DEBUG:    EVENT NUM 79    current_time = 00:00:04   RELEASE_TASK          [queue size = 153]
2026-07-13 16:24:41 DEBUG: Task 2 released: pod 793 required by workstation(s) [5].  [released tasks = 1]
2026-07-13 16:24:41 DEBUG:    EVENT NUM 80    current_time = 00:00:04   START_TASK            [queue size = 153]
2026-07-13 16:24:41 DEBUG: Task 2 started: robot 35 → pod 793 → workstation 5 for orders {17} (arrival = 41.2 s).   [idle robots = 37/40]
2026-07-13 16:24:41 DEBUG:    EVENT NUM 81    current_time = 00:00:05   ARRIVAL_ORDER         [queue size = 153]
2026-07-13 16:24:41 DEBUG: Order 100 arrived: items_required = [5662, 7219, 7132].     [orders_in_system = 101]
2026-07-13 16:24:41 DEBUG:    EVENT NUM 82    current_time = 00:00:06   RELEASE_TASK          [queue size = 153]
2026-07-13 16:24:41 DEBUG: Task 3 released: pod 878 required by workstation(s) [2].  [released tasks = 1]
2026-07-13 16:24:41 DEBUG:    EVENT NUM 83    current_time = 00:00:06   START_TASK            [queue size = 153]
2026-07-13 16:24:41 DEBUG: Task 3 started: robot 33 → pod 878 → workstation 2 for orders {61} (arrival = 39.6 s).   [idle robots = 36/40]
2026-07-13 16:24:41 DEBUG:    EVENT NUM 84    current_time = 00:00:08   RELEASE_TASK          [queue size = 153]
2026-07-13 16:24:41 DEBUG: Task 4 released: pod 520 required by workstation(s) [1].  [released tasks = 1]
2026-07-13 16:24:41 DEBUG:    EVENT NUM 85    current_time = 00:00:08   START_TASK            [queue size = 153]
2026-07-13 16:24:41 DEBUG: Task 4 started: robot 38 → pod 520 → workstation 1 for orders {74, 90} (arrival = 60.5 s).   [idle robots = 35/40]
2026-07-13 16:24:41 DEBUG:    EVENT NUM 86    current_time = 00:00:10   ARRIVAL_ORDER         [queue size = 153]
2026-07-13 16:24:41 DEBUG: Order 101 arrived: items_required = [4673, 10743].     [orders_in_system = 102]
2026-07-13 16:24:41 DEBUG:    EVENT NUM 87    current_time = 00:00:10   RELEASE_TASK          [queue size = 153]
2026-07-13 16:24:41 DEBUG: Task 5 released: pod 551 required by workstation(s) [2].  [released tasks = 1]
2026-07-13 16:24:41 DEBUG:    EVENT NUM 88    current_time = 00:00:10   START_TASK            [queue size = 153]
2026-07-13 16:24:41 DEBUG: Task 5 started: robot 4 → pod 551 → workstation 2 for orders {25} (arrival = 64.8 s).   [idle robots = 34/40]
2026-07-13 16:24:41 DEBUG:    EVENT NUM 89    current_time = 00:00:12   RELEASE_TASK          [queue size = 153]
2026-07-13 16:24:41 DEBUG: Task 6 released: pod 759 required by workstation(s) [3].  [released tasks = 1]
2026-07-13 16:24:41 DEBUG:    EVENT NUM 90    current_time = 00:00:12   START_TASK            [queue size = 153]
2026-07-13 16:24:41 DEBUG: Task 6 started: robot 12 → pod 759 → workstation 3 for orders {45} (arrival = 63.0 s).   [idle robots = 33/40]
2026-07-13 16:24:41 DEBUG:    EVENT NUM 91    current_time = 00:00:14   RELEASE_TASK          [queue size = 153]
2026-07-13 16:24:41 DEBUG: Task 7 released: pod 524 required by workstation(s) [4].  [released tasks = 1]
2026-07-13 16:24:41 DEBUG:    EVENT NUM 92    current_time = 00:00:14   START_TASK            [queue size = 153]
2026-07-13 16:24:41 DEBUG: Task 7 started: robot 31 → pod 524 → workstation 4 for orders {69} (arrival = 65.0 s).   [idle robots = 32/40]
2026-07-13 16:24:41 DEBUG:    EVENT NUM 93    current_time = 00:00:15   ARRIVAL_ORDER         [queue size = 153]
2026-07-13 16:24:41 DEBUG: Order 102 arrived: items_required = [8329].     [orders_in_system = 103]
2026-07-13 16:24:41 DEBUG:    EVENT NUM 94    current_time = 00:00:15   ARRIVAL_POD_WST       [queue size = 153]
2026-07-13 16:24:41 DEBUG: Pod 885 arrived at workstation 4 - status = IDLE
2026-07-13 16:24:41 DEBUG: Pod queued at workstation.    [picking_buffer = {1: 15.109125328185648}]
2026-07-13 16:24:41 DEBUG:    EVENT NUM 95    current_time = 00:00:15   START_PICKING         [queue size = 153]
2026-07-13 16:24:41 DEBUG: Processing task 1 at workstation 4: picking items {11300} for orders {37}
2026-07-13 16:24:41 DEBUG:    EVENT NUM 96    current_time = 00:00:16   ARRIVAL_POD_WST       [queue size = 153]
2026-07-13 16:24:41 DEBUG: Pod 886 arrived at workstation 5 - status = IDLE
2026-07-13 16:24:41 DEBUG: Pod queued at workstation.    [picking_buffer = {0: 16.28197152547749}]
2026-07-13 16:24:41 DEBUG:    EVENT NUM 97    current_time = 00:00:16   START_PICKING         [queue size = 153]
2026-07-13 16:24:41 DEBUG: Processing task 0 at workstation 5: picking items {4031} for orders {35}
2026-07-13 16:24:41 DEBUG:    EVENT NUM 98    current_time = 00:00:16   RELEASE_TASK          [queue size = 153]
2026-07-13 16:24:41 DEBUG: Task 8 released: pod 787 required by workstation(s) [0].  [released tasks = 1]
2026-07-13 16:24:41 DEBUG:    EVENT NUM 99    current_time = 00:00:16   START_TASK            [queue size = 153]
2026-07-13 16:24:41 DEBUG: Task 8 started: robot 18 → pod 787 → workstation 0 for orders {78} (arrival = 64.3 s).   [idle robots = 31/40]
2026-07-13 16:24:41 DEBUG:    EVENT NUM 100   current_time = 00:00:18   RELEASE_TASK          [queue size = 153]
2026-07-13 16:24:41 DEBUG: Task 9 released: pod 734 required by workstation(s) [5, 5].  [released tasks = 1]
2026-07-13 16:24:41 DEBUG:    EVENT NUM 101   current_time = 00:00:18   START_TASK            [queue size = 153]
2026-07-13 16:24:41 DEBUG: Task 9 started: robot 6 → pod 734 → workstation 5 for orders {26} (arrival = 49.9 s).   [idle robots = 30/40]
2026-07-13 16:24:41 DEBUG:    EVENT NUM 102   current_time = 00:00:20   ARRIVAL_ORDER         [queue size = 153]
2026-07-13 16:24:41 DEBUG: Order 103 arrived: items_required = [2034, 12185, 7602].     [orders_in_system = 104]
2026-07-13 16:24:41 DEBUG:    EVENT NUM 103   current_time = 00:00:20   RELEASE_TASK          [queue size = 153]
2026-07-13 16:24:41 DEBUG: Task 10 released: pod 283 required by workstation(s) [3].  [released tasks = 1]
2026-07-13 16:24:41 DEBUG:    EVENT NUM 104   current_time = 00:00:20   START_TASK            [queue size = 153]
2026-07-13 16:24:41 DEBUG: Task 10 started: robot 9 → pod 283 → workstation 3 for orders {75} (arrival = 100.1 s).   [idle robots = 29/40]
2026-07-13 16:24:41 DEBUG:    EVENT NUM 105   current_time = 00:00:22   RELEASE_TASK          [queue size = 153]
2026-07-13 16:24:41 DEBUG: Task 11 released: pod 694 required by workstation(s) [0].  [released tasks = 1]
2026-07-13 16:24:41 DEBUG:    EVENT NUM 106   current_time = 00:00:22   START_TASK            [queue size = 153]
2026-07-13 16:24:41 DEBUG: Task 11 started: robot 32 → pod 694 → workstation 0 for orders {34} (arrival = 91.1 s).   [idle robots = 28/40]
2026-07-13 16:24:41 DEBUG:    EVENT NUM 107   current_time = 00:00:24   RELEASE_TASK          [queue size = 153]
2026-07-13 16:24:41 DEBUG: Task 12 released: pod 431 required by workstation(s) [2].  [released tasks = 1]
2026-07-13 16:24:41 DEBUG:    EVENT NUM 108   current_time = 00:00:24   START_TASK            [queue size = 153]
2026-07-13 16:24:41 DEBUG: Task 12 started: robot 24 → pod 431 → workstation 2 for orders {66} (arrival = 96.6 s).   [idle robots = 27/40]
2026-07-13 16:24:41 DEBUG:    EVENT NUM 109   current_time = 00:00:25   ARRIVAL_ORDER         [queue size = 153]
2026-07-13 16:24:41 DEBUG: Order 104 arrived: items_required = [7029, 7028, 1956].     [orders_in_system = 105]
2026-07-13 16:24:41 DEBUG:    EVENT NUM 110   current_time = 00:00:25   END_PICKING           [queue size = 153]
2026-07-13 16:24:41 DEBUG: Ended picking at workstation 4.    [picking_buffer len = {}]
2026-07-13 16:24:41 DEBUG: Task should have served orders {37}, found open orders {12, 69, 37, 7}.
2026-07-13 16:24:41 DEBUG: Task 1 completed: pod 885 returning to storage.
2026-07-13 16:24:41 DEBUG:    EVENT NUM 111   current_time = 00:00:25   CLOSE_ORDER           [queue size = 154]
2026-07-13 16:24:41 DEBUG: Order 37 closed at workstation 4: flow_time = 25.1 s.     [order_buffer = 4] [open_orders = 3/4]
2026-07-13 16:24:41 DEBUG: Next order in buffer: 13
2026-07-13 16:24:41 DEBUG:    EVENT NUM 112   current_time = 00:00:25   OPEN_ORDER            [queue size = 154]
2026-07-13 16:24:41 DEBUG: Order 13 (skus required = {3493, 12054}) opened at workstation 4.   [open_orders = 4/4]
2026-07-13 16:24:41 DEBUG:    EVENT NUM 113   current_time = 00:00:26   END_PICKING           [queue size = 153]
2026-07-13 16:24:41 DEBUG: Ended picking at workstation 5.    [picking_buffer len = {}]
2026-07-13 16:24:41 DEBUG: Task should have served orders {35}, found open orders {17, 26, 35, 77}.
2026-07-13 16:24:41 DEBUG: Task 0 completed: pod 886 returning to storage.
2026-07-13 16:24:41 DEBUG:    EVENT NUM 114   current_time = 00:00:26   RELEASE_TASK          [queue size = 153]
2026-07-13 16:24:41 DEBUG: Task 13 released: pod 494 required by workstation(s) [3, 3].  [released tasks = 1]
2026-07-13 16:24:41 DEBUG:    EVENT NUM 115   current_time = 00:00:26   START_TASK            [queue size = 153]
2026-07-13 16:24:41 DEBUG: Task 13 started: robot 34 → pod 494 → workstation 3 for orders {68} (arrival = 82.4 s).   [idle robots = 26/40]
2026-07-13 16:24:41 DEBUG:    EVENT NUM 116   current_time = 00:00:28   RELEASE_TASK          [queue size = 153]
2026-07-13 16:24:41 DEBUG: Task 14 released: pod 729 required by workstation(s) [1].  [released tasks = 1]
2026-07-13 16:24:41 DEBUG:    EVENT NUM 117   current_time = 00:00:28   START_TASK            [queue size = 153]
2026-07-13 16:24:41 DEBUG: Task 14 started: robot 36 → pod 729 → workstation 1 for orders {23} (arrival = 75.1 s).   [idle robots = 25/40]
2026-07-13 16:24:41 DEBUG:    EVENT NUM 118   current_time = 00:00:30   ARRIVAL_ORDER         [queue size = 153]
2026-07-13 16:24:41 DEBUG: Order 105 arrived: items_required = [5346, 11048].     [orders_in_system = 105]
2026-07-13 16:24:41 DEBUG:    EVENT NUM 119   current_time = 00:00:30   RELEASE_TASK          [queue size = 153]
2026-07-13 16:24:41 DEBUG: Task 15 released: pod 41 required by workstation(s) [1].  [released tasks = 1]
2026-07-13 16:24:41 DEBUG:    EVENT NUM 120   current_time = 00:00:30   START_TASK            [queue size = 153]
2026-07-13 16:24:41 DEBUG: Task 15 started: robot 29 → pod 41 → workstation 1 for orders {89} (arrival = 133.7 s).   [idle robots = 24/40]
2026-07-13 16:24:41 DEBUG:    EVENT NUM 121   current_time = 00:00:32   RELEASE_TASK          [queue size = 153]
2026-07-13 16:24:41 DEBUG: Task 16 released: pod 306 required by workstation(s) [0].  [released tasks = 1]
2026-07-13 16:24:41 DEBUG:    EVENT NUM 122   current_time = 00:00:32   START_TASK            [queue size = 153]
2026-07-13 16:24:41 DEBUG: Task 16 started: robot 21 → pod 306 → workstation 0 for orders {81} (arrival = 125.5 s).   [idle robots = 23/40]
2026-07-13 16:24:41 DEBUG:    EVENT NUM 123   current_time = 00:00:34   RELEASE_TASK          [queue size = 153]
2026-07-13 16:24:41 DEBUG: Task 17 released: pod 252 required by workstation(s) [0, 0].  [released tasks = 1]
2026-07-13 16:24:41 DEBUG:    EVENT NUM 124   current_time = 00:00:34   START_TASK            [queue size = 153]
2026-07-13 16:24:41 DEBUG: Task 17 started: robot 10 → pod 252 → workstation 0 for orders {64} (arrival = 130.4 s).   [idle robots = 22/40]
2026-07-13 16:24:41 DEBUG:    EVENT NUM 125   current_time = 00:00:35   ARRIVAL_ORDER         [queue size = 153]
2026-07-13 16:24:41 DEBUG: Order 106 arrived: items_required = [13060].     [orders_in_system = 106]
2026-07-13 16:24:41 DEBUG:    EVENT NUM 126   current_time = 00:00:36   RELEASE_TASK          [queue size = 153]
2026-07-13 16:24:41 DEBUG: Task 18 released: pod 590 required by workstation(s) [3].  [released tasks = 1]
2026-07-13 16:24:41 DEBUG:    EVENT NUM 127   current_time = 00:00:36   START_TASK            [queue size = 153]
2026-07-13 16:24:41 DEBUG: Task 18 started: robot 17 → pod 590 → workstation 3 for orders {45} (arrival = 126.5 s).   [idle robots = 21/40]
2026-07-13 16:24:41 DEBUG:    EVENT NUM 128   current_time = 00:00:38   RETURN_POD            [queue size = 153]
2026-07-13 16:24:41 DEBUG: Pod 885 returned. Robot 16 idle.   [idle robots = 22/40, released tasks = 0]
2026-07-13 16:24:41 DEBUG:    EVENT NUM 129   current_time = 00:00:38   RELEASE_TASK          [queue size = 152]
2026-07-13 16:24:41 DEBUG: Task 19 released: pod 280 required by workstation(s) [1].  [released tasks = 1]
2026-07-13 16:24:41 DEBUG:    EVENT NUM 130   current_time = 00:00:38   START_TASK            [queue size = 152]
2026-07-13 16:24:41 DEBUG: Task 19 started: robot 25 → pod 280 → workstation 1 for orders {76} (arrival = 117.2 s).   [idle robots = 21/40]
2026-07-13 16:24:41 DEBUG:    EVENT NUM 131   current_time = 00:00:39   ARRIVAL_POD_WST       [queue size = 152]
2026-07-13 16:24:41 DEBUG: Pod 878 arrived at workstation 2 - status = IDLE
2026-07-13 16:24:41 DEBUG: Pod queued at workstation.    [picking_buffer = {3: 39.59081838213264}]
2026-07-13 16:24:41 DEBUG:    EVENT NUM 132   current_time = 00:00:39   START_PICKING         [queue size = 152]
2026-07-13 16:24:41 DEBUG: Processing task 3 at workstation 2: picking items {7484} for orders {61}
2026-07-13 16:24:41 DEBUG:    EVENT NUM 133   current_time = 00:00:40   ARRIVAL_ORDER         [queue size = 152]
2026-07-13 16:24:41 DEBUG: Order 107 arrived: items_required = [7769, 9836, 6304].     [orders_in_system = 107]
2026-07-13 16:24:41 DEBUG:    EVENT NUM 134   current_time = 00:00:40   RELEASE_TASK          [queue size = 152]
2026-07-13 16:24:41 DEBUG: Task 20 released: pod 429 required by workstation(s) [2].  [released tasks = 1]
2026-07-13 16:24:41 DEBUG:    EVENT NUM 135   current_time = 00:00:40   START_TASK            [queue size = 152]
2026-07-13 16:24:41 DEBUG: Task 20 started: robot 14 → pod 429 → workstation 2 for orders {29} (arrival = 119.0 s).   [idle robots = 20/40]
2026-07-13 16:24:41 DEBUG:    EVENT NUM 136   current_time = 00:00:41   ARRIVAL_POD_WST       [queue size = 152]
2026-07-13 16:24:41 DEBUG: Pod 793 arrived at workstation 5 - status = IDLE
2026-07-13 16:24:41 DEBUG: Pod queued at workstation.    [picking_buffer = {2: 41.173305370699765}]
2026-07-13 16:24:41 DEBUG:    EVENT NUM 137   current_time = 00:00:41   START_PICKING         [queue size = 152]
2026-07-13 16:24:41 DEBUG: Processing task 2 at workstation 5: picking items {2342} for orders {17}
2026-07-13 16:24:41 DEBUG:    EVENT NUM 138   current_time = 00:00:41   RETURN_POD            [queue size = 152]
2026-07-13 16:24:41 DEBUG: Pod 886 returned. Robot 13 idle.   [idle robots = 21/40, released tasks = 0]
2026-07-13 16:24:41 DEBUG:    EVENT NUM 139   current_time = 00:00:42   RELEASE_TASK          [queue size = 151]
2026-07-13 16:24:41 DEBUG: Task 21 released: pod 804 required by workstation(s) [1].  [released tasks = 1]
2026-07-13 16:24:41 DEBUG:    EVENT NUM 140   current_time = 00:00:42   START_TASK            [queue size = 151]
2026-07-13 16:24:41 DEBUG: Task 21 blocked: no orders in {1: [84]} is open yet.  [released tasks = 0]
2026-07-13 16:24:41 DEBUG:    EVENT NUM 141   current_time = 00:00:44   RELEASE_TASK          [queue size = 150]
2026-07-13 16:24:41 DEBUG: Task 22 released: pod 630 required by workstation(s) [0].  [released tasks = 2]
2026-07-13 16:24:41 DEBUG:    EVENT NUM 142   current_time = 00:00:44   START_TASK            [queue size = 150]
2026-07-13 16:24:41 DEBUG: Task 21 blocked: no orders in {1: [84]} is open yet.  [released tasks = 1]
2026-07-13 16:24:41 DEBUG: Task 22 blocked: no orders in {0: [42]} is open yet.  [released tasks = 0]
2026-07-13 16:24:41 DEBUG:    EVENT NUM 143   current_time = 00:00:45   ARRIVAL_ORDER         [queue size = 149]
2026-07-13 16:24:41 DEBUG: Order 108 arrived: items_required = [6120].     [orders_in_system = 108]
2026-07-13 16:24:41 DEBUG:    EVENT NUM 144   current_time = 00:00:46   RELEASE_TASK          [queue size = 149]
2026-07-13 16:24:41 DEBUG: Task 23 released: pod 753 required by workstation(s) [1].  [released tasks = 3]
2026-07-13 16:24:41 DEBUG:    EVENT NUM 145   current_time = 00:00:46   START_TASK            [queue size = 149]
2026-07-13 16:24:41 DEBUG: Task 21 blocked: no orders in {1: [84]} is open yet.  [released tasks = 2]
2026-07-13 16:24:41 DEBUG: Task 22 blocked: no orders in {0: [42]} is open yet.  [released tasks = 1]
2026-07-13 16:24:41 DEBUG: Task 23 blocked: no orders in {1: [97]} is open yet.  [released tasks = 0]
2026-07-13 16:24:41 DEBUG:    EVENT NUM 146   current_time = 00:00:48   RELEASE_TASK          [queue size = 148]
2026-07-13 16:24:41 DEBUG: Task 24 released: pod 495 required by workstation(s) [3].  [released tasks = 4]
2026-07-13 16:24:41 DEBUG:    EVENT NUM 147   current_time = 00:00:48   START_TASK            [queue size = 148]
2026-07-13 16:24:41 DEBUG: Task 21 blocked: no orders in {1: [84]} is open yet.  [released tasks = 3]
2026-07-13 16:24:41 DEBUG: Task 22 blocked: no orders in {0: [42]} is open yet.  [released tasks = 2]
2026-07-13 16:24:41 DEBUG: Task 23 blocked: no orders in {1: [97]} is open yet.  [released tasks = 1]
2026-07-13 16:24:41 DEBUG: Task 24 started: robot 16 → pod 495 → workstation 3 for orders {31} (arrival = 106.2 s).   [idle robots = 20/40]
2026-07-13 16:24:41 DEBUG:    EVENT NUM 148   current_time = 00:00:49   END_PICKING           [queue size = 148]
2026-07-13 16:24:41 DEBUG: Ended picking at workstation 2.    [picking_buffer len = {}]
2026-07-13 16:24:41 DEBUG: Task should have served orders {61}, found open orders {25, 66, 29, 61}.
2026-07-13 16:24:41 DEBUG: Task 3 completed: pod 878 returning to storage.
2026-07-13 16:24:41 DEBUG:    EVENT NUM 149   current_time = 00:00:49   CLOSE_ORDER           [queue size = 149]
2026-07-13 16:24:41 DEBUG: Order 61 closed at workstation 2: flow_time = 49.6 s.     [order_buffer = 6] [open_orders = 3/4]
2026-07-13 16:24:41 DEBUG: Next order in buffer: 30
2026-07-13 16:24:41 DEBUG:    EVENT NUM 150   current_time = 00:00:49   OPEN_ORDER            [queue size = 149]
2026-07-13 16:24:41 DEBUG: Order 30 (skus required = {2550}) opened at workstation 2.   [open_orders = 4/4]
2026-07-13 16:24:41 DEBUG:    EVENT NUM 151   current_time = 00:00:49   START_TASK            [queue size = 149]
2026-07-13 16:24:41 DEBUG: Task 21 blocked: no orders in {1: [84]} is open yet.  [released tasks = 2]
2026-07-13 16:24:41 DEBUG: Task 22 blocked: no orders in {0: [42]} is open yet.  [released tasks = 1]
2026-07-13 16:24:41 DEBUG: Task 23 blocked: no orders in {1: [97]} is open yet.  [released tasks = 0]
2026-07-13 16:24:41 DEBUG:    EVENT NUM 152   current_time = 00:00:49   ARRIVAL_POD_WST       [queue size = 148]
2026-07-13 16:24:41 DEBUG: Pod 734 arrived at workstation 5 - status = BUSY
2026-07-13 16:24:41 DEBUG: Pod queued at workstation.    [picking_buffer = {9: 49.85915865386181}]
2026-07-13 16:24:41 DEBUG:    EVENT NUM 153   current_time = 00:00:50   ARRIVAL_ORDER         [queue size = 147]
2026-07-13 16:24:41 DEBUG: Order 109 arrived: items_required = [7129, 9575].     [orders_in_system = 108]
2026-07-13 16:24:41 DEBUG:    EVENT NUM 154   current_time = 00:00:50   RELEASE_TASK          [queue size = 147]
2026-07-13 16:24:41 DEBUG: Task 25 released: pod 462 required by workstation(s) [2].  [released tasks = 4]
2026-07-13 16:24:41 DEBUG:    EVENT NUM 155   current_time = 00:00:50   START_TASK            [queue size = 147]
2026-07-13 16:24:41 DEBUG: Task 21 blocked: no orders in {1: [84]} is open yet.  [released tasks = 3]
2026-07-13 16:24:41 DEBUG: Task 22 blocked: no orders in {0: [42]} is open yet.  [released tasks = 2]
2026-07-13 16:24:41 DEBUG: Task 23 blocked: no orders in {1: [97]} is open yet.  [released tasks = 1]
2026-07-13 16:24:41 DEBUG: Task 25 started: robot 13 → pod 462 → workstation 2 for orders {25} (arrival = 104.1 s).   [idle robots = 19/40]
2026-07-13 16:24:41 DEBUG:    EVENT NUM 156   current_time = 00:00:51   END_PICKING           [queue size = 147]
2026-07-13 16:24:41 DEBUG: Ended picking at workstation 5.    [picking_buffer len = {9: 49.85915865386181}]
2026-07-13 16:24:41 DEBUG: Task should have served orders {17}, found open orders {17, 26, 35, 77}.
2026-07-13 16:24:41 DEBUG: Task 2 completed: pod 793 returning to storage.
2026-07-13 16:24:41 DEBUG:    EVENT NUM 157   current_time = 00:00:51   CLOSE_ORDER           [queue size = 149]
2026-07-13 16:24:41 DEBUG: Order 17 closed at workstation 5: flow_time = 51.2 s.     [order_buffer = 5] [open_orders = 3/4]
2026-07-13 16:24:41 DEBUG: Next order in buffer: 1
2026-07-13 16:24:41 DEBUG:    EVENT NUM 158   current_time = 00:00:51   START_PICKING         [queue size = 149]
2026-07-13 16:24:41 DEBUG: Processing task 9 at workstation 5: picking items {8997} for orders {26}
2026-07-13 16:24:41 DEBUG:    EVENT NUM 159   current_time = 00:00:51   OPEN_ORDER            [queue size = 149]
2026-07-13 16:24:41 DEBUG: Order 1 (skus required = {1704, 8729, 5981, 7407}) opened at workstation 5.   [open_orders = 4/4]
2026-07-13 16:24:41 DEBUG:    EVENT NUM 160   current_time = 00:00:51   START_TASK            [queue size = 149]
2026-07-13 16:24:41 DEBUG: Task 21 blocked: no orders in {1: [84]} is open yet.  [released tasks = 2]
2026-07-13 16:24:41 DEBUG: Task 22 blocked: no orders in {0: [42]} is open yet.  [released tasks = 1]
2026-07-13 16:24:41 DEBUG: Task 23 blocked: no orders in {1: [97]} is open yet.  [released tasks = 0]
2026-07-13 16:24:41 DEBUG:    EVENT NUM 161   current_time = 00:00:52   RELEASE_TASK          [queue size = 148]
2026-07-13 16:24:41 DEBUG: Task 26 released: pod 272 required by workstation(s) [0].  [released tasks = 4]
2026-07-13 16:24:41 DEBUG:    EVENT NUM 162   current_time = 00:00:52   START_TASK            [queue size = 148]
2026-07-13 16:24:41 DEBUG: Task 21 blocked: no orders in {1: [84]} is open yet.  [released tasks = 3]
2026-07-13 16:24:41 DEBUG: Task 22 blocked: no orders in {0: [42]} is open yet.  [released tasks = 2]
2026-07-13 16:24:41 DEBUG: Task 23 blocked: no orders in {1: [97]} is open yet.  [released tasks = 1]
2026-07-13 16:24:41 DEBUG: Task 26 blocked: no orders in {0: [46]} is open yet.  [released tasks = 0]
2026-07-13 16:24:41 DEBUG:    EVENT NUM 163   current_time = 00:00:54   RELEASE_TASK          [queue size = 147]
2026-07-13 16:24:41 DEBUG: Task 27 released: pod 332 required by workstation(s) [1].  [released tasks = 5]
2026-07-13 16:24:41 DEBUG:    EVENT NUM 164   current_time = 00:00:54   START_TASK            [queue size = 147]
2026-07-13 16:24:41 DEBUG: Task 21 blocked: no orders in {1: [84]} is open yet.  [released tasks = 4]
2026-07-13 16:24:41 DEBUG: Task 22 blocked: no orders in {0: [42]} is open yet.  [released tasks = 3]
2026-07-13 16:24:41 DEBUG: Task 23 blocked: no orders in {1: [97]} is open yet.  [released tasks = 2]
2026-07-13 16:24:41 DEBUG: Task 26 blocked: no orders in {0: [46]} is open yet.  [released tasks = 1]
2026-07-13 16:24:41 DEBUG: Task 27 blocked: no orders in {1: [3]} is open yet.  [released tasks = 0]
2026-07-13 16:24:41 DEBUG:    EVENT NUM 165   current_time = 00:00:55   ARRIVAL_ORDER         [queue size = 146]
2026-07-13 16:24:41 DEBUG: Order 110 arrived: items_required = [7027].     [orders_in_system = 108]
2026-07-13 16:24:41 DEBUG:    EVENT NUM 166   current_time = 00:00:56   RELEASE_TASK          [queue size = 146]
2026-07-13 16:24:41 DEBUG: Task 28 released: pod 195 required by workstation(s) [8].  [released tasks = 6]
2026-07-13 16:24:41 DEBUG:    EVENT NUM 167   current_time = 00:00:56   START_TASK            [queue size = 146]
2026-07-13 16:24:41 DEBUG: Task 21 blocked: no orders in {1: [84]} is open yet.  [released tasks = 5]
2026-07-13 16:24:41 DEBUG: Task 22 blocked: no orders in {0: [42]} is open yet.  [released tasks = 4]
2026-07-13 16:24:41 DEBUG: Task 23 blocked: no orders in {1: [97]} is open yet.  [released tasks = 3]
2026-07-13 16:24:41 DEBUG: Task 26 blocked: no orders in {0: [46]} is open yet.  [released tasks = 2]
2026-07-13 16:24:41 DEBUG: Task 27 blocked: no orders in {1: [3]} is open yet.  [released tasks = 1]
2026-07-13 16:24:41 DEBUG: Task 28 started: robot 7 → pod 195 → workstation 8 for orders {98} (arrival = 162.3 s).   [idle robots = 18/40]
2026-07-13 16:24:41 DEBUG:    EVENT NUM 168   current_time = 00:00:58   RELEASE_TASK          [queue size = 146]
2026-07-13 16:24:41 DEBUG: Task 29 released: pod 250 required by workstation(s) [1].  [released tasks = 6]
2026-07-13 16:24:41 DEBUG:    EVENT NUM 169   current_time = 00:00:58   START_TASK            [queue size = 146]
2026-07-13 16:24:41 DEBUG: Task 21 blocked: no orders in {1: [84]} is open yet.  [released tasks = 5]
2026-07-13 16:24:41 DEBUG: Task 22 blocked: no orders in {0: [42]} is open yet.  [released tasks = 4]
2026-07-13 16:24:41 DEBUG: Task 23 blocked: no orders in {1: [97]} is open yet.  [released tasks = 3]
2026-07-13 16:24:41 DEBUG: Task 26 blocked: no orders in {0: [46]} is open yet.  [released tasks = 2]
2026-07-13 16:24:41 DEBUG: Task 27 blocked: no orders in {1: [3]} is open yet.  [released tasks = 1]
2026-07-13 16:24:41 DEBUG: Task 29 started: robot 27 → pod 250 → workstation 1 for orders {23} (arrival = 139.2 s).   [idle robots = 17/40]
2026-07-13 16:24:41 DEBUG:    EVENT NUM 170   current_time = 00:01:00   ARRIVAL_ORDER         [queue size = 146]
2026-07-13 16:24:41 DEBUG: Order 111 arrived: items_required = [6699, 6845].     [orders_in_system = 109]
2026-07-13 16:24:41 DEBUG:    EVENT NUM 171   current_time = 00:01:00   ARRIVAL_POD_WST       [queue size = 146]
2026-07-13 16:24:41 DEBUG: Pod 520 arrived at workstation 1 - status = IDLE
2026-07-13 16:24:41 DEBUG: Pod queued at workstation.    [picking_buffer = {4: 60.51652897407248}]
2026-07-13 16:24:41 DEBUG:    EVENT NUM 172   current_time = 00:01:00   START_PICKING         [queue size = 146]
2026-07-13 16:24:41 DEBUG: Processing task 4 at workstation 1: picking items {3611, 6023} for orders {74, 90}
2026-07-13 16:24:41 DEBUG:    EVENT NUM 173   current_time = 00:01:00   RELEASE_TASK          [queue size = 146]
2026-07-13 16:24:41 DEBUG: Task 30 released: pod 460 required by workstation(s) [2, 2, 7, 7].  [released tasks = 6]
2026-07-13 16:24:41 DEBUG:    EVENT NUM 174   current_time = 00:01:00   START_TASK            [queue size = 146]
2026-07-13 16:24:41 DEBUG: Task 21 blocked: no orders in {1: [84]} is open yet.  [released tasks = 5]
2026-07-13 16:24:41 DEBUG: Task 22 blocked: no orders in {0: [42]} is open yet.  [released tasks = 4]
2026-07-13 16:24:41 DEBUG: Task 23 blocked: no orders in {1: [97]} is open yet.  [released tasks = 3]
2026-07-13 16:24:41 DEBUG: Task 26 blocked: no orders in {0: [46]} is open yet.  [released tasks = 2]
2026-07-13 16:24:41 DEBUG: Task 27 blocked: no orders in {1: [3]} is open yet.  [released tasks = 1]
2026-07-13 16:24:41 DEBUG: Task 30 started: robot 0 → pod 460 → workstation 2 for orders {30} (arrival = 126.8 s).   [idle robots = 16/40]
2026-07-13 16:24:41 DEBUG:    EVENT NUM 175   current_time = 00:01:01   END_PICKING           [queue size = 146]
2026-07-13 16:24:41 DEBUG: Ended picking at workstation 5.    [picking_buffer len = {}]
2026-07-13 16:24:41 DEBUG: Task should have served orders {26}, found open orders {1, 26, 35, 77}.
2026-07-13 16:24:41 DEBUG: Task 9 heading to workstation 5.
2026-07-13 16:24:41 DEBUG:    EVENT NUM 176   current_time = 00:01:01   CLOSE_ORDER           [queue size = 147]
2026-07-13 16:24:41 DEBUG: Order 26 closed at workstation 5: flow_time = 61.2 s.     [order_buffer = 4] [open_orders = 3/4]
2026-07-13 16:24:41 DEBUG: Next order in buffer: 73
2026-07-13 16:24:41 DEBUG:    EVENT NUM 177   current_time = 00:01:01   ARRIVAL_POD_WST       [queue size = 147]
2026-07-13 16:24:41 DEBUG: Pod 734 arrived at workstation 5 - status = IDLE
2026-07-13 16:24:41 DEBUG: Pod queued at workstation.    [picking_buffer = {9: 61.173305370699765}]
2026-07-13 16:24:41 DEBUG:    EVENT NUM 178   current_time = 00:01:01   OPEN_ORDER            [queue size = 147]
2026-07-13 16:24:41 DEBUG: Order 73 (skus required = {3181}) opened at workstation 5.   [open_orders = 4/4]
2026-07-13 16:24:41 DEBUG:    EVENT NUM 179   current_time = 00:01:01   START_PICKING         [queue size = 148]
2026-07-13 16:24:41 DEBUG: Processing task 9 at workstation 5: picking items {970} for orders {35}
2026-07-13 16:24:41 DEBUG:    EVENT NUM 180   current_time = 00:01:01   START_TASK            [queue size = 148]
2026-07-13 16:24:41 DEBUG: Task 21 blocked: no orders in {1: [84]} is open yet.  [released tasks = 4]
2026-07-13 16:24:41 DEBUG: Task 22 blocked: no orders in {0: [42]} is open yet.  [released tasks = 3]
2026-07-13 16:24:41 DEBUG: Task 23 blocked: no orders in {1: [97]} is open yet.  [released tasks = 2]
2026-07-13 16:24:41 DEBUG: Task 26 blocked: no orders in {0: [46]} is open yet.  [released tasks = 1]
2026-07-13 16:24:41 DEBUG: Task 27 blocked: no orders in {1: [3]} is open yet.  [released tasks = 0]
2026-07-13 16:24:41 DEBUG:    EVENT NUM 181   current_time = 00:01:01   START_PICKING         [queue size = 147]
2026-07-13 16:24:41 DEBUG:    EVENT NUM 182   current_time = 00:01:02   RELEASE_TASK          [queue size = 146]
2026-07-13 16:24:41 DEBUG: Task 31 released: pod 175 required by workstation(s) [8].  [released tasks = 6]
2026-07-13 16:24:41 DEBUG:    EVENT NUM 183   current_time = 00:01:02   START_TASK            [queue size = 146]
2026-07-13 16:24:41 DEBUG: Task 21 blocked: no orders in {1: [84]} is open yet.  [released tasks = 5]
2026-07-13 16:24:41 DEBUG: Task 22 blocked: no orders in {0: [42]} is open yet.  [released tasks = 4]
2026-07-13 16:24:41 DEBUG: Task 23 blocked: no orders in {1: [97]} is open yet.  [released tasks = 3]
2026-07-13 16:24:41 DEBUG: Task 26 blocked: no orders in {0: [46]} is open yet.  [released tasks = 2]
2026-07-13 16:24:41 DEBUG: Task 27 blocked: no orders in {1: [3]} is open yet.  [released tasks = 1]
2026-07-13 16:24:41 DEBUG: Task 31 started: robot 37 → pod 175 → workstation 8 for orders {9} (arrival = 198.4 s).   [idle robots = 15/40]
2026-07-13 16:24:41 DEBUG:    EVENT NUM 184   current_time = 00:01:03   ARRIVAL_POD_WST       [queue size = 146]
2026-07-13 16:24:41 DEBUG: Pod 759 arrived at workstation 3 - status = IDLE
2026-07-13 16:24:41 DEBUG: Pod queued at workstation.    [picking_buffer = {6: 63.03475811265943}]
2026-07-13 16:24:41 DEBUG:    EVENT NUM 185   current_time = 00:01:03   START_PICKING         [queue size = 146]
2026-07-13 16:24:41 DEBUG: Processing task 6 at workstation 3: picking items {10565} for orders {45}
2026-07-13 16:24:41 DEBUG:    EVENT NUM 186   current_time = 00:01:04   ARRIVAL_POD_WST       [queue size = 146]
2026-07-13 16:24:41 DEBUG: Pod 787 arrived at workstation 0 - status = IDLE
2026-07-13 16:24:41 DEBUG: Pod queued at workstation.    [picking_buffer = {8: 64.32640951466537}]
2026-07-13 16:24:41 DEBUG:    EVENT NUM 187   current_time = 00:01:04   START_PICKING         [queue size = 146]
2026-07-13 16:24:41 DEBUG: Processing task 8 at workstation 0: picking items {7712} for orders {78}
2026-07-13 16:24:41 DEBUG:    EVENT NUM 188   current_time = 00:01:04   RELEASE_TASK          [queue size = 146]
2026-07-13 16:24:41 DEBUG: Task 32 released: pod 304 required by workstation(s) [1].  [released tasks = 6]
2026-07-13 16:24:41 DEBUG:    EVENT NUM 189   current_time = 00:01:04   START_TASK            [queue size = 146]
2026-07-13 16:24:41 DEBUG: Task 21 blocked: no orders in {1: [84]} is open yet.  [released tasks = 5]
2026-07-13 16:24:41 DEBUG: Task 22 blocked: no orders in {0: [42]} is open yet.  [released tasks = 4]
2026-07-13 16:24:41 DEBUG: Task 23 blocked: no orders in {1: [97]} is open yet.  [released tasks = 3]
2026-07-13 16:24:41 DEBUG: Task 26 blocked: no orders in {0: [46]} is open yet.  [released tasks = 2]
2026-07-13 16:24:41 DEBUG: Task 27 blocked: no orders in {1: [3]} is open yet.  [released tasks = 1]
2026-07-13 16:24:41 DEBUG: Task 32 blocked: no orders in {1: [2]} is open yet.  [released tasks = 0]
2026-07-13 16:24:41 DEBUG:    EVENT NUM 190   current_time = 00:01:04   ARRIVAL_POD_WST       [queue size = 145]
2026-07-13 16:24:41 DEBUG: Pod 551 arrived at workstation 2 - status = IDLE
2026-07-13 16:24:41 DEBUG: Pod queued at workstation.    [picking_buffer = {5: 64.81861053269381}]
2026-07-13 16:24:41 DEBUG:    EVENT NUM 191   current_time = 00:01:04   START_PICKING         [queue size = 145]
2026-07-13 16:24:41 DEBUG: Processing task 5 at workstation 2: picking items {7978} for orders {25}
2026-07-13 16:24:41 DEBUG:    EVENT NUM 192   current_time = 00:01:04   ARRIVAL_POD_WST       [queue size = 145]
2026-07-13 16:24:41 DEBUG: Pod 524 arrived at workstation 4 - status = IDLE
2026-07-13 16:24:41 DEBUG: Pod queued at workstation.    [picking_buffer = {7: 64.97969258529943}]
2026-07-13 16:24:41 DEBUG:    EVENT NUM 193   current_time = 00:01:04   START_PICKING         [queue size = 145]
2026-07-13 16:24:41 DEBUG: Processing task 7 at workstation 4: picking items {3615} for orders {69}
2026-07-13 16:24:41 DEBUG:    EVENT NUM 194   current_time = 00:01:05   ARRIVAL_ORDER         [queue size = 145]
2026-07-13 16:24:41 DEBUG: Order 112 arrived: items_required = [5570, 8698].     [orders_in_system = 109]
2026-07-13 16:24:41 DEBUG:    EVENT NUM 195   current_time = 00:01:06   RELEASE_TASK          [queue size = 145]
2026-07-13 16:24:41 DEBUG: Task 33 released: pod 31 required by workstation(s) [1].  [released tasks = 7]
2026-07-13 16:24:41 DEBUG:    EVENT NUM 196   current_time = 00:01:06   START_TASK            [queue size = 145]
2026-07-13 16:24:41 DEBUG: Task 21 blocked: no orders in {1: [84]} is open yet.  [released tasks = 6]
2026-07-13 16:24:41 DEBUG: Task 22 blocked: no orders in {0: [42]} is open yet.  [released tasks = 5]
2026-07-13 16:24:41 DEBUG: Task 23 blocked: no orders in {1: [97]} is open yet.  [released tasks = 4]
2026-07-13 16:24:41 DEBUG: Task 26 blocked: no orders in {0: [46]} is open yet.  [released tasks = 3]
2026-07-13 16:24:41 DEBUG: Task 27 blocked: no orders in {1: [3]} is open yet.  [released tasks = 2]
2026-07-13 16:24:41 DEBUG: Task 32 blocked: no orders in {1: [2]} is open yet.  [released tasks = 1]
2026-07-13 16:24:41 DEBUG: Task 33 blocked: no orders in {1: [87]} is open yet.  [released tasks = 0]
2026-07-13 16:24:41 DEBUG:    EVENT NUM 197   current_time = 00:01:08   RELEASE_TASK          [queue size = 144]
2026-07-13 16:24:41 DEBUG: Task 34 released: pod 33 required by workstation(s) [1, 1].  [released tasks = 8]
2026-07-13 16:24:41 DEBUG:    EVENT NUM 198   current_time = 00:01:08   START_TASK            [queue size = 144]
2026-07-13 16:24:41 DEBUG: Task 21 blocked: no orders in {1: [84]} is open yet.  [released tasks = 7]
2026-07-13 16:24:41 DEBUG: Task 22 blocked: no orders in {0: [42]} is open yet.  [released tasks = 6]
2026-07-13 16:24:41 DEBUG: Task 23 blocked: no orders in {1: [97]} is open yet.  [released tasks = 5]
2026-07-13 16:24:41 DEBUG: Task 26 blocked: no orders in {0: [46]} is open yet.  [released tasks = 4]
2026-07-13 16:24:41 DEBUG: Task 27 blocked: no orders in {1: [3]} is open yet.  [released tasks = 3]
2026-07-13 16:24:41 DEBUG: Task 32 blocked: no orders in {1: [2]} is open yet.  [released tasks = 2]
2026-07-13 16:24:41 DEBUG: Task 33 blocked: no orders in {1: [87]} is open yet.  [released tasks = 1]
2026-07-13 16:24:41 DEBUG: Task 34 blocked: no orders in {1: [84]} is open yet.  [released tasks = 0]
2026-07-13 16:24:41 DEBUG:    EVENT NUM 199   current_time = 00:01:10   ARRIVAL_ORDER         [queue size = 143]
2026-07-13 16:24:41 DEBUG: Order 113 arrived: items_required = [8577, 6187, 12087].     [orders_in_system = 110]
2026-07-13 16:24:41 DEBUG:    EVENT NUM 200   current_time = 00:01:10   RELEASE_TASK          [queue size = 143]
2026-07-13 16:24:41 DEBUG: Task 35 released: pod 315 required by workstation(s) [4].  [released tasks = 9]
2026-07-13 16:24:41 DEBUG:    EVENT NUM 201   current_time = 00:01:10   START_TASK            [queue size = 143]
2026-07-13 16:24:41 DEBUG: Task 21 blocked: no orders in {1: [84]} is open yet.  [released tasks = 8]
2026-07-13 16:24:41 DEBUG: Task 22 blocked: no orders in {0: [42]} is open yet.  [released tasks = 7]
2026-07-13 16:24:41 DEBUG: Task 23 blocked: no orders in {1: [97]} is open yet.  [released tasks = 6]
2026-07-13 16:24:41 DEBUG: Task 26 blocked: no orders in {0: [46]} is open yet.  [released tasks = 5]
2026-07-13 16:24:41 DEBUG: Task 27 blocked: no orders in {1: [3]} is open yet.  [released tasks = 4]
2026-07-13 16:24:41 DEBUG: Task 32 blocked: no orders in {1: [2]} is open yet.  [released tasks = 3]
2026-07-13 16:24:41 DEBUG: Task 33 blocked: no orders in {1: [87]} is open yet.  [released tasks = 2]
2026-07-13 16:24:41 DEBUG: Task 34 blocked: no orders in {1: [84]} is open yet.  [released tasks = 1]
2026-07-13 16:24:41 DEBUG: Task 35 started: robot 5 → pod 315 → workstation 4 for orders {12} (arrival = 141.0 s).   [idle robots = 14/40]
2026-07-13 16:24:41 DEBUG:    EVENT NUM 202   current_time = 00:01:11   END_PICKING           [queue size = 143]
2026-07-13 16:24:41 DEBUG: Ended picking at workstation 5.    [picking_buffer len = {}]
2026-07-13 16:24:41 DEBUG: Task should have served orders {35}, found open orders {1, 35, 73, 77}.
2026-07-13 16:24:41 DEBUG: Task 9 completed: pod 734 returning to storage.
2026-07-13 16:24:41 DEBUG:    EVENT NUM 203   current_time = 00:01:12   RELEASE_TASK          [queue size = 143]
2026-07-13 16:24:41 DEBUG: Task 36 released: pod 579 required by workstation(s) [2].  [released tasks = 9]
2026-07-13 16:24:41 DEBUG:    EVENT NUM 204   current_time = 00:01:12   START_TASK            [queue size = 143]
2026-07-13 16:24:41 DEBUG: Task 21 blocked: no orders in {1: [84]} is open yet.  [released tasks = 8]
2026-07-13 16:24:41 DEBUG: Task 22 blocked: no orders in {0: [42]} is open yet.  [released tasks = 7]
2026-07-13 16:24:41 DEBUG: Task 23 blocked: no orders in {1: [97]} is open yet.  [released tasks = 6]
2026-07-13 16:24:41 DEBUG: Task 26 blocked: no orders in {0: [46]} is open yet.  [released tasks = 5]
2026-07-13 16:24:41 DEBUG: Task 27 blocked: no orders in {1: [3]} is open yet.  [released tasks = 4]
2026-07-13 16:24:41 DEBUG: Task 32 blocked: no orders in {1: [2]} is open yet.  [released tasks = 3]
2026-07-13 16:24:41 DEBUG: Task 33 blocked: no orders in {1: [87]} is open yet.  [released tasks = 2]
2026-07-13 16:24:41 DEBUG: Task 34 blocked: no orders in {1: [84]} is open yet.  [released tasks = 1]
2026-07-13 16:24:41 DEBUG: Task 36 started: robot 30 → pod 579 → workstation 2 for orders {25} (arrival = 131.7 s).   [idle robots = 13/40]
2026-07-13 16:24:41 DEBUG:    EVENT NUM 205   current_time = 00:01:13   END_PICKING           [queue size = 143]
2026-07-13 16:24:41 DEBUG: Ended picking at workstation 3.    [picking_buffer len = {}]
2026-07-13 16:24:41 DEBUG: Task should have served orders {45}, found open orders {75, 68, 45, 62}.
2026-07-13 16:24:41 DEBUG: Task 6 completed: pod 759 returning to storage.
2026-07-13 16:24:41 DEBUG:    EVENT NUM 206   current_time = 00:01:14   END_PICKING           [queue size = 143]
2026-07-13 16:24:41 DEBUG: Ended picking at workstation 0.    [picking_buffer len = {}]
2026-07-13 16:24:41 DEBUG: Task should have served orders {78}, found open orders {64, 81, 34, 78}.
2026-07-13 16:24:41 DEBUG: Task 8 completed: pod 787 returning to storage.
2026-07-13 16:24:41 DEBUG:    EVENT NUM 207   current_time = 00:01:14   CLOSE_ORDER           [queue size = 144]
2026-07-13 16:24:41 DEBUG: Order 78 closed at workstation 0: flow_time = 74.3 s.     [order_buffer = 11] [open_orders = 3/4]
2026-07-13 16:24:41 DEBUG: Next order in buffer: 44
2026-07-13 16:24:41 DEBUG:    EVENT NUM 208   current_time = 00:01:14   OPEN_ORDER            [queue size = 144]
2026-07-13 16:24:41 DEBUG: Order 44 (skus required = {3136, 5412, 1534}) opened at workstation 0.   [open_orders = 4/4]
2026-07-13 16:24:41 DEBUG:    EVENT NUM 209   current_time = 00:01:14   START_TASK            [queue size = 144]
2026-07-13 16:24:41 DEBUG: Task 21 blocked: no orders in {1: [84]} is open yet.  [released tasks = 7]
2026-07-13 16:24:41 DEBUG: Task 22 started: robot 2 → pod 630 → workstation 0 for orders {42} (arrival = 170.1 s).   [idle robots = 12/40]
2026-07-13 16:24:41 DEBUG:    EVENT NUM 210   current_time = 00:01:14   RELEASE_TASK          [queue size = 144]
2026-07-13 16:24:41 DEBUG: Task 37 released: pod 490 required by workstation(s) [2].  [released tasks = 8]
2026-07-13 16:24:41 DEBUG:    EVENT NUM 211   current_time = 00:01:14   START_TASK            [queue size = 144]
2026-07-13 16:24:41 DEBUG: Task 21 blocked: no orders in {1: [84]} is open yet.  [released tasks = 7]
2026-07-13 16:24:41 DEBUG: Task 23 blocked: no orders in {1: [97]} is open yet.  [released tasks = 6]
2026-07-13 16:24:41 DEBUG: Task 26 blocked: no orders in {0: [46]} is open yet.  [released tasks = 5]
2026-07-13 16:24:41 DEBUG: Task 27 blocked: no orders in {1: [3]} is open yet.  [released tasks = 4]
2026-07-13 16:24:41 DEBUG: Task 32 blocked: no orders in {1: [2]} is open yet.  [released tasks = 3]
2026-07-13 16:24:41 DEBUG: Task 33 blocked: no orders in {1: [87]} is open yet.  [released tasks = 2]
2026-07-13 16:24:41 DEBUG: Task 34 blocked: no orders in {1: [84]} is open yet.  [released tasks = 1]
2026-07-13 16:24:41 DEBUG: Task 37 blocked: no orders in {2: [54]} is open yet.  [released tasks = 0]
2026-07-13 16:24:41 DEBUG:    EVENT NUM 212   current_time = 00:01:14   END_PICKING           [queue size = 143]
2026-07-13 16:24:41 DEBUG: Ended picking at workstation 2.    [picking_buffer len = {}]
2026-07-13 16:24:41 DEBUG: Task should have served orders {25}, found open orders {66, 25, 29, 30}.
2026-07-13 16:24:41 DEBUG: Task 5 completed: pod 551 returning to storage.
2026-07-13 16:24:41 DEBUG:    EVENT NUM 213   current_time = 00:01:14   END_PICKING           [queue size = 143]
2026-07-13 16:24:41 DEBUG: Ended picking at workstation 4.    [picking_buffer len = {}]
2026-07-13 16:24:41 DEBUG: Task should have served orders {69}, found open orders {12, 69, 13, 7}.
2026-07-13 16:24:41 DEBUG: Task 7 completed: pod 524 returning to storage.
2026-07-13 16:24:41 DEBUG:    EVENT NUM 214   current_time = 00:01:15   ARRIVAL_ORDER         [queue size = 143]
2026-07-13 16:24:41 DEBUG: Order 114 arrived: items_required = [8158].     [orders_in_system = 110]
2026-07-13 16:24:41 DEBUG:    EVENT NUM 215   current_time = 00:01:15   ARRIVAL_POD_WST       [queue size = 143]
2026-07-13 16:24:41 DEBUG: Pod 729 arrived at workstation 1 - status = BUSY
2026-07-13 16:24:41 DEBUG: Pod queued at workstation.    [picking_buffer = {14: 75.05603282710697}]
2026-07-13 16:24:41 DEBUG:    EVENT NUM 216   current_time = 00:01:15   END_PICKING           [queue size = 142]
2026-07-13 16:24:41 DEBUG: Ended picking at workstation 1.    [picking_buffer len = {14: 75.05603282710697}]
2026-07-13 16:24:41 DEBUG: Task should have served orders {74, 90}, found open orders {89, 74, 90, 23}.
2026-07-13 16:24:41 DEBUG: Task 4 completed: pod 520 returning to storage.
2026-07-13 16:24:41 DEBUG:    EVENT NUM 217   current_time = 00:01:15   CLOSE_ORDER           [queue size = 145]
2026-07-13 16:24:41 DEBUG: Order 74 closed at workstation 1: flow_time = 75.5 s.     [order_buffer = 11] [open_orders = 3/4]
2026-07-13 16:24:41 DEBUG: Next order in buffer: 76
2026-07-13 16:24:41 DEBUG:    EVENT NUM 218   current_time = 00:01:15   CLOSE_ORDER           [queue size = 145]
2026-07-13 16:24:41 DEBUG: Order 90 closed at workstation 1: flow_time = 75.5 s.     [order_buffer = 10] [open_orders = 2/4]
2026-07-13 16:24:41 DEBUG: Next order in buffer: 84
2026-07-13 16:24:41 DEBUG:    EVENT NUM 219   current_time = 00:01:15   START_PICKING         [queue size = 145]
2026-07-13 16:24:41 DEBUG: Processing task 14 at workstation 1: picking items {5496} for orders {23}
2026-07-13 16:24:41 DEBUG:    EVENT NUM 220   current_time = 00:01:15   OPEN_ORDER            [queue size = 145]
2026-07-13 16:24:41 DEBUG: Order 76 (skus required = {8153}) opened at workstation 1.   [open_orders = 3/4]
2026-07-13 16:24:41 DEBUG:    EVENT NUM 221   current_time = 00:01:15   OPEN_ORDER            [queue size = 145]
2026-07-13 16:24:41 DEBUG: Order 84 (skus required = {4368, 10946, 2570}) opened at workstation 1.   [open_orders = 4/4]
2026-07-13 16:24:41 DEBUG:    EVENT NUM 222   current_time = 00:01:15   START_TASK            [queue size = 145]
2026-07-13 16:24:41 DEBUG: Task 21 started: robot 11 → pod 804 → workstation 1 for orders {84} (arrival = 175.4 s).   [idle robots = 11/40]
2026-07-13 16:24:41 DEBUG:    EVENT NUM 223   current_time = 00:01:15   START_TASK            [queue size = 145]
2026-07-13 16:24:41 DEBUG: Task 23 started: robot 1 → pod 753 → workstation 1 for orders {97} (arrival = 147.6 s).   [idle robots = 10/40]
2026-07-13 16:24:41 DEBUG:    EVENT NUM 224   current_time = 00:01:16   RELEASE_TASK          [queue size = 145]
2026-07-13 16:24:41 DEBUG: Task 38 released: pod 481 required by workstation(s) [1].  [released tasks = 7]
2026-07-13 16:24:41 DEBUG:    EVENT NUM 225   current_time = 00:01:16   START_TASK            [queue size = 145]
2026-07-13 16:24:41 DEBUG: Task 26 blocked: no orders in {0: [46]} is open yet.  [released tasks = 6]
2026-07-13 16:24:41 DEBUG: Task 27 blocked: no orders in {1: [3]} is open yet.  [released tasks = 5]
2026-07-13 16:24:41 DEBUG: Task 32 blocked: no orders in {1: [2]} is open yet.  [released tasks = 4]
2026-07-13 16:24:41 DEBUG: Task 33 blocked: no orders in {1: [87]} is open yet.  [released tasks = 3]
2026-07-13 16:24:41 DEBUG: Task 34 started: robot 15 → pod 33 → workstation 1 for orders {85} (arrival = 222.4 s).   [idle robots = 9/40]
2026-07-13 16:24:41 DEBUG:    EVENT NUM 226   current_time = 00:01:18   RELEASE_TASK          [queue size = 145]
2026-07-13 16:24:41 DEBUG: Task 39 released: pod 846 required by workstation(s) [0].  [released tasks = 7]
2026-07-13 16:24:41 DEBUG:    EVENT NUM 227   current_time = 00:01:18   START_TASK            [queue size = 145]
2026-07-13 16:24:41 DEBUG: Task 26 blocked: no orders in {0: [46]} is open yet.  [released tasks = 6]
2026-07-13 16:24:41 DEBUG: Task 27 blocked: no orders in {1: [3]} is open yet.  [released tasks = 5]
2026-07-13 16:24:41 DEBUG: Task 32 blocked: no orders in {1: [2]} is open yet.  [released tasks = 4]
2026-07-13 16:24:41 DEBUG: Task 33 blocked: no orders in {1: [87]} is open yet.  [released tasks = 3]
2026-07-13 16:24:41 DEBUG: Task 37 blocked: no orders in {2: [54]} is open yet.  [released tasks = 2]
2026-07-13 16:24:41 DEBUG: Task 38 blocked: no orders in {1: [22]} is open yet.  [released tasks = 1]
2026-07-13 16:24:41 DEBUG: Task 39 blocked: no orders in {0: [93]} is open yet.  [released tasks = 0]
2026-07-13 16:24:41 DEBUG:    EVENT NUM 228   current_time = 00:01:20   ARRIVAL_ORDER         [queue size = 144]
2026-07-13 16:24:41 DEBUG: Order 115 arrived: items_required = [5299, 2391].     [orders_in_system = 109]
2026-07-13 16:24:41 DEBUG:    EVENT NUM 229   current_time = 00:01:20   RELEASE_TASK          [queue size = 144]
2026-07-13 16:24:41 DEBUG: Task 40 released: pod 692 required by workstation(s) [2].  [released tasks = 8]
2026-07-13 16:24:41 DEBUG:    EVENT NUM 230   current_time = 00:01:20   START_TASK            [queue size = 144]
2026-07-13 16:24:41 DEBUG: Task 26 blocked: no orders in {0: [46]} is open yet.  [released tasks = 7]
2026-07-13 16:24:41 DEBUG: Task 27 blocked: no orders in {1: [3]} is open yet.  [released tasks = 6]
2026-07-13 16:24:41 DEBUG: Task 32 blocked: no orders in {1: [2]} is open yet.  [released tasks = 5]
2026-07-13 16:24:41 DEBUG: Task 33 blocked: no orders in {1: [87]} is open yet.  [released tasks = 4]
2026-07-13 16:24:41 DEBUG: Task 37 blocked: no orders in {2: [54]} is open yet.  [released tasks = 3]
2026-07-13 16:24:41 DEBUG: Task 38 blocked: no orders in {1: [22]} is open yet.  [released tasks = 2]
2026-07-13 16:24:41 DEBUG: Task 39 blocked: no orders in {0: [93]} is open yet.  [released tasks = 1]
2026-07-13 16:24:41 DEBUG: Task 40 blocked: no orders in {2: [6]} is open yet.  [released tasks = 0]
2026-07-13 16:24:41 DEBUG:    EVENT NUM 231   current_time = 00:01:22   ARRIVAL_POD_WST       [queue size = 143]
2026-07-13 16:24:41 DEBUG: Pod 494 arrived at workstation 3 - status = IDLE
2026-07-13 16:24:41 DEBUG: Pod queued at workstation.    [picking_buffer = {13: 82.43492967679819}]
2026-07-13 16:24:41 DEBUG:    EVENT NUM 232   current_time = 00:01:22   START_PICKING         [queue size = 143]
2026-07-13 16:24:41 DEBUG: Processing task 13 at workstation 3: picking items {7970} for orders {68}
2026-07-13 16:24:41 DEBUG:    EVENT NUM 233   current_time = 00:01:22   RELEASE_TASK          [queue size = 143]
2026-07-13 16:24:41 DEBUG: Task 41 released: pod 544 required by workstation(s) [0].  [released tasks = 9]
2026-07-13 16:24:41 DEBUG:    EVENT NUM 234   current_time = 00:01:22   START_TASK            [queue size = 143]
2026-07-13 16:24:41 DEBUG: Task 26 blocked: no orders in {0: [46]} is open yet.  [released tasks = 8]
2026-07-13 16:24:41 DEBUG: Task 27 blocked: no orders in {1: [3]} is open yet.  [released tasks = 7]
2026-07-13 16:24:41 DEBUG: Task 32 blocked: no orders in {1: [2]} is open yet.  [released tasks = 6]
2026-07-13 16:24:41 DEBUG: Task 33 blocked: no orders in {1: [87]} is open yet.  [released tasks = 5]
2026-07-13 16:24:41 DEBUG: Task 37 blocked: no orders in {2: [54]} is open yet.  [released tasks = 4]
2026-07-13 16:24:41 DEBUG: Task 38 blocked: no orders in {1: [22]} is open yet.  [released tasks = 3]
2026-07-13 16:24:41 DEBUG: Task 39 blocked: no orders in {0: [93]} is open yet.  [released tasks = 2]
2026-07-13 16:24:41 DEBUG: Task 40 blocked: no orders in {2: [6]} is open yet.  [released tasks = 1]
2026-07-13 16:24:41 DEBUG: Task 41 blocked: no orders in {0: [63]} is open yet.  [released tasks = 0]
2026-07-13 16:24:41 DEBUG:    EVENT NUM 235   current_time = 00:01:24   RELEASE_TASK          [queue size = 142]
2026-07-13 16:24:41 DEBUG: Task 42 released: pod 895 required by workstation(s) [3].  [released tasks = 10]
2026-07-13 16:24:41 DEBUG:    EVENT NUM 236   current_time = 00:01:24   START_TASK            [queue size = 142]
2026-07-13 16:24:41 DEBUG: Task 26 blocked: no orders in {0: [46]} is open yet.  [released tasks = 9]
2026-07-13 16:24:41 DEBUG: Task 27 blocked: no orders in {1: [3]} is open yet.  [released tasks = 8]
2026-07-13 16:24:41 DEBUG: Task 32 blocked: no orders in {1: [2]} is open yet.  [released tasks = 7]
2026-07-13 16:24:41 DEBUG: Task 33 blocked: no orders in {1: [87]} is open yet.  [released tasks = 6]
2026-07-13 16:24:41 DEBUG: Task 37 blocked: no orders in {2: [54]} is open yet.  [released tasks = 5]
2026-07-13 16:24:41 DEBUG: Task 38 blocked: no orders in {1: [22]} is open yet.  [released tasks = 4]
2026-07-13 16:24:41 DEBUG: Task 39 blocked: no orders in {0: [93]} is open yet.  [released tasks = 3]
2026-07-13 16:24:41 DEBUG: Task 40 blocked: no orders in {2: [6]} is open yet.  [released tasks = 2]
2026-07-13 16:24:41 DEBUG: Task 41 blocked: no orders in {0: [63]} is open yet.  [released tasks = 1]
2026-07-13 16:24:41 DEBUG: Task 42 blocked: no orders in {3: [51]} is open yet.  [released tasks = 0]
2026-07-13 16:24:41 DEBUG:    EVENT NUM 237   current_time = 00:01:25   ARRIVAL_ORDER         [queue size = 141]
2026-07-13 16:24:41 DEBUG: Order 116 arrived: items_required = [5879].     [orders_in_system = 110]
2026-07-13 16:24:41 DEBUG:    EVENT NUM 238   current_time = 00:01:25   END_PICKING           [queue size = 141]
2026-07-13 16:24:41 DEBUG: Ended picking at workstation 1.    [picking_buffer len = {}]
2026-07-13 16:24:41 DEBUG: Task should have served orders {23}, found open orders {84, 23, 89, 76}.
2026-07-13 16:24:41 DEBUG: Task 14 completed: pod 729 returning to storage.
2026-07-13 16:24:41 DEBUG:    EVENT NUM 239   current_time = 00:01:26   RETURN_POD            [queue size = 141]
2026-07-13 16:24:41 DEBUG: Pod 878 returned. Robot 33 idle.   [idle robots = 10/40, released tasks = 10]
2026-07-13 16:24:41 DEBUG:    EVENT NUM 240   current_time = 00:01:26   START_TASK            [queue size = 141]
2026-07-13 16:24:41 DEBUG: Task 26 blocked: no orders in {0: [46]} is open yet.  [released tasks = 9]
2026-07-13 16:24:41 DEBUG: Task 27 blocked: no orders in {1: [3]} is open yet.  [released tasks = 8]
2026-07-13 16:24:41 DEBUG: Task 32 blocked: no orders in {1: [2]} is open yet.  [released tasks = 7]
2026-07-13 16:24:41 DEBUG: Task 33 blocked: no orders in {1: [87]} is open yet.  [released tasks = 6]
2026-07-13 16:24:41 DEBUG: Task 37 blocked: no orders in {2: [54]} is open yet.  [released tasks = 5]
2026-07-13 16:24:41 DEBUG: Task 38 blocked: no orders in {1: [22]} is open yet.  [released tasks = 4]
2026-07-13 16:24:41 DEBUG: Task 39 blocked: no orders in {0: [93]} is open yet.  [released tasks = 3]
2026-07-13 16:24:41 DEBUG: Task 40 blocked: no orders in {2: [6]} is open yet.  [released tasks = 2]
2026-07-13 16:24:41 DEBUG: Task 41 blocked: no orders in {0: [63]} is open yet.  [released tasks = 1]
2026-07-13 16:24:41 DEBUG: Task 42 blocked: no orders in {3: [51]} is open yet.  [released tasks = 0]
2026-07-13 16:24:41 DEBUG:    EVENT NUM 241   current_time = 00:01:26   RELEASE_TASK          [queue size = 140]
2026-07-13 16:24:41 DEBUG: Task 43 released: pod 625 required by workstation(s) [8].  [released tasks = 11]
2026-07-13 16:24:41 DEBUG:    EVENT NUM 242   current_time = 00:01:26   START_TASK            [queue size = 140]
2026-07-13 16:24:41 DEBUG: Task 26 blocked: no orders in {0: [46]} is open yet.  [released tasks = 10]
2026-07-13 16:24:41 DEBUG: Task 27 blocked: no orders in {1: [3]} is open yet.  [released tasks = 9]
2026-07-13 16:24:41 DEBUG: Task 32 blocked: no orders in {1: [2]} is open yet.  [released tasks = 8]
2026-07-13 16:24:41 DEBUG: Task 33 blocked: no orders in {1: [87]} is open yet.  [released tasks = 7]
2026-07-13 16:24:41 DEBUG: Task 37 blocked: no orders in {2: [54]} is open yet.  [released tasks = 6]
2026-07-13 16:24:41 DEBUG: Task 38 blocked: no orders in {1: [22]} is open yet.  [released tasks = 5]
2026-07-13 16:24:41 DEBUG: Task 39 blocked: no orders in {0: [93]} is open yet.  [released tasks = 4]
2026-07-13 16:24:41 DEBUG: Task 40 blocked: no orders in {2: [6]} is open yet.  [released tasks = 3]
2026-07-13 16:24:41 DEBUG: Task 41 blocked: no orders in {0: [63]} is open yet.  [released tasks = 2]
2026-07-13 16:24:41 DEBUG: Task 42 blocked: no orders in {3: [51]} is open yet.  [released tasks = 1]
2026-07-13 16:24:41 DEBUG: Task 43 started: robot 19 → pod 625 → workstation 8 for orders {5} (arrival = 164.4 s).   [idle robots = 9/40]
2026-07-13 16:24:41 DEBUG:    EVENT NUM 243   current_time = 00:01:28   RETURN_POD            [queue size = 140]
2026-07-13 16:24:41 DEBUG: Pod 793 returned. Robot 35 idle.   [idle robots = 10/40, released tasks = 10]
2026-07-13 16:24:41 DEBUG:    EVENT NUM 244   current_time = 00:01:28   START_TASK            [queue size = 140]
2026-07-13 16:24:41 DEBUG: Task 26 blocked: no orders in {0: [46]} is open yet.  [released tasks = 9]
2026-07-13 16:24:41 DEBUG: Task 27 blocked: no orders in {1: [3]} is open yet.  [released tasks = 8]
2026-07-13 16:24:41 DEBUG: Task 32 blocked: no orders in {1: [2]} is open yet.  [released tasks = 7]
2026-07-13 16:24:41 DEBUG: Task 33 blocked: no orders in {1: [87]} is open yet.  [released tasks = 6]
2026-07-13 16:24:41 DEBUG: Task 37 blocked: no orders in {2: [54]} is open yet.  [released tasks = 5]
2026-07-13 16:24:41 DEBUG: Task 38 blocked: no orders in {1: [22]} is open yet.  [released tasks = 4]
2026-07-13 16:24:41 DEBUG: Task 39 blocked: no orders in {0: [93]} is open yet.  [released tasks = 3]
2026-07-13 16:24:41 DEBUG: Task 40 blocked: no orders in {2: [6]} is open yet.  [released tasks = 2]
2026-07-13 16:24:41 DEBUG: Task 41 blocked: no orders in {0: [63]} is open yet.  [released tasks = 1]
2026-07-13 16:24:41 DEBUG: Task 42 blocked: no orders in {3: [51]} is open yet.  [released tasks = 0]
2026-07-13 16:24:41 DEBUG:    EVENT NUM 245   current_time = 00:01:28   RELEASE_TASK          [queue size = 139]
2026-07-13 16:24:41 DEBUG: Task 44 released: pod 66 required by workstation(s) [5, 5].  [released tasks = 11]
2026-07-13 16:24:41 DEBUG:    EVENT NUM 246   current_time = 00:01:28   START_TASK            [queue size = 139]
2026-07-13 16:24:41 DEBUG: Task 26 blocked: no orders in {0: [46]} is open yet.  [released tasks = 10]
2026-07-13 16:24:41 DEBUG: Task 27 blocked: no orders in {1: [3]} is open yet.  [released tasks = 9]
2026-07-13 16:24:41 DEBUG: Task 32 blocked: no orders in {1: [2]} is open yet.  [released tasks = 8]
2026-07-13 16:24:41 DEBUG: Task 33 blocked: no orders in {1: [87]} is open yet.  [released tasks = 7]
2026-07-13 16:24:41 DEBUG: Task 37 blocked: no orders in {2: [54]} is open yet.  [released tasks = 6]
2026-07-13 16:24:41 DEBUG: Task 38 blocked: no orders in {1: [22]} is open yet.  [released tasks = 5]
2026-07-13 16:24:41 DEBUG: Task 39 blocked: no orders in {0: [93]} is open yet.  [released tasks = 4]
2026-07-13 16:24:41 DEBUG: Task 40 blocked: no orders in {2: [6]} is open yet.  [released tasks = 3]
2026-07-13 16:24:41 DEBUG: Task 41 blocked: no orders in {0: [63]} is open yet.  [released tasks = 2]
2026-07-13 16:24:41 DEBUG: Task 42 blocked: no orders in {3: [51]} is open yet.  [released tasks = 1]
2026-07-13 16:24:41 DEBUG: Task 44 started: robot 33 → pod 66 → workstation 5 for orders {77} (arrival = 237.0 s).   [idle robots = 9/40]
2026-07-13 16:24:41 DEBUG:    EVENT NUM 247   current_time = 00:01:30   ARRIVAL_ORDER         [queue size = 139]
2026-07-13 16:24:41 DEBUG: Order 117 arrived: items_required = [6647].     [orders_in_system = 111]
2026-07-13 16:24:41 DEBUG:    EVENT NUM 248   current_time = 00:01:30   RELEASE_TASK          [queue size = 139]
2026-07-13 16:24:41 DEBUG: Task 45 released: pod 331 required by workstation(s) [0].  [released tasks = 11]
2026-07-13 16:24:41 DEBUG:    EVENT NUM 249   current_time = 00:01:30   START_TASK            [queue size = 139]
2026-07-13 16:24:41 DEBUG: Task 26 blocked: no orders in {0: [46]} is open yet.  [released tasks = 10]
2026-07-13 16:24:41 DEBUG: Task 27 blocked: no orders in {1: [3]} is open yet.  [released tasks = 9]
2026-07-13 16:24:41 DEBUG: Task 32 blocked: no orders in {1: [2]} is open yet.  [released tasks = 8]
2026-07-13 16:24:41 DEBUG: Task 33 blocked: no orders in {1: [87]} is open yet.  [released tasks = 7]
2026-07-13 16:24:41 DEBUG: Task 37 blocked: no orders in {2: [54]} is open yet.  [released tasks = 6]
2026-07-13 16:24:41 DEBUG: Task 38 blocked: no orders in {1: [22]} is open yet.  [released tasks = 5]
2026-07-13 16:24:41 DEBUG: Task 39 blocked: no orders in {0: [93]} is open yet.  [released tasks = 4]
2026-07-13 16:24:41 DEBUG: Task 40 blocked: no orders in {2: [6]} is open yet.  [released tasks = 3]
2026-07-13 16:24:41 DEBUG: Task 41 blocked: no orders in {0: [63]} is open yet.  [released tasks = 2]
2026-07-13 16:24:41 DEBUG: Task 42 blocked: no orders in {3: [51]} is open yet.  [released tasks = 1]
2026-07-13 16:24:41 DEBUG: Task 45 started: robot 35 → pod 331 → workstation 0 for orders {44} (arrival = 220.3 s).   [idle robots = 8/40]
2026-07-13 16:24:41 DEBUG:    EVENT NUM 250   current_time = 00:01:31   ARRIVAL_POD_WST       [queue size = 139]
2026-07-13 16:24:41 DEBUG: Pod 694 arrived at workstation 0 - status = IDLE
2026-07-13 16:24:41 DEBUG: Pod queued at workstation.    [picking_buffer = {11: 91.13374381179139}]
2026-07-13 16:24:41 DEBUG:    EVENT NUM 251   current_time = 00:01:31   START_PICKING         [queue size = 139]
2026-07-13 16:24:41 DEBUG: Processing task 11 at workstation 0: picking items {9036} for orders {34}
2026-07-13 16:24:41 DEBUG:    EVENT NUM 252   current_time = 00:01:32   RELEASE_TASK          [queue size = 139]
2026-07-13 16:24:41 DEBUG: Task 46 released: pod 847 required by workstation(s) [2].  [released tasks = 11]
2026-07-13 16:24:41 DEBUG:    EVENT NUM 253   current_time = 00:01:32   START_TASK            [queue size = 139]
2026-07-13 16:24:41 DEBUG: Task 26 blocked: no orders in {0: [46]} is open yet.  [released tasks = 10]
2026-07-13 16:24:41 DEBUG: Task 27 blocked: no orders in {1: [3]} is open yet.  [released tasks = 9]
2026-07-13 16:24:41 DEBUG: Task 32 blocked: no orders in {1: [2]} is open yet.  [released tasks = 8]
2026-07-13 16:24:41 DEBUG: Task 33 blocked: no orders in {1: [87]} is open yet.  [released tasks = 7]
2026-07-13 16:24:41 DEBUG: Task 37 blocked: no orders in {2: [54]} is open yet.  [released tasks = 6]
2026-07-13 16:24:41 DEBUG: Task 38 blocked: no orders in {1: [22]} is open yet.  [released tasks = 5]
2026-07-13 16:24:41 DEBUG: Task 39 blocked: no orders in {0: [93]} is open yet.  [released tasks = 4]
2026-07-13 16:24:41 DEBUG: Task 40 blocked: no orders in {2: [6]} is open yet.  [released tasks = 3]
2026-07-13 16:24:41 DEBUG: Task 41 blocked: no orders in {0: [63]} is open yet.  [released tasks = 2]
2026-07-13 16:24:41 DEBUG: Task 42 blocked: no orders in {3: [51]} is open yet.  [released tasks = 1]
2026-07-13 16:24:41 DEBUG: Task 46 blocked: no orders in {2: [71]} is open yet.  [released tasks = 0]
2026-07-13 16:24:41 DEBUG:    EVENT NUM 254   current_time = 00:01:32   END_PICKING           [queue size = 138]
2026-07-13 16:24:41 DEBUG: Ended picking at workstation 3.    [picking_buffer len = {}]
2026-07-13 16:24:41 DEBUG: Task should have served orders {68}, found open orders {75, 68, 45, 62}.
2026-07-13 16:24:41 DEBUG: Task 13 heading to workstation 3.
2026-07-13 16:24:41 DEBUG:    EVENT NUM 255   current_time = 00:01:32   CLOSE_ORDER           [queue size = 139]
2026-07-13 16:24:41 DEBUG: Order 68 closed at workstation 3: flow_time = 92.4 s.     [order_buffer = 6] [open_orders = 3/4]
2026-07-13 16:24:41 DEBUG: Next order in buffer: 31
2026-07-13 16:24:41 DEBUG:    EVENT NUM 256   current_time = 00:01:32   ARRIVAL_POD_WST       [queue size = 139]
2026-07-13 16:24:41 DEBUG: Pod 494 arrived at workstation 3 - status = IDLE
2026-07-13 16:24:41 DEBUG: Pod queued at workstation.    [picking_buffer = {13: 92.43492967679819}]
2026-07-13 16:24:41 DEBUG:    EVENT NUM 257   current_time = 00:01:32   OPEN_ORDER            [queue size = 139]
2026-07-13 16:24:41 DEBUG: Order 31 (skus required = {7051, 7510}) opened at workstation 3.   [open_orders = 4/4]
2026-07-13 16:24:41 DEBUG:    EVENT NUM 258   current_time = 00:01:32   START_PICKING         [queue size = 140]
2026-07-13 16:24:41 DEBUG: Processing task 13 at workstation 3: picking items {5255} for orders {62}
2026-07-13 16:24:41 DEBUG:    EVENT NUM 259   current_time = 00:01:32   START_TASK            [queue size = 140]
2026-07-13 16:24:41 DEBUG: Task 26 blocked: no orders in {0: [46]} is open yet.  [released tasks = 10]
2026-07-13 16:24:41 DEBUG: Task 27 blocked: no orders in {1: [3]} is open yet.  [released tasks = 9]
2026-07-13 16:24:41 DEBUG: Task 32 blocked: no orders in {1: [2]} is open yet.  [released tasks = 8]
2026-07-13 16:24:41 DEBUG: Task 33 blocked: no orders in {1: [87]} is open yet.  [released tasks = 7]
2026-07-13 16:24:41 DEBUG: Task 37 blocked: no orders in {2: [54]} is open yet.  [released tasks = 6]
2026-07-13 16:24:41 DEBUG: Task 38 blocked: no orders in {1: [22]} is open yet.  [released tasks = 5]
2026-07-13 16:24:41 DEBUG: Task 39 blocked: no orders in {0: [93]} is open yet.  [released tasks = 4]
2026-07-13 16:24:41 DEBUG: Task 40 blocked: no orders in {2: [6]} is open yet.  [released tasks = 3]
2026-07-13 16:24:41 DEBUG: Task 41 blocked: no orders in {0: [63]} is open yet.  [released tasks = 2]
2026-07-13 16:24:41 DEBUG: Task 42 started: robot 3 → pod 895 → workstation 3 for orders {51} (arrival = 174.5 s).   [idle robots = 7/40]
2026-07-13 16:24:41 DEBUG:    EVENT NUM 260   current_time = 00:01:32   START_PICKING         [queue size = 140]
2026-07-13 16:24:41 DEBUG:    EVENT NUM 261   current_time = 00:01:34   RELEASE_TASK          [queue size = 139]
2026-07-13 16:24:41 DEBUG: Task 47 released: pod 594 required by workstation(s) [2].  [released tasks = 11]
2026-07-13 16:24:41 DEBUG:    EVENT NUM 262   current_time = 00:01:34   START_TASK            [queue size = 139]
2026-07-13 16:24:41 DEBUG: Task 26 blocked: no orders in {0: [46]} is open yet.  [released tasks = 10]
2026-07-13 16:24:41 DEBUG: Task 27 blocked: no orders in {1: [3]} is open yet.  [released tasks = 9]
2026-07-13 16:24:41 DEBUG: Task 32 blocked: no orders in {1: [2]} is open yet.  [released tasks = 8]
2026-07-13 16:24:41 DEBUG: Task 33 blocked: no orders in {1: [87]} is open yet.  [released tasks = 7]
2026-07-13 16:24:41 DEBUG: Task 37 blocked: no orders in {2: [54]} is open yet.  [released tasks = 6]
2026-07-13 16:24:41 DEBUG: Task 38 blocked: no orders in {1: [22]} is open yet.  [released tasks = 5]
2026-07-13 16:24:41 DEBUG: Task 39 blocked: no orders in {0: [93]} is open yet.  [released tasks = 4]
2026-07-13 16:24:41 DEBUG: Task 40 blocked: no orders in {2: [6]} is open yet.  [released tasks = 3]
2026-07-13 16:24:41 DEBUG: Task 41 blocked: no orders in {0: [63]} is open yet.  [released tasks = 2]
2026-07-13 16:24:41 DEBUG: Task 46 blocked: no orders in {2: [71]} is open yet.  [released tasks = 1]
2026-07-13 16:24:41 DEBUG: Task 47 started: robot 22 → pod 594 → workstation 2 for orders {25} (arrival = 213.2 s).   [idle robots = 6/40]
2026-07-13 16:24:41 DEBUG:    EVENT NUM 263   current_time = 00:01:35   ARRIVAL_ORDER         [queue size = 139]
2026-07-13 16:24:41 DEBUG: Order 118 arrived: items_required = [12604, 9015].     [orders_in_system = 111]
2026-07-13 16:24:41 DEBUG:    EVENT NUM 264   current_time = 00:01:36   RELEASE_TASK          [queue size = 139]
2026-07-13 16:24:41 DEBUG: Task 48 released: pod 788 required by workstation(s) [1].  [released tasks = 11]
2026-07-13 16:24:41 DEBUG:    EVENT NUM 265   current_time = 00:01:36   START_TASK            [queue size = 139]
2026-07-13 16:24:41 DEBUG: Task 26 blocked: no orders in {0: [46]} is open yet.  [released tasks = 10]
2026-07-13 16:24:41 DEBUG: Task 27 blocked: no orders in {1: [3]} is open yet.  [released tasks = 9]
2026-07-13 16:24:41 DEBUG: Task 32 blocked: no orders in {1: [2]} is open yet.  [released tasks = 8]
2026-07-13 16:24:41 DEBUG: Task 33 blocked: no orders in {1: [87]} is open yet.  [released tasks = 7]
2026-07-13 16:24:41 DEBUG: Task 37 blocked: no orders in {2: [54]} is open yet.  [released tasks = 6]
2026-07-13 16:24:41 DEBUG: Task 38 blocked: no orders in {1: [22]} is open yet.  [released tasks = 5]
2026-07-13 16:24:41 DEBUG: Task 39 blocked: no orders in {0: [93]} is open yet.  [released tasks = 4]
2026-07-13 16:24:41 DEBUG: Task 40 blocked: no orders in {2: [6]} is open yet.  [released tasks = 3]
2026-07-13 16:24:41 DEBUG: Task 41 blocked: no orders in {0: [63]} is open yet.  [released tasks = 2]
2026-07-13 16:24:41 DEBUG: Task 46 blocked: no orders in {2: [71]} is open yet.  [released tasks = 1]
2026-07-13 16:24:41 DEBUG: Task 48 started: robot 28 → pod 788 → workstation 1 for orders {84} (arrival = 133.4 s).   [idle robots = 5/40]
2026-07-13 16:24:41 DEBUG:    EVENT NUM 266   current_time = 00:01:36   ARRIVAL_POD_WST       [queue size = 139]
2026-07-13 16:24:41 DEBUG: Pod 431 arrived at workstation 2 - status = IDLE
2026-07-13 16:24:41 DEBUG: Pod queued at workstation.    [picking_buffer = {12: 96.62582660256395}]
2026-07-13 16:24:41 DEBUG:    EVENT NUM 267   current_time = 00:01:36   START_PICKING         [queue size = 139]
2026-07-13 16:24:41 DEBUG: Processing task 12 at workstation 2: picking items {6190} for orders {66}
2026-07-13 16:24:41 DEBUG:    EVENT NUM 268   current_time = 00:01:38   RELEASE_TASK          [queue size = 139]
2026-07-13 16:24:41 DEBUG: Task 49 released: pod 781 required by workstation(s) [1].  [released tasks = 11]
2026-07-13 16:24:41 DEBUG:    EVENT NUM 269   current_time = 00:01:38   START_TASK            [queue size = 139]
2026-07-13 16:24:41 DEBUG: Task 26 blocked: no orders in {0: [46]} is open yet.  [released tasks = 10]
2026-07-13 16:24:41 DEBUG: Task 27 blocked: no orders in {1: [3]} is open yet.  [released tasks = 9]
2026-07-13 16:24:41 DEBUG: Task 32 blocked: no orders in {1: [2]} is open yet.  [released tasks = 8]
2026-07-13 16:24:41 DEBUG: Task 33 blocked: no orders in {1: [87]} is open yet.  [released tasks = 7]
2026-07-13 16:24:41 DEBUG: Task 37 blocked: no orders in {2: [54]} is open yet.  [released tasks = 6]
2026-07-13 16:24:41 DEBUG: Task 38 blocked: no orders in {1: [22]} is open yet.  [released tasks = 5]
2026-07-13 16:24:41 DEBUG: Task 39 blocked: no orders in {0: [93]} is open yet.  [released tasks = 4]
2026-07-13 16:24:41 DEBUG: Task 40 blocked: no orders in {2: [6]} is open yet.  [released tasks = 3]
2026-07-13 16:24:41 DEBUG: Task 41 blocked: no orders in {0: [63]} is open yet.  [released tasks = 2]
2026-07-13 16:24:41 DEBUG: Task 46 blocked: no orders in {2: [71]} is open yet.  [released tasks = 1]
2026-07-13 16:24:41 DEBUG: Task 49 blocked: no orders in {1: [87]} is open yet.  [released tasks = 0]
2026-07-13 16:24:41 DEBUG:    EVENT NUM 270   current_time = 00:01:40   ARRIVAL_ORDER         [queue size = 138]
2026-07-13 16:24:41 DEBUG: Order 119 arrived: items_required = [1316].     [orders_in_system = 112]
2026-07-13 16:24:41 DEBUG:    EVENT NUM 271   current_time = 00:01:40   ARRIVAL_POD_WST       [queue size = 138]
2026-07-13 16:24:41 DEBUG: Pod 283 arrived at workstation 3 - status = BUSY
2026-07-13 16:24:41 DEBUG: Pod queued at workstation.    [picking_buffer = {10: 100.11070525739771}]
2026-07-13 16:24:41 DEBUG:    EVENT NUM 272   current_time = 00:01:40   RELEASE_TASK          [queue size = 137]
2026-07-13 16:24:41 DEBUG: Task 50 released: pod 151 required by workstation(s) [0].  [released tasks = 12]
2026-07-13 16:24:41 DEBUG:    EVENT NUM 273   current_time = 00:01:40   START_TASK            [queue size = 137]
2026-07-13 16:24:41 DEBUG: Task 26 blocked: no orders in {0: [46]} is open yet.  [released tasks = 11]
2026-07-13 16:24:41 DEBUG: Task 27 blocked: no orders in {1: [3]} is open yet.  [released tasks = 10]
2026-07-13 16:24:41 DEBUG: Task 32 blocked: no orders in {1: [2]} is open yet.  [released tasks = 9]
2026-07-13 16:24:41 DEBUG: Task 33 blocked: no orders in {1: [87]} is open yet.  [released tasks = 8]
2026-07-13 16:24:41 DEBUG: Task 37 blocked: no orders in {2: [54]} is open yet.  [released tasks = 7]
2026-07-13 16:24:41 DEBUG: Task 38 blocked: no orders in {1: [22]} is open yet.  [released tasks = 6]
2026-07-13 16:24:41 DEBUG: Task 39 blocked: no orders in {0: [93]} is open yet.  [released tasks = 5]
2026-07-13 16:24:41 DEBUG: Task 40 blocked: no orders in {2: [6]} is open yet.  [released tasks = 4]
2026-07-13 16:24:41 DEBUG: Task 41 blocked: no orders in {0: [63]} is open yet.  [released tasks = 3]
2026-07-13 16:24:41 DEBUG: Task 46 blocked: no orders in {2: [71]} is open yet.  [released tasks = 2]
2026-07-13 16:24:41 DEBUG: Task 49 blocked: no orders in {1: [87]} is open yet.  [released tasks = 1]
2026-07-13 16:24:41 DEBUG: Task 50 started: robot 20 → pod 151 → workstation 0 for orders {44} (arrival = 247.4 s).   [idle robots = 4/40]
2026-07-13 16:24:41 DEBUG:    EVENT NUM 274   current_time = 00:01:41   END_PICKING           [queue size = 137]
2026-07-13 16:24:41 DEBUG: Ended picking at workstation 0.    [picking_buffer len = {}]
2026-07-13 16:24:41 DEBUG: Task should have served orders {34}, found open orders {64, 34, 44, 81}.
2026-07-13 16:24:41 DEBUG: Task 11 completed: pod 694 returning to storage.
2026-07-13 16:24:41 DEBUG:    EVENT NUM 275   current_time = 00:01:41   CLOSE_ORDER           [queue size = 138]
2026-07-13 16:24:41 DEBUG: Order 34 closed at workstation 0: flow_time = 101.1 s.     [order_buffer = 10] [open_orders = 3/4]
2026-07-13 16:24:41 DEBUG: Next order in buffer: 42
2026-07-13 16:24:41 DEBUG:    EVENT NUM 276   current_time = 00:01:41   OPEN_ORDER            [queue size = 138]
2026-07-13 16:24:41 DEBUG: Order 42 (skus required = {8402}) opened at workstation 0.   [open_orders = 4/4]
2026-07-13 16:24:41 DEBUG:    EVENT NUM 277   current_time = 00:01:41   START_TASK            [queue size = 138]
2026-07-13 16:24:41 DEBUG: Task 26 started: robot 23 → pod 272 → workstation 0 for orders {46} (arrival = 220.5 s).   [idle robots = 3/40]
2026-07-13 16:24:41 DEBUG:    EVENT NUM 278   current_time = 00:01:42   RELEASE_TASK          [queue size = 138]
2026-07-13 16:24:41 DEBUG: Task 51 released: pod 629 required by workstation(s) [2].  [released tasks = 11]
2026-07-13 16:24:41 DEBUG:    EVENT NUM 279   current_time = 00:01:42   START_TASK            [queue size = 138]
2026-07-13 16:24:41 DEBUG: Task 27 blocked: no orders in {1: [3]} is open yet.  [released tasks = 10]
2026-07-13 16:24:41 DEBUG: Task 32 blocked: no orders in {1: [2]} is open yet.  [released tasks = 9]
2026-07-13 16:24:41 DEBUG: Task 33 blocked: no orders in {1: [87]} is open yet.  [released tasks = 8]
2026-07-13 16:24:41 DEBUG: Task 37 blocked: no orders in {2: [54]} is open yet.  [released tasks = 7]
2026-07-13 16:24:41 DEBUG: Task 38 blocked: no orders in {1: [22]} is open yet.  [released tasks = 6]
2026-07-13 16:24:41 DEBUG: Task 39 blocked: no orders in {0: [93]} is open yet.  [released tasks = 5]
2026-07-13 16:24:41 DEBUG: Task 40 blocked: no orders in {2: [6]} is open yet.  [released tasks = 4]
2026-07-13 16:24:41 DEBUG: Task 41 blocked: no orders in {0: [63]} is open yet.  [released tasks = 3]
2026-07-13 16:24:41 DEBUG: Task 46 blocked: no orders in {2: [71]} is open yet.  [released tasks = 2]
2026-07-13 16:24:41 DEBUG: Task 49 blocked: no orders in {1: [87]} is open yet.  [released tasks = 1]
2026-07-13 16:24:41 DEBUG: Task 51 started: robot 39 → pod 629 → workstation 2 for orders {25} (arrival = 244.7 s).   [idle robots = 2/40]
2026-07-13 16:24:41 DEBUG:    EVENT NUM 280   current_time = 00:01:42   END_PICKING           [queue size = 138]
2026-07-13 16:24:41 DEBUG: Ended picking at workstation 3.    [picking_buffer len = {10: 100.11070525739771}]
2026-07-13 16:24:41 DEBUG: Task should have served orders {62}, found open orders {75, 45, 62, 31}.
2026-07-13 16:24:41 DEBUG: Task 13 completed: pod 494 returning to storage.
2026-07-13 16:24:41 DEBUG:    EVENT NUM 281   current_time = 00:01:42   START_PICKING         [queue size = 139]
2026-07-13 16:24:41 DEBUG: Processing task 10 at workstation 3: picking items {6519} for orders {75}
2026-07-13 16:24:41 DEBUG:    EVENT NUM 282   current_time = 00:01:44   ARRIVAL_POD_WST       [queue size = 139]
2026-07-13 16:24:41 DEBUG: Pod 462 arrived at workstation 2 - status = BUSY
2026-07-13 16:24:41 DEBUG: Pod queued at workstation.    [picking_buffer = {25: 104.05288194666724}]
2026-07-13 16:24:41 DEBUG:    EVENT NUM 283   current_time = 00:01:44   RELEASE_TASK          [queue size = 138]
2026-07-13 16:24:41 DEBUG: Task 52 released: pod 249 required by workstation(s) [0].  [released tasks = 11]
2026-07-13 16:24:41 DEBUG:    EVENT NUM 284   current_time = 00:01:44   START_TASK            [queue size = 138]
2026-07-13 16:24:41 DEBUG: Task 27 blocked: no orders in {1: [3]} is open yet.  [released tasks = 10]
2026-07-13 16:24:41 DEBUG: Task 32 blocked: no orders in {1: [2]} is open yet.  [released tasks = 9]
2026-07-13 16:24:41 DEBUG: Task 33 blocked: no orders in {1: [87]} is open yet.  [released tasks = 8]
2026-07-13 16:24:41 DEBUG: Task 37 blocked: no orders in {2: [54]} is open yet.  [released tasks = 7]
2026-07-13 16:24:41 DEBUG: Task 38 blocked: no orders in {1: [22]} is open yet.  [released tasks = 6]
2026-07-13 16:24:41 DEBUG: Task 39 blocked: no orders in {0: [93]} is open yet.  [released tasks = 5]
2026-07-13 16:24:41 DEBUG: Task 40 blocked: no orders in {2: [6]} is open yet.  [released tasks = 4]
2026-07-13 16:24:41 DEBUG: Task 41 blocked: no orders in {0: [63]} is open yet.  [released tasks = 3]
2026-07-13 16:24:41 DEBUG: Task 46 blocked: no orders in {2: [71]} is open yet.  [released tasks = 2]
2026-07-13 16:24:41 DEBUG: Task 49 blocked: no orders in {1: [87]} is open yet.  [released tasks = 1]
2026-07-13 16:24:41 DEBUG: Task 52 blocked: no orders in {0: [93]} is open yet.  [released tasks = 0]
2026-07-13 16:24:41 DEBUG:    EVENT NUM 285   current_time = 00:01:45   ARRIVAL_ORDER         [queue size = 137]
2026-07-13 16:24:41 DEBUG: Order 120 arrived: items_required = [9292, 7333].     [orders_in_system = 112]
2026-07-13 16:24:41 DEBUG:    EVENT NUM 286   current_time = 00:01:45   RETURN_POD            [queue size = 137]
2026-07-13 16:24:41 DEBUG: Pod 734 returned. Robot 6 idle.   [idle robots = 3/40, released tasks = 11]
2026-07-13 16:24:41 DEBUG:    EVENT NUM 287   current_time = 00:01:45   START_TASK            [queue size = 137]
2026-07-13 16:24:41 DEBUG: Task 27 blocked: no orders in {1: [3]} is open yet.  [released tasks = 10]
2026-07-13 16:24:41 DEBUG: Task 32 blocked: no orders in {1: [2]} is open yet.  [released tasks = 9]
2026-07-13 16:24:41 DEBUG: Task 33 blocked: no orders in {1: [87]} is open yet.  [released tasks = 8]
2026-07-13 16:24:41 DEBUG: Task 37 blocked: no orders in {2: [54]} is open yet.  [released tasks = 7]
2026-07-13 16:24:41 DEBUG: Task 38 blocked: no orders in {1: [22]} is open yet.  [released tasks = 6]
2026-07-13 16:24:41 DEBUG: Task 39 blocked: no orders in {0: [93]} is open yet.  [released tasks = 5]
2026-07-13 16:24:41 DEBUG: Task 40 blocked: no orders in {2: [6]} is open yet.  [released tasks = 4]
2026-07-13 16:24:41 DEBUG: Task 41 blocked: no orders in {0: [63]} is open yet.  [released tasks = 3]
2026-07-13 16:24:41 DEBUG: Task 46 blocked: no orders in {2: [71]} is open yet.  [released tasks = 2]
2026-07-13 16:24:41 DEBUG: Task 49 blocked: no orders in {1: [87]} is open yet.  [released tasks = 1]
2026-07-13 16:24:41 DEBUG: Task 52 blocked: no orders in {0: [93]} is open yet.  [released tasks = 0]
2026-07-13 16:24:41 DEBUG:    EVENT NUM 288   current_time = 00:01:46   ARRIVAL_POD_WST       [queue size = 136]
2026-07-13 16:24:41 DEBUG: Pod 495 arrived at workstation 3 - status = BUSY
2026-07-13 16:24:41 DEBUG: Pod queued at workstation.    [picking_buffer = {24: 106.22902290905625}]
2026-07-13 16:24:41 DEBUG:    EVENT NUM 289   current_time = 00:01:46   RELEASE_TASK          [queue size = 135]
2026-07-13 16:24:41 DEBUG: Task 53 released: pod 232 required by workstation(s) [0].  [released tasks = 12]
2026-07-13 16:24:41 DEBUG:    EVENT NUM 290   current_time = 00:01:46   START_TASK            [queue size = 135]
2026-07-13 16:24:41 DEBUG: Task 27 blocked: no orders in {1: [3]} is open yet.  [released tasks = 11]
2026-07-13 16:24:41 DEBUG: Task 32 blocked: no orders in {1: [2]} is open yet.  [released tasks = 10]
2026-07-13 16:24:41 DEBUG: Task 33 blocked: no orders in {1: [87]} is open yet.  [released tasks = 9]
2026-07-13 16:24:41 DEBUG: Task 37 blocked: no orders in {2: [54]} is open yet.  [released tasks = 8]
2026-07-13 16:24:41 DEBUG: Task 38 blocked: no orders in {1: [22]} is open yet.  [released tasks = 7]
2026-07-13 16:24:41 DEBUG: Task 39 blocked: no orders in {0: [93]} is open yet.  [released tasks = 6]
2026-07-13 16:24:41 DEBUG: Task 40 blocked: no orders in {2: [6]} is open yet.  [released tasks = 5]
2026-07-13 16:24:41 DEBUG: Task 41 blocked: no orders in {0: [63]} is open yet.  [released tasks = 4]
2026-07-13 16:24:41 DEBUG: Task 46 blocked: no orders in {2: [71]} is open yet.  [released tasks = 3]
2026-07-13 16:24:41 DEBUG: Task 49 blocked: no orders in {1: [87]} is open yet.  [released tasks = 2]
2026-07-13 16:24:41 DEBUG: Task 52 blocked: no orders in {0: [93]} is open yet.  [released tasks = 1]
2026-07-13 16:24:41 DEBUG: Task 53 blocked: no orders in {0: [36, 14]} is open yet.  [released tasks = 0]
2026-07-13 16:24:41 DEBUG:    EVENT NUM 291   current_time = 00:01:46   END_PICKING           [queue size = 134]
2026-07-13 16:24:41 DEBUG: Ended picking at workstation 2.    [picking_buffer len = {25: 104.05288194666724}]
2026-07-13 16:24:41 DEBUG: Task should have served orders {66}, found open orders {66, 25, 29, 30}.
2026-07-13 16:24:41 DEBUG: Task 12 completed: pod 431 returning to storage.
2026-07-13 16:24:41 DEBUG:    EVENT NUM 292   current_time = 00:01:46   CLOSE_ORDER           [queue size = 136]
2026-07-13 16:24:41 DEBUG: Order 66 closed at workstation 2: flow_time = 106.6 s.     [order_buffer = 5] [open_orders = 3/4]
2026-07-13 16:24:41 DEBUG: Next order in buffer: 72
2026-07-13 16:24:41 DEBUG:    EVENT NUM 293   current_time = 00:01:46   START_PICKING         [queue size = 136]
2026-07-13 16:24:41 DEBUG: Processing task 25 at workstation 2: picking items {7156} for orders {25}
2026-07-13 16:24:41 DEBUG:    EVENT NUM 294   current_time = 00:01:46   OPEN_ORDER            [queue size = 136]
2026-07-13 16:24:41 DEBUG: Order 72 (skus required = {2545}) opened at workstation 2.   [open_orders = 4/4]
2026-07-13 16:24:41 DEBUG:    EVENT NUM 295   current_time = 00:01:46   START_TASK            [queue size = 136]
2026-07-13 16:24:41 DEBUG: Task 27 blocked: no orders in {1: [3]} is open yet.  [released tasks = 11]
2026-07-13 16:24:41 DEBUG: Task 32 blocked: no orders in {1: [2]} is open yet.  [released tasks = 10]
2026-07-13 16:24:41 DEBUG: Task 33 blocked: no orders in {1: [87]} is open yet.  [released tasks = 9]
2026-07-13 16:24:41 DEBUG: Task 37 started: robot 6 → pod 490 → workstation 2 for orders {54} (arrival = 176.3 s).   [idle robots = 2/40]
2026-07-13 16:24:41 DEBUG:    EVENT NUM 296   current_time = 00:01:48   RELEASE_TASK          [queue size = 136]
2026-07-13 16:24:41 DEBUG: Task 54 released: pod 87 required by workstation(s) [8].  [released tasks = 12]
2026-07-13 16:24:41 DEBUG:    EVENT NUM 297   current_time = 00:01:48   START_TASK            [queue size = 136]
2026-07-13 16:24:41 DEBUG: Task 27 blocked: no orders in {1: [3]} is open yet.  [released tasks = 11]
2026-07-13 16:24:41 DEBUG: Task 32 blocked: no orders in {1: [2]} is open yet.  [released tasks = 10]
2026-07-13 16:24:41 DEBUG: Task 33 blocked: no orders in {1: [87]} is open yet.  [released tasks = 9]
2026-07-13 16:24:41 DEBUG: Task 38 blocked: no orders in {1: [22]} is open yet.  [released tasks = 8]
2026-07-13 16:24:41 DEBUG: Task 39 blocked: no orders in {0: [93]} is open yet.  [released tasks = 7]
2026-07-13 16:24:41 DEBUG: Task 40 blocked: no orders in {2: [6]} is open yet.  [released tasks = 6]
2026-07-13 16:24:41 DEBUG: Task 41 blocked: no orders in {0: [63]} is open yet.  [released tasks = 5]
2026-07-13 16:24:41 DEBUG: Task 46 blocked: no orders in {2: [71]} is open yet.  [released tasks = 4]
2026-07-13 16:24:41 DEBUG: Task 49 blocked: no orders in {1: [87]} is open yet.  [released tasks = 3]
2026-07-13 16:24:41 DEBUG: Task 52 blocked: no orders in {0: [93]} is open yet.  [released tasks = 2]
2026-07-13 16:24:41 DEBUG: Task 53 blocked: no orders in {0: [36, 14]} is open yet.  [released tasks = 1]
2026-07-13 16:24:41 DEBUG: Task 54 started: robot 26 → pod 87 → workstation 8 for orders {65} (arrival = 264.9 s).   [idle robots = 1/40]
2026-07-13 16:24:41 DEBUG:    EVENT NUM 298   current_time = 00:01:50   ARRIVAL_ORDER         [queue size = 136]
2026-07-13 16:24:41 DEBUG: Order 121 arrived: items_required = [3624, 1145].     [orders_in_system = 112]
2026-07-13 16:24:41 DEBUG:    EVENT NUM 299   current_time = 00:01:50   RELEASE_TASK          [queue size = 136]
2026-07-13 16:24:41 DEBUG: Task 55 released: pod 234 required by workstation(s) [3, 3].  [released tasks = 12]
2026-07-13 16:24:41 DEBUG:    EVENT NUM 300   current_time = 00:01:50   START_TASK            [queue size = 136]
2026-07-13 16:24:41 DEBUG: Task 27 blocked: no orders in {1: [3]} is open yet.  [released tasks = 11]
2026-07-13 16:24:41 DEBUG: Task 32 blocked: no orders in {1: [2]} is open yet.  [released tasks = 10]
2026-07-13 16:24:41 DEBUG: Task 33 blocked: no orders in {1: [87]} is open yet.  [released tasks = 9]
2026-07-13 16:24:41 DEBUG: Task 38 blocked: no orders in {1: [22]} is open yet.  [released tasks = 8]
2026-07-13 16:24:41 DEBUG: Task 39 blocked: no orders in {0: [93]} is open yet.  [released tasks = 7]
2026-07-13 16:24:41 DEBUG: Task 40 blocked: no orders in {2: [6]} is open yet.  [released tasks = 6]
2026-07-13 16:24:41 DEBUG: Task 41 blocked: no orders in {0: [63]} is open yet.  [released tasks = 5]
2026-07-13 16:24:41 DEBUG: Task 46 blocked: no orders in {2: [71]} is open yet.  [released tasks = 4]
2026-07-13 16:24:41 DEBUG: Task 49 blocked: no orders in {1: [87]} is open yet.  [released tasks = 3]
2026-07-13 16:24:41 DEBUG: Task 52 blocked: no orders in {0: [93]} is open yet.  [released tasks = 2]
2026-07-13 16:24:41 DEBUG: Task 53 blocked: no orders in {0: [36, 14]} is open yet.  [released tasks = 1]
2026-07-13 16:24:41 DEBUG: Task 55 started: robot 8 → pod 234 → workstation 3 for orders {58} (arrival = 253.4 s).   [idle robots = 0/40]
2026-07-13 16:24:41 DEBUG:    EVENT NUM 301   current_time = 00:01:52   RELEASE_TASK          [queue size = 136]
2026-07-13 16:24:41 DEBUG: Task 56 released: pod 550 required by workstation(s) [1].  [released tasks = 12]
2026-07-13 16:24:41 DEBUG:    EVENT NUM 302   current_time = 00:01:52   END_PICKING           [queue size = 135]
2026-07-13 16:24:41 DEBUG: Ended picking at workstation 3.    [picking_buffer len = {24: 106.22902290905625}]
2026-07-13 16:24:41 DEBUG: Task should have served orders {75}, found open orders {75, 45, 62, 31}.
2026-07-13 16:24:41 DEBUG: Task 10 completed: pod 283 returning to storage.
2026-07-13 16:24:41 DEBUG:    EVENT NUM 303   current_time = 00:01:52   CLOSE_ORDER           [queue size = 137]
2026-07-13 16:24:41 DEBUG: Order 75 closed at workstation 3: flow_time = 112.4 s.     [order_buffer = 5] [open_orders = 3/4]
2026-07-13 16:24:41 DEBUG: Next order in buffer: 51
2026-07-13 16:24:41 DEBUG:    EVENT NUM 304   current_time = 00:01:52   START_PICKING         [queue size = 137]
2026-07-13 16:24:41 DEBUG: Processing task 24 at workstation 3: picking items {7051} for orders {31}
2026-07-13 16:24:41 DEBUG:    EVENT NUM 305   current_time = 00:01:52   OPEN_ORDER            [queue size = 137]
2026-07-13 16:24:41 DEBUG: Order 51 (skus required = {2848, 7892}) opened at workstation 3.   [open_orders = 4/4]
2026-07-13 16:24:41 DEBUG:    EVENT NUM 306   current_time = 00:01:52   START_TASK            [queue size = 137]
2026-07-13 16:24:41 DEBUG: Task 27 blocked: no orders in {1: [3]} is open yet.  [released tasks = 11]
2026-07-13 16:24:41 DEBUG: Task 32 blocked: no orders in {1: [2]} is open yet.  [released tasks = 10]
2026-07-13 16:24:41 DEBUG: Task 33 blocked: no orders in {1: [87]} is open yet.  [released tasks = 9]
2026-07-13 16:24:41 DEBUG: Task 38 blocked: no orders in {1: [22]} is open yet.  [released tasks = 8]
2026-07-13 16:24:41 DEBUG: Task 39 blocked: no orders in {0: [93]} is open yet.  [released tasks = 7]
2026-07-13 16:24:41 DEBUG: Task 40 blocked: no orders in {2: [6]} is open yet.  [released tasks = 6]
2026-07-13 16:24:41 DEBUG: Task 41 blocked: no orders in {0: [63]} is open yet.  [released tasks = 5]
2026-07-13 16:24:41 DEBUG: Task 46 blocked: no orders in {2: [71]} is open yet.  [released tasks = 4]
2026-07-13 16:24:41 DEBUG: Task 49 blocked: no orders in {1: [87]} is open yet.  [released tasks = 3]
2026-07-13 16:24:41 DEBUG: Task 52 blocked: no orders in {0: [93]} is open yet.  [released tasks = 2]
2026-07-13 16:24:41 DEBUG: Task 53 blocked: no orders in {0: [36, 14]} is open yet.  [released tasks = 1]
2026-07-13 16:24:41 DEBUG: Task 56 blocked: no orders in {1: [32]} is open yet.  [released tasks = 0]
2026-07-13 16:24:41 DEBUG:    EVENT NUM 307   current_time = 00:01:54   RETURN_POD            [queue size = 136]
2026-07-13 16:24:41 DEBUG: Pod 787 returned. Robot 18 idle.   [idle robots = 1/40, released tasks = 12]
2026-07-13 16:24:41 DEBUG:    EVENT NUM 308   current_time = 00:01:54   START_TASK            [queue size = 136]
2026-07-13 16:24:41 DEBUG: Task 27 blocked: no orders in {1: [3]} is open yet.  [released tasks = 11]
2026-07-13 16:24:41 DEBUG: Task 32 blocked: no orders in {1: [2]} is open yet.  [released tasks = 10]
2026-07-13 16:24:41 DEBUG: Task 33 blocked: no orders in {1: [87]} is open yet.  [released tasks = 9]
2026-07-13 16:24:41 DEBUG: Task 38 blocked: no orders in {1: [22]} is open yet.  [released tasks = 8]
2026-07-13 16:24:41 DEBUG: Task 39 blocked: no orders in {0: [93]} is open yet.  [released tasks = 7]
2026-07-13 16:24:41 DEBUG: Task 40 blocked: no orders in {2: [6]} is open yet.  [released tasks = 6]
2026-07-13 16:24:41 DEBUG: Task 41 blocked: no orders in {0: [63]} is open yet.  [released tasks = 5]
2026-07-13 16:24:41 DEBUG: Task 46 blocked: no orders in {2: [71]} is open yet.  [released tasks = 4]
2026-07-13 16:24:41 DEBUG: Task 49 blocked: no orders in {1: [87]} is open yet.  [released tasks = 3]
2026-07-13 16:24:41 DEBUG: Task 52 blocked: no orders in {0: [93]} is open yet.  [released tasks = 2]
2026-07-13 16:24:41 DEBUG: Task 53 blocked: no orders in {0: [36, 14]} is open yet.  [released tasks = 1]
2026-07-13 16:24:41 DEBUG: Task 56 blocked: no orders in {1: [32]} is open yet.  [released tasks = 0]
2026-07-13 16:24:41 DEBUG:    EVENT NUM 309   current_time = 00:01:54   RELEASE_TASK          [queue size = 135]
2026-07-13 16:24:41 DEBUG: Task 57 released: pod 345 required by workstation(s) [0].  [released tasks = 13]
2026-07-13 16:24:41 DEBUG:    EVENT NUM 310   current_time = 00:01:54   START_TASK            [queue size = 135]
2026-07-13 16:24:41 DEBUG: Task 27 blocked: no orders in {1: [3]} is open yet.  [released tasks = 12]
2026-07-13 16:24:41 DEBUG: Task 32 blocked: no orders in {1: [2]} is open yet.  [released tasks = 11]
2026-07-13 16:24:41 DEBUG: Task 33 blocked: no orders in {1: [87]} is open yet.  [released tasks = 10]
2026-07-13 16:24:41 DEBUG: Task 38 blocked: no orders in {1: [22]} is open yet.  [released tasks = 9]
2026-07-13 16:24:41 DEBUG: Task 39 blocked: no orders in {0: [93]} is open yet.  [released tasks = 8]
2026-07-13 16:24:41 DEBUG: Task 40 blocked: no orders in {2: [6]} is open yet.  [released tasks = 7]
2026-07-13 16:24:41 DEBUG: Task 41 blocked: no orders in {0: [63]} is open yet.  [released tasks = 6]
2026-07-13 16:24:41 DEBUG: Task 46 blocked: no orders in {2: [71]} is open yet.  [released tasks = 5]
2026-07-13 16:24:41 DEBUG: Task 49 blocked: no orders in {1: [87]} is open yet.  [released tasks = 4]
2026-07-13 16:24:41 DEBUG: Task 52 blocked: no orders in {0: [93]} is open yet.  [released tasks = 3]
2026-07-13 16:24:41 DEBUG: Task 53 blocked: no orders in {0: [36, 14]} is open yet.  [released tasks = 2]
2026-07-13 16:24:41 DEBUG: Task 56 blocked: no orders in {1: [32]} is open yet.  [released tasks = 1]
2026-07-13 16:24:41 DEBUG: Task 57 blocked: no orders in {0: [36]} is open yet.  [released tasks = 0]
2026-07-13 16:24:41 DEBUG:    EVENT NUM 311   current_time = 00:01:55   ARRIVAL_ORDER         [queue size = 134]
2026-07-13 16:24:41 DEBUG: Order 122 arrived: items_required = [9383].     [orders_in_system = 112]
2026-07-13 16:24:41 DEBUG:    EVENT NUM 312   current_time = 00:01:56   RELEASE_TASK          [queue size = 134]
2026-07-13 16:24:41 DEBUG: Task 58 released: pod 655 required by workstation(s) [6].  [released tasks = 14]
2026-07-13 16:24:41 DEBUG:    EVENT NUM 313   current_time = 00:01:56   START_TASK            [queue size = 134]
2026-07-13 16:24:41 DEBUG: Task 27 blocked: no orders in {1: [3]} is open yet.  [released tasks = 13]
2026-07-13 16:24:41 DEBUG: Task 32 blocked: no orders in {1: [2]} is open yet.  [released tasks = 12]
2026-07-13 16:24:41 DEBUG: Task 33 blocked: no orders in {1: [87]} is open yet.  [released tasks = 11]
2026-07-13 16:24:41 DEBUG: Task 38 blocked: no orders in {1: [22]} is open yet.  [released tasks = 10]
2026-07-13 16:24:41 DEBUG: Task 39 blocked: no orders in {0: [93]} is open yet.  [released tasks = 9]
2026-07-13 16:24:41 DEBUG: Task 40 blocked: no orders in {2: [6]} is open yet.  [released tasks = 8]
2026-07-13 16:24:41 DEBUG: Task 41 blocked: no orders in {0: [63]} is open yet.  [released tasks = 7]
2026-07-13 16:24:41 DEBUG: Task 46 blocked: no orders in {2: [71]} is open yet.  [released tasks = 6]
2026-07-13 16:24:41 DEBUG: Task 49 blocked: no orders in {1: [87]} is open yet.  [released tasks = 5]
2026-07-13 16:24:41 DEBUG: Task 52 blocked: no orders in {0: [93]} is open yet.  [released tasks = 4]
2026-07-13 16:24:41 DEBUG: Task 53 blocked: no orders in {0: [36, 14]} is open yet.  [released tasks = 3]
2026-07-13 16:24:41 DEBUG: Task 56 blocked: no orders in {1: [32]} is open yet.  [released tasks = 2]
2026-07-13 16:24:41 DEBUG: Task 57 blocked: no orders in {0: [36]} is open yet.  [released tasks = 1]
2026-07-13 16:24:41 DEBUG: Task 58 started: robot 18 → pod 655 → workstation 6 for orders {53} (arrival = 206.1 s).   [idle robots = 0/40]
2026-07-13 16:24:41 DEBUG:    EVENT NUM 314   current_time = 00:01:56   END_PICKING           [queue size = 134]
2026-07-13 16:24:41 DEBUG: Ended picking at workstation 2.    [picking_buffer len = {}]
2026-07-13 16:24:41 DEBUG: Task should have served orders {25}, found open orders {72, 25, 29, 30}.
2026-07-13 16:24:41 DEBUG: Task 25 completed: pod 462 returning to storage.
2026-07-13 16:24:41 DEBUG:    EVENT NUM 315   current_time = 00:01:57   ARRIVAL_POD_WST       [queue size = 134]
2026-07-13 16:24:41 DEBUG: Pod 280 arrived at workstation 1 - status = IDLE
2026-07-13 16:24:41 DEBUG: Pod queued at workstation.    [picking_buffer = {19: 117.22775830976954}]
2026-07-13 16:24:41 DEBUG:    EVENT NUM 316   current_time = 00:01:57   START_PICKING         [queue size = 134]
2026-07-13 16:24:41 DEBUG: Processing task 19 at workstation 1: picking items {8153} for orders {76}
2026-07-13 16:24:41 DEBUG:    EVENT NUM 317   current_time = 00:01:58   RELEASE_TASK          [queue size = 134]
2026-07-13 16:24:41 DEBUG: Task 59 released: pod 709 required by workstation(s) [8].  [released tasks = 14]
2026-07-13 16:24:41 DEBUG:    EVENT NUM 318   current_time = 00:01:58   ARRIVAL_POD_WST       [queue size = 133]
2026-07-13 16:24:41 DEBUG: Pod 429 arrived at workstation 2 - status = IDLE
2026-07-13 16:24:41 DEBUG: Pod queued at workstation.    [picking_buffer = {20: 118.99129746698725}]
2026-07-13 16:24:41 DEBUG:    EVENT NUM 319   current_time = 00:01:58   START_PICKING         [queue size = 133]
2026-07-13 16:24:41 DEBUG: Processing task 20 at workstation 2: picking items {6597} for orders {29}
2026-07-13 16:24:41 DEBUG:    EVENT NUM 320   current_time = 00:02:00   ARRIVAL_ORDER         [queue size = 133]
2026-07-13 16:24:41 DEBUG: Order 123 arrived: items_required = [4560].     [orders_in_system = 113]
2026-07-13 16:24:41 DEBUG:    EVENT NUM 321   current_time = 00:02:00   RELEASE_TASK          [queue size = 133]
2026-07-13 16:24:41 DEBUG: Task 60 released: pod 850 required by workstation(s) [2].  [released tasks = 15]
2026-07-13 16:24:41 DEBUG:    EVENT NUM 322   current_time = 00:02:02   RELEASE_TASK          [queue size = 132]
2026-07-13 16:24:41 DEBUG: Task 61 released: pod 749 required by workstation(s) [7].  [released tasks = 16]
2026-07-13 16:24:41 DEBUG:    EVENT NUM 323   current_time = 00:02:02   END_PICKING           [queue size = 131]
2026-07-13 16:24:41 DEBUG: Ended picking at workstation 3.    [picking_buffer len = {}]
2026-07-13 16:24:41 DEBUG: Task should have served orders {31}, found open orders {45, 51, 62, 31}.
2026-07-13 16:24:41 DEBUG: Task 24 completed: pod 495 returning to storage.
2026-07-13 16:24:41 DEBUG:    EVENT NUM 324   current_time = 00:02:03   RETURN_POD            [queue size = 131]
2026-07-13 16:24:41 DEBUG: Pod 524 returned. Robot 31 idle.   [idle robots = 1/40, released tasks = 16]
2026-07-13 16:24:41 DEBUG:    EVENT NUM 325   current_time = 00:02:03   START_TASK            [queue size = 131]
2026-07-13 16:24:41 DEBUG: Task 27 blocked: no orders in {1: [3]} is open yet.  [released tasks = 15]
2026-07-13 16:24:41 DEBUG: Task 32 blocked: no orders in {1: [2]} is open yet.  [released tasks = 14]
2026-07-13 16:24:41 DEBUG: Task 33 blocked: no orders in {1: [87]} is open yet.  [released tasks = 13]
2026-07-13 16:24:41 DEBUG: Task 38 blocked: no orders in {1: [22]} is open yet.  [released tasks = 12]
2026-07-13 16:24:41 DEBUG: Task 39 blocked: no orders in {0: [93]} is open yet.  [released tasks = 11]
2026-07-13 16:24:41 DEBUG: Task 40 blocked: no orders in {2: [6]} is open yet.  [released tasks = 10]
2026-07-13 16:24:41 DEBUG: Task 41 blocked: no orders in {0: [63]} is open yet.  [released tasks = 9]
2026-07-13 16:24:41 DEBUG: Task 46 blocked: no orders in {2: [71]} is open yet.  [released tasks = 8]
2026-07-13 16:24:41 DEBUG: Task 49 blocked: no orders in {1: [87]} is open yet.  [released tasks = 7]
2026-07-13 16:24:41 DEBUG: Task 52 blocked: no orders in {0: [93]} is open yet.  [released tasks = 6]
2026-07-13 16:24:41 DEBUG: Task 53 blocked: no orders in {0: [36, 14]} is open yet.  [released tasks = 5]
2026-07-13 16:24:41 DEBUG: Task 56 blocked: no orders in {1: [32]} is open yet.  [released tasks = 4]
2026-07-13 16:24:41 DEBUG: Task 57 blocked: no orders in {0: [36]} is open yet.  [released tasks = 3]
2026-07-13 16:24:41 DEBUG: Task 59 started: robot 31 → pod 709 → workstation 8 for orders {59} (arrival = 155.6 s).   [idle robots = 0/40]
2026-07-13 16:24:41 DEBUG:    EVENT NUM 326   current_time = 00:02:03   RETURN_POD            [queue size = 131]
2026-07-13 16:24:41 DEBUG: Pod 759 returned. Robot 12 idle.   [idle robots = 1/40, released tasks = 15]
2026-07-13 16:24:41 DEBUG:    EVENT NUM 327   current_time = 00:02:03   START_TASK            [queue size = 131]
2026-07-13 16:24:41 DEBUG: Task 27 blocked: no orders in {1: [3]} is open yet.  [released tasks = 14]
2026-07-13 16:24:41 DEBUG: Task 32 blocked: no orders in {1: [2]} is open yet.  [released tasks = 13]
2026-07-13 16:24:41 DEBUG: Task 33 blocked: no orders in {1: [87]} is open yet.  [released tasks = 12]
2026-07-13 16:24:41 DEBUG: Task 38 blocked: no orders in {1: [22]} is open yet.  [released tasks = 11]
2026-07-13 16:24:41 DEBUG: Task 39 blocked: no orders in {0: [93]} is open yet.  [released tasks = 10]
2026-07-13 16:24:41 DEBUG: Task 40 blocked: no orders in {2: [6]} is open yet.  [released tasks = 9]
2026-07-13 16:24:41 DEBUG: Task 41 blocked: no orders in {0: [63]} is open yet.  [released tasks = 8]
2026-07-13 16:24:41 DEBUG: Task 46 blocked: no orders in {2: [71]} is open yet.  [released tasks = 7]
2026-07-13 16:24:41 DEBUG: Task 49 blocked: no orders in {1: [87]} is open yet.  [released tasks = 6]
2026-07-13 16:24:41 DEBUG: Task 52 blocked: no orders in {0: [93]} is open yet.  [released tasks = 5]
2026-07-13 16:24:41 DEBUG: Task 53 blocked: no orders in {0: [36, 14]} is open yet.  [released tasks = 4]
2026-07-13 16:24:41 DEBUG: Task 56 blocked: no orders in {1: [32]} is open yet.  [released tasks = 3]
2026-07-13 16:24:41 DEBUG: Task 57 blocked: no orders in {0: [36]} is open yet.  [released tasks = 2]
2026-07-13 16:24:41 DEBUG: Task 60 blocked: no orders in {2: [82]} is open yet.  [released tasks = 1]
2026-07-13 16:24:41 DEBUG: Task 61 started: robot 12 → pod 749 → workstation 7 for orders {57} (arrival = 219.5 s).   [idle robots = 0/40]
2026-07-13 16:24:41 DEBUG:    EVENT NUM 328   current_time = 00:02:04   RELEASE_TASK          [queue size = 131]
2026-07-13 16:24:41 DEBUG: Task 62 released: pod 310 required by workstation(s) [2].  [released tasks = 15]
2026-07-13 16:24:41 DEBUG:    EVENT NUM 329   current_time = 00:02:05   ARRIVAL_ORDER         [queue size = 130]
2026-07-13 16:24:41 DEBUG: Order 124 arrived: items_required = [3655, 6933].     [orders_in_system = 114]
2026-07-13 16:24:41 DEBUG:    EVENT NUM 330   current_time = 00:02:05   ARRIVAL_POD_WST       [queue size = 130]
2026-07-13 16:24:41 DEBUG: Pod 306 arrived at workstation 0 - status = IDLE
2026-07-13 16:24:41 DEBUG: Pod queued at workstation.    [picking_buffer = {16: 125.51021441753616}]
2026-07-13 16:24:41 DEBUG:    EVENT NUM 331   current_time = 00:02:05   START_PICKING         [queue size = 130]
2026-07-13 16:24:41 DEBUG: Processing task 16 at workstation 0: picking items {514} for orders {81}
2026-07-13 16:24:41 DEBUG:    EVENT NUM 332   current_time = 00:02:06   RELEASE_TASK          [queue size = 130]
2026-07-13 16:24:41 DEBUG: Task 63 released: pod 439 required by workstation(s) [8].  [released tasks = 16]
2026-07-13 16:24:41 DEBUG:    EVENT NUM 333   current_time = 00:02:06   ARRIVAL_POD_WST       [queue size = 129]
2026-07-13 16:24:41 DEBUG: Pod 590 arrived at workstation 3 - status = IDLE
2026-07-13 16:24:41 DEBUG: Pod queued at workstation.    [picking_buffer = {18: 126.50765897087831}]
2026-07-13 16:24:41 DEBUG:    EVENT NUM 334   current_time = 00:02:06   START_PICKING         [queue size = 129]
2026-07-13 16:24:41 DEBUG: Processing task 18 at workstation 3: picking items {3794} for orders {45}
2026-07-13 16:24:41 DEBUG:    EVENT NUM 335   current_time = 00:02:06   RETURN_POD            [queue size = 129]
2026-07-13 16:24:41 DEBUG: Pod 729 returned. Robot 36 idle.   [idle robots = 1/40, released tasks = 16]
2026-07-13 16:24:41 DEBUG:    EVENT NUM 336   current_time = 00:02:06   START_TASK            [queue size = 129]
2026-07-13 16:24:41 DEBUG: Task 27 blocked: no orders in {1: [3]} is open yet.  [released tasks = 15]
2026-07-13 16:24:41 DEBUG: Task 32 blocked: no orders in {1: [2]} is open yet.  [released tasks = 14]
2026-07-13 16:24:41 DEBUG: Task 33 blocked: no orders in {1: [87]} is open yet.  [released tasks = 13]
2026-07-13 16:24:41 DEBUG: Task 38 blocked: no orders in {1: [22]} is open yet.  [released tasks = 12]
2026-07-13 16:24:41 DEBUG: Task 39 blocked: no orders in {0: [93]} is open yet.  [released tasks = 11]
2026-07-13 16:24:41 DEBUG: Task 40 blocked: no orders in {2: [6]} is open yet.  [released tasks = 10]
2026-07-13 16:24:41 DEBUG: Task 41 blocked: no orders in {0: [63]} is open yet.  [released tasks = 9]
2026-07-13 16:24:41 DEBUG: Task 46 blocked: no orders in {2: [71]} is open yet.  [released tasks = 8]
2026-07-13 16:24:41 DEBUG: Task 49 blocked: no orders in {1: [87]} is open yet.  [released tasks = 7]
2026-07-13 16:24:41 DEBUG: Task 52 blocked: no orders in {0: [93]} is open yet.  [released tasks = 6]
2026-07-13 16:24:41 DEBUG: Task 53 blocked: no orders in {0: [36, 14]} is open yet.  [released tasks = 5]
2026-07-13 16:24:41 DEBUG: Task 56 blocked: no orders in {1: [32]} is open yet.  [released tasks = 4]
2026-07-13 16:24:41 DEBUG: Task 57 blocked: no orders in {0: [36]} is open yet.  [released tasks = 3]
2026-07-13 16:24:41 DEBUG: Task 60 blocked: no orders in {2: [82]} is open yet.  [released tasks = 2]
2026-07-13 16:24:41 DEBUG: Task 62 blocked: no orders in {2: [82]} is open yet.  [released tasks = 1]
2026-07-13 16:24:41 DEBUG: Task 63 blocked: no orders in {8: [86]} is open yet.  [released tasks = 0]
2026-07-13 16:24:41 DEBUG:    EVENT NUM 337   current_time = 00:02:06   ARRIVAL_POD_WST       [queue size = 128]
2026-07-13 16:24:41 DEBUG: Pod 460 arrived at workstation 2 - status = BUSY
2026-07-13 16:24:41 DEBUG: Pod queued at workstation.    [picking_buffer = {30: 126.82715935038522}]
2026-07-13 16:24:41 DEBUG:    EVENT NUM 338   current_time = 00:02:07   END_PICKING           [queue size = 127]
2026-07-13 16:24:41 DEBUG: Ended picking at workstation 1.    [picking_buffer len = {}]
2026-07-13 16:24:41 DEBUG: Task should have served orders {76}, found open orders {84, 23, 89, 76}.
2026-07-13 16:24:41 DEBUG: Task 19 completed: pod 280 returning to storage.
2026-07-13 16:24:41 DEBUG:    EVENT NUM 339   current_time = 00:02:07   CLOSE_ORDER           [queue size = 128]
2026-07-13 16:24:41 DEBUG: Order 76 closed at workstation 1: flow_time = 127.2 s.     [order_buffer = 9] [open_orders = 3/4]
2026-07-13 16:24:41 DEBUG: Next order in buffer: 97
2026-07-13 16:24:41 DEBUG:    EVENT NUM 340   current_time = 00:02:07   OPEN_ORDER            [queue size = 128]
2026-07-13 16:24:41 DEBUG: Order 97 (skus required = {8944}) opened at workstation 1.   [open_orders = 4/4]
2026-07-13 16:24:41 DEBUG:    EVENT NUM 341   current_time = 00:02:07   START_TASK            [queue size = 128]
2026-07-13 16:24:41 DEBUG: Task 27 started: robot 36 → pod 332 → workstation 1 for orders {3} (arrival = 248.3 s).   [idle robots = 0/40]
2026-07-13 16:24:41 DEBUG:    EVENT NUM 342   current_time = 00:02:07   RETURN_POD            [queue size = 128]
2026-07-13 16:24:41 DEBUG: Pod 520 returned. Robot 38 idle.   [idle robots = 1/40, released tasks = 15]
2026-07-13 16:24:41 DEBUG:    EVENT NUM 343   current_time = 00:02:07   START_TASK            [queue size = 128]
2026-07-13 16:24:41 DEBUG: Task 32 blocked: no orders in {1: [2]} is open yet.  [released tasks = 14]
2026-07-13 16:24:41 DEBUG: Task 33 blocked: no orders in {1: [87]} is open yet.  [released tasks = 13]
2026-07-13 16:24:41 DEBUG: Task 38 blocked: no orders in {1: [22]} is open yet.  [released tasks = 12]
2026-07-13 16:24:41 DEBUG: Task 39 blocked: no orders in {0: [93]} is open yet.  [released tasks = 11]
2026-07-13 16:24:41 DEBUG: Task 40 blocked: no orders in {2: [6]} is open yet.  [released tasks = 10]
2026-07-13 16:24:41 DEBUG: Task 41 blocked: no orders in {0: [63]} is open yet.  [released tasks = 9]
2026-07-13 16:24:41 DEBUG: Task 46 blocked: no orders in {2: [71]} is open yet.  [released tasks = 8]
2026-07-13 16:24:41 DEBUG: Task 49 blocked: no orders in {1: [87]} is open yet.  [released tasks = 7]
2026-07-13 16:24:41 DEBUG: Task 52 blocked: no orders in {0: [93]} is open yet.  [released tasks = 6]
2026-07-13 16:24:41 DEBUG: Task 53 blocked: no orders in {0: [36, 14]} is open yet.  [released tasks = 5]
2026-07-13 16:24:41 DEBUG: Task 56 blocked: no orders in {1: [32]} is open yet.  [released tasks = 4]
2026-07-13 16:24:41 DEBUG: Task 57 blocked: no orders in {0: [36]} is open yet.  [released tasks = 3]
2026-07-13 16:24:41 DEBUG: Task 60 blocked: no orders in {2: [82]} is open yet.  [released tasks = 2]
2026-07-13 16:24:41 DEBUG: Task 62 blocked: no orders in {2: [82]} is open yet.  [released tasks = 1]
2026-07-13 16:24:41 DEBUG: Task 63 blocked: no orders in {8: [86]} is open yet.  [released tasks = 0]
2026-07-13 16:24:41 DEBUG:    EVENT NUM 344   current_time = 00:02:08   RELEASE_TASK          [queue size = 127]
2026-07-13 16:24:41 DEBUG: Task 64 released: pod 873 required by workstation(s) [0].  [released tasks = 16]
2026-07-13 16:24:41 DEBUG:    EVENT NUM 345   current_time = 00:02:08   START_TASK            [queue size = 127]
2026-07-13 16:24:41 DEBUG: Task 32 blocked: no orders in {1: [2]} is open yet.  [released tasks = 15]
2026-07-13 16:24:41 DEBUG: Task 33 blocked: no orders in {1: [87]} is open yet.  [released tasks = 14]
2026-07-13 16:24:41 DEBUG: Task 38 blocked: no orders in {1: [22]} is open yet.  [released tasks = 13]
2026-07-13 16:24:41 DEBUG: Task 39 blocked: no orders in {0: [93]} is open yet.  [released tasks = 12]
2026-07-13 16:24:41 DEBUG: Task 40 blocked: no orders in {2: [6]} is open yet.  [released tasks = 11]
2026-07-13 16:24:41 DEBUG: Task 41 blocked: no orders in {0: [63]} is open yet.  [released tasks = 10]
2026-07-13 16:24:41 DEBUG: Task 46 blocked: no orders in {2: [71]} is open yet.  [released tasks = 9]
2026-07-13 16:24:41 DEBUG: Task 49 blocked: no orders in {1: [87]} is open yet.  [released tasks = 8]
2026-07-13 16:24:41 DEBUG: Task 52 blocked: no orders in {0: [93]} is open yet.  [released tasks = 7]
2026-07-13 16:24:41 DEBUG: Task 53 blocked: no orders in {0: [36, 14]} is open yet.  [released tasks = 6]
2026-07-13 16:24:41 DEBUG: Task 56 blocked: no orders in {1: [32]} is open yet.  [released tasks = 5]
2026-07-13 16:24:41 DEBUG: Task 57 blocked: no orders in {0: [36]} is open yet.  [released tasks = 4]
2026-07-13 16:24:41 DEBUG: Task 60 blocked: no orders in {2: [82]} is open yet.  [released tasks = 3]
2026-07-13 16:24:41 DEBUG: Task 62 blocked: no orders in {2: [82]} is open yet.  [released tasks = 2]
2026-07-13 16:24:41 DEBUG: Task 63 blocked: no orders in {8: [86]} is open yet.  [released tasks = 1]
2026-07-13 16:24:41 DEBUG: Task 64 blocked: no orders in {0: [94]} is open yet.  [released tasks = 0]
2026-07-13 16:24:41 DEBUG:    EVENT NUM 346   current_time = 00:02:08   END_PICKING           [queue size = 126]
2026-07-13 16:24:41 DEBUG: Ended picking at workstation 2.    [picking_buffer len = {30: 126.82715935038522}]
2026-07-13 16:24:41 DEBUG: Task should have served orders {29}, found open orders {72, 25, 29, 30}.
2026-07-13 16:24:41 DEBUG: Task 20 completed: pod 429 returning to storage.
2026-07-13 16:24:41 DEBUG:    EVENT NUM 347   current_time = 00:02:08   CLOSE_ORDER           [queue size = 128]
2026-07-13 16:24:41 DEBUG: Order 29 closed at workstation 2: flow_time = 129.0 s.     [order_buffer = 4] [open_orders = 3/4]
2026-07-13 16:24:41 DEBUG: Next order in buffer: 54
2026-07-13 16:24:41 DEBUG:    EVENT NUM 348   current_time = 00:02:08   START_PICKING         [queue size = 128]
2026-07-13 16:24:41 DEBUG: Processing task 30 at workstation 2: picking items {2550} for orders {30}
2026-07-13 16:24:41 DEBUG:    EVENT NUM 349   current_time = 00:02:08   OPEN_ORDER            [queue size = 128]
2026-07-13 16:24:41 DEBUG: Order 54 (skus required = {7384, 7576}) opened at workstation 2.   [open_orders = 4/4]
2026-07-13 16:24:41 DEBUG:    EVENT NUM 350   current_time = 00:02:08   START_TASK            [queue size = 128]
2026-07-13 16:24:41 DEBUG: Task 32 blocked: no orders in {1: [2]} is open yet.  [released tasks = 15]
2026-07-13 16:24:41 DEBUG: Task 33 blocked: no orders in {1: [87]} is open yet.  [released tasks = 14]
2026-07-13 16:24:41 DEBUG: Task 38 blocked: no orders in {1: [22]} is open yet.  [released tasks = 13]
2026-07-13 16:24:41 DEBUG: Task 39 blocked: no orders in {0: [93]} is open yet.  [released tasks = 12]
2026-07-13 16:24:41 DEBUG: Task 40 started: robot 38 → pod 692 → workstation 2 for orders {6} (arrival = 220.3 s).   [idle robots = 0/40]
2026-07-13 16:24:41 DEBUG:    EVENT NUM 351   current_time = 00:02:10   ARRIVAL_ORDER         [queue size = 128]
2026-07-13 16:24:41 DEBUG: Order 125 arrived: items_required = [7143].     [orders_in_system = 113]
2026-07-13 16:24:41 DEBUG:    EVENT NUM 352   current_time = 00:02:10   RELEASE_TASK          [queue size = 128]
2026-07-13 16:24:41 DEBUG: Task 65 released: pod 728 required by workstation(s) [2].  [released tasks = 16]
2026-07-13 16:24:41 DEBUG:    EVENT NUM 353   current_time = 00:02:10   ARRIVAL_POD_WST       [queue size = 127]
2026-07-13 16:24:41 DEBUG: Pod 252 arrived at workstation 0 - status = BUSY
2026-07-13 16:24:41 DEBUG: Pod queued at workstation.    [picking_buffer = {17: 130.38093718838567}]
2026-07-13 16:24:41 DEBUG:    EVENT NUM 354   current_time = 00:02:11   ARRIVAL_POD_WST       [queue size = 126]
2026-07-13 16:24:41 DEBUG: Pod 579 arrived at workstation 2 - status = BUSY
2026-07-13 16:24:41 DEBUG: Pod queued at workstation.    [picking_buffer = {36: 131.68849768559946}]
2026-07-13 16:24:41 DEBUG:    EVENT NUM 355   current_time = 00:02:12   RELEASE_TASK          [queue size = 125]
2026-07-13 16:24:41 DEBUG: Task 66 released: pod 361 required by workstation(s) [0].  [released tasks = 17]
2026-07-13 16:24:41 DEBUG:    EVENT NUM 356   current_time = 00:02:13   ARRIVAL_POD_WST       [queue size = 124]
2026-07-13 16:24:41 DEBUG: Pod 788 arrived at workstation 1 - status = IDLE
2026-07-13 16:24:41 DEBUG: Pod queued at workstation.    [picking_buffer = {48: 133.38440800174098}]
2026-07-13 16:24:41 DEBUG:    EVENT NUM 357   current_time = 00:02:13   START_PICKING         [queue size = 124]
2026-07-13 16:24:41 DEBUG: Processing task 48 at workstation 1: picking items {4368} for orders {84}
2026-07-13 16:24:41 DEBUG:    EVENT NUM 358   current_time = 00:02:13   ARRIVAL_POD_WST       [queue size = 124]
2026-07-13 16:24:41 DEBUG: Pod 41 arrived at workstation 1 - status = BUSY
2026-07-13 16:24:41 DEBUG: Pod queued at workstation.    [picking_buffer = {15: 133.6849828983788}]
2026-07-13 16:24:41 DEBUG:    EVENT NUM 359   current_time = 00:02:14   RELEASE_TASK          [queue size = 123]
2026-07-13 16:24:41 DEBUG: Task 67 released: pod 353 required by workstation(s) [5].  [released tasks = 18]
2026-07-13 16:24:41 DEBUG:    EVENT NUM 360   current_time = 00:02:14   RETURN_POD            [queue size = 122]
2026-07-13 16:24:41 DEBUG: Pod 551 returned. Robot 4 idle.   [idle robots = 1/40, released tasks = 18]
2026-07-13 16:24:41 DEBUG:    EVENT NUM 361   current_time = 00:02:14   START_TASK            [queue size = 122]
2026-07-13 16:24:41 DEBUG: Task 32 blocked: no orders in {1: [2]} is open yet.  [released tasks = 17]
2026-07-13 16:24:41 DEBUG: Task 33 blocked: no orders in {1: [87]} is open yet.  [released tasks = 16]
2026-07-13 16:24:41 DEBUG: Task 38 blocked: no orders in {1: [22]} is open yet.  [released tasks = 15]
2026-07-13 16:24:41 DEBUG: Task 39 blocked: no orders in {0: [93]} is open yet.  [released tasks = 14]
2026-07-13 16:24:41 DEBUG: Task 41 blocked: no orders in {0: [63]} is open yet.  [released tasks = 13]
2026-07-13 16:24:41 DEBUG: Task 46 blocked: no orders in {2: [71]} is open yet.  [released tasks = 12]
2026-07-13 16:24:41 DEBUG: Task 49 blocked: no orders in {1: [87]} is open yet.  [released tasks = 11]
2026-07-13 16:24:41 DEBUG: Task 52 blocked: no orders in {0: [93]} is open yet.  [released tasks = 10]
2026-07-13 16:24:41 DEBUG: Task 53 blocked: no orders in {0: [36, 14]} is open yet.  [released tasks = 9]
2026-07-13 16:24:41 DEBUG: Task 56 blocked: no orders in {1: [32]} is open yet.  [released tasks = 8]
2026-07-13 16:24:41 DEBUG: Task 57 blocked: no orders in {0: [36]} is open yet.  [released tasks = 7]
2026-07-13 16:24:41 DEBUG: Task 60 blocked: no orders in {2: [82]} is open yet.  [released tasks = 6]
2026-07-13 16:24:41 DEBUG: Task 62 blocked: no orders in {2: [82]} is open yet.  [released tasks = 5]
2026-07-13 16:24:41 DEBUG: Task 63 blocked: no orders in {8: [86]} is open yet.  [released tasks = 4]
2026-07-13 16:24:41 DEBUG: Task 64 blocked: no orders in {0: [94]} is open yet.  [released tasks = 3]
2026-07-13 16:24:41 DEBUG: Task 65 started: robot 4 → pod 728 → workstation 2 for orders {54} (arrival = 192.6 s).   [idle robots = 0/40]
2026-07-13 16:24:41 DEBUG:    EVENT NUM 362   current_time = 00:02:15   ARRIVAL_ORDER         [queue size = 122]
2026-07-13 16:24:41 DEBUG: Order 126 arrived: items_required = [7123, 4564].     [orders_in_system = 114]
2026-07-13 16:24:41 DEBUG:    EVENT NUM 363   current_time = 00:02:15   END_PICKING           [queue size = 122]
2026-07-13 16:24:41 DEBUG: Ended picking at workstation 0.    [picking_buffer len = {17: 130.38093718838567}]
2026-07-13 16:24:41 DEBUG: Task should have served orders {81}, found open orders {64, 42, 44, 81}.
2026-07-13 16:24:41 DEBUG: Task 16 completed: pod 306 returning to storage.
2026-07-13 16:24:41 DEBUG:    EVENT NUM 364   current_time = 00:02:15   CLOSE_ORDER           [queue size = 124]
2026-07-13 16:24:41 DEBUG: Order 81 closed at workstation 0: flow_time = 135.5 s.     [order_buffer = 9] [open_orders = 3/4]
2026-07-13 16:24:41 DEBUG: Next order in buffer: 46
2026-07-13 16:24:41 DEBUG:    EVENT NUM 365   current_time = 00:02:15   START_PICKING         [queue size = 124]
2026-07-13 16:24:41 DEBUG: Processing task 17 at workstation 0: picking items {5251} for orders {64}
2026-07-13 16:24:41 DEBUG:    EVENT NUM 366   current_time = 00:02:15   OPEN_ORDER            [queue size = 124]
2026-07-13 16:24:41 DEBUG: Order 46 (skus required = {10882}) opened at workstation 0.   [open_orders = 4/4]
2026-07-13 16:24:41 DEBUG:    EVENT NUM 367   current_time = 00:02:15   START_TASK            [queue size = 124]
2026-07-13 16:24:41 DEBUG: Task 32 blocked: no orders in {1: [2]} is open yet.  [released tasks = 16]
2026-07-13 16:24:41 DEBUG: Task 33 blocked: no orders in {1: [87]} is open yet.  [released tasks = 15]
2026-07-13 16:24:41 DEBUG: Task 38 blocked: no orders in {1: [22]} is open yet.  [released tasks = 14]
2026-07-13 16:24:41 DEBUG: Task 39 blocked: no idle robots.
2026-07-13 16:24:41 DEBUG:    EVENT NUM 368   current_time = 00:02:16   RELEASE_TASK          [queue size = 123]
2026-07-13 16:24:41 DEBUG: Task 68 released: pod 253 required by workstation(s) [0, 0].  [released tasks = 18]
2026-07-13 16:24:41 DEBUG:    EVENT NUM 369   current_time = 00:02:16   END_PICKING           [queue size = 122]
2026-07-13 16:24:41 DEBUG: Ended picking at workstation 3.    [picking_buffer len = {}]
2026-07-13 16:24:41 DEBUG: Task should have served orders {45}, found open orders {45, 51, 62, 31}.
2026-07-13 16:24:41 DEBUG: Task 18 completed: pod 590 returning to storage.
2026-07-13 16:24:41 DEBUG:    EVENT NUM 370   current_time = 00:02:16   CLOSE_ORDER           [queue size = 123]
2026-07-13 16:24:41 DEBUG: Order 45 closed at workstation 3: flow_time = 136.5 s.     [order_buffer = 4] [open_orders = 3/4]
2026-07-13 16:24:41 DEBUG: Next order in buffer: 58
2026-07-13 16:24:41 DEBUG:    EVENT NUM 371   current_time = 00:02:16   OPEN_ORDER            [queue size = 123]
2026-07-13 16:24:41 DEBUG: Order 58 (skus required = {8418}) opened at workstation 3.   [open_orders = 4/4]
2026-07-13 16:24:41 DEBUG:    EVENT NUM 372   current_time = 00:02:16   START_TASK            [queue size = 123]
2026-07-13 16:24:41 DEBUG: Task 32 blocked: no orders in {1: [2]} is open yet.  [released tasks = 17]
2026-07-13 16:24:41 DEBUG: Task 33 blocked: no orders in {1: [87]} is open yet.  [released tasks = 16]
2026-07-13 16:24:41 DEBUG: Task 38 blocked: no orders in {1: [22]} is open yet.  [released tasks = 15]
2026-07-13 16:24:41 DEBUG: Task 39 blocked: no idle robots.
2026-07-13 16:24:41 DEBUG:    EVENT NUM 373   current_time = 00:02:18   RELEASE_TASK          [queue size = 122]
2026-07-13 16:24:41 DEBUG: Task 69 released: pod 183 required by workstation(s) [3, 3].  [released tasks = 19]
2026-07-13 16:24:41 DEBUG:    EVENT NUM 374   current_time = 00:02:18   END_PICKING           [queue size = 121]
2026-07-13 16:24:41 DEBUG: Ended picking at workstation 2.    [picking_buffer len = {36: 131.68849768559946}]
2026-07-13 16:24:41 DEBUG: Task should have served orders {30}, found open orders {72, 54, 25, 30}.
2026-07-13 16:24:41 DEBUG: Task 30 heading to workstation 2.
2026-07-13 16:24:41 DEBUG:    EVENT NUM 375   current_time = 00:02:18   CLOSE_ORDER           [queue size = 123]
2026-07-13 16:24:41 DEBUG: Order 30 closed at workstation 2: flow_time = 139.0 s.     [order_buffer = 3] [open_orders = 3/4]
2026-07-13 16:24:41 DEBUG: Next order in buffer: 6
2026-07-13 16:24:41 DEBUG:    EVENT NUM 376   current_time = 00:02:18   ARRIVAL_POD_WST       [queue size = 123]
2026-07-13 16:24:41 DEBUG: Pod 460 arrived at workstation 2 - status = IDLE
2026-07-13 16:24:41 DEBUG: Pod queued at workstation.    [picking_buffer = {36: 131.68849768559946, 30: 138.99129746698725}]
2026-07-13 16:24:41 DEBUG:    EVENT NUM 377   current_time = 00:02:18   START_PICKING         [queue size = 123]
2026-07-13 16:24:41 DEBUG: Processing task 36 at workstation 2: picking items {8090} for orders {25}
2026-07-13 16:24:41 DEBUG:    EVENT NUM 378   current_time = 00:02:18   OPEN_ORDER            [queue size = 123]
2026-07-13 16:24:41 DEBUG: Order 6 (skus required = {8425}) opened at workstation 2.   [open_orders = 4/4]
2026-07-13 16:24:41 DEBUG:    EVENT NUM 379   current_time = 00:02:18   START_PICKING         [queue size = 123]
2026-07-13 16:24:41 DEBUG:    EVENT NUM 380   current_time = 00:02:18   START_TASK            [queue size = 122]
2026-07-13 16:24:41 DEBUG: Task 32 blocked: no orders in {1: [2]} is open yet.  [released tasks = 18]
2026-07-13 16:24:41 DEBUG: Task 33 blocked: no orders in {1: [87]} is open yet.  [released tasks = 17]
2026-07-13 16:24:41 DEBUG: Task 38 blocked: no orders in {1: [22]} is open yet.  [released tasks = 16]
2026-07-13 16:24:41 DEBUG: Task 39 blocked: no idle robots.
2026-07-13 16:24:41 DEBUG:    EVENT NUM 381   current_time = 00:02:19   ARRIVAL_POD_WST       [queue size = 121]
2026-07-13 16:24:41 DEBUG: Pod 250 arrived at workstation 1 - status = BUSY
2026-07-13 16:24:41 DEBUG: Pod queued at workstation.    [picking_buffer = {15: 133.6849828983788, 29: 139.20408454577336}]
2026-07-13 16:24:41 DEBUG:    EVENT NUM 382   current_time = 00:02:20   ARRIVAL_ORDER         [queue size = 120]
2026-07-13 16:24:41 DEBUG: Order 127 arrived: items_required = [5641].     [orders_in_system = 112]
2026-07-13 16:24:41 DEBUG:    EVENT NUM 383   current_time = 00:02:20   RELEASE_TASK          [queue size = 120]
2026-07-13 16:24:41 DEBUG: Task 70 released: pod 499 required by workstation(s) [8].  [released tasks = 20]
2026-07-13 16:24:41 DEBUG:    EVENT NUM 384   current_time = 00:02:20   ARRIVAL_POD_WST       [queue size = 119]
2026-07-13 16:24:41 DEBUG: Pod 315 arrived at workstation 4 - status = IDLE
2026-07-13 16:24:41 DEBUG: Pod queued at workstation.    [picking_buffer = {35: 140.9707022250965}]
2026-07-13 16:24:41 DEBUG:    EVENT NUM 385   current_time = 00:02:20   START_PICKING         [queue size = 119]
2026-07-13 16:24:41 DEBUG: Processing task 35 at workstation 4: picking items {4361} for orders {12}
2026-07-13 16:24:41 DEBUG:    EVENT NUM 386   current_time = 00:02:22   RELEASE_TASK          [queue size = 119]
2026-07-13 16:24:41 DEBUG: Task 71 released: pod 230 required by workstation(s) [4].  [released tasks = 21]
2026-07-13 16:24:41 DEBUG:    EVENT NUM 387   current_time = 00:02:23   END_PICKING           [queue size = 118]
2026-07-13 16:24:41 DEBUG: Ended picking at workstation 1.    [picking_buffer len = {15: 133.6849828983788, 29: 139.20408454577336}]
2026-07-13 16:24:41 DEBUG: Task should have served orders {84}, found open orders {97, 84, 23, 89}.
2026-07-13 16:24:41 DEBUG: Task 48 completed: pod 788 returning to storage.
2026-07-13 16:24:41 DEBUG:    EVENT NUM 388   current_time = 00:02:23   START_PICKING         [queue size = 119]
2026-07-13 16:24:41 DEBUG: Processing task 15 at workstation 1: picking items {4825} for orders {89}
2026-07-13 16:24:41 DEBUG:    EVENT NUM 389   current_time = 00:02:24   RELEASE_TASK          [queue size = 119]
2026-07-13 16:24:41 DEBUG: Task 72 released: pod 866 required by workstation(s) [5].  [released tasks = 22]
2026-07-13 16:24:41 DEBUG:    EVENT NUM 390   current_time = 00:02:25   ARRIVAL_ORDER         [queue size = 118]
2026-07-13 16:24:41 DEBUG: Order 128 arrived: items_required = [3516].     [orders_in_system = 113]
2026-07-13 16:24:41 DEBUG:    EVENT NUM 391   current_time = 00:02:25   END_PICKING           [queue size = 118]
2026-07-13 16:24:41 DEBUG: Ended picking at workstation 0.    [picking_buffer len = {}]
2026-07-13 16:24:41 DEBUG: Task should have served orders {64}, found open orders {64, 42, 44, 46}.
2026-07-13 16:24:41 DEBUG: Task 17 heading to workstation 0.
2026-07-13 16:24:41 DEBUG:    EVENT NUM 392   current_time = 00:02:25   CLOSE_ORDER           [queue size = 119]
2026-07-13 16:24:41 DEBUG: Order 64 closed at workstation 0: flow_time = 145.5 s.     [order_buffer = 8] [open_orders = 3/4]
2026-07-13 16:24:41 DEBUG: Next order in buffer: 93
2026-07-13 16:24:41 DEBUG:    EVENT NUM 393   current_time = 00:02:25   ARRIVAL_POD_WST       [queue size = 119]
2026-07-13 16:24:41 DEBUG: Pod 252 arrived at workstation 0 - status = IDLE
2026-07-13 16:24:41 DEBUG: Pod queued at workstation.    [picking_buffer = {17: 145.51021441753616}]
2026-07-13 16:24:41 DEBUG:    EVENT NUM 394   current_time = 00:02:25   OPEN_ORDER            [queue size = 119]
2026-07-13 16:24:41 DEBUG: Order 93 (skus required = {6820, 6295}) opened at workstation 0.   [open_orders = 4/4]
2026-07-13 16:24:41 DEBUG:    EVENT NUM 395   current_time = 00:02:25   START_PICKING         [queue size = 120]
2026-07-13 16:24:41 DEBUG: Processing task 17 at workstation 0: picking items {5412} for orders {44}
2026-07-13 16:24:41 DEBUG:    EVENT NUM 396   current_time = 00:02:25   START_TASK            [queue size = 120]
2026-07-13 16:24:41 DEBUG: Task 32 blocked: no orders in {1: [2]} is open yet.  [released tasks = 21]
2026-07-13 16:24:41 DEBUG: Task 33 blocked: no orders in {1: [87]} is open yet.  [released tasks = 20]
2026-07-13 16:24:41 DEBUG: Task 38 blocked: no orders in {1: [22]} is open yet.  [released tasks = 19]
2026-07-13 16:24:41 DEBUG: Task 39 blocked: no idle robots.
2026-07-13 16:24:41 DEBUG:    EVENT NUM 397   current_time = 00:02:25   START_PICKING         [queue size = 119]
2026-07-13 16:24:41 DEBUG:    EVENT NUM 398   current_time = 00:02:26   RELEASE_TASK          [queue size = 118]
2026-07-13 16:24:41 DEBUG: Task 73 released: pod 498 required by workstation(s) [8].  [released tasks = 23]
2026-07-13 16:24:41 DEBUG:    EVENT NUM 399   current_time = 00:02:27   ARRIVAL_POD_WST       [queue size = 117]
2026-07-13 16:24:41 DEBUG: Pod 753 arrived at workstation 1 - status = BUSY
2026-07-13 16:24:41 DEBUG: Pod queued at workstation.    [picking_buffer = {29: 139.20408454577336, 23: 147.5946320676473}]
2026-07-13 16:24:41 DEBUG:    EVENT NUM 400   current_time = 00:02:28   RELEASE_TASK          [queue size = 116]
2026-07-13 16:24:41 DEBUG: Task 74 released: pod 39 required by workstation(s) [1].  [released tasks = 24]
2026-07-13 16:24:41 DEBUG:    EVENT NUM 401   current_time = 00:02:28   END_PICKING           [queue size = 115]
2026-07-13 16:24:41 DEBUG: Ended picking at workstation 2.    [picking_buffer len = {30: 138.99129746698725}]
2026-07-13 16:24:41 DEBUG: Task should have served orders {25}, found open orders {6, 72, 54, 25}.
2026-07-13 16:24:41 DEBUG: Task 36 completed: pod 579 returning to storage.
2026-07-13 16:24:41 DEBUG:    EVENT NUM 402   current_time = 00:02:28   START_PICKING         [queue size = 116]
2026-07-13 16:24:41 DEBUG: Processing task 30 at workstation 2: picking items {2545} for orders {72}
2026-07-13 16:24:41 DEBUG:    EVENT NUM 403   current_time = 00:02:30   ARRIVAL_ORDER         [queue size = 116]
2026-07-13 16:24:41 DEBUG: Order 129 arrived: items_required = [9681].     [orders_in_system = 113]
2026-07-13 16:24:41 DEBUG:    EVENT NUM 404   current_time = 00:02:30   RELEASE_TASK          [queue size = 116]
2026-07-13 16:24:41 DEBUG: Task 75 released: pod 162 required by workstation(s) [0].  [released tasks = 25]
2026-07-13 16:24:41 DEBUG:    EVENT NUM 405   current_time = 00:02:30   END_PICKING           [queue size = 115]
2026-07-13 16:24:41 DEBUG: Ended picking at workstation 4.    [picking_buffer len = {}]
2026-07-13 16:24:41 DEBUG: Task should have served orders {12}, found open orders {12, 69, 13, 7}.
2026-07-13 16:24:41 DEBUG: Task 35 completed: pod 315 returning to storage.
2026-07-13 16:24:41 DEBUG:    EVENT NUM 406   current_time = 00:02:30   CLOSE_ORDER           [queue size = 116]
2026-07-13 16:24:41 DEBUG: Order 12 closed at workstation 4: flow_time = 151.0 s.     [order_buffer = 3] [open_orders = 3/4]
2026-07-13 16:24:41 DEBUG: Next order in buffer: 15
2026-07-13 16:24:41 DEBUG:    EVENT NUM 407   current_time = 00:02:30   OPEN_ORDER            [queue size = 116]
2026-07-13 16:24:41 DEBUG: Order 15 (skus required = {8076, 7583}) opened at workstation 4.   [open_orders = 4/4]
2026-07-13 16:24:41 DEBUG:    EVENT NUM 408   current_time = 00:02:30   START_TASK            [queue size = 116]
2026-07-13 16:24:41 DEBUG: Task 32 blocked: no orders in {1: [2]} is open yet.  [released tasks = 24]
2026-07-13 16:24:41 DEBUG: Task 33 blocked: no orders in {1: [87]} is open yet.  [released tasks = 23]
2026-07-13 16:24:41 DEBUG: Task 38 blocked: no orders in {1: [22]} is open yet.  [released tasks = 22]
2026-07-13 16:24:41 DEBUG: Task 39 blocked: no idle robots.
2026-07-13 16:24:41 DEBUG:    EVENT NUM 409   current_time = 00:02:31   RELEASE_TASK          [queue size = 115]
2026-07-13 16:24:41 DEBUG: Task 76 released: pod 576 required by workstation(s) [1].  [released tasks = 26]
2026-07-13 16:24:41 DEBUG:    EVENT NUM 410   current_time = 00:02:33   END_PICKING           [queue size = 114]
2026-07-13 16:24:41 DEBUG: Ended picking at workstation 1.    [picking_buffer len = {29: 139.20408454577336, 23: 147.5946320676473}]
2026-07-13 16:24:41 DEBUG: Task should have served orders {89}, found open orders {97, 84, 23, 89}.
2026-07-13 16:24:41 DEBUG: Task 15 completed: pod 41 returning to storage.
2026-07-13 16:24:41 DEBUG:    EVENT NUM 411   current_time = 00:02:33   CLOSE_ORDER           [queue size = 116]
2026-07-13 16:24:41 DEBUG: Order 89 closed at workstation 1: flow_time = 153.4 s.     [order_buffer = 8] [open_orders = 3/4]
2026-07-13 16:24:41 DEBUG: Next order in buffer: 3
2026-07-13 16:24:41 DEBUG:    EVENT NUM 412   current_time = 00:02:33   START_PICKING         [queue size = 116]
2026-07-13 16:24:41 DEBUG: Processing task 29 at workstation 1: picking items {10098} for orders {23}
2026-07-13 16:24:41 DEBUG:    EVENT NUM 413   current_time = 00:02:33   OPEN_ORDER            [queue size = 116]
2026-07-13 16:24:41 DEBUG: Order 3 (skus required = {4760}) opened at workstation 1.   [open_orders = 4/4]
2026-07-13 16:24:41 DEBUG:    EVENT NUM 414   current_time = 00:02:33   START_TASK            [queue size = 116]
2026-07-13 16:24:41 DEBUG: Task 32 blocked: no idle robots.
2026-07-13 16:24:41 DEBUG:    EVENT NUM 415   current_time = 00:02:33   RELEASE_TASK          [queue size = 115]
2026-07-13 16:24:41 DEBUG: Task 77 released: pod 592 required by workstation(s) [8].  [released tasks = 27]
2026-07-13 16:24:41 DEBUG:    EVENT NUM 416   current_time = 00:02:35   ARRIVAL_ORDER         [queue size = 114]
2026-07-13 16:24:41 DEBUG: Order 130 arrived: items_required = [4333].     [orders_in_system = 112]
2026-07-13 16:24:41 DEBUG:    EVENT NUM 417   current_time = 00:02:35   END_PICKING           [queue size = 114]
2026-07-13 16:24:41 DEBUG: Ended picking at workstation 0.    [picking_buffer len = {}]
2026-07-13 16:24:41 DEBUG: Task should have served orders {44}, found open orders {42, 44, 46, 93}.
2026-07-13 16:24:41 DEBUG: Task 17 completed: pod 252 returning to storage.
2026-07-13 16:24:41 DEBUG:    EVENT NUM 418   current_time = 00:02:35   ARRIVAL_POD_WST       [queue size = 114]
2026-07-13 16:24:41 DEBUG: Pod 709 arrived at workstation 8 - status = IDLE
2026-07-13 16:24:41 DEBUG: Pod queued at workstation.    [picking_buffer = {59: 155.58366889159788}]
2026-07-13 16:24:41 DEBUG:    EVENT NUM 419   current_time = 00:02:35   START_PICKING         [queue size = 114]
2026-07-13 16:24:41 DEBUG: start_picking: WS 8 has no actionable task in buffer.
2026-07-13 16:24:41 DEBUG:    EVENT NUM 420   current_time = 00:02:35   RELEASE_TASK          [queue size = 113]
2026-07-13 16:24:41 DEBUG: Task 78 released: pod 342 required by workstation(s) [2].  [released tasks = 28]
2026-07-13 16:24:41 DEBUG:    EVENT NUM 421   current_time = 00:02:37   RELEASE_TASK          [queue size = 112]
2026-07-13 16:24:41 DEBUG: Task 79 released: pod 748 required by workstation(s) [4].  [released tasks = 29]
2026-07-13 16:24:41 DEBUG:    EVENT NUM 422   current_time = 00:02:38   RETURN_POD            [queue size = 111]
2026-07-13 16:24:41 DEBUG: Pod 494 returned. Robot 34 idle.   [idle robots = 1/40, released tasks = 29]
2026-07-13 16:24:41 DEBUG:    EVENT NUM 423   current_time = 00:02:38   START_TASK            [queue size = 111]
2026-07-13 16:24:41 DEBUG: Task 32 started: robot 34 → pod 304 → workstation 1 for orders {2} (arrival = 269.8 s).   [idle robots = 0/40]
2026-07-13 16:24:41 DEBUG:    EVENT NUM 424   current_time = 00:02:38   END_PICKING           [queue size = 111]
2026-07-13 16:24:41 DEBUG: Ended picking at workstation 2.    [picking_buffer len = {}]
2026-07-13 16:24:41 DEBUG: Task should have served orders {72}, found open orders {6, 72, 54, 25}.
2026-07-13 16:24:41 DEBUG: Task 30 heading to workstation 7.
2026-07-13 16:24:41 DEBUG:    EVENT NUM 425   current_time = 00:02:38   CLOSE_ORDER           [queue size = 112]
2026-07-13 16:24:41 DEBUG: Order 72 closed at workstation 2: flow_time = 159.0 s.     [order_buffer = 2] [open_orders = 3/4]
2026-07-13 16:24:41 DEBUG: Next order in buffer: 71
2026-07-13 16:24:41 DEBUG:    EVENT NUM 426   current_time = 00:02:38   OPEN_ORDER            [queue size = 112]
2026-07-13 16:24:41 DEBUG: Order 71 (skus required = {6620}) opened at workstation 2.   [open_orders = 4/4]
2026-07-13 16:24:41 DEBUG:    EVENT NUM 427   current_time = 00:02:38   START_TASK            [queue size = 112]
2026-07-13 16:24:41 DEBUG: Task 33 blocked: no orders in {1: [87]} is open yet.  [released tasks = 27]
2026-07-13 16:24:41 DEBUG: Task 38 blocked: no orders in {1: [22]} is open yet.  [released tasks = 26]
2026-07-13 16:24:41 DEBUG: Task 39 blocked: no idle robots.
2026-07-13 16:24:41 DEBUG:    EVENT NUM 428   current_time = 00:02:39   RELEASE_TASK          [queue size = 111]
2026-07-13 16:24:41 DEBUG: Task 80 released: pod 559 required by workstation(s) [0].  [released tasks = 29]
2026-07-13 16:24:41 DEBUG:    EVENT NUM 429   current_time = 00:02:40   ARRIVAL_ORDER         [queue size = 110]
2026-07-13 16:24:41 DEBUG: Order 131 arrived: items_required = [6359].     [orders_in_system = 112]
2026-07-13 16:24:41 DEBUG:    EVENT NUM 430   current_time = 00:02:41   RELEASE_TASK          [queue size = 110]
2026-07-13 16:24:41 DEBUG: Task 81 released: pod 414 required by workstation(s) [8].  [released tasks = 30]
2026-07-13 16:24:41 DEBUG:    EVENT NUM 431   current_time = 00:02:42   ARRIVAL_POD_WST       [queue size = 109]
2026-07-13 16:24:41 DEBUG: Pod 195 arrived at workstation 8 - status = IDLE
2026-07-13 16:24:41 DEBUG: Pod queued at workstation.    [picking_buffer = {59: 155.58366889159788, 28: 162.33338040256803}]
2026-07-13 16:24:41 DEBUG:    EVENT NUM 432   current_time = 00:02:42   START_PICKING         [queue size = 109]
2026-07-13 16:24:41 DEBUG: Processing task 28 at workstation 8: picking items {4949} for orders {98}
2026-07-13 16:24:41 DEBUG:    EVENT NUM 433   current_time = 00:02:43   END_PICKING           [queue size = 109]
2026-07-13 16:24:41 DEBUG: Ended picking at workstation 1.    [picking_buffer len = {23: 147.5946320676473}]
2026-07-13 16:24:41 DEBUG: Task should have served orders {23}, found open orders {97, 3, 84, 23}.
2026-07-13 16:24:41 DEBUG: Task 29 completed: pod 250 returning to storage.
2026-07-13 16:24:41 DEBUG:    EVENT NUM 434   current_time = 00:02:43   CLOSE_ORDER           [queue size = 111]
2026-07-13 16:24:41 DEBUG: Order 23 closed at workstation 1: flow_time = 163.4 s.     [order_buffer = 7] [open_orders = 3/4]
2026-07-13 16:24:41 DEBUG: Next order in buffer: 2
2026-07-13 16:24:41 DEBUG:    EVENT NUM 435   current_time = 00:02:43   START_PICKING         [queue size = 111]
2026-07-13 16:24:41 DEBUG: Processing task 23 at workstation 1: picking items {8944} for orders {97}
2026-07-13 16:24:41 DEBUG:    EVENT NUM 436   current_time = 00:02:43   OPEN_ORDER            [queue size = 111]
2026-07-13 16:24:41 DEBUG: Order 2 (skus required = {12906}) opened at workstation 1.   [open_orders = 4/4]
2026-07-13 16:24:41 DEBUG:    EVENT NUM 437   current_time = 00:02:43   START_TASK            [queue size = 111]
2026-07-13 16:24:41 DEBUG: Task 33 blocked: no idle robots.
2026-07-13 16:24:41 DEBUG:    EVENT NUM 438   current_time = 00:02:43   RELEASE_TASK          [queue size = 110]
2026-07-13 16:24:41 DEBUG: Task 82 released: pod 470 required by workstation(s) [4].  [released tasks = 31]
2026-07-13 16:24:41 DEBUG:    EVENT NUM 439   current_time = 00:02:44   ARRIVAL_POD_WST       [queue size = 109]
2026-07-13 16:24:41 DEBUG: Pod 625 arrived at workstation 8 - status = BUSY
2026-07-13 16:24:41 DEBUG: Pod queued at workstation.    [picking_buffer = {59: 155.58366889159788, 43: 164.44804333103195}]
2026-07-13 16:24:41 DEBUG:    EVENT NUM 440   current_time = 00:02:45   ARRIVAL_ORDER         [queue size = 108]
2026-07-13 16:24:41 DEBUG: Order 132 arrived: items_required = [6101, 9510].     [orders_in_system = 112]
2026-07-13 16:24:41 DEBUG:    EVENT NUM 441   current_time = 00:02:45   RELEASE_TASK          [queue size = 108]
2026-07-13 16:24:41 DEBUG: Task 83 released: pod 317 required by workstation(s) [6].  [released tasks = 32]
2026-07-13 16:24:41 DEBUG:    EVENT NUM 442   current_time = 00:02:46   RETURN_POD            [queue size = 107]
2026-07-13 16:24:41 DEBUG: Pod 694 returned. Robot 32 idle.   [idle robots = 1/40, released tasks = 32]
2026-07-13 16:24:41 DEBUG:    EVENT NUM 443   current_time = 00:02:46   START_TASK            [queue size = 107]
2026-07-13 16:24:41 DEBUG: Task 33 started: robot 32 → pod 31 → workstation 1 for orders {87} (arrival = 325.4 s).   [idle robots = 0/40]
2026-07-13 16:24:41 DEBUG:    EVENT NUM 444   current_time = 00:02:47   RELEASE_TASK          [queue size = 107]
2026-07-13 16:24:41 DEBUG: Task 84 released: pod 871 required by workstation(s) [0].  [released tasks = 32]
2026-07-13 16:24:41 DEBUG:    EVENT NUM 445   current_time = 00:02:48   RETURN_POD            [queue size = 106]
2026-07-13 16:24:41 DEBUG: Pod 462 returned. Robot 13 idle.   [idle robots = 1/40, released tasks = 32]
2026-07-13 16:24:41 DEBUG:    EVENT NUM 446   current_time = 00:02:48   START_TASK            [queue size = 106]
2026-07-13 16:24:41 DEBUG: Task 38 blocked: no orders in {1: [22]} is open yet.  [released tasks = 31]
2026-07-13 16:24:41 DEBUG: Task 39 started: robot 13 → pod 846 → workstation 0 for orders {93} (arrival = 206.9 s).   [idle robots = 0/40]
2026-07-13 16:24:41 DEBUG:    EVENT NUM 447   current_time = 00:02:49   RELEASE_TASK          [queue size = 106]
2026-07-13 16:24:41 DEBUG: Task 85 released: pod 184 required by workstation(s) [2].  [released tasks = 32]
2026-07-13 16:24:41 DEBUG:    EVENT NUM 448   current_time = 00:02:50   ARRIVAL_ORDER         [queue size = 105]
2026-07-13 16:24:41 DEBUG: Order 133 arrived: items_required = [10965].     [orders_in_system = 113]
2026-07-13 16:24:41 DEBUG:    EVENT NUM 449   current_time = 00:02:50   ARRIVAL_POD_WST       [queue size = 105]
2026-07-13 16:24:41 DEBUG: Pod 630 arrived at workstation 0 - status = IDLE
2026-07-13 16:24:41 DEBUG: Pod queued at workstation.    [picking_buffer = {22: 170.06209229294387}]
2026-07-13 16:24:41 DEBUG:    EVENT NUM 450   current_time = 00:02:50   START_PICKING         [queue size = 105]
2026-07-13 16:24:41 DEBUG: Processing task 22 at workstation 0: picking items {8402} for orders {42}
2026-07-13 16:24:41 DEBUG:    EVENT NUM 451   current_time = 00:02:51   RELEASE_TASK          [queue size = 105]
2026-07-13 16:24:41 DEBUG: Task 86 released: pod 148 required by workstation(s) [1].  [released tasks = 33]
2026-07-13 16:24:41 DEBUG:    EVENT NUM 452   current_time = 00:02:52   END_PICKING           [queue size = 104]
2026-07-13 16:24:41 DEBUG: Ended picking at workstation 8.    [picking_buffer len = {59: 155.58366889159788, 43: 164.44804333103195}]
2026-07-13 16:24:41 DEBUG: Task should have served orders {98}, found open orders {65, 9, 98, 5}.
2026-07-13 16:24:41 DEBUG: Task 28 completed: pod 195 returning to storage.
2026-07-13 16:24:41 DEBUG:    EVENT NUM 453   current_time = 00:02:52   CLOSE_ORDER           [queue size = 106]
2026-07-13 16:24:41 DEBUG: Order 98 closed at workstation 8: flow_time = 172.3 s.     [order_buffer = 13] [open_orders = 3/4]
2026-07-13 16:24:41 DEBUG: Next order in buffer: 59
2026-07-13 16:24:41 DEBUG:    EVENT NUM 454   current_time = 00:02:52   START_PICKING         [queue size = 106]
2026-07-13 16:24:41 DEBUG: Processing task 43 at workstation 8: picking items {12200} for orders {5}
2026-07-13 16:24:41 DEBUG:    EVENT NUM 455   current_time = 00:02:52   OPEN_ORDER            [queue size = 106]
2026-07-13 16:24:41 DEBUG: Order 59 (skus required = {12306}) opened at workstation 8.   [open_orders = 4/4]
2026-07-13 16:24:41 DEBUG:    EVENT NUM 456   current_time = 00:02:52   START_TASK            [queue size = 106]
2026-07-13 16:24:41 DEBUG: Task 38 blocked: no orders in {1: [22]} is open yet.  [released tasks = 32]
2026-07-13 16:24:41 DEBUG: Task 41 blocked: no idle robots.
2026-07-13 16:24:41 DEBUG:    EVENT NUM 457   current_time = 00:02:52   RETURN_POD            [queue size = 105]
2026-07-13 16:24:41 DEBUG: Pod 431 returned. Robot 24 idle.   [idle robots = 1/40, released tasks = 33]
2026-07-13 16:24:41 DEBUG:    EVENT NUM 458   current_time = 00:02:52   START_TASK            [queue size = 105]
2026-07-13 16:24:41 DEBUG: Task 38 blocked: no orders in {1: [22]} is open yet.  [released tasks = 32]
2026-07-13 16:24:41 DEBUG: Task 41 started: robot 24 → pod 544 → workstation 0 for orders {63} (arrival = 251.9 s).   [idle robots = 0/40]
2026-07-13 16:24:41 DEBUG:    EVENT NUM 459   current_time = 00:02:53   END_PICKING           [queue size = 105]
2026-07-13 16:24:41 DEBUG: Ended picking at workstation 1.    [picking_buffer len = {}]
2026-07-13 16:24:41 DEBUG: Task should have served orders {97}, found open orders {97, 2, 3, 84}.
2026-07-13 16:24:41 DEBUG: Task 23 completed: pod 753 returning to storage.
2026-07-13 16:24:41 DEBUG:    EVENT NUM 460   current_time = 00:02:53   CLOSE_ORDER           [queue size = 106]
2026-07-13 16:24:41 DEBUG: Order 97 closed at workstation 1: flow_time = 173.4 s.     [order_buffer = 6] [open_orders = 3/4]
2026-07-13 16:24:41 DEBUG: Next order in buffer: 87
2026-07-13 16:24:41 DEBUG:    EVENT NUM 461   current_time = 00:02:53   OPEN_ORDER            [queue size = 106]
2026-07-13 16:24:41 DEBUG: Order 87 (skus required = {12394, 6663}) opened at workstation 1.   [open_orders = 4/4]
2026-07-13 16:24:41 DEBUG:    EVENT NUM 462   current_time = 00:02:53   START_TASK            [queue size = 106]
2026-07-13 16:24:41 DEBUG: Task 38 blocked: no orders in {1: [22]} is open yet.  [released tasks = 31]
2026-07-13 16:24:41 DEBUG: Task 46 blocked: no idle robots.
2026-07-13 16:24:41 DEBUG:    EVENT NUM 463   current_time = 00:02:53   RELEASE_TASK          [queue size = 105]
2026-07-13 16:24:41 DEBUG: Task 87 released: pod 415 required by workstation(s) [8].  [released tasks = 33]
2026-07-13 16:24:41 DEBUG:    EVENT NUM 464   current_time = 00:02:54   ARRIVAL_POD_WST       [queue size = 104]
2026-07-13 16:24:41 DEBUG: Pod 895 arrived at workstation 3 - status = IDLE
2026-07-13 16:24:41 DEBUG: Pod queued at workstation.    [picking_buffer = {42: 174.46350125626486}]
2026-07-13 16:24:41 DEBUG:    EVENT NUM 465   current_time = 00:02:54   START_PICKING         [queue size = 104]
2026-07-13 16:24:41 DEBUG: Processing task 42 at workstation 3: picking items {7892} for orders {51}
2026-07-13 16:24:41 DEBUG:    EVENT NUM 466   current_time = 00:02:55   ARRIVAL_ORDER         [queue size = 104]
2026-07-13 16:24:41 DEBUG: Order 134 arrived: items_required = [10902, 8273].     [orders_in_system = 112]
2026-07-13 16:24:41 DEBUG:    EVENT NUM 467   current_time = 00:02:55   ARRIVAL_POD_WST       [queue size = 104]
2026-07-13 16:24:41 DEBUG: Pod 804 arrived at workstation 1 - status = IDLE
2026-07-13 16:24:41 DEBUG: Pod queued at workstation.    [picking_buffer = {21: 175.3593259347797}]
2026-07-13 16:24:41 DEBUG:    EVENT NUM 468   current_time = 00:02:55   START_PICKING         [queue size = 104]
2026-07-13 16:24:41 DEBUG: Processing task 21 at workstation 1: picking items {10946} for orders {84}
2026-07-13 16:24:41 DEBUG:    EVENT NUM 469   current_time = 00:02:55   RELEASE_TASK          [queue size = 104]
2026-07-13 16:24:41 DEBUG: Task 88 released: pod 181 required by workstation(s) [3].  [released tasks = 34]
2026-07-13 16:24:41 DEBUG:    EVENT NUM 470   current_time = 00:02:56   ARRIVAL_POD_WST       [queue size = 103]
2026-07-13 16:24:41 DEBUG: Pod 490 arrived at workstation 2 - status = IDLE
2026-07-13 16:24:41 DEBUG: Pod queued at workstation.    [picking_buffer = {37: 176.27956962636134}]
2026-07-13 16:24:41 DEBUG:    EVENT NUM 471   current_time = 00:02:56   START_PICKING         [queue size = 103]
2026-07-13 16:24:41 DEBUG: Processing task 37 at workstation 2: picking items {7576} for orders {54}
2026-07-13 16:24:41 DEBUG:    EVENT NUM 472   current_time = 00:02:57   RELEASE_TASK          [queue size = 103]
2026-07-13 16:24:41 DEBUG: Task 89 released: pod 843 required by workstation(s) [0].  [released tasks = 35]
2026-07-13 16:24:41 DEBUG:    EVENT NUM 473   current_time = 00:02:59   RELEASE_TASK          [queue size = 102]
2026-07-13 16:24:41 DEBUG: Task 90 released: pod 335 required by workstation(s) [4].  [released tasks = 36]
2026-07-13 16:24:41 DEBUG:    EVENT NUM 474   current_time = 00:03:00   ARRIVAL_ORDER         [queue size = 101]
2026-07-13 16:24:41 DEBUG: Order 135 arrived: items_required = [12605, 4167, 3193].     [orders_in_system = 113]
2026-07-13 16:24:41 DEBUG:    EVENT NUM 475   current_time = 00:03:00   END_PICKING           [queue size = 101]
2026-07-13 16:24:41 DEBUG: Ended picking at workstation 0.    [picking_buffer len = {}]
2026-07-13 16:24:41 DEBUG: Task should have served orders {42}, found open orders {42, 44, 46, 93}.
2026-07-13 16:24:41 DEBUG: Task 22 completed: pod 630 returning to storage.
2026-07-13 16:24:41 DEBUG:    EVENT NUM 476   current_time = 00:03:00   CLOSE_ORDER           [queue size = 102]
2026-07-13 16:24:41 DEBUG: Order 42 closed at workstation 0: flow_time = 180.1 s.     [order_buffer = 7] [open_orders = 3/4]
2026-07-13 16:24:41 DEBUG: Next order in buffer: 63
2026-07-13 16:24:41 DEBUG:    EVENT NUM 477   current_time = 00:03:00   OPEN_ORDER            [queue size = 102]
2026-07-13 16:24:41 DEBUG: Order 63 (skus required = {1852}) opened at workstation 0.   [open_orders = 4/4]
2026-07-13 16:24:41 DEBUG:    EVENT NUM 478   current_time = 00:03:00   START_TASK            [queue size = 102]
2026-07-13 16:24:41 DEBUG: Task 38 blocked: no orders in {1: [22]} is open yet.  [released tasks = 35]
2026-07-13 16:24:41 DEBUG: Task 46 blocked: no idle robots.
2026-07-13 16:24:41 DEBUG:    EVENT NUM 479   current_time = 00:03:01   RETURN_POD            [queue size = 101]
2026-07-13 16:24:41 DEBUG: Pod 788 returned. Robot 28 idle.   [idle robots = 1/40, released tasks = 36]
2026-07-13 16:24:41 DEBUG:    EVENT NUM 480   current_time = 00:03:01   START_TASK            [queue size = 101]
2026-07-13 16:24:41 DEBUG: Task 38 blocked: no orders in {1: [22]} is open yet.  [released tasks = 35]
2026-07-13 16:24:41 DEBUG: Task 46 started: robot 28 → pod 847 → workstation 2 for orders {71} (arrival = 233.5 s).   [idle robots = 0/40]
2026-07-13 16:24:41 DEBUG:    EVENT NUM 481   current_time = 00:03:01   RELEASE_TASK          [queue size = 101]
2026-07-13 16:24:41 DEBUG: Task 91 released: pod 514 required by workstation(s) [4].  [released tasks = 36]
2026-07-13 16:24:41 DEBUG:    EVENT NUM 482   current_time = 00:03:02   END_PICKING           [queue size = 100]
2026-07-13 16:24:41 DEBUG: Ended picking at workstation 8.    [picking_buffer len = {59: 155.58366889159788}]
2026-07-13 16:24:41 DEBUG: Task should have served orders {5}, found open orders {65, 5, 9, 59}.
2026-07-13 16:24:41 DEBUG: Task 43 completed: pod 625 returning to storage.
2026-07-13 16:24:41 DEBUG:    EVENT NUM 483   current_time = 00:03:02   CLOSE_ORDER           [queue size = 102]
2026-07-13 16:24:41 DEBUG: Order 5 closed at workstation 8: flow_time = 182.3 s.     [order_buffer = 12] [open_orders = 3/4]
2026-07-13 16:24:41 DEBUG: Next order in buffer: 86
2026-07-13 16:24:41 DEBUG:    EVENT NUM 484   current_time = 00:03:02   START_PICKING         [queue size = 102]
2026-07-13 16:24:41 DEBUG: Processing task 59 at workstation 8: picking items {12306} for orders {59}
2026-07-13 16:24:41 DEBUG:    EVENT NUM 485   current_time = 00:03:02   OPEN_ORDER            [queue size = 102]
2026-07-13 16:24:41 DEBUG: Order 86 (skus required = {4091}) opened at workstation 8.   [open_orders = 4/4]
2026-07-13 16:24:41 DEBUG:    EVENT NUM 486   current_time = 00:03:02   START_TASK            [queue size = 102]
2026-07-13 16:24:41 DEBUG: Task 38 blocked: no orders in {1: [22]} is open yet.  [released tasks = 35]
2026-07-13 16:24:41 DEBUG: Task 49 blocked: no idle robots.
2026-07-13 16:24:41 DEBUG:    EVENT NUM 487   current_time = 00:03:02   RETURN_POD            [queue size = 101]
2026-07-13 16:24:41 DEBUG: Pod 495 returned. Robot 16 idle.   [idle robots = 1/40, released tasks = 36]
2026-07-13 16:24:41 DEBUG:    EVENT NUM 488   current_time = 00:03:02   START_TASK            [queue size = 101]
2026-07-13 16:24:41 DEBUG: Task 38 blocked: no orders in {1: [22]} is open yet.  [released tasks = 35]
2026-07-13 16:24:41 DEBUG: Task 49 started: robot 16 → pod 781 → workstation 1 for orders {87} (arrival = 266.8 s).   [idle robots = 0/40]
2026-07-13 16:24:41 DEBUG:    EVENT NUM 489   current_time = 00:03:03   RELEASE_TASK          [queue size = 101]
2026-07-13 16:24:41 DEBUG: Task 92 released: pod 742 required by workstation(s) [3].  [released tasks = 36]
2026-07-13 16:24:41 DEBUG:    EVENT NUM 490   current_time = 00:03:04   END_PICKING           [queue size = 100]
2026-07-13 16:24:41 DEBUG: Ended picking at workstation 3.    [picking_buffer len = {}]
2026-07-13 16:24:41 DEBUG: Task should have served orders {51}, found open orders {51, 58, 62, 31}.
2026-07-13 16:24:41 DEBUG: Task 42 completed: pod 895 returning to storage.
2026-07-13 16:24:41 DEBUG:    EVENT NUM 491   current_time = 00:03:05   ARRIVAL_ORDER         [queue size = 100]
2026-07-13 16:24:41 DEBUG: Order 136 arrived: items_required = [4293].     [orders_in_system = 112]
2026-07-13 16:24:41 DEBUG:    EVENT NUM 492   current_time = 00:03:05   END_PICKING           [queue size = 100]
2026-07-13 16:24:41 DEBUG: Ended picking at workstation 1.    [picking_buffer len = {}]
2026-07-13 16:24:41 DEBUG: Task should have served orders {84}, found open orders {2, 3, 84, 87}.
2026-07-13 16:24:41 DEBUG: Task 21 completed: pod 804 returning to storage.
2026-07-13 16:24:41 DEBUG:    EVENT NUM 493   current_time = 00:03:05   RELEASE_TASK          [queue size = 100]
2026-07-13 16:24:41 DEBUG: Task 93 released: pod 875 required by workstation(s) [1].  [released tasks = 37]
2026-07-13 16:24:41 DEBUG:    EVENT NUM 494   current_time = 00:03:06   END_PICKING           [queue size = 99]
2026-07-13 16:24:41 DEBUG: Ended picking at workstation 2.    [picking_buffer len = {}]
2026-07-13 16:24:41 DEBUG: Task should have served orders {54}, found open orders {6, 71, 54, 25}.
2026-07-13 16:24:41 DEBUG: Task 37 completed: pod 490 returning to storage.
2026-07-13 16:24:41 DEBUG:    EVENT NUM 495   current_time = 00:03:07   RELEASE_TASK          [queue size = 99]
2026-07-13 16:24:41 DEBUG: Task 94 released: pod 410 required by workstation(s) [8].  [released tasks = 38]
2026-07-13 16:24:41 DEBUG:    EVENT NUM 496   current_time = 00:03:09   RELEASE_TASK          [queue size = 98]
2026-07-13 16:24:41 DEBUG: Task 95 released: pod 468 required by workstation(s) [5, 5].  [released tasks = 39]
2026-07-13 16:24:41 DEBUG:    EVENT NUM 497   current_time = 00:03:10   ARRIVAL_ORDER         [queue size = 97]
2026-07-13 16:24:41 DEBUG: Order 137 arrived: items_required = [5567].     [orders_in_system = 113]
2026-07-13 16:24:41 DEBUG:    EVENT NUM 498   current_time = 00:03:10   RETURN_POD            [queue size = 97]
2026-07-13 16:24:41 DEBUG: Pod 283 returned. Robot 9 idle.   [idle robots = 1/40, released tasks = 39]
2026-07-13 16:24:41 DEBUG:    EVENT NUM 499   current_time = 00:03:10   START_TASK            [queue size = 97]
2026-07-13 16:24:41 DEBUG: Task 38 blocked: no orders in {1: [22]} is open yet.  [released tasks = 38]
2026-07-13 16:24:41 DEBUG: Task 52 started: robot 9 → pod 249 → workstation 0 for orders {93} (arrival = 273.0 s).   [idle robots = 0/40]
2026-07-13 16:24:41 DEBUG:    EVENT NUM 500   current_time = 00:03:10   ARRIVAL_POD_WST       [queue size = 97]
2026-07-13 16:24:41 DEBUG: Pod 460 arrived at workstation 7 - status = IDLE
2026-07-13 16:24:41 DEBUG: Pod queued at workstation.    [picking_buffer = {30: 190.32675414900808}]
2026-07-13 16:24:41 DEBUG:    EVENT NUM 501   current_time = 00:03:10   START_PICKING         [queue size = 97]
2026-07-13 16:24:41 DEBUG: Processing task 30 at workstation 7: picking items {5920} for orders {38}
2026-07-13 16:24:41 DEBUG:    EVENT NUM 502   current_time = 00:03:11   RELEASE_TASK          [queue size = 97]
2026-07-13 16:24:41 DEBUG: Task 96 released: pod 793 required by workstation(s) [5].  [released tasks = 39]
2026-07-13 16:24:41 DEBUG:    EVENT NUM 503   current_time = 00:03:12   END_PICKING           [queue size = 96]
2026-07-13 16:24:41 DEBUG: Ended picking at workstation 8.    [picking_buffer len = {}]
2026-07-13 16:24:41 DEBUG: Task should have served orders {59}, found open orders {65, 9, 86, 59}.
2026-07-13 16:24:41 DEBUG: Task 59 completed: pod 709 returning to storage.
2026-07-13 16:24:41 DEBUG:    EVENT NUM 504   current_time = 00:03:12   CLOSE_ORDER           [queue size = 97]
2026-07-13 16:24:41 DEBUG: Order 59 closed at workstation 8: flow_time = 192.3 s.     [order_buffer = 11] [open_orders = 3/4]
2026-07-13 16:24:41 DEBUG: Next order in buffer: 99
2026-07-13 16:24:41 DEBUG:    EVENT NUM 505   current_time = 00:03:12   OPEN_ORDER            [queue size = 97]
2026-07-13 16:24:41 DEBUG: Order 99 (skus required = {4365}) opened at workstation 8.   [open_orders = 4/4]
2026-07-13 16:24:41 DEBUG:    EVENT NUM 506   current_time = 00:03:12   START_TASK            [queue size = 97]
2026-07-13 16:24:41 DEBUG: Task 38 blocked: no orders in {1: [22]} is open yet.  [released tasks = 38]
2026-07-13 16:24:41 DEBUG: Task 53 blocked: no idle robots.
2026-07-13 16:24:41 DEBUG:    EVENT NUM 507   current_time = 00:03:12   ARRIVAL_POD_WST       [queue size = 96]
2026-07-13 16:24:41 DEBUG: Pod 728 arrived at workstation 2 - status = IDLE
2026-07-13 16:24:41 DEBUG: Pod queued at workstation.    [picking_buffer = {65: 192.64689700499906}]
2026-07-13 16:24:41 DEBUG:    EVENT NUM 508   current_time = 00:03:12   START_PICKING         [queue size = 96]
2026-07-13 16:24:41 DEBUG: Processing task 65 at workstation 2: picking items {7384} for orders {54}
2026-07-13 16:24:41 DEBUG:    EVENT NUM 509   current_time = 00:03:13   RELEASE_TASK          [queue size = 96]
2026-07-13 16:24:41 DEBUG: Task 97 released: pod 616 required by workstation(s) [3].  [released tasks = 40]
2026-07-13 16:24:41 DEBUG:    EVENT NUM 510   current_time = 00:03:15   ARRIVAL_ORDER         [queue size = 95]
2026-07-13 16:24:41 DEBUG: Order 138 arrived: items_required = [12055, 5879].     [orders_in_system = 113]
2026-07-13 16:24:41 DEBUG:    EVENT NUM 511   current_time = 00:03:15   RELEASE_TASK          [queue size = 95]
2026-07-13 16:24:41 DEBUG: Task 98 released: pod 157 required by workstation(s) [1].  [released tasks = 41]
2026-07-13 16:24:41 DEBUG:    EVENT NUM 512   current_time = 00:03:17   RELEASE_TASK          [queue size = 94]
2026-07-13 16:24:41 DEBUG: Task 99 released: pod 791 required by workstation(s) [5].  [released tasks = 42]
2026-07-13 16:24:41 DEBUG:    EVENT NUM 513   current_time = 00:03:18   ARRIVAL_POD_WST       [queue size = 93]
2026-07-13 16:24:41 DEBUG: Pod 175 arrived at workstation 8 - status = IDLE
2026-07-13 16:24:41 DEBUG: Pod queued at workstation.    [picking_buffer = {31: 198.4324121691509}]
2026-07-13 16:24:41 DEBUG:    EVENT NUM 514   current_time = 00:03:18   START_PICKING         [queue size = 93]
2026-07-13 16:24:41 DEBUG: Processing task 31 at workstation 8: picking items {12759} for orders {9}
2026-07-13 16:24:41 DEBUG:    EVENT NUM 515   current_time = 00:03:19   RELEASE_TASK          [queue size = 93]
2026-07-13 16:24:41 DEBUG: Task 100 released: pod 332 required by workstation(s) [1].  [released tasks = 43]
2026-07-13 16:24:41 DEBUG:    EVENT NUM 516   current_time = 00:03:20   ARRIVAL_ORDER         [queue size = 92]
2026-07-13 16:24:41 DEBUG: Order 139 arrived: items_required = [5848, 5086].     [orders_in_system = 114]
2026-07-13 16:24:41 DEBUG:    EVENT NUM 517   current_time = 00:03:20   END_PICKING           [queue size = 92]
2026-07-13 16:24:41 DEBUG: Ended picking at workstation 7.    [picking_buffer len = {}]
2026-07-13 16:24:41 DEBUG: Task should have served orders {38}, found open orders {24, 57, 56, 38}.
2026-07-13 16:24:41 DEBUG: Task 30 heading to workstation 7.
2026-07-13 16:24:41 DEBUG:    EVENT NUM 518   current_time = 00:03:20   CLOSE_ORDER           [queue size = 93]
2026-07-13 16:24:41 DEBUG: Order 38 closed at workstation 7: flow_time = 200.3 s.     [order_buffer = 4] [open_orders = 3/4]
2026-07-13 16:24:41 DEBUG: Next order in buffer: 18
2026-07-13 16:24:41 DEBUG:    EVENT NUM 519   current_time = 00:03:20   ARRIVAL_POD_WST       [queue size = 93]
2026-07-13 16:24:41 DEBUG: Pod 460 arrived at workstation 7 - status = IDLE
2026-07-13 16:24:41 DEBUG: Pod queued at workstation.    [picking_buffer = {30: 200.32675414900808}]
2026-07-13 16:24:41 DEBUG:    EVENT NUM 520   current_time = 00:03:20   OPEN_ORDER            [queue size = 93]
2026-07-13 16:24:41 DEBUG: Order 18 (skus required = {4225, 10434, 8462}) opened at workstation 7.   [open_orders = 4/4]
2026-07-13 16:24:41 DEBUG:    EVENT NUM 521   current_time = 00:03:20   START_PICKING         [queue size = 94]
2026-07-13 16:24:41 DEBUG: Processing task 30 at workstation 7: picking items {1865} for orders {24}
2026-07-13 16:24:41 DEBUG:    EVENT NUM 522   current_time = 00:03:20   START_TASK            [queue size = 94]
2026-07-13 16:24:41 DEBUG: Task 38 blocked: no orders in {1: [22]} is open yet.  [released tasks = 42]
2026-07-13 16:24:41 DEBUG: Task 53 blocked: no idle robots.
2026-07-13 16:24:41 DEBUG:    EVENT NUM 523   current_time = 00:03:20   START_PICKING         [queue size = 93]
2026-07-13 16:24:41 DEBUG:    EVENT NUM 524   current_time = 00:03:21   RELEASE_TASK          [queue size = 92]
2026-07-13 16:24:41 DEBUG: Task 101 released: pod 703 required by workstation(s) [5].  [released tasks = 44]
2026-07-13 16:24:41 DEBUG:    EVENT NUM 525   current_time = 00:03:22   END_PICKING           [queue size = 91]
2026-07-13 16:24:41 DEBUG: Ended picking at workstation 2.    [picking_buffer len = {}]
2026-07-13 16:24:41 DEBUG: Task should have served orders {54}, found open orders {6, 71, 54, 25}.
2026-07-13 16:24:41 DEBUG: Task 65 completed: pod 728 returning to storage.
2026-07-13 16:24:41 DEBUG:    EVENT NUM 526   current_time = 00:03:22   CLOSE_ORDER           [queue size = 92]
2026-07-13 16:24:41 DEBUG: Order 54 closed at workstation 2: flow_time = 202.6 s.     [order_buffer = 1] [open_orders = 3/4]
2026-07-13 16:24:41 DEBUG: Next order in buffer: 82
2026-07-13 16:24:41 DEBUG:    EVENT NUM 527   current_time = 00:03:22   OPEN_ORDER            [queue size = 92]
2026-07-13 16:24:41 DEBUG: Order 82 (skus required = {8193, 8892, 4604, 6518}) opened at workstation 2.   [open_orders = 4/4]
2026-07-13 16:24:41 DEBUG:    EVENT NUM 528   current_time = 00:03:22   START_TASK            [queue size = 92]
2026-07-13 16:24:41 DEBUG: Task 38 blocked: no orders in {1: [22]} is open yet.  [released tasks = 43]
2026-07-13 16:24:41 DEBUG: Task 53 blocked: no idle robots.
2026-07-13 16:24:41 DEBUG:    EVENT NUM 529   current_time = 00:03:22   RETURN_POD            [queue size = 91]
2026-07-13 16:24:41 DEBUG: Pod 429 returned. Robot 14 idle.   [idle robots = 1/40, released tasks = 44]
2026-07-13 16:24:41 DEBUG:    EVENT NUM 530   current_time = 00:03:22   START_TASK            [queue size = 91]
2026-07-13 16:24:41 DEBUG: Task 38 blocked: no orders in {1: [22]} is open yet.  [released tasks = 43]
2026-07-13 16:24:41 DEBUG: Task 53 started: robot 14 → pod 232 → workstation 0 for orders {36, 14} (arrival = 359.6 s).   [idle robots = 0/40]
2026-07-13 16:24:41 DEBUG:    EVENT NUM 531   current_time = 00:03:23   RELEASE_TASK          [queue size = 91]
2026-07-13 16:24:41 DEBUG: Task 102 released: pod 164 required by workstation(s) [4].  [released tasks = 44]
2026-07-13 16:24:41 DEBUG:    EVENT NUM 532   current_time = 00:03:25   ARRIVAL_ORDER         [queue size = 90]
2026-07-13 16:24:41 DEBUG: Order 140 arrived: items_required = [12528].     [orders_in_system = 113]
2026-07-13 16:24:41 DEBUG:    EVENT NUM 533   current_time = 00:03:25   RELEASE_TASK          [queue size = 90]
2026-07-13 16:24:41 DEBUG: Task 103 released: pod 471 required by workstation(s) [4].  [released tasks = 45]
2026-07-13 16:24:41 DEBUG:    EVENT NUM 534   current_time = 00:03:26   ARRIVAL_POD_WST       [queue size = 89]
2026-07-13 16:24:41 DEBUG: Pod 655 arrived at workstation 6 - status = IDLE
2026-07-13 16:24:41 DEBUG: Pod queued at workstation.    [picking_buffer = {58: 206.09624168351755}]
2026-07-13 16:24:41 DEBUG:    EVENT NUM 535   current_time = 00:03:26   START_PICKING         [queue size = 89]
2026-07-13 16:24:41 DEBUG: Processing task 58 at workstation 6: picking items {10931} for orders {53}
2026-07-13 16:24:41 DEBUG:    EVENT NUM 536   current_time = 00:03:26   ARRIVAL_POD_WST       [queue size = 89]
2026-07-13 16:24:41 DEBUG: Pod 846 arrived at workstation 0 - status = IDLE
2026-07-13 16:24:41 DEBUG: Pod queued at workstation.    [picking_buffer = {39: 206.94417221053573}]
2026-07-13 16:24:41 DEBUG:    EVENT NUM 537   current_time = 00:03:26   START_PICKING         [queue size = 89]
2026-07-13 16:24:41 DEBUG: Processing task 39 at workstation 0: picking items {6820} for orders {93}
2026-07-13 16:24:41 DEBUG:    EVENT NUM 538   current_time = 00:03:27   RETURN_POD            [queue size = 89]
2026-07-13 16:24:41 DEBUG: Pod 280 returned. Robot 25 idle.   [idle robots = 1/40, released tasks = 45]
2026-07-13 16:24:41 DEBUG:    EVENT NUM 539   current_time = 00:03:27   START_TASK            [queue size = 89]
2026-07-13 16:24:41 DEBUG: Task 38 blocked: no orders in {1: [22]} is open yet.  [released tasks = 44]
2026-07-13 16:24:41 DEBUG: Task 56 blocked: no orders in {1: [32]} is open yet.  [released tasks = 43]
2026-07-13 16:24:41 DEBUG: Task 57 started: robot 25 → pod 345 → workstation 0 for orders {36} (arrival = 301.9 s).   [idle robots = 0/40]
2026-07-13 16:24:41 DEBUG:    EVENT NUM 540   current_time = 00:03:27   RELEASE_TASK          [queue size = 89]
2026-07-13 16:24:41 DEBUG: Task 104 released: pod 521 required by workstation(s) [5].  [released tasks = 45]
2026-07-13 16:24:41 DEBUG:    EVENT NUM 541   current_time = 00:03:28   END_PICKING           [queue size = 88]
2026-07-13 16:24:41 DEBUG: Ended picking at workstation 8.    [picking_buffer len = {}]
2026-07-13 16:24:41 DEBUG: Task should have served orders {9}, found open orders {65, 99, 9, 86}.
2026-07-13 16:24:41 DEBUG: Task 31 completed: pod 175 returning to storage.
2026-07-13 16:24:41 DEBUG:    EVENT NUM 542   current_time = 00:03:28   CLOSE_ORDER           [queue size = 89]
2026-07-13 16:24:41 DEBUG: Order 9 closed at workstation 8: flow_time = 208.4 s.     [order_buffer = 10] [open_orders = 3/4]
2026-07-13 16:24:41 DEBUG: Next order in buffer: 50
2026-07-13 16:24:41 DEBUG:    EVENT NUM 543   current_time = 00:03:28   OPEN_ORDER            [queue size = 89]
2026-07-13 16:24:41 DEBUG: Order 50 (skus required = {7736}) opened at workstation 8.   [open_orders = 4/4]
2026-07-13 16:24:41 DEBUG:    EVENT NUM 544   current_time = 00:03:28   START_TASK            [queue size = 89]
2026-07-13 16:24:41 DEBUG: Task 38 blocked: no orders in {1: [22]} is open yet.  [released tasks = 44]
2026-07-13 16:24:41 DEBUG: Task 56 blocked: no orders in {1: [32]} is open yet.  [released tasks = 43]
2026-07-13 16:24:41 DEBUG: Task 60 blocked: no idle robots.
2026-07-13 16:24:41 DEBUG:    EVENT NUM 545   current_time = 00:03:29   RELEASE_TASK          [queue size = 88]
2026-07-13 16:24:41 DEBUG: Task 105 released: pod 219 required by workstation(s) [6].  [released tasks = 46]
2026-07-13 16:24:41 DEBUG:    EVENT NUM 546   current_time = 00:03:30   ARRIVAL_ORDER         [queue size = 87]
2026-07-13 16:24:41 DEBUG: Order 141 arrived: items_required = [7315, 8504].     [orders_in_system = 113]
2026-07-13 16:24:41 DEBUG:    EVENT NUM 547   current_time = 00:03:30   END_PICKING           [queue size = 87]
2026-07-13 16:24:41 DEBUG: Ended picking at workstation 7.    [picking_buffer len = {}]
2026-07-13 16:24:41 DEBUG: Task should have served orders {24}, found open orders {18, 24, 57, 56}.
2026-07-13 16:24:41 DEBUG: Task 30 completed: pod 460 returning to storage.
2026-07-13 16:24:41 DEBUG:    EVENT NUM 548   current_time = 00:03:31   RETURN_POD            [queue size = 87]
2026-07-13 16:24:41 DEBUG: Pod 579 returned. Robot 30 idle.   [idle robots = 1/40, released tasks = 46]
2026-07-13 16:24:41 DEBUG:    EVENT NUM 549   current_time = 00:03:31   START_TASK            [queue size = 87]
2026-07-13 16:24:41 DEBUG: Task 38 blocked: no orders in {1: [22]} is open yet.  [released tasks = 45]
2026-07-13 16:24:41 DEBUG: Task 56 blocked: no orders in {1: [32]} is open yet.  [released tasks = 44]
2026-07-13 16:24:41 DEBUG: Task 60 started: robot 30 → pod 850 → workstation 2 for orders {82} (arrival = 236.8 s).   [idle robots = 0/40]
2026-07-13 16:24:41 DEBUG:    EVENT NUM 550   current_time = 00:03:31   RELEASE_TASK          [queue size = 87]
2026-07-13 16:24:41 DEBUG: Task 106 released: pod 597 required by workstation(s) [6].  [released tasks = 46]
2026-07-13 16:24:41 DEBUG:    EVENT NUM 551   current_time = 00:03:33   ARRIVAL_POD_WST       [queue size = 86]
2026-07-13 16:24:41 DEBUG: Pod 594 arrived at workstation 2 - status = IDLE
2026-07-13 16:24:41 DEBUG: Pod queued at workstation.    [picking_buffer = {47: 213.24686414871707}]
2026-07-13 16:24:41 DEBUG:    EVENT NUM 552   current_time = 00:03:33   START_PICKING         [queue size = 86]
2026-07-13 16:24:41 DEBUG: Processing task 47 at workstation 2: picking items {2052} for orders {25}
2026-07-13 16:24:41 DEBUG:    EVENT NUM 553   current_time = 00:03:33   RELEASE_TASK          [queue size = 86]
2026-07-13 16:24:41 DEBUG: Task 107 released: pod 397 required by workstation(s) [3].  [released tasks = 47]
2026-07-13 16:24:41 DEBUG:    EVENT NUM 554   current_time = 00:03:35   ARRIVAL_ORDER         [queue size = 85]
2026-07-13 16:24:41 DEBUG: Order 142 arrived: items_required = [8970, 7181].     [orders_in_system = 114]
2026-07-13 16:24:41 DEBUG:    EVENT NUM 555   current_time = 00:03:35   RELEASE_TASK          [queue size = 85]
2026-07-13 16:24:41 DEBUG: Task 108 released: pod 198 required by workstation(s) [6].  [released tasks = 48]
2026-07-13 16:24:41 DEBUG:    EVENT NUM 556   current_time = 00:03:36   END_PICKING           [queue size = 84]
2026-07-13 16:24:41 DEBUG: Ended picking at workstation 6.    [picking_buffer len = {}]
2026-07-13 16:24:41 DEBUG: Task should have served orders {53}, found open orders {48, 40, 53, 55}.
2026-07-13 16:24:41 DEBUG: Task 58 completed: pod 655 returning to storage.
2026-07-13 16:24:41 DEBUG:    EVENT NUM 557   current_time = 00:03:36   CLOSE_ORDER           [queue size = 85]
2026-07-13 16:24:41 DEBUG: Order 53 closed at workstation 6: flow_time = 216.1 s.     [order_buffer = 4] [open_orders = 3/4]
2026-07-13 16:24:41 DEBUG: Next order in buffer: 39
2026-07-13 16:24:41 DEBUG:    EVENT NUM 558   current_time = 00:03:36   OPEN_ORDER            [queue size = 85]
2026-07-13 16:24:41 DEBUG: Order 39 (skus required = {9274, 2271}) opened at workstation 6.   [open_orders = 4/4]
2026-07-13 16:24:41 DEBUG:    EVENT NUM 559   current_time = 00:03:36   START_TASK            [queue size = 85]
2026-07-13 16:24:41 DEBUG: Task 38 blocked: no orders in {1: [22]} is open yet.  [released tasks = 47]
2026-07-13 16:24:41 DEBUG: Task 56 blocked: no orders in {1: [32]} is open yet.  [released tasks = 46]
2026-07-13 16:24:41 DEBUG: Task 62 blocked: no idle robots.
2026-07-13 16:24:41 DEBUG:    EVENT NUM 560   current_time = 00:03:36   END_PICKING           [queue size = 84]
2026-07-13 16:24:41 DEBUG: Ended picking at workstation 0.    [picking_buffer len = {}]
2026-07-13 16:24:41 DEBUG: Task should have served orders {93}, found open orders {44, 46, 93, 63}.
2026-07-13 16:24:41 DEBUG: Task 39 completed: pod 846 returning to storage.
2026-07-13 16:24:41 DEBUG:    EVENT NUM 561   current_time = 00:03:37   RELEASE_TASK          [queue size = 84]
2026-07-13 16:24:41 DEBUG: Task 109 released: pod 741 required by workstation(s) [6].  [released tasks = 49]
2026-07-13 16:24:41 DEBUG:    EVENT NUM 562   current_time = 00:03:38   RETURN_POD            [queue size = 83]
2026-07-13 16:24:41 DEBUG: Pod 590 returned. Robot 17 idle.   [idle robots = 1/40, released tasks = 49]
2026-07-13 16:24:41 DEBUG:    EVENT NUM 563   current_time = 00:03:38   START_TASK            [queue size = 83]
2026-07-13 16:24:41 DEBUG: Task 38 blocked: no orders in {1: [22]} is open yet.  [released tasks = 48]
2026-07-13 16:24:41 DEBUG: Task 56 blocked: no orders in {1: [32]} is open yet.  [released tasks = 47]
2026-07-13 16:24:41 DEBUG: Task 62 started: robot 17 → pod 310 → workstation 2 for orders {82} (arrival = 304.7 s).   [idle robots = 0/40]
2026-07-13 16:24:41 DEBUG:    EVENT NUM 564   current_time = 00:03:39   ARRIVAL_POD_WST       [queue size = 83]
2026-07-13 16:24:41 DEBUG: Pod 749 arrived at workstation 7 - status = IDLE
2026-07-13 16:24:41 DEBUG: Pod queued at workstation.    [picking_buffer = {61: 219.4794627535075}]
2026-07-13 16:24:41 DEBUG:    EVENT NUM 565   current_time = 00:03:39   START_PICKING         [queue size = 83]
2026-07-13 16:24:41 DEBUG: Processing task 61 at workstation 7: picking items {5782} for orders {57}
2026-07-13 16:24:41 DEBUG:    EVENT NUM 566   current_time = 00:03:39   RELEASE_TASK          [queue size = 83]
2026-07-13 16:24:41 DEBUG: Task 110 released: pod 72 required by workstation(s) [3].  [released tasks = 49]
2026-07-13 16:24:41 DEBUG:    EVENT NUM 567   current_time = 00:03:40   ARRIVAL_ORDER         [queue size = 82]
2026-07-13 16:24:41 DEBUG: Order 143 arrived: items_required = [10699].     [orders_in_system = 114]
2026-07-13 16:24:41 DEBUG:    EVENT NUM 568   current_time = 00:03:40   ARRIVAL_POD_WST       [queue size = 82]
2026-07-13 16:24:41 DEBUG: Pod 331 arrived at workstation 0 - status = IDLE
2026-07-13 16:24:41 DEBUG: Pod queued at workstation.    [picking_buffer = {45: 220.3239823779263}]
2026-07-13 16:24:41 DEBUG:    EVENT NUM 569   current_time = 00:03:40   START_PICKING         [queue size = 82]
2026-07-13 16:24:41 DEBUG: Processing task 45 at workstation 0: picking items {3136} for orders {44}
2026-07-13 16:24:41 DEBUG:    EVENT NUM 570   current_time = 00:03:40   ARRIVAL_POD_WST       [queue size = 82]
2026-07-13 16:24:41 DEBUG: Pod 692 arrived at workstation 2 - status = BUSY
2026-07-13 16:24:41 DEBUG: Pod queued at workstation.    [picking_buffer = {40: 220.32482908792366}]
2026-07-13 16:24:41 DEBUG:    EVENT NUM 571   current_time = 00:03:40   ARRIVAL_POD_WST       [queue size = 81]
2026-07-13 16:24:41 DEBUG: Pod 272 arrived at workstation 0 - status = BUSY
2026-07-13 16:24:41 DEBUG: Pod queued at workstation.    [picking_buffer = {26: 220.51000033335677}]
2026-07-13 16:24:41 DEBUG:    EVENT NUM 572   current_time = 00:03:41   RELEASE_TASK          [queue size = 80]
2026-07-13 16:24:41 DEBUG: Task 111 released: pod 855 required by workstation(s) [6].  [released tasks = 50]
2026-07-13 16:24:41 DEBUG:    EVENT NUM 573   current_time = 00:03:42   ARRIVAL_POD_WST       [queue size = 79]
2026-07-13 16:24:41 DEBUG: Pod 33 arrived at workstation 1 - status = IDLE
2026-07-13 16:24:41 DEBUG: Pod queued at workstation.    [picking_buffer = {34: 222.41298605512543}]
2026-07-13 16:24:41 DEBUG:    EVENT NUM 574   current_time = 00:03:42   START_PICKING         [queue size = 79]
2026-07-13 16:24:41 DEBUG: start_picking: WS 1 has no actionable task in buffer.
2026-07-13 16:24:41 DEBUG:    EVENT NUM 575   current_time = 00:03:43   END_PICKING           [queue size = 78]
2026-07-13 16:24:41 DEBUG: Ended picking at workstation 2.    [picking_buffer len = {40: 220.32482908792366}]
2026-07-13 16:24:41 DEBUG: Task should have served orders {25}, found open orders {6, 71, 82, 25}.
2026-07-13 16:24:41 DEBUG: Task 47 completed: pod 594 returning to storage.
2026-07-13 16:24:41 DEBUG:    EVENT NUM 576   current_time = 00:03:43   START_PICKING         [queue size = 79]
2026-07-13 16:24:41 DEBUG: Processing task 40 at workstation 2: picking items {8425} for orders {6}
2026-07-13 16:24:41 DEBUG:    EVENT NUM 577   current_time = 00:03:43   RETURN_POD            [queue size = 79]
2026-07-13 16:24:41 DEBUG: Pod 315 returned. Robot 5 idle.   [idle robots = 1/40, released tasks = 50]
2026-07-13 16:24:41 DEBUG:    EVENT NUM 578   current_time = 00:03:43   START_TASK            [queue size = 79]
2026-07-13 16:24:41 DEBUG: Task 38 blocked: no orders in {1: [22]} is open yet.  [released tasks = 49]
2026-07-13 16:24:41 DEBUG: Task 56 blocked: no orders in {1: [32]} is open yet.  [released tasks = 48]
2026-07-13 16:24:41 DEBUG: Task 63 started: robot 5 → pod 439 → workstation 8 for orders {86} (arrival = 286.8 s).   [idle robots = 0/40]
2026-07-13 16:24:41 DEBUG:    EVENT NUM 579   current_time = 00:03:43   RELEASE_TASK          [queue size = 79]
2026-07-13 16:24:41 DEBUG: Task 112 released: pod 867 required by workstation(s) [7, 7].  [released tasks = 50]
2026-07-13 16:24:41 DEBUG:    EVENT NUM 580   current_time = 00:03:43   RETURN_POD            [queue size = 78]
2026-07-13 16:24:41 DEBUG: Pod 709 returned. Robot 31 idle.   [idle robots = 1/40, released tasks = 50]
2026-07-13 16:24:41 DEBUG:    EVENT NUM 581   current_time = 00:03:43   START_TASK            [queue size = 78]
2026-07-13 16:24:41 DEBUG: Task 38 blocked: no orders in {1: [22]} is open yet.  [released tasks = 49]
2026-07-13 16:24:41 DEBUG: Task 56 blocked: no orders in {1: [32]} is open yet.  [released tasks = 48]
2026-07-13 16:24:41 DEBUG: Task 64 blocked: no orders in {0: [94]} is open yet.  [released tasks = 47]
2026-07-13 16:24:41 DEBUG: Task 66 blocked: no orders in {0: [67]} is open yet.  [released tasks = 46]
2026-07-13 16:24:41 DEBUG: Task 67 started: robot 31 → pod 353 → workstation 5 for orders {73} (arrival = 333.5 s).   [idle robots = 0/40]
2026-07-13 16:24:41 DEBUG:    EVENT NUM 582   current_time = 00:03:45   ARRIVAL_ORDER         [queue size = 78]
2026-07-13 16:24:41 DEBUG: Order 144 arrived: items_required = [10655].     [orders_in_system = 115]
2026-07-13 16:24:41 DEBUG:    EVENT NUM 583   current_time = 00:03:45   RELEASE_TASK          [queue size = 78]
2026-07-13 16:24:41 DEBUG: Task 113 released: pod 359 required by workstation(s) [6].  [released tasks = 50]
2026-07-13 16:24:41 DEBUG:    EVENT NUM 584   current_time = 00:03:46   RETURN_POD            [queue size = 77]
2026-07-13 16:24:41 DEBUG: Pod 306 returned. Robot 21 idle.   [idle robots = 1/40, released tasks = 50]
2026-07-13 16:24:41 DEBUG:    EVENT NUM 585   current_time = 00:03:46   START_TASK            [queue size = 77]
2026-07-13 16:24:41 DEBUG: Task 38 blocked: no orders in {1: [22]} is open yet.  [released tasks = 49]
2026-07-13 16:24:41 DEBUG: Task 56 blocked: no orders in {1: [32]} is open yet.  [released tasks = 48]
2026-07-13 16:24:41 DEBUG: Task 64 blocked: no orders in {0: [94]} is open yet.  [released tasks = 47]
2026-07-13 16:24:41 DEBUG: Task 66 blocked: no orders in {0: [67]} is open yet.  [released tasks = 46]
2026-07-13 16:24:41 DEBUG: Task 68 blocked: no orders in {0: [41]} is open yet.  [released tasks = 45]
2026-07-13 16:24:41 DEBUG: Task 69 started: robot 21 → pod 183 → workstation 3 for orders {51} (arrival = 370.9 s).   [idle robots = 0/40]
2026-07-13 16:24:41 DEBUG:    EVENT NUM 586   current_time = 00:03:47   RELEASE_TASK          [queue size = 77]
2026-07-13 16:24:41 DEBUG: Task 114 released: pod 296 required by workstation(s) [6, 6].  [released tasks = 50]
2026-07-13 16:24:41 DEBUG:    EVENT NUM 587   current_time = 00:03:49   RELEASE_TASK          [queue size = 76]
2026-07-13 16:24:41 DEBUG: Task 115 released: pod 761 required by workstation(s) [6].  [released tasks = 51]
2026-07-13 16:24:41 DEBUG:    EVENT NUM 588   current_time = 00:03:49   END_PICKING           [queue size = 75]
2026-07-13 16:24:41 DEBUG: Ended picking at workstation 7.    [picking_buffer len = {}]
2026-07-13 16:24:41 DEBUG: Task should have served orders {57}, found open orders {18, 24, 57, 56}.
2026-07-13 16:24:41 DEBUG: Task 61 completed: pod 749 returning to storage.
2026-07-13 16:24:41 DEBUG:    EVENT NUM 589   current_time = 00:03:49   CLOSE_ORDER           [queue size = 76]
2026-07-13 16:24:41 DEBUG: Order 57 closed at workstation 7: flow_time = 229.5 s.     [order_buffer = 3] [open_orders = 3/4]
2026-07-13 16:24:41 DEBUG: Next order in buffer: 10
2026-07-13 16:24:41 DEBUG:    EVENT NUM 590   current_time = 00:03:49   OPEN_ORDER            [queue size = 76]
2026-07-13 16:24:41 DEBUG: Order 10 (skus required = {11893, 6918}) opened at workstation 7.   [open_orders = 4/4]
2026-07-13 16:24:41 DEBUG:    EVENT NUM 591   current_time = 00:03:49   START_TASK            [queue size = 76]
2026-07-13 16:24:41 DEBUG: Task 38 blocked: no orders in {1: [22]} is open yet.  [released tasks = 50]
2026-07-13 16:24:41 DEBUG: Task 56 blocked: no orders in {1: [32]} is open yet.  [released tasks = 49]
2026-07-13 16:24:41 DEBUG: Task 64 blocked: no orders in {0: [94]} is open yet.  [released tasks = 48]
2026-07-13 16:24:41 DEBUG: Task 66 blocked: no orders in {0: [67]} is open yet.  [released tasks = 47]
2026-07-13 16:24:41 DEBUG: Task 68 blocked: no orders in {0: [41]} is open yet.  [released tasks = 46]
2026-07-13 16:24:41 DEBUG: Task 70 blocked: no idle robots.
2026-07-13 16:24:41 DEBUG:    EVENT NUM 592   current_time = 00:03:50   ARRIVAL_ORDER         [queue size = 75]
2026-07-13 16:24:41 DEBUG: Order 145 arrived: items_required = [8461, 4126].     [orders_in_system = 115]
2026-07-13 16:24:41 DEBUG:    EVENT NUM 593   current_time = 00:03:50   END_PICKING           [queue size = 75]
2026-07-13 16:24:41 DEBUG: Ended picking at workstation 0.    [picking_buffer len = {26: 220.51000033335677}]
2026-07-13 16:24:41 DEBUG: Task should have served orders {44}, found open orders {44, 46, 93, 63}.
2026-07-13 16:24:41 DEBUG: Task 45 completed: pod 331 returning to storage.
2026-07-13 16:24:41 DEBUG:    EVENT NUM 594   current_time = 00:03:50   START_PICKING         [queue size = 76]
2026-07-13 16:24:41 DEBUG: Processing task 26 at workstation 0: picking items {10882} for orders {46}
2026-07-13 16:24:41 DEBUG:    EVENT NUM 595   current_time = 00:03:51   RELEASE_TASK          [queue size = 76]
2026-07-13 16:24:41 DEBUG: Task 116 released: pod 217 required by workstation(s) [3].  [released tasks = 52]
2026-07-13 16:24:41 DEBUG:    EVENT NUM 596   current_time = 00:03:53   END_PICKING           [queue size = 75]
2026-07-13 16:24:41 DEBUG: Ended picking at workstation 2.    [picking_buffer len = {}]
2026-07-13 16:24:41 DEBUG: Task should have served orders {6}, found open orders {6, 71, 82, 25}.
2026-07-13 16:24:41 DEBUG: Task 40 completed: pod 692 returning to storage.
2026-07-13 16:24:41 DEBUG:    EVENT NUM 597   current_time = 00:03:53   CLOSE_ORDER           [queue size = 76]
2026-07-13 16:24:41 DEBUG: Order 6 closed at workstation 2: flow_time = 233.2 s.     [order_buffer = 0] [open_orders = 3/4]
2026-07-13 16:24:41 DEBUG:    EVENT NUM 598   current_time = 00:03:53   RELEASE_TASK          [queue size = 75]
2026-07-13 16:24:41 DEBUG: Task 117 released: pod 416 required by workstation(s) [3].  [released tasks = 53]
2026-07-13 16:24:41 DEBUG:    EVENT NUM 599   current_time = 00:03:53   ARRIVAL_POD_WST       [queue size = 74]
2026-07-13 16:24:41 DEBUG: Pod 847 arrived at workstation 2 - status = IDLE
2026-07-13 16:24:41 DEBUG: Pod queued at workstation.    [picking_buffer = {46: 233.45670999017915}]
2026-07-13 16:24:41 DEBUG:    EVENT NUM 600   current_time = 00:03:53   START_PICKING         [queue size = 74]
2026-07-13 16:24:41 DEBUG: Processing task 46 at workstation 2: picking items {6620} for orders {71}
2026-07-13 16:24:41 DEBUG:    EVENT NUM 601   current_time = 00:03:55   ARRIVAL_ORDER         [queue size = 74]
2026-07-13 16:24:41 DEBUG: Order 146 arrived: items_required = [2166].     [orders_in_system = 115]
2026-07-13 16:24:41 DEBUG:    EVENT NUM 602   current_time = 00:03:55   RELEASE_TASK          [queue size = 74]
2026-07-13 16:24:41 DEBUG: Task 118 released: pod 814 required by workstation(s) [4].  [released tasks = 54]
2026-07-13 16:24:41 DEBUG:    EVENT NUM 603   current_time = 00:03:56   ARRIVAL_POD_WST       [queue size = 73]
2026-07-13 16:24:41 DEBUG: Pod 850 arrived at workstation 2 - status = BUSY
2026-07-13 16:24:41 DEBUG: Pod queued at workstation.    [picking_buffer = {60: 236.79202997623653}]
2026-07-13 16:24:41 DEBUG:    EVENT NUM 604   current_time = 00:03:57   ARRIVAL_POD_WST       [queue size = 72]
2026-07-13 16:24:41 DEBUG: Pod 66 arrived at workstation 5 - status = IDLE
2026-07-13 16:24:41 DEBUG: Pod queued at workstation.    [picking_buffer = {44: 237.02588625945629}]
2026-07-13 16:24:41 DEBUG:    EVENT NUM 605   current_time = 00:03:57   START_PICKING         [queue size = 72]
2026-07-13 16:24:41 DEBUG: Processing task 44 at workstation 5: picking items {5187} for orders {77}
2026-07-13 16:24:41 DEBUG:    EVENT NUM 606   current_time = 00:03:57   RELEASE_TASK          [queue size = 72]
2026-07-13 16:24:41 DEBUG: Task 119 released: pod 823 required by workstation(s) [4].  [released tasks = 55]
2026-07-13 16:24:41 DEBUG:    EVENT NUM 607   current_time = 00:03:59   RELEASE_TASK          [queue size = 71]
2026-07-13 16:24:41 DEBUG: Task 120 released: pod 224 required by workstation(s) [4].  [released tasks = 56]
2026-07-13 16:24:41 DEBUG:    EVENT NUM 608   current_time = 00:04:00   ARRIVAL_ORDER         [queue size = 70]
2026-07-13 16:24:41 DEBUG: Order 147 arrived: items_required = [9442, 1451].     [orders_in_system = 116]
2026-07-13 16:24:41 DEBUG:    EVENT NUM 609   current_time = 00:04:00   END_PICKING           [queue size = 70]
2026-07-13 16:24:41 DEBUG: Ended picking at workstation 0.    [picking_buffer len = {}]
2026-07-13 16:24:41 DEBUG: Task should have served orders {46}, found open orders {44, 46, 93, 63}.
2026-07-13 16:24:41 DEBUG: Task 26 completed: pod 272 returning to storage.
2026-07-13 16:24:41 DEBUG:    EVENT NUM 610   current_time = 00:04:00   CLOSE_ORDER           [queue size = 71]
2026-07-13 16:24:41 DEBUG: Order 46 closed at workstation 0: flow_time = 240.3 s.     [order_buffer = 6] [open_orders = 3/4]
2026-07-13 16:24:41 DEBUG: Next order in buffer: 36
2026-07-13 16:24:41 DEBUG:    EVENT NUM 611   current_time = 00:04:00   OPEN_ORDER            [queue size = 71]
2026-07-13 16:24:41 DEBUG: Order 36 (skus required = {6177, 6863}) opened at workstation 0.   [open_orders = 4/4]
2026-07-13 16:24:41 DEBUG:    EVENT NUM 612   current_time = 00:04:00   START_TASK            [queue size = 71]
2026-07-13 16:24:41 DEBUG: Task 38 blocked: no orders in {1: [22]} is open yet.  [released tasks = 55]
2026-07-13 16:24:41 DEBUG: Task 56 blocked: no orders in {1: [32]} is open yet.  [released tasks = 54]
2026-07-13 16:24:41 DEBUG: Task 64 blocked: no orders in {0: [94]} is open yet.  [released tasks = 53]
2026-07-13 16:24:41 DEBUG: Task 66 blocked: no orders in {0: [67]} is open yet.  [released tasks = 52]
2026-07-13 16:24:41 DEBUG: Task 68 blocked: no idle robots.
2026-07-13 16:24:41 DEBUG:    EVENT NUM 613   current_time = 00:04:01   RELEASE_TASK          [queue size = 70]
2026-07-13 16:24:41 DEBUG: Task 121 released: pod 537 required by workstation(s) [4].  [released tasks = 57]
2026-07-13 16:24:41 DEBUG:    EVENT NUM 614   current_time = 00:04:01   RETURN_POD            [queue size = 69]
2026-07-13 16:24:41 DEBUG: Pod 252 returned. Robot 10 idle.   [idle robots = 1/40, released tasks = 57]
2026-07-13 16:24:41 DEBUG:    EVENT NUM 615   current_time = 00:04:01   START_TASK            [queue size = 69]
2026-07-13 16:24:41 DEBUG: Task 38 blocked: no orders in {1: [22]} is open yet.  [released tasks = 56]
2026-07-13 16:24:41 DEBUG: Task 56 blocked: no orders in {1: [32]} is open yet.  [released tasks = 55]
2026-07-13 16:24:41 DEBUG: Task 64 blocked: no orders in {0: [94]} is open yet.  [released tasks = 54]
2026-07-13 16:24:41 DEBUG: Task 66 blocked: no orders in {0: [67]} is open yet.  [released tasks = 53]
2026-07-13 16:24:41 DEBUG: Task 68 started: robot 10 → pod 253 → workstation 0 for orders {14} (arrival = 335.5 s).   [idle robots = 0/40]
2026-07-13 16:24:41 DEBUG:    EVENT NUM 616   current_time = 00:04:02   RETURN_POD            [queue size = 69]
2026-07-13 16:24:41 DEBUG: Pod 250 returned. Robot 27 idle.   [idle robots = 1/40, released tasks = 56]
2026-07-13 16:24:41 DEBUG:    EVENT NUM 617   current_time = 00:04:02   START_TASK            [queue size = 69]
2026-07-13 16:24:41 DEBUG: Task 38 blocked: no orders in {1: [22]} is open yet.  [released tasks = 55]
2026-07-13 16:24:41 DEBUG: Task 56 blocked: no orders in {1: [32]} is open yet.  [released tasks = 54]
2026-07-13 16:24:41 DEBUG: Task 64 blocked: no orders in {0: [94]} is open yet.  [released tasks = 53]
2026-07-13 16:24:41 DEBUG: Task 66 blocked: no orders in {0: [67]} is open yet.  [released tasks = 52]
2026-07-13 16:24:41 DEBUG: Task 70 started: robot 27 → pod 499 → workstation 8 for orders {99} (arrival = 293.4 s).   [idle robots = 0/40]
2026-07-13 16:24:41 DEBUG:    EVENT NUM 618   current_time = 00:04:03   RELEASE_TASK          [queue size = 69]
2026-07-13 16:24:41 DEBUG: Task 122 released: pod 749 required by workstation(s) [7].  [released tasks = 56]
2026-07-13 16:24:41 DEBUG:    EVENT NUM 619   current_time = 00:04:03   END_PICKING           [queue size = 68]
2026-07-13 16:24:41 DEBUG: Ended picking at workstation 2.    [picking_buffer len = {60: 236.79202997623653}]
2026-07-13 16:24:41 DEBUG: Task should have served orders {71}, found open orders {71, 82, 25}.
2026-07-13 16:24:41 DEBUG: Task 46 completed: pod 847 returning to storage.
2026-07-13 16:24:41 DEBUG:    EVENT NUM 620   current_time = 00:04:03   CLOSE_ORDER           [queue size = 70]
2026-07-13 16:24:41 DEBUG: Order 71 closed at workstation 2: flow_time = 243.5 s.     [order_buffer = 0] [open_orders = 2/4]
2026-07-13 16:24:41 DEBUG:    EVENT NUM 621   current_time = 00:04:03   START_PICKING         [queue size = 69]
2026-07-13 16:24:41 DEBUG: Processing task 60 at workstation 2: picking items {8193} for orders {82}
2026-07-13 16:24:41 DEBUG:    EVENT NUM 622   current_time = 00:04:04   ARRIVAL_POD_WST       [queue size = 69]
2026-07-13 16:24:41 DEBUG: Pod 629 arrived at workstation 2 - status = BUSY
2026-07-13 16:24:41 DEBUG: Pod queued at workstation.    [picking_buffer = {51: 244.7140050432859}]
2026-07-13 16:24:41 DEBUG:    EVENT NUM 623   current_time = 00:04:05   ARRIVAL_ORDER         [queue size = 68]
2026-07-13 16:24:41 DEBUG: Order 148 arrived: items_required = [8631].     [orders_in_system = 115]
2026-07-13 16:24:41 DEBUG:    EVENT NUM 624   current_time = 00:04:05   RELEASE_TASK          [queue size = 68]
2026-07-13 16:24:41 DEBUG: Task 123 released: pod 731 required by workstation(s) [6].  [released tasks = 57]
2026-07-13 16:24:41 DEBUG:    EVENT NUM 625   current_time = 00:04:05   RETURN_POD            [queue size = 67]
2026-07-13 16:24:41 DEBUG: Pod 490 returned. Robot 6 idle.   [idle robots = 1/40, released tasks = 57]
2026-07-13 16:24:41 DEBUG:    EVENT NUM 626   current_time = 00:04:05   START_TASK            [queue size = 67]
2026-07-13 16:24:41 DEBUG: Task 38 blocked: no orders in {1: [22]} is open yet.  [released tasks = 56]
2026-07-13 16:24:41 DEBUG: Task 56 blocked: no orders in {1: [32]} is open yet.  [released tasks = 55]
2026-07-13 16:24:41 DEBUG: Task 64 blocked: no orders in {0: [94]} is open yet.  [released tasks = 54]
2026-07-13 16:24:41 DEBUG: Task 66 blocked: no orders in {0: [67]} is open yet.  [released tasks = 53]
2026-07-13 16:24:41 DEBUG: Task 71 started: robot 6 → pod 230 → workstation 4 for orders {69} (arrival = 359.6 s).   [idle robots = 0/40]
2026-07-13 16:24:41 DEBUG:    EVENT NUM 627   current_time = 00:04:07   END_PICKING           [queue size = 67]
2026-07-13 16:24:41 DEBUG: Ended picking at workstation 5.    [picking_buffer len = {}]
2026-07-13 16:24:41 DEBUG: Task should have served orders {77}, found open orders {1, 35, 73, 77}.
2026-07-13 16:24:41 DEBUG: Task 44 heading to workstation 5.
2026-07-13 16:24:41 DEBUG:    EVENT NUM 628   current_time = 00:04:07   CLOSE_ORDER           [queue size = 68]
2026-07-13 16:24:41 DEBUG: Order 77 closed at workstation 5: flow_time = 247.0 s.     [order_buffer = 3] [open_orders = 3/4]
2026-07-13 16:24:41 DEBUG: Next order in buffer: 88
2026-07-13 16:24:41 DEBUG:    EVENT NUM 629   current_time = 00:04:07   ARRIVAL_POD_WST       [queue size = 68]
2026-07-13 16:24:41 DEBUG: Pod 66 arrived at workstation 5 - status = IDLE
2026-07-13 16:24:41 DEBUG: Pod queued at workstation.    [picking_buffer = {44: 247.02588625945629}]
2026-07-13 16:24:41 DEBUG:    EVENT NUM 630   current_time = 00:04:07   OPEN_ORDER            [queue size = 68]
2026-07-13 16:24:41 DEBUG: Order 88 (skus required = {5981, 1102}) opened at workstation 5.   [open_orders = 4/4]
2026-07-13 16:24:41 DEBUG:    EVENT NUM 631   current_time = 00:04:07   START_PICKING         [queue size = 69]
2026-07-13 16:24:41 DEBUG: Processing task 44 at workstation 5: picking items {7407} for orders {1}
2026-07-13 16:24:41 DEBUG:    EVENT NUM 632   current_time = 00:04:07   START_TASK            [queue size = 69]
2026-07-13 16:24:41 DEBUG: Task 38 blocked: no orders in {1: [22]} is open yet.  [released tasks = 55]
2026-07-13 16:24:41 DEBUG: Task 56 blocked: no orders in {1: [32]} is open yet.  [released tasks = 54]
2026-07-13 16:24:41 DEBUG: Task 64 blocked: no orders in {0: [94]} is open yet.  [released tasks = 53]
2026-07-13 16:24:41 DEBUG: Task 66 blocked: no orders in {0: [67]} is open yet.  [released tasks = 52]
2026-07-13 16:24:41 DEBUG: Task 72 blocked: no idle robots.
2026-07-13 16:24:41 DEBUG:    EVENT NUM 633   current_time = 00:04:07   START_PICKING         [queue size = 68]
2026-07-13 16:24:41 DEBUG:    EVENT NUM 634   current_time = 00:04:07   RELEASE_TASK          [queue size = 67]
2026-07-13 16:24:41 DEBUG: Task 124 released: pod 767 required by workstation(s) [6].  [released tasks = 57]
2026-07-13 16:24:41 DEBUG:    EVENT NUM 635   current_time = 00:04:07   ARRIVAL_POD_WST       [queue size = 66]
2026-07-13 16:24:41 DEBUG: Pod 151 arrived at workstation 0 - status = IDLE
2026-07-13 16:24:41 DEBUG: Pod queued at workstation.    [picking_buffer = {50: 247.3888633944532}]
2026-07-13 16:24:41 DEBUG:    EVENT NUM 636   current_time = 00:04:07   START_PICKING         [queue size = 66]
2026-07-13 16:24:41 DEBUG: Processing task 50 at workstation 0: picking items {1534} for orders {44}
2026-07-13 16:24:41 DEBUG:    EVENT NUM 637   current_time = 00:04:08   ARRIVAL_POD_WST       [queue size = 66]
2026-07-13 16:24:41 DEBUG: Pod 332 arrived at workstation 1 - status = IDLE
2026-07-13 16:24:41 DEBUG: Pod queued at workstation.    [picking_buffer = {34: 222.41298605512543, 27: 248.25285433988637}]
2026-07-13 16:24:41 DEBUG:    EVENT NUM 638   current_time = 00:04:08   START_PICKING         [queue size = 66]
2026-07-13 16:24:41 DEBUG: Processing task 27 at workstation 1: picking items {4760} for orders {3}
2026-07-13 16:24:41 DEBUG:    EVENT NUM 639   current_time = 00:04:09   RELEASE_TASK          [queue size = 66]
2026-07-13 16:24:41 DEBUG: Task 125 released: pod 717 required by workstation(s) [7].  [released tasks = 58]
2026-07-13 16:24:41 DEBUG:    EVENT NUM 640   current_time = 00:04:09   RETURN_POD            [queue size = 65]
2026-07-13 16:24:41 DEBUG: Pod 753 returned. Robot 1 idle.   [idle robots = 1/40, released tasks = 58]
2026-07-13 16:24:41 DEBUG:    EVENT NUM 641   current_time = 00:04:09   START_TASK            [queue size = 65]
2026-07-13 16:24:41 DEBUG: Task 38 blocked: no orders in {1: [22]} is open yet.  [released tasks = 57]
2026-07-13 16:24:41 DEBUG: Task 56 blocked: no orders in {1: [32]} is open yet.  [released tasks = 56]
2026-07-13 16:24:41 DEBUG: Task 64 blocked: no orders in {0: [94]} is open yet.  [released tasks = 55]
2026-07-13 16:24:41 DEBUG: Task 66 blocked: no orders in {0: [67]} is open yet.  [released tasks = 54]
2026-07-13 16:24:41 DEBUG: Task 72 started: robot 1 → pod 866 → workstation 5 for orders {35} (arrival = 335.5 s).   [idle robots = 0/40]
2026-07-13 16:24:41 DEBUG:    EVENT NUM 642   current_time = 00:04:10   ARRIVAL_ORDER         [queue size = 65]
2026-07-13 16:24:41 DEBUG: Order 149 arrived: items_required = [7197, 3705, 12379].     [orders_in_system = 115]
2026-07-13 16:24:41 DEBUG:    EVENT NUM 643   current_time = 00:04:11   RELEASE_TASK          [queue size = 65]
2026-07-13 16:24:41 DEBUG: Task 126 released: pod 618 required by workstation(s) [8].  [released tasks = 58]
2026-07-13 16:24:41 DEBUG:    EVENT NUM 644   current_time = 00:04:11   RETURN_POD            [queue size = 64]
2026-07-13 16:24:41 DEBUG: Pod 728 returned. Robot 4 idle.   [idle robots = 1/40, released tasks = 58]
2026-07-13 16:24:41 DEBUG:    EVENT NUM 645   current_time = 00:04:11   START_TASK            [queue size = 64]
2026-07-13 16:24:41 DEBUG: Task 38 blocked: no orders in {1: [22]} is open yet.  [released tasks = 57]
2026-07-13 16:24:41 DEBUG: Task 56 blocked: no orders in {1: [32]} is open yet.  [released tasks = 56]
2026-07-13 16:24:41 DEBUG: Task 64 blocked: no orders in {0: [94]} is open yet.  [released tasks = 55]
2026-07-13 16:24:41 DEBUG: Task 66 blocked: no orders in {0: [67]} is open yet.  [released tasks = 54]
2026-07-13 16:24:41 DEBUG: Task 73 started: robot 4 → pod 498 → workstation 8 for orders {50} (arrival = 305.0 s).   [idle robots = 0/40]
2026-07-13 16:24:41 DEBUG:    EVENT NUM 646   current_time = 00:04:11   ARRIVAL_POD_WST       [queue size = 64]
2026-07-13 16:24:41 DEBUG: Pod 544 arrived at workstation 0 - status = BUSY
2026-07-13 16:24:41 DEBUG: Pod queued at workstation.    [picking_buffer = {41: 251.90464083792386}]
2026-07-13 16:24:41 DEBUG:    EVENT NUM 647   current_time = 00:04:13   RELEASE_TASK          [queue size = 63]
2026-07-13 16:24:41 DEBUG: Task 127 released: pod 644 required by workstation(s) [4].  [released tasks = 58]
2026-07-13 16:24:41 DEBUG:    EVENT NUM 648   current_time = 00:04:13   ARRIVAL_POD_WST       [queue size = 62]
2026-07-13 16:24:41 DEBUG: Pod 234 arrived at workstation 3 - status = IDLE
2026-07-13 16:24:41 DEBUG: Pod queued at workstation.    [picking_buffer = {55: 253.364903156432}]
2026-07-13 16:24:41 DEBUG:    EVENT NUM 649   current_time = 00:04:13   START_PICKING         [queue size = 62]
2026-07-13 16:24:41 DEBUG: Processing task 55 at workstation 3: picking items {8418} for orders {58}
2026-07-13 16:24:41 DEBUG:    EVENT NUM 650   current_time = 00:04:13   END_PICKING           [queue size = 62]
2026-07-13 16:24:41 DEBUG: Ended picking at workstation 2.    [picking_buffer len = {51: 244.7140050432859}]
2026-07-13 16:24:41 DEBUG: Task should have served orders {82}, found open orders {82, 25}.
2026-07-13 16:24:41 DEBUG: Task 60 completed: pod 850 returning to storage.
2026-07-13 16:24:41 DEBUG:    EVENT NUM 651   current_time = 00:04:13   START_PICKING         [queue size = 63]
2026-07-13 16:24:41 DEBUG: Processing task 51 at workstation 2: picking items {12204} for orders {25}
2026-07-13 16:24:41 DEBUG:    EVENT NUM 652   current_time = 00:04:14   RETURN_POD            [queue size = 63]
2026-07-13 16:24:41 DEBUG: Pod 846 returned. Robot 13 idle.   [idle robots = 1/40, released tasks = 58]
2026-07-13 16:24:41 DEBUG:    EVENT NUM 653   current_time = 00:04:14   START_TASK            [queue size = 63]
2026-07-13 16:24:41 DEBUG: Task 38 blocked: no orders in {1: [22]} is open yet.  [released tasks = 57]
2026-07-13 16:24:41 DEBUG: Task 56 blocked: no orders in {1: [32]} is open yet.  [released tasks = 56]
2026-07-13 16:24:41 DEBUG: Task 64 blocked: no orders in {0: [94]} is open yet.  [released tasks = 55]
2026-07-13 16:24:41 DEBUG: Task 66 blocked: no orders in {0: [67]} is open yet.  [released tasks = 54]
2026-07-13 16:24:41 DEBUG: Task 74 blocked: no orders in {1: [32]} is open yet.  [released tasks = 53]
2026-07-13 16:24:41 DEBUG: Task 75 blocked: no orders in {0: [41]} is open yet.  [released tasks = 52]
2026-07-13 16:24:41 DEBUG: Task 76 blocked: no orders in {1: [79]} is open yet.  [released tasks = 51]
2026-07-13 16:24:41 DEBUG: Task 77 started: robot 13 → pod 592 → workstation 8 for orders {96} (arrival = 321.2 s).   [idle robots = 0/40]
2026-07-13 16:24:41 DEBUG:    EVENT NUM 654   current_time = 00:04:15   ARRIVAL_ORDER         [queue size = 63]
2026-07-13 16:24:41 DEBUG: Order 150 arrived: items_required = [1232, 9913].     [orders_in_system = 116]
2026-07-13 16:24:41 DEBUG:    EVENT NUM 655   current_time = 00:04:15   RELEASE_TASK          [queue size = 63]
2026-07-13 16:24:41 DEBUG: Task 128 released: pod 809 required by workstation(s) [5].  [released tasks = 58]
2026-07-13 16:24:41 DEBUG:    EVENT NUM 656   current_time = 00:04:15   RETURN_POD            [queue size = 62]
2026-07-13 16:24:41 DEBUG: Pod 41 returned. Robot 29 idle.   [idle robots = 1/40, released tasks = 58]
2026-07-13 16:24:41 DEBUG:    EVENT NUM 657   current_time = 00:04:15   START_TASK            [queue size = 62]
2026-07-13 16:24:41 DEBUG: Task 38 blocked: no orders in {1: [22]} is open yet.  [released tasks = 57]
2026-07-13 16:24:41 DEBUG: Task 56 blocked: no orders in {1: [32]} is open yet.  [released tasks = 56]
2026-07-13 16:24:41 DEBUG: Task 64 blocked: no orders in {0: [94]} is open yet.  [released tasks = 55]
2026-07-13 16:24:41 DEBUG: Task 66 blocked: no orders in {0: [67]} is open yet.  [released tasks = 54]
2026-07-13 16:24:41 DEBUG: Task 74 blocked: no orders in {1: [32]} is open yet.  [released tasks = 53]
2026-07-13 16:24:41 DEBUG: Task 75 blocked: no orders in {0: [41]} is open yet.  [released tasks = 52]
2026-07-13 16:24:41 DEBUG: Task 76 blocked: no orders in {1: [79]} is open yet.  [released tasks = 51]
2026-07-13 16:24:41 DEBUG: Task 78 started: robot 29 → pod 342 → workstation 2 for orders {82} (arrival = 329.1 s).   [idle robots = 0/40]
2026-07-13 16:24:41 DEBUG:    EVENT NUM 658   current_time = 00:04:17   END_PICKING           [queue size = 62]
2026-07-13 16:24:41 DEBUG: Ended picking at workstation 5.    [picking_buffer len = {}]
2026-07-13 16:24:41 DEBUG: Task should have served orders {1}, found open orders {1, 35, 73, 88}.
2026-07-13 16:24:41 DEBUG: Task 44 completed: pod 66 returning to storage.
2026-07-13 16:24:41 DEBUG:    EVENT NUM 659   current_time = 00:04:17   RELEASE_TASK          [queue size = 62]
2026-07-13 16:24:41 DEBUG: Task 129 released: pod 659 required by workstation(s) [8].  [released tasks = 58]
2026-07-13 16:24:41 DEBUG:    EVENT NUM 660   current_time = 00:04:17   END_PICKING           [queue size = 61]
2026-07-13 16:24:41 DEBUG: Ended picking at workstation 0.    [picking_buffer len = {41: 251.90464083792386}]
2026-07-13 16:24:41 DEBUG: Task should have served orders {44}, found open orders {36, 44, 93, 63}.
2026-07-13 16:24:41 DEBUG: Task 50 completed: pod 151 returning to storage.
2026-07-13 16:24:41 DEBUG:    EVENT NUM 661   current_time = 00:04:17   CLOSE_ORDER           [queue size = 63]
2026-07-13 16:24:41 DEBUG: Order 44 closed at workstation 0: flow_time = 257.4 s.     [order_buffer = 5] [open_orders = 3/4]
2026-07-13 16:24:41 DEBUG: Next order in buffer: 14
2026-07-13 16:24:41 DEBUG:    EVENT NUM 662   current_time = 00:04:17   START_PICKING         [queue size = 63]
2026-07-13 16:24:41 DEBUG: Processing task 41 at workstation 0: picking items {1852} for orders {63}
2026-07-13 16:24:41 DEBUG:    EVENT NUM 663   current_time = 00:04:17   OPEN_ORDER            [queue size = 63]
2026-07-13 16:24:41 DEBUG: Order 14 (skus required = {9801, 9100}) opened at workstation 0.   [open_orders = 4/4]
2026-07-13 16:24:41 DEBUG:    EVENT NUM 664   current_time = 00:04:17   START_TASK            [queue size = 63]
2026-07-13 16:24:41 DEBUG: Task 38 blocked: no orders in {1: [22]} is open yet.  [released tasks = 57]
2026-07-13 16:24:41 DEBUG: Task 56 blocked: no orders in {1: [32]} is open yet.  [released tasks = 56]
2026-07-13 16:24:41 DEBUG: Task 64 blocked: no idle robots.
2026-07-13 16:24:41 DEBUG:    EVENT NUM 665   current_time = 00:04:18   END_PICKING           [queue size = 62]
2026-07-13 16:24:41 DEBUG: Ended picking at workstation 1.    [picking_buffer len = {34: 222.41298605512543}]
2026-07-13 16:24:41 DEBUG: Task should have served orders {3}, found open orders {2, 3, 84, 87}.
2026-07-13 16:24:41 DEBUG: Task 27 completed: pod 332 returning to storage.
2026-07-13 16:24:41 DEBUG:    EVENT NUM 666   current_time = 00:04:18   CLOSE_ORDER           [queue size = 64]
2026-07-13 16:24:41 DEBUG: Order 3 closed at workstation 1: flow_time = 258.3 s.     [order_buffer = 5] [open_orders = 3/4]
2026-07-13 16:24:41 DEBUG: Next order in buffer: 85
2026-07-13 16:24:41 DEBUG:    EVENT NUM 667   current_time = 00:04:18   START_PICKING         [queue size = 64]
2026-07-13 16:24:41 DEBUG: start_picking: WS 1 has no actionable task in buffer.
2026-07-13 16:24:41 DEBUG:    EVENT NUM 668   current_time = 00:04:18   OPEN_ORDER            [queue size = 63]
2026-07-13 16:24:41 DEBUG: Order 85 (skus required = {4857}) opened at workstation 1.   [open_orders = 4/4]
2026-07-13 16:24:41 DEBUG:    EVENT NUM 669   current_time = 00:04:18   START_TASK            [queue size = 64]
2026-07-13 16:24:41 DEBUG: Task 38 blocked: no idle robots.
2026-07-13 16:24:41 DEBUG:    EVENT NUM 670   current_time = 00:04:18   START_PICKING         [queue size = 63]
2026-07-13 16:24:41 DEBUG: Processing task 34 at workstation 1: picking items {4857} for orders {85}
2026-07-13 16:24:41 DEBUG:    EVENT NUM 671   current_time = 00:04:19   RELEASE_TASK          [queue size = 63]
2026-07-13 16:24:41 DEBUG: Task 130 released: pod 686 required by workstation(s) [6].  [released tasks = 59]
2026-07-13 16:24:41 DEBUG:    EVENT NUM 672   current_time = 00:04:20   ARRIVAL_ORDER         [queue size = 62]
2026-07-13 16:24:41 DEBUG: Order 151 arrived: items_required = [6292, 9609].     [orders_in_system = 115]
2026-07-13 16:24:41 DEBUG:    EVENT NUM 673   current_time = 00:04:21   RELEASE_TASK          [queue size = 62]
2026-07-13 16:24:41 DEBUG: Task 131 released: pod 452 required by workstation(s) [5].  [released tasks = 60]
2026-07-13 16:24:41 DEBUG:    EVENT NUM 674   current_time = 00:04:22   RETURN_POD            [queue size = 61]
2026-07-13 16:24:41 DEBUG: Pod 625 returned. Robot 19 idle.   [idle robots = 1/40, released tasks = 60]
2026-07-13 16:24:41 DEBUG:    EVENT NUM 675   current_time = 00:04:22   START_TASK            [queue size = 61]
2026-07-13 16:24:41 DEBUG: Task 38 started: robot 19 → pod 481 → workstation 1 for orders {22} (arrival = 380.9 s).   [idle robots = 0/40]
2026-07-13 16:24:41 DEBUG:    EVENT NUM 676   current_time = 00:04:23   RELEASE_TASK          [queue size = 61]
2026-07-13 16:24:41 DEBUG: Task 132 released: pod 353 required by workstation(s) [5].  [released tasks = 60]
2026-07-13 16:24:41 DEBUG:    EVENT NUM 677   current_time = 00:04:23   END_PICKING           [queue size = 60]
2026-07-13 16:24:41 DEBUG: Ended picking at workstation 3.    [picking_buffer len = {}]
2026-07-13 16:24:41 DEBUG: Task should have served orders {58}, found open orders {51, 58, 62, 31}.
2026-07-13 16:24:41 DEBUG: Task 55 heading to workstation 3.
2026-07-13 16:24:41 DEBUG:    EVENT NUM 678   current_time = 00:04:23   CLOSE_ORDER           [queue size = 61]
2026-07-13 16:24:41 DEBUG: Order 58 closed at workstation 3: flow_time = 263.4 s.     [order_buffer = 3] [open_orders = 3/4]
2026-07-13 16:24:41 DEBUG: Next order in buffer: 16
2026-07-13 16:24:41 DEBUG:    EVENT NUM 679   current_time = 00:04:23   ARRIVAL_POD_WST       [queue size = 61]
2026-07-13 16:24:41 DEBUG: Pod 234 arrived at workstation 3 - status = IDLE
2026-07-13 16:24:41 DEBUG: Pod queued at workstation.    [picking_buffer = {55: 263.364903156432}]
2026-07-13 16:24:41 DEBUG:    EVENT NUM 680   current_time = 00:04:23   OPEN_ORDER            [queue size = 61]
2026-07-13 16:24:41 DEBUG: Order 16 (skus required = {5177, 10388}) opened at workstation 3.   [open_orders = 4/4]
2026-07-13 16:24:41 DEBUG:    EVENT NUM 681   current_time = 00:04:23   START_PICKING         [queue size = 62]
2026-07-13 16:24:41 DEBUG: Processing task 55 at workstation 3: picking items {2948} for orders {62}
2026-07-13 16:24:41 DEBUG:    EVENT NUM 682   current_time = 00:04:23   START_TASK            [queue size = 62]
2026-07-13 16:24:41 DEBUG: Task 56 blocked: no orders in {1: [32]} is open yet.  [released tasks = 59]
2026-07-13 16:24:41 DEBUG: Task 64 blocked: no idle robots.
2026-07-13 16:24:41 DEBUG:    EVENT NUM 683   current_time = 00:04:23   START_PICKING         [queue size = 61]
2026-07-13 16:24:41 DEBUG:    EVENT NUM 684   current_time = 00:04:23   END_PICKING           [queue size = 60]
2026-07-13 16:24:41 DEBUG: Ended picking at workstation 2.    [picking_buffer len = {}]
2026-07-13 16:24:41 DEBUG: Task should have served orders {25}, found open orders {82, 25}.
2026-07-13 16:24:41 DEBUG: Task 51 completed: pod 629 returning to storage.
2026-07-13 16:24:41 DEBUG:    EVENT NUM 685   current_time = 00:04:23   CLOSE_ORDER           [queue size = 61]
2026-07-13 16:24:41 DEBUG: Order 25 closed at workstation 2: flow_time = 263.5 s.     [order_buffer = 0] [open_orders = 1/4]
2026-07-13 16:24:41 DEBUG:    EVENT NUM 686   current_time = 00:04:24   ARRIVAL_POD_WST       [queue size = 60]
2026-07-13 16:24:41 DEBUG: Pod 87 arrived at workstation 8 - status = IDLE
2026-07-13 16:24:41 DEBUG: Pod queued at workstation.    [picking_buffer = {54: 264.8777003347682}]
2026-07-13 16:24:41 DEBUG:    EVENT NUM 687   current_time = 00:04:24   START_PICKING         [queue size = 60]
2026-07-13 16:24:41 DEBUG: Processing task 54 at workstation 8: picking items {5316} for orders {65}
2026-07-13 16:24:41 DEBUG:    EVENT NUM 688   current_time = 00:04:25   ARRIVAL_ORDER         [queue size = 60]
2026-07-13 16:24:41 DEBUG: Order 152 arrived: items_required = [12227].     [orders_in_system = 114]
2026-07-13 16:24:41 DEBUG:    EVENT NUM 689   current_time = 00:04:25   RELEASE_TASK          [queue size = 60]
2026-07-13 16:24:41 DEBUG: Task 133 released: pod 520 required by workstation(s) [6].  [released tasks = 61]
2026-07-13 16:24:41 DEBUG:    EVENT NUM 690   current_time = 00:04:26   ARRIVAL_POD_WST       [queue size = 59]
2026-07-13 16:24:41 DEBUG: Pod 781 arrived at workstation 1 - status = BUSY
2026-07-13 16:24:41 DEBUG: Pod queued at workstation.    [picking_buffer = {49: 266.76972474736516}]
2026-07-13 16:24:41 DEBUG:    EVENT NUM 691   current_time = 00:04:27   RELEASE_TASK          [queue size = 58]
2026-07-13 16:24:41 DEBUG: Task 134 released: pod 769 required by workstation(s) [7].  [released tasks = 62]
2026-07-13 16:24:41 DEBUG:    EVENT NUM 692   current_time = 00:04:27   END_PICKING           [queue size = 57]
2026-07-13 16:24:41 DEBUG: Ended picking at workstation 0.    [picking_buffer len = {}]
2026-07-13 16:24:41 DEBUG: Task should have served orders {63}, found open orders {36, 14, 93, 63}.
2026-07-13 16:24:41 DEBUG: Task 41 completed: pod 544 returning to storage.
2026-07-13 16:24:41 DEBUG:    EVENT NUM 693   current_time = 00:04:27   CLOSE_ORDER           [queue size = 58]
2026-07-13 16:24:41 DEBUG: Order 63 closed at workstation 0: flow_time = 267.4 s.     [order_buffer = 4] [open_orders = 3/4]
2026-07-13 16:24:41 DEBUG: Next order in buffer: 94
2026-07-13 16:24:41 DEBUG:    EVENT NUM 694   current_time = 00:04:27   OPEN_ORDER            [queue size = 58]
2026-07-13 16:24:41 DEBUG: Order 94 (skus required = {7455}) opened at workstation 0.   [open_orders = 4/4]
2026-07-13 16:24:41 DEBUG:    EVENT NUM 695   current_time = 00:04:27   START_TASK            [queue size = 58]
2026-07-13 16:24:41 DEBUG: Task 56 blocked: no orders in {1: [32]} is open yet.  [released tasks = 61]
2026-07-13 16:24:41 DEBUG: Task 64 blocked: no idle robots.
2026-07-13 16:24:41 DEBUG:    EVENT NUM 696   current_time = 00:04:28   END_PICKING           [queue size = 57]
2026-07-13 16:24:41 DEBUG: Ended picking at workstation 1.    [picking_buffer len = {49: 266.76972474736516}]
2026-07-13 16:24:41 DEBUG: Task should have served orders {85}, found open orders {2, 84, 85, 87}.
2026-07-13 16:24:41 DEBUG: Task 34 heading to workstation 1.
2026-07-13 16:24:41 DEBUG:    EVENT NUM 697   current_time = 00:04:28   CLOSE_ORDER           [queue size = 59]
2026-07-13 16:24:41 DEBUG: Order 85 closed at workstation 1: flow_time = 268.3 s.     [order_buffer = 4] [open_orders = 3/4]
2026-07-13 16:24:41 DEBUG: Next order in buffer: 22
2026-07-13 16:24:41 DEBUG:    EVENT NUM 698   current_time = 00:04:28   ARRIVAL_POD_WST       [queue size = 59]
2026-07-13 16:24:41 DEBUG: Pod 33 arrived at workstation 1 - status = IDLE
2026-07-13 16:24:41 DEBUG: Pod queued at workstation.    [picking_buffer = {49: 266.76972474736516, 34: 268.25285433988637}]
2026-07-13 16:24:41 DEBUG:    EVENT NUM 699   current_time = 00:04:28   START_PICKING         [queue size = 59]
2026-07-13 16:24:41 DEBUG: Processing task 49 at workstation 1: picking items {12394} for orders {87}
2026-07-13 16:24:41 DEBUG:    EVENT NUM 700   current_time = 00:04:28   OPEN_ORDER            [queue size = 59]
2026-07-13 16:24:41 DEBUG: Order 22 (skus required = {6166}) opened at workstation 1.   [open_orders = 4/4]
2026-07-13 16:24:41 DEBUG:    EVENT NUM 701   current_time = 00:04:28   START_PICKING         [queue size = 59]
2026-07-13 16:24:41 DEBUG:    EVENT NUM 702   current_time = 00:04:28   START_TASK            [queue size = 58]
2026-07-13 16:24:41 DEBUG: Task 56 blocked: no idle robots.
2026-07-13 16:24:41 DEBUG:    EVENT NUM 703   current_time = 00:04:29   RELEASE_TASK          [queue size = 57]
2026-07-13 16:24:41 DEBUG: Task 135 released: pod 195 required by workstation(s) [8].  [released tasks = 63]
2026-07-13 16:24:41 DEBUG:    EVENT NUM 704   current_time = 00:04:29   ARRIVAL_POD_WST       [queue size = 56]
2026-07-13 16:24:41 DEBUG: Pod 304 arrived at workstation 1 - status = BUSY
2026-07-13 16:24:41 DEBUG: Pod queued at workstation.    [picking_buffer = {34: 268.25285433988637, 32: 269.7701948326406}]
2026-07-13 16:24:41 DEBUG:    EVENT NUM 705   current_time = 00:04:30   ARRIVAL_ORDER         [queue size = 55]
2026-07-13 16:24:41 DEBUG: Order 153 arrived: items_required = [4920].     [orders_in_system = 113]
2026-07-13 16:24:41 DEBUG:    EVENT NUM 706   current_time = 00:04:30   RETURN_POD            [queue size = 55]
2026-07-13 16:24:41 DEBUG: Pod 895 returned. Robot 3 idle.   [idle robots = 1/40, released tasks = 63]
2026-07-13 16:24:41 DEBUG:    EVENT NUM 707   current_time = 00:04:30   START_TASK            [queue size = 55]
2026-07-13 16:24:41 DEBUG: Task 56 started: robot 3 → pod 550 → workstation 1 for orders {32} (arrival = 318.8 s).   [idle robots = 0/40]
2026-07-13 16:24:41 DEBUG:    EVENT NUM 708   current_time = 00:04:31   RELEASE_TASK          [queue size = 55]
2026-07-13 16:24:41 DEBUG: Task 136 released: pod 372 required by workstation(s) [8].  [released tasks = 63]
2026-07-13 16:24:41 DEBUG:    EVENT NUM 709   current_time = 00:04:33   ARRIVAL_POD_WST       [queue size = 54]
2026-07-13 16:24:41 DEBUG: Pod 249 arrived at workstation 0 - status = IDLE
2026-07-13 16:24:41 DEBUG: Pod queued at workstation.    [picking_buffer = {52: 273.00404689085553}]
2026-07-13 16:24:41 DEBUG:    EVENT NUM 710   current_time = 00:04:33   START_PICKING         [queue size = 54]
2026-07-13 16:24:41 DEBUG: Processing task 52 at workstation 0: picking items {6295} for orders {93}
2026-07-13 16:24:41 DEBUG:    EVENT NUM 711   current_time = 00:04:33   RELEASE_TASK          [queue size = 54]
2026-07-13 16:24:41 DEBUG: Task 137 released: pod 611 required by workstation(s) [5].  [released tasks = 64]
2026-07-13 16:24:41 DEBUG:    EVENT NUM 712   current_time = 00:04:33   END_PICKING           [queue size = 53]
2026-07-13 16:24:41 DEBUG: Ended picking at workstation 3.    [picking_buffer len = {}]
2026-07-13 16:24:41 DEBUG: Task should have served orders {62}, found open orders {16, 51, 62, 31}.
2026-07-13 16:24:41 DEBUG: Task 55 completed: pod 234 returning to storage.
2026-07-13 16:24:41 DEBUG:    EVENT NUM 713   current_time = 00:04:33   CLOSE_ORDER           [queue size = 54]
2026-07-13 16:24:41 DEBUG: Order 62 closed at workstation 3: flow_time = 273.4 s.     [order_buffer = 2] [open_orders = 3/4]
2026-07-13 16:24:41 DEBUG: Next order in buffer: 19
2026-07-13 16:24:41 DEBUG:    EVENT NUM 714   current_time = 00:04:33   OPEN_ORDER            [queue size = 54]
2026-07-13 16:24:41 DEBUG: Order 19 (skus required = {13250, 7180, 8525}) opened at workstation 3.   [open_orders = 4/4]
2026-07-13 16:24:41 DEBUG:    EVENT NUM 715   current_time = 00:04:33   START_TASK            [queue size = 54]
2026-07-13 16:24:41 DEBUG: Task 64 blocked: no idle robots.
2026-07-13 16:24:41 DEBUG:    EVENT NUM 716   current_time = 00:04:34   END_PICKING           [queue size = 53]
2026-07-13 16:24:41 DEBUG: Ended picking at workstation 8.    [picking_buffer len = {}]
2026-07-13 16:24:41 DEBUG: Task should have served orders {65}, found open orders {65, 99, 50, 86}.
2026-07-13 16:24:41 DEBUG: Task 54 completed: pod 87 returning to storage.
2026-07-13 16:24:41 DEBUG:    EVENT NUM 717   current_time = 00:04:34   CLOSE_ORDER           [queue size = 54]
2026-07-13 16:24:41 DEBUG: Order 65 closed at workstation 8: flow_time = 274.9 s.     [order_buffer = 9] [open_orders = 3/4]
2026-07-13 16:24:41 DEBUG: Next order in buffer: 96
2026-07-13 16:24:41 DEBUG:    EVENT NUM 718   current_time = 00:04:34   OPEN_ORDER            [queue size = 54]
2026-07-13 16:24:41 DEBUG: Order 96 (skus required = {3916}) opened at workstation 8.   [open_orders = 4/4]
2026-07-13 16:24:41 DEBUG:    EVENT NUM 719   current_time = 00:04:34   START_TASK            [queue size = 54]
2026-07-13 16:24:41 DEBUG: Task 64 blocked: no idle robots.
2026-07-13 16:24:41 DEBUG:    EVENT NUM 720   current_time = 00:04:35   ARRIVAL_ORDER         [queue size = 53]
2026-07-13 16:24:41 DEBUG: Order 154 arrived: items_required = [4247, 2729].     [orders_in_system = 112]
2026-07-13 16:24:41 DEBUG:    EVENT NUM 721   current_time = 00:04:35   RETURN_POD            [queue size = 53]
2026-07-13 16:24:41 DEBUG: Pod 195 returned. Robot 7 idle.   [idle robots = 1/40, released tasks = 64]
2026-07-13 16:24:41 DEBUG:    EVENT NUM 722   current_time = 00:04:35   START_TASK            [queue size = 53]
2026-07-13 16:24:41 DEBUG: Task 64 started: robot 7 → pod 873 → workstation 0 for orders {94} (arrival = 328.3 s).   [idle robots = 0/40]
2026-07-13 16:24:41 DEBUG:    EVENT NUM 723   current_time = 00:04:35   RELEASE_TASK          [queue size = 53]
2026-07-13 16:24:41 DEBUG: Task 138 released: pod 395 required by workstation(s) [7].  [released tasks = 64]
2026-07-13 16:24:41 DEBUG:    EVENT NUM 724   current_time = 00:04:37   RELEASE_TASK          [queue size = 52]
2026-07-13 16:24:41 DEBUG: Task 139 released: pod 355 required by workstation(s) [7].  [released tasks = 65]
2026-07-13 16:24:41 DEBUG:    EVENT NUM 725   current_time = 00:04:37   RETURN_POD            [queue size = 51]
2026-07-13 16:24:41 DEBUG: Pod 850 returned. Robot 30 idle.   [idle robots = 1/40, released tasks = 65]
2026-07-13 16:24:41 DEBUG:    EVENT NUM 726   current_time = 00:04:37   START_TASK            [queue size = 51]
2026-07-13 16:24:41 DEBUG: Task 66 started: robot 30 → pod 361 → workstation 0 for orders {67} (arrival = 394.8 s).   [idle robots = 0/40]
2026-07-13 16:24:41 DEBUG:    EVENT NUM 727   current_time = 00:04:38   END_PICKING           [queue size = 51]
2026-07-13 16:24:41 DEBUG: Ended picking at workstation 1.    [picking_buffer len = {34: 268.25285433988637, 32: 269.7701948326406}]
2026-07-13 16:24:41 DEBUG: Task should have served orders {87}, found open orders {2, 84, 22, 87}.
2026-07-13 16:24:41 DEBUG: Task 49 completed: pod 781 returning to storage.
2026-07-13 16:24:41 DEBUG:    EVENT NUM 728   current_time = 00:04:38   START_PICKING         [queue size = 52]
2026-07-13 16:24:41 DEBUG: Processing task 34 at workstation 1: picking items {2570} for orders {84}
2026-07-13 16:24:41 DEBUG:    EVENT NUM 729   current_time = 00:04:39   RELEASE_TASK          [queue size = 52]
2026-07-13 16:24:41 DEBUG: Task 140 released: pod 26 required by workstation(s) [8].  [released tasks = 65]
2026-07-13 16:24:41 DEBUG:    EVENT NUM 730   current_time = 00:04:40   ARRIVAL_ORDER         [queue size = 51]
2026-07-13 16:24:41 DEBUG: Order 155 arrived: items_required = [3111, 1589].     [orders_in_system = 113]
2026-07-13 16:24:41 DEBUG:    EVENT NUM 731   current_time = 00:04:41   RELEASE_TASK          [queue size = 51]
2026-07-13 16:24:41 DEBUG: Task 141 released: pod 326 required by workstation(s) [7].  [released tasks = 66]
2026-07-13 16:24:41 DEBUG:    EVENT NUM 732   current_time = 00:04:42   RETURN_POD            [queue size = 50]
2026-07-13 16:24:41 DEBUG: Pod 630 returned. Robot 2 idle.   [idle robots = 1/40, released tasks = 66]
2026-07-13 16:24:41 DEBUG:    EVENT NUM 733   current_time = 00:04:42   START_TASK            [queue size = 50]
2026-07-13 16:24:41 DEBUG: Task 74 started: robot 2 → pod 39 → workstation 1 for orders {32} (arrival = 404.7 s).   [idle robots = 0/40]
2026-07-13 16:24:41 DEBUG:    EVENT NUM 734   current_time = 00:04:43   END_PICKING           [queue size = 50]
2026-07-13 16:24:41 DEBUG: Ended picking at workstation 0.    [picking_buffer len = {}]
2026-07-13 16:24:41 DEBUG: Task should have served orders {93}, found open orders {36, 14, 93, 94}.
2026-07-13 16:24:41 DEBUG: Task 52 completed: pod 249 returning to storage.
2026-07-13 16:24:41 DEBUG:    EVENT NUM 735   current_time = 00:04:43   CLOSE_ORDER           [queue size = 51]
2026-07-13 16:24:41 DEBUG: Order 93 closed at workstation 0: flow_time = 283.0 s.     [order_buffer = 3] [open_orders = 3/4]
2026-07-13 16:24:41 DEBUG: Next order in buffer: 67
2026-07-13 16:24:41 DEBUG:    EVENT NUM 736   current_time = 00:04:43   OPEN_ORDER            [queue size = 51]
2026-07-13 16:24:41 DEBUG: Order 67 (skus required = {1725}) opened at workstation 0.   [open_orders = 4/4]
2026-07-13 16:24:41 DEBUG:    EVENT NUM 737   current_time = 00:04:43   START_TASK            [queue size = 51]
2026-07-13 16:24:41 DEBUG: Task 75 blocked: no idle robots.
2026-07-13 16:24:41 DEBUG:    EVENT NUM 738   current_time = 00:04:43   RELEASE_TASK          [queue size = 50]
2026-07-13 16:24:41 DEBUG: Task 142 released: pod 886 required by workstation(s) [7].  [released tasks = 66]
2026-07-13 16:24:41 DEBUG:    EVENT NUM 739   current_time = 00:04:44   RETURN_POD            [queue size = 49]
2026-07-13 16:24:41 DEBUG: Pod 804 returned. Robot 11 idle.   [idle robots = 1/40, released tasks = 66]
2026-07-13 16:24:41 DEBUG:    EVENT NUM 740   current_time = 00:04:44   START_TASK            [queue size = 49]
2026-07-13 16:24:41 DEBUG: Task 75 started: robot 11 → pod 162 → workstation 0 for orders {41} (arrival = 377.4 s).   [idle robots = 0/40]
2026-07-13 16:24:41 DEBUG:    EVENT NUM 741   current_time = 00:04:45   ARRIVAL_ORDER         [queue size = 49]
2026-07-13 16:24:41 DEBUG: Order 156 arrived: items_required = [8281].     [orders_in_system = 113]
2026-07-13 16:24:41 DEBUG:    EVENT NUM 742   current_time = 00:04:45   RELEASE_TASK          [queue size = 49]
2026-07-13 16:24:41 DEBUG: Task 143 released: pod 227 required by workstation(s) [7].  [released tasks = 66]
2026-07-13 16:24:41 DEBUG:    EVENT NUM 743   current_time = 00:04:46   ARRIVAL_POD_WST       [queue size = 48]
2026-07-13 16:24:41 DEBUG: Pod 439 arrived at workstation 8 - status = IDLE
2026-07-13 16:24:41 DEBUG: Pod queued at workstation.    [picking_buffer = {63: 286.8026279077199}]
2026-07-13 16:24:41 DEBUG:    EVENT NUM 744   current_time = 00:04:46   START_PICKING         [queue size = 48]
2026-07-13 16:24:41 DEBUG: Processing task 63 at workstation 8: picking items {4091} for orders {86}
2026-07-13 16:24:41 DEBUG:    EVENT NUM 745   current_time = 00:04:47   RELEASE_TASK          [queue size = 48]
2026-07-13 16:24:41 DEBUG: Task 144 released: pod 83 required by workstation(s) [8].  [released tasks = 67]
2026-07-13 16:24:41 DEBUG:    EVENT NUM 746   current_time = 00:04:48   END_PICKING           [queue size = 47]
2026-07-13 16:24:41 DEBUG: Ended picking at workstation 1.    [picking_buffer len = {32: 269.7701948326406}]
2026-07-13 16:24:41 DEBUG: Task should have served orders {84}, found open orders {2, 84, 22, 87}.
2026-07-13 16:24:41 DEBUG: Task 34 completed: pod 33 returning to storage.
2026-07-13 16:24:41 DEBUG:    EVENT NUM 747   current_time = 00:04:48   CLOSE_ORDER           [queue size = 49]
2026-07-13 16:24:41 DEBUG: Order 84 closed at workstation 1: flow_time = 288.3 s.     [order_buffer = 3] [open_orders = 3/4]
2026-07-13 16:24:41 DEBUG: Next order in buffer: 32
2026-07-13 16:24:41 DEBUG:    EVENT NUM 748   current_time = 00:04:48   START_PICKING         [queue size = 49]
2026-07-13 16:24:41 DEBUG: Processing task 32 at workstation 1: picking items {12906} for orders {2}
2026-07-13 16:24:41 DEBUG:    EVENT NUM 749   current_time = 00:04:48   OPEN_ORDER            [queue size = 49]
2026-07-13 16:24:41 DEBUG: Order 32 (skus required = {6524, 9541}) opened at workstation 1.   [open_orders = 4/4]
2026-07-13 16:24:41 DEBUG:    EVENT NUM 750   current_time = 00:04:48   START_TASK            [queue size = 49]
2026-07-13 16:24:41 DEBUG: Task 76 blocked: no idle robots.
2026-07-13 16:24:41 DEBUG:    EVENT NUM 751   current_time = 00:04:49   RELEASE_TASK          [queue size = 48]
2026-07-13 16:24:41 DEBUG: Task 145 released: pod 115 required by workstation(s) [8].  [released tasks = 68]
2026-07-13 16:24:41 DEBUG:    EVENT NUM 752   current_time = 00:04:50   ARRIVAL_ORDER         [queue size = 47]
2026-07-13 16:24:41 DEBUG: Order 157 arrived: items_required = [9086, 2178, 9075].     [orders_in_system = 113]
2026-07-13 16:24:41 DEBUG:    EVENT NUM 753   current_time = 00:04:51   RELEASE_TASK          [queue size = 47]
2026-07-13 16:24:41 DEBUG: Task 146 released: pod 805 required by workstation(s) [8].  [released tasks = 69]
2026-07-13 16:24:41 DEBUG:    EVENT NUM 754   current_time = 00:04:51   RETURN_POD            [queue size = 46]
2026-07-13 16:24:41 DEBUG: Pod 847 returned. Robot 28 idle.   [idle robots = 1/40, released tasks = 69]
2026-07-13 16:24:41 DEBUG:    EVENT NUM 755   current_time = 00:04:51   START_TASK            [queue size = 46]
2026-07-13 16:24:41 DEBUG: Task 76 started: robot 28 → pod 576 → workstation 1 for orders {79} (arrival = 366.4 s).   [idle robots = 0/40]
2026-07-13 16:24:41 DEBUG:    EVENT NUM 756   current_time = 00:04:53   RELEASE_TASK          [queue size = 46]
2026-07-13 16:24:41 DEBUG: Task 147 released: pod 233 required by workstation(s) [7].  [released tasks = 69]
2026-07-13 16:24:41 DEBUG:    EVENT NUM 757   current_time = 00:04:53   ARRIVAL_POD_WST       [queue size = 45]
2026-07-13 16:24:41 DEBUG: Pod 499 arrived at workstation 8 - status = BUSY
2026-07-13 16:24:41 DEBUG: Pod queued at workstation.    [picking_buffer = {70: 293.40651091971245}]
2026-07-13 16:24:41 DEBUG:    EVENT NUM 758   current_time = 00:04:55   ARRIVAL_ORDER         [queue size = 44]
2026-07-13 16:24:41 DEBUG: Order 158 arrived: items_required = [568, 4222].     [orders_in_system = 114]
2026-07-13 16:24:41 DEBUG:    EVENT NUM 759   current_time = 00:04:55   RELEASE_TASK          [queue size = 44]
2026-07-13 16:24:41 DEBUG: Task 148 released: pod 516 required by workstation(s) [7].  [released tasks = 70]
2026-07-13 16:24:41 DEBUG:    EVENT NUM 760   current_time = 00:04:56   END_PICKING           [queue size = 43]
2026-07-13 16:24:41 DEBUG: Ended picking at workstation 8.    [picking_buffer len = {70: 293.40651091971245}]
2026-07-13 16:24:41 DEBUG: Task should have served orders {86}, found open orders {96, 99, 50, 86}.
2026-07-13 16:24:41 DEBUG: Task 63 completed: pod 439 returning to storage.
2026-07-13 16:24:41 DEBUG:    EVENT NUM 761   current_time = 00:04:56   CLOSE_ORDER           [queue size = 45]
2026-07-13 16:24:41 DEBUG: Order 86 closed at workstation 8: flow_time = 296.8 s.     [order_buffer = 8] [open_orders = 3/4]
2026-07-13 16:24:41 DEBUG: Next order in buffer: 43
2026-07-13 16:24:41 DEBUG:    EVENT NUM 762   current_time = 00:04:56   START_PICKING         [queue size = 45]
2026-07-13 16:24:41 DEBUG: Processing task 70 at workstation 8: picking items {4365} for orders {99}
2026-07-13 16:24:41 DEBUG:    EVENT NUM 763   current_time = 00:04:56   OPEN_ORDER            [queue size = 45]
2026-07-13 16:24:41 DEBUG: Order 43 (skus required = {3554}) opened at workstation 8.   [open_orders = 4/4]
2026-07-13 16:24:41 DEBUG:    EVENT NUM 764   current_time = 00:04:56   START_TASK            [queue size = 45]
2026-07-13 16:24:41 DEBUG: Task 79 blocked: no idle robots.
2026-07-13 16:24:41 DEBUG:    EVENT NUM 765   current_time = 00:04:57   RELEASE_TASK          [queue size = 44]
2026-07-13 16:24:41 DEBUG: Task 149 released: pod 769 required by workstation(s) [7].  [released tasks = 71]
2026-07-13 16:24:41 DEBUG:    EVENT NUM 766   current_time = 00:04:58   END_PICKING           [queue size = 43]
2026-07-13 16:24:41 DEBUG: Ended picking at workstation 1.    [picking_buffer len = {}]
2026-07-13 16:24:41 DEBUG: Task should have served orders {2}, found open orders {32, 2, 22, 87}.
2026-07-13 16:24:41 DEBUG: Task 32 completed: pod 304 returning to storage.
2026-07-13 16:24:41 DEBUG:    EVENT NUM 767   current_time = 00:04:58   CLOSE_ORDER           [queue size = 44]
2026-07-13 16:24:41 DEBUG: Order 2 closed at workstation 1: flow_time = 298.3 s.     [order_buffer = 2] [open_orders = 3/4]
2026-07-13 16:24:41 DEBUG: Next order in buffer: 79
2026-07-13 16:24:41 DEBUG:    EVENT NUM 768   current_time = 00:04:58   OPEN_ORDER            [queue size = 44]
2026-07-13 16:24:41 DEBUG: Order 79 (skus required = {10336, 2780, 8677}) opened at workstation 1.   [open_orders = 4/4]
2026-07-13 16:24:41 DEBUG:    EVENT NUM 769   current_time = 00:04:58   START_TASK            [queue size = 44]
2026-07-13 16:24:41 DEBUG: Task 79 blocked: no idle robots.
2026-07-13 16:24:41 DEBUG:    EVENT NUM 770   current_time = 00:04:59   RELEASE_TASK          [queue size = 43]
2026-07-13 16:24:41 DEBUG: Task 150 released: pod 195 required by workstation(s) [8].  [released tasks = 72]
2026-07-13 16:24:41 DEBUG:    EVENT NUM 771   current_time = 00:05:00   ARRIVAL_ORDER         [queue size = 42]
2026-07-13 16:24:41 DEBUG: Order 159 arrived: items_required = [9157].     [orders_in_system = 113]
2026-07-13 16:24:41 DEBUG:    EVENT NUM 772   current_time = 00:05:01   RELEASE_TASK          [queue size = 42]
2026-07-13 16:24:41 DEBUG: Task 151 released: pod 100 required by workstation(s) [8].  [released tasks = 73]
2026-07-13 16:24:41 DEBUG:    EVENT NUM 773   current_time = 00:05:01   ARRIVAL_POD_WST       [queue size = 41]
2026-07-13 16:24:41 DEBUG: Pod 345 arrived at workstation 0 - status = IDLE
2026-07-13 16:24:41 DEBUG: Pod queued at workstation.    [picking_buffer = {57: 301.931045141652}]
2026-07-13 16:24:41 DEBUG:    EVENT NUM 774   current_time = 00:05:01   START_PICKING         [queue size = 41]
2026-07-13 16:24:41 DEBUG: Processing task 57 at workstation 0: picking items {6863} for orders {36}
2026-07-13 16:24:41 DEBUG:    EVENT NUM 775   current_time = 00:05:04   ARRIVAL_POD_WST       [queue size = 41]
2026-07-13 16:24:41 DEBUG: Pod 310 arrived at workstation 2 - status = IDLE
2026-07-13 16:24:41 DEBUG: Pod queued at workstation.    [picking_buffer = {62: 304.6790514266419}]
2026-07-13 16:24:41 DEBUG:    EVENT NUM 776   current_time = 00:05:04   START_PICKING         [queue size = 41]
2026-07-13 16:24:41 DEBUG: Processing task 62 at workstation 2: picking items {6518} for orders {82}
2026-07-13 16:24:41 DEBUG:    EVENT NUM 777   current_time = 00:05:05   ARRIVAL_ORDER         [queue size = 41]
2026-07-13 16:24:41 DEBUG: Order 160 arrived: items_required = [5773, 4117].     [orders_in_system = 114]
2026-07-13 16:24:41 DEBUG:    EVENT NUM 778   current_time = 00:05:05   ARRIVAL_POD_WST       [queue size = 41]
2026-07-13 16:24:41 DEBUG: Pod 498 arrived at workstation 8 - status = BUSY
2026-07-13 16:24:41 DEBUG: Pod queued at workstation.    [picking_buffer = {73: 305.0489116261386}]
2026-07-13 16:24:41 DEBUG:    EVENT NUM 779   current_time = 00:05:06   END_PICKING           [queue size = 40]
2026-07-13 16:24:41 DEBUG: Ended picking at workstation 8.    [picking_buffer len = {73: 305.0489116261386}]
2026-07-13 16:24:41 DEBUG: Task should have served orders {99}, found open orders {96, 99, 43, 50}.
2026-07-13 16:24:41 DEBUG: Task 70 completed: pod 499 returning to storage.
2026-07-13 16:24:41 DEBUG:    EVENT NUM 780   current_time = 00:05:06   CLOSE_ORDER           [queue size = 42]
2026-07-13 16:24:41 DEBUG: Order 99 closed at workstation 8: flow_time = 306.8 s.     [order_buffer = 7] [open_orders = 3/4]
2026-07-13 16:24:41 DEBUG: Next order in buffer: 8
2026-07-13 16:24:41 DEBUG:    EVENT NUM 781   current_time = 00:05:06   START_PICKING         [queue size = 42]
2026-07-13 16:24:41 DEBUG: Processing task 73 at workstation 8: picking items {7736} for orders {50}
2026-07-13 16:24:41 DEBUG:    EVENT NUM 782   current_time = 00:05:06   OPEN_ORDER            [queue size = 42]
2026-07-13 16:24:41 DEBUG: Order 8 (skus required = {7292}) opened at workstation 8.   [open_orders = 4/4]
2026-07-13 16:24:41 DEBUG:    EVENT NUM 783   current_time = 00:05:06   START_TASK            [queue size = 42]
2026-07-13 16:24:41 DEBUG: Task 79 blocked: no idle robots.
2026-07-13 16:24:41 DEBUG:    EVENT NUM 784   current_time = 00:05:09   RETURN_POD            [queue size = 41]
2026-07-13 16:24:41 DEBUG: Pod 655 returned. Robot 18 idle.   [idle robots = 1/40, released tasks = 73]
2026-07-13 16:24:41 DEBUG:    EVENT NUM 785   current_time = 00:05:09   START_TASK            [queue size = 41]
2026-07-13 16:24:41 DEBUG: Task 79 started: robot 18 → pod 748 → workstation 4 for orders {7} (arrival = 417.3 s).   [idle robots = 0/40]
2026-07-13 16:24:41 DEBUG:    EVENT NUM 786   current_time = 00:05:10   ARRIVAL_ORDER         [queue size = 41]
2026-07-13 16:24:41 DEBUG: Order 161 arrived: items_required = [2041].     [orders_in_system = 114]
2026-07-13 16:24:41 DEBUG:    EVENT NUM 787   current_time = 00:05:11   END_PICKING           [queue size = 41]
2026-07-13 16:24:41 DEBUG: Ended picking at workstation 0.    [picking_buffer len = {}]
2026-07-13 16:24:41 DEBUG: Task should have served orders {36}, found open orders {67, 36, 14, 94}.
2026-07-13 16:24:41 DEBUG: Task 57 completed: pod 345 returning to storage.
2026-07-13 16:24:41 DEBUG:    EVENT NUM 788   current_time = 00:05:14   END_PICKING           [queue size = 41]
2026-07-13 16:24:41 DEBUG: Ended picking at workstation 2.    [picking_buffer len = {}]
2026-07-13 16:24:41 DEBUG: Task should have served orders {82}, found open orders {82}.
2026-07-13 16:24:41 DEBUG: Task 62 completed: pod 310 returning to storage.
2026-07-13 16:24:41 DEBUG:    EVENT NUM 789   current_time = 00:05:15   ARRIVAL_ORDER         [queue size = 41]
2026-07-13 16:24:41 DEBUG: Order 162 arrived: items_required = [6633, 4363].     [orders_in_system = 115]
2026-07-13 16:24:41 DEBUG:    EVENT NUM 790   current_time = 00:05:16   END_PICKING           [queue size = 41]
2026-07-13 16:24:41 DEBUG: Ended picking at workstation 8.    [picking_buffer len = {}]
2026-07-13 16:24:41 DEBUG: Task should have served orders {50}, found open orders {96, 8, 43, 50}.
2026-07-13 16:24:41 DEBUG: Task 73 completed: pod 498 returning to storage.
2026-07-13 16:24:41 DEBUG:    EVENT NUM 791   current_time = 00:05:16   CLOSE_ORDER           [queue size = 42]
2026-07-13 16:24:41 DEBUG: Order 50 closed at workstation 8: flow_time = 316.8 s.     [order_buffer = 6] [open_orders = 3/4]
2026-07-13 16:24:41 DEBUG: Next order in buffer: 60
2026-07-13 16:24:41 DEBUG:    EVENT NUM 792   current_time = 00:05:16   OPEN_ORDER            [queue size = 42]
2026-07-13 16:24:41 DEBUG: Order 60 (skus required = {637}) opened at workstation 8.   [open_orders = 4/4]
2026-07-13 16:24:41 DEBUG:    EVENT NUM 793   current_time = 00:05:16   START_TASK            [queue size = 42]
2026-07-13 16:24:41 DEBUG: Task 80 blocked: no idle robots.
2026-07-13 16:24:41 DEBUG:    EVENT NUM 794   current_time = 00:05:18   RETURN_POD            [queue size = 41]
2026-07-13 16:24:41 DEBUG: Pod 460 returned. Robot 0 idle.   [idle robots = 1/40, released tasks = 72]
2026-07-13 16:24:41 DEBUG:    EVENT NUM 795   current_time = 00:05:18   START_TASK            [queue size = 41]
2026-07-13 16:24:41 DEBUG: Task 80 started: robot 0 → pod 559 → workstation 0 for orders {41} (arrival = 415.7 s).   [idle robots = 0/40]
2026-07-13 16:24:41 DEBUG:    EVENT NUM 796   current_time = 00:05:18   ARRIVAL_POD_WST       [queue size = 41]
2026-07-13 16:24:41 DEBUG: Pod 550 arrived at workstation 1 - status = IDLE
2026-07-13 16:24:41 DEBUG: Pod queued at workstation.    [picking_buffer = {56: 318.8103989006975}]
2026-07-13 16:24:41 DEBUG:    EVENT NUM 797   current_time = 00:05:18   START_PICKING         [queue size = 41]
2026-07-13 16:24:41 DEBUG: Processing task 56 at workstation 1: picking items {6524} for orders {32}
2026-07-13 16:24:41 DEBUG:    EVENT NUM 798   current_time = 00:05:20   ARRIVAL_ORDER         [queue size = 41]
2026-07-13 16:24:41 DEBUG: Order 163 arrived: items_required = [5104].     [orders_in_system = 115]
2026-07-13 16:24:41 DEBUG:    EVENT NUM 799   current_time = 00:05:21   ARRIVAL_POD_WST       [queue size = 41]
2026-07-13 16:24:41 DEBUG: Pod 592 arrived at workstation 8 - status = IDLE
2026-07-13 16:24:41 DEBUG: Pod queued at workstation.    [picking_buffer = {77: 321.15953335602296}]
2026-07-13 16:24:41 DEBUG:    EVENT NUM 800   current_time = 00:05:21   START_PICKING         [queue size = 41]
2026-07-13 16:24:41 DEBUG: Processing task 77 at workstation 8: picking items {3916} for orders {96}
2026-07-13 16:24:41 DEBUG:    EVENT NUM 801   current_time = 00:05:25   ARRIVAL_ORDER         [queue size = 41]
2026-07-13 16:24:41 DEBUG: Order 164 arrived: items_required = [5410, 4488, 7828].     [orders_in_system = 116]
2026-07-13 16:24:41 DEBUG:    EVENT NUM 802   current_time = 00:05:25   ARRIVAL_POD_WST       [queue size = 41]
2026-07-13 16:24:41 DEBUG: Pod 31 arrived at workstation 1 - status = BUSY
2026-07-13 16:24:41 DEBUG: Pod queued at workstation.    [picking_buffer = {33: 325.4080286297193}]
2026-07-13 16:24:41 DEBUG:    EVENT NUM 803   current_time = 00:05:28   ARRIVAL_POD_WST       [queue size = 40]
2026-07-13 16:24:41 DEBUG: Pod 873 arrived at workstation 0 - status = IDLE
2026-07-13 16:24:41 DEBUG: Pod queued at workstation.    [picking_buffer = {64: 328.341583475327}]
2026-07-13 16:24:41 DEBUG:    EVENT NUM 804   current_time = 00:05:28   START_PICKING         [queue size = 40]
2026-07-13 16:24:41 DEBUG: Processing task 64 at workstation 0: picking items {7455} for orders {94}
2026-07-13 16:24:41 DEBUG:    EVENT NUM 805   current_time = 00:05:28   RETURN_POD            [queue size = 40]
2026-07-13 16:24:41 DEBUG: Pod 749 returned. Robot 12 idle.   [idle robots = 1/40, released tasks = 71]
2026-07-13 16:24:41 DEBUG:    EVENT NUM 806   current_time = 00:05:28   START_TASK            [queue size = 40]
2026-07-13 16:24:41 DEBUG: Task 81 started: robot 12 → pod 414 → workstation 8 for orders {43} (arrival = 424.9 s).   [idle robots = 0/40]
2026-07-13 16:24:41 DEBUG:    EVENT NUM 807   current_time = 00:05:28   END_PICKING           [queue size = 40]
2026-07-13 16:24:41 DEBUG: Ended picking at workstation 1.    [picking_buffer len = {33: 325.4080286297193}]
2026-07-13 16:24:41 DEBUG: Task should have served orders {32}, found open orders {32, 79, 22, 87}.
2026-07-13 16:24:41 DEBUG: Task 56 completed: pod 550 returning to storage.
2026-07-13 16:24:41 DEBUG:    EVENT NUM 808   current_time = 00:05:28   START_PICKING         [queue size = 41]
2026-07-13 16:24:41 DEBUG: Processing task 33 at workstation 1: picking items {6663} for orders {87}
2026-07-13 16:24:41 DEBUG:    EVENT NUM 809   current_time = 00:05:29   ARRIVAL_POD_WST       [queue size = 41]
2026-07-13 16:24:41 DEBUG: Pod 342 arrived at workstation 2 - status = IDLE
2026-07-13 16:24:41 DEBUG: Pod queued at workstation.    [picking_buffer = {78: 329.06338993604123}]
2026-07-13 16:24:41 DEBUG:    EVENT NUM 810   current_time = 00:05:29   START_PICKING         [queue size = 41]
2026-07-13 16:24:41 DEBUG: Processing task 78 at workstation 2: picking items {8892} for orders {82}
2026-07-13 16:24:41 DEBUG:    EVENT NUM 811   current_time = 00:05:30   ARRIVAL_ORDER         [queue size = 41]
2026-07-13 16:24:41 DEBUG: Order 165 arrived: items_required = [4227].     [orders_in_system = 117]
2026-07-13 16:24:41 DEBUG:    EVENT NUM 812   current_time = 00:05:30   RETURN_POD            [queue size = 41]
2026-07-13 16:24:41 DEBUG: Pod 692 returned. Robot 38 idle.   [idle robots = 1/40, released tasks = 70]
2026-07-13 16:24:41 DEBUG:    EVENT NUM 813   current_time = 00:05:30   START_TASK            [queue size = 41]
2026-07-13 16:24:41 DEBUG: Task 82 started: robot 38 → pod 470 → workstation 4 for orders {13} (arrival = 425.1 s).   [idle robots = 0/40]
2026-07-13 16:24:41 DEBUG:    EVENT NUM 814   current_time = 00:05:31   END_PICKING           [queue size = 41]
2026-07-13 16:24:41 DEBUG: Ended picking at workstation 8.    [picking_buffer len = {}]
2026-07-13 16:24:41 DEBUG: Task should have served orders {96}, found open orders {96, 8, 43, 60}.
2026-07-13 16:24:41 DEBUG: Task 77 completed: pod 592 returning to storage.
2026-07-13 16:24:41 DEBUG:    EVENT NUM 815   current_time = 00:05:31   CLOSE_ORDER           [queue size = 42]
2026-07-13 16:24:41 DEBUG: Order 96 closed at workstation 8: flow_time = 331.2 s.     [order_buffer = 5] [open_orders = 3/4]
2026-07-13 16:24:41 DEBUG: Next order in buffer: 80
2026-07-13 16:24:41 DEBUG:    EVENT NUM 816   current_time = 00:05:31   OPEN_ORDER            [queue size = 42]
2026-07-13 16:24:41 DEBUG: Order 80 (skus required = {8331, 8518}) opened at workstation 8.   [open_orders = 4/4]
2026-07-13 16:24:41 DEBUG:    EVENT NUM 817   current_time = 00:05:31   START_TASK            [queue size = 42]
2026-07-13 16:24:41 DEBUG: Task 83 blocked: no idle robots.
2026-07-13 16:24:41 DEBUG:    EVENT NUM 818   current_time = 00:05:33   ARRIVAL_POD_WST       [queue size = 41]
2026-07-13 16:24:41 DEBUG: Pod 353 arrived at workstation 5 - status = IDLE
2026-07-13 16:24:41 DEBUG: Pod queued at workstation.    [picking_buffer = {67: 333.53464290695274}]
2026-07-13 16:24:41 DEBUG:    EVENT NUM 819   current_time = 00:05:33   START_PICKING         [queue size = 41]
2026-07-13 16:24:41 DEBUG: Processing task 67 at workstation 5: picking items {3181} for orders {73}
2026-07-13 16:24:41 DEBUG:    EVENT NUM 820   current_time = 00:05:35   ARRIVAL_ORDER         [queue size = 41]
2026-07-13 16:24:41 DEBUG: Order 166 arrived: items_required = [3027, 9688].     [orders_in_system = 117]
2026-07-13 16:24:41 DEBUG:    EVENT NUM 821   current_time = 00:05:35   ARRIVAL_POD_WST       [queue size = 41]
2026-07-13 16:24:41 DEBUG: Pod 866 arrived at workstation 5 - status = BUSY
2026-07-13 16:24:41 DEBUG: Pod queued at workstation.    [picking_buffer = {72: 335.488684980818}]
2026-07-13 16:24:41 DEBUG:    EVENT NUM 822   current_time = 00:05:35   ARRIVAL_POD_WST       [queue size = 40]
2026-07-13 16:24:41 DEBUG: Pod 253 arrived at workstation 0 - status = BUSY
2026-07-13 16:24:41 DEBUG: Pod queued at workstation.    [picking_buffer = {68: 335.52703722022244}]
2026-07-13 16:24:41 DEBUG:    EVENT NUM 823   current_time = 00:05:38   END_PICKING           [queue size = 39]
2026-07-13 16:24:41 DEBUG: Ended picking at workstation 0.    [picking_buffer len = {68: 335.52703722022244}]
2026-07-13 16:24:41 DEBUG: Task should have served orders {94}, found open orders {67, 36, 14, 94}.
2026-07-13 16:24:41 DEBUG: Task 64 completed: pod 873 returning to storage.
2026-07-13 16:24:41 DEBUG:    EVENT NUM 824   current_time = 00:05:38   CLOSE_ORDER           [queue size = 41]
2026-07-13 16:24:41 DEBUG: Order 94 closed at workstation 0: flow_time = 338.3 s.     [order_buffer = 2] [open_orders = 3/4]
2026-07-13 16:24:41 DEBUG: Next order in buffer: 41
2026-07-13 16:24:41 DEBUG:    EVENT NUM 825   current_time = 00:05:38   START_PICKING         [queue size = 41]
2026-07-13 16:24:41 DEBUG: Processing task 68 at workstation 0: picking items {9801} for orders {14}
2026-07-13 16:24:41 DEBUG:    EVENT NUM 826   current_time = 00:05:38   OPEN_ORDER            [queue size = 41]
2026-07-13 16:24:41 DEBUG: Order 41 (skus required = {9745, 8347, 7692, 8092}) opened at workstation 0.   [open_orders = 4/4]
2026-07-13 16:24:41 DEBUG:    EVENT NUM 827   current_time = 00:05:38   START_TASK            [queue size = 41]
2026-07-13 16:24:41 DEBUG: Task 83 blocked: no idle robots.
2026-07-13 16:24:41 DEBUG:    EVENT NUM 828   current_time = 00:05:38   END_PICKING           [queue size = 40]
2026-07-13 16:24:41 DEBUG: Ended picking at workstation 1.    [picking_buffer len = {}]
2026-07-13 16:24:41 DEBUG: Task should have served orders {87}, found open orders {32, 79, 22, 87}.
2026-07-13 16:24:41 DEBUG: Task 33 completed: pod 31 returning to storage.
2026-07-13 16:24:41 DEBUG:    EVENT NUM 829   current_time = 00:05:38   CLOSE_ORDER           [queue size = 41]
2026-07-13 16:24:41 DEBUG: Order 87 closed at workstation 1: flow_time = 338.8 s.     [order_buffer = 1] [open_orders = 3/4]
2026-07-13 16:24:41 DEBUG: Next order in buffer: 11
2026-07-13 16:24:41 DEBUG:    EVENT NUM 830   current_time = 00:05:38   OPEN_ORDER            [queue size = 41]
2026-07-13 16:24:41 DEBUG: Order 11 (skus required = {2593, 6036}) opened at workstation 1.   [open_orders = 4/4]
2026-07-13 16:24:41 DEBUG:    EVENT NUM 831   current_time = 00:05:38   START_TASK            [queue size = 41]
2026-07-13 16:24:41 DEBUG: Task 83 blocked: no idle robots.
2026-07-13 16:24:41 DEBUG:    EVENT NUM 832   current_time = 00:05:39   END_PICKING           [queue size = 40]
2026-07-13 16:24:41 DEBUG: Ended picking at workstation 2.    [picking_buffer len = {}]
2026-07-13 16:24:41 DEBUG: Task should have served orders {82}, found open orders {82}.
2026-07-13 16:24:41 DEBUG: Task 78 completed: pod 342 returning to storage.
2026-07-13 16:24:41 DEBUG:    EVENT NUM 833   current_time = 00:05:40   ARRIVAL_ORDER         [queue size = 40]
2026-07-13 16:24:41 DEBUG: Order 167 arrived: items_required = [4522].     [orders_in_system = 116]
2026-07-13 16:24:41 DEBUG:    EVENT NUM 834   current_time = 00:05:41   RETURN_POD            [queue size = 40]
2026-07-13 16:24:41 DEBUG: Pod 175 returned. Robot 37 idle.   [idle robots = 1/40, released tasks = 69]
2026-07-13 16:24:41 DEBUG:    EVENT NUM 835   current_time = 00:05:41   START_TASK            [queue size = 40]
2026-07-13 16:24:41 DEBUG: Task 83 started: robot 37 → pod 317 → workstation 6 for orders {48} (arrival = 418.7 s).   [idle robots = 0/40]
2026-07-13 16:24:41 DEBUG:    EVENT NUM 836   current_time = 00:05:43   END_PICKING           [queue size = 40]
2026-07-13 16:24:41 DEBUG: Ended picking at workstation 5.    [picking_buffer len = {72: 335.488684980818}]
2026-07-13 16:24:41 DEBUG: Task should have served orders {73}, found open orders {1, 35, 73, 88}.
2026-07-13 16:24:41 DEBUG: Task 67 completed: pod 353 returning to storage.
2026-07-13 16:24:41 DEBUG:    EVENT NUM 837   current_time = 00:05:43   CLOSE_ORDER           [queue size = 42]
2026-07-13 16:24:41 DEBUG: Order 73 closed at workstation 5: flow_time = 343.5 s.     [order_buffer = 2] [open_orders = 3/4]
2026-07-13 16:24:41 DEBUG: Next order in buffer: 33
2026-07-13 16:24:41 DEBUG:    EVENT NUM 838   current_time = 00:05:43   START_PICKING         [queue size = 42]
2026-07-13 16:24:41 DEBUG: Processing task 72 at workstation 5: picking items {8416} for orders {35}
2026-07-13 16:24:41 DEBUG:    EVENT NUM 839   current_time = 00:05:43   OPEN_ORDER            [queue size = 42]
2026-07-13 16:24:41 DEBUG: Order 33 (skus required = {9180, 4511}) opened at workstation 5.   [open_orders = 4/4]
2026-07-13 16:24:41 DEBUG:    EVENT NUM 840   current_time = 00:05:43   START_TASK            [queue size = 42]
2026-07-13 16:24:41 DEBUG: Task 84 blocked: no idle robots.
2026-07-13 16:24:41 DEBUG:    EVENT NUM 841   current_time = 00:05:45   ARRIVAL_ORDER         [queue size = 41]
2026-07-13 16:24:41 DEBUG: Order 168 arrived: items_required = [9620, 6634, 4700].     [orders_in_system = 116]
2026-07-13 16:24:41 DEBUG:    EVENT NUM 842   current_time = 00:05:46   RETURN_POD            [queue size = 41]
2026-07-13 16:24:41 DEBUG: Pod 544 returned. Robot 24 idle.   [idle robots = 1/40, released tasks = 68]
2026-07-13 16:24:41 DEBUG:    EVENT NUM 843   current_time = 00:05:46   START_TASK            [queue size = 41]
2026-07-13 16:24:41 DEBUG: Task 84 started: robot 24 → pod 871 → workstation 0 for orders {41} (arrival = 414.6 s).   [idle robots = 0/40]
2026-07-13 16:24:41 DEBUG:    EVENT NUM 844   current_time = 00:05:48   RETURN_POD            [queue size = 41]
2026-07-13 16:24:41 DEBUG: Pod 594 returned. Robot 22 idle.   [idle robots = 1/40, released tasks = 67]
2026-07-13 16:24:41 DEBUG:    EVENT NUM 845   current_time = 00:05:48   START_TASK            [queue size = 41]
2026-07-13 16:24:41 DEBUG: Task 85 started: robot 22 → pod 184 → workstation 2 for orders {82} (arrival = 498.4 s).   [idle robots = 0/40]
2026-07-13 16:24:41 DEBUG:    EVENT NUM 846   current_time = 00:05:48   END_PICKING           [queue size = 41]
2026-07-13 16:24:41 DEBUG: Ended picking at workstation 0.    [picking_buffer len = {}]
2026-07-13 16:24:41 DEBUG: Task should have served orders {14}, found open orders {67, 36, 41, 14}.
2026-07-13 16:24:41 DEBUG: Task 68 heading to workstation 0.
2026-07-13 16:24:41 DEBUG:    EVENT NUM 847   current_time = 00:05:48   ARRIVAL_POD_WST       [queue size = 41]
2026-07-13 16:24:41 DEBUG: Pod 253 arrived at workstation 0 - status = IDLE
2026-07-13 16:24:41 DEBUG: Pod queued at workstation.    [picking_buffer = {68: 348.341583475327}]
2026-07-13 16:24:41 DEBUG:    EVENT NUM 848   current_time = 00:05:48   START_PICKING         [queue size = 41]
2026-07-13 16:24:41 DEBUG: Processing task 68 at workstation 0: picking items {8347} for orders {41}
2026-07-13 16:24:41 DEBUG:    EVENT NUM 849   current_time = 00:05:50   ARRIVAL_ORDER         [queue size = 41]
2026-07-13 16:24:41 DEBUG: Order 169 arrived: items_required = [7322].     [orders_in_system = 117]
2026-07-13 16:24:41 DEBUG:    EVENT NUM 850   current_time = 00:05:53   END_PICKING           [queue size = 41]
2026-07-13 16:24:41 DEBUG: Ended picking at workstation 5.    [picking_buffer len = {}]
2026-07-13 16:24:41 DEBUG: Task should have served orders {35}, found open orders {1, 33, 35, 88}.
2026-07-13 16:24:41 DEBUG: Task 72 completed: pod 866 returning to storage.
2026-07-13 16:24:41 DEBUG:    EVENT NUM 851   current_time = 00:05:53   CLOSE_ORDER           [queue size = 42]
2026-07-13 16:24:41 DEBUG: Order 35 closed at workstation 5: flow_time = 353.5 s.     [order_buffer = 1] [open_orders = 3/4]
2026-07-13 16:24:41 DEBUG: Next order in buffer: 95
2026-07-13 16:24:41 DEBUG:    EVENT NUM 852   current_time = 00:05:53   OPEN_ORDER            [queue size = 42]
2026-07-13 16:24:41 DEBUG: Order 95 (skus required = {7706, 4651, 6533, 3439}) opened at workstation 5.   [open_orders = 4/4]
2026-07-13 16:24:41 DEBUG:    EVENT NUM 853   current_time = 00:05:53   START_TASK            [queue size = 42]
2026-07-13 16:24:41 DEBUG: Task 86 blocked: no idle robots.
2026-07-13 16:24:41 DEBUG:    EVENT NUM 854   current_time = 00:05:53   RETURN_POD            [queue size = 41]
2026-07-13 16:24:41 DEBUG: Pod 331 returned. Robot 35 idle.   [idle robots = 1/40, released tasks = 66]
2026-07-13 16:24:41 DEBUG:    EVENT NUM 855   current_time = 00:05:53   START_TASK            [queue size = 41]
2026-07-13 16:24:41 DEBUG: Task 86 started: robot 35 → pod 148 → workstation 1 for orders {79} (arrival = 552.1 s).   [idle robots = 0/40]
2026-07-13 16:24:41 DEBUG:    EVENT NUM 856   current_time = 00:05:55   ARRIVAL_ORDER         [queue size = 41]
2026-07-13 16:24:41 DEBUG: Order 170 arrived: items_required = [8627, 744, 6025, 3341].     [orders_in_system = 117]
2026-07-13 16:24:41 DEBUG:    EVENT NUM 857   current_time = 00:05:55   RETURN_POD            [queue size = 41]
2026-07-13 16:24:41 DEBUG: Pod 439 returned. Robot 5 idle.   [idle robots = 1/40, released tasks = 65]
2026-07-13 16:24:41 DEBUG:    EVENT NUM 858   current_time = 00:05:55   START_TASK            [queue size = 41]
2026-07-13 16:24:41 DEBUG: Task 87 started: robot 5 → pod 415 → workstation 8 for orders {8} (arrival = 457.2 s).   [idle robots = 0/40]
2026-07-13 16:24:41 DEBUG:    EVENT NUM 859   current_time = 00:05:58   END_PICKING           [queue size = 41]
2026-07-13 16:24:41 DEBUG: Ended picking at workstation 0.    [picking_buffer len = {}]
2026-07-13 16:24:41 DEBUG: Task should have served orders {41}, found open orders {67, 36, 41, 14}.
2026-07-13 16:24:41 DEBUG: Task 68 completed: pod 253 returning to storage.
2026-07-13 16:24:41 DEBUG:    EVENT NUM 860   current_time = 00:05:59   ARRIVAL_POD_WST       [queue size = 41]
2026-07-13 16:24:41 DEBUG: Pod 232 arrived at workstation 0 - status = IDLE
2026-07-13 16:24:41 DEBUG: Pod queued at workstation.    [picking_buffer = {53: 359.55792864572857}]
2026-07-13 16:24:41 DEBUG:    EVENT NUM 861   current_time = 00:05:59   START_PICKING         [queue size = 41]
2026-07-13 16:24:41 DEBUG: Processing task 53 at workstation 0: picking items {6177, 9100} for orders {36, 14}
2026-07-13 16:24:41 DEBUG:    EVENT NUM 862   current_time = 00:05:59   ARRIVAL_POD_WST       [queue size = 41]
2026-07-13 16:24:41 DEBUG: Pod 230 arrived at workstation 4 - status = IDLE
2026-07-13 16:24:41 DEBUG: Pod queued at workstation.    [picking_buffer = {71: 359.5888818502197}]
2026-07-13 16:24:41 DEBUG:    EVENT NUM 863   current_time = 00:05:59   START_PICKING         [queue size = 41]
2026-07-13 16:24:41 DEBUG: Processing task 71 at workstation 4: picking items {2935} for orders {69}
2026-07-13 16:24:41 DEBUG:    EVENT NUM 864   current_time = 00:06:00   ARRIVAL_ORDER         [queue size = 41]
2026-07-13 16:24:41 DEBUG: Order 171 arrived: items_required = [9036, 11600].     [orders_in_system = 118]
2026-07-13 16:24:41 DEBUG:    EVENT NUM 865   current_time = 00:06:01   RETURN_POD            [queue size = 41]
2026-07-13 16:24:41 DEBUG: Pod 272 returned. Robot 23 idle.   [idle robots = 1/40, released tasks = 64]
2026-07-13 16:24:41 DEBUG:    EVENT NUM 866   current_time = 00:06:01   START_TASK            [queue size = 41]
2026-07-13 16:24:41 DEBUG: Task 88 started: robot 23 → pod 181 → workstation 3 for orders {31} (arrival = 531.3 s).   [idle robots = 0/40]
2026-07-13 16:24:41 DEBUG:    EVENT NUM 867   current_time = 00:06:03   RETURN_POD            [queue size = 41]
2026-07-13 16:24:41 DEBUG: Pod 499 returned. Robot 27 idle.   [idle robots = 1/40, released tasks = 63]
2026-07-13 16:24:41 DEBUG:    EVENT NUM 868   current_time = 00:06:03   START_TASK            [queue size = 41]
2026-07-13 16:24:41 DEBUG: Task 89 started: robot 27 → pod 843 → workstation 0 for orders {20} (arrival = 424.1 s).   [idle robots = 0/40]
2026-07-13 16:24:41 DEBUG:    EVENT NUM 869   current_time = 00:06:05   ARRIVAL_ORDER         [queue size = 41]
2026-07-13 16:24:41 DEBUG: Order 172 arrived: items_required = [6456, 9448, 4092].     [orders_in_system = 119]
2026-07-13 16:24:41 DEBUG:    EVENT NUM 870   current_time = 00:06:06   ARRIVAL_POD_WST       [queue size = 41]
2026-07-13 16:24:41 DEBUG: Pod 576 arrived at workstation 1 - status = IDLE
2026-07-13 16:24:41 DEBUG: Pod queued at workstation.    [picking_buffer = {76: 366.359738463458}]
2026-07-13 16:24:41 DEBUG:    EVENT NUM 871   current_time = 00:06:06   START_PICKING         [queue size = 41]
2026-07-13 16:24:41 DEBUG: Processing task 76 at workstation 1: picking items {10336} for orders {79}
2026-07-13 16:24:41 DEBUG:    EVENT NUM 872   current_time = 00:06:09   RETURN_POD            [queue size = 41]
2026-07-13 16:24:41 DEBUG: Pod 249 returned. Robot 9 idle.   [idle robots = 1/40, released tasks = 62]
2026-07-13 16:24:41 DEBUG:    EVENT NUM 873   current_time = 00:06:09   START_TASK            [queue size = 41]
2026-07-13 16:24:41 DEBUG: Task 90 started: robot 9 → pod 335 → workstation 4 for orders {7} (arrival = 508.7 s).   [idle robots = 0/40]
2026-07-13 16:24:41 DEBUG:    EVENT NUM 874   current_time = 00:06:09   END_PICKING           [queue size = 41]
2026-07-13 16:24:41 DEBUG: Ended picking at workstation 4.    [picking_buffer len = {}]
2026-07-13 16:24:41 DEBUG: Task should have served orders {69}, found open orders {15, 69, 13, 7}.
2026-07-13 16:24:41 DEBUG: Task 71 completed: pod 230 returning to storage.
2026-07-13 16:24:41 DEBUG:    EVENT NUM 875   current_time = 00:06:09   CLOSE_ORDER           [queue size = 42]
2026-07-13 16:24:41 DEBUG: Order 69 closed at workstation 4: flow_time = 369.6 s.     [order_buffer = 2] [open_orders = 3/4]
2026-07-13 16:24:41 DEBUG: Next order in buffer: 70
2026-07-13 16:24:41 DEBUG:    EVENT NUM 876   current_time = 00:06:09   OPEN_ORDER            [queue size = 42]
2026-07-13 16:24:41 DEBUG: Order 70 (skus required = {3218, 11495}) opened at workstation 4.   [open_orders = 4/4]
2026-07-13 16:24:41 DEBUG:    EVENT NUM 877   current_time = 00:06:09   START_TASK            [queue size = 42]
2026-07-13 16:24:41 DEBUG: Task 91 blocked: no idle robots.
2026-07-13 16:24:41 DEBUG:    EVENT NUM 878   current_time = 00:06:10   ARRIVAL_ORDER         [queue size = 41]
2026-07-13 16:24:41 DEBUG: Order 173 arrived: items_required = [10015].     [orders_in_system = 119]
2026-07-13 16:24:41 DEBUG:    EVENT NUM 879   current_time = 00:06:10   ARRIVAL_POD_WST       [queue size = 41]
2026-07-13 16:24:41 DEBUG: Pod 183 arrived at workstation 3 - status = IDLE
2026-07-13 16:24:41 DEBUG: Pod queued at workstation.    [picking_buffer = {69: 370.853359837427}]
2026-07-13 16:24:41 DEBUG:    EVENT NUM 880   current_time = 00:06:10   START_PICKING         [queue size = 41]
2026-07-13 16:24:41 DEBUG: Processing task 69 at workstation 3: picking items {2848} for orders {51}
2026-07-13 16:24:41 DEBUG:    EVENT NUM 881   current_time = 00:06:12   RETURN_POD            [queue size = 41]
2026-07-13 16:24:41 DEBUG: Pod 498 returned. Robot 4 idle.   [idle robots = 1/40, released tasks = 61]
2026-07-13 16:24:41 DEBUG:    EVENT NUM 882   current_time = 00:06:12   START_TASK            [queue size = 41]
2026-07-13 16:24:41 DEBUG: Task 91 started: robot 4 → pod 514 → workstation 4 for orders {13} (arrival = 503.6 s).   [idle robots = 0/40]
2026-07-13 16:24:41 DEBUG:    EVENT NUM 883   current_time = 00:06:13   RETURN_POD            [queue size = 41]
2026-07-13 16:24:41 DEBUG: Pod 781 returned. Robot 16 idle.   [idle robots = 1/40, released tasks = 60]
2026-07-13 16:24:41 DEBUG:    EVENT NUM 884   current_time = 00:06:13   START_TASK            [queue size = 41]
2026-07-13 16:24:41 DEBUG: Task 92 started: robot 16 → pod 742 → workstation 3 for orders {16} (arrival = 450.5 s).   [idle robots = 0/40]
2026-07-13 16:24:41 DEBUG:    EVENT NUM 885   current_time = 00:06:14   END_PICKING           [queue size = 41]
2026-07-13 16:24:41 DEBUG: Ended picking at workstation 0.    [picking_buffer len = {}]
2026-07-13 16:24:41 DEBUG: Task should have served orders {36, 14}, found open orders {67, 36, 41, 14}.
2026-07-13 16:24:41 DEBUG: Task 53 completed: pod 232 returning to storage.
2026-07-13 16:24:41 DEBUG:    EVENT NUM 886   current_time = 00:06:14   CLOSE_ORDER           [queue size = 43]
2026-07-13 16:24:41 DEBUG: Order 36 closed at workstation 0: flow_time = 374.6 s.     [order_buffer = 1] [open_orders = 3/4]
2026-07-13 16:24:41 DEBUG: Next order in buffer: 20
2026-07-13 16:24:41 DEBUG:    EVENT NUM 887   current_time = 00:06:14   CLOSE_ORDER           [queue size = 43]
2026-07-13 16:24:41 DEBUG: Order 14 closed at workstation 0: flow_time = 374.6 s.     [order_buffer = 0] [open_orders = 2/4]
2026-07-13 16:24:41 DEBUG:    EVENT NUM 888   current_time = 00:06:14   OPEN_ORDER            [queue size = 42]
2026-07-13 16:24:41 DEBUG: Order 20 (skus required = {5500}) opened at workstation 0.   [open_orders = 3/4]
2026-07-13 16:24:41 DEBUG:    EVENT NUM 889   current_time = 00:06:14   START_TASK            [queue size = 42]
2026-07-13 16:24:41 DEBUG: Task 93 blocked: no idle robots.
2026-07-13 16:24:41 DEBUG:    EVENT NUM 890   current_time = 00:06:15   ARRIVAL_ORDER         [queue size = 41]
2026-07-13 16:24:41 DEBUG: Order 174 arrived: items_required = [7171].     [orders_in_system = 118]
2026-07-13 16:24:41 DEBUG:    EVENT NUM 891   current_time = 00:06:16   END_PICKING           [queue size = 41]
2026-07-13 16:24:41 DEBUG: Ended picking at workstation 1.    [picking_buffer len = {}]
2026-07-13 16:24:41 DEBUG: Task should have served orders {79}, found open orders {32, 11, 79, 22}.
2026-07-13 16:24:41 DEBUG: Task 76 completed: pod 576 returning to storage.
2026-07-13 16:24:41 DEBUG:    EVENT NUM 892   current_time = 00:06:17   ARRIVAL_POD_WST       [queue size = 41]
2026-07-13 16:24:41 DEBUG: Pod 162 arrived at workstation 0 - status = IDLE
2026-07-13 16:24:41 DEBUG: Pod queued at workstation.    [picking_buffer = {75: 377.4362755376723}]
2026-07-13 16:24:41 DEBUG:    EVENT NUM 893   current_time = 00:06:17   START_PICKING         [queue size = 41]
2026-07-13 16:24:41 DEBUG: Processing task 75 at workstation 0: picking items {9745} for orders {41}
2026-07-13 16:24:41 DEBUG:    EVENT NUM 894   current_time = 00:06:17   RETURN_POD            [queue size = 41]
2026-07-13 16:24:41 DEBUG: Pod 550 returned. Robot 3 idle.   [idle robots = 1/40, released tasks = 59]
2026-07-13 16:24:41 DEBUG:    EVENT NUM 895   current_time = 00:06:17   START_TASK            [queue size = 41]
2026-07-13 16:24:41 DEBUG: Task 93 started: robot 3 → pod 875 → workstation 1 for orders {79} (arrival = 429.6 s).   [idle robots = 0/40]
2026-07-13 16:24:41 DEBUG:    EVENT NUM 896   current_time = 00:06:20   ARRIVAL_ORDER         [queue size = 41]
2026-07-13 16:24:41 DEBUG: Order 175 arrived: items_required = [3275].     [orders_in_system = 119]
2026-07-13 16:24:41 DEBUG:    EVENT NUM 897   current_time = 00:06:20   END_PICKING           [queue size = 41]
2026-07-13 16:24:41 DEBUG: Ended picking at workstation 3.    [picking_buffer len = {}]
2026-07-13 16:24:41 DEBUG: Task should have served orders {51}, found open orders {16, 51, 19, 31}.
2026-07-13 16:24:41 DEBUG: Task 69 heading to workstation 3.
2026-07-13 16:24:41 DEBUG:    EVENT NUM 898   current_time = 00:06:20   CLOSE_ORDER           [queue size = 42]
2026-07-13 16:24:41 DEBUG: Order 51 closed at workstation 3: flow_time = 380.9 s.     [order_buffer = 1] [open_orders = 3/4]
2026-07-13 16:24:41 DEBUG: Next order in buffer: 49
2026-07-13 16:24:41 DEBUG:    EVENT NUM 899   current_time = 00:06:20   ARRIVAL_POD_WST       [queue size = 42]
2026-07-13 16:24:41 DEBUG: Pod 183 arrived at workstation 3 - status = IDLE
2026-07-13 16:24:41 DEBUG: Pod queued at workstation.    [picking_buffer = {69: 380.853359837427}]
2026-07-13 16:24:41 DEBUG:    EVENT NUM 900   current_time = 00:06:20   OPEN_ORDER            [queue size = 42]
2026-07-13 16:24:41 DEBUG: Order 49 (skus required = {7680, 6082}) opened at workstation 3.   [open_orders = 4/4]
2026-07-13 16:24:41 DEBUG:    EVENT NUM 901   current_time = 00:06:20   START_PICKING         [queue size = 43]
2026-07-13 16:24:41 DEBUG: Processing task 69 at workstation 3: picking items {10388} for orders {16}
2026-07-13 16:24:41 DEBUG:    EVENT NUM 902   current_time = 00:06:20   START_TASK            [queue size = 43]
2026-07-13 16:24:41 DEBUG: Task 94 blocked: no idle robots.
2026-07-13 16:24:41 DEBUG:    EVENT NUM 903   current_time = 00:06:20   START_PICKING         [queue size = 42]
2026-07-13 16:24:41 DEBUG:    EVENT NUM 904   current_time = 00:06:20   ARRIVAL_POD_WST       [queue size = 41]
2026-07-13 16:24:41 DEBUG: Pod 481 arrived at workstation 1 - status = IDLE
2026-07-13 16:24:41 DEBUG: Pod queued at workstation.    [picking_buffer = {38: 380.87555391074767}]
2026-07-13 16:24:41 DEBUG:    EVENT NUM 905   current_time = 00:06:20   START_PICKING         [queue size = 41]
2026-07-13 16:24:41 DEBUG: Processing task 38 at workstation 1: picking items {6166} for orders {22}
2026-07-13 16:24:41 DEBUG:    EVENT NUM 906   current_time = 00:06:22   RETURN_POD            [queue size = 41]
2026-07-13 16:24:41 DEBUG: Pod 332 returned. Robot 36 idle.   [idle robots = 1/40, released tasks = 58]
2026-07-13 16:24:41 DEBUG:    EVENT NUM 907   current_time = 00:06:22   START_TASK            [queue size = 41]
2026-07-13 16:24:41 DEBUG: Task 94 started: robot 36 → pod 410 → workstation 8 for orders {60} (arrival = 455.0 s).   [idle robots = 0/40]
2026-07-13 16:24:41 DEBUG:    EVENT NUM 908   current_time = 00:06:25   ARRIVAL_ORDER         [queue size = 41]
2026-07-13 16:24:41 DEBUG: Order 176 arrived: items_required = [5711, 8489].     [orders_in_system = 119]
2026-07-13 16:24:41 DEBUG:    EVENT NUM 909   current_time = 00:06:27   END_PICKING           [queue size = 41]
2026-07-13 16:24:41 DEBUG: Ended picking at workstation 0.    [picking_buffer len = {}]
2026-07-13 16:24:41 DEBUG: Task should have served orders {41}, found open orders {67, 41, 20}.
2026-07-13 16:24:41 DEBUG: Task 75 completed: pod 162 returning to storage.
2026-07-13 16:24:41 DEBUG:    EVENT NUM 910   current_time = 00:06:30   ARRIVAL_ORDER         [queue size = 41]
2026-07-13 16:24:41 DEBUG: Order 177 arrived: items_required = [3871, 10192].     [orders_in_system = 120]
2026-07-13 16:24:41 DEBUG:    EVENT NUM 911   current_time = 00:06:30   END_PICKING           [queue size = 41]
2026-07-13 16:24:41 DEBUG: Ended picking at workstation 3.    [picking_buffer len = {}]
2026-07-13 16:24:41 DEBUG: Task should have served orders {16}, found open orders {16, 49, 19, 31}.
2026-07-13 16:24:41 DEBUG: Task 69 completed: pod 183 returning to storage.
2026-07-13 16:24:41 DEBUG:    EVENT NUM 912   current_time = 00:06:30   END_PICKING           [queue size = 41]
2026-07-13 16:24:41 DEBUG: Ended picking at workstation 1.    [picking_buffer len = {}]
2026-07-13 16:24:41 DEBUG: Task should have served orders {22}, found open orders {32, 11, 79, 22}.
2026-07-13 16:24:41 DEBUG: Task 38 completed: pod 481 returning to storage.
2026-07-13 16:24:41 DEBUG:    EVENT NUM 913   current_time = 00:06:30   CLOSE_ORDER           [queue size = 42]
2026-07-13 16:24:41 DEBUG: Order 22 closed at workstation 1: flow_time = 390.9 s.     [order_buffer = 0] [open_orders = 3/4]
2026-07-13 16:24:41 DEBUG:    EVENT NUM 914   current_time = 00:06:32   RETURN_POD            [queue size = 41]
2026-07-13 16:24:41 DEBUG: Pod 873 returned. Robot 7 idle.   [idle robots = 1/40, released tasks = 57]
2026-07-13 16:24:41 DEBUG:    EVENT NUM 915   current_time = 00:06:32   START_TASK            [queue size = 41]
2026-07-13 16:24:41 DEBUG: Task 95 started: robot 7 → pod 468 → workstation 5 for orders {88} (arrival = 461.5 s).   [idle robots = 0/40]
2026-07-13 16:24:41 DEBUG:    EVENT NUM 916   current_time = 00:06:34   ARRIVAL_POD_WST       [queue size = 41]
2026-07-13 16:24:41 DEBUG: Pod 361 arrived at workstation 0 - status = IDLE
2026-07-13 16:24:41 DEBUG: Pod queued at workstation.    [picking_buffer = {66: 394.79605392595903}]
2026-07-13 16:24:41 DEBUG:    EVENT NUM 917   current_time = 00:06:34   START_PICKING         [queue size = 41]
2026-07-13 16:24:41 DEBUG: Processing task 66 at workstation 0: picking items {1725} for orders {67}
2026-07-13 16:24:41 DEBUG:    EVENT NUM 918   current_time = 00:06:35   ARRIVAL_ORDER         [queue size = 41]
2026-07-13 16:24:41 DEBUG: Order 178 arrived: items_required = [4184, 4385].     [orders_in_system = 120]
2026-07-13 16:24:41 DEBUG:    EVENT NUM 919   current_time = 00:06:39   RETURN_POD            [queue size = 41]
2026-07-13 16:24:41 DEBUG: Pod 592 returned. Robot 13 idle.   [idle robots = 1/40, released tasks = 56]
2026-07-13 16:24:41 DEBUG:    EVENT NUM 920   current_time = 00:06:39   START_TASK            [queue size = 41]
2026-07-13 16:24:41 DEBUG: Task 96 started: robot 13 → pod 793 → workstation 5 for orders {88} (arrival = 436.8 s).   [idle robots = 0/40]
2026-07-13 16:24:41 DEBUG:    EVENT NUM 921   current_time = 00:06:39   RETURN_POD            [queue size = 41]
2026-07-13 16:24:41 DEBUG: Pod 629 returned. Robot 39 idle.   [idle robots = 1/40, released tasks = 55]
2026-07-13 16:24:41 DEBUG:    EVENT NUM 922   current_time = 00:06:39   START_TASK            [queue size = 41]
2026-07-13 16:24:41 DEBUG: Task 97 started: robot 39 → pod 616 → workstation 3 for orders {19} (arrival = 455.0 s).   [idle robots = 0/40]
2026-07-13 16:24:41 DEBUG:    EVENT NUM 923   current_time = 00:06:40   ARRIVAL_ORDER         [queue size = 41]
2026-07-13 16:24:41 DEBUG: Order 179 arrived: items_required = [9656].     [orders_in_system = 121]
2026-07-13 16:24:41 DEBUG:    EVENT NUM 924   current_time = 00:06:43   RETURN_POD            [queue size = 41]
2026-07-13 16:24:41 DEBUG: Pod 342 returned. Robot 29 idle.   [idle robots = 1/40, released tasks = 54]
2026-07-13 16:24:41 DEBUG:    EVENT NUM 925   current_time = 00:06:43   START_TASK            [queue size = 41]
2026-07-13 16:24:41 DEBUG: Task 98 started: robot 29 → pod 157 → workstation 1 for orders {11} (arrival = 522.9 s).   [idle robots = 0/40]
2026-07-13 16:24:41 DEBUG:    EVENT NUM 926   current_time = 00:06:44   ARRIVAL_POD_WST       [queue size = 41]
2026-07-13 16:24:41 DEBUG: Pod 39 arrived at workstation 1 - status = IDLE
2026-07-13 16:24:41 DEBUG: Pod queued at workstation.    [picking_buffer = {74: 404.7420343662377}]
2026-07-13 16:24:41 DEBUG:    EVENT NUM 927   current_time = 00:06:44   START_PICKING         [queue size = 41]
2026-07-13 16:24:41 DEBUG: Processing task 74 at workstation 1: picking items {9541} for orders {32}
2026-07-13 16:24:41 DEBUG:    EVENT NUM 928   current_time = 00:06:44   END_PICKING           [queue size = 41]
2026-07-13 16:24:41 DEBUG: Ended picking at workstation 0.    [picking_buffer len = {}]
2026-07-13 16:24:41 DEBUG: Task should have served orders {67}, found open orders {67, 41, 20}.
2026-07-13 16:24:41 DEBUG: Task 66 completed: pod 361 returning to storage.
2026-07-13 16:24:41 DEBUG:    EVENT NUM 929   current_time = 00:06:44   CLOSE_ORDER           [queue size = 42]
2026-07-13 16:24:41 DEBUG: Order 67 closed at workstation 0: flow_time = 404.8 s.     [order_buffer = 0] [open_orders = 2/4]
2026-07-13 16:24:41 DEBUG:    EVENT NUM 930   current_time = 00:06:45   ARRIVAL_ORDER         [queue size = 41]
2026-07-13 16:24:41 DEBUG: Order 180 arrived: items_required = [10397, 3133].     [orders_in_system = 121]
2026-07-13 16:24:41 DEBUG:    EVENT NUM 931   current_time = 00:06:45   RETURN_POD            [queue size = 41]
2026-07-13 16:24:41 DEBUG: Pod 66 returned. Robot 33 idle.   [idle robots = 1/40, released tasks = 53]
2026-07-13 16:24:41 DEBUG:    EVENT NUM 932   current_time = 00:06:45   START_TASK            [queue size = 41]
2026-07-13 16:24:41 DEBUG: Task 99 started: robot 33 → pod 791 → workstation 5 for orders {33} (arrival = 456.9 s).   [idle robots = 0/40]
2026-07-13 16:24:41 DEBUG:    EVENT NUM 933   current_time = 00:06:45   RETURN_POD            [queue size = 41]
2026-07-13 16:24:41 DEBUG: Pod 310 returned. Robot 17 idle.   [idle robots = 1/40, released tasks = 52]
2026-07-13 16:24:41 DEBUG:    EVENT NUM 934   current_time = 00:06:45   START_TASK            [queue size = 41]
2026-07-13 16:24:41 DEBUG: Task 101 started: robot 17 → pod 703 → workstation 5 for orders {1, 33} (arrival = 450.6 s).   [idle robots = 0/40]
2026-07-13 16:24:41 DEBUG:    EVENT NUM 935   current_time = 00:06:47   RETURN_POD            [queue size = 41]
2026-07-13 16:24:41 DEBUG: Pod 151 returned. Robot 20 idle.   [idle robots = 1/40, released tasks = 51]
2026-07-13 16:24:41 DEBUG:    EVENT NUM 936   current_time = 00:06:47   START_TASK            [queue size = 41]
2026-07-13 16:24:41 DEBUG: Task 102 started: robot 20 → pod 164 → workstation 4 for orders {15} (arrival = 487.5 s).   [idle robots = 0/40]
2026-07-13 16:24:41 DEBUG:    EVENT NUM 937   current_time = 00:06:48   RETURN_POD            [queue size = 41]
2026-07-13 16:24:41 DEBUG: Pod 304 returned. Robot 34 idle.   [idle robots = 1/40, released tasks = 50]
2026-07-13 16:24:41 DEBUG:    EVENT NUM 938   current_time = 00:06:48   START_TASK            [queue size = 41]
2026-07-13 16:24:41 DEBUG: Task 103 started: robot 34 → pod 471 → workstation 4 for orders {15} (arrival = 504.2 s).   [idle robots = 0/40]
2026-07-13 16:24:41 DEBUG:    EVENT NUM 939   current_time = 00:06:50   ARRIVAL_ORDER         [queue size = 41]
2026-07-13 16:24:41 DEBUG: Order 181 arrived: items_required = [11046].     [orders_in_system = 122]
2026-07-13 16:24:41 DEBUG:    EVENT NUM 940   current_time = 00:06:51   RETURN_POD            [queue size = 41]
2026-07-13 16:24:41 DEBUG: Pod 345 returned. Robot 25 idle.   [idle robots = 1/40, released tasks = 49]
2026-07-13 16:24:41 DEBUG:    EVENT NUM 941   current_time = 00:06:51   START_TASK            [queue size = 41]
2026-07-13 16:24:41 DEBUG: Task 104 started: robot 25 → pod 521 → workstation 5 for orders {1} (arrival = 486.9 s).   [idle robots = 0/40]
2026-07-13 16:24:41 DEBUG:    EVENT NUM 942   current_time = 00:06:54   ARRIVAL_POD_WST       [queue size = 41]
2026-07-13 16:24:41 DEBUG: Pod 871 arrived at workstation 0 - status = IDLE
2026-07-13 16:24:41 DEBUG: Pod queued at workstation.    [picking_buffer = {84: 414.6008771622659}]
2026-07-13 16:24:41 DEBUG:    EVENT NUM 943   current_time = 00:06:54   START_PICKING         [queue size = 41]
2026-07-13 16:24:41 DEBUG: Processing task 84 at workstation 0: picking items {7692} for orders {41}
2026-07-13 16:24:41 DEBUG:    EVENT NUM 944   current_time = 00:06:54   END_PICKING           [queue size = 41]
2026-07-13 16:24:41 DEBUG: Ended picking at workstation 1.    [picking_buffer len = {}]
2026-07-13 16:24:41 DEBUG: Task should have served orders {32}, found open orders {32, 11, 79}.
2026-07-13 16:24:41 DEBUG: Task 74 completed: pod 39 returning to storage.
2026-07-13 16:24:41 DEBUG:    EVENT NUM 945   current_time = 00:06:54   CLOSE_ORDER           [queue size = 42]
2026-07-13 16:24:41 DEBUG: Order 32 closed at workstation 1: flow_time = 414.7 s.     [order_buffer = 0] [open_orders = 2/4]
2026-07-13 16:24:41 DEBUG:    EVENT NUM 946   current_time = 00:06:55   ARRIVAL_ORDER         [queue size = 41]
2026-07-13 16:24:41 DEBUG: Order 182 arrived: items_required = [2556, 6808].     [orders_in_system = 122]
2026-07-13 16:24:41 DEBUG:    EVENT NUM 947   current_time = 00:06:55   RETURN_POD            [queue size = 41]
2026-07-13 16:24:41 DEBUG: Pod 234 returned. Robot 8 idle.   [idle robots = 1/40, released tasks = 48]
2026-07-13 16:24:41 DEBUG:    EVENT NUM 948   current_time = 00:06:55   START_TASK            [queue size = 41]
2026-07-13 16:24:41 DEBUG: Task 105 started: robot 8 → pod 219 → workstation 6 for orders {40} (arrival = 546.0 s).   [idle robots = 0/40]
2026-07-13 16:24:41 DEBUG:    EVENT NUM 949   current_time = 00:06:55   ARRIVAL_POD_WST       [queue size = 41]
2026-07-13 16:24:41 DEBUG: Pod 559 arrived at workstation 0 - status = BUSY
2026-07-13 16:24:41 DEBUG: Pod queued at workstation.    [picking_buffer = {80: 415.6557028005762}]
2026-07-13 16:24:41 DEBUG:    EVENT NUM 950   current_time = 00:06:57   ARRIVAL_POD_WST       [queue size = 40]
2026-07-13 16:24:41 DEBUG: Pod 748 arrived at workstation 4 - status = IDLE
2026-07-13 16:24:41 DEBUG: Pod queued at workstation.    [picking_buffer = {79: 417.33250307131067}]
2026-07-13 16:24:41 DEBUG:    EVENT NUM 951   current_time = 00:06:57   START_PICKING         [queue size = 40]
2026-07-13 16:24:41 DEBUG: Processing task 79 at workstation 4: picking items {2281} for orders {7}
2026-07-13 16:24:41 DEBUG:    EVENT NUM 952   current_time = 00:06:58   ARRIVAL_POD_WST       [queue size = 40]
2026-07-13 16:24:41 DEBUG: Pod 317 arrived at workstation 6 - status = IDLE
2026-07-13 16:24:41 DEBUG: Pod queued at workstation.    [picking_buffer = {83: 418.70572645818226}]
2026-07-13 16:24:41 DEBUG:    EVENT NUM 953   current_time = 00:06:58   START_PICKING         [queue size = 40]
2026-07-13 16:24:41 DEBUG: Processing task 83 at workstation 6: picking items {10263} for orders {48}
2026-07-13 16:24:41 DEBUG:    EVENT NUM 954   current_time = 00:07:00   ARRIVAL_ORDER         [queue size = 40]
2026-07-13 16:24:41 DEBUG: Order 183 arrived: items_required = [2755].     [orders_in_system = 123]
2026-07-13 16:24:41 DEBUG:    EVENT NUM 955   current_time = 00:07:03   RETURN_POD            [queue size = 40]
2026-07-13 16:24:41 DEBUG: Pod 87 returned. Robot 26 idle.   [idle robots = 1/40, released tasks = 47]
2026-07-13 16:24:41 DEBUG:    EVENT NUM 956   current_time = 00:07:03   START_TASK            [queue size = 40]
2026-07-13 16:24:41 DEBUG: Task 106 started: robot 26 → pod 597 → workstation 6 for orders {55} (arrival = 525.5 s).   [idle robots = 0/40]
2026-07-13 16:24:41 DEBUG:    EVENT NUM 957   current_time = 00:07:04   ARRIVAL_POD_WST       [queue size = 40]
2026-07-13 16:24:41 DEBUG: Pod 843 arrived at workstation 0 - status = BUSY
2026-07-13 16:24:41 DEBUG: Pod queued at workstation.    [picking_buffer = {80: 415.6557028005762, 89: 424.0710485414138}]
2026-07-13 16:24:41 DEBUG:    EVENT NUM 958   current_time = 00:07:04   END_PICKING           [queue size = 39]
2026-07-13 16:24:41 DEBUG: Ended picking at workstation 0.    [picking_buffer len = {80: 415.6557028005762, 89: 424.0710485414138}]
2026-07-13 16:24:41 DEBUG: Task should have served orders {41}, found open orders {41, 20}.
2026-07-13 16:24:41 DEBUG: Task 84 completed: pod 871 returning to storage.
2026-07-13 16:24:41 DEBUG:    EVENT NUM 959   current_time = 00:07:04   START_PICKING         [queue size = 40]
2026-07-13 16:24:41 DEBUG: Processing task 80 at workstation 0: picking items {8092} for orders {41}
2026-07-13 16:24:41 DEBUG:    EVENT NUM 960   current_time = 00:07:04   ARRIVAL_POD_WST       [queue size = 40]
2026-07-13 16:24:41 DEBUG: Pod 414 arrived at workstation 8 - status = IDLE
2026-07-13 16:24:41 DEBUG: Pod queued at workstation.    [picking_buffer = {81: 424.9341350392718}]
2026-07-13 16:24:41 DEBUG:    EVENT NUM 961   current_time = 00:07:04   START_PICKING         [queue size = 40]
2026-07-13 16:24:41 DEBUG: Processing task 81 at workstation 8: picking items {3554} for orders {43}
2026-07-13 16:24:41 DEBUG:    EVENT NUM 962   current_time = 00:07:05   ARRIVAL_ORDER         [queue size = 40]
2026-07-13 16:24:41 DEBUG: Order 184 arrived: items_required = [11289].     [orders_in_system = 124]
2026-07-13 16:24:41 DEBUG:    EVENT NUM 963   current_time = 00:07:05   ARRIVAL_POD_WST       [queue size = 40]
2026-07-13 16:24:41 DEBUG: Pod 470 arrived at workstation 4 - status = BUSY
2026-07-13 16:24:41 DEBUG: Pod queued at workstation.    [picking_buffer = {82: 425.07703529855655}]
2026-07-13 16:24:41 DEBUG:    EVENT NUM 964   current_time = 00:07:07   END_PICKING           [queue size = 39]
2026-07-13 16:24:41 DEBUG: Ended picking at workstation 4.    [picking_buffer len = {82: 425.07703529855655}]
2026-07-13 16:24:41 DEBUG: Task should have served orders {7}, found open orders {70, 7, 13, 15}.
2026-07-13 16:24:41 DEBUG: Task 79 completed: pod 748 returning to storage.
2026-07-13 16:24:41 DEBUG:    EVENT NUM 965   current_time = 00:07:07   START_PICKING         [queue size = 40]
2026-07-13 16:24:41 DEBUG: Processing task 82 at workstation 4: picking items {3493} for orders {13}
2026-07-13 16:24:41 DEBUG:    EVENT NUM 966   current_time = 00:07:08   END_PICKING           [queue size = 40]
2026-07-13 16:24:41 DEBUG: Ended picking at workstation 6.    [picking_buffer len = {}]
2026-07-13 16:24:41 DEBUG: Task should have served orders {48}, found open orders {48, 40, 39, 55}.
2026-07-13 16:24:41 DEBUG: Task 83 completed: pod 317 returning to storage.
2026-07-13 16:24:41 DEBUG:    EVENT NUM 967   current_time = 00:07:08   CLOSE_ORDER           [queue size = 41]
2026-07-13 16:24:41 DEBUG: Order 48 closed at workstation 6: flow_time = 428.7 s.     [order_buffer = 3] [open_orders = 3/4]
2026-07-13 16:24:41 DEBUG: Next order in buffer: 47
2026-07-13 16:24:41 DEBUG:    EVENT NUM 968   current_time = 00:07:08   OPEN_ORDER            [queue size = 41]
2026-07-13 16:24:41 DEBUG: Order 47 (skus required = {1723, 6732}) opened at workstation 6.   [open_orders = 4/4]
2026-07-13 16:24:41 DEBUG:    EVENT NUM 969   current_time = 00:07:08   START_TASK            [queue size = 41]
2026-07-13 16:24:41 DEBUG: Task 107 blocked: no idle robots.
2026-07-13 16:24:41 DEBUG:    EVENT NUM 970   current_time = 00:07:09   ARRIVAL_POD_WST       [queue size = 40]
2026-07-13 16:24:41 DEBUG: Pod 875 arrived at workstation 1 - status = IDLE
2026-07-13 16:24:41 DEBUG: Pod queued at workstation.    [picking_buffer = {93: 429.6015181954691}]
2026-07-13 16:24:41 DEBUG:    EVENT NUM 971   current_time = 00:07:09   START_PICKING         [queue size = 40]
2026-07-13 16:24:41 DEBUG: Processing task 93 at workstation 1: picking items {8677} for orders {79}
2026-07-13 16:24:41 DEBUG:    EVENT NUM 972   current_time = 00:07:10   ARRIVAL_ORDER         [queue size = 40]
2026-07-13 16:24:41 DEBUG: Order 185 arrived: items_required = [2778].     [orders_in_system = 124]
2026-07-13 16:24:41 DEBUG:    EVENT NUM 973   current_time = 00:07:14   END_PICKING           [queue size = 40]
2026-07-13 16:24:41 DEBUG: Ended picking at workstation 0.    [picking_buffer len = {89: 424.0710485414138}]
2026-07-13 16:24:41 DEBUG: Task should have served orders {41}, found open orders {41, 20}.
2026-07-13 16:24:41 DEBUG: Task 80 completed: pod 559 returning to storage.
2026-07-13 16:24:41 DEBUG:    EVENT NUM 974   current_time = 00:07:14   CLOSE_ORDER           [queue size = 42]
2026-07-13 16:24:41 DEBUG: Order 41 closed at workstation 0: flow_time = 434.6 s.     [order_buffer = 0] [open_orders = 1/4]
2026-07-13 16:24:41 DEBUG:    EVENT NUM 975   current_time = 00:07:14   START_PICKING         [queue size = 41]
2026-07-13 16:24:41 DEBUG: Processing task 89 at workstation 0: picking items {5500} for orders {20}
2026-07-13 16:24:41 DEBUG:    EVENT NUM 976   current_time = 00:07:14   END_PICKING           [queue size = 41]
2026-07-13 16:24:41 DEBUG: Ended picking at workstation 8.    [picking_buffer len = {}]
2026-07-13 16:24:41 DEBUG: Task should have served orders {43}, found open orders {8, 43, 80, 60}.
2026-07-13 16:24:41 DEBUG: Task 81 completed: pod 414 returning to storage.
2026-07-13 16:24:41 DEBUG:    EVENT NUM 977   current_time = 00:07:14   CLOSE_ORDER           [queue size = 42]
2026-07-13 16:24:41 DEBUG: Order 43 closed at workstation 8: flow_time = 434.9 s.     [order_buffer = 4] [open_orders = 3/4]
2026-07-13 16:24:41 DEBUG: Next order in buffer: 4
2026-07-13 16:24:41 DEBUG:    EVENT NUM 978   current_time = 00:07:14   OPEN_ORDER            [queue size = 42]
2026-07-13 16:24:41 DEBUG: Order 4 (skus required = {5626, 3315}) opened at workstation 8.   [open_orders = 4/4]
2026-07-13 16:24:41 DEBUG:    EVENT NUM 979   current_time = 00:07:14   START_TASK            [queue size = 42]
2026-07-13 16:24:41 DEBUG: Task 107 blocked: no idle robots.
2026-07-13 16:24:41 DEBUG:    EVENT NUM 980   current_time = 00:07:15   ARRIVAL_ORDER         [queue size = 41]
2026-07-13 16:24:41 DEBUG: Order 186 arrived: items_required = [9380].     [orders_in_system = 123]
2026-07-13 16:24:41 DEBUG:    EVENT NUM 981   current_time = 00:07:15   RETURN_POD            [queue size = 41]
2026-07-13 16:24:41 DEBUG: Pod 33 returned. Robot 15 idle.   [idle robots = 1/40, released tasks = 46]
2026-07-13 16:24:41 DEBUG:    EVENT NUM 982   current_time = 00:07:15   START_TASK            [queue size = 41]
2026-07-13 16:24:41 DEBUG: Task 107 started: robot 15 → pod 397 → workstation 3 for orders {19} (arrival = 543.8 s).   [idle robots = 0/40]
2026-07-13 16:24:41 DEBUG:    EVENT NUM 983   current_time = 00:07:16   ARRIVAL_POD_WST       [queue size = 41]
2026-07-13 16:24:41 DEBUG: Pod 793 arrived at workstation 5 - status = IDLE
2026-07-13 16:24:41 DEBUG: Pod queued at workstation.    [picking_buffer = {96: 436.8406643548353}]
2026-07-13 16:24:41 DEBUG:    EVENT NUM 984   current_time = 00:07:16   START_PICKING         [queue size = 41]
2026-07-13 16:24:41 DEBUG: Processing task 96 at workstation 5: picking items {1102} for orders {88}
2026-07-13 16:24:41 DEBUG:    EVENT NUM 985   current_time = 00:07:17   END_PICKING           [queue size = 41]
2026-07-13 16:24:41 DEBUG: Ended picking at workstation 4.    [picking_buffer len = {}]
2026-07-13 16:24:41 DEBUG: Task should have served orders {13}, found open orders {70, 7, 13, 15}.
2026-07-13 16:24:41 DEBUG: Task 82 completed: pod 470 returning to storage.
2026-07-13 16:24:41 DEBUG:    EVENT NUM 986   current_time = 00:07:19   END_PICKING           [queue size = 41]
2026-07-13 16:24:41 DEBUG: Ended picking at workstation 1.    [picking_buffer len = {}]
2026-07-13 16:24:41 DEBUG: Task should have served orders {79}, found open orders {11, 79}.
2026-07-13 16:24:41 DEBUG: Task 93 completed: pod 875 returning to storage.
2026-07-13 16:24:41 DEBUG:    EVENT NUM 987   current_time = 00:07:20   ARRIVAL_ORDER         [queue size = 41]
2026-07-13 16:24:41 DEBUG: Order 187 arrived: items_required = [2054, 1538, 9005].     [orders_in_system = 124]
2026-07-13 16:24:41 DEBUG:    EVENT NUM 988   current_time = 00:07:20   RETURN_POD            [queue size = 41]
2026-07-13 16:24:41 DEBUG: Pod 866 returned. Robot 1 idle.   [idle robots = 1/40, released tasks = 45]
2026-07-13 16:24:41 DEBUG:    EVENT NUM 989   current_time = 00:07:20   START_TASK            [queue size = 41]
2026-07-13 16:24:41 DEBUG: Task 108 started: robot 1 → pod 198 → workstation 6 for orders {40} (arrival = 536.6 s).   [idle robots = 0/40]
2026-07-13 16:24:41 DEBUG:    EVENT NUM 990   current_time = 00:07:24   END_PICKING           [queue size = 41]
2026-07-13 16:24:41 DEBUG: Ended picking at workstation 0.    [picking_buffer len = {}]
2026-07-13 16:24:41 DEBUG: Task should have served orders {20}, found open orders {20}.
2026-07-13 16:24:41 DEBUG: Task 89 completed: pod 843 returning to storage.
2026-07-13 16:24:41 DEBUG:    EVENT NUM 991   current_time = 00:07:24   CLOSE_ORDER           [queue size = 42]
2026-07-13 16:24:41 DEBUG: Order 20 closed at workstation 0: flow_time = 444.6 s.     [order_buffer = 0] [open_orders = 0/4]
2026-07-13 16:24:41 DEBUG:    EVENT NUM 992   current_time = 00:07:25   ARRIVAL_ORDER         [queue size = 41]
2026-07-13 16:24:41 DEBUG: Order 188 arrived: items_required = [10317, 9228].     [orders_in_system = 124]
2026-07-13 16:24:41 DEBUG:    EVENT NUM 993   current_time = 00:07:26   RETURN_POD            [queue size = 41]
2026-07-13 16:24:41 DEBUG: Pod 253 returned. Robot 10 idle.   [idle robots = 1/40, released tasks = 44]
2026-07-13 16:24:41 DEBUG:    EVENT NUM 994   current_time = 00:07:26   START_TASK            [queue size = 41]
2026-07-13 16:24:41 DEBUG: Task 109 started: robot 10 → pod 741 → workstation 6 for orders {39} (arrival = 503.1 s).   [idle robots = 0/40]
2026-07-13 16:24:41 DEBUG:    EVENT NUM 995   current_time = 00:07:26   END_PICKING           [queue size = 41]
2026-07-13 16:24:41 DEBUG: Ended picking at workstation 5.    [picking_buffer len = {}]
2026-07-13 16:24:41 DEBUG: Task should have served orders {88}, found open orders {1, 33, 88, 95}.
2026-07-13 16:24:41 DEBUG: Task 96 completed: pod 793 returning to storage.
2026-07-13 16:24:41 DEBUG:    EVENT NUM 996   current_time = 00:07:28   RETURN_POD            [queue size = 41]
2026-07-13 16:24:41 DEBUG: Pod 576 returned. Robot 28 idle.   [idle robots = 1/40, released tasks = 43]
2026-07-13 16:24:41 DEBUG:    EVENT NUM 997   current_time = 00:07:28   START_TASK            [queue size = 41]
2026-07-13 16:24:41 DEBUG: Task 110 started: robot 28 → pod 72 → workstation 3 for orders {19} (arrival = 543.4 s).   [idle robots = 0/40]
2026-07-13 16:24:41 DEBUG:    EVENT NUM 998   current_time = 00:07:30   ARRIVAL_ORDER         [queue size = 41]
2026-07-13 16:24:41 DEBUG: Order 189 arrived: items_required = [5252].     [orders_in_system = 125]
2026-07-13 16:24:41 DEBUG:    EVENT NUM 999   current_time = 00:07:30   ARRIVAL_POD_WST       [queue size = 41]
2026-07-13 16:24:41 DEBUG: Pod 742 arrived at workstation 3 - status = IDLE
2026-07-13 16:24:41 DEBUG: Pod queued at workstation.    [picking_buffer = {92: 450.5249064550553}]
2026-07-13 16:24:41 DEBUG:    EVENT NUM 1000  current_time = 00:07:30   START_PICKING         [queue size = 41]
2026-07-13 16:24:41 DEBUG: Processing task 92 at workstation 3: picking items {5177} for orders {16}
2026-07-13 16:24:41 DEBUG:    EVENT NUM 1001  current_time = 00:07:30   ARRIVAL_POD_WST       [queue size = 41]
2026-07-13 16:24:41 DEBUG: Pod 703 arrived at workstation 5 - status = IDLE
2026-07-13 16:24:41 DEBUG: Pod queued at workstation.    [picking_buffer = {101: 450.5626941012829}]
2026-07-13 16:24:41 DEBUG:    EVENT NUM 1002  current_time = 00:07:30   START_PICKING         [queue size = 41]
2026-07-13 16:24:41 DEBUG: Processing task 101 at workstation 5: picking items {8729, 9180} for orders {1, 33}
2026-07-13 16:24:41 DEBUG:    EVENT NUM 1003  current_time = 00:07:34   RETURN_POD            [queue size = 41]
2026-07-13 16:24:41 DEBUG: Pod 353 returned. Robot 31 idle.   [idle robots = 1/40, released tasks = 42]
2026-07-13 16:24:41 DEBUG:    EVENT NUM 1004  current_time = 00:07:34   START_TASK            [queue size = 41]
2026-07-13 16:24:41 DEBUG: Task 111 started: robot 31 → pod 855 → workstation 6 for orders {39} (arrival = 476.9 s).   [idle robots = 0/40]
2026-07-13 16:24:41 DEBUG:    EVENT NUM 1005  current_time = 00:07:34   ARRIVAL_POD_WST       [queue size = 41]
2026-07-13 16:24:41 DEBUG: Pod 410 arrived at workstation 8 - status = IDLE
2026-07-13 16:24:41 DEBUG: Pod queued at workstation.    [picking_buffer = {94: 454.9675138156058}]
2026-07-13 16:24:41 DEBUG:    EVENT NUM 1006  current_time = 00:07:34   START_PICKING         [queue size = 41]
2026-07-13 16:24:41 DEBUG: Processing task 94 at workstation 8: picking items {637} for orders {60}
2026-07-13 16:24:41 DEBUG:    EVENT NUM 1007  current_time = 00:07:35   ARRIVAL_ORDER         [queue size = 41]
2026-07-13 16:24:41 DEBUG: Order 190 arrived: items_required = [8931].     [orders_in_system = 126]
2026-07-13 16:24:41 DEBUG:    EVENT NUM 1008  current_time = 00:07:35   ARRIVAL_POD_WST       [queue size = 41]
2026-07-13 16:24:41 DEBUG: Pod 616 arrived at workstation 3 - status = BUSY
2026-07-13 16:24:41 DEBUG: Pod queued at workstation.    [picking_buffer = {97: 455.0179155352087}]
2026-07-13 16:24:41 DEBUG:    EVENT NUM 1009  current_time = 00:07:36   ARRIVAL_POD_WST       [queue size = 40]
2026-07-13 16:24:41 DEBUG: Pod 791 arrived at workstation 5 - status = BUSY
2026-07-13 16:24:41 DEBUG: Pod queued at workstation.    [picking_buffer = {99: 456.85732867199545}]
2026-07-13 16:24:41 DEBUG:    EVENT NUM 1010  current_time = 00:07:37   ARRIVAL_POD_WST       [queue size = 39]
2026-07-13 16:24:41 DEBUG: Pod 415 arrived at workstation 8 - status = BUSY
2026-07-13 16:24:41 DEBUG: Pod queued at workstation.    [picking_buffer = {87: 457.23500537439713}]
2026-07-13 16:24:41 DEBUG:    EVENT NUM 1011  current_time = 00:07:40   ARRIVAL_ORDER         [queue size = 38]
2026-07-13 16:24:41 DEBUG: Order 191 arrived: items_required = [3928, 4649].     [orders_in_system = 127]
2026-07-13 16:24:41 DEBUG:    EVENT NUM 1012  current_time = 00:07:40   END_PICKING           [queue size = 38]
2026-07-13 16:24:41 DEBUG: Ended picking at workstation 3.    [picking_buffer len = {97: 455.0179155352087}]
2026-07-13 16:24:41 DEBUG: Task should have served orders {16}, found open orders {16, 49, 19, 31}.
2026-07-13 16:24:41 DEBUG: Task 92 completed: pod 742 returning to storage.
2026-07-13 16:24:41 DEBUG:    EVENT NUM 1013  current_time = 00:07:40   CLOSE_ORDER           [queue size = 40]
2026-07-13 16:24:41 DEBUG: Order 16 closed at workstation 3: flow_time = 460.5 s.     [order_buffer = 0] [open_orders = 3/4]
2026-07-13 16:24:41 DEBUG:    EVENT NUM 1014  current_time = 00:07:40   START_PICKING         [queue size = 39]
2026-07-13 16:24:41 DEBUG: Processing task 97 at workstation 3: picking items {13250} for orders {19}
2026-07-13 16:24:41 DEBUG:    EVENT NUM 1015  current_time = 00:07:41   ARRIVAL_POD_WST       [queue size = 39]
2026-07-13 16:24:41 DEBUG: Pod 468 arrived at workstation 5 - status = BUSY
2026-07-13 16:24:41 DEBUG: Pod queued at workstation.    [picking_buffer = {99: 456.85732867199545, 95: 461.5338567001035}]
2026-07-13 16:24:41 DEBUG:    EVENT NUM 1016  current_time = 00:07:44   END_PICKING           [queue size = 38]
2026-07-13 16:24:41 DEBUG: Ended picking at workstation 8.    [picking_buffer len = {87: 457.23500537439713}]
2026-07-13 16:24:41 DEBUG: Task should have served orders {60}, found open orders {4, 8, 80, 60}.
2026-07-13 16:24:41 DEBUG: Task 94 completed: pod 410 returning to storage.
2026-07-13 16:24:41 DEBUG:    EVENT NUM 1017  current_time = 00:07:44   CLOSE_ORDER           [queue size = 40]
2026-07-13 16:24:41 DEBUG: Order 60 closed at workstation 8: flow_time = 465.0 s.     [order_buffer = 3] [open_orders = 3/4]
2026-07-13 16:24:41 DEBUG: Next order in buffer: 92
2026-07-13 16:24:41 DEBUG:    EVENT NUM 1018  current_time = 00:07:44   START_PICKING         [queue size = 40]
2026-07-13 16:24:41 DEBUG: Processing task 87 at workstation 8: picking items {7292} for orders {8}
2026-07-13 16:24:41 DEBUG:    EVENT NUM 1019  current_time = 00:07:44   OPEN_ORDER            [queue size = 40]
2026-07-13 16:24:41 DEBUG: Order 92 (skus required = {8857, 4958}) opened at workstation 8.   [open_orders = 4/4]
2026-07-13 16:24:41 DEBUG:    EVENT NUM 1020  current_time = 00:07:44   START_TASK            [queue size = 40]
2026-07-13 16:24:41 DEBUG: Task 112 blocked: no idle robots.
2026-07-13 16:24:41 DEBUG:    EVENT NUM 1021  current_time = 00:07:45   ARRIVAL_ORDER         [queue size = 39]
2026-07-13 16:24:41 DEBUG: Order 192 arrived: items_required = [10338, 7846].     [orders_in_system = 126]
2026-07-13 16:24:41 DEBUG:    EVENT NUM 1022  current_time = 00:07:45   END_PICKING           [queue size = 39]
2026-07-13 16:24:41 DEBUG: Ended picking at workstation 5.    [picking_buffer len = {99: 456.85732867199545, 95: 461.5338567001035}]
2026-07-13 16:24:41 DEBUG: Task should have served orders {1, 33}, found open orders {1, 33, 88, 95}.
2026-07-13 16:24:41 DEBUG: Task 101 completed: pod 703 returning to storage.
2026-07-13 16:24:41 DEBUG:    EVENT NUM 1023  current_time = 00:07:45   START_PICKING         [queue size = 40]
2026-07-13 16:24:41 DEBUG: Processing task 99 at workstation 5: picking items {4511} for orders {33}
2026-07-13 16:24:41 DEBUG:    EVENT NUM 1024  current_time = 00:07:50   ARRIVAL_ORDER         [queue size = 40]
2026-07-13 16:24:41 DEBUG: Order 193 arrived: items_required = [2972, 2483, 2863, 9398, 2910].     [orders_in_system = 127]
2026-07-13 16:24:41 DEBUG:    EVENT NUM 1025  current_time = 00:07:50   END_PICKING           [queue size = 40]
2026-07-13 16:24:41 DEBUG: Ended picking at workstation 3.    [picking_buffer len = {}]
2026-07-13 16:24:41 DEBUG: Task should have served orders {19}, found open orders {49, 19, 31}.
2026-07-13 16:24:41 DEBUG: Task 97 completed: pod 616 returning to storage.
2026-07-13 16:24:41 DEBUG:    EVENT NUM 1026  current_time = 00:07:54   END_PICKING           [queue size = 40]
2026-07-13 16:24:41 DEBUG: Ended picking at workstation 8.    [picking_buffer len = {}]
2026-07-13 16:24:41 DEBUG: Task should have served orders {8}, found open orders {4, 8, 80, 92}.
2026-07-13 16:24:41 DEBUG: Task 87 completed: pod 415 returning to storage.
2026-07-13 16:24:41 DEBUG:    EVENT NUM 1027  current_time = 00:07:54   CLOSE_ORDER           [queue size = 41]
2026-07-13 16:24:41 DEBUG: Order 8 closed at workstation 8: flow_time = 475.0 s.     [order_buffer = 2] [open_orders = 3/4]
2026-07-13 16:24:41 DEBUG: Next order in buffer: 0
2026-07-13 16:24:41 DEBUG:    EVENT NUM 1028  current_time = 00:07:54   OPEN_ORDER            [queue size = 41]
2026-07-13 16:24:41 DEBUG: Order 0 (skus required = {3082, 5462}) opened at workstation 8.   [open_orders = 4/4]
2026-07-13 16:24:41 DEBUG:    EVENT NUM 1029  current_time = 00:07:54   START_TASK            [queue size = 41]
2026-07-13 16:24:41 DEBUG: Task 112 blocked: no idle robots.
2026-07-13 16:24:41 DEBUG:    EVENT NUM 1030  current_time = 00:07:55   ARRIVAL_ORDER         [queue size = 40]
2026-07-13 16:24:41 DEBUG: Order 194 arrived: items_required = [8885].     [orders_in_system = 127]
2026-07-13 16:24:41 DEBUG:    EVENT NUM 1031  current_time = 00:07:55   END_PICKING           [queue size = 40]
2026-07-13 16:24:41 DEBUG: Ended picking at workstation 5.    [picking_buffer len = {95: 461.5338567001035}]
2026-07-13 16:24:41 DEBUG: Task should have served orders {33}, found open orders {1, 33, 88, 95}.
2026-07-13 16:24:41 DEBUG: Task 99 completed: pod 791 returning to storage.
2026-07-13 16:24:41 DEBUG:    EVENT NUM 1032  current_time = 00:07:55   CLOSE_ORDER           [queue size = 42]
2026-07-13 16:24:41 DEBUG: Order 33 closed at workstation 5: flow_time = 475.6 s.     [order_buffer = 0] [open_orders = 3/4]
2026-07-13 16:24:41 DEBUG:    EVENT NUM 1033  current_time = 00:07:55   START_PICKING         [queue size = 41]
2026-07-13 16:24:41 DEBUG: Processing task 95 at workstation 5: picking items {5981} for orders {88}
2026-07-13 16:24:41 DEBUG:    EVENT NUM 1034  current_time = 00:07:56   ARRIVAL_POD_WST       [queue size = 41]
2026-07-13 16:24:41 DEBUG: Pod 855 arrived at workstation 6 - status = IDLE
2026-07-13 16:24:41 DEBUG: Pod queued at workstation.    [picking_buffer = {111: 476.934732205887}]
2026-07-13 16:24:41 DEBUG:    EVENT NUM 1035  current_time = 00:07:56   START_PICKING         [queue size = 41]
2026-07-13 16:24:41 DEBUG: Processing task 111 at workstation 6: picking items {9274} for orders {39}
2026-07-13 16:24:41 DEBUG:    EVENT NUM 1036  current_time = 00:08:00   ARRIVAL_ORDER         [queue size = 41]
2026-07-13 16:24:41 DEBUG: Order 195 arrived: items_required = [106].     [orders_in_system = 127]
2026-07-13 16:24:41 DEBUG:    EVENT NUM 1037  current_time = 00:08:01   RETURN_POD            [queue size = 41]
2026-07-13 16:24:41 DEBUG: Pod 793 returned. Robot 13 idle.   [idle robots = 1/40, released tasks = 41]
2026-07-13 16:24:41 DEBUG:    EVENT NUM 1038  current_time = 00:08:01   START_TASK            [queue size = 41]
2026-07-13 16:24:41 DEBUG: Task 112 started: robot 13 → pod 867 → workstation 7 for orders {24} (arrival = 551.7 s).   [idle robots = 0/40]
2026-07-13 16:24:41 DEBUG:    EVENT NUM 1039  current_time = 00:08:02   RETURN_POD            [queue size = 41]
2026-07-13 16:24:41 DEBUG: Pod 230 returned. Robot 6 idle.   [idle robots = 1/40, released tasks = 40]
2026-07-13 16:24:41 DEBUG:    EVENT NUM 1040  current_time = 00:08:02   START_TASK            [queue size = 41]
2026-07-13 16:24:41 DEBUG: Task 113 started: robot 6 → pod 359 → workstation 6 for orders {47} (arrival = 624.1 s).   [idle robots = 0/40]
2026-07-13 16:24:41 DEBUG:    EVENT NUM 1041  current_time = 00:08:05   ARRIVAL_ORDER         [queue size = 41]
2026-07-13 16:24:41 DEBUG: Order 196 arrived: items_required = [4061, 9817].     [orders_in_system = 128]
2026-07-13 16:24:41 DEBUG:    EVENT NUM 1042  current_time = 00:08:05   END_PICKING           [queue size = 41]
2026-07-13 16:24:41 DEBUG: Ended picking at workstation 5.    [picking_buffer len = {}]
2026-07-13 16:24:41 DEBUG: Task should have served orders {88}, found open orders {1, 88, 95}.
2026-07-13 16:24:41 DEBUG: Task 95 heading to workstation 5.
2026-07-13 16:24:41 DEBUG:    EVENT NUM 1043  current_time = 00:08:05   CLOSE_ORDER           [queue size = 42]
2026-07-13 16:24:41 DEBUG: Order 88 closed at workstation 5: flow_time = 485.6 s.     [order_buffer = 0] [open_orders = 2/4]
2026-07-13 16:24:41 DEBUG:    EVENT NUM 1044  current_time = 00:08:05   ARRIVAL_POD_WST       [queue size = 41]
2026-07-13 16:24:41 DEBUG: Pod 468 arrived at workstation 5 - status = IDLE
2026-07-13 16:24:41 DEBUG: Pod queued at workstation.    [picking_buffer = {95: 485.5626941012829}]
2026-07-13 16:24:41 DEBUG:    EVENT NUM 1045  current_time = 00:08:05   START_PICKING         [queue size = 41]
2026-07-13 16:24:41 DEBUG: Processing task 95 at workstation 5: picking items {5981} for orders {1}
2026-07-13 16:24:41 DEBUG:    EVENT NUM 1046  current_time = 00:08:06   ARRIVAL_POD_WST       [queue size = 41]
2026-07-13 16:24:41 DEBUG: Pod 521 arrived at workstation 5 - status = BUSY
2026-07-13 16:24:41 DEBUG: Pod queued at workstation.    [picking_buffer = {104: 486.9123858329309}]
2026-07-13 16:24:41 DEBUG:    EVENT NUM 1047  current_time = 00:08:06   END_PICKING           [queue size = 40]
2026-07-13 16:24:41 DEBUG: Ended picking at workstation 6.    [picking_buffer len = {}]
2026-07-13 16:24:41 DEBUG: Task should have served orders {39}, found open orders {39, 40, 47, 55}.
2026-07-13 16:24:41 DEBUG: Task 111 completed: pod 855 returning to storage.
2026-07-13 16:24:41 DEBUG:    EVENT NUM 1048  current_time = 00:08:07   ARRIVAL_POD_WST       [queue size = 40]
2026-07-13 16:24:41 DEBUG: Pod 164 arrived at workstation 4 - status = IDLE
2026-07-13 16:24:41 DEBUG: Pod queued at workstation.    [picking_buffer = {102: 487.5151929091613}]
2026-07-13 16:24:41 DEBUG:    EVENT NUM 1049  current_time = 00:08:07   START_PICKING         [queue size = 40]
2026-07-13 16:24:41 DEBUG: Processing task 102 at workstation 4: picking items {8076} for orders {15}
2026-07-13 16:24:41 DEBUG:    EVENT NUM 1050  current_time = 00:08:08   RETURN_POD            [queue size = 40]
2026-07-13 16:24:41 DEBUG: Pod 162 returned. Robot 11 idle.   [idle robots = 1/40, released tasks = 39]
2026-07-13 16:24:41 DEBUG:    EVENT NUM 1051  current_time = 00:08:08   START_TASK            [queue size = 40]
2026-07-13 16:24:41 DEBUG: Task 114 started: robot 11 → pod 296 → workstation 6 for orders {47} (arrival = 622.5 s).   [idle robots = 0/40]
2026-07-13 16:24:41 DEBUG:    EVENT NUM 1052  current_time = 00:08:10   ARRIVAL_ORDER         [queue size = 40]
2026-07-13 16:24:41 DEBUG: Order 197 arrived: items_required = [5127, 9785].     [orders_in_system = 128]
2026-07-13 16:24:41 DEBUG:    EVENT NUM 1053  current_time = 00:08:11   RETURN_POD            [queue size = 40]
2026-07-13 16:24:41 DEBUG: Pod 871 returned. Robot 24 idle.   [idle robots = 1/40, released tasks = 38]
2026-07-13 16:24:41 DEBUG:    EVENT NUM 1054  current_time = 00:08:11   START_TASK            [queue size = 40]
2026-07-13 16:24:41 DEBUG: Task 115 started: robot 24 → pod 761 → workstation 6 for orders {55} (arrival = 552.3 s).   [idle robots = 0/40]
2026-07-13 16:24:41 DEBUG:    EVENT NUM 1055  current_time = 00:08:14   RETURN_POD            [queue size = 40]
2026-07-13 16:24:41 DEBUG: Pod 875 returned. Robot 3 idle.   [idle robots = 1/40, released tasks = 37]
2026-07-13 16:24:41 DEBUG:    EVENT NUM 1056  current_time = 00:08:14   START_TASK            [queue size = 40]
2026-07-13 16:24:41 DEBUG: Task 116 started: robot 3 → pod 217 → workstation 3 for orders {49} (arrival = 617.8 s).   [idle robots = 0/40]
2026-07-13 16:24:41 DEBUG:    EVENT NUM 1057  current_time = 00:08:15   ARRIVAL_ORDER         [queue size = 40]
2026-07-13 16:24:41 DEBUG: Order 198 arrived: items_required = [4927, 5358].     [orders_in_system = 129]
2026-07-13 16:24:41 DEBUG:    EVENT NUM 1058  current_time = 00:08:15   RETURN_POD            [queue size = 40]
2026-07-13 16:24:41 DEBUG: Pod 31 returned. Robot 32 idle.   [idle robots = 1/40, released tasks = 36]
2026-07-13 16:24:41 DEBUG:    EVENT NUM 1059  current_time = 00:08:15   START_TASK            [queue size = 40]
2026-07-13 16:24:41 DEBUG: Task 117 started: robot 32 → pod 416 → workstation 3 for orders {49} (arrival = 635.5 s).   [idle robots = 0/40]
2026-07-13 16:24:41 DEBUG:    EVENT NUM 1060  current_time = 00:08:15   END_PICKING           [queue size = 40]
2026-07-13 16:24:41 DEBUG: Ended picking at workstation 5.    [picking_buffer len = {104: 486.9123858329309}]
2026-07-13 16:24:41 DEBUG: Task should have served orders {1}, found open orders {1, 95}.
2026-07-13 16:24:41 DEBUG: Task 95 completed: pod 468 returning to storage.
2026-07-13 16:24:41 DEBUG:    EVENT NUM 1061  current_time = 00:08:15   START_PICKING         [queue size = 41]
2026-07-13 16:24:41 DEBUG: Processing task 104 at workstation 5: picking items {1704} for orders {1}
2026-07-13 16:24:41 DEBUG:    EVENT NUM 1062  current_time = 00:08:17   END_PICKING           [queue size = 41]
2026-07-13 16:24:41 DEBUG: Ended picking at workstation 4.    [picking_buffer len = {}]
2026-07-13 16:24:41 DEBUG: Task should have served orders {15}, found open orders {70, 7, 13, 15}.
2026-07-13 16:24:41 DEBUG: Task 102 completed: pod 164 returning to storage.
2026-07-13 16:24:41 DEBUG:    EVENT NUM 1063  current_time = 00:08:18   ARRIVAL_POD_WST       [queue size = 41]
2026-07-13 16:24:41 DEBUG: Pod 184 arrived at workstation 2 - status = IDLE
2026-07-13 16:24:41 DEBUG: Pod queued at workstation.    [picking_buffer = {85: 498.3581606996199}]
2026-07-13 16:24:41 DEBUG:    EVENT NUM 1064  current_time = 00:08:18   START_PICKING         [queue size = 41]
2026-07-13 16:24:41 DEBUG: Processing task 85 at workstation 2: picking items {4604} for orders {82}
2026-07-13 16:24:41 DEBUG:    EVENT NUM 1065  current_time = 00:08:20   ARRIVAL_ORDER         [queue size = 41]
2026-07-13 16:24:41 DEBUG: Order 199 arrived: items_required = [9969].     [orders_in_system = 130]
2026-07-13 16:24:41 DEBUG:    EVENT NUM 1066  current_time = 00:08:23   RETURN_POD            [queue size = 41]
2026-07-13 16:24:41 DEBUG: Pod 317 returned. Robot 37 idle.   [idle robots = 1/40, released tasks = 35]
2026-07-13 16:24:41 DEBUG:    EVENT NUM 1067  current_time = 00:08:23   START_TASK            [queue size = 41]
2026-07-13 16:24:41 DEBUG: Task 118 started: robot 37 → pod 814 → workstation 4 for orders {70} (arrival = 585.3 s).   [idle robots = 0/40]
2026-07-13 16:24:41 DEBUG:    EVENT NUM 1068  current_time = 00:08:23   ARRIVAL_POD_WST       [queue size = 41]
2026-07-13 16:24:41 DEBUG: Pod 741 arrived at workstation 6 - status = IDLE
2026-07-13 16:24:41 DEBUG: Pod queued at workstation.    [picking_buffer = {109: 503.1445925548532}]
2026-07-13 16:24:41 DEBUG:    EVENT NUM 1069  current_time = 00:08:23   START_PICKING         [queue size = 41]
2026-07-13 16:24:41 DEBUG: Processing task 109 at workstation 6: picking items {2271} for orders {39}
2026-07-13 16:24:41 DEBUG:    EVENT NUM 1070  current_time = 00:08:23   ARRIVAL_POD_WST       [queue size = 41]
2026-07-13 16:24:41 DEBUG: Pod 514 arrived at workstation 4 - status = IDLE
2026-07-13 16:24:41 DEBUG: Pod queued at workstation.    [picking_buffer = {91: 503.59765611987245}]
2026-07-13 16:24:41 DEBUG:    EVENT NUM 1071  current_time = 00:08:23   START_PICKING         [queue size = 41]
2026-07-13 16:24:41 DEBUG: Processing task 91 at workstation 4: picking items {12054} for orders {13}
2026-07-13 16:24:41 DEBUG:    EVENT NUM 1072  current_time = 00:08:24   ARRIVAL_POD_WST       [queue size = 41]
2026-07-13 16:24:41 DEBUG: Pod 471 arrived at workstation 4 - status = BUSY
2026-07-13 16:24:41 DEBUG: Pod queued at workstation.    [picking_buffer = {103: 504.2467711403885}]
2026-07-13 16:24:41 DEBUG:    EVENT NUM 1073  current_time = 00:08:25   ARRIVAL_ORDER         [queue size = 40]
2026-07-13 16:24:41 DEBUG: Order 200 arrived: items_required = [4847].     [orders_in_system = 131]
2026-07-13 16:24:41 DEBUG:    EVENT NUM 1074  current_time = 00:08:25   END_PICKING           [queue size = 40]
2026-07-13 16:24:41 DEBUG: Ended picking at workstation 5.    [picking_buffer len = {}]
2026-07-13 16:24:41 DEBUG: Task should have served orders {1}, found open orders {1, 95}.
2026-07-13 16:24:41 DEBUG: Task 104 completed: pod 521 returning to storage.
2026-07-13 16:24:41 DEBUG:    EVENT NUM 1075  current_time = 00:08:25   CLOSE_ORDER           [queue size = 41]
2026-07-13 16:24:41 DEBUG: Order 1 closed at workstation 5: flow_time = 505.6 s.     [order_buffer = 0] [open_orders = 1/4]
2026-07-13 16:24:41 DEBUG:    EVENT NUM 1076  current_time = 00:08:27   RETURN_POD            [queue size = 40]
2026-07-13 16:24:41 DEBUG: Pod 703 returned. Robot 17 idle.   [idle robots = 1/40, released tasks = 34]
2026-07-13 16:24:41 DEBUG:    EVENT NUM 1077  current_time = 00:08:27   START_TASK            [queue size = 40]
2026-07-13 16:24:41 DEBUG: Task 119 started: robot 17 → pod 823 → workstation 4 for orders {28} (arrival = 532.6 s).   [idle robots = 0/40]
2026-07-13 16:24:41 DEBUG:    EVENT NUM 1078  current_time = 00:08:28   END_PICKING           [queue size = 40]
2026-07-13 16:24:41 DEBUG: Ended picking at workstation 2.    [picking_buffer len = {}]
2026-07-13 16:24:41 DEBUG: Task should have served orders {82}, found open orders {82}.
2026-07-13 16:24:41 DEBUG: Task 85 completed: pod 184 returning to storage.
2026-07-13 16:24:41 DEBUG:    EVENT NUM 1079  current_time = 00:08:28   CLOSE_ORDER           [queue size = 41]
2026-07-13 16:24:41 DEBUG: Order 82 closed at workstation 2: flow_time = 508.4 s.     [order_buffer = 0] [open_orders = 0/4]
2026-07-13 16:24:41 DEBUG:    EVENT NUM 1080  current_time = 00:08:28   ARRIVAL_POD_WST       [queue size = 40]
2026-07-13 16:24:41 DEBUG: Pod 335 arrived at workstation 4 - status = BUSY
2026-07-13 16:24:41 DEBUG: Pod queued at workstation.    [picking_buffer = {103: 504.2467711403885, 90: 508.6810026548924}]
2026-07-13 16:24:41 DEBUG:    EVENT NUM 1081  current_time = 00:08:30   ARRIVAL_ORDER         [queue size = 39]
2026-07-13 16:24:41 DEBUG: Order 201 arrived: items_required = [5541, 488, 11625].     [orders_in_system = 130]
2026-07-13 16:24:41 DEBUG:    EVENT NUM 1082  current_time = 00:08:30   RETURN_POD            [queue size = 39]
2026-07-13 16:24:41 DEBUG: Pod 855 returned. Robot 31 idle.   [idle robots = 1/40, released tasks = 33]
2026-07-13 16:24:41 DEBUG:    EVENT NUM 1083  current_time = 00:08:30   START_TASK            [queue size = 39]
2026-07-13 16:24:41 DEBUG: Task 120 started: robot 31 → pod 224 → workstation 4 for orders {70} (arrival = 584.3 s).   [idle robots = 0/40]
2026-07-13 16:24:41 DEBUG:    EVENT NUM 1084  current_time = 00:08:30   RETURN_POD            [queue size = 39]
2026-07-13 16:24:41 DEBUG: Pod 481 returned. Robot 19 idle.   [idle robots = 1/40, released tasks = 32]
2026-07-13 16:24:41 DEBUG:    EVENT NUM 1085  current_time = 00:08:30   START_TASK            [queue size = 39]
2026-07-13 16:24:41 DEBUG: Task 121 started: robot 19 → pod 537 → workstation 4 for orders {28} (arrival = 635.5 s).   [idle robots = 0/40]
2026-07-13 16:24:41 DEBUG:    EVENT NUM 1086  current_time = 00:08:32   RETURN_POD            [queue size = 39]
2026-07-13 16:24:41 DEBUG: Pod 843 returned. Robot 27 idle.   [idle robots = 1/40, released tasks = 31]
2026-07-13 16:24:41 DEBUG:    EVENT NUM 1087  current_time = 00:08:32   START_TASK            [queue size = 39]
2026-07-13 16:24:41 DEBUG: Task 123 started: robot 27 → pod 731 → workstation 6 for orders {83} (arrival = 569.4 s).   [idle robots = 0/40]
2026-07-13 16:24:41 DEBUG:    EVENT NUM 1088  current_time = 00:08:33   END_PICKING           [queue size = 39]
2026-07-13 16:24:41 DEBUG: Ended picking at workstation 6.    [picking_buffer len = {}]
2026-07-13 16:24:41 DEBUG: Task should have served orders {39}, found open orders {39, 40, 47, 55}.
2026-07-13 16:24:41 DEBUG: Task 109 completed: pod 741 returning to storage.
2026-07-13 16:24:41 DEBUG:    EVENT NUM 1089  current_time = 00:08:33   CLOSE_ORDER           [queue size = 40]
2026-07-13 16:24:41 DEBUG: Order 39 closed at workstation 6: flow_time = 513.1 s.     [order_buffer = 2] [open_orders = 3/4]
2026-07-13 16:24:41 DEBUG: Next order in buffer: 83
2026-07-13 16:24:41 DEBUG:    EVENT NUM 1090  current_time = 00:08:33   OPEN_ORDER            [queue size = 40]
2026-07-13 16:24:41 DEBUG: Order 83 (skus required = {8353, 10370}) opened at workstation 6.   [open_orders = 4/4]
2026-07-13 16:24:41 DEBUG:    EVENT NUM 1091  current_time = 00:08:33   START_TASK            [queue size = 40]
2026-07-13 16:24:41 DEBUG: Task 124 blocked: no idle robots.
2026-07-13 16:24:41 DEBUG:    EVENT NUM 1092  current_time = 00:08:33   END_PICKING           [queue size = 39]
2026-07-13 16:24:41 DEBUG: Ended picking at workstation 4.    [picking_buffer len = {103: 504.2467711403885, 90: 508.6810026548924}]
2026-07-13 16:24:41 DEBUG: Task should have served orders {13}, found open orders {70, 7, 13, 15}.
2026-07-13 16:24:41 DEBUG: Task 91 completed: pod 514 returning to storage.
2026-07-13 16:24:41 DEBUG:    EVENT NUM 1093  current_time = 00:08:33   CLOSE_ORDER           [queue size = 41]
2026-07-13 16:24:41 DEBUG: Order 13 closed at workstation 4: flow_time = 513.6 s.     [order_buffer = 1] [open_orders = 3/4]
2026-07-13 16:24:41 DEBUG: Next order in buffer: 28
2026-07-13 16:24:41 DEBUG:    EVENT NUM 1094  current_time = 00:08:33   START_PICKING         [queue size = 41]
2026-07-13 16:24:41 DEBUG: Processing task 103 at workstation 4: picking items {7583} for orders {15}
2026-07-13 16:24:41 DEBUG:    EVENT NUM 1095  current_time = 00:08:33   OPEN_ORDER            [queue size = 41]
2026-07-13 16:24:41 DEBUG: Order 28 (skus required = {3929, 7699, 461}) opened at workstation 4.   [open_orders = 4/4]
2026-07-13 16:24:41 DEBUG:    EVENT NUM 1096  current_time = 00:08:33   START_TASK            [queue size = 41]
2026-07-13 16:24:41 DEBUG: Task 124 blocked: no idle robots.
2026-07-13 16:24:41 DEBUG:    EVENT NUM 1097  current_time = 00:08:35   ARRIVAL_ORDER         [queue size = 40]
2026-07-13 16:24:41 DEBUG: Order 202 arrived: items_required = [7111].     [orders_in_system = 129]
2026-07-13 16:24:41 DEBUG:    EVENT NUM 1098  current_time = 00:08:40   ARRIVAL_ORDER         [queue size = 40]
2026-07-13 16:24:41 DEBUG: Order 203 arrived: items_required = [5557, 10927, 3220, 6155, 11064].     [orders_in_system = 130]
2026-07-13 16:24:41 DEBUG:    EVENT NUM 1099  current_time = 00:08:42   ARRIVAL_POD_WST       [queue size = 40]
2026-07-13 16:24:41 DEBUG: Pod 157 arrived at workstation 1 - status = IDLE
2026-07-13 16:24:41 DEBUG: Pod queued at workstation.    [picking_buffer = {98: 522.9453524424478}]
2026-07-13 16:24:41 DEBUG:    EVENT NUM 1100  current_time = 00:08:42   START_PICKING         [queue size = 40]
2026-07-13 16:24:41 DEBUG: Processing task 98 at workstation 1: picking items {2593} for orders {11}
2026-07-13 16:24:41 DEBUG:    EVENT NUM 1101  current_time = 00:08:43   RETURN_POD            [queue size = 40]
2026-07-13 16:24:41 DEBUG: Pod 791 returned. Robot 33 idle.   [idle robots = 1/40, released tasks = 30]
2026-07-13 16:24:41 DEBUG:    EVENT NUM 1102  current_time = 00:08:43   START_TASK            [queue size = 40]
2026-07-13 16:24:41 DEBUG: Task 124 started: robot 33 → pod 767 → workstation 6 for orders {83} (arrival = 547.6 s).   [idle robots = 0/40]
2026-07-13 16:24:41 DEBUG:    EVENT NUM 1103  current_time = 00:08:43   END_PICKING           [queue size = 40]
2026-07-13 16:24:41 DEBUG: Ended picking at workstation 4.    [picking_buffer len = {90: 508.6810026548924}]
2026-07-13 16:24:41 DEBUG: Task should have served orders {15}, found open orders {70, 7, 15, 28}.
2026-07-13 16:24:41 DEBUG: Task 103 completed: pod 471 returning to storage.
2026-07-13 16:24:41 DEBUG:    EVENT NUM 1104  current_time = 00:08:43   CLOSE_ORDER           [queue size = 42]
2026-07-13 16:24:41 DEBUG: Order 15 closed at workstation 4: flow_time = 523.6 s.     [order_buffer = 0] [open_orders = 3/4]
2026-07-13 16:24:41 DEBUG:    EVENT NUM 1105  current_time = 00:08:43   START_PICKING         [queue size = 41]
2026-07-13 16:24:41 DEBUG: Processing task 90 at workstation 4: picking items {4951} for orders {7}
2026-07-13 16:24:41 DEBUG:    EVENT NUM 1106  current_time = 00:08:45   ARRIVAL_ORDER         [queue size = 41]
2026-07-13 16:24:41 DEBUG: Order 204 arrived: items_required = [7722, 13496].     [orders_in_system = 130]
2026-07-13 16:24:41 DEBUG:    EVENT NUM 1107  current_time = 00:08:45   ARRIVAL_POD_WST       [queue size = 41]
2026-07-13 16:24:41 DEBUG: Pod 597 arrived at workstation 6 - status = IDLE
2026-07-13 16:24:41 DEBUG: Pod queued at workstation.    [picking_buffer = {106: 525.4672126874747}]
2026-07-13 16:24:41 DEBUG:    EVENT NUM 1108  current_time = 00:08:45   START_PICKING         [queue size = 41]
2026-07-13 16:24:41 DEBUG: Processing task 106 at workstation 6: picking items {868} for orders {55}
2026-07-13 16:24:41 DEBUG:    EVENT NUM 1109  current_time = 00:08:45   RETURN_POD            [queue size = 41]
2026-07-13 16:24:41 DEBUG: Pod 470 returned. Robot 38 idle.   [idle robots = 1/40, released tasks = 29]
2026-07-13 16:24:41 DEBUG:    EVENT NUM 1110  current_time = 00:08:45   START_TASK            [queue size = 41]
2026-07-13 16:24:41 DEBUG: Task 125 started: robot 38 → pod 717 → workstation 7 for orders {56} (arrival = 611.9 s).   [idle robots = 0/40]
2026-07-13 16:24:41 DEBUG:    EVENT NUM 1111  current_time = 00:08:49   RETURN_POD            [queue size = 41]
2026-07-13 16:24:41 DEBUG: Pod 361 returned. Robot 30 idle.   [idle robots = 1/40, released tasks = 28]
2026-07-13 16:24:41 DEBUG:    EVENT NUM 1112  current_time = 00:08:49   START_TASK            [queue size = 41]
2026-07-13 16:24:41 DEBUG: Task 126 started: robot 30 → pod 618 → workstation 8 for orders {80} (arrival = 571.9 s).   [idle robots = 0/40]
2026-07-13 16:24:41 DEBUG:    EVENT NUM 1113  current_time = 00:08:49   RETURN_POD            [queue size = 41]
2026-07-13 16:24:41 DEBUG: Pod 616 returned. Robot 39 idle.   [idle robots = 1/40, released tasks = 27]
2026-07-13 16:24:41 DEBUG:    EVENT NUM 1114  current_time = 00:08:49   START_TASK            [queue size = 41]
2026-07-13 16:24:41 DEBUG: Task 127 started: robot 39 → pod 644 → workstation 4 for orders {28} (arrival = 564.3 s).   [idle robots = 0/40]
2026-07-13 16:24:41 DEBUG:    EVENT NUM 1115  current_time = 00:08:50   ARRIVAL_ORDER         [queue size = 41]
2026-07-13 16:24:41 DEBUG: Order 205 arrived: items_required = [9681, 5283].     [orders_in_system = 131]
2026-07-13 16:24:41 DEBUG:    EVENT NUM 1116  current_time = 00:08:50   RETURN_POD            [queue size = 41]
2026-07-13 16:24:41 DEBUG: Pod 414 returned. Robot 12 idle.   [idle robots = 1/40, released tasks = 26]
2026-07-13 16:24:41 DEBUG:    EVENT NUM 1117  current_time = 00:08:50   START_TASK            [queue size = 41]
2026-07-13 16:24:41 DEBUG: Task 128 started: robot 12 → pod 809 → workstation 5 for orders {95} (arrival = 628.1 s).   [idle robots = 0/40]
2026-07-13 16:24:41 DEBUG:    EVENT NUM 1118  current_time = 00:08:51   ARRIVAL_POD_WST       [queue size = 41]
2026-07-13 16:24:41 DEBUG: Pod 181 arrived at workstation 3 - status = IDLE
2026-07-13 16:24:41 DEBUG: Pod queued at workstation.    [picking_buffer = {88: 531.312839784148}]
2026-07-13 16:24:41 DEBUG:    EVENT NUM 1119  current_time = 00:08:51   START_PICKING         [queue size = 41]
2026-07-13 16:24:41 DEBUG: Processing task 88 at workstation 3: picking items {7510} for orders {31}
2026-07-13 16:24:41 DEBUG:    EVENT NUM 1120  current_time = 00:08:52   ARRIVAL_POD_WST       [queue size = 41]
2026-07-13 16:24:41 DEBUG: Pod 823 arrived at workstation 4 - status = BUSY
2026-07-13 16:24:41 DEBUG: Pod queued at workstation.    [picking_buffer = {119: 532.5526284176918}]
2026-07-13 16:24:41 DEBUG:    EVENT NUM 1121  current_time = 00:08:52   END_PICKING           [queue size = 40]
2026-07-13 16:24:41 DEBUG: Ended picking at workstation 1.    [picking_buffer len = {}]
2026-07-13 16:24:41 DEBUG: Task should have served orders {11}, found open orders {11, 79}.
2026-07-13 16:24:41 DEBUG: Task 98 completed: pod 157 returning to storage.
2026-07-13 16:24:41 DEBUG:    EVENT NUM 1122  current_time = 00:08:53   END_PICKING           [queue size = 40]
2026-07-13 16:24:41 DEBUG: Ended picking at workstation 4.    [picking_buffer len = {119: 532.5526284176918}]
2026-07-13 16:24:41 DEBUG: Task should have served orders {7}, found open orders {70, 7, 28}.
2026-07-13 16:24:41 DEBUG: Task 90 completed: pod 335 returning to storage.
2026-07-13 16:24:41 DEBUG:    EVENT NUM 1123  current_time = 00:08:53   CLOSE_ORDER           [queue size = 42]
2026-07-13 16:24:41 DEBUG: Order 7 closed at workstation 4: flow_time = 533.6 s.     [order_buffer = 0] [open_orders = 2/4]
2026-07-13 16:24:41 DEBUG:    EVENT NUM 1124  current_time = 00:08:53   START_PICKING         [queue size = 41]
2026-07-13 16:24:41 DEBUG: Processing task 119 at workstation 4: picking items {7699} for orders {28}
2026-07-13 16:24:41 DEBUG:    EVENT NUM 1125  current_time = 00:08:55   ARRIVAL_ORDER         [queue size = 41]
2026-07-13 16:24:41 DEBUG: Order 206 arrived: items_required = [11404].     [orders_in_system = 131]
2026-07-13 16:24:41 DEBUG:    EVENT NUM 1126  current_time = 00:08:55   END_PICKING           [queue size = 41]
2026-07-13 16:24:41 DEBUG: Ended picking at workstation 6.    [picking_buffer len = {}]
2026-07-13 16:24:41 DEBUG: Task should have served orders {55}, found open orders {40, 47, 83, 55}.
2026-07-13 16:24:41 DEBUG: Task 106 completed: pod 597 returning to storage.
2026-07-13 16:24:41 DEBUG:    EVENT NUM 1127  current_time = 00:08:56   ARRIVAL_POD_WST       [queue size = 41]
2026-07-13 16:24:41 DEBUG: Pod 198 arrived at workstation 6 - status = IDLE
2026-07-13 16:24:41 DEBUG: Pod queued at workstation.    [picking_buffer = {108: 536.6121141216972}]
2026-07-13 16:24:41 DEBUG:    EVENT NUM 1128  current_time = 00:08:56   START_PICKING         [queue size = 41]
2026-07-13 16:24:41 DEBUG: Processing task 108 at workstation 6: picking items {2882} for orders {40}
2026-07-13 16:24:41 DEBUG:    EVENT NUM 1129  current_time = 00:08:57   RETURN_POD            [queue size = 41]
2026-07-13 16:24:41 DEBUG: Pod 183 returned. Robot 21 idle.   [idle robots = 1/40, released tasks = 25]
2026-07-13 16:24:41 DEBUG:    EVENT NUM 1130  current_time = 00:08:57   START_TASK            [queue size = 41]
2026-07-13 16:24:41 DEBUG: Task 129 started: robot 21 → pod 659 → workstation 8 for orders {80} (arrival = 651.2 s).   [idle robots = 0/40]
2026-07-13 16:24:41 DEBUG:    EVENT NUM 1131  current_time = 00:08:58   RETURN_POD            [queue size = 41]
2026-07-13 16:24:41 DEBUG: Pod 410 returned. Robot 36 idle.   [idle robots = 1/40, released tasks = 24]
2026-07-13 16:24:41 DEBUG:    EVENT NUM 1132  current_time = 00:08:58   START_TASK            [queue size = 41]
2026-07-13 16:24:41 DEBUG: Task 130 started: robot 36 → pod 686 → workstation 6 for orders {91} (arrival = 628.9 s).   [idle robots = 0/40]
2026-07-13 16:24:41 DEBUG:    EVENT NUM 1133  current_time = 00:08:59   RETURN_POD            [queue size = 41]
2026-07-13 16:24:41 DEBUG: Pod 232 returned. Robot 14 idle.   [idle robots = 1/40, released tasks = 23]
2026-07-13 16:24:41 DEBUG:    EVENT NUM 1134  current_time = 00:08:59   START_TASK            [queue size = 41]
2026-07-13 16:24:41 DEBUG: Task 131 started: robot 14 → pod 452 → workstation 5 for orders {95} (arrival = 680.6 s).   [idle robots = 0/40]
2026-07-13 16:24:41 DEBUG:    EVENT NUM 1135  current_time = 00:09:00   ARRIVAL_ORDER         [queue size = 41]
2026-07-13 16:24:41 DEBUG: Order 207 arrived: items_required = [891, 2016].     [orders_in_system = 132]
2026-07-13 16:24:41 DEBUG:    EVENT NUM 1136  current_time = 00:09:01   END_PICKING           [queue size = 41]
2026-07-13 16:24:41 DEBUG: Ended picking at workstation 3.    [picking_buffer len = {}]
2026-07-13 16:24:41 DEBUG: Task should have served orders {31}, found open orders {49, 19, 31}.
2026-07-13 16:24:41 DEBUG: Task 88 completed: pod 181 returning to storage.
2026-07-13 16:24:41 DEBUG:    EVENT NUM 1137  current_time = 00:09:01   CLOSE_ORDER           [queue size = 42]
2026-07-13 16:24:41 DEBUG: Order 31 closed at workstation 3: flow_time = 541.3 s.     [order_buffer = 0] [open_orders = 2/4]
2026-07-13 16:24:41 DEBUG:    EVENT NUM 1138  current_time = 00:09:01   RETURN_POD            [queue size = 41]
2026-07-13 16:24:41 DEBUG: Pod 742 returned. Robot 16 idle.   [idle robots = 1/40, released tasks = 22]
2026-07-13 16:24:41 DEBUG:    EVENT NUM 1139  current_time = 00:09:01   START_TASK            [queue size = 41]
2026-07-13 16:24:41 DEBUG: Task 133 started: robot 16 → pod 520 → workstation 6 for orders {91} (arrival = 627.0 s).   [idle robots = 0/40]
2026-07-13 16:24:41 DEBUG:    EVENT NUM 1140  current_time = 00:09:02   RETURN_POD            [queue size = 41]
2026-07-13 16:24:41 DEBUG: Pod 559 returned. Robot 0 idle.   [idle robots = 1/40, released tasks = 21]
2026-07-13 16:24:41 DEBUG:    EVENT NUM 1141  current_time = 00:09:02   START_TASK            [queue size = 41]
2026-07-13 16:24:41 DEBUG: Task 134 started: robot 0 → pod 769 → workstation 7 for orders {18} (arrival = 574.0 s).   [idle robots = 0/40]
2026-07-13 16:24:41 DEBUG:    EVENT NUM 1142  current_time = 00:09:03   RETURN_POD            [queue size = 41]
2026-07-13 16:24:41 DEBUG: Pod 39 returned. Robot 2 idle.   [idle robots = 1/40, released tasks = 20]
2026-07-13 16:24:41 DEBUG:    EVENT NUM 1143  current_time = 00:09:03   START_TASK            [queue size = 41]
2026-07-13 16:24:41 DEBUG: Task 136 started: robot 2 → pod 372 → workstation 8 for orders {4} (arrival = 654.5 s).   [idle robots = 0/40]
2026-07-13 16:24:41 DEBUG:    EVENT NUM 1144  current_time = 00:09:03   ARRIVAL_POD_WST       [queue size = 41]
2026-07-13 16:24:41 DEBUG: Pod 72 arrived at workstation 3 - status = IDLE
2026-07-13 16:24:41 DEBUG: Pod queued at workstation.    [picking_buffer = {110: 543.417928817313}]
2026-07-13 16:24:41 DEBUG:    EVENT NUM 1145  current_time = 00:09:03   START_PICKING         [queue size = 41]
2026-07-13 16:24:41 DEBUG: Processing task 110 at workstation 3: picking items {8525} for orders {19}
2026-07-13 16:24:41 DEBUG:    EVENT NUM 1146  current_time = 00:09:03   END_PICKING           [queue size = 41]
2026-07-13 16:24:41 DEBUG: Ended picking at workstation 4.    [picking_buffer len = {}]
2026-07-13 16:24:41 DEBUG: Task should have served orders {28}, found open orders {70, 28}.
2026-07-13 16:24:41 DEBUG: Task 119 completed: pod 823 returning to storage.
2026-07-13 16:24:41 DEBUG:    EVENT NUM 1147  current_time = 00:09:03   RETURN_POD            [queue size = 41]
2026-07-13 16:24:41 DEBUG: Pod 748 returned. Robot 18 idle.   [idle robots = 1/40, released tasks = 19]
2026-07-13 16:24:41 DEBUG:    EVENT NUM 1148  current_time = 00:09:03   START_TASK            [queue size = 41]
2026-07-13 16:24:41 DEBUG: Task 137 started: robot 18 → pod 611 → workstation 5 for orders {95} (arrival = 609.5 s).   [idle robots = 0/40]
2026-07-13 16:24:41 DEBUG:    EVENT NUM 1149  current_time = 00:09:03   ARRIVAL_POD_WST       [queue size = 41]
2026-07-13 16:24:41 DEBUG: Pod 397 arrived at workstation 3 - status = BUSY
2026-07-13 16:24:41 DEBUG: Pod queued at workstation.    [picking_buffer = {107: 543.7760729771045}]
2026-07-13 16:24:41 DEBUG:    EVENT NUM 1150  current_time = 00:09:05   ARRIVAL_ORDER         [queue size = 40]
2026-07-13 16:24:41 DEBUG: Order 208 arrived: items_required = [12664].     [orders_in_system = 132]
2026-07-13 16:24:41 DEBUG:    EVENT NUM 1151  current_time = 00:09:06   ARRIVAL_POD_WST       [queue size = 40]
2026-07-13 16:24:41 DEBUG: Pod 219 arrived at workstation 6 - status = BUSY
2026-07-13 16:24:41 DEBUG: Pod queued at workstation.    [picking_buffer = {105: 546.0097329487909}]
2026-07-13 16:24:41 DEBUG:    EVENT NUM 1152  current_time = 00:09:06   END_PICKING           [queue size = 39]
2026-07-13 16:24:41 DEBUG: Ended picking at workstation 6.    [picking_buffer len = {105: 546.0097329487909}]
2026-07-13 16:24:41 DEBUG: Task should have served orders {40}, found open orders {40, 47, 83, 55}.
2026-07-13 16:24:41 DEBUG: Task 108 completed: pod 198 returning to storage.
2026-07-13 16:24:41 DEBUG:    EVENT NUM 1153  current_time = 00:09:06   START_PICKING         [queue size = 40]
2026-07-13 16:24:41 DEBUG: Processing task 105 at workstation 6: picking items {2920} for orders {40}
2026-07-13 16:24:41 DEBUG:    EVENT NUM 1154  current_time = 00:09:07   ARRIVAL_POD_WST       [queue size = 40]
2026-07-13 16:24:41 DEBUG: Pod 767 arrived at workstation 6 - status = BUSY
2026-07-13 16:24:41 DEBUG: Pod queued at workstation.    [picking_buffer = {124: 547.6303764392301}]
2026-07-13 16:24:41 DEBUG:    EVENT NUM 1155  current_time = 00:09:10   ARRIVAL_ORDER         [queue size = 39]
2026-07-13 16:24:41 DEBUG: Order 209 arrived: items_required = [6170].     [orders_in_system = 133]
2026-07-13 16:24:41 DEBUG:    EVENT NUM 1156  current_time = 00:09:11   ARRIVAL_POD_WST       [queue size = 39]
2026-07-13 16:24:41 DEBUG: Pod 867 arrived at workstation 7 - status = IDLE
2026-07-13 16:24:41 DEBUG: Pod queued at workstation.    [picking_buffer = {112: 551.7317873986145}]
2026-07-13 16:24:41 DEBUG:    EVENT NUM 1157  current_time = 00:09:11   START_PICKING         [queue size = 39]
2026-07-13 16:24:41 DEBUG: Processing task 112 at workstation 7: picking items {2760} for orders {24}
2026-07-13 16:24:41 DEBUG:    EVENT NUM 1158  current_time = 00:09:12   ARRIVAL_POD_WST       [queue size = 39]
2026-07-13 16:24:41 DEBUG: Pod 148 arrived at workstation 1 - status = IDLE
2026-07-13 16:24:41 DEBUG: Pod queued at workstation.    [picking_buffer = {86: 552.1109358790013}]
2026-07-13 16:24:41 DEBUG:    EVENT NUM 1159  current_time = 00:09:12   START_PICKING         [queue size = 39]
2026-07-13 16:24:41 DEBUG: Processing task 86 at workstation 1: picking items {2780} for orders {79}
2026-07-13 16:24:41 DEBUG:    EVENT NUM 1160  current_time = 00:09:12   ARRIVAL_POD_WST       [queue size = 39]
2026-07-13 16:24:41 DEBUG: Pod 761 arrived at workstation 6 - status = BUSY
2026-07-13 16:24:41 DEBUG: Pod queued at workstation.    [picking_buffer = {124: 547.6303764392301, 115: 552.3166696448827}]
2026-07-13 16:24:41 DEBUG:    EVENT NUM 1161  current_time = 00:09:13   END_PICKING           [queue size = 38]
2026-07-13 16:24:41 DEBUG: Ended picking at workstation 3.    [picking_buffer len = {107: 543.7760729771045}]
2026-07-13 16:24:41 DEBUG: Task should have served orders {19}, found open orders {49, 19}.
2026-07-13 16:24:41 DEBUG: Task 110 completed: pod 72 returning to storage.
2026-07-13 16:24:41 DEBUG:    EVENT NUM 1162  current_time = 00:09:13   START_PICKING         [queue size = 39]
2026-07-13 16:24:41 DEBUG: Processing task 107 at workstation 3: picking items {7180} for orders {19}
2026-07-13 16:24:41 DEBUG:    EVENT NUM 1163  current_time = 00:09:15   ARRIVAL_ORDER         [queue size = 39]
2026-07-13 16:24:41 DEBUG: Order 210 arrived: items_required = [4301, 7131].     [orders_in_system = 134]
2026-07-13 16:24:41 DEBUG:    EVENT NUM 1164  current_time = 00:09:16   END_PICKING           [queue size = 39]
2026-07-13 16:24:41 DEBUG: Ended picking at workstation 6.    [picking_buffer len = {124: 547.6303764392301, 115: 552.3166696448827}]
2026-07-13 16:24:41 DEBUG: Task should have served orders {40}, found open orders {40, 47, 83, 55}.
2026-07-13 16:24:41 DEBUG: Task 105 completed: pod 219 returning to storage.
2026-07-13 16:24:41 DEBUG:    EVENT NUM 1165  current_time = 00:09:16   CLOSE_ORDER           [queue size = 41]
2026-07-13 16:24:41 DEBUG: Order 40 closed at workstation 6: flow_time = 556.6 s.     [order_buffer = 1] [open_orders = 3/4]
2026-07-13 16:24:41 DEBUG: Next order in buffer: 91
2026-07-13 16:24:41 DEBUG:    EVENT NUM 1166  current_time = 00:09:16   START_PICKING         [queue size = 41]
2026-07-13 16:24:41 DEBUG: Processing task 124 at workstation 6: picking items {8353} for orders {83}
2026-07-13 16:24:41 DEBUG:    EVENT NUM 1167  current_time = 00:09:16   OPEN_ORDER            [queue size = 41]
2026-07-13 16:24:41 DEBUG: Order 91 (skus required = {8635, 6517, 3750}) opened at workstation 6.   [open_orders = 4/4]
2026-07-13 16:24:41 DEBUG:    EVENT NUM 1168  current_time = 00:09:16   START_TASK            [queue size = 41]
2026-07-13 16:24:41 DEBUG: Task 138 blocked: no idle robots.
2026-07-13 16:24:41 DEBUG:    EVENT NUM 1169  current_time = 00:09:20   ARRIVAL_ORDER         [queue size = 40]
2026-07-13 16:24:41 DEBUG: Order 211 arrived: items_required = [4657].     [orders_in_system = 134]
2026-07-13 16:24:41 DEBUG:    EVENT NUM 1170  current_time = 00:09:21   END_PICKING           [queue size = 40]
2026-07-13 16:24:41 DEBUG: Ended picking at workstation 7.    [picking_buffer len = {}]
2026-07-13 16:24:41 DEBUG: Task should have served orders {24}, found open orders {10, 18, 24, 56}.
2026-07-13 16:24:41 DEBUG: Task 112 heading to workstation 7.
2026-07-13 16:24:41 DEBUG:    EVENT NUM 1171  current_time = 00:09:21   CLOSE_ORDER           [queue size = 41]
2026-07-13 16:24:41 DEBUG: Order 24 closed at workstation 7: flow_time = 561.7 s.     [order_buffer = 2] [open_orders = 3/4]
2026-07-13 16:24:41 DEBUG: Next order in buffer: 27
2026-07-13 16:24:41 DEBUG:    EVENT NUM 1172  current_time = 00:09:21   ARRIVAL_POD_WST       [queue size = 41]
2026-07-13 16:24:41 DEBUG: Pod 867 arrived at workstation 7 - status = IDLE
2026-07-13 16:24:41 DEBUG: Pod queued at workstation.    [picking_buffer = {112: 561.7317873986145}]
2026-07-13 16:24:41 DEBUG:    EVENT NUM 1173  current_time = 00:09:21   OPEN_ORDER            [queue size = 41]
2026-07-13 16:24:41 DEBUG: Order 27 (skus required = {6720, 10034}) opened at workstation 7.   [open_orders = 4/4]
2026-07-13 16:24:41 DEBUG:    EVENT NUM 1174  current_time = 00:09:21   START_PICKING         [queue size = 42]
2026-07-13 16:24:41 DEBUG: Processing task 112 at workstation 7: picking items {12501} for orders {56}
2026-07-13 16:24:41 DEBUG:    EVENT NUM 1175  current_time = 00:09:21   START_TASK            [queue size = 42]
2026-07-13 16:24:41 DEBUG: Task 138 blocked: no idle robots.
2026-07-13 16:24:41 DEBUG:    EVENT NUM 1176  current_time = 00:09:21   START_PICKING         [queue size = 41]
2026-07-13 16:24:41 DEBUG:    EVENT NUM 1177  current_time = 00:09:22   END_PICKING           [queue size = 40]
2026-07-13 16:24:41 DEBUG: Ended picking at workstation 1.    [picking_buffer len = {}]
2026-07-13 16:24:41 DEBUG: Task should have served orders {79}, found open orders {11, 79}.
2026-07-13 16:24:41 DEBUG: Task 86 completed: pod 148 returning to storage.
2026-07-13 16:24:41 DEBUG:    EVENT NUM 1178  current_time = 00:09:22   CLOSE_ORDER           [queue size = 41]
2026-07-13 16:24:41 DEBUG: Order 79 closed at workstation 1: flow_time = 562.1 s.     [order_buffer = 0] [open_orders = 1/4]
2026-07-13 16:24:41 DEBUG:    EVENT NUM 1179  current_time = 00:09:23   END_PICKING           [queue size = 40]
2026-07-13 16:24:41 DEBUG: Ended picking at workstation 3.    [picking_buffer len = {}]
2026-07-13 16:24:41 DEBUG: Task should have served orders {19}, found open orders {49, 19}.
2026-07-13 16:24:41 DEBUG: Task 107 completed: pod 397 returning to storage.
2026-07-13 16:24:41 DEBUG:    EVENT NUM 1180  current_time = 00:09:23   CLOSE_ORDER           [queue size = 41]
2026-07-13 16:24:41 DEBUG: Order 19 closed at workstation 3: flow_time = 563.4 s.     [order_buffer = 0] [open_orders = 1/4]
2026-07-13 16:24:41 DEBUG:    EVENT NUM 1181  current_time = 00:09:24   ARRIVAL_POD_WST       [queue size = 40]
2026-07-13 16:24:41 DEBUG: Pod 644 arrived at workstation 4 - status = IDLE
2026-07-13 16:24:41 DEBUG: Pod queued at workstation.    [picking_buffer = {127: 564.2589392358352}]
2026-07-13 16:24:41 DEBUG:    EVENT NUM 1182  current_time = 00:09:24   START_PICKING         [queue size = 40]
2026-07-13 16:24:41 DEBUG: Processing task 127 at workstation 4: picking items {3929} for orders {28}
2026-07-13 16:24:41 DEBUG:    EVENT NUM 1183  current_time = 00:09:25   ARRIVAL_ORDER         [queue size = 40]
2026-07-13 16:24:41 DEBUG: Order 212 arrived: items_required = [8734].     [orders_in_system = 132]
2026-07-13 16:24:41 DEBUG:    EVENT NUM 1184  current_time = 00:09:26   END_PICKING           [queue size = 40]
2026-07-13 16:24:41 DEBUG: Ended picking at workstation 6.    [picking_buffer len = {115: 552.3166696448827}]
2026-07-13 16:24:41 DEBUG: Task should have served orders {83}, found open orders {47, 83, 55, 91}.
2026-07-13 16:24:41 DEBUG: Task 124 completed: pod 767 returning to storage.
2026-07-13 16:24:41 DEBUG:    EVENT NUM 1185  current_time = 00:09:26   START_PICKING         [queue size = 41]
2026-07-13 16:24:41 DEBUG: Processing task 115 at workstation 6: picking items {10302} for orders {55}
2026-07-13 16:24:41 DEBUG:    EVENT NUM 1186  current_time = 00:09:29   ARRIVAL_POD_WST       [queue size = 41]
2026-07-13 16:24:41 DEBUG: Pod 731 arrived at workstation 6 - status = BUSY
2026-07-13 16:24:41 DEBUG: Pod queued at workstation.    [picking_buffer = {123: 569.350453725408}]
2026-07-13 16:24:41 DEBUG:    EVENT NUM 1187  current_time = 00:09:29   RETURN_POD            [queue size = 40]
2026-07-13 16:24:41 DEBUG: Pod 741 returned. Robot 10 idle.   [idle robots = 1/40, released tasks = 18]
2026-07-13 16:24:41 DEBUG:    EVENT NUM 1188  current_time = 00:09:29   START_TASK            [queue size = 40]
2026-07-13 16:24:41 DEBUG: Task 138 started: robot 10 → pod 395 → workstation 7 for orders {10, 18} (arrival = 702.6 s).   [idle robots = 0/40]
2026-07-13 16:24:41 DEBUG:    EVENT NUM 1189  current_time = 00:09:29   RETURN_POD            [queue size = 40]
2026-07-13 16:24:41 DEBUG: Pod 823 returned. Robot 17 idle.   [idle robots = 1/40, released tasks = 17]
2026-07-13 16:24:41 DEBUG:    EVENT NUM 1190  current_time = 00:09:29   START_TASK            [queue size = 40]
2026-07-13 16:24:41 DEBUG: Task 139 started: robot 17 → pod 355 → workstation 7 for orders {10} (arrival = 679.6 s).   [idle robots = 0/40]
2026-07-13 16:24:41 DEBUG:    EVENT NUM 1191  current_time = 00:09:30   ARRIVAL_ORDER         [queue size = 40]
2026-07-13 16:24:41 DEBUG: Order 213 arrived: items_required = [1739, 7576].     [orders_in_system = 133]
2026-07-13 16:24:41 DEBUG:    EVENT NUM 1192  current_time = 00:09:30   RETURN_POD            [queue size = 40]
2026-07-13 16:24:41 DEBUG: Pod 468 returned. Robot 7 idle.   [idle robots = 1/40, released tasks = 16]
2026-07-13 16:24:41 DEBUG:    EVENT NUM 1193  current_time = 00:09:30   START_TASK            [queue size = 40]
2026-07-13 16:24:41 DEBUG: Task 140 started: robot 7 → pod 26 → workstation 8 for orders {92} (arrival = 721.5 s).   [idle robots = 0/40]
2026-07-13 16:24:41 DEBUG:    EVENT NUM 1194  current_time = 00:09:31   END_PICKING           [queue size = 40]
2026-07-13 16:24:41 DEBUG: Ended picking at workstation 7.    [picking_buffer len = {}]
2026-07-13 16:24:41 DEBUG: Task should have served orders {56}, found open orders {10, 18, 56, 27}.
2026-07-13 16:24:41 DEBUG: Task 112 completed: pod 867 returning to storage.
2026-07-13 16:24:41 DEBUG:    EVENT NUM 1195  current_time = 00:09:31   ARRIVAL_POD_WST       [queue size = 40]
2026-07-13 16:24:41 DEBUG: Pod 618 arrived at workstation 8 - status = IDLE
2026-07-13 16:24:41 DEBUG: Pod queued at workstation.    [picking_buffer = {126: 571.8915091389496}]
2026-07-13 16:24:41 DEBUG:    EVENT NUM 1196  current_time = 00:09:31   START_PICKING         [queue size = 40]
2026-07-13 16:24:41 DEBUG: Processing task 126 at workstation 8: picking items {8331} for orders {80}
2026-07-13 16:24:41 DEBUG:    EVENT NUM 1197  current_time = 00:09:34   ARRIVAL_POD_WST       [queue size = 40]
2026-07-13 16:24:41 DEBUG: Pod 769 arrived at workstation 7 - status = IDLE
2026-07-13 16:24:41 DEBUG: Pod queued at workstation.    [picking_buffer = {134: 574.0044198470164}]
2026-07-13 16:24:41 DEBUG:    EVENT NUM 1198  current_time = 00:09:34   START_PICKING         [queue size = 40]
2026-07-13 16:24:41 DEBUG: Processing task 134 at workstation 7: picking items {8462} for orders {18}
2026-07-13 16:24:41 DEBUG:    EVENT NUM 1199  current_time = 00:09:34   END_PICKING           [queue size = 40]
2026-07-13 16:24:41 DEBUG: Ended picking at workstation 4.    [picking_buffer len = {}]
2026-07-13 16:24:41 DEBUG: Task should have served orders {28}, found open orders {70, 28}.
2026-07-13 16:24:41 DEBUG: Task 127 completed: pod 644 returning to storage.
2026-07-13 16:24:41 DEBUG:    EVENT NUM 1200  current_time = 00:09:35   ARRIVAL_ORDER         [queue size = 40]
2026-07-13 16:24:41 DEBUG: Order 214 arrived: items_required = [3786, 1477, 8486].     [orders_in_system = 134]
2026-07-13 16:24:41 DEBUG:    EVENT NUM 1201  current_time = 00:09:35   RETURN_POD            [queue size = 40]
2026-07-13 16:24:41 DEBUG: Pod 415 returned. Robot 5 idle.   [idle robots = 1/40, released tasks = 15]
2026-07-13 16:24:41 DEBUG:    EVENT NUM 1202  current_time = 00:09:35   START_TASK            [queue size = 40]
2026-07-13 16:24:41 DEBUG: Task 141 started: robot 5 → pod 326 → workstation 7 for orders {27} (arrival = 703.6 s).   [idle robots = 0/40]
2026-07-13 16:24:41 DEBUG:    EVENT NUM 1203  current_time = 00:09:36   END_PICKING           [queue size = 40]
2026-07-13 16:24:41 DEBUG: Ended picking at workstation 6.    [picking_buffer len = {123: 569.350453725408}]
2026-07-13 16:24:41 DEBUG: Task should have served orders {55}, found open orders {47, 83, 55, 91}.
2026-07-13 16:24:41 DEBUG: Task 115 completed: pod 761 returning to storage.
2026-07-13 16:24:41 DEBUG:    EVENT NUM 1204  current_time = 00:09:36   CLOSE_ORDER           [queue size = 42]
2026-07-13 16:24:41 DEBUG: Order 55 closed at workstation 6: flow_time = 576.6 s.     [order_buffer = 0] [open_orders = 3/4]
2026-07-13 16:24:41 DEBUG:    EVENT NUM 1205  current_time = 00:09:36   START_PICKING         [queue size = 41]
2026-07-13 16:24:41 DEBUG: Processing task 123 at workstation 6: picking items {10370} for orders {83}
2026-07-13 16:24:41 DEBUG:    EVENT NUM 1206  current_time = 00:09:40   ARRIVAL_ORDER         [queue size = 41]
2026-07-13 16:24:41 DEBUG: Order 215 arrived: items_required = [5191, 2172, 9174, 11455, 8292].     [orders_in_system = 134]
2026-07-13 16:24:41 DEBUG:    EVENT NUM 1207  current_time = 00:09:41   RETURN_POD            [queue size = 41]
2026-07-13 16:24:41 DEBUG: Pod 521 returned. Robot 25 idle.   [idle robots = 1/40, released tasks = 14]
2026-07-13 16:24:41 DEBUG:    EVENT NUM 1208  current_time = 00:09:41   START_TASK            [queue size = 41]
2026-07-13 16:24:41 DEBUG: Task 142 started: robot 25 → pod 886 → workstation 7 for orders {18} (arrival = 597.1 s).   [idle robots = 0/40]
2026-07-13 16:24:41 DEBUG:    EVENT NUM 1209  current_time = 00:09:41   END_PICKING           [queue size = 41]
2026-07-13 16:24:41 DEBUG: Ended picking at workstation 8.    [picking_buffer len = {}]
2026-07-13 16:24:41 DEBUG: Task should have served orders {80}, found open orders {0, 4, 80, 92}.
2026-07-13 16:24:41 DEBUG: Task 126 completed: pod 618 returning to storage.
2026-07-13 16:24:41 DEBUG:    EVENT NUM 1210  current_time = 00:09:44   END_PICKING           [queue size = 41]
2026-07-13 16:24:41 DEBUG: Ended picking at workstation 7.    [picking_buffer len = {}]
2026-07-13 16:24:41 DEBUG: Task should have served orders {18}, found open orders {10, 18, 56, 27}.
2026-07-13 16:24:41 DEBUG: Task 134 completed: pod 769 returning to storage.
2026-07-13 16:24:41 DEBUG:    EVENT NUM 1211  current_time = 00:09:44   ARRIVAL_POD_WST       [queue size = 41]
2026-07-13 16:24:41 DEBUG: Pod 224 arrived at workstation 4 - status = IDLE
2026-07-13 16:24:41 DEBUG: Pod queued at workstation.    [picking_buffer = {120: 584.2990158549832}]
2026-07-13 16:24:41 DEBUG:    EVENT NUM 1212  current_time = 00:09:44   START_PICKING         [queue size = 41]
2026-07-13 16:24:41 DEBUG: Processing task 120 at workstation 4: picking items {3218} for orders {70}
2026-07-13 16:24:41 DEBUG:    EVENT NUM 1213  current_time = 00:09:45   ARRIVAL_ORDER         [queue size = 41]
2026-07-13 16:24:41 DEBUG: Order 216 arrived: items_required = [8974, 7140].     [orders_in_system = 135]
2026-07-13 16:24:41 DEBUG:    EVENT NUM 1214  current_time = 00:09:45   ARRIVAL_POD_WST       [queue size = 41]
2026-07-13 16:24:41 DEBUG: Pod 814 arrived at workstation 4 - status = BUSY
2026-07-13 16:24:41 DEBUG: Pod queued at workstation.    [picking_buffer = {118: 585.3356215767216}]
2026-07-13 16:24:41 DEBUG:    EVENT NUM 1215  current_time = 00:09:46   RETURN_POD            [queue size = 40]
2026-07-13 16:24:41 DEBUG: Pod 164 returned. Robot 20 idle.   [idle robots = 1/40, released tasks = 13]
2026-07-13 16:24:41 DEBUG:    EVENT NUM 1216  current_time = 00:09:46   START_TASK            [queue size = 40]
2026-07-13 16:24:41 DEBUG: Task 143 started: robot 20 → pod 227 → workstation 7 for orders {27} (arrival = 665.4 s).   [idle robots = 0/40]
2026-07-13 16:24:41 DEBUG:    EVENT NUM 1217  current_time = 00:09:46   END_PICKING           [queue size = 40]
2026-07-13 16:24:41 DEBUG: Ended picking at workstation 6.    [picking_buffer len = {}]
2026-07-13 16:24:41 DEBUG: Task should have served orders {83}, found open orders {47, 83, 91}.
2026-07-13 16:24:41 DEBUG: Task 123 completed: pod 731 returning to storage.
2026-07-13 16:24:41 DEBUG:    EVENT NUM 1218  current_time = 00:09:46   CLOSE_ORDER           [queue size = 41]
2026-07-13 16:24:41 DEBUG: Order 83 closed at workstation 6: flow_time = 586.6 s.     [order_buffer = 0] [open_orders = 2/4]
2026-07-13 16:24:41 DEBUG:    EVENT NUM 1219  current_time = 00:09:50   ARRIVAL_ORDER         [queue size = 40]
2026-07-13 16:24:41 DEBUG: Order 217 arrived: items_required = [8135].     [orders_in_system = 135]
2026-07-13 16:24:41 DEBUG:    EVENT NUM 1220  current_time = 00:09:51   RETURN_POD            [queue size = 40]
2026-07-13 16:24:41 DEBUG: Pod 767 returned. Robot 33 idle.   [idle robots = 1/40, released tasks = 12]
2026-07-13 16:24:41 DEBUG:    EVENT NUM 1221  current_time = 00:09:51   START_TASK            [queue size = 40]
2026-07-13 16:24:41 DEBUG: Task 144 started: robot 33 → pod 83 → workstation 8 for orders {92} (arrival = 722.8 s).   [idle robots = 0/40]
2026-07-13 16:24:41 DEBUG:    EVENT NUM 1222  current_time = 00:09:54   END_PICKING           [queue size = 40]
2026-07-13 16:24:41 DEBUG: Ended picking at workstation 4.    [picking_buffer len = {118: 585.3356215767216}]
2026-07-13 16:24:41 DEBUG: Task should have served orders {70}, found open orders {70, 28}.
2026-07-13 16:24:41 DEBUG: Task 120 completed: pod 224 returning to storage.
2026-07-13 16:24:41 DEBUG:    EVENT NUM 1223  current_time = 00:09:54   START_PICKING         [queue size = 41]
2026-07-13 16:24:41 DEBUG: Processing task 118 at workstation 4: picking items {11495} for orders {70}
2026-07-13 16:24:41 DEBUG:    EVENT NUM 1224  current_time = 00:09:55   ARRIVAL_ORDER         [queue size = 41]
2026-07-13 16:24:41 DEBUG: Order 218 arrived: items_required = [6458].     [orders_in_system = 136]
2026-07-13 16:24:41 DEBUG:    EVENT NUM 1225  current_time = 00:09:57   ARRIVAL_POD_WST       [queue size = 41]
2026-07-13 16:24:41 DEBUG: Pod 886 arrived at workstation 7 - status = IDLE
2026-07-13 16:24:41 DEBUG: Pod queued at workstation.    [picking_buffer = {142: 597.1149744548327}]
2026-07-13 16:24:41 DEBUG:    EVENT NUM 1226  current_time = 00:09:57   START_PICKING         [queue size = 41]
2026-07-13 16:24:41 DEBUG: Processing task 142 at workstation 7: picking items {4225} for orders {18}
2026-07-13 16:24:41 DEBUG:    EVENT NUM 1227  current_time = 00:10:00   ARRIVAL_ORDER         [queue size = 41]
2026-07-13 16:24:41 DEBUG: Order 219 arrived: items_required = [11079].     [orders_in_system = 137]
2026-07-13 16:24:41 DEBUG:    EVENT NUM 1228  current_time = 00:10:04   END_PICKING           [queue size = 41]
2026-07-13 16:24:41 DEBUG: Ended picking at workstation 4.    [picking_buffer len = {}]
2026-07-13 16:24:41 DEBUG: Task should have served orders {70}, found open orders {70, 28}.
2026-07-13 16:24:41 DEBUG: Task 118 completed: pod 814 returning to storage.
2026-07-13 16:24:41 DEBUG:    EVENT NUM 1229  current_time = 00:10:04   CLOSE_ORDER           [queue size = 42]
2026-07-13 16:24:41 DEBUG: Order 70 closed at workstation 4: flow_time = 604.3 s.     [order_buffer = 0] [open_orders = 1/4]
2026-07-13 16:24:41 DEBUG:    EVENT NUM 1230  current_time = 00:10:05   ARRIVAL_ORDER         [queue size = 41]
2026-07-13 16:24:41 DEBUG: Order 220 arrived: items_required = [8076, 3053].     [orders_in_system = 137]
2026-07-13 16:24:41 DEBUG:    EVENT NUM 1231  current_time = 00:10:07   END_PICKING           [queue size = 41]
2026-07-13 16:24:41 DEBUG: Ended picking at workstation 7.    [picking_buffer len = {}]
2026-07-13 16:24:41 DEBUG: Task should have served orders {18}, found open orders {10, 18, 56, 27}.
2026-07-13 16:24:41 DEBUG: Task 142 completed: pod 886 returning to storage.
2026-07-13 16:24:41 DEBUG:    EVENT NUM 1232  current_time = 00:10:07   RETURN_POD            [queue size = 41]
2026-07-13 16:24:41 DEBUG: Pod 644 returned. Robot 39 idle.   [idle robots = 1/40, released tasks = 11]
2026-07-13 16:24:41 DEBUG:    EVENT NUM 1233  current_time = 00:10:07   START_TASK            [queue size = 41]
2026-07-13 16:24:41 DEBUG: Task 145 started: robot 39 → pod 115 → workstation 8 for orders {0} (arrival = 750.2 s).   [idle robots = 0/40]
2026-07-13 16:24:41 DEBUG:    EVENT NUM 1234  current_time = 00:10:09   ARRIVAL_POD_WST       [queue size = 41]
2026-07-13 16:24:41 DEBUG: Pod 611 arrived at workstation 5 - status = IDLE
2026-07-13 16:24:41 DEBUG: Pod queued at workstation.    [picking_buffer = {137: 609.5049110304182}]
2026-07-13 16:24:41 DEBUG:    EVENT NUM 1235  current_time = 00:10:09   START_PICKING         [queue size = 41]
2026-07-13 16:24:41 DEBUG: Processing task 137 at workstation 5: picking items {7706} for orders {95}
2026-07-13 16:24:41 DEBUG:    EVENT NUM 1236  current_time = 00:10:10   ARRIVAL_ORDER         [queue size = 41]
2026-07-13 16:24:41 DEBUG: Order 221 arrived: items_required = [5317].     [orders_in_system = 138]
2026-07-13 16:24:41 DEBUG:    EVENT NUM 1237  current_time = 00:10:11   ARRIVAL_POD_WST       [queue size = 41]
2026-07-13 16:24:41 DEBUG: Pod 717 arrived at workstation 7 - status = IDLE
2026-07-13 16:24:41 DEBUG: Pod queued at workstation.    [picking_buffer = {125: 611.8512406392705}]
2026-07-13 16:24:41 DEBUG:    EVENT NUM 1238  current_time = 00:10:11   START_PICKING         [queue size = 41]
2026-07-13 16:24:41 DEBUG: Processing task 125 at workstation 7: picking items {9687} for orders {56}
2026-07-13 16:24:41 DEBUG:    EVENT NUM 1239  current_time = 00:10:15   ARRIVAL_ORDER         [queue size = 41]
2026-07-13 16:24:41 DEBUG: Order 222 arrived: items_required = [3719, 4731, 3413].     [orders_in_system = 139]
2026-07-13 16:24:41 DEBUG:    EVENT NUM 1240  current_time = 00:10:15   RETURN_POD            [queue size = 41]
2026-07-13 16:24:41 DEBUG: Pod 471 returned. Robot 34 idle.   [idle robots = 1/40, released tasks = 10]
2026-07-13 16:24:41 DEBUG:    EVENT NUM 1241  current_time = 00:10:15   START_TASK            [queue size = 41]
2026-07-13 16:24:41 DEBUG: Task 146 started: robot 34 → pod 805 → workstation 8 for orders {0} (arrival = 678.5 s).   [idle robots = 0/40]
2026-07-13 16:24:41 DEBUG:    EVENT NUM 1242  current_time = 00:10:16   RETURN_POD            [queue size = 41]
2026-07-13 16:24:41 DEBUG: Pod 769 returned. Robot 0 idle.   [idle robots = 1/40, released tasks = 9]
2026-07-13 16:24:41 DEBUG:    EVENT NUM 1243  current_time = 00:10:16   START_TASK            [queue size = 41]
2026-07-13 16:24:41 DEBUG: Task 147 started: robot 0 → pod 233 → workstation 7 for orders {21} (arrival = 725.8 s).   [idle robots = 0/40]
2026-07-13 16:24:41 DEBUG:    EVENT NUM 1244  current_time = 00:10:17   ARRIVAL_POD_WST       [queue size = 41]
2026-07-13 16:24:41 DEBUG: Pod 217 arrived at workstation 3 - status = IDLE
2026-07-13 16:24:41 DEBUG: Pod queued at workstation.    [picking_buffer = {116: 617.8045150483988}]
2026-07-13 16:24:41 DEBUG:    EVENT NUM 1245  current_time = 00:10:17   START_PICKING         [queue size = 41]
2026-07-13 16:24:41 DEBUG: Processing task 116 at workstation 3: picking items {6082} for orders {49}
2026-07-13 16:24:41 DEBUG:    EVENT NUM 1246  current_time = 00:10:18   RETURN_POD            [queue size = 41]
2026-07-13 16:24:41 DEBUG: Pod 618 returned. Robot 30 idle.   [idle robots = 1/40, released tasks = 8]
2026-07-13 16:24:41 DEBUG:    EVENT NUM 1247  current_time = 00:10:18   START_TASK            [queue size = 41]
2026-07-13 16:24:41 DEBUG: Task 148 started: robot 30 → pod 516 → workstation 7 for orders {21} (arrival = 733.8 s).   [idle robots = 0/40]
2026-07-13 16:24:41 DEBUG:    EVENT NUM 1248  current_time = 00:10:19   END_PICKING           [queue size = 41]
2026-07-13 16:24:41 DEBUG: Ended picking at workstation 5.    [picking_buffer len = {}]
2026-07-13 16:24:41 DEBUG: Task should have served orders {95}, found open orders {95}.
2026-07-13 16:24:41 DEBUG: Task 137 completed: pod 611 returning to storage.
2026-07-13 16:24:41 DEBUG:    EVENT NUM 1249  current_time = 00:10:20   ARRIVAL_ORDER         [queue size = 41]
2026-07-13 16:24:41 DEBUG: Order 223 arrived: items_required = [4510].     [orders_in_system = 140]
2026-07-13 16:24:41 DEBUG:    EVENT NUM 1250  current_time = 00:10:21   END_PICKING           [queue size = 41]
2026-07-13 16:24:41 DEBUG: Ended picking at workstation 7.    [picking_buffer len = {}]
2026-07-13 16:24:41 DEBUG: Task should have served orders {56}, found open orders {10, 18, 56, 27}.
2026-07-13 16:24:41 DEBUG: Task 125 completed: pod 717 returning to storage.
2026-07-13 16:24:41 DEBUG:    EVENT NUM 1251  current_time = 00:10:22   ARRIVAL_POD_WST       [queue size = 41]
2026-07-13 16:24:41 DEBUG: Pod 296 arrived at workstation 6 - status = IDLE
2026-07-13 16:24:41 DEBUG: Pod queued at workstation.    [picking_buffer = {114: 622.5340684842698}]
2026-07-13 16:24:41 DEBUG:    EVENT NUM 1252  current_time = 00:10:22   START_PICKING         [queue size = 41]
2026-07-13 16:24:41 DEBUG: Processing task 114 at workstation 6: picking items {6732} for orders {47}
2026-07-13 16:24:41 DEBUG:    EVENT NUM 1253  current_time = 00:10:23   RETURN_POD            [queue size = 41]
2026-07-13 16:24:41 DEBUG: Pod 886 returned. Robot 25 idle.   [idle robots = 1/40, released tasks = 7]
2026-07-13 16:24:41 DEBUG:    EVENT NUM 1254  current_time = 00:10:23   START_TASK            [queue size = 41]
2026-07-13 16:24:41 DEBUG: Task 149 started: robot 25 → pod 769 → workstation 7 for orders {21} (arrival = 655.6 s).   [idle robots = 0/40]
2026-07-13 16:24:41 DEBUG:    EVENT NUM 1255  current_time = 00:10:23   RETURN_POD            [queue size = 41]
2026-07-13 16:24:41 DEBUG: Pod 514 returned. Robot 4 idle.   [idle robots = 1/40, released tasks = 6]
2026-07-13 16:24:41 DEBUG:    EVENT NUM 1256  current_time = 00:10:23   START_TASK            [queue size = 41]
2026-07-13 16:24:41 DEBUG: Task 150 started: robot 4 → pod 195 → workstation 8 for orders {52} (arrival = 740.2 s).   [idle robots = 0/40]
2026-07-13 16:24:41 DEBUG:    EVENT NUM 1257  current_time = 00:10:24   ARRIVAL_POD_WST       [queue size = 41]
2026-07-13 16:24:41 DEBUG: Pod 359 arrived at workstation 6 - status = BUSY
2026-07-13 16:24:41 DEBUG: Pod queued at workstation.    [picking_buffer = {113: 624.1004055690817}]
2026-07-13 16:24:41 DEBUG:    EVENT NUM 1258  current_time = 00:10:25   ARRIVAL_ORDER         [queue size = 40]
2026-07-13 16:24:41 DEBUG: Order 224 arrived: items_required = [6642].     [orders_in_system = 141]
2026-07-13 16:24:41 DEBUG:    EVENT NUM 1259  current_time = 00:10:26   ARRIVAL_POD_WST       [queue size = 40]
2026-07-13 16:24:41 DEBUG: Pod 520 arrived at workstation 6 - status = BUSY
2026-07-13 16:24:41 DEBUG: Pod queued at workstation.    [picking_buffer = {113: 624.1004055690817, 133: 626.9735596871958}]
2026-07-13 16:24:41 DEBUG:    EVENT NUM 1260  current_time = 00:10:27   END_PICKING           [queue size = 39]
2026-07-13 16:24:41 DEBUG: Ended picking at workstation 3.    [picking_buffer len = {}]
2026-07-13 16:24:41 DEBUG: Task should have served orders {49}, found open orders {49}.
2026-07-13 16:24:41 DEBUG: Task 116 completed: pod 217 returning to storage.
2026-07-13 16:24:41 DEBUG:    EVENT NUM 1261  current_time = 00:10:28   ARRIVAL_POD_WST       [queue size = 39]
2026-07-13 16:24:41 DEBUG: Pod 809 arrived at workstation 5 - status = IDLE
2026-07-13 16:24:41 DEBUG: Pod queued at workstation.    [picking_buffer = {128: 628.0733643771895}]
2026-07-13 16:24:41 DEBUG:    EVENT NUM 1262  current_time = 00:10:28   START_PICKING         [queue size = 39]
2026-07-13 16:24:41 DEBUG: Processing task 128 at workstation 5: picking items {4651} for orders {95}
2026-07-13 16:24:41 DEBUG:    EVENT NUM 1263  current_time = 00:10:28   ARRIVAL_POD_WST       [queue size = 39]
2026-07-13 16:24:41 DEBUG: Pod 686 arrived at workstation 6 - status = BUSY
2026-07-13 16:24:41 DEBUG: Pod queued at workstation.    [picking_buffer = {113: 624.1004055690817, 133: 626.9735596871958, 130: 628.8960759562403}]
2026-07-13 16:24:41 DEBUG:    EVENT NUM 1264  current_time = 00:10:30   ARRIVAL_ORDER         [queue size = 38]
2026-07-13 16:24:41 DEBUG: Order 225 arrived: items_required = [1873, 5180].     [orders_in_system = 142]
2026-07-13 16:24:41 DEBUG:    EVENT NUM 1265  current_time = 00:10:32   END_PICKING           [queue size = 38]
2026-07-13 16:24:41 DEBUG: Ended picking at workstation 6.    [picking_buffer len = {113: 624.1004055690817, 133: 626.9735596871958, 130: 628.8960759562403}]
2026-07-13 16:24:41 DEBUG: Task should have served orders {47}, found open orders {47, 91}.
2026-07-13 16:24:41 DEBUG: Task 114 heading to workstation 6.
2026-07-13 16:24:41 DEBUG:    EVENT NUM 1266  current_time = 00:10:32   ARRIVAL_POD_WST       [queue size = 39]
2026-07-13 16:24:41 DEBUG: Pod 296 arrived at workstation 6 - status = IDLE
2026-07-13 16:24:41 DEBUG: Pod queued at workstation.    [picking_buffer = {113: 624.1004055690817, 133: 626.9735596871958, 130: 628.8960759562403, 114: 632.5340684842698}]
2026-07-13 16:24:41 DEBUG:    EVENT NUM 1267  current_time = 00:10:32   START_PICKING         [queue size = 39]
2026-07-13 16:24:41 DEBUG: Processing task 113 at workstation 6: picking items {1723} for orders {47}
2026-07-13 16:24:41 DEBUG:    EVENT NUM 1268  current_time = 00:10:32   START_PICKING         [queue size = 39]
2026-07-13 16:24:41 DEBUG:    EVENT NUM 1269  current_time = 00:10:33   RETURN_POD            [queue size = 38]
2026-07-13 16:24:41 DEBUG: Pod 761 returned. Robot 24 idle.   [idle robots = 1/40, released tasks = 5]
2026-07-13 16:24:41 DEBUG:    EVENT NUM 1270  current_time = 00:10:33   START_TASK            [queue size = 38]
2026-07-13 16:24:41 DEBUG: Task 151 started: robot 24 → pod 100 → workstation 8 for orders {52} (arrival = 785.5 s).   [idle robots = 0/40]
2026-07-13 16:24:41 DEBUG:    EVENT NUM 1271  current_time = 00:10:35   ARRIVAL_ORDER         [queue size = 38]
2026-07-13 16:24:41 DEBUG: Order 226 arrived: items_required = [4039].     [orders_in_system = 143]
2026-07-13 16:24:41 DEBUG:    EVENT NUM 1272  current_time = 00:10:35   ARRIVAL_POD_WST       [queue size = 38]
2026-07-13 16:24:41 DEBUG: Pod 416 arrived at workstation 3 - status = IDLE
2026-07-13 16:24:41 DEBUG: Pod queued at workstation.    [picking_buffer = {117: 635.4829474379867}]
2026-07-13 16:24:41 DEBUG:    EVENT NUM 1273  current_time = 00:10:35   START_PICKING         [queue size = 38]
2026-07-13 16:24:41 DEBUG: Processing task 117 at workstation 3: picking items {7680} for orders {49}
2026-07-13 16:24:41 DEBUG:    EVENT NUM 1274  current_time = 00:10:35   ARRIVAL_POD_WST       [queue size = 38]
2026-07-13 16:24:41 DEBUG: Pod 537 arrived at workstation 4 - status = IDLE
2026-07-13 16:24:41 DEBUG: Pod queued at workstation.    [picking_buffer = {121: 635.5332845980889}]
2026-07-13 16:24:41 DEBUG:    EVENT NUM 1275  current_time = 00:10:35   START_PICKING         [queue size = 38]
2026-07-13 16:24:41 DEBUG: Processing task 121 at workstation 4: picking items {461} for orders {28}
2026-07-13 16:24:41 DEBUG:    EVENT NUM 1276  current_time = 00:10:36   RETURN_POD            [queue size = 38]
2026-07-13 16:24:41 DEBUG: Pod 184 returned. Robot 22 idle.   [idle robots = 1/40, released tasks = 4]
2026-07-13 16:24:41 DEBUG:    EVENT NUM 1277  current_time = 00:10:36   START_TASK            [queue size = 38]
2026-07-13 16:24:41 DEBUG: Task 100 started: robot 22 → pod 332 → workstation 1 for orders {11} (arrival = 760.6 s).   [idle robots = 0/40]
2026-07-13 16:24:41 DEBUG:    EVENT NUM 1278  current_time = 00:10:38   END_PICKING           [queue size = 38]
2026-07-13 16:24:41 DEBUG: Ended picking at workstation 5.    [picking_buffer len = {}]
2026-07-13 16:24:41 DEBUG: Task should have served orders {95}, found open orders {95}.
2026-07-13 16:24:41 DEBUG: Task 128 completed: pod 809 returning to storage.
2026-07-13 16:24:41 DEBUG:    EVENT NUM 1279  current_time = 00:10:38   RETURN_POD            [queue size = 38]
2026-07-13 16:24:41 DEBUG: Pod 597 returned. Robot 26 idle.   [idle robots = 1/40, released tasks = 3]
2026-07-13 16:24:41 DEBUG:    EVENT NUM 1280  current_time = 00:10:38   START_TASK            [queue size = 38]
2026-07-13 16:24:41 DEBUG: Task 122 started: robot 26 → pod 749 → workstation 7 for orders {56} (arrival = 730.5 s).   [idle robots = 0/40]
2026-07-13 16:24:41 DEBUG:    EVENT NUM 1281  current_time = 00:10:40   ARRIVAL_ORDER         [queue size = 38]
2026-07-13 16:24:41 DEBUG: Order 227 arrived: items_required = [8631].     [orders_in_system = 144]
2026-07-13 16:24:41 DEBUG:    EVENT NUM 1282  current_time = 00:10:42   END_PICKING           [queue size = 38]
2026-07-13 16:24:41 DEBUG: Ended picking at workstation 6.    [picking_buffer len = {133: 626.9735596871958, 130: 628.8960759562403, 114: 632.5340684842698}]
2026-07-13 16:24:41 DEBUG: Task should have served orders {47}, found open orders {47, 91}.
2026-07-13 16:24:41 DEBUG: Task 113 completed: pod 359 returning to storage.
2026-07-13 16:24:41 DEBUG:    EVENT NUM 1283  current_time = 00:10:42   CLOSE_ORDER           [queue size = 40]
2026-07-13 16:24:41 DEBUG: Order 47 closed at workstation 6: flow_time = 642.5 s.     [order_buffer = 0] [open_orders = 1/4]
2026-07-13 16:24:41 DEBUG:    EVENT NUM 1284  current_time = 00:10:42   START_PICKING         [queue size = 39]
2026-07-13 16:24:41 DEBUG: Processing task 133 at workstation 6: picking items {6517} for orders {91}
2026-07-13 16:24:41 DEBUG:    EVENT NUM 1285  current_time = 00:10:45   ARRIVAL_ORDER         [queue size = 39]
2026-07-13 16:24:41 DEBUG: Order 228 arrived: items_required = [8795].     [orders_in_system = 144]
2026-07-13 16:24:41 DEBUG:    EVENT NUM 1286  current_time = 00:10:45   END_PICKING           [queue size = 39]
2026-07-13 16:24:41 DEBUG: Ended picking at workstation 3.    [picking_buffer len = {}]
2026-07-13 16:24:41 DEBUG: Task should have served orders {49}, found open orders {49}.
2026-07-13 16:24:41 DEBUG: Task 117 completed: pod 416 returning to storage.
2026-07-13 16:24:41 DEBUG:    EVENT NUM 1287  current_time = 00:10:45   CLOSE_ORDER           [queue size = 40]
2026-07-13 16:24:41 DEBUG: Order 49 closed at workstation 3: flow_time = 645.5 s.     [order_buffer = 0] [open_orders = 0/4]
2026-07-13 16:24:41 DEBUG:    EVENT NUM 1288  current_time = 00:10:45   END_PICKING           [queue size = 39]
2026-07-13 16:24:41 DEBUG: Ended picking at workstation 4.    [picking_buffer len = {}]
2026-07-13 16:24:41 DEBUG: Task should have served orders {28}, found open orders {28}.
2026-07-13 16:24:41 DEBUG: Task 121 completed: pod 537 returning to storage.
2026-07-13 16:24:41 DEBUG:    EVENT NUM 1289  current_time = 00:10:45   CLOSE_ORDER           [queue size = 40]
2026-07-13 16:24:41 DEBUG: Order 28 closed at workstation 4: flow_time = 645.5 s.     [order_buffer = 0] [open_orders = 0/4]
2026-07-13 16:24:41 DEBUG:    EVENT NUM 1290  current_time = 00:10:45   RETURN_POD            [queue size = 39]
2026-07-13 16:24:41 DEBUG: Pod 731 returned. Robot 27 idle.   [idle robots = 1/40, released tasks = 2]
2026-07-13 16:24:41 DEBUG:    EVENT NUM 1291  current_time = 00:10:45   START_TASK            [queue size = 39]
2026-07-13 16:24:41 DEBUG: Task 132 started: robot 27 → pod 353 → workstation 5 for orders {95} (arrival = 761.7 s).   [idle robots = 0/40]
2026-07-13 16:24:41 DEBUG:    EVENT NUM 1292  current_time = 00:10:47   RETURN_POD            [queue size = 39]
2026-07-13 16:24:41 DEBUG: Pod 198 returned. Robot 1 idle.   [idle robots = 1/40, released tasks = 1]
2026-07-13 16:24:41 DEBUG:    EVENT NUM 1293  current_time = 00:10:47   START_TASK            [queue size = 39]
2026-07-13 16:24:41 DEBUG: Task 135 blocked: pod 195 not idle.  [released tasks = 0]
2026-07-13 16:24:41 DEBUG:    EVENT NUM 1294  current_time = 00:10:48   RETURN_POD            [queue size = 38]
2026-07-13 16:24:41 DEBUG: Pod 867 returned. Robot 13 idle.   [idle robots = 2/40, released tasks = 1]
2026-07-13 16:24:41 DEBUG:    EVENT NUM 1295  current_time = 00:10:48   START_TASK            [queue size = 38]
2026-07-13 16:24:41 DEBUG: Task 135 blocked: pod 195 not idle.  [released tasks = 0]
2026-07-13 16:24:41 DEBUG:    EVENT NUM 1296  current_time = 00:10:50   ARRIVAL_ORDER         [queue size = 37]
2026-07-13 16:24:41 DEBUG: Order 229 arrived: items_required = [8077].     [orders_in_system = 143]
2026-07-13 16:24:41 DEBUG:    EVENT NUM 1297  current_time = 00:10:51   ARRIVAL_POD_WST       [queue size = 37]
2026-07-13 16:24:41 DEBUG: Pod 659 arrived at workstation 8 - status = IDLE
2026-07-13 16:24:41 DEBUG: Pod queued at workstation.    [picking_buffer = {129: 651.1742031378807}]
2026-07-13 16:24:41 DEBUG:    EVENT NUM 1298  current_time = 00:10:51   START_PICKING         [queue size = 37]
2026-07-13 16:24:41 DEBUG: Processing task 129 at workstation 8: picking items {8518} for orders {80}
2026-07-13 16:24:41 DEBUG:    EVENT NUM 1299  current_time = 00:10:52   END_PICKING           [queue size = 37]
2026-07-13 16:24:41 DEBUG: Ended picking at workstation 6.    [picking_buffer len = {130: 628.8960759562403, 114: 632.5340684842698}]
2026-07-13 16:24:41 DEBUG: Task should have served orders {91}, found open orders {91}.
2026-07-13 16:24:41 DEBUG: Task 133 completed: pod 520 returning to storage.
2026-07-13 16:24:41 DEBUG:    EVENT NUM 1300  current_time = 00:10:52   START_PICKING         [queue size = 38]
2026-07-13 16:24:41 DEBUG: Processing task 130 at workstation 6: picking items {8635} for orders {91}
2026-07-13 16:24:41 DEBUG:    EVENT NUM 1301  current_time = 00:10:54   RETURN_POD            [queue size = 38]
2026-07-13 16:24:41 DEBUG: Pod 335 returned. Robot 9 idle.   [idle robots = 3/40, released tasks = 1]
2026-07-13 16:24:41 DEBUG:    EVENT NUM 1302  current_time = 00:10:54   START_TASK            [queue size = 38]
2026-07-13 16:24:41 DEBUG: Task 135 blocked: pod 195 not idle.  [released tasks = 0]
2026-07-13 16:24:41 DEBUG:    EVENT NUM 1303  current_time = 00:10:54   RETURN_POD            [queue size = 37]
2026-07-13 16:24:41 DEBUG: Pod 157 returned. Robot 29 idle.   [idle robots = 4/40, released tasks = 1]
2026-07-13 16:24:41 DEBUG:    EVENT NUM 1304  current_time = 00:10:54   START_TASK            [queue size = 37]
2026-07-13 16:24:41 DEBUG: Task 135 blocked: pod 195 not idle.  [released tasks = 0]
2026-07-13 16:24:41 DEBUG:    EVENT NUM 1305  current_time = 00:10:54   ARRIVAL_POD_WST       [queue size = 36]
2026-07-13 16:24:41 DEBUG: Pod 372 arrived at workstation 8 - status = BUSY
2026-07-13 16:24:41 DEBUG: Pod queued at workstation.    [picking_buffer = {136: 654.5235350107392}]
2026-07-13 16:24:41 DEBUG:    EVENT NUM 1306  current_time = 00:10:55   ARRIVAL_ORDER         [queue size = 35]
2026-07-13 16:24:41 DEBUG: Order 230 arrived: items_required = [8310, 10840].     [orders_in_system = 144]
2026-07-13 16:24:41 DEBUG:    EVENT NUM 1307  current_time = 00:10:55   RETURN_POD            [queue size = 35]
2026-07-13 16:24:41 DEBUG: Pod 72 returned. Robot 28 idle.   [idle robots = 5/40, released tasks = 1]
2026-07-13 16:24:41 DEBUG:    EVENT NUM 1308  current_time = 00:10:55   START_TASK            [queue size = 35]
2026-07-13 16:24:41 DEBUG: Task 135 blocked: pod 195 not idle.  [released tasks = 0]
2026-07-13 16:24:41 DEBUG:    EVENT NUM 1309  current_time = 00:10:55   ARRIVAL_POD_WST       [queue size = 34]
2026-07-13 16:24:41 DEBUG: Pod 769 arrived at workstation 7 - status = IDLE
2026-07-13 16:24:41 DEBUG: Pod queued at workstation.    [picking_buffer = {149: 655.6305707034023}]
2026-07-13 16:24:41 DEBUG:    EVENT NUM 1310  current_time = 00:10:55   START_PICKING         [queue size = 34]
2026-07-13 16:24:41 DEBUG: start_picking: WS 7 has no actionable task in buffer.
2026-07-13 16:24:41 DEBUG:    EVENT NUM 1311  current_time = 00:11:00   ARRIVAL_ORDER         [queue size = 33]
2026-07-13 16:24:41 DEBUG: Order 231 arrived: items_required = [11298, 1954].     [orders_in_system = 145]
2026-07-13 16:24:41 DEBUG:    EVENT NUM 1312  current_time = 00:11:01   RETURN_POD            [queue size = 33]
2026-07-13 16:24:41 DEBUG: Pod 397 returned. Robot 15 idle.   [idle robots = 6/40, released tasks = 1]
2026-07-13 16:24:41 DEBUG:    EVENT NUM 1313  current_time = 00:11:01   START_TASK            [queue size = 33]
2026-07-13 16:24:41 DEBUG: Task 135 blocked: pod 195 not idle.  [released tasks = 0]
2026-07-13 16:24:41 DEBUG:    EVENT NUM 1314  current_time = 00:11:01   END_PICKING           [queue size = 32]
2026-07-13 16:24:41 DEBUG: Ended picking at workstation 8.    [picking_buffer len = {136: 654.5235350107392}]
2026-07-13 16:24:41 DEBUG: Task should have served orders {80}, found open orders {0, 4, 80, 92}.
2026-07-13 16:24:41 DEBUG: Task 129 completed: pod 659 returning to storage.
2026-07-13 16:24:41 DEBUG:    EVENT NUM 1315  current_time = 00:11:01   CLOSE_ORDER           [queue size = 34]
2026-07-13 16:24:41 DEBUG: Order 80 closed at workstation 8: flow_time = 661.2 s.     [order_buffer = 1] [open_orders = 3/4]
2026-07-13 16:24:41 DEBUG: Next order in buffer: 52
2026-07-13 16:24:41 DEBUG:    EVENT NUM 1316  current_time = 00:11:01   START_PICKING         [queue size = 34]
2026-07-13 16:24:41 DEBUG: Processing task 136 at workstation 8: picking items {5626} for orders {4}
2026-07-13 16:24:41 DEBUG:    EVENT NUM 1317  current_time = 00:11:01   OPEN_ORDER            [queue size = 34]
2026-07-13 16:24:41 DEBUG: Order 52 (skus required = {9700, 2876}) opened at workstation 8.   [open_orders = 4/4]
2026-07-13 16:24:41 DEBUG:    EVENT NUM 1318  current_time = 00:11:01   START_TASK            [queue size = 34]
2026-07-13 16:24:41 DEBUG: Task 135 blocked: pod 195 not idle.  [released tasks = 0]
2026-07-13 16:24:41 DEBUG:    EVENT NUM 1319  current_time = 00:11:02   END_PICKING           [queue size = 33]
2026-07-13 16:24:41 DEBUG: Ended picking at workstation 6.    [picking_buffer len = {114: 632.5340684842698}]
2026-07-13 16:24:41 DEBUG: Task should have served orders {91}, found open orders {91}.
2026-07-13 16:24:41 DEBUG: Task 130 completed: pod 686 returning to storage.
2026-07-13 16:24:41 DEBUG:    EVENT NUM 1320  current_time = 00:11:02   START_PICKING         [queue size = 34]
2026-07-13 16:24:41 DEBUG: Processing task 114 at workstation 6: picking items {3750} for orders {91}
2026-07-13 16:24:41 DEBUG:    EVENT NUM 1321  current_time = 00:11:05   ARRIVAL_ORDER         [queue size = 34]
2026-07-13 16:24:41 DEBUG: Order 232 arrived: items_required = [5444].     [orders_in_system = 145]
2026-07-13 16:24:41 DEBUG:    EVENT NUM 1322  current_time = 00:11:05   ARRIVAL_POD_WST       [queue size = 34]
2026-07-13 16:24:41 DEBUG: Pod 227 arrived at workstation 7 - status = IDLE
2026-07-13 16:24:41 DEBUG: Pod queued at workstation.    [picking_buffer = {149: 655.6305707034023, 143: 665.3897749848718}]
2026-07-13 16:24:41 DEBUG:    EVENT NUM 1323  current_time = 00:11:05   START_PICKING         [queue size = 34]
2026-07-13 16:24:41 DEBUG: Processing task 143 at workstation 7: picking items {10034} for orders {27}
2026-07-13 16:24:41 DEBUG:    EVENT NUM 1324  current_time = 00:11:10   ARRIVAL_ORDER         [queue size = 34]
2026-07-13 16:24:41 DEBUG: Order 233 arrived: items_required = [4714].     [orders_in_system = 146]
2026-07-13 16:24:41 DEBUG:    EVENT NUM 1325  current_time = 00:11:11   END_PICKING           [queue size = 34]
2026-07-13 16:24:41 DEBUG: Ended picking at workstation 8.    [picking_buffer len = {}]
2026-07-13 16:24:41 DEBUG: Task should have served orders {4}, found open orders {0, 4, 52, 92}.
2026-07-13 16:24:41 DEBUG: Task 136 completed: pod 372 returning to storage.
2026-07-13 16:24:41 DEBUG:    EVENT NUM 1326  current_time = 00:11:12   END_PICKING           [queue size = 34]
2026-07-13 16:24:41 DEBUG: Ended picking at workstation 6.    [picking_buffer len = {}]
2026-07-13 16:24:41 DEBUG: Task should have served orders {91}, found open orders {91}.
2026-07-13 16:24:41 DEBUG: Task 114 completed: pod 296 returning to storage.
2026-07-13 16:24:41 DEBUG:    EVENT NUM 1327  current_time = 00:11:12   CLOSE_ORDER           [queue size = 35]
2026-07-13 16:24:41 DEBUG: Order 91 closed at workstation 6: flow_time = 672.5 s.     [order_buffer = 0] [open_orders = 0/4]
2026-07-13 16:24:41 DEBUG:    EVENT NUM 1328  current_time = 00:11:15   ARRIVAL_ORDER         [queue size = 34]
2026-07-13 16:24:41 DEBUG: Order 234 arrived: items_required = [7624, 7633].     [orders_in_system = 146]
2026-07-13 16:24:41 DEBUG:    EVENT NUM 1329  current_time = 00:11:15   END_PICKING           [queue size = 34]
2026-07-13 16:24:41 DEBUG: Ended picking at workstation 7.    [picking_buffer len = {149: 655.6305707034023}]
2026-07-13 16:24:41 DEBUG: Task should have served orders {27}, found open orders {10, 18, 56, 27}.
2026-07-13 16:24:41 DEBUG: Task 143 completed: pod 227 returning to storage.
2026-07-13 16:24:41 DEBUG:    EVENT NUM 1330  current_time = 00:11:15   START_PICKING         [queue size = 35]
2026-07-13 16:24:41 DEBUG: start_picking: WS 7 has no actionable task in buffer.
2026-07-13 16:24:41 DEBUG:    EVENT NUM 1331  current_time = 00:11:15   RETURN_POD            [queue size = 34]
2026-07-13 16:24:41 DEBUG: Pod 219 returned. Robot 8 idle.   [idle robots = 7/40, released tasks = 1]
2026-07-13 16:24:41 DEBUG:    EVENT NUM 1332  current_time = 00:11:15   START_TASK            [queue size = 34]
2026-07-13 16:24:41 DEBUG: Task 135 blocked: pod 195 not idle.  [released tasks = 0]
2026-07-13 16:24:41 DEBUG:    EVENT NUM 1333  current_time = 00:11:18   ARRIVAL_POD_WST       [queue size = 33]
2026-07-13 16:24:41 DEBUG: Pod 805 arrived at workstation 8 - status = IDLE
2026-07-13 16:24:41 DEBUG: Pod queued at workstation.    [picking_buffer = {146: 678.4969420891035}]
2026-07-13 16:24:41 DEBUG:    EVENT NUM 1334  current_time = 00:11:18   START_PICKING         [queue size = 33]
2026-07-13 16:24:41 DEBUG: Processing task 146 at workstation 8: picking items {3082} for orders {0}
2026-07-13 16:24:41 DEBUG:    EVENT NUM 1335  current_time = 00:11:19   ARRIVAL_POD_WST       [queue size = 33]
2026-07-13 16:24:41 DEBUG: Pod 355 arrived at workstation 7 - status = IDLE
2026-07-13 16:24:41 DEBUG: Pod queued at workstation.    [picking_buffer = {149: 655.6305707034023, 139: 679.5646672706002}]
2026-07-13 16:24:41 DEBUG:    EVENT NUM 1336  current_time = 00:11:19   START_PICKING         [queue size = 33]
2026-07-13 16:24:41 DEBUG: Processing task 139 at workstation 7: picking items {6918} for orders {10}
2026-07-13 16:24:41 DEBUG:    EVENT NUM 1337  current_time = 00:11:20   ARRIVAL_ORDER         [queue size = 33]
2026-07-13 16:24:41 DEBUG: Order 235 arrived: items_required = [7037].     [orders_in_system = 147]
2026-07-13 16:24:41 DEBUG:    EVENT NUM 1338  current_time = 00:11:20   ARRIVAL_POD_WST       [queue size = 33]
2026-07-13 16:24:41 DEBUG: Pod 452 arrived at workstation 5 - status = IDLE
2026-07-13 16:24:41 DEBUG: Pod queued at workstation.    [picking_buffer = {131: 680.6190190006282}]
2026-07-13 16:24:41 DEBUG:    EVENT NUM 1339  current_time = 00:11:20   START_PICKING         [queue size = 33]
2026-07-13 16:24:41 DEBUG: Processing task 131 at workstation 5: picking items {3439} for orders {95}
2026-07-13 16:24:41 DEBUG:    EVENT NUM 1340  current_time = 00:11:24   RETURN_POD            [queue size = 33]
2026-07-13 16:24:41 DEBUG: Pod 611 returned. Robot 18 idle.   [idle robots = 8/40, released tasks = 1]
2026-07-13 16:24:41 DEBUG:    EVENT NUM 1341  current_time = 00:11:24   START_TASK            [queue size = 33]
2026-07-13 16:24:41 DEBUG: Task 135 blocked: pod 195 not idle.  [released tasks = 0]
2026-07-13 16:24:41 DEBUG:    EVENT NUM 1342  current_time = 00:11:24   RETURN_POD            [queue size = 32]
2026-07-13 16:24:41 DEBUG: Pod 224 returned. Robot 31 idle.   [idle robots = 9/40, released tasks = 1]
2026-07-13 16:24:41 DEBUG:    EVENT NUM 1343  current_time = 00:11:24   START_TASK            [queue size = 32]
2026-07-13 16:24:41 DEBUG: Task 135 blocked: pod 195 not idle.  [released tasks = 0]
2026-07-13 16:24:41 DEBUG:    EVENT NUM 1344  current_time = 00:11:25   ARRIVAL_ORDER         [queue size = 31]
2026-07-13 16:24:41 DEBUG: Order 236 arrived: items_required = [681].     [orders_in_system = 148]
2026-07-13 16:24:41 DEBUG:    EVENT NUM 1345  current_time = 00:11:27   RETURN_POD            [queue size = 31]
2026-07-13 16:24:41 DEBUG: Pod 814 returned. Robot 37 idle.   [idle robots = 10/40, released tasks = 1]
2026-07-13 16:24:41 DEBUG:    EVENT NUM 1346  current_time = 00:11:27   START_TASK            [queue size = 31]
2026-07-13 16:24:41 DEBUG: Task 135 blocked: pod 195 not idle.  [released tasks = 0]
2026-07-13 16:24:41 DEBUG:    EVENT NUM 1347  current_time = 00:11:28   END_PICKING           [queue size = 30]
2026-07-13 16:24:41 DEBUG: Ended picking at workstation 8.    [picking_buffer len = {}]
2026-07-13 16:24:41 DEBUG: Task should have served orders {0}, found open orders {0, 4, 52, 92}.
2026-07-13 16:24:41 DEBUG: Task 146 completed: pod 805 returning to storage.
2026-07-13 16:24:41 DEBUG:    EVENT NUM 1348  current_time = 00:11:29   END_PICKING           [queue size = 30]
2026-07-13 16:24:41 DEBUG: Ended picking at workstation 7.    [picking_buffer len = {149: 655.6305707034023}]
2026-07-13 16:24:41 DEBUG: Task should have served orders {10}, found open orders {10, 18, 56, 27}.
2026-07-13 16:24:41 DEBUG: Task 139 completed: pod 355 returning to storage.
2026-07-13 16:24:41 DEBUG:    EVENT NUM 1349  current_time = 00:11:29   START_PICKING         [queue size = 31]
2026-07-13 16:24:41 DEBUG: start_picking: WS 7 has no actionable task in buffer.
2026-07-13 16:24:41 DEBUG:    EVENT NUM 1350  current_time = 00:11:30   ARRIVAL_ORDER         [queue size = 30]
2026-07-13 16:24:41 DEBUG: Order 237 arrived: items_required = [1003].     [orders_in_system = 149]
2026-07-13 16:24:41 DEBUG:    EVENT NUM 1351  current_time = 00:11:30   END_PICKING           [queue size = 30]
2026-07-13 16:24:41 DEBUG: Ended picking at workstation 5.    [picking_buffer len = {}]
2026-07-13 16:24:41 DEBUG: Task should have served orders {95}, found open orders {95}.
2026-07-13 16:24:41 DEBUG: Task 131 completed: pod 452 returning to storage.
2026-07-13 16:24:41 DEBUG:    EVENT NUM 1352  current_time = 00:11:35   ARRIVAL_ORDER         [queue size = 30]
2026-07-13 16:24:41 DEBUG: Order 238 arrived: items_required = [11390, 5129, 4377].     [orders_in_system = 150]
2026-07-13 16:24:41 DEBUG:    EVENT NUM 1353  current_time = 00:11:40   ARRIVAL_ORDER         [queue size = 30]
2026-07-13 16:24:41 DEBUG: Order 239 arrived: items_required = [10509, 5836].     [orders_in_system = 151]
2026-07-13 16:24:41 DEBUG:    EVENT NUM 1354  current_time = 00:11:42   ARRIVAL_POD_WST       [queue size = 30]
2026-07-13 16:24:41 DEBUG: Pod 395 arrived at workstation 7 - status = IDLE
2026-07-13 16:24:41 DEBUG: Pod queued at workstation.    [picking_buffer = {149: 655.6305707034023, 138: 702.6432934796219}]
2026-07-13 16:24:41 DEBUG:    EVENT NUM 1355  current_time = 00:11:42   START_PICKING         [queue size = 30]
2026-07-13 16:24:41 DEBUG: Processing task 138 at workstation 7: picking items {10434, 11893} for orders {10, 18}
2026-07-13 16:24:41 DEBUG:    EVENT NUM 1356  current_time = 00:11:43   ARRIVAL_POD_WST       [queue size = 30]
2026-07-13 16:24:41 DEBUG: Pod 326 arrived at workstation 7 - status = BUSY
2026-07-13 16:24:41 DEBUG: Pod queued at workstation.    [picking_buffer = {149: 655.6305707034023, 141: 703.5614499033372}]
2026-07-13 16:24:41 DEBUG:    EVENT NUM 1357  current_time = 00:11:45   ARRIVAL_ORDER         [queue size = 29]
2026-07-13 16:24:41 DEBUG: Order 240 arrived: items_required = [4267, 6763, 7990].     [orders_in_system = 152]
2026-07-13 16:24:41 DEBUG:    EVENT NUM 1358  current_time = 00:11:46   RETURN_POD            [queue size = 29]
2026-07-13 16:24:41 DEBUG: Pod 181 returned. Robot 23 idle.   [idle robots = 11/40, released tasks = 1]
2026-07-13 16:24:41 DEBUG:    EVENT NUM 1359  current_time = 00:11:46   START_TASK            [queue size = 29]
2026-07-13 16:24:41 DEBUG: Task 135 blocked: pod 195 not idle.  [released tasks = 0]
2026-07-13 16:24:41 DEBUG:    EVENT NUM 1360  current_time = 00:11:50   ARRIVAL_ORDER         [queue size = 28]
2026-07-13 16:24:41 DEBUG: Order 241 arrived: items_required = [1341, 9628].     [orders_in_system = 153]
2026-07-13 16:24:41 DEBUG:    EVENT NUM 1361  current_time = 00:11:51   RETURN_POD            [queue size = 28]
2026-07-13 16:24:41 DEBUG: Pod 717 returned. Robot 38 idle.   [idle robots = 12/40, released tasks = 1]
2026-07-13 16:24:41 DEBUG:    EVENT NUM 1362  current_time = 00:11:51   START_TASK            [queue size = 28]
2026-07-13 16:24:41 DEBUG: Task 135 blocked: pod 195 not idle.  [released tasks = 0]
2026-07-13 16:24:41 DEBUG:    EVENT NUM 1363  current_time = 00:11:55   ARRIVAL_ORDER         [queue size = 27]
2026-07-13 16:24:41 DEBUG: Order 242 arrived: items_required = [8267, 7902, 5643].     [orders_in_system = 154]
2026-07-13 16:24:41 DEBUG:    EVENT NUM 1364  current_time = 00:11:57   END_PICKING           [queue size = 27]
2026-07-13 16:24:41 DEBUG: Ended picking at workstation 7.    [picking_buffer len = {149: 655.6305707034023, 141: 703.5614499033372}]
2026-07-13 16:24:41 DEBUG: Task should have served orders {10, 18}, found open orders {10, 18, 56, 27}.
2026-07-13 16:24:41 DEBUG: Task 138 completed: pod 395 returning to storage.
2026-07-13 16:24:41 DEBUG:    EVENT NUM 1365  current_time = 00:11:57   CLOSE_ORDER           [queue size = 30]
2026-07-13 16:24:41 DEBUG: Order 10 closed at workstation 7: flow_time = 717.6 s.     [order_buffer = 1] [open_orders = 3/4]
2026-07-13 16:24:41 DEBUG: Next order in buffer: 21
2026-07-13 16:24:41 DEBUG:    EVENT NUM 1366  current_time = 00:11:57   CLOSE_ORDER           [queue size = 30]
2026-07-13 16:24:41 DEBUG: Order 18 closed at workstation 7: flow_time = 717.6 s.     [order_buffer = 0] [open_orders = 2/4]
2026-07-13 16:24:41 DEBUG:    EVENT NUM 1367  current_time = 00:11:57   START_PICKING         [queue size = 29]
2026-07-13 16:24:41 DEBUG: Processing task 141 at workstation 7: picking items {6720} for orders {27}
2026-07-13 16:24:41 DEBUG:    EVENT NUM 1368  current_time = 00:11:57   OPEN_ORDER            [queue size = 29]
2026-07-13 16:24:41 DEBUG: Order 21 (skus required = {8337, 6011, 2310}) opened at workstation 7.   [open_orders = 3/4]
2026-07-13 16:24:41 DEBUG:    EVENT NUM 1369  current_time = 00:11:57   START_TASK            [queue size = 29]
2026-07-13 16:24:41 DEBUG: Task 135 blocked: pod 195 not idle.  [released tasks = 0]
2026-07-13 16:24:41 DEBUG:    EVENT NUM 1370  current_time = 00:12:00   ARRIVAL_ORDER         [queue size = 28]
2026-07-13 16:24:41 DEBUG: Order 243 arrived: items_required = [6851].     [orders_in_system = 153]
2026-07-13 16:24:41 DEBUG:    EVENT NUM 1371  current_time = 00:12:01   ARRIVAL_POD_WST       [queue size = 28]
2026-07-13 16:24:41 DEBUG: Pod 26 arrived at workstation 8 - status = IDLE
2026-07-13 16:24:41 DEBUG: Pod queued at workstation.    [picking_buffer = {140: 721.54243812142}]
2026-07-13 16:24:41 DEBUG:    EVENT NUM 1372  current_time = 00:12:01   START_PICKING         [queue size = 28]
2026-07-13 16:24:41 DEBUG: Processing task 140 at workstation 8: picking items {8857} for orders {92}
2026-07-13 16:24:41 DEBUG:    EVENT NUM 1373  current_time = 00:12:02   ARRIVAL_POD_WST       [queue size = 28]
2026-07-13 16:24:41 DEBUG: Pod 83 arrived at workstation 8 - status = BUSY
2026-07-13 16:24:41 DEBUG: Pod queued at workstation.    [picking_buffer = {144: 722.7512542902318}]
2026-07-13 16:24:41 DEBUG:    EVENT NUM 1374  current_time = 00:12:05   ARRIVAL_ORDER         [queue size = 27]
2026-07-13 16:24:41 DEBUG: Order 244 arrived: items_required = [3313].     [orders_in_system = 154]
2026-07-13 16:24:41 DEBUG:    EVENT NUM 1375  current_time = 00:12:05   ARRIVAL_POD_WST       [queue size = 27]
2026-07-13 16:24:41 DEBUG: Pod 233 arrived at workstation 7 - status = BUSY
2026-07-13 16:24:41 DEBUG: Pod queued at workstation.    [picking_buffer = {149: 655.6305707034023, 147: 725.7789619731152}]
2026-07-13 16:24:41 DEBUG:    EVENT NUM 1376  current_time = 00:12:07   END_PICKING           [queue size = 26]
2026-07-13 16:24:41 DEBUG: Ended picking at workstation 7.    [picking_buffer len = {149: 655.6305707034023, 147: 725.7789619731152}]
2026-07-13 16:24:41 DEBUG: Task should have served orders {27}, found open orders {21, 56, 27}.
2026-07-13 16:24:41 DEBUG: Task 141 completed: pod 326 returning to storage.
2026-07-13 16:24:41 DEBUG:    EVENT NUM 1377  current_time = 00:12:07   CLOSE_ORDER           [queue size = 28]
2026-07-13 16:24:41 DEBUG: Order 27 closed at workstation 7: flow_time = 727.6 s.     [order_buffer = 0] [open_orders = 2/4]
2026-07-13 16:24:41 DEBUG:    EVENT NUM 1378  current_time = 00:12:07   START_PICKING         [queue size = 27]
2026-07-13 16:24:41 DEBUG: Processing task 149 at workstation 7: picking items {2310} for orders {21}
2026-07-13 16:24:41 DEBUG:    EVENT NUM 1379  current_time = 00:12:10   ARRIVAL_ORDER         [queue size = 27]
2026-07-13 16:24:41 DEBUG: Order 245 arrived: items_required = [5264].     [orders_in_system = 154]
2026-07-13 16:24:41 DEBUG:    EVENT NUM 1380  current_time = 00:12:10   ARRIVAL_POD_WST       [queue size = 27]
2026-07-13 16:24:41 DEBUG: Pod 749 arrived at workstation 7 - status = BUSY
2026-07-13 16:24:41 DEBUG: Pod queued at workstation.    [picking_buffer = {147: 725.7789619731152, 122: 730.5312112218672}]
2026-07-13 16:24:41 DEBUG:    EVENT NUM 1381  current_time = 00:12:11   END_PICKING           [queue size = 26]
2026-07-13 16:24:41 DEBUG: Ended picking at workstation 8.    [picking_buffer len = {144: 722.7512542902318}]
2026-07-13 16:24:41 DEBUG: Task should have served orders {92}, found open orders {0, 4, 52, 92}.
2026-07-13 16:24:41 DEBUG: Task 140 completed: pod 26 returning to storage.
2026-07-13 16:24:41 DEBUG:    EVENT NUM 1382  current_time = 00:12:11   START_PICKING         [queue size = 27]
2026-07-13 16:24:41 DEBUG: Processing task 144 at workstation 8: picking items {4958} for orders {92}
2026-07-13 16:24:41 DEBUG:    EVENT NUM 1383  current_time = 00:12:13   ARRIVAL_POD_WST       [queue size = 27]
2026-07-13 16:24:41 DEBUG: Pod 516 arrived at workstation 7 - status = BUSY
2026-07-13 16:24:41 DEBUG: Pod queued at workstation.    [picking_buffer = {147: 725.7789619731152, 122: 730.5312112218672, 148: 733.7581827413632}]
2026-07-13 16:24:41 DEBUG:    EVENT NUM 1384  current_time = 00:12:15   ARRIVAL_ORDER         [queue size = 26]
2026-07-13 16:24:41 DEBUG: Order 246 arrived: items_required = [5234].     [orders_in_system = 155]
2026-07-13 16:24:41 DEBUG:    EVENT NUM 1385  current_time = 00:12:17   END_PICKING           [queue size = 26]
2026-07-13 16:24:41 DEBUG: Ended picking at workstation 7.    [picking_buffer len = {147: 725.7789619731152, 122: 730.5312112218672, 148: 733.7581827413632}]
2026-07-13 16:24:41 DEBUG: Task should have served orders {21}, found open orders {21, 56}.
2026-07-13 16:24:41 DEBUG: Task 149 completed: pod 769 returning to storage.
2026-07-13 16:24:41 DEBUG:    EVENT NUM 1386  current_time = 00:12:17   START_PICKING         [queue size = 27]
2026-07-13 16:24:41 DEBUG: Processing task 147 at workstation 7: picking items {6011} for orders {21}
2026-07-13 16:24:41 DEBUG:    EVENT NUM 1387  current_time = 00:12:19   RETURN_POD            [queue size = 27]
2026-07-13 16:24:41 DEBUG: Pod 809 returned. Robot 12 idle.   [idle robots = 13/40, released tasks = 1]
2026-07-13 16:24:41 DEBUG:    EVENT NUM 1388  current_time = 00:12:19   START_TASK            [queue size = 27]
2026-07-13 16:24:41 DEBUG: Task 135 blocked: pod 195 not idle.  [released tasks = 0]
2026-07-13 16:24:41 DEBUG:    EVENT NUM 1389  current_time = 00:12:20   ARRIVAL_ORDER         [queue size = 26]
2026-07-13 16:24:41 DEBUG: Order 247 arrived: items_required = [2993, 8309].     [orders_in_system = 156]
2026-07-13 16:24:41 DEBUG:    EVENT NUM 1390  current_time = 00:12:20   ARRIVAL_POD_WST       [queue size = 26]
2026-07-13 16:24:41 DEBUG: Pod 195 arrived at workstation 8 - status = BUSY
2026-07-13 16:24:41 DEBUG: Pod queued at workstation.    [picking_buffer = {150: 740.2086809316182}]
2026-07-13 16:24:41 DEBUG:    EVENT NUM 1391  current_time = 00:12:20   RETURN_POD            [queue size = 25]
2026-07-13 16:24:41 DEBUG: Pod 217 returned. Robot 3 idle.   [idle robots = 14/40, released tasks = 1]
2026-07-13 16:24:41 DEBUG:    EVENT NUM 1392  current_time = 00:12:20   START_TASK            [queue size = 25]
2026-07-13 16:24:41 DEBUG: Task 135 blocked: pod 195 not idle.  [released tasks = 0]
2026-07-13 16:24:41 DEBUG:    EVENT NUM 1393  current_time = 00:12:21   END_PICKING           [queue size = 24]
2026-07-13 16:24:41 DEBUG: Ended picking at workstation 8.    [picking_buffer len = {150: 740.2086809316182}]
2026-07-13 16:24:41 DEBUG: Task should have served orders {92}, found open orders {0, 4, 52, 92}.
2026-07-13 16:24:41 DEBUG: Task 144 completed: pod 83 returning to storage.
2026-07-13 16:24:41 DEBUG:    EVENT NUM 1394  current_time = 00:12:21   CLOSE_ORDER           [queue size = 26]
2026-07-13 16:24:41 DEBUG: Order 92 closed at workstation 8: flow_time = 741.5 s.     [order_buffer = 0] [open_orders = 3/4]
2026-07-13 16:24:41 DEBUG:    EVENT NUM 1395  current_time = 00:12:21   START_PICKING         [queue size = 25]
2026-07-13 16:24:41 DEBUG: Processing task 150 at workstation 8: picking items {2876} for orders {52}
2026-07-13 16:24:41 DEBUG:    EVENT NUM 1396  current_time = 00:12:24   RETURN_POD            [queue size = 25]
2026-07-13 16:24:41 DEBUG: Pod 520 returned. Robot 16 idle.   [idle robots = 15/40, released tasks = 1]
2026-07-13 16:24:41 DEBUG:    EVENT NUM 1397  current_time = 00:12:24   START_TASK            [queue size = 25]
2026-07-13 16:24:41 DEBUG: Task 135 blocked: pod 195 not idle.  [released tasks = 0]
2026-07-13 16:24:41 DEBUG:    EVENT NUM 1398  current_time = 00:12:25   ARRIVAL_ORDER         [queue size = 24]
2026-07-13 16:24:41 DEBUG: Order 248 arrived: items_required = [5979].     [orders_in_system = 156]
2026-07-13 16:24:41 DEBUG:    EVENT NUM 1399  current_time = 00:12:27   END_PICKING           [queue size = 24]
2026-07-13 16:24:41 DEBUG: Ended picking at workstation 7.    [picking_buffer len = {122: 730.5312112218672, 148: 733.7581827413632}]
2026-07-13 16:24:41 DEBUG: Task should have served orders {21}, found open orders {21, 56}.
2026-07-13 16:24:41 DEBUG: Task 147 completed: pod 233 returning to storage.
2026-07-13 16:24:41 DEBUG:    EVENT NUM 1400  current_time = 00:12:27   START_PICKING         [queue size = 25]
2026-07-13 16:24:41 DEBUG: Processing task 122 at workstation 7: picking items {8121} for orders {56}
2026-07-13 16:24:41 DEBUG:    EVENT NUM 1401  current_time = 00:12:30   ARRIVAL_ORDER         [queue size = 25]
2026-07-13 16:24:41 DEBUG: Order 249 arrived: items_required = [2539, 11633, 7617].     [orders_in_system = 157]
2026-07-13 16:24:41 DEBUG:    EVENT NUM 1402  current_time = 00:12:30   ARRIVAL_POD_WST       [queue size = 25]
2026-07-13 16:24:41 DEBUG: Pod 115 arrived at workstation 8 - status = BUSY
2026-07-13 16:24:41 DEBUG: Pod queued at workstation.    [picking_buffer = {145: 750.2327278295111}]
2026-07-13 16:24:41 DEBUG:    EVENT NUM 1403  current_time = 00:12:31   END_PICKING           [queue size = 24]
2026-07-13 16:24:41 DEBUG: Ended picking at workstation 8.    [picking_buffer len = {145: 750.2327278295111}]
2026-07-13 16:24:41 DEBUG: Task should have served orders {52}, found open orders {0, 4, 52}.
2026-07-13 16:24:41 DEBUG: Task 150 completed: pod 195 returning to storage.
2026-07-13 16:24:41 DEBUG:    EVENT NUM 1404  current_time = 00:12:31   START_PICKING         [queue size = 25]
2026-07-13 16:24:41 DEBUG: Processing task 145 at workstation 8: picking items {5462} for orders {0}
2026-07-13 16:24:41 DEBUG:    EVENT NUM 1405  current_time = 00:12:31   RETURN_POD            [queue size = 25]
2026-07-13 16:24:41 DEBUG: Pod 686 returned. Robot 36 idle.   [idle robots = 16/40, released tasks = 1]
2026-07-13 16:24:41 DEBUG:    EVENT NUM 1406  current_time = 00:12:31   START_TASK            [queue size = 25]
2026-07-13 16:24:41 DEBUG: Task 135 blocked: pod 195 not idle.  [released tasks = 0]
2026-07-13 16:24:41 DEBUG:    EVENT NUM 1407  current_time = 00:12:31   RETURN_POD            [queue size = 24]
2026-07-13 16:24:41 DEBUG: Pod 805 returned. Robot 34 idle.   [idle robots = 17/40, released tasks = 1]
2026-07-13 16:24:41 DEBUG:    EVENT NUM 1408  current_time = 00:12:31   START_TASK            [queue size = 24]
2026-07-13 16:24:41 DEBUG: Task 135 blocked: pod 195 not idle.  [released tasks = 0]
2026-07-13 16:24:41 DEBUG:    EVENT NUM 1409  current_time = 00:12:35   ARRIVAL_ORDER         [queue size = 23]
2026-07-13 16:24:41 DEBUG: Order 250 arrived: items_required = [4436].     [orders_in_system = 158]
2026-07-13 16:24:41 DEBUG:    EVENT NUM 1410  current_time = 00:12:37   END_PICKING           [queue size = 23]
2026-07-13 16:24:41 DEBUG: Ended picking at workstation 7.    [picking_buffer len = {148: 733.7581827413632}]
2026-07-13 16:24:41 DEBUG: Task should have served orders {56}, found open orders {21, 56}.
2026-07-13 16:24:41 DEBUG: Task 122 completed: pod 749 returning to storage.
2026-07-13 16:24:41 DEBUG:    EVENT NUM 1411  current_time = 00:12:37   CLOSE_ORDER           [queue size = 25]
2026-07-13 16:24:41 DEBUG: Order 56 closed at workstation 7: flow_time = 757.6 s.     [order_buffer = 0] [open_orders = 1/4]
2026-07-13 16:24:41 DEBUG:    EVENT NUM 1412  current_time = 00:12:37   START_PICKING         [queue size = 24]
2026-07-13 16:24:41 DEBUG: Processing task 148 at workstation 7: picking items {8337} for orders {21}
2026-07-13 16:24:41 DEBUG:    EVENT NUM 1413  current_time = 00:12:40   ARRIVAL_ORDER         [queue size = 24]
2026-07-13 16:24:41 DEBUG: Order 251 arrived: items_required = [8721, 4280, 5804].     [orders_in_system = 158]
2026-07-13 16:24:41 DEBUG:    EVENT NUM 1414  current_time = 00:12:40   ARRIVAL_POD_WST       [queue size = 24]
2026-07-13 16:24:41 DEBUG: Pod 332 arrived at workstation 1 - status = IDLE
2026-07-13 16:24:41 DEBUG: Pod queued at workstation.    [picking_buffer = {100: 760.6208992486003}]
2026-07-13 16:24:41 DEBUG:    EVENT NUM 1415  current_time = 00:12:40   START_PICKING         [queue size = 24]
2026-07-13 16:24:41 DEBUG: Processing task 100 at workstation 1: picking items {6036} for orders {11}
2026-07-13 16:24:41 DEBUG:    EVENT NUM 1416  current_time = 00:12:41   END_PICKING           [queue size = 24]
2026-07-13 16:24:41 DEBUG: Ended picking at workstation 8.    [picking_buffer len = {}]
2026-07-13 16:24:41 DEBUG: Task should have served orders {0}, found open orders {0, 4, 52}.
2026-07-13 16:24:41 DEBUG: Task 145 completed: pod 115 returning to storage.
2026-07-13 16:24:41 DEBUG:    EVENT NUM 1417  current_time = 00:12:41   CLOSE_ORDER           [queue size = 25]
2026-07-13 16:24:41 DEBUG: Order 0 closed at workstation 8: flow_time = 761.5 s.     [order_buffer = 0] [open_orders = 2/4]
2026-07-13 16:24:41 DEBUG:    EVENT NUM 1418  current_time = 00:12:41   ARRIVAL_POD_WST       [queue size = 24]
2026-07-13 16:24:41 DEBUG: Pod 353 arrived at workstation 5 - status = IDLE
2026-07-13 16:24:41 DEBUG: Pod queued at workstation.    [picking_buffer = {132: 761.6736322587877}]
2026-07-13 16:24:41 DEBUG:    EVENT NUM 1419  current_time = 00:12:41   START_PICKING         [queue size = 24]
2026-07-13 16:24:41 DEBUG: Processing task 132 at workstation 5: picking items {6533} for orders {95}
2026-07-13 16:24:41 DEBUG:    EVENT NUM 1420  current_time = 00:12:43   RETURN_POD            [queue size = 24]
2026-07-13 16:24:41 DEBUG: Pod 227 returned. Robot 20 idle.   [idle robots = 18/40, released tasks = 1]
2026-07-13 16:24:41 DEBUG:    EVENT NUM 1421  current_time = 00:12:43   START_TASK            [queue size = 24]
2026-07-13 16:24:41 DEBUG: Task 135 blocked: pod 195 not idle.  [released tasks = 0]
2026-07-13 16:24:41 DEBUG:    EVENT NUM 1422  current_time = 00:12:45   ARRIVAL_ORDER         [queue size = 23]
2026-07-13 16:24:41 DEBUG: Order 252 arrived: items_required = [9231, 5625, 8767].     [orders_in_system = 158]
2026-07-13 16:24:41 DEBUG:    EVENT NUM 1423  current_time = 00:12:47   END_PICKING           [queue size = 23]
2026-07-13 16:24:41 DEBUG: Ended picking at workstation 7.    [picking_buffer len = {}]
2026-07-13 16:24:41 DEBUG: Task should have served orders {21}, found open orders {21}.
2026-07-13 16:24:41 DEBUG: Task 148 completed: pod 516 returning to storage.
2026-07-13 16:24:41 DEBUG:    EVENT NUM 1424  current_time = 00:12:47   CLOSE_ORDER           [queue size = 24]
2026-07-13 16:24:41 DEBUG: Order 21 closed at workstation 7: flow_time = 767.6 s.     [order_buffer = 0] [open_orders = 0/4]
2026-07-13 16:24:41 DEBUG:    EVENT NUM 1425  current_time = 00:12:48   RETURN_POD            [queue size = 23]
2026-07-13 16:24:41 DEBUG: Pod 769 returned. Robot 25 idle.   [idle robots = 19/40, released tasks = 1]
2026-07-13 16:24:41 DEBUG:    EVENT NUM 1426  current_time = 00:12:48   START_TASK            [queue size = 23]
2026-07-13 16:24:41 DEBUG: Task 135 blocked: pod 195 not idle.  [released tasks = 0]
2026-07-13 16:24:41 DEBUG:    EVENT NUM 1427  current_time = 00:12:50   ARRIVAL_ORDER         [queue size = 22]
2026-07-13 16:24:41 DEBUG: Order 253 arrived: items_required = [8899].     [orders_in_system = 158]
2026-07-13 16:24:41 DEBUG:    EVENT NUM 1428  current_time = 00:12:50   END_PICKING           [queue size = 22]
2026-07-13 16:24:41 DEBUG: Ended picking at workstation 1.    [picking_buffer len = {}]
2026-07-13 16:24:41 DEBUG: Task should have served orders {11}, found open orders {11}.
2026-07-13 16:24:41 DEBUG: Task 100 completed: pod 332 returning to storage.
2026-07-13 16:24:41 DEBUG:    EVENT NUM 1429  current_time = 00:12:50   CLOSE_ORDER           [queue size = 23]
2026-07-13 16:24:41 DEBUG: Order 11 closed at workstation 1: flow_time = 770.6 s.     [order_buffer = 0] [open_orders = 0/4]
2026-07-13 16:24:41 DEBUG:    EVENT NUM 1430  current_time = 00:12:51   END_PICKING           [queue size = 22]
2026-07-13 16:24:41 DEBUG: Ended picking at workstation 5.    [picking_buffer len = {}]
2026-07-13 16:24:41 DEBUG: Task should have served orders {95}, found open orders {95}.
2026-07-13 16:24:41 DEBUG: Task 132 completed: pod 353 returning to storage.
2026-07-13 16:24:41 DEBUG:    EVENT NUM 1431  current_time = 00:12:51   CLOSE_ORDER           [queue size = 23]
2026-07-13 16:24:41 DEBUG: Order 95 closed at workstation 5: flow_time = 771.7 s.     [order_buffer = 0] [open_orders = 0/4]
2026-07-13 16:24:41 DEBUG:    EVENT NUM 1432  current_time = 00:12:51   RETURN_POD            [queue size = 22]
2026-07-13 16:24:41 DEBUG: Pod 372 returned. Robot 2 idle.   [idle robots = 20/40, released tasks = 1]
2026-07-13 16:24:41 DEBUG:    EVENT NUM 1433  current_time = 00:12:51   START_TASK            [queue size = 22]
2026-07-13 16:24:41 DEBUG: Task 135 blocked: pod 195 not idle.  [released tasks = 0]
2026-07-13 16:24:41 DEBUG:    EVENT NUM 1434  current_time = 00:12:52   RETURN_POD            [queue size = 21]
2026-07-13 16:24:41 DEBUG: Pod 148 returned. Robot 35 idle.   [idle robots = 21/40, released tasks = 1]
2026-07-13 16:24:41 DEBUG:    EVENT NUM 1435  current_time = 00:12:52   START_TASK            [queue size = 21]
2026-07-13 16:24:41 DEBUG: Task 135 blocked: pod 195 not idle.  [released tasks = 0]
2026-07-13 16:24:41 DEBUG:    EVENT NUM 1436  current_time = 00:12:53   RETURN_POD            [queue size = 20]
2026-07-13 16:24:41 DEBUG: Pod 659 returned. Robot 21 idle.   [idle robots = 22/40, released tasks = 1]
2026-07-13 16:24:41 DEBUG:    EVENT NUM 1437  current_time = 00:12:53   START_TASK            [queue size = 20]
2026-07-13 16:24:41 DEBUG: Task 135 blocked: pod 195 not idle.  [released tasks = 0]
2026-07-13 16:24:41 DEBUG:    EVENT NUM 1438  current_time = 00:12:54   RETURN_POD            [queue size = 19]
2026-07-13 16:24:41 DEBUG: Pod 537 returned. Robot 19 idle.   [idle robots = 23/40, released tasks = 1]
2026-07-13 16:24:41 DEBUG:    EVENT NUM 1439  current_time = 00:12:54   START_TASK            [queue size = 19]
2026-07-13 16:24:41 DEBUG: Task 135 blocked: pod 195 not idle.  [released tasks = 0]
2026-07-13 16:24:41 DEBUG:    EVENT NUM 1440  current_time = 00:12:55   ARRIVAL_ORDER         [queue size = 18]
2026-07-13 16:24:41 DEBUG: Order 254 arrived: items_required = [7034].     [orders_in_system = 157]
2026-07-13 16:24:41 DEBUG:    EVENT NUM 1441  current_time = 00:13:00   ARRIVAL_ORDER         [queue size = 18]
2026-07-13 16:24:41 DEBUG: Order 255 arrived: items_required = [1825].     [orders_in_system = 158]
2026-07-13 16:24:41 DEBUG:    EVENT NUM 1442  current_time = 00:13:05   ARRIVAL_ORDER         [queue size = 18]
2026-07-13 16:24:41 DEBUG: Order 256 arrived: items_required = [7946].     [orders_in_system = 159]
2026-07-13 16:24:41 DEBUG:    EVENT NUM 1443  current_time = 00:13:05   ARRIVAL_POD_WST       [queue size = 18]
2026-07-13 16:24:41 DEBUG: Pod 100 arrived at workstation 8 - status = IDLE
2026-07-13 16:24:41 DEBUG: Pod queued at workstation.    [picking_buffer = {151: 785.545007885578}]
2026-07-13 16:24:41 DEBUG:    EVENT NUM 1444  current_time = 00:13:05   START_PICKING         [queue size = 18]
2026-07-13 16:24:41 DEBUG: Processing task 151 at workstation 8: picking items {9700} for orders {52}
2026-07-13 16:24:41 DEBUG:    EVENT NUM 1445  current_time = 00:13:08   RETURN_POD            [queue size = 18]
2026-07-13 16:24:41 DEBUG: Pod 416 returned. Robot 32 idle.   [idle robots = 24/40, released tasks = 1]
2026-07-13 16:24:41 DEBUG:    EVENT NUM 1446  current_time = 00:13:08   START_TASK            [queue size = 18]
2026-07-13 16:24:41 DEBUG: Task 135 blocked: pod 195 not idle.  [released tasks = 0]
2026-07-13 16:24:41 DEBUG:    EVENT NUM 1447  current_time = 00:13:10   ARRIVAL_ORDER         [queue size = 17]
2026-07-13 16:24:41 DEBUG: Order 257 arrived: items_required = [12076, 8374].     [orders_in_system = 160]
2026-07-13 16:24:41 DEBUG:    EVENT NUM 1448  current_time = 00:13:15   ARRIVAL_ORDER         [queue size = 17]
2026-07-13 16:24:41 DEBUG: Order 258 arrived: items_required = [6990].     [orders_in_system = 161]
2026-07-13 16:24:41 DEBUG:    EVENT NUM 1449  current_time = 00:13:15   RETURN_POD            [queue size = 17]
2026-07-13 16:24:41 DEBUG: Pod 359 returned. Robot 6 idle.   [idle robots = 25/40, released tasks = 1]
2026-07-13 16:24:41 DEBUG:    EVENT NUM 1450  current_time = 00:13:15   START_TASK            [queue size = 17]
2026-07-13 16:24:41 DEBUG: Task 135 blocked: pod 195 not idle.  [released tasks = 0]
2026-07-13 16:24:41 DEBUG:    EVENT NUM 1451  current_time = 00:13:15   END_PICKING           [queue size = 16]
2026-07-13 16:24:41 DEBUG: Ended picking at workstation 8.    [picking_buffer len = {}]
2026-07-13 16:24:41 DEBUG: Task should have served orders {52}, found open orders {4, 52}.
2026-07-13 16:24:41 DEBUG: Task 151 completed: pod 100 returning to storage.
2026-07-13 16:24:41 DEBUG:    EVENT NUM 1452  current_time = 00:13:15   CLOSE_ORDER           [queue size = 17]
2026-07-13 16:24:41 DEBUG: Order 52 closed at workstation 8: flow_time = 795.5 s.     [order_buffer = 0] [open_orders = 1/4]
2026-07-13 16:24:41 DEBUG:    EVENT NUM 1453  current_time = 00:13:20   ARRIVAL_ORDER         [queue size = 16]
2026-07-13 16:24:41 DEBUG: Order 259 arrived: items_required = [8909, 6539, 6220].     [orders_in_system = 161]
2026-07-13 16:24:41 DEBUG:    EVENT NUM 1454  current_time = 00:13:25   ARRIVAL_ORDER         [queue size = 16]
2026-07-13 16:24:41 DEBUG: Order 260 arrived: items_required = [6679, 11330].     [orders_in_system = 162]
2026-07-13 16:24:41 DEBUG:    EVENT NUM 1455  current_time = 00:13:30   ARRIVAL_ORDER         [queue size = 16]
2026-07-13 16:24:41 DEBUG: Order 261 arrived: items_required = [12507].     [orders_in_system = 163]
2026-07-13 16:24:41 DEBUG:    EVENT NUM 1456  current_time = 00:13:30   RETURN_POD            [queue size = 16]
2026-07-13 16:24:41 DEBUG: Pod 296 returned. Robot 11 idle.   [idle robots = 26/40, released tasks = 1]
2026-07-13 16:24:41 DEBUG:    EVENT NUM 1457  current_time = 00:13:30   START_TASK            [queue size = 16]
2026-07-13 16:24:41 DEBUG: Task 135 blocked: pod 195 not idle.  [released tasks = 0]
2026-07-13 16:24:41 DEBUG:    EVENT NUM 1458  current_time = 00:13:32   RETURN_POD            [queue size = 15]
2026-07-13 16:24:41 DEBUG: Pod 355 returned. Robot 17 idle.   [idle robots = 27/40, released tasks = 1]
2026-07-13 16:24:41 DEBUG:    EVENT NUM 1459  current_time = 00:13:32   START_TASK            [queue size = 15]
2026-07-13 16:24:41 DEBUG: Task 135 blocked: pod 195 not idle.  [released tasks = 0]
2026-07-13 16:24:41 DEBUG:    EVENT NUM 1460  current_time = 00:13:35   ARRIVAL_ORDER         [queue size = 14]
2026-07-13 16:24:41 DEBUG: Order 262 arrived: items_required = [4740, 9185, 3646, 7533].     [orders_in_system = 164]
2026-07-13 16:24:41 DEBUG:    EVENT NUM 1461  current_time = 00:13:40   ARRIVAL_ORDER         [queue size = 14]
2026-07-13 16:24:41 DEBUG: Order 263 arrived: items_required = [6150, 9575].     [orders_in_system = 165]
2026-07-13 16:24:41 DEBUG:    EVENT NUM 1462  current_time = 00:13:45   ARRIVAL_ORDER         [queue size = 14]
2026-07-13 16:24:41 DEBUG: Order 264 arrived: items_required = [11353].     [orders_in_system = 166]
2026-07-13 16:24:41 DEBUG:    EVENT NUM 1463  current_time = 00:13:50   ARRIVAL_ORDER         [queue size = 14]
2026-07-13 16:24:41 DEBUG: Order 265 arrived: items_required = [342].     [orders_in_system = 167]
2026-07-13 16:24:41 DEBUG:    EVENT NUM 1464  current_time = 00:13:55   ARRIVAL_ORDER         [queue size = 14]
2026-07-13 16:24:41 DEBUG: Order 266 arrived: items_required = [7051].     [orders_in_system = 168]
2026-07-13 16:24:41 DEBUG:    EVENT NUM 1465  current_time = 00:13:56   RETURN_POD            [queue size = 14]
2026-07-13 16:24:41 DEBUG: Pod 452 returned. Robot 14 idle.   [idle robots = 28/40, released tasks = 1]
2026-07-13 16:24:41 DEBUG:    EVENT NUM 1466  current_time = 00:13:56   START_TASK            [queue size = 14]
2026-07-13 16:24:41 DEBUG: Task 135 blocked: pod 195 not idle.  [released tasks = 0]
2026-07-13 16:24:41 DEBUG:    EVENT NUM 1467  current_time = 00:14:00   ARRIVAL_ORDER         [queue size = 13]
2026-07-13 16:24:41 DEBUG: Order 267 arrived: items_required = [7143, 10015].     [orders_in_system = 169]
2026-07-13 16:24:41 DEBUG:    EVENT NUM 1468  current_time = 00:14:05   ARRIVAL_ORDER         [queue size = 13]
2026-07-13 16:24:41 DEBUG: Order 268 arrived: items_required = [11834].     [orders_in_system = 170]
2026-07-13 16:24:41 DEBUG:    EVENT NUM 1469  current_time = 00:14:10   ARRIVAL_ORDER         [queue size = 13]
2026-07-13 16:24:41 DEBUG: Order 269 arrived: items_required = [5054].     [orders_in_system = 171]
2026-07-13 16:24:41 DEBUG:    EVENT NUM 1470  current_time = 00:14:11   RETURN_POD            [queue size = 13]
2026-07-13 16:24:41 DEBUG: Pod 195 returned. Robot 4 idle.   [idle robots = 29/40, released tasks = 1]
2026-07-13 16:24:41 DEBUG:    EVENT NUM 1471  current_time = 00:14:11   START_TASK            [queue size = 13]
2026-07-13 16:24:41 DEBUG: Task 135 started: robot 4 → pod 195 → workstation 8 for orders {4} (arrival = 952.3 s).   [idle robots = 28/40]
2026-07-13 16:24:41 DEBUG:    EVENT NUM 1472  current_time = 00:14:13   RETURN_POD            [queue size = 13]
2026-07-13 16:24:41 DEBUG: Pod 326 returned. Robot 5 idle.   [idle robots = 29/40, released tasks = 0]
2026-07-13 16:24:41 DEBUG:    EVENT NUM 1473  current_time = 00:14:13   RETURN_POD            [queue size = 12]
2026-07-13 16:24:41 DEBUG: Pod 749 returned. Robot 26 idle.   [idle robots = 30/40, released tasks = 0]
2026-07-13 16:24:41 DEBUG:    EVENT NUM 1474  current_time = 00:14:15   ARRIVAL_ORDER         [queue size = 11]
2026-07-13 16:24:41 DEBUG: Order 270 arrived: items_required = [10284].     [orders_in_system = 172]
2026-07-13 16:24:41 DEBUG:    EVENT NUM 1475  current_time = 00:14:20   ARRIVAL_ORDER         [queue size = 11]
2026-07-13 16:24:41 DEBUG: Order 271 arrived: items_required = [9437, 5386].     [orders_in_system = 173]
2026-07-13 16:24:41 DEBUG:    EVENT NUM 1476  current_time = 00:14:20   RETURN_POD            [queue size = 11]
2026-07-13 16:24:41 DEBUG: Pod 83 returned. Robot 33 idle.   [idle robots = 31/40, released tasks = 0]
2026-07-13 16:24:41 DEBUG:    EVENT NUM 1477  current_time = 00:14:25   ARRIVAL_ORDER         [queue size = 10]
2026-07-13 16:24:41 DEBUG: Order 272 arrived: items_required = [134].     [orders_in_system = 174]
2026-07-13 16:24:41 DEBUG:    EVENT NUM 1478  current_time = 00:14:25   RETURN_POD            [queue size = 10]
2026-07-13 16:24:41 DEBUG: Pod 233 returned. Robot 0 idle.   [idle robots = 32/40, released tasks = 0]
2026-07-13 16:24:41 DEBUG:    EVENT NUM 1479  current_time = 00:14:26   RETURN_POD            [queue size = 9]
2026-07-13 16:24:41 DEBUG: Pod 395 returned. Robot 10 idle.   [idle robots = 33/40, released tasks = 0]
2026-07-13 16:24:41 DEBUG:    EVENT NUM 1480  current_time = 00:14:30   ARRIVAL_ORDER         [queue size = 8]
2026-07-13 16:24:41 DEBUG: Order 273 arrived: items_required = [2714, 4575].     [orders_in_system = 175]
2026-07-13 16:24:41 DEBUG:    EVENT NUM 1481  current_time = 00:14:35   ARRIVAL_ORDER         [queue size = 8]
2026-07-13 16:24:41 DEBUG: Order 274 arrived: items_required = [2784].     [orders_in_system = 176]
2026-07-13 16:24:41 DEBUG:    EVENT NUM 1482  current_time = 00:14:40   ARRIVAL_ORDER         [queue size = 8]
2026-07-13 16:24:41 DEBUG: Order 275 arrived: items_required = [6663, 8249].     [orders_in_system = 177]
2026-07-13 16:24:41 DEBUG:    EVENT NUM 1483  current_time = 00:14:45   ARRIVAL_ORDER         [queue size = 8]
2026-07-13 16:24:41 DEBUG: Order 276 arrived: items_required = [6860, 7072, 2718].     [orders_in_system = 178]
2026-07-13 16:24:41 DEBUG:    EVENT NUM 1484  current_time = 00:14:49   RETURN_POD            [queue size = 8]
2026-07-13 16:24:41 DEBUG: Pod 115 returned. Robot 39 idle.   [idle robots = 34/40, released tasks = 0]
2026-07-13 16:24:41 DEBUG:    EVENT NUM 1485  current_time = 00:14:50   ARRIVAL_ORDER         [queue size = 7]
2026-07-13 16:24:41 DEBUG: Order 277 arrived: items_required = [8124].     [orders_in_system = 179]
2026-07-13 16:24:41 DEBUG:    EVENT NUM 1486  current_time = 00:14:52   RETURN_POD            [queue size = 7]
2026-07-13 16:24:41 DEBUG: Pod 332 returned. Robot 22 idle.   [idle robots = 35/40, released tasks = 0]
2026-07-13 16:24:41 DEBUG:    EVENT NUM 1487  current_time = 00:14:55   ARRIVAL_ORDER         [queue size = 6]
2026-07-13 16:24:41 DEBUG: Order 278 arrived: items_required = [7670].     [orders_in_system = 180]
2026-07-13 16:24:41 DEBUG:    EVENT NUM 1488  current_time = 00:14:57   RETURN_POD            [queue size = 6]
2026-07-13 16:24:41 DEBUG: Pod 26 returned. Robot 7 idle.   [idle robots = 36/40, released tasks = 0]
2026-07-13 16:24:41 DEBUG:    EVENT NUM 1489  current_time = 00:15:00   ARRIVAL_ORDER         [queue size = 5]
2026-07-13 16:24:41 DEBUG: Order 279 arrived: items_required = [4635].     [orders_in_system = 181]
2026-07-13 16:24:41 DEBUG:    EVENT NUM 1490  current_time = 00:15:00   RETURN_POD            [queue size = 5]
2026-07-13 16:24:41 DEBUG: Pod 353 returned. Robot 27 idle.   [idle robots = 37/40, released tasks = 0]
2026-07-13 16:24:41 DEBUG:    EVENT NUM 1491  current_time = 00:15:00   RETURN_POD            [queue size = 4]
2026-07-13 16:24:41 DEBUG: Pod 516 returned. Robot 30 idle.   [idle robots = 38/40, released tasks = 0]
2026-07-13 16:24:41 DEBUG:    EVENT NUM 1492  current_time = 00:15:01   RUN_OPTIMIZER         [queue size = 3]
2026-07-13 16:24:41 INFO: Solving stage 1 ... 
2026-07-13 16:24:41 INFO: [ls_stage1] Building initial solution ...
2026-07-13 16:24:41 INFO: [ls_stage1] Initial objective = 388.4300
2026-07-13 16:24:41 WARNING: 
Variables size:
  shape x = (304, 900)
  shape y = (9, 900)
  shape z = (180, 9)
  constraints_satisfied = 2462902

2026-07-13 16:24:45 INFO: [ls_stage1] Iter 1: IMPROVEMENT move=('swap', 41, 63) obj=386.6900
2026-07-13 16:24:49 INFO: [ls_stage1] Iter 2: IMPROVEMENT move=('swap', 3, 54) obj=384.1200
2026-07-13 16:24:53 INFO: [ls_stage1] Iter 3: IMPROVEMENT move=('swap', 12, 118) obj=381.6000
2026-07-13 16:24:57 INFO: [ls_stage1] Iter 4: IMPROVEMENT move=('moveto', 99, 5) obj=380.0200
2026-07-13 16:25:01 INFO: [ls_stage1] Iter 5: IMPROVEMENT move=('swap', 14, 31) obj=378.5400
2026-07-13 16:25:05 INFO: [ls_stage1] Iter 6: IMPROVEMENT move=('swap', 14, 179) obj=376.9000
2026-07-13 16:25:09 INFO: [ls_stage1] Iter 7: IMPROVEMENT move=('swap', 85, 148) obj=375.3300
2026-07-13 16:25:13 INFO: [ls_stage1] Iter 8: IMPROVEMENT move=('swap', 73, 102) obj=372.8200
2026-07-13 16:25:17 INFO: [ls_stage1] Iter 9: IMPROVEMENT move=('moveto', 154, 7) obj=371.3000
2026-07-13 16:25:21 INFO: [ls_stage1] Iter 10: IMPROVEMENT move=('swap', 72, 145) obj=368.7100
2026-07-13 16:25:25 INFO: [ls_stage1] Iter 11: IMPROVEMENT move=('swap', 87, 149) obj=367.1500
2026-07-13 16:25:29 INFO: [ls_stage1] Iter 12: IMPROVEMENT move=('swap', 84, 159) obj=365.6000
2026-07-13 16:25:33 INFO: [ls_stage1] Iter 13: IMPROVEMENT move=('swap', 47, 125) obj=364.1500
2026-07-13 16:25:37 INFO: [ls_stage1] Iter 14: IMPROVEMENT move=('swap', 78, 147) obj=362.7300
2026-07-13 16:25:41 INFO: [ls_stage1] Iter 15: IMPROVEMENT move=('swap', 127, 169) obj=361.3400
2026-07-13 16:25:46 INFO: [ls_stage1] Iter 16: IMPROVEMENT move=('swap', 62, 106) obj=359.7600
2026-07-13 16:25:50 INFO: [ls_stage1] Iter 17: IMPROVEMENT move=('swap', 76, 163) obj=358.3400
2026-07-13 16:25:54 INFO: [ls_stage1] Iter 18: IMPROVEMENT move=('swap', 77, 83) obj=356.8600
2026-07-13 16:25:58 INFO: [ls_stage1] Iter 19: IMPROVEMENT move=('swap', 55, 67) obj=355.5500
2026-07-13 16:26:01 INFO: [ls_stage1] Iter 20: IMPROVEMENT move=('swap', 27, 172) obj=354.1400
2026-07-13 16:26:05 INFO: [ls_stage1] Iter 21: IMPROVEMENT move=('swap', 17, 155) obj=352.8300
2026-07-13 16:26:09 INFO: [ls_stage1] Iter 22: IMPROVEMENT move=('swap', 57, 158) obj=351.6000
2026-07-13 16:26:13 INFO: [ls_stage1] Iter 23: IMPROVEMENT move=('swap', 46, 110) obj=350.1200
2026-07-13 16:26:17 INFO: [ls_stage1] Iter 24: IMPROVEMENT move=('swap', 11, 89) obj=348.8500
2026-07-13 16:26:21 INFO: [ls_stage1] Iter 25: IMPROVEMENT move=('swap', 11, 160) obj=347.5200
2026-07-13 16:26:25 INFO: [ls_stage1] Iter 26: IMPROVEMENT move=('moveto', 104, 5) obj=346.2400
2026-07-13 16:26:29 INFO: [ls_stage1] Iter 27: IMPROVEMENT move=('swap', 34, 108) obj=345.1200
2026-07-13 16:26:33 INFO: [ls_stage1] Iter 28: IMPROVEMENT move=('swap', 59, 174) obj=343.9000
2026-07-13 16:26:38 INFO: [ls_stage1] Iter 29: IMPROVEMENT move=('swap', 69, 134) obj=342.7100
2026-07-13 16:26:42 INFO: [ls_stage1] Iter 30: IMPROVEMENT move=('moveto', 70, 6) obj=341.5200
2026-07-13 16:26:46 INFO: [ls_stage1] Iter 31: IMPROVEMENT move=('swap', 80, 82) obj=340.2700
2026-07-13 16:26:50 INFO: [ls_stage1] Iter 32: IMPROVEMENT move=('swap', 86, 141) obj=339.8500
2026-07-13 16:26:54 INFO: [ls_stage1] Iter 33: IMPROVEMENT move=('swap', 95, 105) obj=338.6200
2026-07-13 16:26:57 INFO: [ls_stage1] Iter 34: IMPROVEMENT move=('moveto', 76, 8) obj=338.3000
2026-07-13 16:27:02 INFO: [ls_stage1] Iter 35: IMPROVEMENT move=('swap', 51, 81) obj=337.8400
2026-07-13 16:27:06 INFO: [ls_stage1] Iter 36: IMPROVEMENT move=('swap', 60, 159) obj=337.5400
2026-07-13 16:27:10 INFO: [ls_stage1] Iter 37: IMPROVEMENT move=('swap', 41, 119) obj=337.3000
2026-07-13 16:27:13 INFO: [ls_stage1] Iter 38: IMPROVEMENT move=('repod', 181, 790) obj=337.0200
2026-07-13 16:27:18 INFO: [ls_stage1] Iter 39: IMPROVEMENT move=('repod', 221, 575) obj=336.8000
2026-07-13 16:27:22 INFO: [ls_stage1] Iter 40: IMPROVEMENT move=('swap', 36, 107) obj=335.6500
2026-07-13 16:27:26 INFO: [ls_stage1] Iter 41: IMPROVEMENT move=('moveto', 107, 7) obj=335.3700
2026-07-13 16:27:30 INFO: [ls_stage1] Iter 42: IMPROVEMENT move=('moveto', 131, 0) obj=335.1900
2026-07-13 16:27:34 INFO: [ls_stage1] Iter 43: IMPROVEMENT move=('repod', 246, 801) obj=334.9700
2026-07-13 16:27:38 INFO: [ls_stage1] Iter 44: IMPROVEMENT move=('swap', 54, 90) obj=334.7300
2026-07-13 16:27:42 INFO: [ls_stage1] Iter 45: IMPROVEMENT move=('repod', 101, 893) obj=334.4600
2026-07-13 16:27:46 INFO: [ls_stage1] Iter 46: IMPROVEMENT move=('swap', 22, 150) obj=334.2200
2026-07-13 16:27:50 INFO: [ls_stage1] Iter 47: IMPROVEMENT move=('swap', 35, 169) obj=334.0400
2026-07-13 16:27:54 INFO: [ls_stage1] Iter 48: IMPROVEMENT move=('repod', 15, 658) obj=333.9100
2026-07-13 16:27:57 INFO: [ls_stage1] Iter 49: IMPROVEMENT move=('repod', 256, 482) obj=332.5400
2026-07-13 16:28:02 INFO: [ls_stage1] Iter 50: IMPROVEMENT move=('repod', 42, 818) obj=332.3100
2026-07-13 16:28:05 INFO: [ls_stage1] Iter 51: IMPROVEMENT move=('repod', 86, 790) obj=332.1400
2026-07-13 16:28:09 INFO: [ls_stage1] Iter 52: IMPROVEMENT move=('swap', 18, 51) obj=330.9200
2026-07-13 16:28:13 INFO: [ls_stage1] Iter 53: IMPROVEMENT move=('repod', 211, 680) obj=330.7900
2026-07-13 16:28:17 INFO: [ls_stage1] Iter 54: IMPROVEMENT move=('repod', 43, 193) obj=330.5300
2026-07-13 16:28:21 INFO: [ls_stage1] Iter 55: IMPROVEMENT move=('repod', 58, 658) obj=330.4000
2026-07-13 16:28:25 INFO: [ls_stage1] Iter 56: IMPROVEMENT move=('repod', 188, 168) obj=330.2100
2026-07-13 16:28:29 INFO: [ls_stage1] Iter 57: IMPROVEMENT move=('repod', 127, 595) obj=330.0100
2026-07-13 16:28:33 INFO: [ls_stage1] Iter 58: IMPROVEMENT move=('swap', 71, 136) obj=329.8500
2026-07-13 16:28:37 INFO: [ls_stage1] Iter 59: IMPROVEMENT move=('swap', 65, 109) obj=329.7300
2026-07-13 16:28:41 INFO: [ls_stage1] Iter 60: IMPROVEMENT move=('swap', 52, 174) obj=329.6100
2026-07-13 16:28:45 INFO: [ls_stage1] Iter 61: IMPROVEMENT move=('moveto', 137, 8) obj=329.4700
2026-07-13 16:28:49 INFO: [ls_stage1] Iter 62: IMPROVEMENT move=('swap', 35, 76) obj=328.2400
2026-07-13 16:28:53 INFO: [ls_stage1] Iter 63: IMPROVEMENT move=('swap', 1, 22) obj=328.1200
2026-07-13 16:28:57 INFO: [ls_stage1] Iter 64: IMPROVEMENT move=('swap', 166, 168) obj=328.0000
2026-07-13 16:29:01 INFO: [ls_stage1] Iter 65: IMPROVEMENT move=('swap', 76, 148) obj=327.9200
2026-07-13 16:29:05 INFO: [ls_stage1] Iter 66: IMPROVEMENT move=('moveto', 49, 5) obj=327.8400
2026-07-13 16:29:09 INFO: [ls_stage1] Iter 67: IMPROVEMENT move=('swap', 6, 130) obj=327.7200
2026-07-13 16:29:13 INFO: [ls_stage1] Iter 68: IMPROVEMENT move=('repod', 188, 683) obj=327.6400
2026-07-13 16:29:17 INFO: [ls_stage1] Iter 69: IMPROVEMENT move=('moveto', 142, 8) obj=327.5200
2026-07-13 16:29:21 INFO: [ls_stage1] Iter 70: IMPROVEMENT move=('swap', 81, 96) obj=327.4400
2026-07-13 16:29:25 INFO: [ls_stage1] Iter 71: IMPROVEMENT move=('moveto', 146, 6) obj=327.3600
2026-07-13 16:29:29 INFO: [ls_stage1] Iter 72: IMPROVEMENT move=('moveto', 42, 5) obj=327.3000
2026-07-13 16:29:33 INFO: [ls_stage1] Iter 73: IMPROVEMENT move=('repod', 254, 589) obj=327.0300
2026-07-13 16:29:37 INFO: [ls_stage1] Iter 74: IMPROVEMENT move=('repod', 75, 416) obj=326.8900
2026-07-13 16:29:41 INFO: [ls_stage1] Iter 75: IMPROVEMENT move=('swap', 10, 164) obj=326.8500
2026-07-13 16:29:45 INFO: [ls_stage1] Iter 76: IMPROVEMENT move=('moveto', 69, 8) obj=326.7700
2026-07-13 16:29:49 INFO: [ls_stage1] Iter 77: IMPROVEMENT move=('swap', 124, 160) obj=326.7100
2026-07-13 16:29:53 INFO: [ls_stage1] Iter 78: IMPROVEMENT move=('repod', 127, 857) obj=326.4600
2026-07-13 16:29:57 INFO: [ls_stage1] Iter 79: IMPROVEMENT move=('moveto', 53, 6) obj=326.3800
2026-07-13 16:30:01 INFO: [ls_stage1] Iter 80: IMPROVEMENT move=('swap', 74, 142) obj=325.3700
2026-07-13 16:30:05 INFO: [ls_stage1] Iter 81: IMPROVEMENT move=('repod', 54, 705) obj=325.2100
2026-07-13 16:30:09 INFO: [ls_stage1] Iter 82: IMPROVEMENT move=('moveto', 40, 8) obj=325.0900
2026-07-13 16:30:13 INFO: [ls_stage1] Iter 83: IMPROVEMENT move=('moveto', 164, 7) obj=325.0100
2026-07-13 16:30:17 INFO: [ls_stage1] Iter 84: IMPROVEMENT move=('repod', 128, 584) obj=324.9600
2026-07-13 16:30:21 INFO: [ls_stage1] Iter 85: IMPROVEMENT move=('moveto', 119, 0) obj=324.9000
2026-07-13 16:30:25 INFO: [ls_stage1] Iter 86: IMPROVEMENT move=('repod', 71, 734) obj=324.7600
2026-07-13 16:30:29 INFO: [ls_stage1] Iter 87: IMPROVEMENT move=('swap', 75, 136) obj=324.6000
2026-07-13 16:30:33 INFO: [ls_stage1] Iter 88: IMPROVEMENT move=('repod', 96, 879) obj=324.4600
2026-07-13 16:30:37 INFO: [ls_stage1] Iter 89: IMPROVEMENT move=('repod', 155, 452) obj=324.4000
2026-07-13 16:30:41 INFO: [ls_stage1] Iter 90: IMPROVEMENT move=('repod', 132, 682) obj=322.9200
2026-07-13 16:30:45 INFO: [ls_stage1] Iter 91: IMPROVEMENT move=('moveto', 80, 8) obj=322.8800
2026-07-13 16:30:49 INFO: [ls_stage1] Iter 92: IMPROVEMENT move=('swap', 53, 67) obj=321.8200
2026-07-13 16:30:53 INFO: [ls_stage1] Iter 93: IMPROVEMENT move=('repod', 95, 887) obj=321.4500
2026-07-13 16:30:57 INFO: [ls_stage1] Iter 94: IMPROVEMENT move=('repod', 183, 613) obj=321.0500
2026-07-13 16:31:01 INFO: [ls_stage1] Iter 95: IMPROVEMENT move=('repod', 199, 770) obj=320.7300
2026-07-13 16:31:05 INFO: [ls_stage1] Iter 96: IMPROVEMENT move=('repod', 107, 660) obj=320.6300
2026-07-13 16:31:09 INFO: [ls_stage1] Iter 97: IMPROVEMENT move=('moveto', 45, 8) obj=320.5700
2026-07-13 16:31:13 INFO: [ls_stage1] Iter 98: IMPROVEMENT move=('swap', 5, 111) obj=320.5300
2026-07-13 16:31:17 INFO: [ls_stage1] Iter 99: IMPROVEMENT move=('repod', 46, 706) obj=320.3800
2026-07-13 16:31:21 INFO: [ls_stage1] Iter 100: IMPROVEMENT move=('repod', 144, 798) obj=320.2700
2026-07-13 16:31:21 INFO: [ls_stage1] Final objective = 320.2700
2026-07-13 16:31:21 INFO: Stage 1 solved.
2026-07-13 16:31:21 INFO: Solving stage 2 ... 
2026-07-13 16:31:21 INFO: [ls_stage2] Building initial solution ...
2026-07-13 16:34:00 INFO: [ls_stage2] Feasible initial solution: obj = -195.2294
2026-07-13 16:34:00 WARNING: 
Variables size:
  x shape = (304, 100)
  f0 = (180, 100)
  g0 = (180, 100)
  v0 = (180, 100)
  y shape = (244, 1615321)
  num constraints satisfied = 6385020

2026-07-13 16:36:39 INFO: [ls_stage2] Iter 1: improved move=('multi_item', (np.int64(191), np.int64(36)), -5) obj=-194.3939
2026-07-13 16:39:18 INFO: [ls_stage2] Iter 2: improved move=('order', 18, -2) obj=-192.2546
2026-07-13 16:41:57 INFO: [ls_stage2] Iter 3: improved move=('multi_item', (np.int64(48), np.int64(39), np.int64(155)), -5) obj=-191.2166
2026-07-13 16:44:37 INFO: [ls_stage2] Iter 4: improved move=('item', 18, -8) obj=-190.1902
2026-07-13 16:47:16 INFO: [ls_stage2] Iter 5: improved move=('item', 227, -8) obj=-189.3578
2026-07-13 16:49:57 INFO: [ls_stage2] Candidate rejected: move=('order', 35, -2) obj=-186.2227 violations=['EC11']
2026-07-13 16:52:36 INFO: [ls_stage2] Iter 6: improved move=('item', 33, -8) obj=-188.4294
2026-07-13 16:55:16 INFO: [ls_stage2] Candidate rejected: move=('order', 7, -2) obj=-185.2873 violations=['EC11']
2026-07-13 16:57:55 INFO: [ls_stage2] Iter 7: improved move=('item', 99, -8) obj=-187.5370
2026-07-13 17:00:35 INFO: [ls_stage2] Iter 8: improved move=('item', 231, -8) obj=-186.7026
2026-07-13 17:03:15 INFO: [ls_stage2] Iter 9: improved move=('item', 49, -6) obj=-186.0108
2026-07-13 17:05:54 INFO: [ls_stage2] Candidate rejected: move=('order', 35, -2) obj=-182.8757 violations=['EC11']
2026-07-13 17:08:33 INFO: [ls_stage2] Iter 10: improved move=('item', 18, -8) obj=-185.0484
2026-07-13 17:11:13 INFO: [ls_stage2] Iter 11: improved move=('item', 48, -8) obj=-184.1000
2026-07-13 17:13:52 INFO: [ls_stage2] Iter 12: improved move=('multi_item', (np.int64(18), np.int64(128), np.int64(252)), -4) obj=-183.0754
2026-07-13 17:16:32 INFO: [ls_stage2] Iter 13: improved move=('multi_item', (np.int64(112), np.int64(32), np.int64(138)), -5) obj=-182.0784
2026-07-13 17:19:12 INFO: [ls_stage2] Iter 14: improved move=('item', 29, -8) obj=-181.0800
2026-07-13 17:21:52 INFO: [ls_stage2] Iter 15: improved move=('item', 148, -8) obj=-180.2056
2026-07-13 17:24:32 INFO: [ls_stage2] Iter 16: improved move=('item', 5, -8) obj=-179.2792
2026-07-13 17:27:12 INFO: [ls_stage2] Iter 17: improved move=('item', 18, -8) obj=-178.4128
2026-07-13 17:29:51 INFO: [ls_stage2] Candidate rejected: move=('order', 35, -2) obj=-175.2777 violations=['EC11']
2026-07-13 17:32:30 INFO: [ls_stage2] Iter 18: improved move=('order', 176, -1) obj=-175.4128
2026-07-13 17:35:10 INFO: [ls_stage2] Candidate rejected: move=('order', 7, -2) obj=-172.2707 violations=['EC11']
