2026-07-01 20:48:14 INFO: Warehouse initialization | grid=25x24, physical=54x29, num_skus=12000, num_robots=20, num_ws=4
2026-07-01 20:48:14 INFO: Warehouse initialized | 600 pods  (average number of skus per pod = 21.95), 4 workstations, 20 robots
2026-07-01 20:48:14 INFO: [OptManager] Building time-space network ...
2026-07-01 20:48:15 INFO: [OptManager] Network ready: 60400 nodes, 455968 travelling arcs, 59796 idle arcs.
2026-07-01 20:48:15 INFO: 
=============================================
2026-07-01 20:48:15 INFO:   START SIMULATION  {TIME HORIZON = 01:00:00}
2026-07-01 20:48:15 DEBUG:    EVENT NUM 1     current_time = 00:00:00   ARRIVAL_ORDER         [queue size = 1]
2026-07-01 20:48:15 DEBUG: Order 0 arrived: items_required = [5977].     [orders_in_system = 1]
2026-07-01 20:48:15 DEBUG: Order 1 arrived: items_required = [8211].     [orders_in_system = 2]
2026-07-01 20:48:15 DEBUG: Order 2 arrived: items_required = [6950, 7007].     [orders_in_system = 3]
2026-07-01 20:48:15 DEBUG: Order 3 arrived: items_required = [7115].     [orders_in_system = 4]
2026-07-01 20:48:15 DEBUG: Order 4 arrived: items_required = [6181, 5694, 6917, 2168].     [orders_in_system = 5]
2026-07-01 20:48:15 DEBUG: Order 5 arrived: items_required = [5454, 5375].     [orders_in_system = 6]
2026-07-01 20:48:15 DEBUG: Order 6 arrived: items_required = [6674, 6008].     [orders_in_system = 7]
2026-07-01 20:48:15 DEBUG: Order 7 arrived: items_required = [4266].     [orders_in_system = 8]
2026-07-01 20:48:15 DEBUG: Order 8 arrived: items_required = [5283].     [orders_in_system = 9]
2026-07-01 20:48:15 DEBUG: Order 9 arrived: items_required = [3458, 6626].     [orders_in_system = 10]
2026-07-01 20:48:15 DEBUG: Order 10 arrived: items_required = [5078].     [orders_in_system = 11]
2026-07-01 20:48:15 DEBUG: Order 11 arrived: items_required = [6835, 7233, 6285, 8043, 4339, 4705].     [orders_in_system = 12]
2026-07-01 20:48:15 DEBUG: Order 12 arrived: items_required = [4200, 5631, 8128].     [orders_in_system = 13]
2026-07-01 20:48:15 DEBUG: Order 13 arrived: items_required = [5264, 6277].     [orders_in_system = 14]
2026-07-01 20:48:15 DEBUG: Order 14 arrived: items_required = [4134, 5080, 6580, 6141].     [orders_in_system = 15]
2026-07-01 20:48:15 DEBUG: Order 15 arrived: items_required = [9584, 7543, 7945, 2886].     [orders_in_system = 16]
2026-07-01 20:48:15 DEBUG: Order 16 arrived: items_required = [4857].     [orders_in_system = 17]
2026-07-01 20:48:15 DEBUG: Order 17 arrived: items_required = [5219, 6590].     [orders_in_system = 18]
2026-07-01 20:48:15 DEBUG: Order 18 arrived: items_required = [8111].     [orders_in_system = 19]
2026-07-01 20:48:15 DEBUG: Order 19 arrived: items_required = [8237].     [orders_in_system = 20]
2026-07-01 20:48:15 DEBUG: Order 20 arrived: items_required = [4105].     [orders_in_system = 21]
2026-07-01 20:48:15 DEBUG: Order 21 arrived: items_required = [6034].     [orders_in_system = 22]
2026-07-01 20:48:15 DEBUG: Order 22 arrived: items_required = [4028, 7840, 8052].     [orders_in_system = 23]
2026-07-01 20:48:15 DEBUG: Order 23 arrived: items_required = [4781, 1646, 4967, 1437].     [orders_in_system = 24]
2026-07-01 20:48:15 DEBUG: Order 24 arrived: items_required = [3198].     [orders_in_system = 25]
2026-07-01 20:48:15 DEBUG: Order 25 arrived: items_required = [3674].     [orders_in_system = 26]
2026-07-01 20:48:15 DEBUG: Order 26 arrived: items_required = [1640].     [orders_in_system = 27]
2026-07-01 20:48:15 DEBUG: Order 27 arrived: items_required = [6913, 6257].     [orders_in_system = 28]
2026-07-01 20:48:15 DEBUG: Order 28 arrived: items_required = [6445].     [orders_in_system = 29]
2026-07-01 20:48:15 DEBUG: Order 29 arrived: items_required = [4478, 5098].     [orders_in_system = 30]
2026-07-01 20:48:15 DEBUG: Order 30 arrived: items_required = [4356, 3045, 6036].     [orders_in_system = 31]
2026-07-01 20:48:15 DEBUG: Order 31 arrived: items_required = [5010, 7555, 4825, 3307, 5540, 5536].     [orders_in_system = 32]
2026-07-01 20:48:15 DEBUG: Order 32 arrived: items_required = [4133].     [orders_in_system = 33]
2026-07-01 20:48:15 DEBUG: Order 33 arrived: items_required = [5271, 6204, 7136, 3309].     [orders_in_system = 34]
2026-07-01 20:48:15 DEBUG: Order 34 arrived: items_required = [4468, 2809].     [orders_in_system = 35]
2026-07-01 20:48:15 DEBUG: Order 35 arrived: items_required = [3126, 10554, 6995, 5193].     [orders_in_system = 36]
2026-07-01 20:48:15 DEBUG: Order 36 arrived: items_required = [5851].     [orders_in_system = 37]
2026-07-01 20:48:15 DEBUG: Order 37 arrived: items_required = [4501].     [orders_in_system = 38]
2026-07-01 20:48:15 DEBUG: Order 38 arrived: items_required = [3522, 6421, 6012].     [orders_in_system = 39]
2026-07-01 20:48:15 DEBUG: Order 39 arrived: items_required = [3922].     [orders_in_system = 40]
2026-07-01 20:48:15 DEBUG: Order 40 arrived: items_required = [5382].     [orders_in_system = 41]
2026-07-01 20:48:15 DEBUG: Order 41 arrived: items_required = [3589, 5561, 5977, 7401].     [orders_in_system = 42]
2026-07-01 20:48:15 DEBUG: Order 42 arrived: items_required = [4732].     [orders_in_system = 43]
2026-07-01 20:48:15 DEBUG: Order 43 arrived: items_required = [6934, 7842, 5554, 6985, 2442].     [orders_in_system = 44]
2026-07-01 20:48:15 DEBUG: Order 44 arrived: items_required = [5877].     [orders_in_system = 45]
2026-07-01 20:48:15 DEBUG: Order 45 arrived: items_required = [5577].     [orders_in_system = 46]
2026-07-01 20:48:15 DEBUG: Order 46 arrived: items_required = [5593].     [orders_in_system = 47]
2026-07-01 20:48:15 DEBUG: Order 47 arrived: items_required = [6373, 3515].     [orders_in_system = 48]
2026-07-01 20:48:15 DEBUG: Order 48 arrived: items_required = [9449].     [orders_in_system = 49]
2026-07-01 20:48:15 DEBUG: Order 49 arrived: items_required = [8464, 7744, 5315].     [orders_in_system = 50]
2026-07-01 20:48:15 DEBUG: Order 50 arrived: items_required = [3842].     [orders_in_system = 51]
2026-07-01 20:48:15 DEBUG: Order 51 arrived: items_required = [4567].     [orders_in_system = 52]
2026-07-01 20:48:15 DEBUG: Order 52 arrived: items_required = [7369, 5452].     [orders_in_system = 53]
2026-07-01 20:48:15 DEBUG: Order 53 arrived: items_required = [3822].     [orders_in_system = 54]
2026-07-01 20:48:15 DEBUG: Order 54 arrived: items_required = [3065, 2506, 1838, 7481].     [orders_in_system = 55]
2026-07-01 20:48:15 DEBUG: Order 55 arrived: items_required = [3731].     [orders_in_system = 56]
2026-07-01 20:48:15 DEBUG: Order 56 arrived: items_required = [2291, 5120].     [orders_in_system = 57]
2026-07-01 20:48:15 DEBUG: Order 57 arrived: items_required = [6749, 1163].     [orders_in_system = 58]
2026-07-01 20:48:15 DEBUG: Order 58 arrived: items_required = [5385, 5719].     [orders_in_system = 59]
2026-07-01 20:48:15 DEBUG: Order 59 arrived: items_required = [4699].     [orders_in_system = 60]
2026-07-01 20:48:15 DEBUG: Order 60 arrived: items_required = [5219, 7705].     [orders_in_system = 61]
2026-07-01 20:48:15 DEBUG: Order 61 arrived: items_required = [6759, 6423].     [orders_in_system = 62]
2026-07-01 20:48:15 DEBUG: Order 62 arrived: items_required = [973, 3175].     [orders_in_system = 63]
2026-07-01 20:48:15 DEBUG: Order 63 arrived: items_required = [6685].     [orders_in_system = 64]
2026-07-01 20:48:15 DEBUG: Order 64 arrived: items_required = [7882].     [orders_in_system = 65]
2026-07-01 20:48:15 DEBUG: Order 65 arrived: items_required = [9941, 7328].     [orders_in_system = 66]
2026-07-01 20:48:15 DEBUG: Order 66 arrived: items_required = [5782].     [orders_in_system = 67]
2026-07-01 20:48:15 DEBUG: Order 67 arrived: items_required = [9172, 4972].     [orders_in_system = 68]
2026-07-01 20:48:15 DEBUG: Order 68 arrived: items_required = [5384].     [orders_in_system = 69]
2026-07-01 20:48:15 DEBUG: Order 69 arrived: items_required = [2104, 7091, 1256, 4849, 6739].     [orders_in_system = 70]
2026-07-01 20:48:15 DEBUG: Order 70 arrived: items_required = [5815].     [orders_in_system = 71]
2026-07-01 20:48:15 DEBUG: Order 71 arrived: items_required = [6454, 4434].     [orders_in_system = 72]
2026-07-01 20:48:15 DEBUG: Order 72 arrived: items_required = [7338, 6413].     [orders_in_system = 73]
2026-07-01 20:48:15 DEBUG: Order 73 arrived: items_required = [6980, 5319].     [orders_in_system = 74]
2026-07-01 20:48:15 DEBUG: Order 74 arrived: items_required = [5498, 4859].     [orders_in_system = 75]
2026-07-01 20:48:15 DEBUG: Order 75 arrived: items_required = [6437, 5042].     [orders_in_system = 76]
2026-07-01 20:48:15 DEBUG: Order 76 arrived: items_required = [6461, 7627, 9144].     [orders_in_system = 77]
2026-07-01 20:48:15 DEBUG: Order 77 arrived: items_required = [8670].     [orders_in_system = 78]
2026-07-01 20:48:15 DEBUG: Order 78 arrived: items_required = [4379].     [orders_in_system = 79]
2026-07-01 20:48:15 DEBUG: Order 79 arrived: items_required = [9943, 4216, 4208].     [orders_in_system = 80]
2026-07-01 20:48:15 DEBUG: Order 80 arrived: items_required = [4342, 6903, 6954, 5540, 3619, 9880].     [orders_in_system = 81]
2026-07-01 20:48:15 DEBUG: Order 81 arrived: items_required = [6855, 7393, 7936, 4606, 5373, 5700].     [orders_in_system = 82]
2026-07-01 20:48:15 DEBUG: Order 82 arrived: items_required = [8172].     [orders_in_system = 83]
2026-07-01 20:48:15 DEBUG: Order 83 arrived: items_required = [7630, 3816].     [orders_in_system = 84]
2026-07-01 20:48:15 DEBUG: Order 84 arrived: items_required = [5565].     [orders_in_system = 85]
2026-07-01 20:48:15 DEBUG: Order 85 arrived: items_required = [6711].     [orders_in_system = 86]
2026-07-01 20:48:15 DEBUG: Order 86 arrived: items_required = [5823].     [orders_in_system = 87]
2026-07-01 20:48:15 DEBUG: Order 87 arrived: items_required = [8368, 6002].     [orders_in_system = 88]
2026-07-01 20:48:15 DEBUG: Order 88 arrived: items_required = [10149].     [orders_in_system = 89]
2026-07-01 20:48:15 DEBUG: Order 89 arrived: items_required = [8115, 6601].     [orders_in_system = 90]
2026-07-01 20:48:15 DEBUG: Order 90 arrived: items_required = [7677].     [orders_in_system = 91]
2026-07-01 20:48:15 DEBUG: Order 91 arrived: items_required = [4007].     [orders_in_system = 92]
2026-07-01 20:48:15 DEBUG: Order 92 arrived: items_required = [5695].     [orders_in_system = 93]
2026-07-01 20:48:15 DEBUG: Order 93 arrived: items_required = [6447, 7271, 7378].     [orders_in_system = 94]
2026-07-01 20:48:15 DEBUG: Order 94 arrived: items_required = [5788, 7246, 5900, 6370, 9480].     [orders_in_system = 95]
2026-07-01 20:48:15 DEBUG: Order 95 arrived: items_required = [6724].     [orders_in_system = 96]
2026-07-01 20:48:15 DEBUG: Order 96 arrived: items_required = [6420, 7309].     [orders_in_system = 97]
2026-07-01 20:48:15 DEBUG: Order 97 arrived: items_required = [5969, 4978].     [orders_in_system = 98]
2026-07-01 20:48:15 DEBUG: Order 98 arrived: items_required = [7136, 6068].     [orders_in_system = 99]
2026-07-01 20:48:15 DEBUG: Order 99 arrived: items_required = [7930].     [orders_in_system = 100]
2026-07-01 20:48:15 DEBUG:    EVENT NUM 2     current_time = 00:00:01   RUN_OPTIMIZER         [queue size = 1]
2026-07-01 20:48:15 INFO: Solving stage 1 ... 
2026-07-01 20:48:15 INFO: 
[ls_stage1] Building initial solution ...
2026-07-01 20:48:15 INFO: [ls_stage1] Feasible initial solution: obj = 189.0000
2026-07-01 20:48:18 INFO: [ls_stage1] Iter 1: Improved with move ('swap', 9, 80) → 187.0000
2026-07-01 20:48:20 INFO: [ls_stage1] Iter 2: Improved with move ('swap', 38, 43) → 185.0000
2026-07-01 20:48:22 INFO: [ls_stage1] Iter 3: Improved with move ('swap', 37, 51) → 184.0000
2026-07-01 20:48:24 INFO: [ls_stage1] Iter 4: Improved with move ('swap', 16, 63) → 183.0000
2026-07-01 20:48:26 INFO: [ls_stage1] Iter 5: Improved with move ('swap', 55, 73) → 181.0000
2026-07-01 20:48:28 INFO: [ls_stage1] Iter 6: Improved with move ('swap', 26, 60) → 179.0000
2026-07-01 20:48:31 INFO: [ls_stage1] Iter 7: Improved with move ('swap', 23, 41) → 178.0000
2026-07-01 20:48:33 INFO: [ls_stage1] Iter 8: Improved with move ('swap', 1, 40) → 177.0000
2026-07-01 20:48:35 INFO: [ls_stage1] Iter 9: Improved with move ('swap', 3, 70) → 176.0000
2026-07-01 20:48:37 INFO: [ls_stage1] Iter 10: Improved with move ('swap', 2, 62) → 175.0000
2026-07-01 20:48:39 INFO: [ls_stage1] Iter 11: Improved with move ('moveto', 67, 3) → 174.0000
2026-07-01 20:48:41 INFO: [ls_stage1] Iter 12: Improved with move ('moveto', 66, 1) → 173.0000
2026-07-01 20:48:44 INFO: [ls_stage1] Iter 13: No improvement
2026-07-01 20:48:46 INFO: [ls_stage1] Iter 14: No improvement
2026-07-01 20:48:48 INFO: [ls_stage1] Converged after 3 iters without improvement
2026-07-01 20:48:48 INFO: Stage 1 solved.
2026-07-01 20:48:48 INFO: Solving stage 2 ... 
2026-07-01 20:48:48 INFO: [ls_stage2] Building initial solution ...
2026-07-01 20:54:04 INFO: [ls_stage2] Feasible initial solution: obj = -120.6204
2026-07-01 21:04:15 INFO: [ls_stage2] Iter 1: no improvement
2026-07-01 21:09:21 INFO: [ls_stage2] Iter 2: improved move=('order', 4, -4) obj=-116.3262
2026-07-01 21:19:38 INFO: [ls_stage2] Iter 3: no improvement
2026-07-01 21:29:06 INFO: [ls_stage2] Iter 4: no improvement
2026-07-01 21:33:53 INFO: [ls_stage2] Iter 5: no improvement
2026-07-01 21:33:53 INFO: [ls_stage2] Iter 6: no improvement
2026-07-01 21:33:54 INFO: [ls_stage2] Converged after 5 iters without improvement
2026-07-01 21:33:54 INFO: Stage 2 solved.
2026-07-01 21:34:09 DEBUG: Order 81 will be opened at workstation 0. [opened orders = 0 / 4]
2026-07-01 21:34:09 DEBUG: Order 64 will be opened at workstation 0. [opened orders = 0 / 4]
2026-07-01 21:34:09 DEBUG: Order 92 will be opened at workstation 0. [opened orders = 0 / 4]
2026-07-01 21:34:09 DEBUG: Order 8 will be opened at workstation 0. [opened orders = 0 / 4]
2026-07-01 21:34:09 DEBUG: Order 13 queued at workstation 0. [order_queue len = 1]
2026-07-01 21:34:09 DEBUG: Order 18 queued at workstation 0. [order_queue len = 2]
2026-07-01 21:34:09 DEBUG: Order 12 queued at workstation 0. [order_queue len = 3]
2026-07-01 21:34:09 DEBUG: Order 25 queued at workstation 0. [order_queue len = 4]
2026-07-01 21:34:09 DEBUG: Order 2 queued at workstation 0. [order_queue len = 5]
2026-07-01 21:34:09 DEBUG: Order 22 queued at workstation 0. [order_queue len = 6]
2026-07-01 21:34:09 DEBUG: Order 24 queued at workstation 0. [order_queue len = 7]
2026-07-01 21:34:09 DEBUG: Order 47 queued at workstation 0. [order_queue len = 8]
2026-07-01 21:34:09 DEBUG: Order 11 queued at workstation 0. [order_queue len = 9]
2026-07-01 21:34:09 DEBUG: Order 6 queued at workstation 0. [order_queue len = 10]
2026-07-01 21:34:09 DEBUG: Order 62 queued at workstation 0. [order_queue len = 11]
2026-07-01 21:34:09 DEBUG: Order 65 queued at workstation 0. [order_queue len = 12]
2026-07-01 21:34:09 DEBUG: Order 50 queued at workstation 0. [order_queue len = 13]
2026-07-01 21:34:09 DEBUG: Order 35 queued at workstation 0. [order_queue len = 14]
2026-07-01 21:34:09 DEBUG: Order 90 queued at workstation 0. [order_queue len = 15]
2026-07-01 21:34:09 DEBUG: Order 59 queued at workstation 0. [order_queue len = 16]
2026-07-01 21:34:09 DEBUG: Order 23 queued at workstation 0. [order_queue len = 17]
2026-07-01 21:34:09 DEBUG: Order 52 queued at workstation 0. [order_queue len = 18]
2026-07-01 21:34:09 DEBUG: Order 53 queued at workstation 0. [order_queue len = 19]
2026-07-01 21:34:09 DEBUG: Order 42 queued at workstation 0. [order_queue len = 20]
2026-07-01 21:34:09 DEBUG: Order 14 queued at workstation 0. [order_queue len = 21]
2026-07-01 21:34:09 DEBUG: Order 19 queued at workstation 0. [order_queue len = 22]
2026-07-01 21:34:09 DEBUG: Order 85 queued at workstation 0. [order_queue len = 23]
2026-07-01 21:34:09 DEBUG: Order 77 queued at workstation 0. [order_queue len = 24]
2026-07-01 21:34:09 DEBUG: Order 36 queued at workstation 0. [order_queue len = 25]
2026-07-01 21:34:09 DEBUG: Order 56 queued at workstation 0. [order_queue len = 26]
2026-07-01 21:34:09 DEBUG: Order 80 will be opened at workstation 1. [opened orders = 0 / 4]
2026-07-01 21:34:09 DEBUG: Order 30 will be opened at workstation 1. [opened orders = 0 / 4]
2026-07-01 21:34:09 DEBUG: Order 66 will be opened at workstation 1. [opened orders = 0 / 4]
2026-07-01 21:34:09 DEBUG: Order 31 will be opened at workstation 1. [opened orders = 0 / 4]
2026-07-01 21:34:09 DEBUG: Order 21 queued at workstation 1. [order_queue len = 1]
2026-07-01 21:34:09 DEBUG: Order 88 queued at workstation 1. [order_queue len = 2]
2026-07-01 21:34:09 DEBUG: Order 98 queued at workstation 1. [order_queue len = 3]
2026-07-01 21:34:09 DEBUG: Order 48 queued at workstation 1. [order_queue len = 4]
2026-07-01 21:34:09 DEBUG: Order 49 queued at workstation 1. [order_queue len = 5]
2026-07-01 21:34:09 DEBUG: Order 33 queued at workstation 1. [order_queue len = 6]
2026-07-01 21:34:09 DEBUG: Order 37 queued at workstation 1. [order_queue len = 7]
2026-07-01 21:34:09 DEBUG: Order 74 queued at workstation 1. [order_queue len = 8]
2026-07-01 21:34:09 DEBUG: Order 73 queued at workstation 1. [order_queue len = 9]
2026-07-01 21:34:09 DEBUG: Order 44 queued at workstation 1. [order_queue len = 10]
2026-07-01 21:34:09 DEBUG: Order 82 queued at workstation 1. [order_queue len = 11]
2026-07-01 21:34:09 DEBUG: Order 99 queued at workstation 1. [order_queue len = 12]
2026-07-01 21:34:09 DEBUG: Order 26 queued at workstation 1. [order_queue len = 13]
2026-07-01 21:34:09 DEBUG: Order 63 queued at workstation 1. [order_queue len = 14]
2026-07-01 21:34:09 DEBUG: Order 54 queued at workstation 1. [order_queue len = 15]
2026-07-01 21:34:09 DEBUG: Order 58 queued at workstation 1. [order_queue len = 16]
2026-07-01 21:34:09 DEBUG: Order 61 queued at workstation 1. [order_queue len = 17]
2026-07-01 21:34:09 DEBUG: Order 34 queued at workstation 1. [order_queue len = 18]
2026-07-01 21:34:09 DEBUG: Order 72 queued at workstation 1. [order_queue len = 19]
2026-07-01 21:34:09 DEBUG: Order 71 queued at workstation 1. [order_queue len = 20]
2026-07-01 21:34:09 DEBUG: Order 20 will be opened at workstation 2. [opened orders = 0 / 4]
2026-07-01 21:34:09 DEBUG: Order 16 will be opened at workstation 2. [opened orders = 0 / 4]
2026-07-01 21:34:09 DEBUG: Order 95 will be opened at workstation 2. [opened orders = 0 / 4]
2026-07-01 21:34:09 DEBUG: Order 93 will be opened at workstation 2. [opened orders = 0 / 4]
2026-07-01 21:34:09 DEBUG: Order 84 queued at workstation 2. [order_queue len = 1]
2026-07-01 21:34:09 DEBUG: Order 15 queued at workstation 2. [order_queue len = 2]
2026-07-01 21:34:09 DEBUG: Order 87 queued at workstation 2. [order_queue len = 3]
2026-07-01 21:34:09 DEBUG: Order 41 queued at workstation 2. [order_queue len = 4]
2026-07-01 21:34:09 DEBUG: Order 5 queued at workstation 2. [order_queue len = 5]
2026-07-01 21:34:09 DEBUG: Order 55 queued at workstation 2. [order_queue len = 6]
2026-07-01 21:34:09 DEBUG: Order 83 queued at workstation 2. [order_queue len = 7]
2026-07-01 21:34:09 DEBUG: Order 32 queued at workstation 2. [order_queue len = 8]
2026-07-01 21:34:09 DEBUG: Order 43 will be opened at workstation 3. [opened orders = 0 / 4]
2026-07-01 21:34:09 DEBUG: Order 97 will be opened at workstation 3. [opened orders = 0 / 4]
2026-07-01 21:34:09 DEBUG: Order 29 will be opened at workstation 3. [opened orders = 0 / 4]
2026-07-01 21:34:09 DEBUG: Order 4 will be opened at workstation 3. [opened orders = 0 / 4]
2026-07-01 21:34:09 DEBUG: Order 78 queued at workstation 3. [order_queue len = 1]
2026-07-01 21:34:09 DEBUG: Order 86 queued at workstation 3. [order_queue len = 2]
2026-07-01 21:34:09 WARNING: Task designing ended. Optimizer designed 144 tasks.
2026-07-01 21:34:09 DEBUG:    EVENT NUM 3     current_time = 00:00:01   RELEASE_TASK          [queue size = 161]
2026-07-01 21:34:09 DEBUG: Task 0 released: pod 462 required by workstation(s) [1].  [released tasks = 1]
2026-07-01 21:34:09 DEBUG:    EVENT NUM 4     current_time = 00:00:01   OPEN_ORDER            [queue size = 161]
2026-07-01 21:34:09 DEBUG: Order 81 (skus required = {7936, 7393, 5700, 6855, 5373, 4606}) opened at workstation 0.   [open_orders = 1/4]
2026-07-01 21:34:09 DEBUG:    EVENT NUM 5     current_time = 00:00:01   OPEN_ORDER            [queue size = 161]
2026-07-01 21:34:09 DEBUG: Order 64 (skus required = {7882}) opened at workstation 0.   [open_orders = 2/4]
2026-07-01 21:34:09 DEBUG:    EVENT NUM 6     current_time = 00:00:01   OPEN_ORDER            [queue size = 161]
2026-07-01 21:34:09 DEBUG: Order 92 (skus required = {5695}) opened at workstation 0.   [open_orders = 3/4]
2026-07-01 21:34:09 DEBUG:    EVENT NUM 7     current_time = 00:00:01   OPEN_ORDER            [queue size = 161]
2026-07-01 21:34:09 DEBUG: Order 8 (skus required = {5283}) opened at workstation 0.   [open_orders = 4/4]
2026-07-01 21:34:09 DEBUG:    EVENT NUM 8     current_time = 00:00:01   OPEN_ORDER            [queue size = 161]
2026-07-01 21:34:09 DEBUG: Order 80 (skus required = {3619, 5540, 6954, 4342, 6903, 9880}) opened at workstation 1.   [open_orders = 1/4]
2026-07-01 21:34:09 DEBUG:    EVENT NUM 9     current_time = 00:00:01   OPEN_ORDER            [queue size = 161]
2026-07-01 21:34:09 DEBUG: Order 30 (skus required = {6036, 4356, 3045}) opened at workstation 1.   [open_orders = 2/4]
2026-07-01 21:34:09 DEBUG:    EVENT NUM 10    current_time = 00:00:01   OPEN_ORDER            [queue size = 161]
2026-07-01 21:34:09 DEBUG: Order 66 (skus required = {5782}) opened at workstation 1.   [open_orders = 3/4]
2026-07-01 21:34:09 DEBUG:    EVENT NUM 11    current_time = 00:00:01   OPEN_ORDER            [queue size = 161]
2026-07-01 21:34:09 DEBUG: Order 31 (skus required = {5536, 7555, 5540, 3307, 5010, 4825}) opened at workstation 1.   [open_orders = 4/4]
2026-07-01 21:34:09 DEBUG:    EVENT NUM 12    current_time = 00:00:01   OPEN_ORDER            [queue size = 161]
2026-07-01 21:34:09 DEBUG: Order 20 (skus required = {4105}) opened at workstation 2.   [open_orders = 1/4]
2026-07-01 21:34:09 DEBUG:    EVENT NUM 13    current_time = 00:00:01   OPEN_ORDER            [queue size = 161]
2026-07-01 21:34:09 DEBUG: Order 16 (skus required = {4857}) opened at workstation 2.   [open_orders = 2/4]
2026-07-01 21:34:09 DEBUG:    EVENT NUM 14    current_time = 00:00:01   OPEN_ORDER            [queue size = 161]
2026-07-01 21:34:09 DEBUG: Order 95 (skus required = {6724}) opened at workstation 2.   [open_orders = 3/4]
2026-07-01 21:34:09 DEBUG:    EVENT NUM 15    current_time = 00:00:01   OPEN_ORDER            [queue size = 161]
2026-07-01 21:34:09 DEBUG: Order 93 (skus required = {7378, 7271, 6447}) opened at workstation 2.   [open_orders = 4/4]
2026-07-01 21:34:09 DEBUG:    EVENT NUM 16    current_time = 00:00:01   OPEN_ORDER            [queue size = 161]
2026-07-01 21:34:09 DEBUG: Order 43 (skus required = {7842, 6985, 2442, 5554, 6934}) opened at workstation 3.   [open_orders = 1/4]
2026-07-01 21:34:09 DEBUG:    EVENT NUM 17    current_time = 00:00:01   OPEN_ORDER            [queue size = 161]
2026-07-01 21:34:09 DEBUG: Order 97 (skus required = {5969, 4978}) opened at workstation 3.   [open_orders = 2/4]
2026-07-01 21:34:09 DEBUG:    EVENT NUM 18    current_time = 00:00:01   OPEN_ORDER            [queue size = 161]
2026-07-01 21:34:09 DEBUG: Order 29 (skus required = {5098, 4478}) opened at workstation 3.   [open_orders = 3/4]
2026-07-01 21:34:09 DEBUG:    EVENT NUM 19    current_time = 00:00:01   OPEN_ORDER            [queue size = 161]
2026-07-01 21:34:09 DEBUG: Order 4 (skus required = {2168, 6917, 6181, 5694}) opened at workstation 3.   [open_orders = 4/4]
2026-07-01 21:34:09 DEBUG:    EVENT NUM 20    current_time = 00:00:01   START_TASK            [queue size = 161]
2026-07-01 21:34:09 DEBUG: Task 0 started: robot 10 → pod 462 → workstation 1 for orders {80, 30} (arrival = 32.8 s).   [idle robots = 19/20]
2026-07-01 21:34:09 DEBUG:    EVENT NUM 21    current_time = 00:00:01   START_TASK            [queue size = 161]
2026-07-01 21:34:09 DEBUG:    EVENT NUM 22    current_time = 00:00:01   START_TASK            [queue size = 160]
2026-07-01 21:34:09 DEBUG:    EVENT NUM 23    current_time = 00:00:01   START_TASK            [queue size = 159]
2026-07-01 21:34:09 DEBUG:    EVENT NUM 24    current_time = 00:00:01   START_TASK            [queue size = 158]
2026-07-01 21:34:09 DEBUG:    EVENT NUM 25    current_time = 00:00:01   START_TASK            [queue size = 157]
2026-07-01 21:34:09 DEBUG:    EVENT NUM 26    current_time = 00:00:01   START_TASK            [queue size = 156]
2026-07-01 21:34:09 DEBUG:    EVENT NUM 27    current_time = 00:00:01   START_TASK            [queue size = 155]
2026-07-01 21:34:09 DEBUG:    EVENT NUM 28    current_time = 00:00:01   START_TASK            [queue size = 154]
2026-07-01 21:34:09 DEBUG:    EVENT NUM 29    current_time = 00:00:01   START_TASK            [queue size = 153]
2026-07-01 21:34:09 DEBUG:    EVENT NUM 30    current_time = 00:00:01   START_TASK            [queue size = 152]
2026-07-01 21:34:09 DEBUG:    EVENT NUM 31    current_time = 00:00:01   START_TASK            [queue size = 151]
2026-07-01 21:34:09 DEBUG:    EVENT NUM 32    current_time = 00:00:01   START_TASK            [queue size = 150]
2026-07-01 21:34:09 DEBUG:    EVENT NUM 33    current_time = 00:00:01   START_TASK            [queue size = 149]
2026-07-01 21:34:09 DEBUG:    EVENT NUM 34    current_time = 00:00:01   START_TASK            [queue size = 148]
2026-07-01 21:34:09 DEBUG:    EVENT NUM 35    current_time = 00:00:01   START_TASK            [queue size = 147]
2026-07-01 21:34:09 DEBUG:    EVENT NUM 36    current_time = 00:00:01   START_TASK            [queue size = 146]
2026-07-01 21:34:09 DEBUG:    EVENT NUM 37    current_time = 00:00:03   RELEASE_TASK          [queue size = 145]
2026-07-01 21:34:09 DEBUG: Task 1 released: pod 490 required by workstation(s) [3].  [released tasks = 1]
2026-07-01 21:34:09 DEBUG:    EVENT NUM 38    current_time = 00:00:03   START_TASK            [queue size = 145]
2026-07-01 21:34:09 DEBUG: Task 1 started: robot 7 → pod 490 → workstation 3 for orders {43} (arrival = 33.1 s).   [idle robots = 18/20]
2026-07-01 21:34:09 DEBUG:    EVENT NUM 39    current_time = 00:00:05   ARRIVAL_ORDER         [queue size = 145]
2026-07-01 21:34:09 DEBUG: Order 100 arrived: items_required = [11234, 6478].     [orders_in_system = 101]
2026-07-01 21:34:09 DEBUG:    EVENT NUM 40    current_time = 00:00:05   RELEASE_TASK          [queue size = 145]
2026-07-01 21:34:09 DEBUG: Task 2 released: pod 486 required by workstation(s) [0].  [released tasks = 1]
2026-07-01 21:34:09 DEBUG:    EVENT NUM 41    current_time = 00:00:05   START_TASK            [queue size = 145]
2026-07-01 21:34:09 DEBUG: Task 2 started: robot 9 → pod 486 → workstation 0 for orders {81} (arrival = 29.7 s).   [idle robots = 17/20]
2026-07-01 21:34:09 DEBUG:    EVENT NUM 42    current_time = 00:00:07   RELEASE_TASK          [queue size = 145]
2026-07-01 21:34:09 DEBUG: Task 3 released: pod 339 required by workstation(s) [3].  [released tasks = 1]
2026-07-01 21:34:09 DEBUG:    EVENT NUM 43    current_time = 00:00:07   START_TASK            [queue size = 145]
2026-07-01 21:34:09 DEBUG: Task 3 started: robot 17 → pod 339 → workstation 3 for orders {43} (arrival = 54.0 s).   [idle robots = 16/20]
2026-07-01 21:34:09 DEBUG:    EVENT NUM 44    current_time = 00:00:09   RELEASE_TASK          [queue size = 145]
2026-07-01 21:34:09 DEBUG: Task 4 released: pod 504 required by workstation(s) [2].  [released tasks = 1]
2026-07-01 21:34:09 DEBUG:    EVENT NUM 45    current_time = 00:00:09   START_TASK            [queue size = 145]
2026-07-01 21:34:09 DEBUG: Task 4 started: robot 15 → pod 504 → workstation 2 for orders {20} (arrival = 79.5 s).   [idle robots = 15/20]
2026-07-01 21:34:09 DEBUG:    EVENT NUM 46    current_time = 00:00:10   ARRIVAL_ORDER         [queue size = 145]
2026-07-01 21:34:09 DEBUG: Order 101 arrived: items_required = [7722, 4997, 6568, 6271].     [orders_in_system = 102]
2026-07-01 21:34:09 DEBUG:    EVENT NUM 47    current_time = 00:00:11   RELEASE_TASK          [queue size = 145]
2026-07-01 21:34:09 DEBUG: Task 5 released: pod 441 required by workstation(s) [3].  [released tasks = 1]
2026-07-01 21:34:09 DEBUG:    EVENT NUM 48    current_time = 00:00:11   START_TASK            [queue size = 145]
2026-07-01 21:34:09 DEBUG: Task 5 started: robot 14 → pod 441 → workstation 3 for orders {43} (arrival = 61.6 s).   [idle robots = 14/20]
2026-07-01 21:34:09 DEBUG:    EVENT NUM 49    current_time = 00:00:13   RELEASE_TASK          [queue size = 145]
2026-07-01 21:34:09 DEBUG: Task 6 released: pod 476 required by workstation(s) [1].  [released tasks = 1]
2026-07-01 21:34:09 DEBUG:    EVENT NUM 50    current_time = 00:00:13   START_TASK            [queue size = 145]
2026-07-01 21:34:09 DEBUG: Task 6 started: robot 4 → pod 476 → workstation 1 for orders {80, 66} (arrival = 104.9 s).   [idle robots = 13/20]
2026-07-01 21:34:09 DEBUG:    EVENT NUM 51    current_time = 00:00:15   ARRIVAL_ORDER         [queue size = 145]
2026-07-01 21:34:09 DEBUG: Order 102 arrived: items_required = [3237].     [orders_in_system = 103]
2026-07-01 21:34:09 DEBUG:    EVENT NUM 52    current_time = 00:00:15   RELEASE_TASK          [queue size = 145]
2026-07-01 21:34:09 DEBUG: Task 7 released: pod 279 required by workstation(s) [0].  [released tasks = 1]
2026-07-01 21:34:09 DEBUG:    EVENT NUM 53    current_time = 00:00:15   START_TASK            [queue size = 145]
2026-07-01 21:34:09 DEBUG: Task 7 started: robot 19 → pod 279 → workstation 0 for orders {81} (arrival = 107.2 s).   [idle robots = 12/20]
2026-07-01 21:34:09 DEBUG:    EVENT NUM 54    current_time = 00:00:17   RELEASE_TASK          [queue size = 145]
2026-07-01 21:34:09 DEBUG: Task 8 released: pod 417 required by workstation(s) [3].  [released tasks = 1]
2026-07-01 21:34:09 DEBUG:    EVENT NUM 55    current_time = 00:00:17   START_TASK            [queue size = 145]
2026-07-01 21:34:09 DEBUG: Task 8 started: robot 6 → pod 417 → workstation 3 for orders {43} (arrival = 69.0 s).   [idle robots = 11/20]
2026-07-01 21:34:09 DEBUG:    EVENT NUM 56    current_time = 00:00:19   RELEASE_TASK          [queue size = 145]
2026-07-01 21:34:09 DEBUG: Task 9 released: pod 368 required by workstation(s) [0].  [released tasks = 1]
2026-07-01 21:34:09 DEBUG:    EVENT NUM 57    current_time = 00:00:19   START_TASK            [queue size = 145]
2026-07-01 21:34:09 DEBUG: Task 9 started: robot 3 → pod 368 → workstation 0 for orders {64} (arrival = 107.7 s).   [idle robots = 10/20]
2026-07-01 21:34:09 DEBUG:    EVENT NUM 58    current_time = 00:00:20   ARRIVAL_ORDER         [queue size = 145]
2026-07-01 21:34:09 DEBUG: Order 103 arrived: items_required = [2042, 4291, 6236].     [orders_in_system = 104]
2026-07-01 21:34:09 DEBUG:    EVENT NUM 59    current_time = 00:00:21   RELEASE_TASK          [queue size = 145]
2026-07-01 21:34:09 DEBUG: Task 10 released: pod 484 required by workstation(s) [2].  [released tasks = 1]
2026-07-01 21:34:09 DEBUG:    EVENT NUM 60    current_time = 00:00:21   START_TASK            [queue size = 145]
2026-07-01 21:34:09 DEBUG: Task 10 started: robot 0 → pod 484 → workstation 2 for orders {16} (arrival = 71.2 s).   [idle robots = 9/20]
2026-07-01 21:34:09 DEBUG:    EVENT NUM 61    current_time = 00:00:24   RELEASE_TASK          [queue size = 145]
2026-07-01 21:34:09 DEBUG: Task 11 released: pod 169 required by workstation(s) [1].  [released tasks = 1]
2026-07-01 21:34:09 DEBUG:    EVENT NUM 62    current_time = 00:00:24   START_TASK            [queue size = 145]
2026-07-01 21:34:09 DEBUG: Task 11 started: robot 13 → pod 169 → workstation 1 for orders {80, 31} (arrival = 130.7 s).   [idle robots = 8/20]
2026-07-01 21:34:09 DEBUG:    EVENT NUM 63    current_time = 00:00:25   ARRIVAL_ORDER         [queue size = 145]
2026-07-01 21:34:09 DEBUG: Order 104 arrived: items_required = [6730, 9020].     [orders_in_system = 105]
2026-07-01 21:34:09 DEBUG:    EVENT NUM 64    current_time = 00:00:26   RELEASE_TASK          [queue size = 145]
2026-07-01 21:34:09 DEBUG: Task 12 released: pod 269 required by workstation(s) [0].  [released tasks = 1]
2026-07-01 21:34:09 DEBUG:    EVENT NUM 65    current_time = 00:00:26   START_TASK            [queue size = 145]
2026-07-01 21:34:09 DEBUG: Task 12 started: robot 8 → pod 269 → workstation 0 for orders {92} (arrival = 130.0 s).   [idle robots = 7/20]
2026-07-01 21:34:09 DEBUG:    EVENT NUM 66    current_time = 00:00:28   RELEASE_TASK          [queue size = 145]
2026-07-01 21:34:09 DEBUG: Task 13 released: pod 296 required by workstation(s) [0].  [released tasks = 1]
2026-07-01 21:34:09 DEBUG:    EVENT NUM 67    current_time = 00:00:28   START_TASK            [queue size = 145]
2026-07-01 21:34:09 DEBUG: Task 13 started: robot 5 → pod 296 → workstation 0 for orders {8} (arrival = 140.1 s).   [idle robots = 6/20]
2026-07-01 21:34:09 DEBUG:    EVENT NUM 68    current_time = 00:00:29   ARRIVAL_POD_WST       [queue size = 145]
2026-07-01 21:34:09 DEBUG: Pod 486 arrived at workstation 0 - status = IDLE
2026-07-01 21:34:09 DEBUG: Pod queued at workstation.    [picking_buffer = {2: 29.654870675971274}]
2026-07-01 21:34:09 DEBUG:    EVENT NUM 69    current_time = 00:00:29   START_PICKING         [queue size = 145]
2026-07-01 21:34:09 DEBUG: Processing task 2 at workstation 0: picking items {7936} for orders {81}
2026-07-01 21:34:09 DEBUG:    EVENT NUM 70    current_time = 00:00:30   ARRIVAL_ORDER         [queue size = 145]
2026-07-01 21:34:09 DEBUG: Order 105 arrived: items_required = [6398, 7863].     [orders_in_system = 106]
2026-07-01 21:34:09 DEBUG:    EVENT NUM 71    current_time = 00:00:30   RELEASE_TASK          [queue size = 145]
2026-07-01 21:34:09 DEBUG: Task 14 released: pod 76 required by workstation(s) [0].  [released tasks = 1]
2026-07-01 21:34:09 DEBUG:    EVENT NUM 72    current_time = 00:00:30   START_TASK            [queue size = 145]
2026-07-01 21:34:09 DEBUG: Task 14 started: robot 11 → pod 76 → workstation 0 for orders {81} (arrival = 160.9 s).   [idle robots = 5/20]
2026-07-01 21:34:09 DEBUG:    EVENT NUM 73    current_time = 00:00:32   RELEASE_TASK          [queue size = 145]
2026-07-01 21:34:09 DEBUG: Task 15 released: pod 590 required by workstation(s) [1].  [released tasks = 1]
2026-07-01 21:34:09 DEBUG:    EVENT NUM 74    current_time = 00:00:32   START_TASK            [queue size = 145]
2026-07-01 21:34:09 DEBUG: Task 15 started: robot 16 → pod 590 → workstation 1 for orders {80} (arrival = 62.5 s).   [idle robots = 4/20]
2026-07-01 21:34:09 DEBUG:    EVENT NUM 75    current_time = 00:00:32   ARRIVAL_POD_WST       [queue size = 145]
2026-07-01 21:34:09 DEBUG: Pod 462 arrived at workstation 1 - status = IDLE
2026-07-01 21:34:09 DEBUG: Pod queued at workstation.    [picking_buffer = {0: 32.817857866097405}]
2026-07-01 21:34:09 DEBUG:    EVENT NUM 76    current_time = 00:00:32   START_PICKING         [queue size = 145]
2026-07-01 21:34:09 DEBUG: Processing task 0 at workstation 1: picking items {9880, 6036} for orders {80, 30}
2026-07-01 21:34:09 DEBUG:    EVENT NUM 77    current_time = 00:00:33   ARRIVAL_POD_WST       [queue size = 145]
2026-07-01 21:34:09 DEBUG: Pod 490 arrived at workstation 3 - status = IDLE
2026-07-01 21:34:09 DEBUG: Pod queued at workstation.    [picking_buffer = {1: 33.14072823977177}]
2026-07-01 21:34:09 DEBUG:    EVENT NUM 78    current_time = 00:00:33   START_PICKING         [queue size = 145]
2026-07-01 21:34:09 DEBUG: Processing task 1 at workstation 3: picking items {5554} for orders {43}
2026-07-01 21:34:09 DEBUG:    EVENT NUM 79    current_time = 00:00:34   RELEASE_TASK          [queue size = 145]
2026-07-01 21:34:09 DEBUG: Task 16 released: pod 273 required by workstation(s) [0].  [released tasks = 1]
2026-07-01 21:34:09 DEBUG:    EVENT NUM 80    current_time = 00:00:34   START_TASK            [queue size = 145]
2026-07-01 21:34:09 DEBUG: Task 16 started: robot 2 → pod 273 → workstation 0 for orders {81} (arrival = 156.8 s).   [idle robots = 3/20]
2026-07-01 21:34:09 DEBUG:    EVENT NUM 81    current_time = 00:00:35   ARRIVAL_ORDER         [queue size = 145]
2026-07-01 21:34:09 DEBUG: Order 106 arrived: items_required = [8337, 1282, 7195].     [orders_in_system = 107]
2026-07-01 21:34:09 DEBUG:    EVENT NUM 82    current_time = 00:00:36   RELEASE_TASK          [queue size = 145]
2026-07-01 21:34:09 DEBUG: Task 17 released: pod 437 required by workstation(s) [1].  [released tasks = 1]
2026-07-01 21:34:09 DEBUG:    EVENT NUM 83    current_time = 00:00:36   START_TASK            [queue size = 145]
2026-07-01 21:34:09 DEBUG: Task 17 started: robot 1 → pod 437 → workstation 1 for orders {31} (arrival = 70.7 s).   [idle robots = 2/20]
2026-07-01 21:34:09 DEBUG:    EVENT NUM 84    current_time = 00:00:38   RELEASE_TASK          [queue size = 145]
2026-07-01 21:34:09 DEBUG: Task 18 released: pod 198 required by workstation(s) [0].  [released tasks = 1]
2026-07-01 21:34:09 DEBUG:    EVENT NUM 85    current_time = 00:00:38   START_TASK            [queue size = 145]
2026-07-01 21:34:09 DEBUG: Task 18 started: robot 18 → pod 198 → workstation 0 for orders {81} (arrival = 180.5 s).   [idle robots = 1/20]
2026-07-01 21:34:09 DEBUG:    EVENT NUM 86    current_time = 00:00:39   END_PICKING           [queue size = 145]
2026-07-01 21:34:09 DEBUG: Ended picking at workstation 0.    [picking_buffer len = {}]
2026-07-01 21:34:09 DEBUG: Task should have served orders {81}, found open orders {64, 81, 92, 8}.
2026-07-01 21:34:09 DEBUG: Task 2 completed: pod 486 returning to storage.
2026-07-01 21:34:09 DEBUG:    EVENT NUM 87    current_time = 00:00:40   ARRIVAL_ORDER         [queue size = 145]
2026-07-01 21:34:09 DEBUG: Order 107 arrived: items_required = [2784].     [orders_in_system = 108]
2026-07-01 21:34:09 DEBUG:    EVENT NUM 88    current_time = 00:00:40   RELEASE_TASK          [queue size = 145]
2026-07-01 21:34:09 DEBUG: Task 19 released: pod 414 required by workstation(s) [1].  [released tasks = 1]
2026-07-01 21:34:09 DEBUG:    EVENT NUM 89    current_time = 00:00:40   START_TASK            [queue size = 145]
2026-07-01 21:34:09 DEBUG: Task 19 started: robot 12 → pod 414 → workstation 1 for orders {30} (arrival = 95.7 s).   [idle robots = 0/20]
2026-07-01 21:34:09 DEBUG:    EVENT NUM 90    current_time = 00:00:42   RELEASE_TASK          [queue size = 145]
2026-07-01 21:34:09 DEBUG: Task 20 released: pod 391 required by workstation(s) [1].  [released tasks = 1]
2026-07-01 21:34:09 DEBUG:    EVENT NUM 91    current_time = 00:00:43   END_PICKING           [queue size = 144]
2026-07-01 21:34:09 DEBUG: Ended picking at workstation 3.    [picking_buffer len = {}]
2026-07-01 21:34:09 DEBUG: Task should have served orders {43}, found open orders {97, 43, 4, 29}.
2026-07-01 21:34:09 DEBUG: Task 1 completed: pod 490 returning to storage.
2026-07-01 21:34:09 DEBUG:    EVENT NUM 92    current_time = 00:00:45   ARRIVAL_ORDER         [queue size = 144]
2026-07-01 21:34:09 DEBUG: Order 108 arrived: items_required = [7354].     [orders_in_system = 109]
2026-07-01 21:34:09 DEBUG:    EVENT NUM 93    current_time = 00:00:45   RELEASE_TASK          [queue size = 144]
2026-07-01 21:34:09 DEBUG: Task 21 released: pod 374 required by workstation(s) [0].  [released tasks = 2]
2026-07-01 21:34:09 DEBUG:    EVENT NUM 94    current_time = 00:00:47   RELEASE_TASK          [queue size = 143]
2026-07-01 21:34:09 DEBUG: Task 22 released: pod 162 required by workstation(s) [1].  [released tasks = 3]
2026-07-01 21:34:09 DEBUG:    EVENT NUM 95    current_time = 00:00:47   END_PICKING           [queue size = 142]
2026-07-01 21:34:09 DEBUG: Ended picking at workstation 1.    [picking_buffer len = {}]
2026-07-01 21:34:09 DEBUG: Task should have served orders {80, 30}, found open orders {80, 66, 30, 31}.
2026-07-01 21:34:09 DEBUG: Task 0 completed: pod 462 returning to storage.
2026-07-01 21:34:09 DEBUG:    EVENT NUM 96    current_time = 00:00:49   RELEASE_TASK          [queue size = 142]
2026-07-01 21:34:09 DEBUG: Task 23 released: pod 509 required by workstation(s) [0].  [released tasks = 4]
2026-07-01 21:34:09 DEBUG:    EVENT NUM 97    current_time = 00:00:50   ARRIVAL_ORDER         [queue size = 141]
2026-07-01 21:34:09 DEBUG: Order 109 arrived: items_required = [5405, 3825].     [orders_in_system = 110]
2026-07-01 21:34:09 DEBUG:    EVENT NUM 98    current_time = 00:00:51   RELEASE_TASK          [queue size = 141]
2026-07-01 21:34:09 DEBUG: Task 24 released: pod 507 required by workstation(s) [0].  [released tasks = 5]
2026-07-01 21:34:09 DEBUG:    EVENT NUM 99    current_time = 00:00:53   RELEASE_TASK          [queue size = 140]
2026-07-01 21:34:09 DEBUG: Task 25 released: pod 516 required by workstation(s) [0].  [released tasks = 6]
2026-07-01 21:34:09 DEBUG:    EVENT NUM 100   current_time = 00:00:54   ARRIVAL_POD_WST       [queue size = 139]
2026-07-01 21:34:09 DEBUG: Pod 339 arrived at workstation 3 - status = IDLE
2026-07-01 21:34:09 DEBUG: Pod queued at workstation.    [picking_buffer = {3: 54.03061020306246}]
2026-07-01 21:34:09 DEBUG:    EVENT NUM 101   current_time = 00:00:54   START_PICKING         [queue size = 139]
2026-07-01 21:34:09 DEBUG: Processing task 3 at workstation 3: picking items {7842} for orders {43}
2026-07-01 21:34:09 DEBUG:    EVENT NUM 102   current_time = 00:00:55   ARRIVAL_ORDER         [queue size = 139]
2026-07-01 21:34:09 DEBUG: Order 110 arrived: items_required = [3240, 4780].     [orders_in_system = 111]
2026-07-01 21:34:09 DEBUG:    EVENT NUM 103   current_time = 00:00:55   RELEASE_TASK          [queue size = 139]
2026-07-01 21:34:09 DEBUG: Task 26 released: pod 367 required by workstation(s) [0].  [released tasks = 7]
2026-07-01 21:34:09 DEBUG:    EVENT NUM 104   current_time = 00:00:57   RELEASE_TASK          [queue size = 138]
2026-07-01 21:34:09 DEBUG: Task 27 released: pod 112 required by workstation(s) [0].  [released tasks = 8]
2026-07-01 21:34:09 DEBUG:    EVENT NUM 105   current_time = 00:00:59   RELEASE_TASK          [queue size = 137]
2026-07-01 21:34:09 DEBUG: Task 28 released: pod 392 required by workstation(s) [1].  [released tasks = 9]
2026-07-01 21:34:09 DEBUG:    EVENT NUM 106   current_time = 00:01:00   ARRIVAL_ORDER         [queue size = 136]
2026-07-01 21:34:09 DEBUG: Order 111 arrived: items_required = [4594].     [orders_in_system = 112]
2026-07-01 21:34:09 DEBUG:    EVENT NUM 107   current_time = 00:01:01   ARRIVAL_POD_WST       [queue size = 136]
2026-07-01 21:34:09 DEBUG: Pod 441 arrived at workstation 3 - status = BUSY
2026-07-01 21:34:09 DEBUG: Pod queued at workstation.    [picking_buffer = {5: 61.60615938180236}]
2026-07-01 21:34:09 DEBUG:    EVENT NUM 108   current_time = 00:01:01   RELEASE_TASK          [queue size = 135]
2026-07-01 21:34:09 DEBUG: Task 29 released: pod 239 required by workstation(s) [0].  [released tasks = 10]
2026-07-01 21:34:09 DEBUG:    EVENT NUM 109   current_time = 00:01:02   ARRIVAL_POD_WST       [queue size = 134]
2026-07-01 21:34:09 DEBUG: Pod 590 arrived at workstation 1 - status = IDLE
2026-07-01 21:34:09 DEBUG: Pod queued at workstation.    [picking_buffer = {15: 62.465495607501886}]
2026-07-01 21:34:09 DEBUG:    EVENT NUM 110   current_time = 00:01:02   START_PICKING         [queue size = 134]
2026-07-01 21:34:09 DEBUG: Processing task 15 at workstation 1: picking items {6954} for orders {80}
2026-07-01 21:34:09 DEBUG:    EVENT NUM 111   current_time = 00:01:03   RELEASE_TASK          [queue size = 134]
2026-07-01 21:34:09 DEBUG: Task 30 released: pod 130 required by workstation(s) [0].  [released tasks = 11]
2026-07-01 21:34:09 DEBUG:    EVENT NUM 112   current_time = 00:01:03   RETURN_POD            [queue size = 133]
2026-07-01 21:34:09 DEBUG: Pod 486 returned. Robot 9 idle.   [idle robots = 1/20, released tasks = 11]
2026-07-01 21:34:09 DEBUG:    EVENT NUM 113   current_time = 00:01:03   START_TASK            [queue size = 133]
2026-07-01 21:34:09 DEBUG: Task 20 started: robot 9 → pod 391 → workstation 1 for orders {80} (arrival = 130.6 s).   [idle robots = 0/20]
2026-07-01 21:34:09 DEBUG:    EVENT NUM 114   current_time = 00:01:04   END_PICKING           [queue size = 133]
2026-07-01 21:34:09 DEBUG: Ended picking at workstation 3.    [picking_buffer len = {5: 61.60615938180236}]
2026-07-01 21:34:09 DEBUG: Task should have served orders {43}, found open orders {97, 43, 4, 29}.
2026-07-01 21:34:09 DEBUG: Task 3 completed: pod 339 returning to storage.
2026-07-01 21:34:09 DEBUG:    EVENT NUM 115   current_time = 00:01:04   START_PICKING         [queue size = 134]
2026-07-01 21:34:09 DEBUG: Processing task 5 at workstation 3: picking items {6985} for orders {43}
2026-07-01 21:34:09 DEBUG:    EVENT NUM 116   current_time = 00:01:05   ARRIVAL_ORDER         [queue size = 134]
2026-07-01 21:34:09 DEBUG: Order 112 arrived: items_required = [5734].     [orders_in_system = 113]
2026-07-01 21:34:09 DEBUG:    EVENT NUM 117   current_time = 00:01:06   RELEASE_TASK          [queue size = 134]
2026-07-01 21:34:09 DEBUG: Task 31 released: pod 208 required by workstation(s) [1].  [released tasks = 11]
2026-07-01 21:34:09 DEBUG:    EVENT NUM 118   current_time = 00:01:08   RELEASE_TASK          [queue size = 133]
2026-07-01 21:34:09 DEBUG: Task 32 released: pod 445 required by workstation(s) [1].  [released tasks = 12]
2026-07-01 21:34:09 DEBUG:    EVENT NUM 119   current_time = 00:01:09   ARRIVAL_POD_WST       [queue size = 132]
2026-07-01 21:34:09 DEBUG: Pod 417 arrived at workstation 3 - status = BUSY
2026-07-01 21:34:09 DEBUG: Pod queued at workstation.    [picking_buffer = {8: 69.01688814056554}]
2026-07-01 21:34:09 DEBUG:    EVENT NUM 120   current_time = 00:01:10   ARRIVAL_ORDER         [queue size = 131]
2026-07-01 21:34:09 DEBUG: Order 113 arrived: items_required = [5047].     [orders_in_system = 114]
2026-07-01 21:34:09 DEBUG:    EVENT NUM 121   current_time = 00:01:10   RELEASE_TASK          [queue size = 131]
2026-07-01 21:34:09 DEBUG: Task 33 released: pod 235 required by workstation(s) [0].  [released tasks = 13]
2026-07-01 21:34:09 DEBUG:    EVENT NUM 122   current_time = 00:01:10   ARRIVAL_POD_WST       [queue size = 130]
2026-07-01 21:34:09 DEBUG: Pod 437 arrived at workstation 1 - status = BUSY
2026-07-01 21:34:09 DEBUG: Pod queued at workstation.    [picking_buffer = {17: 70.73653286979615}]
2026-07-01 21:34:09 DEBUG:    EVENT NUM 123   current_time = 00:01:11   ARRIVAL_POD_WST       [queue size = 129]
2026-07-01 21:34:09 DEBUG: Pod 484 arrived at workstation 2 - status = IDLE
2026-07-01 21:34:09 DEBUG: Pod queued at workstation.    [picking_buffer = {10: 71.17628765162607}]
2026-07-01 21:34:09 DEBUG:    EVENT NUM 124   current_time = 00:01:11   START_PICKING         [queue size = 129]
2026-07-01 21:34:09 DEBUG: Processing task 10 at workstation 2: picking items {4857} for orders {16}
2026-07-01 21:34:09 DEBUG:    EVENT NUM 125   current_time = 00:01:12   RELEASE_TASK          [queue size = 129]
2026-07-01 21:34:09 DEBUG: Task 34 released: pod 489 required by workstation(s) [0].  [released tasks = 14]
2026-07-01 21:34:09 DEBUG:    EVENT NUM 126   current_time = 00:01:12   END_PICKING           [queue size = 128]
2026-07-01 21:34:09 DEBUG: Ended picking at workstation 1.    [picking_buffer len = {17: 70.73653286979615}]
2026-07-01 21:34:09 DEBUG: Task should have served orders {80}, found open orders {80, 66, 30, 31}.
2026-07-01 21:34:09 DEBUG: Task 15 completed: pod 590 returning to storage.
2026-07-01 21:34:09 DEBUG:    EVENT NUM 127   current_time = 00:01:12   START_PICKING         [queue size = 129]
2026-07-01 21:34:09 DEBUG: Processing task 17 at workstation 1: picking items {5536} for orders {31}
2026-07-01 21:34:09 DEBUG:    EVENT NUM 128   current_time = 00:01:13   RETURN_POD            [queue size = 129]
2026-07-01 21:34:09 DEBUG: Pod 490 returned. Robot 7 idle.   [idle robots = 1/20, released tasks = 14]
2026-07-01 21:34:09 DEBUG:    EVENT NUM 129   current_time = 00:01:13   START_TASK            [queue size = 129]
2026-07-01 21:34:09 DEBUG: Task 21 started: robot 7 → pod 374 → workstation 0 for orders {81} (arrival = 205.5 s).   [idle robots = 0/20]
2026-07-01 21:34:09 DEBUG:    EVENT NUM 130   current_time = 00:01:14   END_PICKING           [queue size = 129]
2026-07-01 21:34:09 DEBUG: Ended picking at workstation 3.    [picking_buffer len = {8: 69.01688814056554}]
2026-07-01 21:34:09 DEBUG: Task should have served orders {43}, found open orders {97, 43, 4, 29}.
2026-07-01 21:34:09 DEBUG: Task 5 completed: pod 441 returning to storage.
2026-07-01 21:34:09 DEBUG:    EVENT NUM 131   current_time = 00:01:14   START_PICKING         [queue size = 130]
2026-07-01 21:34:09 DEBUG: Processing task 8 at workstation 3: picking items {6934} for orders {43}
2026-07-01 21:34:09 DEBUG:    EVENT NUM 132   current_time = 00:01:14   RELEASE_TASK          [queue size = 130]
2026-07-01 21:34:09 DEBUG: Task 35 released: pod 57 required by workstation(s) [1].  [released tasks = 14]
2026-07-01 21:34:09 DEBUG:    EVENT NUM 133   current_time = 00:01:15   ARRIVAL_ORDER         [queue size = 129]
2026-07-01 21:34:09 DEBUG: Order 114 arrived: items_required = [8554, 5136].     [orders_in_system = 115]
2026-07-01 21:34:09 DEBUG:    EVENT NUM 134   current_time = 00:01:16   RELEASE_TASK          [queue size = 129]
2026-07-01 21:34:09 DEBUG: Task 36 released: pod 338 required by workstation(s) [0].  [released tasks = 15]
2026-07-01 21:34:09 DEBUG:    EVENT NUM 135   current_time = 00:01:18   RETURN_POD            [queue size = 128]
2026-07-01 21:34:09 DEBUG: Pod 462 returned. Robot 10 idle.   [idle robots = 1/20, released tasks = 15]
2026-07-01 21:34:09 DEBUG:    EVENT NUM 136   current_time = 00:01:18   START_TASK            [queue size = 128]
2026-07-01 21:34:09 DEBUG: Task 22 started: robot 10 → pod 162 → workstation 1 for orders {31} (arrival = 146.0 s).   [idle robots = 0/20]
2026-07-01 21:34:09 DEBUG:    EVENT NUM 137   current_time = 00:01:18   RELEASE_TASK          [queue size = 128]
2026-07-01 21:34:09 DEBUG: Task 37 released: pod 528 required by workstation(s) [0].  [released tasks = 15]
2026-07-01 21:34:09 DEBUG:    EVENT NUM 138   current_time = 00:01:19   ARRIVAL_POD_WST       [queue size = 127]
2026-07-01 21:34:09 DEBUG: Pod 504 arrived at workstation 2 - status = BUSY
2026-07-01 21:34:09 DEBUG: Pod queued at workstation.    [picking_buffer = {4: 79.54361909648857}]
2026-07-01 21:34:09 DEBUG:    EVENT NUM 139   current_time = 00:01:20   ARRIVAL_ORDER         [queue size = 126]
2026-07-01 21:34:09 DEBUG: Order 115 arrived: items_required = [7263].     [orders_in_system = 116]
2026-07-01 21:34:09 DEBUG:    EVENT NUM 140   current_time = 00:01:20   RELEASE_TASK          [queue size = 126]
2026-07-01 21:34:09 DEBUG: Task 38 released: pod 315 required by workstation(s) [0].  [released tasks = 16]
2026-07-01 21:34:09 DEBUG:    EVENT NUM 141   current_time = 00:01:21   END_PICKING           [queue size = 125]
2026-07-01 21:34:09 DEBUG: Ended picking at workstation 2.    [picking_buffer len = {4: 79.54361909648857}]
2026-07-01 21:34:09 DEBUG: Task should have served orders {16}, found open orders {16, 20, 93, 95}.
2026-07-01 21:34:09 DEBUG: Task 10 completed: pod 484 returning to storage.
2026-07-01 21:34:09 DEBUG:    EVENT NUM 142   current_time = 00:01:21   CLOSE_ORDER           [queue size = 127]
2026-07-01 21:34:09 DEBUG: Order 16 closed at workstation 2: flow_time = 81.2 s.     [order_buffer = 8] [open_orders = 3/4]
2026-07-01 21:34:09 DEBUG: Next order in buffer: 84
2026-07-01 21:34:09 DEBUG:    EVENT NUM 143   current_time = 00:01:21   START_PICKING         [queue size = 127]
2026-07-01 21:34:09 DEBUG: Processing task 4 at workstation 2: picking items {4105} for orders {20}
2026-07-01 21:34:09 DEBUG:    EVENT NUM 144   current_time = 00:01:21   OPEN_ORDER            [queue size = 127]
2026-07-01 21:34:09 DEBUG: Order 84 (skus required = {5565}) opened at workstation 2.   [open_orders = 4/4]
2026-07-01 21:34:09 DEBUG:    EVENT NUM 145   current_time = 00:01:21   START_TASK            [queue size = 127]
2026-07-01 21:34:09 DEBUG: Task 23 blocked: no idle robots.
2026-07-01 21:34:09 DEBUG:    EVENT NUM 146   current_time = 00:01:22   END_PICKING           [queue size = 126]
2026-07-01 21:34:09 DEBUG: Ended picking at workstation 1.    [picking_buffer len = {}]
2026-07-01 21:34:09 DEBUG: Task should have served orders {31}, found open orders {80, 66, 30, 31}.
2026-07-01 21:34:09 DEBUG: Task 17 completed: pod 437 returning to storage.
2026-07-01 21:34:09 DEBUG:    EVENT NUM 147   current_time = 00:01:22   RELEASE_TASK          [queue size = 126]
2026-07-01 21:34:09 DEBUG: Task 39 released: pod 141 required by workstation(s) [0].  [released tasks = 17]
2026-07-01 21:34:09 DEBUG:    EVENT NUM 148   current_time = 00:01:24   END_PICKING           [queue size = 125]
2026-07-01 21:34:09 DEBUG: Ended picking at workstation 3.    [picking_buffer len = {}]
2026-07-01 21:34:09 DEBUG: Task should have served orders {43}, found open orders {97, 43, 4, 29}.
2026-07-01 21:34:09 DEBUG: Task 8 completed: pod 417 returning to storage.
2026-07-01 21:34:09 DEBUG:    EVENT NUM 149   current_time = 00:01:24   RELEASE_TASK          [queue size = 125]
2026-07-01 21:34:09 DEBUG: Task 40 released: pod 288 required by workstation(s) [2].  [released tasks = 18]
2026-07-01 21:34:09 DEBUG:    EVENT NUM 150   current_time = 00:01:25   ARRIVAL_ORDER         [queue size = 124]
2026-07-01 21:34:09 DEBUG: Order 116 arrived: items_required = [7372, 6477, 4448, 4584, 2926, 7375, 6667].     [orders_in_system = 116]
2026-07-01 21:34:09 DEBUG:    EVENT NUM 151   current_time = 00:01:27   RELEASE_TASK          [queue size = 124]
2026-07-01 21:34:09 DEBUG: Task 41 released: pod 104 required by workstation(s) [0].  [released tasks = 19]
2026-07-01 21:34:09 DEBUG:    EVENT NUM 152   current_time = 00:01:29   RELEASE_TASK          [queue size = 123]
2026-07-01 21:34:09 DEBUG: Task 42 released: pod 423 required by workstation(s) [0].  [released tasks = 20]
2026-07-01 21:34:09 DEBUG:    EVENT NUM 153   current_time = 00:01:30   ARRIVAL_ORDER         [queue size = 122]
2026-07-01 21:34:09 DEBUG: Order 117 arrived: items_required = [2264].     [orders_in_system = 117]
2026-07-01 21:34:09 DEBUG:    EVENT NUM 154   current_time = 00:01:31   END_PICKING           [queue size = 122]
2026-07-01 21:34:09 DEBUG: Ended picking at workstation 2.    [picking_buffer len = {}]
2026-07-01 21:34:09 DEBUG: Task should have served orders {20}, found open orders {84, 20, 93, 95}.
2026-07-01 21:34:09 DEBUG: Task 4 completed: pod 504 returning to storage.
2026-07-01 21:34:09 DEBUG:    EVENT NUM 155   current_time = 00:01:31   CLOSE_ORDER           [queue size = 123]
2026-07-01 21:34:09 DEBUG: Order 20 closed at workstation 2: flow_time = 91.2 s.     [order_buffer = 7] [open_orders = 3/4]
2026-07-01 21:34:09 DEBUG: Next order in buffer: 15
2026-07-01 21:34:09 DEBUG:    EVENT NUM 156   current_time = 00:01:31   OPEN_ORDER            [queue size = 123]
2026-07-01 21:34:09 DEBUG: Order 15 (skus required = {9584, 7945, 2886, 7543}) opened at workstation 2.   [open_orders = 4/4]
2026-07-01 21:34:09 DEBUG:    EVENT NUM 157   current_time = 00:01:31   START_TASK            [queue size = 123]
2026-07-01 21:34:09 DEBUG: Task 23 blocked: no idle robots.
2026-07-01 21:34:09 DEBUG:    EVENT NUM 158   current_time = 00:01:31   RELEASE_TASK          [queue size = 122]
2026-07-01 21:34:09 DEBUG: Task 43 released: pod 221 required by workstation(s) [1].  [released tasks = 21]
2026-07-01 21:34:09 DEBUG:    EVENT NUM 159   current_time = 00:01:33   RELEASE_TASK          [queue size = 121]
2026-07-01 21:34:09 DEBUG: Task 44 released: pod 591 required by workstation(s) [0].  [released tasks = 22]
2026-07-01 21:34:09 DEBUG:    EVENT NUM 160   current_time = 00:01:35   ARRIVAL_ORDER         [queue size = 120]
2026-07-01 21:34:09 DEBUG: Order 118 arrived: items_required = [6661].     [orders_in_system = 117]
2026-07-01 21:34:09 DEBUG:    EVENT NUM 161   current_time = 00:01:35   RELEASE_TASK          [queue size = 120]
2026-07-01 21:34:09 DEBUG: Task 45 released: pod 492 required by workstation(s) [0].  [released tasks = 23]
2026-07-01 21:34:09 DEBUG:    EVENT NUM 162   current_time = 00:01:35   ARRIVAL_POD_WST       [queue size = 119]
2026-07-01 21:34:09 DEBUG: Pod 414 arrived at workstation 1 - status = IDLE
2026-07-01 21:34:09 DEBUG: Pod queued at workstation.    [picking_buffer = {19: 95.74374841671093}]
2026-07-01 21:34:09 DEBUG:    EVENT NUM 163   current_time = 00:01:35   START_PICKING         [queue size = 119]
2026-07-01 21:34:09 DEBUG: Processing task 19 at workstation 1: picking items {3045} for orders {30}
2026-07-01 21:34:09 DEBUG:    EVENT NUM 164   current_time = 00:01:37   RELEASE_TASK          [queue size = 119]
2026-07-01 21:34:09 DEBUG: Task 46 released: pod 460 required by workstation(s) [1].  [released tasks = 24]
2026-07-01 21:34:09 DEBUG:    EVENT NUM 165   current_time = 00:01:39   RELEASE_TASK          [queue size = 118]
2026-07-01 21:34:09 DEBUG: Task 47 released: pod 256 required by workstation(s) [0].  [released tasks = 25]
2026-07-01 21:34:09 DEBUG:    EVENT NUM 166   current_time = 00:01:40   ARRIVAL_ORDER         [queue size = 117]
2026-07-01 21:34:09 DEBUG: Order 119 arrived: items_required = [7687, 4840].     [orders_in_system = 118]
2026-07-01 21:34:09 DEBUG:    EVENT NUM 167   current_time = 00:01:41   RELEASE_TASK          [queue size = 117]
2026-07-01 21:34:09 DEBUG: Task 48 released: pod 569 required by workstation(s) [1].  [released tasks = 26]
2026-07-01 21:34:09 DEBUG:    EVENT NUM 168   current_time = 00:01:42   RETURN_POD            [queue size = 116]
2026-07-01 21:34:09 DEBUG: Pod 590 returned. Robot 16 idle.   [idle robots = 1/20, released tasks = 26]
2026-07-01 21:34:09 DEBUG:    EVENT NUM 169   current_time = 00:01:42   START_TASK            [queue size = 116]
2026-07-01 21:34:09 DEBUG: Task 23 started: robot 16 → pod 509 → workstation 0 for orders {13} (arrival = 130.3 s).   [idle robots = 0/20]
2026-07-01 21:34:09 DEBUG:    EVENT NUM 170   current_time = 00:01:43   RELEASE_TASK          [queue size = 116]
2026-07-01 21:34:09 DEBUG: Task 49 released: pod 317 required by workstation(s) [0].  [released tasks = 26]
2026-07-01 21:34:09 DEBUG:    EVENT NUM 171   current_time = 00:01:44   ARRIVAL_POD_WST       [queue size = 115]
2026-07-01 21:34:09 DEBUG: Pod 476 arrived at workstation 1 - status = BUSY
2026-07-01 21:34:09 DEBUG: Pod queued at workstation.    [picking_buffer = {6: 104.85989690003822}]
2026-07-01 21:34:09 DEBUG:    EVENT NUM 172   current_time = 00:01:45   ARRIVAL_ORDER         [queue size = 114]
2026-07-01 21:34:09 DEBUG: Order 120 arrived: items_required = [5863].     [orders_in_system = 119]
2026-07-01 21:34:09 DEBUG:    EVENT NUM 173   current_time = 00:01:45   END_PICKING           [queue size = 114]
2026-07-01 21:34:09 DEBUG: Ended picking at workstation 1.    [picking_buffer len = {6: 104.85989690003822}]
2026-07-01 21:34:09 DEBUG: Task should have served orders {30}, found open orders {80, 66, 30, 31}.
2026-07-01 21:34:09 DEBUG: Task 19 completed: pod 414 returning to storage.
2026-07-01 21:34:09 DEBUG:    EVENT NUM 174   current_time = 00:01:45   START_PICKING         [queue size = 115]
2026-07-01 21:34:09 DEBUG: Processing task 6 at workstation 1: picking items {4342, 5782} for orders {80, 66}
2026-07-01 21:34:09 DEBUG:    EVENT NUM 175   current_time = 00:01:45   RELEASE_TASK          [queue size = 115]
2026-07-01 21:34:09 DEBUG: Task 50 released: pod 530 required by workstation(s) [1].  [released tasks = 27]
2026-07-01 21:34:09 DEBUG:    EVENT NUM 176   current_time = 00:01:47   ARRIVAL_POD_WST       [queue size = 114]
2026-07-01 21:34:09 DEBUG: Pod 279 arrived at workstation 0 - status = IDLE
2026-07-01 21:34:09 DEBUG: Pod queued at workstation.    [picking_buffer = {7: 107.20230300754875}]
2026-07-01 21:34:09 DEBUG:    EVENT NUM 177   current_time = 00:01:47   START_PICKING         [queue size = 114]
2026-07-01 21:34:09 DEBUG: Processing task 7 at workstation 0: picking items {5373} for orders {81}
2026-07-01 21:34:09 DEBUG:    EVENT NUM 178   current_time = 00:01:47   ARRIVAL_POD_WST       [queue size = 114]
2026-07-01 21:34:09 DEBUG: Pod 368 arrived at workstation 0 - status = BUSY
2026-07-01 21:34:09 DEBUG: Pod queued at workstation.    [picking_buffer = {9: 107.6574914264057}]
2026-07-01 21:34:09 DEBUG:    EVENT NUM 179   current_time = 00:01:47   RELEASE_TASK          [queue size = 113]
2026-07-01 21:34:09 DEBUG: Task 51 released: pod 140 required by workstation(s) [1].  [released tasks = 28]
2026-07-01 21:34:09 DEBUG:    EVENT NUM 180   current_time = 00:01:50   ARRIVAL_ORDER         [queue size = 112]
2026-07-01 21:34:09 DEBUG: Order 121 arrived: items_required = [3904, 1799, 9478, 9003].     [orders_in_system = 120]
2026-07-01 21:34:09 DEBUG:    EVENT NUM 181   current_time = 00:01:50   RELEASE_TASK          [queue size = 112]
2026-07-01 21:34:09 DEBUG: Task 52 released: pod 157 required by workstation(s) [0].  [released tasks = 29]
2026-07-01 21:34:09 DEBUG:    EVENT NUM 182   current_time = 00:01:52   RELEASE_TASK          [queue size = 111]
2026-07-01 21:34:09 DEBUG: Task 53 released: pod 367 required by workstation(s) [0].  [released tasks = 30]
2026-07-01 21:34:09 DEBUG:    EVENT NUM 183   current_time = 00:01:52   RETURN_POD            [queue size = 110]
2026-07-01 21:34:09 DEBUG: Pod 339 returned. Robot 17 idle.   [idle robots = 1/20, released tasks = 30]
2026-07-01 21:34:09 DEBUG:    EVENT NUM 184   current_time = 00:01:52   START_TASK            [queue size = 110]
2026-07-01 21:34:09 DEBUG: Task 24 blocked: no orders in {0: [18]} is open yet.  [released tasks = 29]
2026-07-01 21:34:09 DEBUG: Task 25 blocked: no orders in {0: [12]} is open yet.  [released tasks = 28]
2026-07-01 21:34:09 DEBUG: Task 26 blocked: no orders in {0: [12]} is open yet.  [released tasks = 27]
2026-07-01 21:34:09 DEBUG: Task 27 blocked: no orders in {0: [12]} is open yet.  [released tasks = 26]
2026-07-01 21:34:09 DEBUG: Task 28 started: robot 17 → pod 392 → workstation 1 for orders {31} (arrival = 178.3 s).   [idle robots = 0/20]
2026-07-01 21:34:09 DEBUG:    EVENT NUM 185   current_time = 00:01:54   RELEASE_TASK          [queue size = 110]
2026-07-01 21:34:09 DEBUG: Task 54 released: pod 447 required by workstation(s) [0].  [released tasks = 30]
2026-07-01 21:34:09 DEBUG:    EVENT NUM 186   current_time = 00:01:55   ARRIVAL_ORDER         [queue size = 109]
2026-07-01 21:34:09 DEBUG: Order 122 arrived: items_required = [7622, 5922, 2981].     [orders_in_system = 121]
2026-07-01 21:34:09 DEBUG:    EVENT NUM 187   current_time = 00:01:56   RETURN_POD            [queue size = 109]
2026-07-01 21:34:09 DEBUG: Pod 437 returned. Robot 1 idle.   [idle robots = 1/20, released tasks = 30]
2026-07-01 21:34:09 DEBUG:    EVENT NUM 188   current_time = 00:01:56   START_TASK            [queue size = 109]
2026-07-01 21:34:09 DEBUG: Task 24 blocked: no orders in {0: [18]} is open yet.  [released tasks = 29]
2026-07-01 21:34:09 DEBUG: Task 25 blocked: no orders in {0: [12]} is open yet.  [released tasks = 28]
2026-07-01 21:34:09 DEBUG: Task 26 blocked: no orders in {0: [12]} is open yet.  [released tasks = 27]
2026-07-01 21:34:09 DEBUG: Task 27 blocked: no orders in {0: [12]} is open yet.  [released tasks = 26]
2026-07-01 21:34:09 DEBUG: Task 29 blocked: no orders in {0: [25]} is open yet.  [released tasks = 25]
2026-07-01 21:34:09 DEBUG: Task 30 started: robot 1 → pod 130 → workstation 0 for orders {13} (arrival = 217.1 s).   [idle robots = 0/20]
2026-07-01 21:34:09 DEBUG:    EVENT NUM 189   current_time = 00:01:56   RELEASE_TASK          [queue size = 109]
2026-07-01 21:34:09 DEBUG: Task 55 released: pod 253 required by workstation(s) [0].  [released tasks = 30]
2026-07-01 21:34:09 DEBUG:    EVENT NUM 190   current_time = 00:01:57   END_PICKING           [queue size = 108]
2026-07-01 21:34:09 DEBUG: Ended picking at workstation 0.    [picking_buffer len = {9: 107.6574914264057}]
2026-07-01 21:34:09 DEBUG: Task should have served orders {81}, found open orders {64, 81, 92, 8}.
2026-07-01 21:34:09 DEBUG: Task 7 completed: pod 279 returning to storage.
2026-07-01 21:34:09 DEBUG:    EVENT NUM 191   current_time = 00:01:57   START_PICKING         [queue size = 109]
2026-07-01 21:34:09 DEBUG: Processing task 9 at workstation 0: picking items {7882} for orders {64}
2026-07-01 21:34:09 DEBUG:    EVENT NUM 192   current_time = 00:01:58   RELEASE_TASK          [queue size = 109]
2026-07-01 21:34:09 DEBUG: Task 56 released: pod 573 required by workstation(s) [0].  [released tasks = 31]
2026-07-01 21:34:09 DEBUG:    EVENT NUM 193   current_time = 00:01:59   RETURN_POD            [queue size = 108]
2026-07-01 21:34:09 DEBUG: Pod 441 returned. Robot 14 idle.   [idle robots = 1/20, released tasks = 31]
2026-07-01 21:34:09 DEBUG:    EVENT NUM 194   current_time = 00:01:59   START_TASK            [queue size = 108]
2026-07-01 21:34:09 DEBUG: Task 24 blocked: no orders in {0: [18]} is open yet.  [released tasks = 30]
2026-07-01 21:34:09 DEBUG: Task 25 blocked: no orders in {0: [12]} is open yet.  [released tasks = 29]
2026-07-01 21:34:09 DEBUG: Task 26 blocked: no orders in {0: [12]} is open yet.  [released tasks = 28]
2026-07-01 21:34:09 DEBUG: Task 27 blocked: no orders in {0: [12]} is open yet.  [released tasks = 27]
2026-07-01 21:34:09 DEBUG: Task 29 blocked: no orders in {0: [25]} is open yet.  [released tasks = 26]
2026-07-01 21:34:09 DEBUG: Task 31 started: robot 14 → pod 208 → workstation 1 for orders {80} (arrival = 199.3 s).   [idle robots = 0/20]
2026-07-01 21:34:09 DEBUG:    EVENT NUM 195   current_time = 00:02:00   ARRIVAL_ORDER         [queue size = 108]
2026-07-01 21:34:09 DEBUG: Order 123 arrived: items_required = [3650].     [orders_in_system = 122]
2026-07-01 21:34:09 DEBUG:    EVENT NUM 196   current_time = 00:02:00   RELEASE_TASK          [queue size = 108]
2026-07-01 21:34:09 DEBUG: Task 57 released: pod 14 required by workstation(s) [0].  [released tasks = 31]
2026-07-01 21:34:09 DEBUG:    EVENT NUM 197   current_time = 00:02:00   END_PICKING           [queue size = 107]
2026-07-01 21:34:09 DEBUG: Ended picking at workstation 1.    [picking_buffer len = {}]
2026-07-01 21:34:09 DEBUG: Task should have served orders {80, 66}, found open orders {80, 66, 30, 31}.
2026-07-01 21:34:09 DEBUG: Task 6 completed: pod 476 returning to storage.
2026-07-01 21:34:09 DEBUG:    EVENT NUM 198   current_time = 00:02:00   CLOSE_ORDER           [queue size = 108]
2026-07-01 21:34:09 DEBUG: Order 66 closed at workstation 1: flow_time = 120.7 s.     [order_buffer = 20] [open_orders = 3/4]
2026-07-01 21:34:09 DEBUG: Next order in buffer: 21
2026-07-01 21:34:09 DEBUG:    EVENT NUM 199   current_time = 00:02:00   OPEN_ORDER            [queue size = 108]
2026-07-01 21:34:09 DEBUG: Order 21 (skus required = {6034}) opened at workstation 1.   [open_orders = 4/4]
2026-07-01 21:34:09 DEBUG:    EVENT NUM 200   current_time = 00:02:00   START_TASK            [queue size = 108]
2026-07-01 21:34:09 DEBUG: Task 24 blocked: no orders in {0: [18]} is open yet.  [released tasks = 30]
2026-07-01 21:34:09 DEBUG: Task 25 blocked: no orders in {0: [12]} is open yet.  [released tasks = 29]
2026-07-01 21:34:09 DEBUG: Task 26 blocked: no orders in {0: [12]} is open yet.  [released tasks = 28]
2026-07-01 21:34:09 DEBUG: Task 27 blocked: no orders in {0: [12]} is open yet.  [released tasks = 27]
2026-07-01 21:34:09 DEBUG: Task 29 blocked: no orders in {0: [25]} is open yet.  [released tasks = 26]
2026-07-01 21:34:09 DEBUG: Task 32 blocked: no idle robots.
2026-07-01 21:34:09 DEBUG:    EVENT NUM 201   current_time = 00:02:02   RELEASE_TASK          [queue size = 107]
2026-07-01 21:34:09 DEBUG: Task 58 released: pod 560 required by workstation(s) [2].  [released tasks = 32]
2026-07-01 21:34:09 DEBUG:    EVENT NUM 202   current_time = 00:02:04   RELEASE_TASK          [queue size = 106]
2026-07-01 21:34:09 DEBUG: Task 59 released: pod 41 required by workstation(s) [0].  [released tasks = 33]
2026-07-01 21:34:09 DEBUG:    EVENT NUM 203   current_time = 00:02:05   ARRIVAL_ORDER         [queue size = 105]
2026-07-01 21:34:09 DEBUG: Order 124 arrived: items_required = [5560].     [orders_in_system = 122]
2026-07-01 21:34:09 DEBUG:    EVENT NUM 204   current_time = 00:02:06   RELEASE_TASK          [queue size = 105]
2026-07-01 21:34:09 DEBUG: Task 60 released: pod 4 required by workstation(s) [0].  [released tasks = 34]
2026-07-01 21:34:09 DEBUG:    EVENT NUM 205   current_time = 00:02:07   END_PICKING           [queue size = 104]
2026-07-01 21:34:09 DEBUG: Ended picking at workstation 0.    [picking_buffer len = {}]
2026-07-01 21:34:09 DEBUG: Task should have served orders {64}, found open orders {64, 81, 92, 8}.
2026-07-01 21:34:09 DEBUG: Task 9 completed: pod 368 returning to storage.
2026-07-01 21:34:09 DEBUG:    EVENT NUM 206   current_time = 00:02:07   CLOSE_ORDER           [queue size = 105]
2026-07-01 21:34:09 DEBUG: Order 64 closed at workstation 0: flow_time = 127.2 s.     [order_buffer = 26] [open_orders = 3/4]
2026-07-01 21:34:09 DEBUG: Next order in buffer: 13
2026-07-01 21:34:09 DEBUG:    EVENT NUM 207   current_time = 00:02:07   OPEN_ORDER            [queue size = 105]
2026-07-01 21:34:09 DEBUG: Order 13 (skus required = {5264, 6277}) opened at workstation 0.   [open_orders = 4/4]
2026-07-01 21:34:09 DEBUG:    EVENT NUM 208   current_time = 00:02:07   START_TASK            [queue size = 105]
2026-07-01 21:34:09 DEBUG: Task 24 blocked: no idle robots.
2026-07-01 21:34:09 DEBUG:    EVENT NUM 209   current_time = 00:02:08   RELEASE_TASK          [queue size = 104]
2026-07-01 21:34:09 DEBUG: Task 61 released: pod 475 required by workstation(s) [1].  [released tasks = 35]
2026-07-01 21:34:09 DEBUG:    EVENT NUM 210   current_time = 00:02:09   RETURN_POD            [queue size = 103]
2026-07-01 21:34:09 DEBUG: Pod 484 returned. Robot 0 idle.   [idle robots = 1/20, released tasks = 35]
2026-07-01 21:34:09 DEBUG:    EVENT NUM 211   current_time = 00:02:09   START_TASK            [queue size = 103]
2026-07-01 21:34:09 DEBUG: Task 24 started: robot 0 → pod 507 → workstation 0 for orders {18} (arrival = 169.4 s).   [idle robots = 0/20]
2026-07-01 21:34:09 DEBUG:    EVENT NUM 212   current_time = 00:02:10   ARRIVAL_ORDER         [queue size = 103]
2026-07-01 21:34:09 DEBUG: Order 125 arrived: items_required = [4909].     [orders_in_system = 122]
2026-07-01 21:34:09 DEBUG:    EVENT NUM 213   current_time = 00:02:10   ARRIVAL_POD_WST       [queue size = 103]
2026-07-01 21:34:09 DEBUG: Pod 269 arrived at workstation 0 - status = IDLE
2026-07-01 21:34:09 DEBUG: Pod queued at workstation.    [picking_buffer = {12: 130.01977422507582}]
2026-07-01 21:34:09 DEBUG:    EVENT NUM 214   current_time = 00:02:10   START_PICKING         [queue size = 103]
2026-07-01 21:34:09 DEBUG: Processing task 12 at workstation 0: picking items {5695} for orders {92}
2026-07-01 21:34:09 DEBUG:    EVENT NUM 215   current_time = 00:02:10   ARRIVAL_POD_WST       [queue size = 103]
2026-07-01 21:34:09 DEBUG: Pod 509 arrived at workstation 0 - status = BUSY
2026-07-01 21:34:09 DEBUG: Pod queued at workstation.    [picking_buffer = {23: 130.27741682031976}]
2026-07-01 21:34:09 DEBUG:    EVENT NUM 216   current_time = 00:02:10   ARRIVAL_POD_WST       [queue size = 102]
2026-07-01 21:34:09 DEBUG: Pod 391 arrived at workstation 1 - status = IDLE
2026-07-01 21:34:09 DEBUG: Pod queued at workstation.    [picking_buffer = {20: 130.61357747584435}]
2026-07-01 21:34:09 DEBUG:    EVENT NUM 217   current_time = 00:02:10   START_PICKING         [queue size = 102]
2026-07-01 21:34:09 DEBUG: Processing task 20 at workstation 1: picking items {6903} for orders {80}
2026-07-01 21:34:09 DEBUG:    EVENT NUM 218   current_time = 00:02:10   ARRIVAL_POD_WST       [queue size = 102]
2026-07-01 21:34:09 DEBUG: Pod 169 arrived at workstation 1 - status = BUSY
2026-07-01 21:34:09 DEBUG: Pod queued at workstation.    [picking_buffer = {11: 130.72717911585076}]
2026-07-01 21:34:09 DEBUG:    EVENT NUM 219   current_time = 00:02:11   RELEASE_TASK          [queue size = 101]
2026-07-01 21:34:09 DEBUG: Task 62 released: pod 332 required by workstation(s) [0].  [released tasks = 35]
2026-07-01 21:34:09 DEBUG:    EVENT NUM 220   current_time = 00:02:13   RELEASE_TASK          [queue size = 100]
2026-07-01 21:34:09 DEBUG: Task 63 released: pod 484 required by workstation(s) [2].  [released tasks = 36]
2026-07-01 21:34:09 DEBUG:    EVENT NUM 221   current_time = 00:02:15   ARRIVAL_ORDER         [queue size = 99]
2026-07-01 21:34:09 DEBUG: Order 126 arrived: items_required = [7713].     [orders_in_system = 123]
2026-07-01 21:34:09 DEBUG:    EVENT NUM 222   current_time = 00:02:15   RELEASE_TASK          [queue size = 99]
2026-07-01 21:34:09 DEBUG: Task 64 released: pod 393 required by workstation(s) [0].  [released tasks = 37]
2026-07-01 21:34:09 DEBUG:    EVENT NUM 223   current_time = 00:02:17   RELEASE_TASK          [queue size = 98]
2026-07-01 21:34:09 DEBUG: Task 65 released: pod 415 required by workstation(s) [1].  [released tasks = 38]
2026-07-01 21:34:09 DEBUG:    EVENT NUM 224   current_time = 00:02:19   RELEASE_TASK          [queue size = 97]
2026-07-01 21:34:09 DEBUG: Task 66 released: pod 468 required by workstation(s) [0].  [released tasks = 39]
2026-07-01 21:34:09 DEBUG:    EVENT NUM 225   current_time = 00:02:20   ARRIVAL_ORDER         [queue size = 96]
2026-07-01 21:34:09 DEBUG: Order 127 arrived: items_required = [8892, 3812, 7820].     [orders_in_system = 124]
2026-07-01 21:34:09 DEBUG:    EVENT NUM 226   current_time = 00:02:20   END_PICKING           [queue size = 96]
2026-07-01 21:34:09 DEBUG: Ended picking at workstation 0.    [picking_buffer len = {23: 130.27741682031976}]
2026-07-01 21:34:09 DEBUG: Task should have served orders {92}, found open orders {8, 13, 81, 92}.
2026-07-01 21:34:09 DEBUG: Task 12 completed: pod 269 returning to storage.
2026-07-01 21:34:09 DEBUG:    EVENT NUM 227   current_time = 00:02:20   CLOSE_ORDER           [queue size = 98]
2026-07-01 21:34:09 DEBUG: Order 92 closed at workstation 0: flow_time = 140.0 s.     [order_buffer = 25] [open_orders = 3/4]
2026-07-01 21:34:09 DEBUG: Next order in buffer: 18
2026-07-01 21:34:09 DEBUG:    EVENT NUM 228   current_time = 00:02:20   START_PICKING         [queue size = 98]
2026-07-01 21:34:09 DEBUG: Processing task 23 at workstation 0: picking items {6277} for orders {13}
2026-07-01 21:34:09 DEBUG:    EVENT NUM 229   current_time = 00:02:20   OPEN_ORDER            [queue size = 98]
2026-07-01 21:34:09 DEBUG: Order 18 (skus required = {8111}) opened at workstation 0.   [open_orders = 4/4]
2026-07-01 21:34:09 DEBUG:    EVENT NUM 230   current_time = 00:02:20   START_TASK            [queue size = 98]
2026-07-01 21:34:09 DEBUG: Task 25 blocked: no idle robots.
2026-07-01 21:34:09 DEBUG:    EVENT NUM 231   current_time = 00:02:20   ARRIVAL_POD_WST       [queue size = 97]
2026-07-01 21:34:09 DEBUG: Pod 296 arrived at workstation 0 - status = BUSY
2026-07-01 21:34:09 DEBUG: Pod queued at workstation.    [picking_buffer = {13: 140.0678996959054}]
2026-07-01 21:34:09 DEBUG:    EVENT NUM 232   current_time = 00:02:20   END_PICKING           [queue size = 96]
2026-07-01 21:34:09 DEBUG: Ended picking at workstation 1.    [picking_buffer len = {11: 130.72717911585076}]
2026-07-01 21:34:09 DEBUG: Task should have served orders {80}, found open orders {80, 21, 30, 31}.
2026-07-01 21:34:09 DEBUG: Task 20 completed: pod 391 returning to storage.
2026-07-01 21:34:09 DEBUG:    EVENT NUM 233   current_time = 00:02:20   START_PICKING         [queue size = 97]
2026-07-01 21:34:09 DEBUG: Processing task 11 at workstation 1: picking items {5540} for orders {80, 31}
2026-07-01 21:34:09 DEBUG:    EVENT NUM 234   current_time = 00:02:21   RELEASE_TASK          [queue size = 97]
2026-07-01 21:34:09 DEBUG: Task 67 released: pod 530 required by workstation(s) [1].  [released tasks = 40]
2026-07-01 21:34:09 DEBUG:    EVENT NUM 235   current_time = 00:02:23   RETURN_POD            [queue size = 96]
2026-07-01 21:34:09 DEBUG: Pod 417 returned. Robot 6 idle.   [idle robots = 1/20, released tasks = 40]
2026-07-01 21:34:09 DEBUG:    EVENT NUM 236   current_time = 00:02:23   START_TASK            [queue size = 96]
2026-07-01 21:34:09 DEBUG: Task 25 started: robot 6 → pod 516 → workstation 0 for orders {12} (arrival = 198.1 s).   [idle robots = 0/20]
2026-07-01 21:34:09 DEBUG:    EVENT NUM 237   current_time = 00:02:23   RELEASE_TASK          [queue size = 96]
2026-07-01 21:34:09 DEBUG: Task 68 released: pod 36 required by workstation(s) [1].  [released tasks = 40]
2026-07-01 21:34:09 DEBUG:    EVENT NUM 238   current_time = 00:02:25   ARRIVAL_ORDER         [queue size = 95]
2026-07-01 21:34:09 DEBUG: Order 128 arrived: items_required = [3826].     [orders_in_system = 124]
2026-07-01 21:34:09 DEBUG:    EVENT NUM 239   current_time = 00:02:25   RELEASE_TASK          [queue size = 95]
2026-07-01 21:34:09 DEBUG: Task 69 released: pod 231 required by workstation(s) [0].  [released tasks = 41]
2026-07-01 21:34:09 DEBUG:    EVENT NUM 240   current_time = 00:02:25   ARRIVAL_POD_WST       [queue size = 94]
2026-07-01 21:34:09 DEBUG: Pod 162 arrived at workstation 1 - status = BUSY
2026-07-01 21:34:09 DEBUG: Pod queued at workstation.    [picking_buffer = {22: 145.95552854474795}]
2026-07-01 21:34:09 DEBUG:    EVENT NUM 241   current_time = 00:02:27   RELEASE_TASK          [queue size = 93]
2026-07-01 21:34:09 DEBUG: Task 70 released: pod 448 required by workstation(s) [0].  [released tasks = 42]
2026-07-01 21:34:09 DEBUG:    EVENT NUM 242   current_time = 00:02:29   RELEASE_TASK          [queue size = 92]
2026-07-01 21:34:09 DEBUG: Task 71 released: pod 138 required by workstation(s) [1].  [released tasks = 43]
2026-07-01 21:34:09 DEBUG:    EVENT NUM 243   current_time = 00:02:30   ARRIVAL_ORDER         [queue size = 91]
2026-07-01 21:34:09 DEBUG: Order 129 arrived: items_required = [4104, 5110, 4469].     [orders_in_system = 125]
2026-07-01 21:34:09 DEBUG:    EVENT NUM 244   current_time = 00:02:30   END_PICKING           [queue size = 91]
2026-07-01 21:34:09 DEBUG: Ended picking at workstation 0.    [picking_buffer len = {13: 140.0678996959054}]
2026-07-01 21:34:09 DEBUG: Task should have served orders {13}, found open orders {8, 13, 81, 18}.
2026-07-01 21:34:09 DEBUG: Task 23 completed: pod 509 returning to storage.
2026-07-01 21:34:09 DEBUG:    EVENT NUM 245   current_time = 00:02:30   START_PICKING         [queue size = 92]
2026-07-01 21:34:09 DEBUG: Processing task 13 at workstation 0: picking items {5283} for orders {8}
2026-07-01 21:34:09 DEBUG:    EVENT NUM 246   current_time = 00:02:30   END_PICKING           [queue size = 92]
2026-07-01 21:34:09 DEBUG: Ended picking at workstation 1.    [picking_buffer len = {22: 145.95552854474795}]
2026-07-01 21:34:09 DEBUG: Task should have served orders {80, 31}, found open orders {80, 21, 30, 31}.
2026-07-01 21:34:09 DEBUG: Task 11 completed: pod 169 returning to storage.
2026-07-01 21:34:09 DEBUG:    EVENT NUM 247   current_time = 00:02:30   START_PICKING         [queue size = 93]
2026-07-01 21:34:09 DEBUG: Processing task 22 at workstation 1: picking items {7555} for orders {31}
2026-07-01 21:34:09 DEBUG:    EVENT NUM 248   current_time = 00:02:32   RELEASE_TASK          [queue size = 93]
2026-07-01 21:34:09 DEBUG: Task 72 released: pod 446 required by workstation(s) [0].  [released tasks = 44]
2026-07-01 21:34:09 DEBUG:    EVENT NUM 249   current_time = 00:02:34   RELEASE_TASK          [queue size = 92]
2026-07-01 21:34:09 DEBUG: Task 73 released: pod 251 required by workstation(s) [0].  [released tasks = 45]
2026-07-01 21:34:09 DEBUG:    EVENT NUM 250   current_time = 00:02:35   ARRIVAL_ORDER         [queue size = 91]
2026-07-01 21:34:09 DEBUG: Order 130 arrived: items_required = [7746, 5935].     [orders_in_system = 126]
2026-07-01 21:34:09 DEBUG:    EVENT NUM 251   current_time = 00:02:35   RETURN_POD            [queue size = 91]
2026-07-01 21:34:09 DEBUG: Pod 414 returned. Robot 12 idle.   [idle robots = 1/20, released tasks = 45]
2026-07-01 21:34:09 DEBUG:    EVENT NUM 252   current_time = 00:02:35   START_TASK            [queue size = 91]
2026-07-01 21:34:09 DEBUG: Task 26 started: robot 12 → pod 367 → workstation 0 for orders {12} (arrival = 230.4 s).   [idle robots = 0/20]
2026-07-01 21:34:09 DEBUG:    EVENT NUM 253   current_time = 00:02:36   RELEASE_TASK          [queue size = 91]
2026-07-01 21:34:09 DEBUG: Task 74 released: pod 531 required by workstation(s) [0].  [released tasks = 45]
2026-07-01 21:34:09 DEBUG:    EVENT NUM 254   current_time = 00:02:36   ARRIVAL_POD_WST       [queue size = 90]
2026-07-01 21:34:09 DEBUG: Pod 273 arrived at workstation 0 - status = BUSY
2026-07-01 21:34:09 DEBUG: Pod queued at workstation.    [picking_buffer = {16: 156.776234000584}]
2026-07-01 21:34:09 DEBUG:    EVENT NUM 255   current_time = 00:02:38   RELEASE_TASK          [queue size = 89]
2026-07-01 21:34:09 DEBUG: Task 75 released: pod 386 required by workstation(s) [0].  [released tasks = 46]
2026-07-01 21:34:09 DEBUG:    EVENT NUM 256   current_time = 00:02:39   RETURN_POD            [queue size = 88]
2026-07-01 21:34:09 DEBUG: Pod 504 returned. Robot 15 idle.   [idle robots = 1/20, released tasks = 46]
2026-07-01 21:34:09 DEBUG:    EVENT NUM 257   current_time = 00:02:39   START_TASK            [queue size = 88]
2026-07-01 21:34:09 DEBUG: Task 27 started: robot 15 → pod 112 → workstation 0 for orders {12} (arrival = 241.2 s).   [idle robots = 0/20]
2026-07-01 21:34:09 DEBUG:    EVENT NUM 258   current_time = 00:02:40   ARRIVAL_ORDER         [queue size = 88]
2026-07-01 21:34:09 DEBUG: Order 131 arrived: items_required = [4742].     [orders_in_system = 127]
2026-07-01 21:34:09 DEBUG:    EVENT NUM 259   current_time = 00:02:40   END_PICKING           [queue size = 88]
2026-07-01 21:34:09 DEBUG: Ended picking at workstation 0.    [picking_buffer len = {16: 156.776234000584}]
2026-07-01 21:34:09 DEBUG: Task should have served orders {8}, found open orders {8, 13, 81, 18}.
2026-07-01 21:34:09 DEBUG: Task 13 completed: pod 296 returning to storage.
2026-07-01 21:34:09 DEBUG:    EVENT NUM 260   current_time = 00:02:40   CLOSE_ORDER           [queue size = 90]
2026-07-01 21:34:09 DEBUG: Order 8 closed at workstation 0: flow_time = 160.0 s.     [order_buffer = 24] [open_orders = 3/4]
2026-07-01 21:34:09 DEBUG: Next order in buffer: 12
2026-07-01 21:34:09 DEBUG:    EVENT NUM 261   current_time = 00:02:40   START_PICKING         [queue size = 90]
2026-07-01 21:34:09 DEBUG: Processing task 16 at workstation 0: picking items {5700} for orders {81}
2026-07-01 21:34:09 DEBUG:    EVENT NUM 262   current_time = 00:02:40   OPEN_ORDER            [queue size = 90]
2026-07-01 21:34:09 DEBUG: Order 12 (skus required = {4200, 8128, 5631}) opened at workstation 0.   [open_orders = 4/4]
2026-07-01 21:34:09 DEBUG:    EVENT NUM 263   current_time = 00:02:40   START_TASK            [queue size = 90]
2026-07-01 21:34:09 DEBUG: Task 29 blocked: no idle robots.
2026-07-01 21:34:09 DEBUG:    EVENT NUM 264   current_time = 00:02:40   RELEASE_TASK          [queue size = 89]
2026-07-01 21:34:09 DEBUG: Task 76 released: pod 238 required by workstation(s) [0].  [released tasks = 46]
2026-07-01 21:34:09 DEBUG:    EVENT NUM 265   current_time = 00:02:40   END_PICKING           [queue size = 88]
2026-07-01 21:34:09 DEBUG: Ended picking at workstation 1.    [picking_buffer len = {}]
2026-07-01 21:34:09 DEBUG: Task should have served orders {31}, found open orders {80, 21, 30, 31}.
2026-07-01 21:34:09 DEBUG: Task 22 completed: pod 162 returning to storage.
2026-07-01 21:34:09 DEBUG:    EVENT NUM 266   current_time = 00:02:40   ARRIVAL_POD_WST       [queue size = 88]
2026-07-01 21:34:09 DEBUG: Pod 76 arrived at workstation 0 - status = BUSY
2026-07-01 21:34:09 DEBUG: Pod queued at workstation.    [picking_buffer = {14: 160.924863010336}]
2026-07-01 21:34:09 DEBUG:    EVENT NUM 267   current_time = 00:02:42   RELEASE_TASK          [queue size = 87]
2026-07-01 21:34:09 DEBUG: Task 77 released: pod 382 required by workstation(s) [0, 0].  [released tasks = 47]
2026-07-01 21:34:09 DEBUG:    EVENT NUM 268   current_time = 00:02:44   RELEASE_TASK          [queue size = 86]
2026-07-01 21:34:09 DEBUG: Task 78 released: pod 304 required by workstation(s) [0].  [released tasks = 48]
2026-07-01 21:34:09 DEBUG:    EVENT NUM 269   current_time = 00:02:45   ARRIVAL_ORDER         [queue size = 85]
2026-07-01 21:34:09 DEBUG: Order 132 arrived: items_required = [6535].     [orders_in_system = 127]
2026-07-01 21:34:09 DEBUG:    EVENT NUM 270   current_time = 00:02:46   RELEASE_TASK          [queue size = 85]
2026-07-01 21:34:09 DEBUG: Task 79 released: pod 115 required by workstation(s) [0].  [released tasks = 49]
2026-07-01 21:34:09 DEBUG:    EVENT NUM 271   current_time = 00:02:48   RELEASE_TASK          [queue size = 84]
2026-07-01 21:34:09 DEBUG: Task 80 released: pod 12 required by workstation(s) [1, 2].  [released tasks = 50]
2026-07-01 21:34:09 DEBUG:    EVENT NUM 272   current_time = 00:02:49   ARRIVAL_POD_WST       [queue size = 83]
2026-07-01 21:34:09 DEBUG: Pod 507 arrived at workstation 0 - status = BUSY
2026-07-01 21:34:09 DEBUG: Pod queued at workstation.    [picking_buffer = {14: 160.924863010336, 24: 169.401183031123}]
2026-07-01 21:34:09 DEBUG:    EVENT NUM 273   current_time = 00:02:50   ARRIVAL_ORDER         [queue size = 82]
2026-07-01 21:34:09 DEBUG: Order 133 arrived: items_required = [7875, 6019].     [orders_in_system = 128]
2026-07-01 21:34:09 DEBUG:    EVENT NUM 274   current_time = 00:02:50   END_PICKING           [queue size = 82]
2026-07-01 21:34:09 DEBUG: Ended picking at workstation 0.    [picking_buffer len = {14: 160.924863010336, 24: 169.401183031123}]
2026-07-01 21:34:09 DEBUG: Task should have served orders {81}, found open orders {12, 13, 81, 18}.
2026-07-01 21:34:09 DEBUG: Task 16 completed: pod 273 returning to storage.
2026-07-01 21:34:09 DEBUG:    EVENT NUM 275   current_time = 00:02:50   START_PICKING         [queue size = 83]
2026-07-01 21:34:09 DEBUG: Processing task 14 at workstation 0: picking items {7393} for orders {81}
2026-07-01 21:34:09 DEBUG:    EVENT NUM 276   current_time = 00:02:50   RELEASE_TASK          [queue size = 83]
2026-07-01 21:34:09 DEBUG: Task 81 released: pod 273 required by workstation(s) [0].  [released tasks = 51]
2026-07-01 21:34:09 DEBUG:    EVENT NUM 277   current_time = 00:02:53   RELEASE_TASK          [queue size = 82]
2026-07-01 21:34:09 DEBUG: Task 82 released: pod 425 required by workstation(s) [1].  [released tasks = 52]
2026-07-01 21:34:09 DEBUG:    EVENT NUM 278   current_time = 00:02:55   ARRIVAL_ORDER         [queue size = 81]
2026-07-01 21:34:09 DEBUG: Order 134 arrived: items_required = [6776].     [orders_in_system = 129]
2026-07-01 21:34:09 DEBUG:    EVENT NUM 279   current_time = 00:02:55   RELEASE_TASK          [queue size = 81]
2026-07-01 21:34:09 DEBUG: Task 83 released: pod 249 required by workstation(s) [0].  [released tasks = 53]
2026-07-01 21:34:09 DEBUG:    EVENT NUM 280   current_time = 00:02:57   RELEASE_TASK          [queue size = 80]
2026-07-01 21:34:09 DEBUG: Task 84 released: pod 6 required by workstation(s) [1].  [released tasks = 54]
2026-07-01 21:34:09 DEBUG:    EVENT NUM 281   current_time = 00:02:57   RETURN_POD            [queue size = 79]
2026-07-01 21:34:09 DEBUG: Pod 509 returned. Robot 16 idle.   [idle robots = 1/20, released tasks = 54]
2026-07-01 21:34:09 DEBUG:    EVENT NUM 282   current_time = 00:02:57   START_TASK            [queue size = 79]
2026-07-01 21:34:09 DEBUG: Task 29 started: robot 16 → pod 239 → workstation 0 for orders {25} (arrival = 254.6 s).   [idle robots = 0/20]
2026-07-01 21:34:09 DEBUG:    EVENT NUM 283   current_time = 00:02:58   ARRIVAL_POD_WST       [queue size = 79]
2026-07-01 21:34:09 DEBUG: Pod 392 arrived at workstation 1 - status = IDLE
2026-07-01 21:34:09 DEBUG: Pod queued at workstation.    [picking_buffer = {28: 178.26135380747564}]
2026-07-01 21:34:09 DEBUG:    EVENT NUM 284   current_time = 00:02:58   START_PICKING         [queue size = 79]
2026-07-01 21:34:09 DEBUG: Processing task 28 at workstation 1: picking items {3307} for orders {31}
2026-07-01 21:34:09 DEBUG:    EVENT NUM 285   current_time = 00:02:59   RELEASE_TASK          [queue size = 79]
2026-07-01 21:34:09 DEBUG: Task 85 released: pod 489 required by workstation(s) [0].  [released tasks = 54]
2026-07-01 21:34:09 DEBUG:    EVENT NUM 286   current_time = 00:03:00   ARRIVAL_ORDER         [queue size = 78]
2026-07-01 21:34:09 DEBUG: Order 135 arrived: items_required = [5162, 7146, 4745, 5512].     [orders_in_system = 130]
2026-07-01 21:34:09 DEBUG:    EVENT NUM 287   current_time = 00:03:00   END_PICKING           [queue size = 78]
2026-07-01 21:34:09 DEBUG: Ended picking at workstation 0.    [picking_buffer len = {24: 169.401183031123}]
2026-07-01 21:34:09 DEBUG: Task should have served orders {81}, found open orders {12, 13, 81, 18}.
2026-07-01 21:34:09 DEBUG: Task 14 completed: pod 76 returning to storage.
2026-07-01 21:34:09 DEBUG:    EVENT NUM 288   current_time = 00:03:00   START_PICKING         [queue size = 79]
2026-07-01 21:34:09 DEBUG: Processing task 24 at workstation 0: picking items {8111} for orders {18}
2026-07-01 21:34:09 DEBUG:    EVENT NUM 289   current_time = 00:03:00   ARRIVAL_POD_WST       [queue size = 79]
2026-07-01 21:34:09 DEBUG: Pod 198 arrived at workstation 0 - status = BUSY
2026-07-01 21:34:09 DEBUG: Pod queued at workstation.    [picking_buffer = {18: 180.51810294817906}]
2026-07-01 21:34:09 DEBUG:    EVENT NUM 290   current_time = 00:03:01   RELEASE_TASK          [queue size = 78]
2026-07-01 21:34:09 DEBUG: Task 86 released: pod 405 required by workstation(s) [0].  [released tasks = 55]
2026-07-01 21:34:09 DEBUG:    EVENT NUM 291   current_time = 00:03:03   RELEASE_TASK          [queue size = 77]
2026-07-01 21:34:09 DEBUG: Task 87 released: pod 121 required by workstation(s) [1].  [released tasks = 56]
2026-07-01 21:34:09 DEBUG:    EVENT NUM 292   current_time = 00:03:05   ARRIVAL_ORDER         [queue size = 76]
2026-07-01 21:34:09 DEBUG: Order 136 arrived: items_required = [8514, 6282].     [orders_in_system = 131]
2026-07-01 21:34:09 DEBUG:    EVENT NUM 293   current_time = 00:03:05   RELEASE_TASK          [queue size = 76]
2026-07-01 21:34:09 DEBUG: Task 88 released: pod 150 required by workstation(s) [1].  [released tasks = 57]
2026-07-01 21:34:09 DEBUG:    EVENT NUM 294   current_time = 00:03:07   RELEASE_TASK          [queue size = 75]
2026-07-01 21:34:09 DEBUG: Task 89 released: pod 279 required by workstation(s) [0].  [released tasks = 58]
2026-07-01 21:34:09 DEBUG:    EVENT NUM 295   current_time = 00:03:08   END_PICKING           [queue size = 74]
2026-07-01 21:34:09 DEBUG: Ended picking at workstation 1.    [picking_buffer len = {}]
2026-07-01 21:34:09 DEBUG: Task should have served orders {31}, found open orders {80, 21, 30, 31}.
2026-07-01 21:34:09 DEBUG: Task 28 completed: pod 392 returning to storage.
2026-07-01 21:34:09 DEBUG:    EVENT NUM 296   current_time = 00:03:09   RELEASE_TASK          [queue size = 74]
2026-07-01 21:34:09 DEBUG: Task 90 released: pod 149 required by workstation(s) [1].  [released tasks = 59]
2026-07-01 21:34:09 DEBUG:    EVENT NUM 297   current_time = 00:03:10   ARRIVAL_ORDER         [queue size = 73]
2026-07-01 21:34:09 DEBUG: Order 137 arrived: items_required = [10381, 4690, 4446].     [orders_in_system = 132]
2026-07-01 21:34:09 DEBUG:    EVENT NUM 298   current_time = 00:03:10   END_PICKING           [queue size = 73]
2026-07-01 21:34:09 DEBUG: Ended picking at workstation 0.    [picking_buffer len = {18: 180.51810294817906}]
2026-07-01 21:34:09 DEBUG: Task should have served orders {18}, found open orders {12, 13, 81, 18}.
2026-07-01 21:34:09 DEBUG: Task 24 completed: pod 507 returning to storage.
2026-07-01 21:34:09 DEBUG:    EVENT NUM 299   current_time = 00:03:10   CLOSE_ORDER           [queue size = 75]
2026-07-01 21:34:09 DEBUG: Order 18 closed at workstation 0: flow_time = 190.0 s.     [order_buffer = 23] [open_orders = 3/4]
2026-07-01 21:34:09 DEBUG: Next order in buffer: 25
2026-07-01 21:34:09 DEBUG:    EVENT NUM 300   current_time = 00:03:10   START_PICKING         [queue size = 75]
2026-07-01 21:34:09 DEBUG: Processing task 18 at workstation 0: picking items {6855} for orders {81}
2026-07-01 21:34:09 DEBUG:    EVENT NUM 301   current_time = 00:03:10   OPEN_ORDER            [queue size = 75]
2026-07-01 21:34:09 DEBUG: Order 25 (skus required = {3674}) opened at workstation 0.   [open_orders = 4/4]
2026-07-01 21:34:09 DEBUG:    EVENT NUM 302   current_time = 00:03:10   START_TASK            [queue size = 75]
2026-07-01 21:34:09 DEBUG: Task 32 blocked: no idle robots.
2026-07-01 21:34:09 DEBUG:    EVENT NUM 303   current_time = 00:03:11   RELEASE_TASK          [queue size = 74]
2026-07-01 21:34:09 DEBUG: Task 91 released: pod 525 required by workstation(s) [0].  [released tasks = 60]
2026-07-01 21:34:09 DEBUG:    EVENT NUM 304   current_time = 00:03:14   RELEASE_TASK          [queue size = 73]
2026-07-01 21:34:09 DEBUG: Task 92 released: pod 254 required by workstation(s) [0].  [released tasks = 61]
2026-07-01 21:34:09 DEBUG:    EVENT NUM 305   current_time = 00:03:15   ARRIVAL_ORDER         [queue size = 72]
2026-07-01 21:34:09 DEBUG: Order 138 arrived: items_required = [2849, 6268].     [orders_in_system = 132]
2026-07-01 21:34:09 DEBUG:    EVENT NUM 306   current_time = 00:03:16   RELEASE_TASK          [queue size = 72]
2026-07-01 21:34:09 DEBUG: Task 93 released: pod 437 required by workstation(s) [1].  [released tasks = 62]
2026-07-01 21:34:09 DEBUG:    EVENT NUM 307   current_time = 00:03:18   ARRIVAL_POD_WST       [queue size = 71]
2026-07-01 21:34:09 DEBUG: Pod 516 arrived at workstation 0 - status = BUSY
2026-07-01 21:34:09 DEBUG: Pod queued at workstation.    [picking_buffer = {25: 198.11861898696299}]
2026-07-01 21:34:09 DEBUG:    EVENT NUM 308   current_time = 00:03:18   RELEASE_TASK          [queue size = 70]
2026-07-01 21:34:09 DEBUG: Task 94 released: pod 202 required by workstation(s) [0].  [released tasks = 63]
2026-07-01 21:34:09 DEBUG:    EVENT NUM 309   current_time = 00:03:19   ARRIVAL_POD_WST       [queue size = 69]
2026-07-01 21:34:09 DEBUG: Pod 208 arrived at workstation 1 - status = IDLE
2026-07-01 21:34:09 DEBUG: Pod queued at workstation.    [picking_buffer = {31: 199.26881317585855}]
2026-07-01 21:34:09 DEBUG:    EVENT NUM 310   current_time = 00:03:19   START_PICKING         [queue size = 69]
2026-07-01 21:34:09 DEBUG: Processing task 31 at workstation 1: picking items {3619} for orders {80}
2026-07-01 21:34:09 DEBUG:    EVENT NUM 311   current_time = 00:03:20   ARRIVAL_ORDER         [queue size = 69]
2026-07-01 21:34:09 DEBUG: Order 139 arrived: items_required = [4256, 5174].     [orders_in_system = 133]
2026-07-01 21:34:09 DEBUG:    EVENT NUM 312   current_time = 00:03:20   END_PICKING           [queue size = 69]
2026-07-01 21:34:09 DEBUG: Ended picking at workstation 0.    [picking_buffer len = {25: 198.11861898696299}]
2026-07-01 21:34:09 DEBUG: Task should have served orders {81}, found open orders {12, 13, 81, 25}.
2026-07-01 21:34:09 DEBUG: Task 18 completed: pod 198 returning to storage.
2026-07-01 21:34:09 DEBUG:    EVENT NUM 313   current_time = 00:03:20   START_PICKING         [queue size = 70]
2026-07-01 21:34:09 DEBUG: Processing task 25 at workstation 0: picking items {4200} for orders {12}
2026-07-01 21:34:09 DEBUG:    EVENT NUM 314   current_time = 00:03:20   RELEASE_TASK          [queue size = 70]
2026-07-01 21:34:09 DEBUG: Task 95 released: pod 282 required by workstation(s) [1].  [released tasks = 64]
2026-07-01 21:34:09 DEBUG:    EVENT NUM 315   current_time = 00:03:21   RETURN_POD            [queue size = 69]
2026-07-01 21:34:09 DEBUG: Pod 279 returned. Robot 19 idle.   [idle robots = 1/20, released tasks = 64]
2026-07-01 21:34:09 DEBUG:    EVENT NUM 316   current_time = 00:03:21   START_TASK            [queue size = 69]
2026-07-01 21:34:09 DEBUG: Task 32 started: robot 19 → pod 445 → workstation 1 for orders {31} (arrival = 287.0 s).   [idle robots = 0/20]
2026-07-01 21:34:09 DEBUG:    EVENT NUM 317   current_time = 00:03:22   RELEASE_TASK          [queue size = 69]
2026-07-01 21:34:09 DEBUG: Task 96 released: pod 244 required by workstation(s) [1].  [released tasks = 64]
2026-07-01 21:34:09 DEBUG:    EVENT NUM 318   current_time = 00:03:24   RELEASE_TASK          [queue size = 68]
2026-07-01 21:34:09 DEBUG: Task 97 released: pod 352 required by workstation(s) [0].  [released tasks = 65]
2026-07-01 21:34:09 DEBUG:    EVENT NUM 319   current_time = 00:03:25   ARRIVAL_ORDER         [queue size = 67]
2026-07-01 21:34:09 DEBUG: Order 140 arrived: items_required = [8524, 5980].     [orders_in_system = 134]
2026-07-01 21:34:09 DEBUG:    EVENT NUM 320   current_time = 00:03:25   ARRIVAL_POD_WST       [queue size = 67]
2026-07-01 21:34:09 DEBUG: Pod 374 arrived at workstation 0 - status = BUSY
2026-07-01 21:34:09 DEBUG: Pod queued at workstation.    [picking_buffer = {21: 205.49676057169788}]
2026-07-01 21:34:09 DEBUG:    EVENT NUM 321   current_time = 00:03:25   RETURN_POD            [queue size = 66]
2026-07-01 21:34:09 DEBUG: Pod 391 returned. Robot 9 idle.   [idle robots = 1/20, released tasks = 65]
2026-07-01 21:34:09 DEBUG:    EVENT NUM 322   current_time = 00:03:25   START_TASK            [queue size = 66]
2026-07-01 21:34:09 DEBUG: Task 33 started: robot 9 → pod 235 → workstation 0 for orders {2} (arrival = 265.1 s).   [idle robots = 0/20]
2026-07-01 21:34:09 DEBUG:    EVENT NUM 323   current_time = 00:03:26   RETURN_POD            [queue size = 66]
2026-07-01 21:34:09 DEBUG: Pod 476 returned. Robot 4 idle.   [idle robots = 1/20, released tasks = 64]
2026-07-01 21:34:09 DEBUG:    EVENT NUM 324   current_time = 00:03:26   START_TASK            [queue size = 66]
2026-07-01 21:34:09 DEBUG: Task 34 blocked: no orders in {0: [22]} is open yet.  [released tasks = 63]
2026-07-01 21:34:09 DEBUG: Task 35 started: robot 4 → pod 57 → workstation 1 for orders {30} (arrival = 329.4 s).   [idle robots = 0/20]
2026-07-01 21:34:09 DEBUG:    EVENT NUM 325   current_time = 00:03:26   RELEASE_TASK          [queue size = 66]
2026-07-01 21:34:09 DEBUG: Task 98 released: pod 493 required by workstation(s) [0].  [released tasks = 64]
2026-07-01 21:34:09 DEBUG:    EVENT NUM 326   current_time = 00:03:28   RELEASE_TASK          [queue size = 65]
2026-07-01 21:34:09 DEBUG: Task 99 released: pod 223 required by workstation(s) [0].  [released tasks = 65]
2026-07-01 21:34:09 DEBUG:    EVENT NUM 327   current_time = 00:03:29   END_PICKING           [queue size = 64]
2026-07-01 21:34:09 DEBUG: Ended picking at workstation 1.    [picking_buffer len = {}]
2026-07-01 21:34:09 DEBUG: Task should have served orders {80}, found open orders {80, 21, 30, 31}.
2026-07-01 21:34:09 DEBUG: Task 31 completed: pod 208 returning to storage.
2026-07-01 21:34:09 DEBUG:    EVENT NUM 328   current_time = 00:03:29   CLOSE_ORDER           [queue size = 65]
2026-07-01 21:34:09 DEBUG: Order 80 closed at workstation 1: flow_time = 209.3 s.     [order_buffer = 19] [open_orders = 3/4]
2026-07-01 21:34:09 DEBUG: Next order in buffer: 88
2026-07-01 21:34:09 DEBUG:    EVENT NUM 329   current_time = 00:03:29   OPEN_ORDER            [queue size = 65]
2026-07-01 21:34:09 DEBUG: Order 88 (skus required = {10149}) opened at workstation 1.   [open_orders = 4/4]
2026-07-01 21:34:09 DEBUG:    EVENT NUM 330   current_time = 00:03:29   START_TASK            [queue size = 65]
2026-07-01 21:34:09 DEBUG: Task 34 blocked: no orders in {0: [22]} is open yet.  [released tasks = 64]
2026-07-01 21:34:09 DEBUG: Task 36 blocked: no orders in {0: [22]} is open yet.  [released tasks = 63]
2026-07-01 21:34:09 DEBUG: Task 37 blocked: no orders in {0: [24]} is open yet.  [released tasks = 62]
2026-07-01 21:34:09 DEBUG: Task 38 blocked: no orders in {0: [47]} is open yet.  [released tasks = 61]
2026-07-01 21:34:09 DEBUG: Task 39 blocked: no orders in {0: [47]} is open yet.  [released tasks = 60]
2026-07-01 21:34:09 DEBUG: Task 40 blocked: no idle robots.
2026-07-01 21:34:09 DEBUG:    EVENT NUM 331   current_time = 00:03:30   ARRIVAL_ORDER         [queue size = 64]
2026-07-01 21:34:09 DEBUG: Order 141 arrived: items_required = [5765].     [orders_in_system = 134]
2026-07-01 21:34:09 DEBUG:    EVENT NUM 332   current_time = 00:03:30   END_PICKING           [queue size = 64]
2026-07-01 21:34:09 DEBUG: Ended picking at workstation 0.    [picking_buffer len = {21: 205.49676057169788}]
2026-07-01 21:34:09 DEBUG: Task should have served orders {12}, found open orders {12, 13, 81, 25}.
2026-07-01 21:34:09 DEBUG: Task 25 completed: pod 516 returning to storage.
2026-07-01 21:34:09 DEBUG:    EVENT NUM 333   current_time = 00:03:30   START_PICKING         [queue size = 65]
2026-07-01 21:34:09 DEBUG: Processing task 21 at workstation 0: picking items {4606} for orders {81}
2026-07-01 21:34:09 DEBUG:    EVENT NUM 334   current_time = 00:03:30   RELEASE_TASK          [queue size = 65]
2026-07-01 21:34:09 DEBUG: Task 100 released: pod 401 required by workstation(s) [1].  [released tasks = 66]
2026-07-01 21:34:09 DEBUG:    EVENT NUM 335   current_time = 00:03:32   RELEASE_TASK          [queue size = 64]
2026-07-01 21:34:09 DEBUG: Task 101 released: pod 40 required by workstation(s) [1].  [released tasks = 67]
2026-07-01 21:34:09 DEBUG:    EVENT NUM 336   current_time = 00:03:34   RETURN_POD            [queue size = 63]
2026-07-01 21:34:09 DEBUG: Pod 368 returned. Robot 3 idle.   [idle robots = 1/20, released tasks = 67]
2026-07-01 21:34:09 DEBUG:    EVENT NUM 337   current_time = 00:03:34   START_TASK            [queue size = 63]
2026-07-01 21:34:09 DEBUG: Task 34 blocked: no orders in {0: [22]} is open yet.  [released tasks = 66]
2026-07-01 21:34:09 DEBUG: Task 36 blocked: no orders in {0: [22]} is open yet.  [released tasks = 65]
2026-07-01 21:34:09 DEBUG: Task 37 blocked: no orders in {0: [24]} is open yet.  [released tasks = 64]
2026-07-01 21:34:09 DEBUG: Task 38 blocked: no orders in {0: [47]} is open yet.  [released tasks = 63]
2026-07-01 21:34:09 DEBUG: Task 39 blocked: no orders in {0: [47]} is open yet.  [released tasks = 62]
2026-07-01 21:34:09 DEBUG: Task 40 started: robot 3 → pod 288 → workstation 2 for orders {95} (arrival = 264.0 s).   [idle robots = 0/20]
2026-07-01 21:34:09 DEBUG:    EVENT NUM 338   current_time = 00:03:34   RELEASE_TASK          [queue size = 63]
2026-07-01 21:34:09 DEBUG: Task 102 released: pod 569 required by workstation(s) [1].  [released tasks = 67]
2026-07-01 21:34:09 DEBUG:    EVENT NUM 339   current_time = 00:03:35   ARRIVAL_ORDER         [queue size = 62]
2026-07-01 21:34:09 DEBUG: Order 142 arrived: items_required = [5707].     [orders_in_system = 135]
2026-07-01 21:34:09 DEBUG:    EVENT NUM 340   current_time = 00:03:37   RELEASE_TASK          [queue size = 62]
2026-07-01 21:34:09 DEBUG: Task 103 released: pod 262 required by workstation(s) [1].  [released tasks = 68]
2026-07-01 21:34:09 DEBUG:    EVENT NUM 341   current_time = 00:03:37   ARRIVAL_POD_WST       [queue size = 61]
2026-07-01 21:34:09 DEBUG: Pod 130 arrived at workstation 0 - status = BUSY
2026-07-01 21:34:09 DEBUG: Pod queued at workstation.    [picking_buffer = {30: 217.13339754299398}]
2026-07-01 21:34:09 DEBUG:    EVENT NUM 342   current_time = 00:03:39   RELEASE_TASK          [queue size = 60]
2026-07-01 21:34:09 DEBUG: Task 104 released: pod 427 required by workstation(s) [1].  [released tasks = 69]
2026-07-01 21:34:09 DEBUG:    EVENT NUM 343   current_time = 00:03:40   ARRIVAL_ORDER         [queue size = 59]
2026-07-01 21:34:09 DEBUG: Order 143 arrived: items_required = [7320].     [orders_in_system = 136]
2026-07-01 21:34:09 DEBUG:    EVENT NUM 344   current_time = 00:03:40   END_PICKING           [queue size = 59]
2026-07-01 21:34:09 DEBUG: Ended picking at workstation 0.    [picking_buffer len = {30: 217.13339754299398}]
2026-07-01 21:34:09 DEBUG: Task should have served orders {81}, found open orders {12, 13, 81, 25}.
2026-07-01 21:34:09 DEBUG: Task 21 completed: pod 374 returning to storage.
2026-07-01 21:34:09 DEBUG:    EVENT NUM 345   current_time = 00:03:40   CLOSE_ORDER           [queue size = 61]
2026-07-01 21:34:09 DEBUG: Order 81 closed at workstation 0: flow_time = 220.0 s.     [order_buffer = 22] [open_orders = 3/4]
2026-07-01 21:34:09 DEBUG: Next order in buffer: 2
2026-07-01 21:34:09 DEBUG:    EVENT NUM 346   current_time = 00:03:40   START_PICKING         [queue size = 61]
2026-07-01 21:34:09 DEBUG: Processing task 30 at workstation 0: picking items {5264} for orders {13}
2026-07-01 21:34:09 DEBUG:    EVENT NUM 347   current_time = 00:03:40   OPEN_ORDER            [queue size = 61]
2026-07-01 21:34:09 DEBUG: Order 2 (skus required = {6950, 7007}) opened at workstation 0.   [open_orders = 4/4]
2026-07-01 21:34:09 DEBUG:    EVENT NUM 348   current_time = 00:03:40   START_TASK            [queue size = 61]
2026-07-01 21:34:09 DEBUG: Task 34 blocked: no idle robots.
2026-07-01 21:34:09 DEBUG:    EVENT NUM 349   current_time = 00:03:41   RELEASE_TASK          [queue size = 60]
2026-07-01 21:34:09 DEBUG: Task 105 released: pod 138 required by workstation(s) [1].  [released tasks = 70]
2026-07-01 21:34:09 DEBUG:    EVENT NUM 350   current_time = 00:03:43   RELEASE_TASK          [queue size = 59]
2026-07-01 21:34:09 DEBUG: Task 106 released: pod 80 required by workstation(s) [1].  [released tasks = 71]
2026-07-01 21:34:09 DEBUG:    EVENT NUM 351   current_time = 00:03:45   ARRIVAL_ORDER         [queue size = 58]
2026-07-01 21:34:09 DEBUG: Order 144 arrived: items_required = [7429, 4027].     [orders_in_system = 136]
2026-07-01 21:34:09 DEBUG:    EVENT NUM 352   current_time = 00:03:45   RELEASE_TASK          [queue size = 58]
2026-07-01 21:34:09 DEBUG: Task 107 released: pod 44 required by workstation(s) [1].  [released tasks = 72]
2026-07-01 21:34:09 DEBUG:    EVENT NUM 353   current_time = 00:03:47   RELEASE_TASK          [queue size = 57]
2026-07-01 21:34:09 DEBUG: Task 108 released: pod 78 required by workstation(s) [1].  [released tasks = 73]
2026-07-01 21:34:09 DEBUG:    EVENT NUM 354   current_time = 00:03:48   RETURN_POD            [queue size = 56]
2026-07-01 21:34:09 DEBUG: Pod 162 returned. Robot 10 idle.   [idle robots = 1/20, released tasks = 73]
2026-07-01 21:34:09 DEBUG:    EVENT NUM 355   current_time = 00:03:48   START_TASK            [queue size = 56]
2026-07-01 21:34:09 DEBUG: Task 34 started: robot 10 → pod 489 → workstation 0 for orders {22} (arrival = 281.5 s).   [idle robots = 0/20]
2026-07-01 21:34:09 DEBUG:    EVENT NUM 356   current_time = 00:03:49   RETURN_POD            [queue size = 56]
2026-07-01 21:34:09 DEBUG: Pod 507 returned. Robot 0 idle.   [idle robots = 1/20, released tasks = 72]
2026-07-01 21:34:09 DEBUG:    EVENT NUM 357   current_time = 00:03:49   START_TASK            [queue size = 56]
2026-07-01 21:34:09 DEBUG: Task 36 started: robot 0 → pod 338 → workstation 0 for orders {22} (arrival = 288.3 s).   [idle robots = 0/20]
2026-07-01 21:34:09 DEBUG:    EVENT NUM 358   current_time = 00:03:49   RELEASE_TASK          [queue size = 56]
2026-07-01 21:34:09 DEBUG: Task 109 released: pod 49 required by workstation(s) [1].  [released tasks = 72]
2026-07-01 21:34:09 DEBUG:    EVENT NUM 359   current_time = 00:03:50   ARRIVAL_ORDER         [queue size = 55]
2026-07-01 21:34:09 DEBUG: Order 145 arrived: items_required = [7480].     [orders_in_system = 137]
2026-07-01 21:34:09 DEBUG:    EVENT NUM 360   current_time = 00:03:50   END_PICKING           [queue size = 55]
2026-07-01 21:34:09 DEBUG: Ended picking at workstation 0.    [picking_buffer len = {}]
2026-07-01 21:34:09 DEBUG: Task should have served orders {13}, found open orders {2, 12, 13, 25}.
2026-07-01 21:34:09 DEBUG: Task 30 completed: pod 130 returning to storage.
2026-07-01 21:34:09 DEBUG:    EVENT NUM 361   current_time = 00:03:50   CLOSE_ORDER           [queue size = 56]
2026-07-01 21:34:09 DEBUG: Order 13 closed at workstation 0: flow_time = 230.0 s.     [order_buffer = 21] [open_orders = 3/4]
2026-07-01 21:34:09 DEBUG: Next order in buffer: 22
2026-07-01 21:34:09 DEBUG:    EVENT NUM 362   current_time = 00:03:50   OPEN_ORDER            [queue size = 56]
2026-07-01 21:34:09 DEBUG: Order 22 (skus required = {7840, 8052, 4028}) opened at workstation 0.   [open_orders = 4/4]
2026-07-01 21:34:09 DEBUG:    EVENT NUM 363   current_time = 00:03:50   START_TASK            [queue size = 56]
2026-07-01 21:34:09 DEBUG: Task 37 blocked: no idle robots.
2026-07-01 21:34:09 DEBUG:    EVENT NUM 364   current_time = 00:03:50   ARRIVAL_POD_WST       [queue size = 55]
2026-07-01 21:34:09 DEBUG: Pod 367 arrived at workstation 0 - status = IDLE
2026-07-01 21:34:09 DEBUG: Pod queued at workstation.    [picking_buffer = {26: 230.38204059360694}]
2026-07-01 21:34:09 DEBUG:    EVENT NUM 365   current_time = 00:03:50   START_PICKING         [queue size = 55]
2026-07-01 21:34:09 DEBUG: Processing task 26 at workstation 0: picking items {8128} for orders {12}
2026-07-01 21:34:09 DEBUG:    EVENT NUM 366   current_time = 00:03:51   RELEASE_TASK          [queue size = 55]
2026-07-01 21:34:09 DEBUG: Task 110 released: pod 400 required by workstation(s) [2].  [released tasks = 73]
2026-07-01 21:34:09 DEBUG:    EVENT NUM 367   current_time = 00:03:53   RELEASE_TASK          [queue size = 54]
2026-07-01 21:34:09 DEBUG: Task 111 released: pod 307 required by workstation(s) [2].  [released tasks = 74]
2026-07-01 21:34:09 DEBUG:    EVENT NUM 368   current_time = 00:03:55   ARRIVAL_ORDER         [queue size = 53]
2026-07-01 21:34:09 DEBUG: Order 146 arrived: items_required = [8398, 5263].     [orders_in_system = 137]
2026-07-01 21:34:09 DEBUG:    EVENT NUM 369   current_time = 00:03:55   RELEASE_TASK          [queue size = 53]
2026-07-01 21:34:09 DEBUG: Task 112 released: pod 311 required by workstation(s) [1].  [released tasks = 75]
2026-07-01 21:34:09 DEBUG:    EVENT NUM 370   current_time = 00:03:58   RELEASE_TASK          [queue size = 52]
2026-07-01 21:34:09 DEBUG: Task 113 released: pod 155 required by workstation(s) [2].  [released tasks = 76]
2026-07-01 21:34:09 DEBUG:    EVENT NUM 371   current_time = 00:04:00   ARRIVAL_ORDER         [queue size = 51]
2026-07-01 21:34:09 DEBUG: Order 147 arrived: items_required = [3566, 7558, 6371, 2400].     [orders_in_system = 138]
2026-07-01 21:34:09 DEBUG:    EVENT NUM 372   current_time = 00:04:00   RELEASE_TASK          [queue size = 51]
2026-07-01 21:34:09 DEBUG: Task 114 released: pod 210 required by workstation(s) [1].  [released tasks = 77]
2026-07-01 21:34:09 DEBUG:    EVENT NUM 373   current_time = 00:04:00   END_PICKING           [queue size = 50]
2026-07-01 21:34:09 DEBUG: Ended picking at workstation 0.    [picking_buffer len = {}]
2026-07-01 21:34:09 DEBUG: Task should have served orders {12}, found open orders {2, 12, 22, 25}.
2026-07-01 21:34:09 DEBUG: Task 26 completed: pod 367 returning to storage.
2026-07-01 21:34:09 DEBUG:    EVENT NUM 374   current_time = 00:04:01   ARRIVAL_POD_WST       [queue size = 50]
2026-07-01 21:34:09 DEBUG: Pod 112 arrived at workstation 0 - status = IDLE
2026-07-01 21:34:09 DEBUG: Pod queued at workstation.    [picking_buffer = {27: 241.23644608248193}]
2026-07-01 21:34:09 DEBUG:    EVENT NUM 375   current_time = 00:04:01   START_PICKING         [queue size = 50]
2026-07-01 21:34:09 DEBUG: Processing task 27 at workstation 0: picking items {5631} for orders {12}
2026-07-01 21:34:09 DEBUG:    EVENT NUM 376   current_time = 00:04:02   RELEASE_TASK          [queue size = 50]
2026-07-01 21:34:09 DEBUG: Task 115 released: pod 53 required by workstation(s) [2].  [released tasks = 78]
2026-07-01 21:34:09 DEBUG:    EVENT NUM 377   current_time = 00:04:04   RELEASE_TASK          [queue size = 49]
2026-07-01 21:34:09 DEBUG: Task 116 released: pod 101 required by workstation(s) [2].  [released tasks = 79]
2026-07-01 21:34:09 DEBUG:    EVENT NUM 378   current_time = 00:04:05   ARRIVAL_ORDER         [queue size = 48]
2026-07-01 21:34:09 DEBUG: Order 148 arrived: items_required = [7574, 7096].     [orders_in_system = 139]
2026-07-01 21:34:09 DEBUG:    EVENT NUM 379   current_time = 00:04:05   RETURN_POD            [queue size = 48]
2026-07-01 21:34:09 DEBUG: Pod 269 returned. Robot 8 idle.   [idle robots = 1/20, released tasks = 79]
2026-07-01 21:34:09 DEBUG:    EVENT NUM 380   current_time = 00:04:05   START_TASK            [queue size = 48]
2026-07-01 21:34:09 DEBUG: Task 37 started: robot 8 → pod 528 → workstation 0 for orders {24} (arrival = 307.7 s).   [idle robots = 0/20]
2026-07-01 21:34:09 DEBUG:    EVENT NUM 381   current_time = 00:04:06   RELEASE_TASK          [queue size = 48]
2026-07-01 21:34:09 DEBUG: Task 117 released: pod 530 required by workstation(s) [1].  [released tasks = 79]
2026-07-01 21:34:09 DEBUG:    EVENT NUM 382   current_time = 00:04:08   RELEASE_TASK          [queue size = 47]
2026-07-01 21:34:09 DEBUG: Task 118 released: pod 328 required by workstation(s) [1].  [released tasks = 80]
2026-07-01 21:34:09 DEBUG:    EVENT NUM 383   current_time = 00:04:10   ARRIVAL_ORDER         [queue size = 46]
2026-07-01 21:34:09 DEBUG: Order 149 arrived: items_required = [4145, 3644].     [orders_in_system = 140]
2026-07-01 21:34:09 DEBUG:    EVENT NUM 384   current_time = 00:04:10   RELEASE_TASK          [queue size = 46]
2026-07-01 21:34:09 DEBUG: Task 119 released: pod 106 required by workstation(s) [1].  [released tasks = 81]
2026-07-01 21:34:09 DEBUG:    EVENT NUM 385   current_time = 00:04:11   END_PICKING           [queue size = 45]
2026-07-01 21:34:09 DEBUG: Ended picking at workstation 0.    [picking_buffer len = {}]
2026-07-01 21:34:09 DEBUG: Task should have served orders {12}, found open orders {2, 12, 22, 25}.
2026-07-01 21:34:09 DEBUG: Task 27 completed: pod 112 returning to storage.
2026-07-01 21:34:09 DEBUG:    EVENT NUM 386   current_time = 00:04:11   CLOSE_ORDER           [queue size = 46]
2026-07-01 21:34:09 DEBUG: Order 12 closed at workstation 0: flow_time = 251.2 s.     [order_buffer = 20] [open_orders = 3/4]
2026-07-01 21:34:09 DEBUG: Next order in buffer: 24
2026-07-01 21:34:09 DEBUG:    EVENT NUM 387   current_time = 00:04:11   OPEN_ORDER            [queue size = 46]
2026-07-01 21:34:09 DEBUG: Order 24 (skus required = {3198}) opened at workstation 0.   [open_orders = 4/4]
2026-07-01 21:34:09 DEBUG:    EVENT NUM 388   current_time = 00:04:11   START_TASK            [queue size = 46]
2026-07-01 21:34:09 DEBUG: Task 38 blocked: no idle robots.
2026-07-01 21:34:09 DEBUG:    EVENT NUM 389   current_time = 00:04:12   RELEASE_TASK          [queue size = 45]
2026-07-01 21:34:09 DEBUG: Task 120 released: pod 146 required by workstation(s) [1].  [released tasks = 82]
2026-07-01 21:34:09 DEBUG:    EVENT NUM 390   current_time = 00:04:14   ARRIVAL_POD_WST       [queue size = 44]
2026-07-01 21:34:09 DEBUG: Pod 239 arrived at workstation 0 - status = IDLE
2026-07-01 21:34:09 DEBUG: Pod queued at workstation.    [picking_buffer = {29: 254.57266005469637}]
2026-07-01 21:34:09 DEBUG:    EVENT NUM 391   current_time = 00:04:14   START_PICKING         [queue size = 44]
2026-07-01 21:34:09 DEBUG: Processing task 29 at workstation 0: picking items {3674} for orders {25}
2026-07-01 21:34:09 DEBUG:    EVENT NUM 392   current_time = 00:04:14   RELEASE_TASK          [queue size = 44]
2026-07-01 21:34:09 DEBUG: Task 121 released: pod 59 required by workstation(s) [2].  [released tasks = 83]
2026-07-01 21:34:09 DEBUG:    EVENT NUM 393   current_time = 00:04:15   ARRIVAL_ORDER         [queue size = 43]
2026-07-01 21:34:09 DEBUG: Order 150 arrived: items_required = [3752].     [orders_in_system = 140]
2026-07-01 21:34:09 DEBUG:    EVENT NUM 394   current_time = 00:04:16   RELEASE_TASK          [queue size = 43]
2026-07-01 21:34:09 DEBUG: Task 122 released: pod 151 required by workstation(s) [2].  [released tasks = 84]
2026-07-01 21:34:09 DEBUG:    EVENT NUM 395   current_time = 00:04:17   RETURN_POD            [queue size = 42]
2026-07-01 21:34:09 DEBUG: Pod 392 returned. Robot 17 idle.   [idle robots = 1/20, released tasks = 84]
2026-07-01 21:34:09 DEBUG:    EVENT NUM 396   current_time = 00:04:17   START_TASK            [queue size = 42]
2026-07-01 21:34:09 DEBUG: Task 38 started: robot 17 → pod 315 → workstation 0 for orders {47} (arrival = 342.1 s).   [idle robots = 0/20]
2026-07-01 21:34:09 DEBUG:    EVENT NUM 397   current_time = 00:04:19   RELEASE_TASK          [queue size = 42]
2026-07-01 21:34:09 DEBUG: Task 123 released: pod 121 required by workstation(s) [1].  [released tasks = 84]
2026-07-01 21:34:09 DEBUG:    EVENT NUM 398   current_time = 00:04:19   RETURN_POD            [queue size = 41]
2026-07-01 21:34:09 DEBUG: Pod 169 returned. Robot 13 idle.   [idle robots = 1/20, released tasks = 84]
2026-07-01 21:34:09 DEBUG:    EVENT NUM 399   current_time = 00:04:19   START_TASK            [queue size = 41]
2026-07-01 21:34:09 DEBUG: Task 39 started: robot 13 → pod 141 → workstation 0 for orders {47} (arrival = 368.2 s).   [idle robots = 0/20]
2026-07-01 21:34:09 DEBUG:    EVENT NUM 400   current_time = 00:04:20   ARRIVAL_ORDER         [queue size = 41]
2026-07-01 21:34:09 DEBUG: Order 151 arrived: items_required = [8329, 6580].     [orders_in_system = 141]
2026-07-01 21:34:09 DEBUG:    EVENT NUM 401   current_time = 00:04:21   RELEASE_TASK          [queue size = 41]
2026-07-01 21:34:09 DEBUG: Task 124 released: pod 45 required by workstation(s) [1].  [released tasks = 84]
2026-07-01 21:34:09 DEBUG:    EVENT NUM 402   current_time = 00:04:23   RELEASE_TASK          [queue size = 40]
2026-07-01 21:34:09 DEBUG: Task 125 released: pod 431 required by workstation(s) [2, 3].  [released tasks = 85]
2026-07-01 21:34:09 DEBUG:    EVENT NUM 403   current_time = 00:04:23   ARRIVAL_POD_WST       [queue size = 39]
2026-07-01 21:34:09 DEBUG: Pod 288 arrived at workstation 2 - status = IDLE
2026-07-01 21:34:09 DEBUG: Pod queued at workstation.    [picking_buffer = {40: 263.96568796616845}]
2026-07-01 21:34:09 DEBUG:    EVENT NUM 404   current_time = 00:04:23   START_PICKING         [queue size = 39]
2026-07-01 21:34:09 DEBUG: Processing task 40 at workstation 2: picking items {6724} for orders {95}
2026-07-01 21:34:09 DEBUG:    EVENT NUM 405   current_time = 00:04:24   END_PICKING           [queue size = 39]
2026-07-01 21:34:09 DEBUG: Ended picking at workstation 0.    [picking_buffer len = {}]
2026-07-01 21:34:09 DEBUG: Task should have served orders {25}, found open orders {2, 22, 24, 25}.
2026-07-01 21:34:09 DEBUG: Task 29 completed: pod 239 returning to storage.
2026-07-01 21:34:09 DEBUG:    EVENT NUM 406   current_time = 00:04:24   CLOSE_ORDER           [queue size = 40]
2026-07-01 21:34:09 DEBUG: Order 25 closed at workstation 0: flow_time = 264.6 s.     [order_buffer = 19] [open_orders = 3/4]
2026-07-01 21:34:09 DEBUG: Next order in buffer: 47
2026-07-01 21:34:09 DEBUG:    EVENT NUM 407   current_time = 00:04:24   OPEN_ORDER            [queue size = 40]
2026-07-01 21:34:09 DEBUG: Order 47 (skus required = {3515, 6373}) opened at workstation 0.   [open_orders = 4/4]
2026-07-01 21:34:09 DEBUG:    EVENT NUM 408   current_time = 00:04:24   START_TASK            [queue size = 40]
2026-07-01 21:34:09 DEBUG: Task 41 blocked: no idle robots.
2026-07-01 21:34:09 DEBUG:    EVENT NUM 409   current_time = 00:04:25   ARRIVAL_ORDER         [queue size = 39]
2026-07-01 21:34:09 DEBUG: Order 152 arrived: items_required = [3198, 3033].     [orders_in_system = 141]
2026-07-01 21:34:09 DEBUG:    EVENT NUM 410   current_time = 00:04:25   ARRIVAL_POD_WST       [queue size = 39]
2026-07-01 21:34:09 DEBUG: Pod 235 arrived at workstation 0 - status = IDLE
2026-07-01 21:34:09 DEBUG: Pod queued at workstation.    [picking_buffer = {33: 265.0741901273376}]
2026-07-01 21:34:09 DEBUG:    EVENT NUM 411   current_time = 00:04:25   START_PICKING         [queue size = 39]
2026-07-01 21:34:09 DEBUG: Processing task 33 at workstation 0: picking items {7007} for orders {2}
2026-07-01 21:34:09 DEBUG:    EVENT NUM 412   current_time = 00:04:25   RELEASE_TASK          [queue size = 39]
2026-07-01 21:34:09 DEBUG: Task 126 released: pod 158 required by workstation(s) [2].  [released tasks = 86]
2026-07-01 21:34:09 DEBUG:    EVENT NUM 413   current_time = 00:04:26   RETURN_POD            [queue size = 38]
2026-07-01 21:34:09 DEBUG: Pod 516 returned. Robot 6 idle.   [idle robots = 1/20, released tasks = 86]
2026-07-01 21:34:09 DEBUG:    EVENT NUM 414   current_time = 00:04:26   START_TASK            [queue size = 38]
2026-07-01 21:34:09 DEBUG: Task 41 started: robot 6 → pod 104 → workstation 0 for orders {22} (arrival = 386.3 s).   [idle robots = 0/20]
2026-07-01 21:34:09 DEBUG:    EVENT NUM 415   current_time = 00:04:27   RELEASE_TASK          [queue size = 38]
2026-07-01 21:34:09 DEBUG: Task 127 released: pod 180 required by workstation(s) [2].  [released tasks = 86]
2026-07-01 21:34:09 DEBUG:    EVENT NUM 416   current_time = 00:04:29   RELEASE_TASK          [queue size = 37]
2026-07-01 21:34:09 DEBUG: Task 128 released: pod 79 required by workstation(s) [2].  [released tasks = 87]
2026-07-01 21:34:09 DEBUG:    EVENT NUM 417   current_time = 00:04:30   ARRIVAL_ORDER         [queue size = 36]
2026-07-01 21:34:09 DEBUG: Order 153 arrived: items_required = [6721].     [orders_in_system = 142]
2026-07-01 21:34:09 DEBUG:    EVENT NUM 418   current_time = 00:04:31   RELEASE_TASK          [queue size = 36]
2026-07-01 21:34:09 DEBUG: Task 129 released: pod 266 required by workstation(s) [2].  [released tasks = 88]
2026-07-01 21:34:09 DEBUG:    EVENT NUM 419   current_time = 00:04:33   RELEASE_TASK          [queue size = 35]
2026-07-01 21:34:09 DEBUG: Task 130 released: pod 11 required by workstation(s) [3].  [released tasks = 89]
2026-07-01 21:34:09 DEBUG:    EVENT NUM 420   current_time = 00:04:33   END_PICKING           [queue size = 34]
2026-07-01 21:34:09 DEBUG: Ended picking at workstation 2.    [picking_buffer len = {}]
2026-07-01 21:34:09 DEBUG: Task should have served orders {95}, found open orders {15, 84, 93, 95}.
2026-07-01 21:34:09 DEBUG: Task 40 completed: pod 288 returning to storage.
2026-07-01 21:34:09 DEBUG:    EVENT NUM 421   current_time = 00:04:33   CLOSE_ORDER           [queue size = 35]
2026-07-01 21:34:09 DEBUG: Order 95 closed at workstation 2: flow_time = 274.0 s.     [order_buffer = 6] [open_orders = 3/4]
2026-07-01 21:34:09 DEBUG: Next order in buffer: 87
2026-07-01 21:34:09 DEBUG:    EVENT NUM 422   current_time = 00:04:33   OPEN_ORDER            [queue size = 35]
2026-07-01 21:34:09 DEBUG: Order 87 (skus required = {8368, 6002}) opened at workstation 2.   [open_orders = 4/4]
2026-07-01 21:34:09 DEBUG:    EVENT NUM 423   current_time = 00:04:33   START_TASK            [queue size = 35]
2026-07-01 21:34:09 DEBUG: Task 42 blocked: no idle robots.
2026-07-01 21:34:09 DEBUG:    EVENT NUM 424   current_time = 00:04:35   ARRIVAL_ORDER         [queue size = 34]
2026-07-01 21:34:09 DEBUG: Order 154 arrived: items_required = [5688, 3886, 9105, 7022, 5504].     [orders_in_system = 142]
2026-07-01 21:34:09 DEBUG:    EVENT NUM 425   current_time = 00:04:35   END_PICKING           [queue size = 34]
2026-07-01 21:34:09 DEBUG: Ended picking at workstation 0.    [picking_buffer len = {}]
2026-07-01 21:34:09 DEBUG: Task should have served orders {2}, found open orders {2, 47, 22, 24}.
2026-07-01 21:34:09 DEBUG: Task 33 completed: pod 235 returning to storage.
2026-07-01 21:34:09 DEBUG:    EVENT NUM 426   current_time = 00:04:35   RELEASE_TASK          [queue size = 34]
2026-07-01 21:34:09 DEBUG: Task 131 released: pod 7 required by workstation(s) [3].  [released tasks = 90]
2026-07-01 21:34:09 DEBUG:    EVENT NUM 427   current_time = 00:04:37   RETURN_POD            [queue size = 33]
2026-07-01 21:34:09 DEBUG: Pod 296 returned. Robot 5 idle.   [idle robots = 1/20, released tasks = 90]
2026-07-01 21:34:09 DEBUG:    EVENT NUM 428   current_time = 00:04:37   START_TASK            [queue size = 33]
2026-07-01 21:34:09 DEBUG: Task 42 started: robot 5 → pod 423 → workstation 0 for orders {2} (arrival = 385.7 s).   [idle robots = 0/20]
2026-07-01 21:34:09 DEBUG:    EVENT NUM 429   current_time = 00:04:37   RELEASE_TASK          [queue size = 33]
2026-07-01 21:34:09 DEBUG: Task 132 released: pod 125 required by workstation(s) [2].  [released tasks = 90]
2026-07-01 21:34:09 DEBUG:    EVENT NUM 430   current_time = 00:04:40   ARRIVAL_ORDER         [queue size = 32]
2026-07-01 21:34:09 DEBUG: Order 155 arrived: items_required = [6044, 6230].     [orders_in_system = 143]
2026-07-01 21:34:09 DEBUG:    EVENT NUM 431   current_time = 00:04:40   RELEASE_TASK          [queue size = 32]
2026-07-01 21:34:09 DEBUG: Task 133 released: pod 201 required by workstation(s) [2, 2].  [released tasks = 91]
2026-07-01 21:34:09 DEBUG:    EVENT NUM 432   current_time = 00:04:41   ARRIVAL_POD_WST       [queue size = 31]
2026-07-01 21:34:09 DEBUG: Pod 489 arrived at workstation 0 - status = IDLE
2026-07-01 21:34:09 DEBUG: Pod queued at workstation.    [picking_buffer = {34: 281.492713971619}]
2026-07-01 21:34:09 DEBUG:    EVENT NUM 433   current_time = 00:04:41   START_PICKING         [queue size = 31]
2026-07-01 21:34:09 DEBUG: Processing task 34 at workstation 0: picking items {8052} for orders {22}
2026-07-01 21:34:09 DEBUG:    EVENT NUM 434   current_time = 00:04:42   RELEASE_TASK          [queue size = 31]
2026-07-01 21:34:09 DEBUG: Task 134 released: pod 8 required by workstation(s) [3].  [released tasks = 92]
2026-07-01 21:34:09 DEBUG:    EVENT NUM 435   current_time = 00:04:44   RELEASE_TASK          [queue size = 30]
2026-07-01 21:34:09 DEBUG: Task 135 released: pod 404 required by workstation(s) [3].  [released tasks = 93]
2026-07-01 21:34:09 DEBUG:    EVENT NUM 436   current_time = 00:04:44   RETURN_POD            [queue size = 29]
2026-07-01 21:34:09 DEBUG: Pod 208 returned. Robot 14 idle.   [idle robots = 1/20, released tasks = 93]
2026-07-01 21:34:09 DEBUG:    EVENT NUM 437   current_time = 00:04:44   START_TASK            [queue size = 29]
2026-07-01 21:34:09 DEBUG: Task 43 started: robot 14 → pod 221 → workstation 1 for orders {31} (arrival = 394.7 s).   [idle robots = 0/20]
2026-07-01 21:34:09 DEBUG:    EVENT NUM 438   current_time = 00:04:45   ARRIVAL_ORDER         [queue size = 29]
2026-07-01 21:34:09 DEBUG: Order 156 arrived: items_required = [6916, 6505].     [orders_in_system = 144]
2026-07-01 21:34:09 DEBUG:    EVENT NUM 439   current_time = 00:04:46   RELEASE_TASK          [queue size = 29]
2026-07-01 21:34:09 DEBUG: Task 136 released: pod 268 required by workstation(s) [3].  [released tasks = 93]
2026-07-01 21:34:09 DEBUG:    EVENT NUM 440   current_time = 00:04:47   ARRIVAL_POD_WST       [queue size = 28]
2026-07-01 21:34:09 DEBUG: Pod 445 arrived at workstation 1 - status = IDLE
2026-07-01 21:34:09 DEBUG: Pod queued at workstation.    [picking_buffer = {32: 287.0240101472154}]
2026-07-01 21:34:09 DEBUG:    EVENT NUM 441   current_time = 00:04:47   START_PICKING         [queue size = 28]
2026-07-01 21:34:09 DEBUG: Processing task 32 at workstation 1: picking items {5010} for orders {31}
2026-07-01 21:34:09 DEBUG:    EVENT NUM 442   current_time = 00:04:48   ARRIVAL_POD_WST       [queue size = 28]
2026-07-01 21:34:09 DEBUG: Pod 338 arrived at workstation 0 - status = BUSY
2026-07-01 21:34:09 DEBUG: Pod queued at workstation.    [picking_buffer = {36: 288.2875050607488}]
2026-07-01 21:34:09 DEBUG:    EVENT NUM 443   current_time = 00:04:48   RELEASE_TASK          [queue size = 27]
2026-07-01 21:34:09 DEBUG: Task 137 released: pod 548 required by workstation(s) [3].  [released tasks = 94]
2026-07-01 21:34:09 DEBUG:    EVENT NUM 444   current_time = 00:04:50   ARRIVAL_ORDER         [queue size = 26]
2026-07-01 21:34:09 DEBUG: Order 157 arrived: items_required = [5955].     [orders_in_system = 145]
2026-07-01 21:34:09 DEBUG:    EVENT NUM 445   current_time = 00:04:50   RELEASE_TASK          [queue size = 26]
2026-07-01 21:34:09 DEBUG: Task 138 released: pod 259 required by workstation(s) [2].  [released tasks = 95]
2026-07-01 21:34:09 DEBUG:    EVENT NUM 446   current_time = 00:04:51   END_PICKING           [queue size = 25]
2026-07-01 21:34:09 DEBUG: Ended picking at workstation 0.    [picking_buffer len = {36: 288.2875050607488}]
2026-07-01 21:34:09 DEBUG: Task should have served orders {22}, found open orders {2, 47, 22, 24}.
2026-07-01 21:34:09 DEBUG: Task 34 completed: pod 489 returning to storage.
2026-07-01 21:34:09 DEBUG:    EVENT NUM 447   current_time = 00:04:51   START_PICKING         [queue size = 26]
2026-07-01 21:34:09 DEBUG: Processing task 36 at workstation 0: picking items {7840} for orders {22}
2026-07-01 21:34:09 DEBUG:    EVENT NUM 448   current_time = 00:04:52   RELEASE_TASK          [queue size = 26]
2026-07-01 21:34:09 DEBUG: Task 139 released: pod 383 required by workstation(s) [3].  [released tasks = 96]
2026-07-01 21:34:09 DEBUG:    EVENT NUM 449   current_time = 00:04:54   RELEASE_TASK          [queue size = 25]
2026-07-01 21:34:09 DEBUG: Task 140 released: pod 122 required by workstation(s) [3].  [released tasks = 97]
2026-07-01 21:34:09 DEBUG:    EVENT NUM 450   current_time = 00:04:55   ARRIVAL_ORDER         [queue size = 24]
2026-07-01 21:34:09 DEBUG: Order 158 arrived: items_required = [6967].     [orders_in_system = 146]
2026-07-01 21:34:09 DEBUG:    EVENT NUM 451   current_time = 00:04:56   RELEASE_TASK          [queue size = 24]
2026-07-01 21:34:09 DEBUG: Task 141 released: pod 101 required by workstation(s) [2].  [released tasks = 98]
2026-07-01 21:34:09 DEBUG:    EVENT NUM 452   current_time = 00:04:57   END_PICKING           [queue size = 23]
2026-07-01 21:34:09 DEBUG: Ended picking at workstation 1.    [picking_buffer len = {}]
2026-07-01 21:34:09 DEBUG: Task should have served orders {31}, found open orders {21, 88, 30, 31}.
2026-07-01 21:34:09 DEBUG: Task 32 completed: pod 445 returning to storage.
2026-07-01 21:34:09 DEBUG:    EVENT NUM 453   current_time = 00:04:58   RELEASE_TASK          [queue size = 23]
2026-07-01 21:34:09 DEBUG: Task 142 released: pod 464 required by workstation(s) [3].  [released tasks = 99]
2026-07-01 21:34:09 DEBUG:    EVENT NUM 454   current_time = 00:05:00   ARRIVAL_ORDER         [queue size = 22]
2026-07-01 21:34:09 DEBUG: Order 159 arrived: items_required = [4277].     [orders_in_system = 147]
2026-07-01 21:34:09 DEBUG:    EVENT NUM 455   current_time = 00:05:01   RELEASE_TASK          [queue size = 22]
2026-07-01 21:34:09 DEBUG: Task 143 released: pod 334 required by workstation(s) [3].  [released tasks = 100]
2026-07-01 21:34:09 DEBUG:    EVENT NUM 456   current_time = 00:05:01   END_PICKING           [queue size = 21]
2026-07-01 21:34:09 DEBUG: Ended picking at workstation 0.    [picking_buffer len = {}]
2026-07-01 21:34:09 DEBUG: Task should have served orders {22}, found open orders {2, 47, 22, 24}.
2026-07-01 21:34:09 DEBUG: Task 36 completed: pod 338 returning to storage.
2026-07-01 21:34:09 DEBUG:    EVENT NUM 457   current_time = 00:05:04   RETURN_POD            [queue size = 21]
2026-07-01 21:34:09 DEBUG: Pod 273 returned. Robot 2 idle.   [idle robots = 1/20, released tasks = 100]
2026-07-01 21:34:09 DEBUG:    EVENT NUM 458   current_time = 00:05:04   START_TASK            [queue size = 21]
2026-07-01 21:34:09 DEBUG: Task 44 started: robot 2 → pod 591 → workstation 0 for orders {11} (arrival = 349.4 s).   [idle robots = 0/20]
2026-07-01 21:34:09 DEBUG:    EVENT NUM 459   current_time = 00:05:05   ARRIVAL_ORDER         [queue size = 21]
2026-07-01 21:34:09 DEBUG: Order 160 arrived: items_required = [4443, 9186, 4802, 4758, 2875].     [orders_in_system = 148]
2026-07-01 21:34:09 DEBUG:    EVENT NUM 460   current_time = 00:05:06   RETURN_POD            [queue size = 21]
2026-07-01 21:34:09 DEBUG: Pod 76 returned. Robot 11 idle.   [idle robots = 1/20, released tasks = 99]
2026-07-01 21:34:09 DEBUG:    EVENT NUM 461   current_time = 00:05:06   START_TASK            [queue size = 21]
2026-07-01 21:34:09 DEBUG: Task 45 started: robot 11 → pod 492 → workstation 0 for orders {11} (arrival = 368.0 s).   [idle robots = 0/20]
2026-07-01 21:34:09 DEBUG:    EVENT NUM 462   current_time = 00:05:07   ARRIVAL_POD_WST       [queue size = 21]
2026-07-01 21:34:09 DEBUG: Pod 528 arrived at workstation 0 - status = IDLE
2026-07-01 21:34:09 DEBUG: Pod queued at workstation.    [picking_buffer = {37: 307.6562678359184}]
2026-07-01 21:34:09 DEBUG:    EVENT NUM 463   current_time = 00:05:07   START_PICKING         [queue size = 21]
2026-07-01 21:34:09 DEBUG: Processing task 37 at workstation 0: picking items {3198} for orders {24}
2026-07-01 21:34:09 DEBUG:    EVENT NUM 464   current_time = 00:05:10   ARRIVAL_ORDER         [queue size = 21]
2026-07-01 21:34:09 DEBUG: Order 161 arrived: items_required = [8797].     [orders_in_system = 149]
2026-07-01 21:34:09 DEBUG:    EVENT NUM 465   current_time = 00:05:15   ARRIVAL_ORDER         [queue size = 21]
2026-07-01 21:34:09 DEBUG: Order 162 arrived: items_required = [5125, 2411].     [orders_in_system = 150]
2026-07-01 21:34:09 DEBUG:    EVENT NUM 466   current_time = 00:05:16   RETURN_POD            [queue size = 21]
2026-07-01 21:34:09 DEBUG: Pod 367 returned. Robot 12 idle.   [idle robots = 1/20, released tasks = 98]
2026-07-01 21:34:09 DEBUG:    EVENT NUM 467   current_time = 00:05:16   START_TASK            [queue size = 21]
2026-07-01 21:34:09 DEBUG: Task 46 started: robot 12 → pod 460 → workstation 1 for orders {21} (arrival = 352.6 s).   [idle robots = 0/20]
2026-07-01 21:34:09 DEBUG:    EVENT NUM 468   current_time = 00:05:17   END_PICKING           [queue size = 21]
2026-07-01 21:34:09 DEBUG: Ended picking at workstation 0.    [picking_buffer len = {}]
2026-07-01 21:34:09 DEBUG: Task should have served orders {24}, found open orders {2, 47, 22, 24}.
2026-07-01 21:34:09 DEBUG: Task 37 completed: pod 528 returning to storage.
2026-07-01 21:34:09 DEBUG:    EVENT NUM 469   current_time = 00:05:17   CLOSE_ORDER           [queue size = 22]
2026-07-01 21:34:09 DEBUG: Order 24 closed at workstation 0: flow_time = 317.7 s.     [order_buffer = 18] [open_orders = 3/4]
2026-07-01 21:34:09 DEBUG: Next order in buffer: 11
2026-07-01 21:34:09 DEBUG:    EVENT NUM 470   current_time = 00:05:17   OPEN_ORDER            [queue size = 22]
2026-07-01 21:34:09 DEBUG: Order 11 (skus required = {7233, 4705, 8043, 6285, 4339, 6835}) opened at workstation 0.   [open_orders = 4/4]
2026-07-01 21:34:09 DEBUG:    EVENT NUM 471   current_time = 00:05:17   START_TASK            [queue size = 22]
2026-07-01 21:34:09 DEBUG: Task 47 blocked: no idle robots.
2026-07-01 21:34:09 DEBUG:    EVENT NUM 472   current_time = 00:05:20   ARRIVAL_ORDER         [queue size = 21]
2026-07-01 21:34:09 DEBUG: Order 163 arrived: items_required = [9638, 6892, 8147, 4220].     [orders_in_system = 150]
2026-07-01 21:34:09 DEBUG:    EVENT NUM 473   current_time = 00:05:21   RETURN_POD            [queue size = 21]
2026-07-01 21:34:09 DEBUG: Pod 288 returned. Robot 3 idle.   [idle robots = 1/20, released tasks = 97]
2026-07-01 21:34:09 DEBUG:    EVENT NUM 474   current_time = 00:05:21   START_TASK            [queue size = 21]
2026-07-01 21:34:09 DEBUG: Task 47 started: robot 3 → pod 256 → workstation 0 for orders {6} (arrival = 396.3 s).   [idle robots = 0/20]
2026-07-01 21:34:09 DEBUG:    EVENT NUM 475   current_time = 00:05:25   ARRIVAL_ORDER         [queue size = 21]
2026-07-01 21:34:09 DEBUG: Order 164 arrived: items_required = [5298].     [orders_in_system = 151]
2026-07-01 21:34:09 DEBUG:    EVENT NUM 476   current_time = 00:05:26   RETURN_POD            [queue size = 21]
2026-07-01 21:34:09 DEBUG: Pod 235 returned. Robot 9 idle.   [idle robots = 1/20, released tasks = 96]
2026-07-01 21:34:09 DEBUG:    EVENT NUM 477   current_time = 00:05:26   START_TASK            [queue size = 21]
2026-07-01 21:34:09 DEBUG: Task 48 started: robot 9 → pod 569 → workstation 1 for orders {88} (arrival = 385.1 s).   [idle robots = 0/20]
2026-07-01 21:34:09 DEBUG:    EVENT NUM 478   current_time = 00:05:29   ARRIVAL_POD_WST       [queue size = 21]
2026-07-01 21:34:09 DEBUG: Pod 57 arrived at workstation 1 - status = IDLE
2026-07-01 21:34:09 DEBUG: Pod queued at workstation.    [picking_buffer = {35: 329.3589573203734}]
2026-07-01 21:34:09 DEBUG:    EVENT NUM 479   current_time = 00:05:29   START_PICKING         [queue size = 21]
2026-07-01 21:34:09 DEBUG: Processing task 35 at workstation 1: picking items {4356} for orders {30}
2026-07-01 21:34:09 DEBUG:    EVENT NUM 480   current_time = 00:05:29   RETURN_POD            [queue size = 21]
2026-07-01 21:34:09 DEBUG: Pod 112 returned. Robot 15 idle.   [idle robots = 1/20, released tasks = 95]
2026-07-01 21:34:09 DEBUG:    EVENT NUM 481   current_time = 00:05:29   START_TASK            [queue size = 21]
2026-07-01 21:34:09 DEBUG: Task 49 started: robot 15 → pod 317 → workstation 0 for orders {11} (arrival = 412.6 s).   [idle robots = 0/20]
2026-07-01 21:34:09 DEBUG:    EVENT NUM 482   current_time = 00:05:30   ARRIVAL_ORDER         [queue size = 21]
2026-07-01 21:34:09 DEBUG: Order 165 arrived: items_required = [5108, 8371].     [orders_in_system = 152]
2026-07-01 21:34:09 DEBUG:    EVENT NUM 483   current_time = 00:05:32   RETURN_POD            [queue size = 21]
2026-07-01 21:34:09 DEBUG: Pod 130 returned. Robot 1 idle.   [idle robots = 1/20, released tasks = 94]
2026-07-01 21:34:09 DEBUG:    EVENT NUM 484   current_time = 00:05:32   START_TASK            [queue size = 21]
2026-07-01 21:34:09 DEBUG: Task 50 started: robot 1 → pod 530 → workstation 1 for orders {98} (arrival = 389.1 s).   [idle robots = 0/20]
2026-07-01 21:34:09 DEBUG:    EVENT NUM 485   current_time = 00:05:35   ARRIVAL_ORDER         [queue size = 21]
2026-07-01 21:34:09 DEBUG: Order 166 arrived: items_required = [7046, 5963, 6903].     [orders_in_system = 153]
2026-07-01 21:34:09 DEBUG:    EVENT NUM 486   current_time = 00:05:35   RETURN_POD            [queue size = 21]
2026-07-01 21:34:09 DEBUG: Pod 198 returned. Robot 18 idle.   [idle robots = 1/20, released tasks = 93]
2026-07-01 21:34:09 DEBUG:    EVENT NUM 487   current_time = 00:05:35   START_TASK            [queue size = 21]
2026-07-01 21:34:09 DEBUG: Task 51 blocked: no orders in {1: [48]} is open yet.  [released tasks = 92]
2026-07-01 21:34:09 DEBUG: Task 52 blocked: no orders in {0: [62]} is open yet.  [released tasks = 91]
2026-07-01 21:34:09 DEBUG: Task 53 blocked: no orders in {0: [62]} is open yet.  [released tasks = 90]
2026-07-01 21:34:09 DEBUG: Task 54 started: robot 18 → pod 447 → workstation 0 for orders {6} (arrival = 437.1 s).   [idle robots = 0/20]
2026-07-01 21:34:09 DEBUG:    EVENT NUM 488   current_time = 00:05:37   RETURN_POD            [queue size = 21]
2026-07-01 21:34:09 DEBUG: Pod 489 returned. Robot 10 idle.   [idle robots = 1/20, released tasks = 92]
2026-07-01 21:34:09 DEBUG:    EVENT NUM 489   current_time = 00:05:37   START_TASK            [queue size = 21]
2026-07-01 21:34:09 DEBUG: Task 51 blocked: no orders in {1: [48]} is open yet.  [released tasks = 91]
2026-07-01 21:34:09 DEBUG: Task 52 blocked: no orders in {0: [62]} is open yet.  [released tasks = 90]
2026-07-01 21:34:09 DEBUG: Task 53 blocked: no orders in {0: [62]} is open yet.  [released tasks = 89]
2026-07-01 21:34:09 DEBUG: Task 55 started: robot 10 → pod 253 → workstation 0 for orders {11} (arrival = 440.7 s).   [idle robots = 0/20]
2026-07-01 21:34:09 DEBUG:    EVENT NUM 490   current_time = 00:05:39   END_PICKING           [queue size = 21]
2026-07-01 21:34:09 DEBUG: Ended picking at workstation 1.    [picking_buffer len = {}]
2026-07-01 21:34:09 DEBUG: Task should have served orders {30}, found open orders {21, 88, 30, 31}.
2026-07-01 21:34:09 DEBUG: Task 35 completed: pod 57 returning to storage.
2026-07-01 21:34:09 DEBUG:    EVENT NUM 491   current_time = 00:05:39   CLOSE_ORDER           [queue size = 22]
2026-07-01 21:34:09 DEBUG: Order 30 closed at workstation 1: flow_time = 339.4 s.     [order_buffer = 18] [open_orders = 3/4]
2026-07-01 21:34:09 DEBUG: Next order in buffer: 98
2026-07-01 21:34:09 DEBUG:    EVENT NUM 492   current_time = 00:05:39   OPEN_ORDER            [queue size = 22]
2026-07-01 21:34:09 DEBUG: Order 98 (skus required = {7136, 6068}) opened at workstation 1.   [open_orders = 4/4]
2026-07-01 21:34:09 DEBUG:    EVENT NUM 493   current_time = 00:05:39   START_TASK            [queue size = 22]
2026-07-01 21:34:09 DEBUG: Task 51 blocked: no idle robots.
2026-07-01 21:34:09 DEBUG:    EVENT NUM 494   current_time = 00:05:40   ARRIVAL_ORDER         [queue size = 21]
2026-07-01 21:34:09 DEBUG: Order 167 arrived: items_required = [6615, 9473, 8802, 8418].     [orders_in_system = 153]
2026-07-01 21:34:09 DEBUG:    EVENT NUM 495   current_time = 00:05:41   RETURN_POD            [queue size = 21]
2026-07-01 21:34:09 DEBUG: Pod 374 returned. Robot 7 idle.   [idle robots = 1/20, released tasks = 91]
2026-07-01 21:34:09 DEBUG:    EVENT NUM 496   current_time = 00:05:41   START_TASK            [queue size = 21]
2026-07-01 21:34:09 DEBUG: Task 51 started: robot 7 → pod 140 → workstation 1 for orders {48} (arrival = 430.0 s).   [idle robots = 0/20]
2026-07-01 21:34:09 DEBUG:    EVENT NUM 497   current_time = 00:05:42   ARRIVAL_POD_WST       [queue size = 21]
2026-07-01 21:34:09 DEBUG: Pod 315 arrived at workstation 0 - status = IDLE
2026-07-01 21:34:09 DEBUG: Pod queued at workstation.    [picking_buffer = {38: 342.1109649846666}]
2026-07-01 21:34:09 DEBUG:    EVENT NUM 498   current_time = 00:05:42   START_PICKING         [queue size = 21]
2026-07-01 21:34:09 DEBUG: Processing task 38 at workstation 0: picking items {6373} for orders {47}
2026-07-01 21:34:09 DEBUG:    EVENT NUM 499   current_time = 00:05:43   RETURN_POD            [queue size = 21]
2026-07-01 21:34:09 DEBUG: Pod 239 returned. Robot 16 idle.   [idle robots = 1/20, released tasks = 90]
2026-07-01 21:34:09 DEBUG:    EVENT NUM 500   current_time = 00:05:43   START_TASK            [queue size = 21]
2026-07-01 21:34:09 DEBUG: Task 52 blocked: no orders in {0: [62]} is open yet.  [released tasks = 89]
2026-07-01 21:34:09 DEBUG: Task 53 blocked: no orders in {0: [62]} is open yet.  [released tasks = 88]
2026-07-01 21:34:09 DEBUG: Task 56 started: robot 16 → pod 573 → workstation 0 for orders {11} (arrival = 439.6 s).   [idle robots = 0/20]
2026-07-01 21:34:09 DEBUG:    EVENT NUM 501   current_time = 00:05:45   ARRIVAL_ORDER         [queue size = 21]
2026-07-01 21:34:09 DEBUG: Order 168 arrived: items_required = [7695, 6670, 7072].     [orders_in_system = 154]
2026-07-01 21:34:09 DEBUG:    EVENT NUM 502   current_time = 00:05:49   ARRIVAL_POD_WST       [queue size = 21]
2026-07-01 21:34:09 DEBUG: Pod 591 arrived at workstation 0 - status = BUSY
2026-07-01 21:34:09 DEBUG: Pod queued at workstation.    [picking_buffer = {44: 349.40162066787514}]
2026-07-01 21:34:09 DEBUG:    EVENT NUM 503   current_time = 00:05:50   ARRIVAL_ORDER         [queue size = 20]
2026-07-01 21:34:09 DEBUG: Order 169 arrived: items_required = [1193].     [orders_in_system = 155]
2026-07-01 21:34:09 DEBUG:    EVENT NUM 504   current_time = 00:05:52   END_PICKING           [queue size = 20]
2026-07-01 21:34:09 DEBUG: Ended picking at workstation 0.    [picking_buffer len = {44: 349.40162066787514}]
2026-07-01 21:34:09 DEBUG: Task should have served orders {47}, found open orders {2, 11, 47, 22}.
2026-07-01 21:34:09 DEBUG: Task 38 completed: pod 315 returning to storage.
2026-07-01 21:34:09 DEBUG:    EVENT NUM 505   current_time = 00:05:52   START_PICKING         [queue size = 21]
2026-07-01 21:34:09 DEBUG: Processing task 44 at workstation 0: picking items {7233} for orders {11}
2026-07-01 21:34:09 DEBUG:    EVENT NUM 506   current_time = 00:05:52   ARRIVAL_POD_WST       [queue size = 21]
2026-07-01 21:34:09 DEBUG: Pod 460 arrived at workstation 1 - status = IDLE
2026-07-01 21:34:09 DEBUG: Pod queued at workstation.    [picking_buffer = {46: 352.63716742981694}]
2026-07-01 21:34:09 DEBUG:    EVENT NUM 507   current_time = 00:05:52   START_PICKING         [queue size = 21]
2026-07-01 21:34:09 DEBUG: Processing task 46 at workstation 1: picking items {6034} for orders {21}
2026-07-01 21:34:09 DEBUG:    EVENT NUM 508   current_time = 00:05:55   ARRIVAL_ORDER         [queue size = 21]
2026-07-01 21:34:09 DEBUG: Order 170 arrived: items_required = [6501, 2995].     [orders_in_system = 156]
2026-07-01 21:34:09 DEBUG:    EVENT NUM 509   current_time = 00:05:57   RETURN_POD            [queue size = 21]
2026-07-01 21:34:09 DEBUG: Pod 338 returned. Robot 0 idle.   [idle robots = 1/20, released tasks = 89]
2026-07-01 21:34:09 DEBUG:    EVENT NUM 510   current_time = 00:05:57   START_TASK            [queue size = 21]
2026-07-01 21:34:09 DEBUG: Task 52 blocked: no orders in {0: [62]} is open yet.  [released tasks = 88]
2026-07-01 21:34:09 DEBUG: Task 53 blocked: no orders in {0: [62]} is open yet.  [released tasks = 87]
2026-07-01 21:34:09 DEBUG: Task 57 started: robot 0 → pod 14 → workstation 0 for orders {11} (arrival = 459.3 s).   [idle robots = 0/20]
2026-07-01 21:34:09 DEBUG:    EVENT NUM 511   current_time = 00:06:00   ARRIVAL_ORDER         [queue size = 21]
2026-07-01 21:34:09 DEBUG: Order 171 arrived: items_required = [5027, 3890, 7271, 6702, 7432, 6722, 4696, 8197, 7927, 10076].     [orders_in_system = 157]
2026-07-01 21:34:09 DEBUG:    EVENT NUM 512   current_time = 00:06:02   END_PICKING           [queue size = 21]
2026-07-01 21:34:09 DEBUG: Ended picking at workstation 0.    [picking_buffer len = {}]
2026-07-01 21:34:09 DEBUG: Task should have served orders {11}, found open orders {2, 11, 47, 22}.
2026-07-01 21:34:09 DEBUG: Task 44 completed: pod 591 returning to storage.
2026-07-01 21:34:09 DEBUG:    EVENT NUM 513   current_time = 00:06:02   END_PICKING           [queue size = 21]
2026-07-01 21:34:09 DEBUG: Ended picking at workstation 1.    [picking_buffer len = {}]
2026-07-01 21:34:09 DEBUG: Task should have served orders {21}, found open orders {98, 21, 88, 31}.
2026-07-01 21:34:09 DEBUG: Task 46 completed: pod 460 returning to storage.
2026-07-01 21:34:09 DEBUG:    EVENT NUM 514   current_time = 00:06:02   CLOSE_ORDER           [queue size = 22]
2026-07-01 21:34:09 DEBUG: Order 21 closed at workstation 1: flow_time = 362.6 s.     [order_buffer = 17] [open_orders = 3/4]
2026-07-01 21:34:09 DEBUG: Next order in buffer: 48
2026-07-01 21:34:09 DEBUG:    EVENT NUM 515   current_time = 00:06:02   OPEN_ORDER            [queue size = 22]
2026-07-01 21:34:09 DEBUG: Order 48 (skus required = {9449}) opened at workstation 1.   [open_orders = 4/4]
2026-07-01 21:34:09 DEBUG:    EVENT NUM 516   current_time = 00:06:02   START_TASK            [queue size = 22]
2026-07-01 21:34:09 DEBUG: Task 52 blocked: no orders in {0: [62]} is open yet.  [released tasks = 87]
2026-07-01 21:34:09 DEBUG: Task 53 blocked: no orders in {0: [62]} is open yet.  [released tasks = 86]
2026-07-01 21:34:09 DEBUG: Task 58 blocked: no idle robots.
2026-07-01 21:34:09 DEBUG:    EVENT NUM 517   current_time = 00:06:05   ARRIVAL_ORDER         [queue size = 21]
2026-07-01 21:34:09 DEBUG: Order 172 arrived: items_required = [3413].     [orders_in_system = 157]
2026-07-01 21:34:09 DEBUG:    EVENT NUM 518   current_time = 00:06:07   ARRIVAL_POD_WST       [queue size = 21]
2026-07-01 21:34:09 DEBUG: Pod 492 arrived at workstation 0 - status = IDLE
2026-07-01 21:34:09 DEBUG: Pod queued at workstation.    [picking_buffer = {45: 367.95714583406686}]
2026-07-01 21:34:09 DEBUG:    EVENT NUM 519   current_time = 00:06:07   START_PICKING         [queue size = 21]
2026-07-01 21:34:09 DEBUG: Processing task 45 at workstation 0: picking items {6835} for orders {11}
2026-07-01 21:34:09 DEBUG:    EVENT NUM 520   current_time = 00:06:08   ARRIVAL_POD_WST       [queue size = 21]
2026-07-01 21:34:09 DEBUG: Pod 141 arrived at workstation 0 - status = BUSY
2026-07-01 21:34:09 DEBUG: Pod queued at workstation.    [picking_buffer = {39: 368.2254684255024}]
2026-07-01 21:34:09 DEBUG:    EVENT NUM 521   current_time = 00:06:10   ARRIVAL_ORDER         [queue size = 20]
2026-07-01 21:34:09 DEBUG: Order 173 arrived: items_required = [5571, 7773].     [orders_in_system = 158]
2026-07-01 21:34:09 DEBUG:    EVENT NUM 522   current_time = 00:06:15   ARRIVAL_ORDER         [queue size = 20]
2026-07-01 21:34:09 DEBUG: Order 174 arrived: items_required = [4290, 2605, 8590].     [orders_in_system = 159]
2026-07-01 21:34:09 DEBUG:    EVENT NUM 523   current_time = 00:06:17   RETURN_POD            [queue size = 20]
2026-07-01 21:34:09 DEBUG: Pod 528 returned. Robot 8 idle.   [idle robots = 1/20, released tasks = 88]
2026-07-01 21:34:09 DEBUG:    EVENT NUM 524   current_time = 00:06:17   START_TASK            [queue size = 20]
2026-07-01 21:34:09 DEBUG: Task 52 blocked: no orders in {0: [62]} is open yet.  [released tasks = 87]
2026-07-01 21:34:09 DEBUG: Task 53 blocked: no orders in {0: [62]} is open yet.  [released tasks = 86]
2026-07-01 21:34:09 DEBUG: Task 58 started: robot 8 → pod 560 → workstation 2 for orders {93} (arrival = 402.0 s).   [idle robots = 0/20]
2026-07-01 21:34:09 DEBUG:    EVENT NUM 525   current_time = 00:06:17   END_PICKING           [queue size = 20]
2026-07-01 21:34:09 DEBUG: Ended picking at workstation 0.    [picking_buffer len = {39: 368.2254684255024}]
2026-07-01 21:34:09 DEBUG: Task should have served orders {11}, found open orders {2, 11, 47, 22}.
2026-07-01 21:34:09 DEBUG: Task 45 completed: pod 492 returning to storage.
2026-07-01 21:34:09 DEBUG:    EVENT NUM 526   current_time = 00:06:17   START_PICKING         [queue size = 21]
2026-07-01 21:34:09 DEBUG: Processing task 39 at workstation 0: picking items {3515} for orders {47}
2026-07-01 21:34:09 DEBUG:    EVENT NUM 527   current_time = 00:06:20   ARRIVAL_ORDER         [queue size = 21]
2026-07-01 21:34:09 DEBUG: Order 175 arrived: items_required = [6412].     [orders_in_system = 160]
2026-07-01 21:34:09 DEBUG:    EVENT NUM 528   current_time = 00:06:20   RETURN_POD            [queue size = 21]
2026-07-01 21:34:09 DEBUG: Pod 445 returned. Robot 19 idle.   [idle robots = 1/20, released tasks = 87]
2026-07-01 21:34:09 DEBUG:    EVENT NUM 529   current_time = 00:06:20   START_TASK            [queue size = 21]
2026-07-01 21:34:09 DEBUG: Task 52 blocked: no orders in {0: [62]} is open yet.  [released tasks = 86]
2026-07-01 21:34:09 DEBUG: Task 53 blocked: no orders in {0: [62]} is open yet.  [released tasks = 85]
2026-07-01 21:34:09 DEBUG: Task 59 blocked: no orders in {0: [65]} is open yet.  [released tasks = 84]
2026-07-01 21:34:09 DEBUG: Task 60 blocked: no orders in {0: [65]} is open yet.  [released tasks = 83]
2026-07-01 21:34:09 DEBUG: Task 61 started: robot 19 → pod 475 → workstation 1 for orders {98} (arrival = 473.5 s).   [idle robots = 0/20]
2026-07-01 21:34:09 DEBUG:    EVENT NUM 530   current_time = 00:06:25   ARRIVAL_ORDER         [queue size = 21]
2026-07-01 21:34:09 DEBUG: Order 176 arrived: items_required = [2373, 4783].     [orders_in_system = 161]
2026-07-01 21:34:09 DEBUG:    EVENT NUM 531   current_time = 00:06:25   ARRIVAL_POD_WST       [queue size = 21]
2026-07-01 21:34:09 DEBUG: Pod 569 arrived at workstation 1 - status = IDLE
2026-07-01 21:34:09 DEBUG: Pod queued at workstation.    [picking_buffer = {48: 385.05199620207486}]
2026-07-01 21:34:09 DEBUG:    EVENT NUM 532   current_time = 00:06:25   START_PICKING         [queue size = 21]
2026-07-01 21:34:09 DEBUG: Processing task 48 at workstation 1: picking items {10149} for orders {88}
2026-07-01 21:34:09 DEBUG:    EVENT NUM 533   current_time = 00:06:25   ARRIVAL_POD_WST       [queue size = 21]
2026-07-01 21:34:09 DEBUG: Pod 423 arrived at workstation 0 - status = BUSY
2026-07-01 21:34:09 DEBUG: Pod queued at workstation.    [picking_buffer = {42: 385.73281964449103}]
2026-07-01 21:34:09 DEBUG:    EVENT NUM 534   current_time = 00:06:26   ARRIVAL_POD_WST       [queue size = 20]
2026-07-01 21:34:09 DEBUG: Pod 104 arrived at workstation 0 - status = BUSY
2026-07-01 21:34:09 DEBUG: Pod queued at workstation.    [picking_buffer = {42: 385.73281964449103, 41: 386.28771446060307}]
2026-07-01 21:34:09 DEBUG:    EVENT NUM 535   current_time = 00:06:27   END_PICKING           [queue size = 19]
2026-07-01 21:34:09 DEBUG: Ended picking at workstation 0.    [picking_buffer len = {42: 385.73281964449103, 41: 386.28771446060307}]
2026-07-01 21:34:09 DEBUG: Task should have served orders {47}, found open orders {2, 11, 47, 22}.
2026-07-01 21:34:09 DEBUG: Task 39 completed: pod 141 returning to storage.
2026-07-01 21:34:09 DEBUG:    EVENT NUM 536   current_time = 00:06:27   CLOSE_ORDER           [queue size = 21]
2026-07-01 21:34:09 DEBUG: Order 47 closed at workstation 0: flow_time = 388.0 s.     [order_buffer = 17] [open_orders = 3/4]
2026-07-01 21:34:09 DEBUG: Next order in buffer: 6
2026-07-01 21:34:09 DEBUG:    EVENT NUM 537   current_time = 00:06:27   START_PICKING         [queue size = 21]
2026-07-01 21:34:09 DEBUG: Processing task 42 at workstation 0: picking items {6950} for orders {2}
2026-07-01 21:34:09 DEBUG:    EVENT NUM 538   current_time = 00:06:27   OPEN_ORDER            [queue size = 21]
2026-07-01 21:34:09 DEBUG: Order 6 (skus required = {6008, 6674}) opened at workstation 0.   [open_orders = 4/4]
2026-07-01 21:34:09 DEBUG:    EVENT NUM 539   current_time = 00:06:27   START_TASK            [queue size = 21]
2026-07-01 21:34:09 DEBUG: Task 52 blocked: no idle robots.
2026-07-01 21:34:09 DEBUG:    EVENT NUM 540   current_time = 00:06:29   ARRIVAL_POD_WST       [queue size = 20]
2026-07-01 21:34:09 DEBUG: Pod 530 arrived at workstation 1 - status = BUSY
2026-07-01 21:34:09 DEBUG: Pod queued at workstation.    [picking_buffer = {50: 389.1435020502946}]
2026-07-01 21:34:09 DEBUG:    EVENT NUM 541   current_time = 00:06:30   ARRIVAL_ORDER         [queue size = 19]
2026-07-01 21:34:09 DEBUG: Order 177 arrived: items_required = [7570, 5352].     [orders_in_system = 161]
2026-07-01 21:34:09 DEBUG:    EVENT NUM 542   current_time = 00:06:34   ARRIVAL_POD_WST       [queue size = 19]
2026-07-01 21:34:09 DEBUG: Pod 221 arrived at workstation 1 - status = BUSY
2026-07-01 21:34:09 DEBUG: Pod queued at workstation.    [picking_buffer = {50: 389.1435020502946, 43: 394.66184034556164}]
2026-07-01 21:34:09 DEBUG:    EVENT NUM 543   current_time = 00:06:35   ARRIVAL_ORDER         [queue size = 18]
2026-07-01 21:34:09 DEBUG: Order 178 arrived: items_required = [7465].     [orders_in_system = 162]
2026-07-01 21:34:09 DEBUG:    EVENT NUM 544   current_time = 00:06:35   END_PICKING           [queue size = 18]
2026-07-01 21:34:09 DEBUG: Ended picking at workstation 1.    [picking_buffer len = {50: 389.1435020502946, 43: 394.66184034556164}]
2026-07-01 21:34:09 DEBUG: Task should have served orders {88}, found open orders {98, 48, 88, 31}.
2026-07-01 21:34:09 DEBUG: Task 48 completed: pod 569 returning to storage.
2026-07-01 21:34:09 DEBUG:    EVENT NUM 545   current_time = 00:06:35   CLOSE_ORDER           [queue size = 20]
2026-07-01 21:34:09 DEBUG: Order 88 closed at workstation 1: flow_time = 395.1 s.     [order_buffer = 16] [open_orders = 3/4]
2026-07-01 21:34:09 DEBUG: Next order in buffer: 49
2026-07-01 21:34:09 DEBUG:    EVENT NUM 546   current_time = 00:06:35   START_PICKING         [queue size = 20]
2026-07-01 21:34:09 DEBUG: Processing task 50 at workstation 1: picking items {7136} for orders {98}
2026-07-01 21:34:09 DEBUG:    EVENT NUM 547   current_time = 00:06:35   OPEN_ORDER            [queue size = 20]
2026-07-01 21:34:09 DEBUG: Order 49 (skus required = {8464, 7744, 5315}) opened at workstation 1.   [open_orders = 4/4]
2026-07-01 21:34:09 DEBUG:    EVENT NUM 548   current_time = 00:06:35   START_TASK            [queue size = 20]
2026-07-01 21:34:09 DEBUG: Task 52 blocked: no idle robots.
2026-07-01 21:34:09 DEBUG:    EVENT NUM 549   current_time = 00:06:35   RETURN_POD            [queue size = 19]
2026-07-01 21:34:09 DEBUG: Pod 460 returned. Robot 12 idle.   [idle robots = 1/20, released tasks = 86]
2026-07-01 21:34:09 DEBUG:    EVENT NUM 550   current_time = 00:06:35   START_TASK            [queue size = 19]
2026-07-01 21:34:09 DEBUG: Task 52 started: robot 12 → pod 157 → workstation 0 for orders {62} (arrival = 495.0 s).   [idle robots = 0/20]
2026-07-01 21:34:09 DEBUG:    EVENT NUM 551   current_time = 00:06:36   ARRIVAL_POD_WST       [queue size = 19]
2026-07-01 21:34:09 DEBUG: Pod 256 arrived at workstation 0 - status = BUSY
2026-07-01 21:34:09 DEBUG: Pod queued at workstation.    [picking_buffer = {41: 386.28771446060307, 47: 396.3485600777127}]
2026-07-01 21:34:09 DEBUG:    EVENT NUM 552   current_time = 00:06:37   END_PICKING           [queue size = 18]
2026-07-01 21:34:09 DEBUG: Ended picking at workstation 0.    [picking_buffer len = {41: 386.28771446060307, 47: 396.3485600777127}]
2026-07-01 21:34:09 DEBUG: Task should have served orders {2}, found open orders {2, 6, 11, 22}.
2026-07-01 21:34:09 DEBUG: Task 42 completed: pod 423 returning to storage.
2026-07-01 21:34:09 DEBUG:    EVENT NUM 553   current_time = 00:06:37   CLOSE_ORDER           [queue size = 20]
2026-07-01 21:34:09 DEBUG: Order 2 closed at workstation 0: flow_time = 398.0 s.     [order_buffer = 16] [open_orders = 3/4]
2026-07-01 21:34:09 DEBUG: Next order in buffer: 62
2026-07-01 21:34:09 DEBUG:    EVENT NUM 554   current_time = 00:06:37   START_PICKING         [queue size = 20]
2026-07-01 21:34:09 DEBUG: Processing task 41 at workstation 0: picking items {4028} for orders {22}
2026-07-01 21:34:09 DEBUG:    EVENT NUM 555   current_time = 00:06:37   OPEN_ORDER            [queue size = 20]
2026-07-01 21:34:09 DEBUG: Order 62 (skus required = {973, 3175}) opened at workstation 0.   [open_orders = 4/4]
2026-07-01 21:34:09 DEBUG:    EVENT NUM 556   current_time = 00:06:37   START_TASK            [queue size = 20]
2026-07-01 21:34:09 DEBUG: Task 53 blocked: no idle robots.
2026-07-01 21:34:09 DEBUG:    EVENT NUM 557   current_time = 00:06:40   ARRIVAL_ORDER         [queue size = 19]
2026-07-01 21:34:09 DEBUG: Order 179 arrived: items_required = [5371].     [orders_in_system = 161]
2026-07-01 21:34:09 DEBUG:    EVENT NUM 558   current_time = 00:06:42   ARRIVAL_POD_WST       [queue size = 19]
2026-07-01 21:34:09 DEBUG: Pod 560 arrived at workstation 2 - status = IDLE
2026-07-01 21:34:09 DEBUG: Pod queued at workstation.    [picking_buffer = {58: 402.01823508460484}]
2026-07-01 21:34:09 DEBUG:    EVENT NUM 559   current_time = 00:06:42   START_PICKING         [queue size = 19]
2026-07-01 21:34:09 DEBUG: Processing task 58 at workstation 2: picking items {7378} for orders {93}
2026-07-01 21:34:09 DEBUG:    EVENT NUM 560   current_time = 00:06:45   ARRIVAL_ORDER         [queue size = 19]
2026-07-01 21:34:09 DEBUG: Order 180 arrived: items_required = [4340, 7096, 6782].     [orders_in_system = 162]
2026-07-01 21:34:09 DEBUG:    EVENT NUM 561   current_time = 00:06:45   END_PICKING           [queue size = 19]
2026-07-01 21:34:09 DEBUG: Ended picking at workstation 1.    [picking_buffer len = {43: 394.66184034556164}]
2026-07-01 21:34:09 DEBUG: Task should have served orders {98}, found open orders {98, 48, 49, 31}.
2026-07-01 21:34:09 DEBUG: Task 50 completed: pod 530 returning to storage.
2026-07-01 21:34:09 DEBUG:    EVENT NUM 562   current_time = 00:06:45   START_PICKING         [queue size = 20]
2026-07-01 21:34:09 DEBUG: Processing task 43 at workstation 1: picking items {4825} for orders {31}
2026-07-01 21:34:09 DEBUG:    EVENT NUM 563   current_time = 00:06:47   END_PICKING           [queue size = 20]
2026-07-01 21:34:09 DEBUG: Ended picking at workstation 0.    [picking_buffer len = {47: 396.3485600777127}]
2026-07-01 21:34:09 DEBUG: Task should have served orders {22}, found open orders {6, 11, 22, 62}.
2026-07-01 21:34:09 DEBUG: Task 41 completed: pod 104 returning to storage.
2026-07-01 21:34:09 DEBUG:    EVENT NUM 564   current_time = 00:06:47   CLOSE_ORDER           [queue size = 22]
2026-07-01 21:34:09 DEBUG: Order 22 closed at workstation 0: flow_time = 408.0 s.     [order_buffer = 15] [open_orders = 3/4]
2026-07-01 21:34:09 DEBUG: Next order in buffer: 65
2026-07-01 21:34:09 DEBUG:    EVENT NUM 565   current_time = 00:06:47   START_PICKING         [queue size = 22]
2026-07-01 21:34:09 DEBUG: Processing task 47 at workstation 0: picking items {6674} for orders {6}
2026-07-01 21:34:09 DEBUG:    EVENT NUM 566   current_time = 00:06:47   OPEN_ORDER            [queue size = 22]
2026-07-01 21:34:09 DEBUG: Order 65 (skus required = {7328, 9941}) opened at workstation 0.   [open_orders = 4/4]
2026-07-01 21:34:09 DEBUG:    EVENT NUM 567   current_time = 00:06:47   START_TASK            [queue size = 22]
2026-07-01 21:34:09 DEBUG: Task 53 blocked: no idle robots.
2026-07-01 21:34:09 DEBUG:    EVENT NUM 568   current_time = 00:06:48   RETURN_POD            [queue size = 21]
2026-07-01 21:34:09 DEBUG: Pod 591 returned. Robot 2 idle.   [idle robots = 1/20, released tasks = 85]
2026-07-01 21:34:09 DEBUG:    EVENT NUM 569   current_time = 00:06:48   START_TASK            [queue size = 21]
2026-07-01 21:34:09 DEBUG: Task 53 started: robot 2 → pod 367 → workstation 0 for orders {62} (arrival = 486.3 s).   [idle robots = 0/20]
2026-07-01 21:34:09 DEBUG:    EVENT NUM 570   current_time = 00:06:50   ARRIVAL_ORDER         [queue size = 21]
2026-07-01 21:34:09 DEBUG: Order 181 arrived: items_required = [11550, 8225, 9345, 7251, 7786].     [orders_in_system = 162]
2026-07-01 21:34:09 DEBUG:    EVENT NUM 571   current_time = 00:06:52   END_PICKING           [queue size = 21]
2026-07-01 21:34:09 DEBUG: Ended picking at workstation 2.    [picking_buffer len = {}]
2026-07-01 21:34:09 DEBUG: Task should have served orders {93}, found open orders {15, 84, 87, 93}.
2026-07-01 21:34:09 DEBUG: Task 58 completed: pod 560 returning to storage.
2026-07-01 21:34:09 DEBUG:    EVENT NUM 572   current_time = 00:06:52   ARRIVAL_POD_WST       [queue size = 21]
2026-07-01 21:34:09 DEBUG: Pod 317 arrived at workstation 0 - status = BUSY
2026-07-01 21:34:09 DEBUG: Pod queued at workstation.    [picking_buffer = {49: 412.5989643596393}]
2026-07-01 21:34:09 DEBUG:    EVENT NUM 573   current_time = 00:06:55   ARRIVAL_ORDER         [queue size = 20]
2026-07-01 21:34:09 DEBUG: Order 182 arrived: items_required = [5347].     [orders_in_system = 163]
2026-07-01 21:34:09 DEBUG:    EVENT NUM 574   current_time = 00:06:55   END_PICKING           [queue size = 20]
2026-07-01 21:34:09 DEBUG: Ended picking at workstation 1.    [picking_buffer len = {}]
2026-07-01 21:34:09 DEBUG: Task should have served orders {31}, found open orders {98, 48, 49, 31}.
2026-07-01 21:34:09 DEBUG: Task 43 completed: pod 221 returning to storage.
2026-07-01 21:34:09 DEBUG:    EVENT NUM 575   current_time = 00:06:55   CLOSE_ORDER           [queue size = 21]
2026-07-01 21:34:09 DEBUG: Order 31 closed at workstation 1: flow_time = 415.1 s.     [order_buffer = 15] [open_orders = 3/4]
2026-07-01 21:34:09 DEBUG: Next order in buffer: 33
2026-07-01 21:34:09 DEBUG:    EVENT NUM 576   current_time = 00:06:55   OPEN_ORDER            [queue size = 21]
2026-07-01 21:34:09 DEBUG: Order 33 (skus required = {7136, 6204, 3309, 5271}) opened at workstation 1.   [open_orders = 4/4]
2026-07-01 21:34:09 DEBUG:    EVENT NUM 577   current_time = 00:06:55   START_TASK            [queue size = 21]
2026-07-01 21:34:09 DEBUG: Task 59 blocked: no idle robots.
2026-07-01 21:34:09 DEBUG:    EVENT NUM 578   current_time = 00:06:57   END_PICKING           [queue size = 20]
2026-07-01 21:34:09 DEBUG: Ended picking at workstation 0.    [picking_buffer len = {49: 412.5989643596393}]
2026-07-01 21:34:09 DEBUG: Task should have served orders {6}, found open orders {65, 6, 11, 62}.
2026-07-01 21:34:09 DEBUG: Task 47 completed: pod 256 returning to storage.
2026-07-01 21:34:09 DEBUG:    EVENT NUM 579   current_time = 00:06:57   START_PICKING         [queue size = 21]
2026-07-01 21:34:09 DEBUG: Processing task 49 at workstation 0: picking items {4339} for orders {11}
2026-07-01 21:34:09 DEBUG:    EVENT NUM 580   current_time = 00:07:00   ARRIVAL_ORDER         [queue size = 21]
2026-07-01 21:34:09 DEBUG: Order 183 arrived: items_required = [3217].     [orders_in_system = 163]
2026-07-01 21:34:09 DEBUG:    EVENT NUM 581   current_time = 00:07:05   ARRIVAL_ORDER         [queue size = 21]
2026-07-01 21:34:09 DEBUG: Order 184 arrived: items_required = [6143].     [orders_in_system = 164]
2026-07-01 21:34:09 DEBUG:    EVENT NUM 582   current_time = 00:07:07   END_PICKING           [queue size = 21]
2026-07-01 21:34:09 DEBUG: Ended picking at workstation 0.    [picking_buffer len = {}]
2026-07-01 21:34:09 DEBUG: Task should have served orders {11}, found open orders {65, 6, 11, 62}.
2026-07-01 21:34:09 DEBUG: Task 49 completed: pod 317 returning to storage.
2026-07-01 21:34:09 DEBUG:    EVENT NUM 583   current_time = 00:07:09   ARRIVAL_POD_WST       [queue size = 21]
2026-07-01 21:34:09 DEBUG: Pod 140 arrived at workstation 1 - status = IDLE
2026-07-01 21:34:09 DEBUG: Pod queued at workstation.    [picking_buffer = {51: 429.99281916532993}]
2026-07-01 21:34:09 DEBUG:    EVENT NUM 584   current_time = 00:07:09   START_PICKING         [queue size = 21]
2026-07-01 21:34:09 DEBUG: Processing task 51 at workstation 1: picking items {9449} for orders {48}
2026-07-01 21:34:09 DEBUG:    EVENT NUM 585   current_time = 00:07:10   ARRIVAL_ORDER         [queue size = 21]
2026-07-01 21:34:09 DEBUG: Order 185 arrived: items_required = [6315].     [orders_in_system = 165]
2026-07-01 21:34:09 DEBUG:    EVENT NUM 586   current_time = 00:07:10   RETURN_POD            [queue size = 21]
2026-07-01 21:34:09 DEBUG: Pod 315 returned. Robot 17 idle.   [idle robots = 1/20, released tasks = 84]
2026-07-01 21:34:09 DEBUG:    EVENT NUM 587   current_time = 00:07:10   START_TASK            [queue size = 21]
2026-07-01 21:34:09 DEBUG: Task 59 started: robot 17 → pod 41 → workstation 0 for orders {65} (arrival = 550.1 s).   [idle robots = 0/20]
2026-07-01 21:34:09 DEBUG:    EVENT NUM 588   current_time = 00:07:15   ARRIVAL_ORDER         [queue size = 21]
2026-07-01 21:34:09 DEBUG: Order 186 arrived: items_required = [4531, 5377].     [orders_in_system = 166]
2026-07-01 21:34:09 DEBUG:    EVENT NUM 589   current_time = 00:07:16   RETURN_POD            [queue size = 21]
2026-07-01 21:34:09 DEBUG: Pod 560 returned. Robot 8 idle.   [idle robots = 1/20, released tasks = 83]
2026-07-01 21:34:09 DEBUG:    EVENT NUM 590   current_time = 00:07:16   START_TASK            [queue size = 21]
2026-07-01 21:34:09 DEBUG: Task 60 started: robot 8 → pod 4 → workstation 0 for orders {65} (arrival = 555.0 s).   [idle robots = 0/20]
2026-07-01 21:34:09 DEBUG:    EVENT NUM 591   current_time = 00:07:17   ARRIVAL_POD_WST       [queue size = 21]
2026-07-01 21:34:09 DEBUG: Pod 447 arrived at workstation 0 - status = IDLE
2026-07-01 21:34:09 DEBUG: Pod queued at workstation.    [picking_buffer = {54: 437.1090435620538}]
2026-07-01 21:34:09 DEBUG:    EVENT NUM 592   current_time = 00:07:17   START_PICKING         [queue size = 21]
2026-07-01 21:34:09 DEBUG: Processing task 54 at workstation 0: picking items {6008} for orders {6}
2026-07-01 21:34:09 DEBUG:    EVENT NUM 593   current_time = 00:07:18   RETURN_POD            [queue size = 21]
2026-07-01 21:34:09 DEBUG: Pod 492 returned. Robot 11 idle.   [idle robots = 1/20, released tasks = 82]
2026-07-01 21:34:09 DEBUG:    EVENT NUM 594   current_time = 00:07:18   START_TASK            [queue size = 21]
2026-07-01 21:34:09 DEBUG: Task 62 started: robot 11 → pod 332 → workstation 0 for orders {50} (arrival = 505.4 s).   [idle robots = 0/20]
2026-07-01 21:34:09 DEBUG:    EVENT NUM 595   current_time = 00:07:19   ARRIVAL_POD_WST       [queue size = 21]
2026-07-01 21:34:09 DEBUG: Pod 573 arrived at workstation 0 - status = BUSY
2026-07-01 21:34:09 DEBUG: Pod queued at workstation.    [picking_buffer = {56: 439.61552321655955}]
2026-07-01 21:34:09 DEBUG:    EVENT NUM 596   current_time = 00:07:19   END_PICKING           [queue size = 20]
2026-07-01 21:34:09 DEBUG: Ended picking at workstation 1.    [picking_buffer len = {}]
2026-07-01 21:34:09 DEBUG: Task should have served orders {48}, found open orders {33, 98, 48, 49}.
2026-07-01 21:34:09 DEBUG: Task 51 completed: pod 140 returning to storage.
2026-07-01 21:34:09 DEBUG:    EVENT NUM 597   current_time = 00:07:19   CLOSE_ORDER           [queue size = 21]
2026-07-01 21:34:09 DEBUG: Order 48 closed at workstation 1: flow_time = 440.0 s.     [order_buffer = 14] [open_orders = 3/4]
2026-07-01 21:34:09 DEBUG: Next order in buffer: 37
2026-07-01 21:34:09 DEBUG:    EVENT NUM 598   current_time = 00:07:19   OPEN_ORDER            [queue size = 21]
2026-07-01 21:34:09 DEBUG: Order 37 (skus required = {4501}) opened at workstation 1.   [open_orders = 4/4]
2026-07-01 21:34:09 DEBUG:    EVENT NUM 599   current_time = 00:07:19   START_TASK            [queue size = 21]
2026-07-01 21:34:09 DEBUG: Task 63 blocked: no idle robots.
2026-07-01 21:34:09 DEBUG:    EVENT NUM 600   current_time = 00:07:20   ARRIVAL_ORDER         [queue size = 20]
2026-07-01 21:34:09 DEBUG: Order 187 arrived: items_required = [5191].     [orders_in_system = 166]
2026-07-01 21:34:09 DEBUG:    EVENT NUM 601   current_time = 00:07:20   ARRIVAL_POD_WST       [queue size = 20]
2026-07-01 21:34:09 DEBUG: Pod 253 arrived at workstation 0 - status = BUSY
2026-07-01 21:34:09 DEBUG: Pod queued at workstation.    [picking_buffer = {56: 439.61552321655955, 55: 440.7408934013962}]
2026-07-01 21:34:09 DEBUG:    EVENT NUM 602   current_time = 00:07:25   ARRIVAL_ORDER         [queue size = 19]
2026-07-01 21:34:09 DEBUG: Order 188 arrived: items_required = [8268].     [orders_in_system = 167]
2026-07-01 21:34:09 DEBUG:    EVENT NUM 603   current_time = 00:07:27   RETURN_POD            [queue size = 19]
2026-07-01 21:34:09 DEBUG: Pod 57 returned. Robot 4 idle.   [idle robots = 1/20, released tasks = 81]
2026-07-01 21:34:09 DEBUG:    EVENT NUM 604   current_time = 00:07:27   START_TASK            [queue size = 19]
2026-07-01 21:34:09 DEBUG: Task 63 started: robot 4 → pod 484 → workstation 2 for orders {84} (arrival = 489.5 s).   [idle robots = 0/20]
2026-07-01 21:34:09 DEBUG:    EVENT NUM 605   current_time = 00:07:27   END_PICKING           [queue size = 19]
2026-07-01 21:34:09 DEBUG: Ended picking at workstation 0.    [picking_buffer len = {56: 439.61552321655955, 55: 440.7408934013962}]
2026-07-01 21:34:09 DEBUG: Task should have served orders {6}, found open orders {65, 6, 11, 62}.
2026-07-01 21:34:09 DEBUG: Task 54 completed: pod 447 returning to storage.
2026-07-01 21:34:09 DEBUG:    EVENT NUM 606   current_time = 00:07:27   CLOSE_ORDER           [queue size = 21]
2026-07-01 21:34:09 DEBUG: Order 6 closed at workstation 0: flow_time = 447.1 s.     [order_buffer = 14] [open_orders = 3/4]
2026-07-01 21:34:09 DEBUG: Next order in buffer: 50
2026-07-01 21:34:09 DEBUG:    EVENT NUM 607   current_time = 00:07:27   START_PICKING         [queue size = 21]
2026-07-01 21:34:09 DEBUG: Processing task 56 at workstation 0: picking items {8043} for orders {11}
2026-07-01 21:34:09 DEBUG:    EVENT NUM 608   current_time = 00:07:27   OPEN_ORDER            [queue size = 21]
2026-07-01 21:34:09 DEBUG: Order 50 (skus required = {3842}) opened at workstation 0.   [open_orders = 4/4]
2026-07-01 21:34:09 DEBUG:    EVENT NUM 609   current_time = 00:07:27   START_TASK            [queue size = 21]
2026-07-01 21:34:09 DEBUG: Task 64 blocked: no idle robots.
2026-07-01 21:34:09 DEBUG:    EVENT NUM 610   current_time = 00:07:30   ARRIVAL_ORDER         [queue size = 20]
2026-07-01 21:34:09 DEBUG: Order 189 arrived: items_required = [6130, 4804].     [orders_in_system = 167]
2026-07-01 21:34:09 DEBUG:    EVENT NUM 611   current_time = 00:07:33   RETURN_POD            [queue size = 20]
2026-07-01 21:34:09 DEBUG: Pod 569 returned. Robot 9 idle.   [idle robots = 1/20, released tasks = 80]
2026-07-01 21:34:09 DEBUG:    EVENT NUM 612   current_time = 00:07:33   START_TASK            [queue size = 20]
2026-07-01 21:34:09 DEBUG: Task 64 started: robot 9 → pod 393 → workstation 0 for orders {35} (arrival = 538.1 s).   [idle robots = 0/20]
2026-07-01 21:34:09 DEBUG:    EVENT NUM 613   current_time = 00:07:35   ARRIVAL_ORDER         [queue size = 20]
2026-07-01 21:34:09 DEBUG: Order 190 arrived: items_required = [6120, 6680].     [orders_in_system = 168]
2026-07-01 21:34:09 DEBUG:    EVENT NUM 614   current_time = 00:07:37   END_PICKING           [queue size = 20]
2026-07-01 21:34:09 DEBUG: Ended picking at workstation 0.    [picking_buffer len = {55: 440.7408934013962}]
2026-07-01 21:34:09 DEBUG: Task should have served orders {11}, found open orders {65, 11, 50, 62}.
2026-07-01 21:34:09 DEBUG: Task 56 completed: pod 573 returning to storage.
2026-07-01 21:34:09 DEBUG:    EVENT NUM 615   current_time = 00:07:37   START_PICKING         [queue size = 21]
2026-07-01 21:34:09 DEBUG: Processing task 55 at workstation 0: picking items {4705} for orders {11}
2026-07-01 21:34:09 DEBUG:    EVENT NUM 616   current_time = 00:07:39   ARRIVAL_POD_WST       [queue size = 21]
2026-07-01 21:34:09 DEBUG: Pod 14 arrived at workstation 0 - status = BUSY
2026-07-01 21:34:09 DEBUG: Pod queued at workstation.    [picking_buffer = {57: 459.3499940653307}]
2026-07-01 21:34:09 DEBUG:    EVENT NUM 617   current_time = 00:07:39   RETURN_POD            [queue size = 20]
2026-07-01 21:34:09 DEBUG: Pod 530 returned. Robot 1 idle.   [idle robots = 1/20, released tasks = 79]
2026-07-01 21:34:09 DEBUG:    EVENT NUM 618   current_time = 00:07:39   START_TASK            [queue size = 20]
2026-07-01 21:34:09 DEBUG: Task 65 started: robot 1 → pod 415 → workstation 1 for orders {49} (arrival = 516.9 s).   [idle robots = 0/20]
2026-07-01 21:34:09 DEBUG:    EVENT NUM 619   current_time = 00:07:40   ARRIVAL_ORDER         [queue size = 20]
2026-07-01 21:34:09 DEBUG: Order 191 arrived: items_required = [5392].     [orders_in_system = 169]
2026-07-01 21:34:09 DEBUG:    EVENT NUM 620   current_time = 00:07:45   ARRIVAL_ORDER         [queue size = 20]
2026-07-01 21:34:09 DEBUG: Order 192 arrived: items_required = [6534, 5795].     [orders_in_system = 170]
2026-07-01 21:34:09 DEBUG:    EVENT NUM 621   current_time = 00:07:47   END_PICKING           [queue size = 20]
2026-07-01 21:34:09 DEBUG: Ended picking at workstation 0.    [picking_buffer len = {57: 459.3499940653307}]
2026-07-01 21:34:09 DEBUG: Task should have served orders {11}, found open orders {65, 11, 50, 62}.
2026-07-01 21:34:09 DEBUG: Task 55 completed: pod 253 returning to storage.
2026-07-01 21:34:09 DEBUG:    EVENT NUM 622   current_time = 00:07:47   START_PICKING         [queue size = 21]
2026-07-01 21:34:09 DEBUG: Processing task 57 at workstation 0: picking items {6285} for orders {11}
2026-07-01 21:34:09 DEBUG:    EVENT NUM 623   current_time = 00:07:50   ARRIVAL_ORDER         [queue size = 21]
2026-07-01 21:34:09 DEBUG: Order 193 arrived: items_required = [2470, 6703].     [orders_in_system = 171]
2026-07-01 21:34:09 DEBUG:    EVENT NUM 624   current_time = 00:07:53   ARRIVAL_POD_WST       [queue size = 21]
2026-07-01 21:34:09 DEBUG: Pod 475 arrived at workstation 1 - status = IDLE
2026-07-01 21:34:09 DEBUG: Pod queued at workstation.    [picking_buffer = {61: 473.5211045693027}]
2026-07-01 21:34:09 DEBUG:    EVENT NUM 625   current_time = 00:07:53   START_PICKING         [queue size = 21]
2026-07-01 21:34:09 DEBUG: Processing task 61 at workstation 1: picking items {6068} for orders {98}
2026-07-01 21:34:09 DEBUG:    EVENT NUM 626   current_time = 00:07:55   ARRIVAL_ORDER         [queue size = 21]
2026-07-01 21:34:09 DEBUG: Order 194 arrived: items_required = [10707].     [orders_in_system = 172]
2026-07-01 21:34:09 DEBUG:    EVENT NUM 627   current_time = 00:07:57   END_PICKING           [queue size = 21]
2026-07-01 21:34:09 DEBUG: Ended picking at workstation 0.    [picking_buffer len = {}]
2026-07-01 21:34:09 DEBUG: Task should have served orders {11}, found open orders {65, 11, 50, 62}.
2026-07-01 21:34:09 DEBUG: Task 57 completed: pod 14 returning to storage.
2026-07-01 21:34:09 DEBUG:    EVENT NUM 628   current_time = 00:07:57   CLOSE_ORDER           [queue size = 22]
2026-07-01 21:34:09 DEBUG: Order 11 closed at workstation 0: flow_time = 477.1 s.     [order_buffer = 13] [open_orders = 3/4]
2026-07-01 21:34:09 DEBUG: Next order in buffer: 35
2026-07-01 21:34:09 DEBUG:    EVENT NUM 629   current_time = 00:07:57   OPEN_ORDER            [queue size = 22]
2026-07-01 21:34:09 DEBUG: Order 35 (skus required = {5193, 10554, 6995, 3126}) opened at workstation 0.   [open_orders = 4/4]
2026-07-01 21:34:09 DEBUG:    EVENT NUM 630   current_time = 00:07:57   START_TASK            [queue size = 22]
2026-07-01 21:34:09 DEBUG: Task 66 blocked: no idle robots.
2026-07-01 21:34:09 DEBUG:    EVENT NUM 631   current_time = 00:08:00   ARRIVAL_ORDER         [queue size = 21]
2026-07-01 21:34:09 DEBUG: Order 195 arrived: items_required = [5614, 5677].     [orders_in_system = 172]
2026-07-01 21:34:09 DEBUG:    EVENT NUM 632   current_time = 00:08:03   END_PICKING           [queue size = 21]
2026-07-01 21:34:09 DEBUG: Ended picking at workstation 1.    [picking_buffer len = {}]
2026-07-01 21:34:09 DEBUG: Task should have served orders {98}, found open orders {33, 98, 37, 49}.
2026-07-01 21:34:09 DEBUG: Task 61 completed: pod 475 returning to storage.
2026-07-01 21:34:09 DEBUG:    EVENT NUM 633   current_time = 00:08:03   CLOSE_ORDER           [queue size = 22]
2026-07-01 21:34:09 DEBUG: Order 98 closed at workstation 1: flow_time = 483.5 s.     [order_buffer = 13] [open_orders = 3/4]
2026-07-01 21:34:09 DEBUG: Next order in buffer: 74
2026-07-01 21:34:09 DEBUG:    EVENT NUM 634   current_time = 00:08:03   OPEN_ORDER            [queue size = 22]
2026-07-01 21:34:09 DEBUG: Order 74 (skus required = {5498, 4859}) opened at workstation 1.   [open_orders = 4/4]
2026-07-01 21:34:09 DEBUG:    EVENT NUM 635   current_time = 00:08:03   START_TASK            [queue size = 22]
2026-07-01 21:34:09 DEBUG: Task 66 blocked: no idle robots.
2026-07-01 21:34:09 DEBUG:    EVENT NUM 636   current_time = 00:08:05   ARRIVAL_ORDER         [queue size = 21]
2026-07-01 21:34:09 DEBUG: Order 196 arrived: items_required = [4537, 3476, 6609].     [orders_in_system = 172]
2026-07-01 21:34:09 DEBUG:    EVENT NUM 637   current_time = 00:08:06   ARRIVAL_POD_WST       [queue size = 21]
2026-07-01 21:34:09 DEBUG: Pod 367 arrived at workstation 0 - status = IDLE
2026-07-01 21:34:09 DEBUG: Pod queued at workstation.    [picking_buffer = {53: 486.29617836984653}]
2026-07-01 21:34:09 DEBUG:    EVENT NUM 638   current_time = 00:08:06   START_PICKING         [queue size = 21]
2026-07-01 21:34:09 DEBUG: Processing task 53 at workstation 0: picking items {3175} for orders {62}
2026-07-01 21:34:09 DEBUG:    EVENT NUM 639   current_time = 00:08:09   ARRIVAL_POD_WST       [queue size = 21]
2026-07-01 21:34:09 DEBUG: Pod 484 arrived at workstation 2 - status = IDLE
2026-07-01 21:34:09 DEBUG: Pod queued at workstation.    [picking_buffer = {63: 489.4944529077726}]
2026-07-01 21:34:09 DEBUG:    EVENT NUM 640   current_time = 00:08:09   START_PICKING         [queue size = 21]
2026-07-01 21:34:09 DEBUG: Processing task 63 at workstation 2: picking items {5565} for orders {84}
2026-07-01 21:34:09 DEBUG:    EVENT NUM 641   current_time = 00:08:10   ARRIVAL_ORDER         [queue size = 21]
2026-07-01 21:34:09 DEBUG: Order 197 arrived: items_required = [6290, 8335].     [orders_in_system = 173]
2026-07-01 21:34:09 DEBUG:    EVENT NUM 642   current_time = 00:08:11   RETURN_POD            [queue size = 21]
2026-07-01 21:34:09 DEBUG: Pod 141 returned. Robot 13 idle.   [idle robots = 1/20, released tasks = 78]
2026-07-01 21:34:09 DEBUG:    EVENT NUM 643   current_time = 00:08:11   START_TASK            [queue size = 21]
2026-07-01 21:34:09 DEBUG: Task 66 started: robot 13 → pod 468 → workstation 0 for orders {35} (arrival = 571.7 s).   [idle robots = 0/20]
2026-07-01 21:34:09 DEBUG:    EVENT NUM 644   current_time = 00:08:14   ARRIVAL_POD_WST       [queue size = 21]
2026-07-01 21:34:09 DEBUG: Pod 157 arrived at workstation 0 - status = BUSY
2026-07-01 21:34:09 DEBUG: Pod queued at workstation.    [picking_buffer = {52: 494.98150606217314}]
2026-07-01 21:34:09 DEBUG:    EVENT NUM 645   current_time = 00:08:15   ARRIVAL_ORDER         [queue size = 20]
2026-07-01 21:34:09 DEBUG: Order 198 arrived: items_required = [4233].     [orders_in_system = 174]
2026-07-01 21:34:09 DEBUG:    EVENT NUM 646   current_time = 00:08:16   END_PICKING           [queue size = 20]
2026-07-01 21:34:09 DEBUG: Ended picking at workstation 0.    [picking_buffer len = {52: 494.98150606217314}]
2026-07-01 21:34:09 DEBUG: Task should have served orders {62}, found open orders {65, 35, 50, 62}.
2026-07-01 21:34:09 DEBUG: Task 53 completed: pod 367 returning to storage.
2026-07-01 21:34:09 DEBUG:    EVENT NUM 647   current_time = 00:08:16   START_PICKING         [queue size = 21]
2026-07-01 21:34:09 DEBUG: Processing task 52 at workstation 0: picking items {973} for orders {62}
2026-07-01 21:34:09 DEBUG:    EVENT NUM 648   current_time = 00:08:19   END_PICKING           [queue size = 21]
2026-07-01 21:34:09 DEBUG: Ended picking at workstation 2.    [picking_buffer len = {}]
2026-07-01 21:34:09 DEBUG: Task should have served orders {84}, found open orders {15, 84, 87, 93}.
2026-07-01 21:34:09 DEBUG: Task 63 completed: pod 484 returning to storage.
2026-07-01 21:34:09 DEBUG:    EVENT NUM 649   current_time = 00:08:19   CLOSE_ORDER           [queue size = 22]
2026-07-01 21:34:09 DEBUG: Order 84 closed at workstation 2: flow_time = 499.5 s.     [order_buffer = 5] [open_orders = 3/4]
2026-07-01 21:34:09 DEBUG: Next order in buffer: 41
2026-07-01 21:34:09 DEBUG:    EVENT NUM 650   current_time = 00:08:19   OPEN_ORDER            [queue size = 22]
2026-07-01 21:34:09 DEBUG: Order 41 (skus required = {5977, 5561, 3589, 7401}) opened at workstation 2.   [open_orders = 4/4]
2026-07-01 21:34:09 DEBUG:    EVENT NUM 651   current_time = 00:08:19   START_TASK            [queue size = 22]
2026-07-01 21:34:09 DEBUG: Task 67 blocked: no idle robots.
2026-07-01 21:34:09 DEBUG:    EVENT NUM 652   current_time = 00:08:19   RETURN_POD            [queue size = 21]
2026-07-01 21:34:09 DEBUG: Pod 256 returned. Robot 3 idle.   [idle robots = 1/20, released tasks = 77]
2026-07-01 21:34:09 DEBUG:    EVENT NUM 653   current_time = 00:08:19   START_TASK            [queue size = 21]
2026-07-01 21:34:09 DEBUG: Task 67 started: robot 3 → pod 530 → workstation 1 for orders {33} (arrival = 562.9 s).   [idle robots = 0/20]
2026-07-01 21:34:09 DEBUG:    EVENT NUM 654   current_time = 00:08:20   ARRIVAL_ORDER         [queue size = 21]
2026-07-01 21:34:09 DEBUG: Order 199 arrived: items_required = [6721].     [orders_in_system = 174]
2026-07-01 21:34:09 DEBUG:    EVENT NUM 655   current_time = 00:08:25   ARRIVAL_ORDER         [queue size = 21]
2026-07-01 21:34:09 DEBUG: Order 200 arrived: items_required = [6964].     [orders_in_system = 175]
2026-07-01 21:34:09 DEBUG:    EVENT NUM 656   current_time = 00:08:25   ARRIVAL_POD_WST       [queue size = 21]
2026-07-01 21:34:09 DEBUG: Pod 332 arrived at workstation 0 - status = BUSY
2026-07-01 21:34:09 DEBUG: Pod queued at workstation.    [picking_buffer = {62: 505.42151493895943}]
2026-07-01 21:34:09 DEBUG:    EVENT NUM 657   current_time = 00:08:26   END_PICKING           [queue size = 20]
2026-07-01 21:34:09 DEBUG: Ended picking at workstation 0.    [picking_buffer len = {62: 505.42151493895943}]
2026-07-01 21:34:09 DEBUG: Task should have served orders {62}, found open orders {65, 35, 50, 62}.
2026-07-01 21:34:09 DEBUG: Task 52 completed: pod 157 returning to storage.
2026-07-01 21:34:09 DEBUG:    EVENT NUM 658   current_time = 00:08:26   CLOSE_ORDER           [queue size = 22]
2026-07-01 21:34:09 DEBUG: Order 62 closed at workstation 0: flow_time = 506.3 s.     [order_buffer = 12] [open_orders = 3/4]
2026-07-01 21:34:09 DEBUG: Next order in buffer: 90
2026-07-01 21:34:09 DEBUG:    EVENT NUM 659   current_time = 00:08:26   START_PICKING         [queue size = 22]
2026-07-01 21:34:09 DEBUG: Processing task 62 at workstation 0: picking items {3842} for orders {50}
2026-07-01 21:34:09 DEBUG:    EVENT NUM 660   current_time = 00:08:26   OPEN_ORDER            [queue size = 22]
2026-07-01 21:34:09 DEBUG: Order 90 (skus required = {7677}) opened at workstation 0.   [open_orders = 4/4]
2026-07-01 21:34:09 DEBUG:    EVENT NUM 661   current_time = 00:08:26   START_TASK            [queue size = 22]
2026-07-01 21:34:09 DEBUG: Task 68 blocked: no idle robots.
2026-07-01 21:34:09 DEBUG:    EVENT NUM 662   current_time = 00:08:30   ARRIVAL_ORDER         [queue size = 21]
2026-07-01 21:34:09 DEBUG: Order 201 arrived: items_required = [7590, 4518].     [orders_in_system = 175]
2026-07-01 21:34:09 DEBUG:    EVENT NUM 663   current_time = 00:08:33   RETURN_POD            [queue size = 21]
2026-07-01 21:34:09 DEBUG: Pod 104 returned. Robot 6 idle.   [idle robots = 1/20, released tasks = 76]
2026-07-01 21:34:09 DEBUG:    EVENT NUM 664   current_time = 00:08:33   START_TASK            [queue size = 21]
2026-07-01 21:34:09 DEBUG: Task 68 started: robot 6 → pod 36 → workstation 1 for orders {49} (arrival = 590.9 s).   [idle robots = 0/20]
2026-07-01 21:34:09 DEBUG:    EVENT NUM 665   current_time = 00:08:33   RETURN_POD            [queue size = 21]
2026-07-01 21:34:09 DEBUG: Pod 317 returned. Robot 15 idle.   [idle robots = 1/20, released tasks = 75]
2026-07-01 21:34:09 DEBUG:    EVENT NUM 666   current_time = 00:08:33   START_TASK            [queue size = 21]
2026-07-01 21:34:09 DEBUG: Task 69 started: robot 15 → pod 231 → workstation 0 for orders {90} (arrival = 589.6 s).   [idle robots = 0/20]
2026-07-01 21:34:09 DEBUG:    EVENT NUM 667   current_time = 00:08:33   RETURN_POD            [queue size = 21]
2026-07-01 21:34:09 DEBUG: Pod 423 returned. Robot 5 idle.   [idle robots = 1/20, released tasks = 74]
2026-07-01 21:34:09 DEBUG:    EVENT NUM 668   current_time = 00:08:33   START_TASK            [queue size = 21]
2026-07-01 21:34:09 DEBUG: Task 70 started: robot 5 → pod 448 → workstation 0 for orders {35} (arrival = 629.4 s).   [idle robots = 0/20]
2026-07-01 21:34:09 DEBUG:    EVENT NUM 669   current_time = 00:08:35   ARRIVAL_ORDER         [queue size = 21]
2026-07-01 21:34:09 DEBUG: Order 202 arrived: items_required = [6696, 3729, 7456].     [orders_in_system = 176]
2026-07-01 21:34:09 DEBUG:    EVENT NUM 670   current_time = 00:08:36   END_PICKING           [queue size = 21]
2026-07-01 21:34:09 DEBUG: Ended picking at workstation 0.    [picking_buffer len = {}]
2026-07-01 21:34:09 DEBUG: Task should have served orders {50}, found open orders {65, 35, 50, 90}.
2026-07-01 21:34:09 DEBUG: Task 62 completed: pod 332 returning to storage.
2026-07-01 21:34:09 DEBUG:    EVENT NUM 671   current_time = 00:08:36   CLOSE_ORDER           [queue size = 22]
2026-07-01 21:34:09 DEBUG: Order 50 closed at workstation 0: flow_time = 516.3 s.     [order_buffer = 11] [open_orders = 3/4]
2026-07-01 21:34:09 DEBUG: Next order in buffer: 59
2026-07-01 21:34:09 DEBUG:    EVENT NUM 672   current_time = 00:08:36   OPEN_ORDER            [queue size = 22]
2026-07-01 21:34:09 DEBUG: Order 59 (skus required = {4699}) opened at workstation 0.   [open_orders = 4/4]
2026-07-01 21:34:09 DEBUG:    EVENT NUM 673   current_time = 00:08:36   START_TASK            [queue size = 22]
2026-07-01 21:34:09 DEBUG: Task 71 blocked: no idle robots.
2026-07-01 21:34:09 DEBUG:    EVENT NUM 674   current_time = 00:08:36   ARRIVAL_POD_WST       [queue size = 21]
2026-07-01 21:34:09 DEBUG: Pod 415 arrived at workstation 1 - status = IDLE
2026-07-01 21:34:09 DEBUG: Pod queued at workstation.    [picking_buffer = {65: 516.8990724541295}]
2026-07-01 21:34:09 DEBUG:    EVENT NUM 675   current_time = 00:08:36   START_PICKING         [queue size = 21]
2026-07-01 21:34:09 DEBUG: Processing task 65 at workstation 1: picking items {7744} for orders {49}
2026-07-01 21:34:09 DEBUG:    EVENT NUM 676   current_time = 00:08:40   ARRIVAL_ORDER         [queue size = 21]
2026-07-01 21:34:09 DEBUG: Order 203 arrived: items_required = [4051].     [orders_in_system = 176]
2026-07-01 21:34:09 DEBUG:    EVENT NUM 677   current_time = 00:08:45   ARRIVAL_ORDER         [queue size = 21]
2026-07-01 21:34:09 DEBUG: Order 204 arrived: items_required = [4667, 8860].     [orders_in_system = 177]
2026-07-01 21:34:09 DEBUG:    EVENT NUM 678   current_time = 00:08:45   RETURN_POD            [queue size = 21]
2026-07-01 21:34:09 DEBUG: Pod 221 returned. Robot 14 idle.   [idle robots = 1/20, released tasks = 73]
2026-07-01 21:34:09 DEBUG:    EVENT NUM 679   current_time = 00:08:45   START_TASK            [queue size = 21]
2026-07-01 21:34:09 DEBUG: Task 71 started: robot 14 → pod 138 → workstation 1 for orders {37} (arrival = 611.1 s).   [idle robots = 0/20]
2026-07-01 21:34:09 DEBUG:    EVENT NUM 680   current_time = 00:08:46   END_PICKING           [queue size = 21]
2026-07-01 21:34:09 DEBUG: Ended picking at workstation 1.    [picking_buffer len = {}]
2026-07-01 21:34:09 DEBUG: Task should have served orders {49}, found open orders {33, 37, 74, 49}.
2026-07-01 21:34:09 DEBUG: Task 65 completed: pod 415 returning to storage.
2026-07-01 21:34:09 DEBUG:    EVENT NUM 681   current_time = 00:08:47   RETURN_POD            [queue size = 21]
2026-07-01 21:34:09 DEBUG: Pod 140 returned. Robot 7 idle.   [idle robots = 1/20, released tasks = 72]
2026-07-01 21:34:09 DEBUG:    EVENT NUM 682   current_time = 00:08:47   START_TASK            [queue size = 21]
2026-07-01 21:34:09 DEBUG: Task 72 started: robot 7 → pod 446 → workstation 0 for orders {35} (arrival = 618.5 s).   [idle robots = 0/20]
2026-07-01 21:34:09 DEBUG:    EVENT NUM 683   current_time = 00:08:50   ARRIVAL_ORDER         [queue size = 21]
2026-07-01 21:34:09 DEBUG: Order 205 arrived: items_required = [6640, 1830, 7013].     [orders_in_system = 178]
2026-07-01 21:34:09 DEBUG:    EVENT NUM 684   current_time = 00:08:55   ARRIVAL_ORDER         [queue size = 21]
2026-07-01 21:34:09 DEBUG: Order 206 arrived: items_required = [6778, 3900, 4974].     [orders_in_system = 179]
2026-07-01 21:34:09 DEBUG:    EVENT NUM 685   current_time = 00:08:58   ARRIVAL_POD_WST       [queue size = 21]
2026-07-01 21:34:09 DEBUG: Pod 393 arrived at workstation 0 - status = IDLE
2026-07-01 21:34:09 DEBUG: Pod queued at workstation.    [picking_buffer = {64: 538.0872646533901}]
2026-07-01 21:34:09 DEBUG:    EVENT NUM 686   current_time = 00:08:58   START_PICKING         [queue size = 21]
2026-07-01 21:34:09 DEBUG: Processing task 64 at workstation 0: picking items {10554} for orders {35}
2026-07-01 21:34:09 DEBUG:    EVENT NUM 687   current_time = 00:09:00   ARRIVAL_ORDER         [queue size = 21]
2026-07-01 21:34:09 DEBUG: Order 207 arrived: items_required = [4489, 5291, 3783, 6259].     [orders_in_system = 180]
2026-07-01 21:34:09 DEBUG:    EVENT NUM 688   current_time = 00:09:02   RETURN_POD            [queue size = 21]
2026-07-01 21:34:09 DEBUG: Pod 484 returned. Robot 4 idle.   [idle robots = 1/20, released tasks = 71]
2026-07-01 21:34:09 DEBUG:    EVENT NUM 689   current_time = 00:09:02   START_TASK            [queue size = 21]
2026-07-01 21:34:09 DEBUG: Task 73 started: robot 4 → pod 251 → workstation 0 for orders {59} (arrival = 653.2 s).   [idle robots = 0/20]
2026-07-01 21:34:09 DEBUG:    EVENT NUM 690   current_time = 00:09:05   ARRIVAL_ORDER         [queue size = 21]
2026-07-01 21:34:09 DEBUG: Order 208 arrived: items_required = [8013, 3910].     [orders_in_system = 181]
2026-07-01 21:34:09 DEBUG:    EVENT NUM 691   current_time = 00:09:05   RETURN_POD            [queue size = 21]
2026-07-01 21:34:09 DEBUG: Pod 573 returned. Robot 16 idle.   [idle robots = 1/20, released tasks = 70]
2026-07-01 21:34:09 DEBUG:    EVENT NUM 692   current_time = 00:09:05   START_TASK            [queue size = 21]
2026-07-01 21:34:09 DEBUG: Task 74 started: robot 16 → pod 531 → workstation 0 for orders {23} (arrival = 589.0 s).   [idle robots = 0/20]
2026-07-01 21:34:09 DEBUG:    EVENT NUM 693   current_time = 00:09:08   END_PICKING           [queue size = 21]
2026-07-01 21:34:09 DEBUG: Ended picking at workstation 0.    [picking_buffer len = {}]
2026-07-01 21:34:09 DEBUG: Task should have served orders {35}, found open orders {65, 35, 90, 59}.
2026-07-01 21:34:09 DEBUG: Task 64 completed: pod 393 returning to storage.
2026-07-01 21:34:09 DEBUG:    EVENT NUM 694   current_time = 00:09:10   ARRIVAL_ORDER         [queue size = 21]
2026-07-01 21:34:09 DEBUG: Order 209 arrived: items_required = [9009, 4320, 7917].     [orders_in_system = 182]
2026-07-01 21:34:09 DEBUG:    EVENT NUM 695   current_time = 00:09:10   ARRIVAL_POD_WST       [queue size = 21]
2026-07-01 21:34:09 DEBUG: Pod 41 arrived at workstation 0 - status = IDLE
2026-07-01 21:34:09 DEBUG: Pod queued at workstation.    [picking_buffer = {59: 550.0558531489664}]
2026-07-01 21:34:09 DEBUG:    EVENT NUM 696   current_time = 00:09:10   START_PICKING         [queue size = 21]
2026-07-01 21:34:09 DEBUG: Processing task 59 at workstation 0: picking items {7328} for orders {65}
2026-07-01 21:34:09 DEBUG:    EVENT NUM 697   current_time = 00:09:14   ARRIVAL_POD_WST       [queue size = 21]
2026-07-01 21:34:09 DEBUG: Pod 4 arrived at workstation 0 - status = BUSY
2026-07-01 21:34:09 DEBUG: Pod queued at workstation.    [picking_buffer = {60: 554.98010704034}]
2026-07-01 21:34:09 DEBUG:    EVENT NUM 698   current_time = 00:09:15   ARRIVAL_ORDER         [queue size = 20]
2026-07-01 21:34:09 DEBUG: Order 210 arrived: items_required = [5164, 7516].     [orders_in_system = 183]
2026-07-01 21:34:09 DEBUG:    EVENT NUM 699   current_time = 00:09:16   RETURN_POD            [queue size = 20]
2026-07-01 21:34:09 DEBUG: Pod 447 returned. Robot 18 idle.   [idle robots = 1/20, released tasks = 69]
2026-07-01 21:34:09 DEBUG:    EVENT NUM 700   current_time = 00:09:16   START_TASK            [queue size = 20]
2026-07-01 21:34:09 DEBUG: Task 75 blocked: no orders in {0: [52]} is open yet.  [released tasks = 68]
2026-07-01 21:34:09 DEBUG: Task 76 blocked: no orders in {0: [53]} is open yet.  [released tasks = 67]
2026-07-01 21:34:09 DEBUG: Task 77 started: robot 18 → pod 382 → workstation 0 for orders {23} (arrival = 610.3 s).   [idle robots = 0/20]
2026-07-01 21:34:09 DEBUG:    EVENT NUM 701   current_time = 00:09:20   ARRIVAL_ORDER         [queue size = 20]
2026-07-01 21:34:09 DEBUG: Order 211 arrived: items_required = [6154].     [orders_in_system = 184]
2026-07-01 21:34:09 DEBUG:    EVENT NUM 702   current_time = 00:09:20   END_PICKING           [queue size = 20]
2026-07-01 21:34:09 DEBUG: Ended picking at workstation 0.    [picking_buffer len = {60: 554.98010704034}]
2026-07-01 21:34:09 DEBUG: Task should have served orders {65}, found open orders {65, 35, 90, 59}.
2026-07-01 21:34:09 DEBUG: Task 59 completed: pod 41 returning to storage.
2026-07-01 21:34:09 DEBUG:    EVENT NUM 703   current_time = 00:09:20   START_PICKING         [queue size = 21]
2026-07-01 21:34:09 DEBUG: Processing task 60 at workstation 0: picking items {9941} for orders {65}
2026-07-01 21:34:09 DEBUG:    EVENT NUM 704   current_time = 00:09:21   RETURN_POD            [queue size = 21]
2026-07-01 21:34:09 DEBUG: Pod 253 returned. Robot 10 idle.   [idle robots = 1/20, released tasks = 68]
2026-07-01 21:34:09 DEBUG:    EVENT NUM 705   current_time = 00:09:21   START_TASK            [queue size = 21]
2026-07-01 21:34:09 DEBUG: Task 75 blocked: no orders in {0: [52]} is open yet.  [released tasks = 67]
2026-07-01 21:34:09 DEBUG: Task 76 blocked: no orders in {0: [53]} is open yet.  [released tasks = 66]
2026-07-01 21:34:09 DEBUG: Task 78 started: robot 10 → pod 304 → workstation 0 for orders {23} (arrival = 639.6 s).   [idle robots = 0/20]
2026-07-01 21:34:09 DEBUG:    EVENT NUM 706   current_time = 00:09:22   ARRIVAL_POD_WST       [queue size = 21]
2026-07-01 21:34:09 DEBUG: Pod 530 arrived at workstation 1 - status = IDLE
2026-07-01 21:34:09 DEBUG: Pod queued at workstation.    [picking_buffer = {67: 562.8754876268717}]
2026-07-01 21:34:09 DEBUG:    EVENT NUM 707   current_time = 00:09:22   START_PICKING         [queue size = 21]
2026-07-01 21:34:09 DEBUG: Processing task 67 at workstation 1: picking items {7136} for orders {33}
2026-07-01 21:34:09 DEBUG:    EVENT NUM 708   current_time = 00:09:25   ARRIVAL_ORDER         [queue size = 21]
2026-07-01 21:34:09 DEBUG: Order 212 arrived: items_required = [5646].     [orders_in_system = 185]
2026-07-01 21:34:09 DEBUG:    EVENT NUM 709   current_time = 00:09:30   ARRIVAL_ORDER         [queue size = 21]
2026-07-01 21:34:09 DEBUG: Order 213 arrived: items_required = [4255, 6673].     [orders_in_system = 186]
2026-07-01 21:34:09 DEBUG:    EVENT NUM 710   current_time = 00:09:30   END_PICKING           [queue size = 21]
2026-07-01 21:34:09 DEBUG: Ended picking at workstation 0.    [picking_buffer len = {}]
2026-07-01 21:34:09 DEBUG: Task should have served orders {65}, found open orders {65, 35, 90, 59}.
2026-07-01 21:34:09 DEBUG: Task 60 completed: pod 4 returning to storage.
2026-07-01 21:34:09 DEBUG:    EVENT NUM 711   current_time = 00:09:30   CLOSE_ORDER           [queue size = 22]
2026-07-01 21:34:09 DEBUG: Order 65 closed at workstation 0: flow_time = 570.1 s.     [order_buffer = 10] [open_orders = 3/4]
2026-07-01 21:34:09 DEBUG: Next order in buffer: 23
2026-07-01 21:34:09 DEBUG:    EVENT NUM 712   current_time = 00:09:30   OPEN_ORDER            [queue size = 22]
2026-07-01 21:34:09 DEBUG: Order 23 (skus required = {1437, 4781, 1646, 4967}) opened at workstation 0.   [open_orders = 4/4]
2026-07-01 21:34:09 DEBUG:    EVENT NUM 713   current_time = 00:09:30   START_TASK            [queue size = 22]
2026-07-01 21:34:09 DEBUG: Task 75 blocked: no idle robots.
2026-07-01 21:34:09 DEBUG:    EVENT NUM 714   current_time = 00:09:31   ARRIVAL_POD_WST       [queue size = 21]
2026-07-01 21:34:09 DEBUG: Pod 468 arrived at workstation 0 - status = IDLE
2026-07-01 21:34:09 DEBUG: Pod queued at workstation.    [picking_buffer = {66: 571.7121882386589}]
2026-07-01 21:34:09 DEBUG:    EVENT NUM 715   current_time = 00:09:31   START_PICKING         [queue size = 21]
2026-07-01 21:34:09 DEBUG: Processing task 66 at workstation 0: picking items {3126} for orders {35}
2026-07-01 21:34:09 DEBUG:    EVENT NUM 716   current_time = 00:09:32   END_PICKING           [queue size = 21]
2026-07-01 21:34:09 DEBUG: Ended picking at workstation 1.    [picking_buffer len = {}]
2026-07-01 21:34:09 DEBUG: Task should have served orders {33}, found open orders {33, 37, 74, 49}.
2026-07-01 21:34:09 DEBUG: Task 67 completed: pod 530 returning to storage.
2026-07-01 21:34:09 DEBUG:    EVENT NUM 717   current_time = 00:09:33   RETURN_POD            [queue size = 21]
2026-07-01 21:34:09 DEBUG: Pod 367 returned. Robot 2 idle.   [idle robots = 1/20, released tasks = 67]
2026-07-01 21:34:09 DEBUG:    EVENT NUM 718   current_time = 00:09:33   START_TASK            [queue size = 21]
2026-07-01 21:34:09 DEBUG: Task 75 started: robot 2 → pod 386 → workstation 0 for orders {52} (arrival = 610.8 s).   [idle robots = 0/20]
2026-07-01 21:34:09 DEBUG:    EVENT NUM 719   current_time = 00:09:35   ARRIVAL_ORDER         [queue size = 21]
2026-07-01 21:34:09 DEBUG: Order 214 arrived: items_required = [7048].     [orders_in_system = 186]
2026-07-01 21:34:09 DEBUG:    EVENT NUM 720   current_time = 00:09:38   RETURN_POD            [queue size = 21]
2026-07-01 21:34:09 DEBUG: Pod 415 returned. Robot 1 idle.   [idle robots = 1/20, released tasks = 66]
2026-07-01 21:34:09 DEBUG:    EVENT NUM 721   current_time = 00:09:38   START_TASK            [queue size = 21]
2026-07-01 21:34:09 DEBUG: Task 76 blocked: no orders in {0: [53]} is open yet.  [released tasks = 65]
2026-07-01 21:34:09 DEBUG: Task 79 started: robot 1 → pod 115 → workstation 0 for orders {23} (arrival = 670.0 s).   [idle robots = 0/20]
2026-07-01 21:34:09 DEBUG:    EVENT NUM 722   current_time = 00:09:39   RETURN_POD            [queue size = 21]
2026-07-01 21:34:09 DEBUG: Pod 14 returned. Robot 0 idle.   [idle robots = 1/20, released tasks = 65]
2026-07-01 21:34:09 DEBUG:    EVENT NUM 723   current_time = 00:09:39   START_TASK            [queue size = 21]
2026-07-01 21:34:09 DEBUG: Task 76 blocked: no orders in {0: [53]} is open yet.  [released tasks = 64]
2026-07-01 21:34:09 DEBUG: Task 80 started: robot 0 → pod 12 → workstation 1 for orders {33} (arrival = 672.2 s).   [idle robots = 0/20]
2026-07-01 21:34:09 DEBUG:    EVENT NUM 724   current_time = 00:09:40   ARRIVAL_ORDER         [queue size = 21]
2026-07-01 21:34:09 DEBUG: Order 215 arrived: items_required = [4100].     [orders_in_system = 187]
2026-07-01 21:34:09 DEBUG:    EVENT NUM 725   current_time = 00:09:41   END_PICKING           [queue size = 21]
2026-07-01 21:34:09 DEBUG: Ended picking at workstation 0.    [picking_buffer len = {}]
2026-07-01 21:34:09 DEBUG: Task should have served orders {35}, found open orders {35, 23, 90, 59}.
2026-07-01 21:34:09 DEBUG: Task 66 completed: pod 468 returning to storage.
2026-07-01 21:34:09 DEBUG:    EVENT NUM 726   current_time = 00:09:42   RETURN_POD            [queue size = 21]
2026-07-01 21:34:09 DEBUG: Pod 332 returned. Robot 11 idle.   [idle robots = 1/20, released tasks = 64]
2026-07-01 21:34:09 DEBUG:    EVENT NUM 727   current_time = 00:09:42   START_TASK            [queue size = 21]
2026-07-01 21:34:09 DEBUG: Task 76 blocked: no orders in {0: [53]} is open yet.  [released tasks = 63]
2026-07-01 21:34:09 DEBUG: Task 82 started: robot 11 → pod 425 → workstation 1 for orders {33} (arrival = 683.8 s).   [idle robots = 0/20]
2026-07-01 21:34:09 DEBUG:    EVENT NUM 728   current_time = 00:09:43   RETURN_POD            [queue size = 21]
2026-07-01 21:34:09 DEBUG: Pod 475 returned. Robot 19 idle.   [idle robots = 1/20, released tasks = 63]
2026-07-01 21:34:09 DEBUG:    EVENT NUM 729   current_time = 00:09:43   START_TASK            [queue size = 21]
2026-07-01 21:34:09 DEBUG: Task 76 blocked: no orders in {0: [53]} is open yet.  [released tasks = 62]
2026-07-01 21:34:09 DEBUG: Task 83 started: robot 19 → pod 249 → workstation 0 for orders {52} (arrival = 733.7 s).   [idle robots = 0/20]
2026-07-01 21:34:09 DEBUG:    EVENT NUM 730   current_time = 00:09:45   ARRIVAL_ORDER         [queue size = 21]
2026-07-01 21:34:09 DEBUG: Order 216 arrived: items_required = [5109].     [orders_in_system = 188]
2026-07-01 21:34:09 DEBUG:    EVENT NUM 731   current_time = 00:09:48   RETURN_POD            [queue size = 21]
2026-07-01 21:34:09 DEBUG: Pod 157 returned. Robot 12 idle.   [idle robots = 1/20, released tasks = 62]
2026-07-01 21:34:09 DEBUG:    EVENT NUM 732   current_time = 00:09:48   START_TASK            [queue size = 21]
2026-07-01 21:34:09 DEBUG: Task 76 blocked: no orders in {0: [53]} is open yet.  [released tasks = 61]
2026-07-01 21:34:09 DEBUG: Task 84 started: robot 12 → pod 6 → workstation 1 for orders {33} (arrival = 697.4 s).   [idle robots = 0/20]
2026-07-01 21:34:09 DEBUG:    EVENT NUM 733   current_time = 00:09:49   ARRIVAL_POD_WST       [queue size = 21]
2026-07-01 21:34:09 DEBUG: Pod 531 arrived at workstation 0 - status = IDLE
2026-07-01 21:34:09 DEBUG: Pod queued at workstation.    [picking_buffer = {74: 589.0466099529879}]
2026-07-01 21:34:09 DEBUG:    EVENT NUM 734   current_time = 00:09:49   START_PICKING         [queue size = 21]
2026-07-01 21:34:09 DEBUG: Processing task 74 at workstation 0: picking items {4967} for orders {23}
2026-07-01 21:34:09 DEBUG:    EVENT NUM 735   current_time = 00:09:49   ARRIVAL_POD_WST       [queue size = 21]
2026-07-01 21:34:09 DEBUG: Pod 231 arrived at workstation 0 - status = BUSY
2026-07-01 21:34:09 DEBUG: Pod queued at workstation.    [picking_buffer = {69: 589.5771551263314}]
2026-07-01 21:34:09 DEBUG:    EVENT NUM 736   current_time = 00:09:50   ARRIVAL_ORDER         [queue size = 20]
2026-07-01 21:34:09 DEBUG: Order 217 arrived: items_required = [5213, 7393].     [orders_in_system = 189]
2026-07-01 21:34:09 DEBUG:    EVENT NUM 737   current_time = 00:09:50   ARRIVAL_POD_WST       [queue size = 20]
2026-07-01 21:34:09 DEBUG: Pod 36 arrived at workstation 1 - status = IDLE
2026-07-01 21:34:09 DEBUG: Pod queued at workstation.    [picking_buffer = {68: 590.9410249504459}]
2026-07-01 21:34:09 DEBUG:    EVENT NUM 738   current_time = 00:09:50   START_PICKING         [queue size = 20]
2026-07-01 21:34:09 DEBUG: Processing task 68 at workstation 1: picking items {5315} for orders {49}
2026-07-01 21:34:09 DEBUG:    EVENT NUM 739   current_time = 00:09:55   ARRIVAL_ORDER         [queue size = 20]
2026-07-01 21:34:09 DEBUG: Order 218 arrived: items_required = [4421, 3269, 5821, 4693, 3472, 9810].     [orders_in_system = 190]
2026-07-01 21:34:09 DEBUG:    EVENT NUM 740   current_time = 00:09:59   END_PICKING           [queue size = 20]
2026-07-01 21:34:09 DEBUG: Ended picking at workstation 0.    [picking_buffer len = {69: 589.5771551263314}]
2026-07-01 21:34:09 DEBUG: Task should have served orders {23}, found open orders {35, 23, 90, 59}.
2026-07-01 21:34:09 DEBUG: Task 74 completed: pod 531 returning to storage.
2026-07-01 21:34:09 DEBUG:    EVENT NUM 741   current_time = 00:09:59   START_PICKING         [queue size = 21]
2026-07-01 21:34:09 DEBUG: Processing task 69 at workstation 0: picking items {7677} for orders {90}
2026-07-01 21:34:09 DEBUG:    EVENT NUM 742   current_time = 00:10:00   ARRIVAL_ORDER         [queue size = 21]
2026-07-01 21:34:09 DEBUG: Order 219 arrived: items_required = [9907, 6421].     [orders_in_system = 191]
2026-07-01 21:34:09 DEBUG:    EVENT NUM 743   current_time = 00:10:00   END_PICKING           [queue size = 21]
2026-07-01 21:34:09 DEBUG: Ended picking at workstation 1.    [picking_buffer len = {}]
2026-07-01 21:34:09 DEBUG: Task should have served orders {49}, found open orders {33, 37, 74, 49}.
2026-07-01 21:34:09 DEBUG: Task 68 completed: pod 36 returning to storage.
2026-07-01 21:34:09 DEBUG:    EVENT NUM 744   current_time = 00:10:05   ARRIVAL_ORDER         [queue size = 21]
2026-07-01 21:34:09 DEBUG: Order 220 arrived: items_required = [8397].     [orders_in_system = 192]
2026-07-01 21:34:09 DEBUG:    EVENT NUM 745   current_time = 00:10:09   END_PICKING           [queue size = 21]
2026-07-01 21:34:09 DEBUG: Ended picking at workstation 0.    [picking_buffer len = {}]
2026-07-01 21:34:09 DEBUG: Task should have served orders {90}, found open orders {35, 23, 90, 59}.
2026-07-01 21:34:09 DEBUG: Task 69 completed: pod 231 returning to storage.
2026-07-01 21:34:09 DEBUG:    EVENT NUM 746   current_time = 00:10:09   CLOSE_ORDER           [queue size = 22]
2026-07-01 21:34:09 DEBUG: Order 90 closed at workstation 0: flow_time = 609.0 s.     [order_buffer = 9] [open_orders = 3/4]
2026-07-01 21:34:09 DEBUG: Next order in buffer: 52
2026-07-01 21:34:09 DEBUG:    EVENT NUM 747   current_time = 00:10:09   OPEN_ORDER            [queue size = 22]
2026-07-01 21:34:09 DEBUG: Order 52 (skus required = {7369, 5452}) opened at workstation 0.   [open_orders = 4/4]
2026-07-01 21:34:09 DEBUG:    EVENT NUM 748   current_time = 00:10:09   START_TASK            [queue size = 22]
2026-07-01 21:34:09 DEBUG: Task 76 blocked: no idle robots.
2026-07-01 21:34:09 DEBUG:    EVENT NUM 749   current_time = 00:10:10   ARRIVAL_ORDER         [queue size = 21]
2026-07-01 21:34:09 DEBUG: Order 221 arrived: items_required = [5187, 6541].     [orders_in_system = 192]
2026-07-01 21:34:09 DEBUG:    EVENT NUM 750   current_time = 00:10:10   ARRIVAL_POD_WST       [queue size = 21]
2026-07-01 21:34:09 DEBUG: Pod 382 arrived at workstation 0 - status = IDLE
2026-07-01 21:34:09 DEBUG: Pod queued at workstation.    [picking_buffer = {77: 610.2641166101319}]
2026-07-01 21:34:09 DEBUG:    EVENT NUM 751   current_time = 00:10:10   START_PICKING         [queue size = 21]
2026-07-01 21:34:09 DEBUG: Processing task 77 at workstation 0: picking items {1437} for orders {23}
2026-07-01 21:34:09 DEBUG:    EVENT NUM 752   current_time = 00:10:10   ARRIVAL_POD_WST       [queue size = 21]
2026-07-01 21:34:09 DEBUG: Pod 386 arrived at workstation 0 - status = BUSY
2026-07-01 21:34:09 DEBUG: Pod queued at workstation.    [picking_buffer = {75: 610.7854772692142}]
2026-07-01 21:34:09 DEBUG:    EVENT NUM 753   current_time = 00:10:11   ARRIVAL_POD_WST       [queue size = 20]
2026-07-01 21:34:09 DEBUG: Pod 138 arrived at workstation 1 - status = IDLE
2026-07-01 21:34:09 DEBUG: Pod queued at workstation.    [picking_buffer = {71: 611.1113126522698}]
2026-07-01 21:34:09 DEBUG:    EVENT NUM 754   current_time = 00:10:11   START_PICKING         [queue size = 20]
2026-07-01 21:34:09 DEBUG: Processing task 71 at workstation 1: picking items {4501} for orders {37}
2026-07-01 21:34:09 DEBUG:    EVENT NUM 755   current_time = 00:10:15   ARRIVAL_ORDER         [queue size = 20]
2026-07-01 21:34:09 DEBUG: Order 222 arrived: items_required = [7347, 6680].     [orders_in_system = 193]
2026-07-01 21:34:09 DEBUG:    EVENT NUM 756   current_time = 00:10:18   ARRIVAL_POD_WST       [queue size = 20]
2026-07-01 21:34:09 DEBUG: Pod 446 arrived at workstation 0 - status = BUSY
2026-07-01 21:34:09 DEBUG: Pod queued at workstation.    [picking_buffer = {75: 610.7854772692142, 72: 618.4705485508283}]
2026-07-01 21:34:09 DEBUG:    EVENT NUM 757   current_time = 00:10:20   ARRIVAL_ORDER         [queue size = 19]
2026-07-01 21:34:09 DEBUG: Order 223 arrived: items_required = [3460].     [orders_in_system = 194]
2026-07-01 21:34:09 DEBUG:    EVENT NUM 758   current_time = 00:10:20   END_PICKING           [queue size = 19]
2026-07-01 21:34:09 DEBUG: Ended picking at workstation 0.    [picking_buffer len = {75: 610.7854772692142, 72: 618.4705485508283}]
2026-07-01 21:34:09 DEBUG: Task should have served orders {23}, found open orders {35, 52, 23, 59}.
2026-07-01 21:34:09 DEBUG: Task 77 heading to workstation 0.
2026-07-01 21:34:09 DEBUG:    EVENT NUM 759   current_time = 00:10:20   ARRIVAL_POD_WST       [queue size = 20]
2026-07-01 21:34:09 DEBUG: Pod 382 arrived at workstation 0 - status = IDLE
2026-07-01 21:34:09 DEBUG: Pod queued at workstation.    [picking_buffer = {75: 610.7854772692142, 72: 618.4705485508283, 77: 620.2641166101319}]
2026-07-01 21:34:09 DEBUG:    EVENT NUM 760   current_time = 00:10:20   START_PICKING         [queue size = 20]
2026-07-01 21:34:09 DEBUG: Processing task 75 at workstation 0: picking items {7369} for orders {52}
2026-07-01 21:34:09 DEBUG:    EVENT NUM 761   current_time = 00:10:20   START_PICKING         [queue size = 20]
2026-07-01 21:34:09 DEBUG:    EVENT NUM 762   current_time = 00:10:21   END_PICKING           [queue size = 19]
2026-07-01 21:34:09 DEBUG: Ended picking at workstation 1.    [picking_buffer len = {}]
2026-07-01 21:34:09 DEBUG: Task should have served orders {37}, found open orders {33, 37, 74, 49}.
2026-07-01 21:34:09 DEBUG: Task 71 completed: pod 138 returning to storage.
2026-07-01 21:34:09 DEBUG:    EVENT NUM 763   current_time = 00:10:21   CLOSE_ORDER           [queue size = 20]
2026-07-01 21:34:09 DEBUG: Order 37 closed at workstation 1: flow_time = 621.1 s.     [order_buffer = 12] [open_orders = 3/4]
2026-07-01 21:34:09 DEBUG: Next order in buffer: 73
2026-07-01 21:34:09 DEBUG:    EVENT NUM 764   current_time = 00:10:21   OPEN_ORDER            [queue size = 20]
2026-07-01 21:34:09 DEBUG: Order 73 (skus required = {6980, 5319}) opened at workstation 1.   [open_orders = 4/4]
2026-07-01 21:34:09 DEBUG:    EVENT NUM 765   current_time = 00:10:21   START_TASK            [queue size = 20]
2026-07-01 21:34:09 DEBUG: Task 76 blocked: no idle robots.
2026-07-01 21:34:09 DEBUG:    EVENT NUM 766   current_time = 00:10:25   ARRIVAL_ORDER         [queue size = 19]
2026-07-01 21:34:09 DEBUG: Order 224 arrived: items_required = [8484].     [orders_in_system = 194]
2026-07-01 21:34:09 DEBUG:    EVENT NUM 767   current_time = 00:10:29   ARRIVAL_POD_WST       [queue size = 19]
2026-07-01 21:34:09 DEBUG: Pod 448 arrived at workstation 0 - status = BUSY
2026-07-01 21:34:09 DEBUG: Pod queued at workstation.    [picking_buffer = {72: 618.4705485508283, 77: 620.2641166101319, 70: 629.3917395883514}]
2026-07-01 21:34:09 DEBUG:    EVENT NUM 768   current_time = 00:10:30   ARRIVAL_ORDER         [queue size = 18]
2026-07-01 21:34:09 DEBUG: Order 225 arrived: items_required = [7753].     [orders_in_system = 195]
2026-07-01 21:34:09 DEBUG:    EVENT NUM 769   current_time = 00:10:30   END_PICKING           [queue size = 18]
2026-07-01 21:34:09 DEBUG: Ended picking at workstation 0.    [picking_buffer len = {72: 618.4705485508283, 77: 620.2641166101319, 70: 629.3917395883514}]
2026-07-01 21:34:09 DEBUG: Task should have served orders {52}, found open orders {35, 52, 23, 59}.
2026-07-01 21:34:09 DEBUG: Task 75 completed: pod 386 returning to storage.
2026-07-01 21:34:09 DEBUG:    EVENT NUM 770   current_time = 00:10:30   START_PICKING         [queue size = 19]
2026-07-01 21:34:09 DEBUG: Processing task 72 at workstation 0: picking items {6995} for orders {35}
2026-07-01 21:34:09 DEBUG:    EVENT NUM 771   current_time = 00:10:32   RETURN_POD            [queue size = 19]
2026-07-01 21:34:09 DEBUG: Pod 530 returned. Robot 3 idle.   [idle robots = 1/20, released tasks = 61]
2026-07-01 21:34:09 DEBUG:    EVENT NUM 772   current_time = 00:10:32   START_TASK            [queue size = 19]
2026-07-01 21:34:09 DEBUG: Task 76 started: robot 3 → pod 238 → workstation 0 for orders {53} (arrival = 705.3 s).   [idle robots = 0/20]
2026-07-01 21:34:09 DEBUG:    EVENT NUM 773   current_time = 00:10:34   RETURN_POD            [queue size = 19]
2026-07-01 21:34:09 DEBUG: Pod 393 returned. Robot 9 idle.   [idle robots = 1/20, released tasks = 60]
2026-07-01 21:34:09 DEBUG:    EVENT NUM 774   current_time = 00:10:34   START_TASK            [queue size = 19]
2026-07-01 21:34:09 DEBUG: Task 85 blocked: no orders in {0: [14]} is open yet.  [released tasks = 59]
2026-07-01 21:34:09 DEBUG: Task 86 blocked: no orders in {0: [19]} is open yet.  [released tasks = 58]
2026-07-01 21:34:09 DEBUG: Task 87 started: robot 9 → pod 121 → workstation 1 for orders {49} (arrival = 771.1 s).   [idle robots = 0/20]
2026-07-01 21:34:09 DEBUG:    EVENT NUM 775   current_time = 00:10:35   ARRIVAL_ORDER         [queue size = 19]
2026-07-01 21:34:09 DEBUG: Order 226 arrived: items_required = [4543].     [orders_in_system = 196]
2026-07-01 21:34:09 DEBUG:    EVENT NUM 776   current_time = 00:10:39   ARRIVAL_POD_WST       [queue size = 19]
2026-07-01 21:34:09 DEBUG: Pod 304 arrived at workstation 0 - status = BUSY
2026-07-01 21:34:09 DEBUG: Pod queued at workstation.    [picking_buffer = {77: 620.2641166101319, 70: 629.3917395883514, 78: 639.5619201733141}]
2026-07-01 21:34:09 DEBUG:    EVENT NUM 777   current_time = 00:10:39   RETURN_POD            [queue size = 18]
2026-07-01 21:34:09 DEBUG: Pod 531 returned. Robot 16 idle.   [idle robots = 1/20, released tasks = 59]
2026-07-01 21:34:09 DEBUG:    EVENT NUM 778   current_time = 00:10:39   START_TASK            [queue size = 18]
2026-07-01 21:34:09 DEBUG: Task 85 blocked: no orders in {0: [14]} is open yet.  [released tasks = 58]
2026-07-01 21:34:09 DEBUG: Task 86 blocked: no orders in {0: [19]} is open yet.  [released tasks = 57]
2026-07-01 21:34:09 DEBUG: Task 88 started: robot 16 → pod 150 → workstation 1 for orders {74} (arrival = 774.6 s).   [idle robots = 0/20]
2026-07-01 21:34:09 DEBUG:    EVENT NUM 779   current_time = 00:10:40   ARRIVAL_ORDER         [queue size = 18]
2026-07-01 21:34:09 DEBUG: Order 227 arrived: items_required = [5774].     [orders_in_system = 197]
2026-07-01 21:34:09 DEBUG:    EVENT NUM 780   current_time = 00:10:40   END_PICKING           [queue size = 18]
2026-07-01 21:34:09 DEBUG: Ended picking at workstation 0.    [picking_buffer len = {77: 620.2641166101319, 70: 629.3917395883514, 78: 639.5619201733141}]
2026-07-01 21:34:09 DEBUG: Task should have served orders {35}, found open orders {35, 52, 23, 59}.
2026-07-01 21:34:09 DEBUG: Task 72 completed: pod 446 returning to storage.
2026-07-01 21:34:09 DEBUG:    EVENT NUM 781   current_time = 00:10:40   START_PICKING         [queue size = 19]
2026-07-01 21:34:09 DEBUG: Processing task 70 at workstation 0: picking items {5193} for orders {35}
2026-07-01 21:34:09 DEBUG:    EVENT NUM 782   current_time = 00:10:45   ARRIVAL_ORDER         [queue size = 19]
2026-07-01 21:34:09 DEBUG: Order 228 arrived: items_required = [7552, 7813, 3864, 6879].     [orders_in_system = 198]
2026-07-01 21:34:09 DEBUG:    EVENT NUM 783   current_time = 00:10:50   ARRIVAL_ORDER         [queue size = 19]
2026-07-01 21:34:09 DEBUG: Order 229 arrived: items_required = [5370].     [orders_in_system = 199]
2026-07-01 21:34:09 DEBUG:    EVENT NUM 784   current_time = 00:10:50   END_PICKING           [queue size = 19]
2026-07-01 21:34:09 DEBUG: Ended picking at workstation 0.    [picking_buffer len = {77: 620.2641166101319, 78: 639.5619201733141}]
2026-07-01 21:34:09 DEBUG: Task should have served orders {35}, found open orders {35, 52, 23, 59}.
2026-07-01 21:34:09 DEBUG: Task 70 completed: pod 448 returning to storage.
2026-07-01 21:34:09 DEBUG:    EVENT NUM 785   current_time = 00:10:50   CLOSE_ORDER           [queue size = 21]
2026-07-01 21:34:09 DEBUG: Order 35 closed at workstation 0: flow_time = 650.3 s.     [order_buffer = 8] [open_orders = 3/4]
2026-07-01 21:34:09 DEBUG: Next order in buffer: 53
2026-07-01 21:34:09 DEBUG:    EVENT NUM 786   current_time = 00:10:50   START_PICKING         [queue size = 21]
2026-07-01 21:34:09 DEBUG: Processing task 78 at workstation 0: picking items {4781} for orders {23}
2026-07-01 21:34:09 DEBUG:    EVENT NUM 787   current_time = 00:10:50   OPEN_ORDER            [queue size = 21]
2026-07-01 21:34:09 DEBUG: Order 53 (skus required = {3822}) opened at workstation 0.   [open_orders = 4/4]
2026-07-01 21:34:09 DEBUG:    EVENT NUM 788   current_time = 00:10:50   START_TASK            [queue size = 21]
2026-07-01 21:34:09 DEBUG: Task 85 blocked: no orders in {0: [14]} is open yet.  [released tasks = 57]
2026-07-01 21:34:09 DEBUG: Task 86 blocked: no orders in {0: [19]} is open yet.  [released tasks = 56]
2026-07-01 21:34:09 DEBUG: Task 90 blocked: no idle robots.
2026-07-01 21:34:09 DEBUG:    EVENT NUM 789   current_time = 00:10:53   ARRIVAL_POD_WST       [queue size = 20]
2026-07-01 21:34:09 DEBUG: Pod 251 arrived at workstation 0 - status = BUSY
2026-07-01 21:34:09 DEBUG: Pod queued at workstation.    [picking_buffer = {77: 620.2641166101319, 73: 653.194105939301}]
2026-07-01 21:34:09 DEBUG:    EVENT NUM 790   current_time = 00:10:55   ARRIVAL_ORDER         [queue size = 19]
2026-07-01 21:34:09 DEBUG: Order 230 arrived: items_required = [10660, 6678, 4333, 4979, 6973, 4578].     [orders_in_system = 199]
2026-07-01 21:34:09 DEBUG:    EVENT NUM 791   current_time = 00:10:57   RETURN_POD            [queue size = 19]
2026-07-01 21:34:09 DEBUG: Pod 468 returned. Robot 13 idle.   [idle robots = 1/20, released tasks = 58]
2026-07-01 21:34:09 DEBUG:    EVENT NUM 792   current_time = 00:10:57   START_TASK            [queue size = 19]
2026-07-01 21:34:09 DEBUG: Task 85 blocked: no orders in {0: [14]} is open yet.  [released tasks = 57]
2026-07-01 21:34:09 DEBUG: Task 86 blocked: no orders in {0: [19]} is open yet.  [released tasks = 56]
2026-07-01 21:34:09 DEBUG: Task 90 started: robot 13 → pod 149 → workstation 1 for orders {74} (arrival = 805.7 s).   [idle robots = 0/20]
2026-07-01 21:34:09 DEBUG:    EVENT NUM 793   current_time = 00:11:00   ARRIVAL_ORDER         [queue size = 19]
2026-07-01 21:34:09 DEBUG: Order 231 arrived: items_required = [7854].     [orders_in_system = 200]
2026-07-01 21:34:09 DEBUG:    EVENT NUM 794   current_time = 00:11:00   END_PICKING           [queue size = 19]
2026-07-01 21:34:09 DEBUG: Ended picking at workstation 0.    [picking_buffer len = {77: 620.2641166101319, 73: 653.194105939301}]
2026-07-01 21:34:09 DEBUG: Task should have served orders {23}, found open orders {52, 53, 23, 59}.
2026-07-01 21:34:09 DEBUG: Task 78 completed: pod 304 returning to storage.
2026-07-01 21:34:09 DEBUG:    EVENT NUM 795   current_time = 00:11:00   START_PICKING         [queue size = 20]
2026-07-01 21:34:09 DEBUG: Processing task 73 at workstation 0: picking items {4699} for orders {59}
2026-07-01 21:34:09 DEBUG:    EVENT NUM 796   current_time = 00:11:05   ARRIVAL_ORDER         [queue size = 20]
2026-07-01 21:34:09 DEBUG: Order 232 arrived: items_required = [9156, 5831, 7239, 2515, 7202].     [orders_in_system = 201]
2026-07-01 21:34:09 DEBUG:    EVENT NUM 797   current_time = 00:11:07   RETURN_POD            [queue size = 20]
2026-07-01 21:34:09 DEBUG: Pod 386 returned. Robot 2 idle.   [idle robots = 1/20, released tasks = 57]
2026-07-01 21:34:09 DEBUG:    EVENT NUM 798   current_time = 00:11:07   START_TASK            [queue size = 20]
2026-07-01 21:34:09 DEBUG: Task 85 blocked: no orders in {0: [14]} is open yet.  [released tasks = 56]
2026-07-01 21:34:09 DEBUG: Task 86 blocked: no orders in {0: [19]} is open yet.  [released tasks = 55]
2026-07-01 21:34:09 DEBUG: Task 91 blocked: no orders in {0: [14]} is open yet.  [released tasks = 54]
2026-07-01 21:34:09 DEBUG: Task 92 blocked: no orders in {0: [77]} is open yet.  [released tasks = 53]
2026-07-01 21:34:09 DEBUG: Task 93 started: robot 2 → pod 437 → workstation 1 for orders {73} (arrival = 700.2 s).   [idle robots = 0/20]
2026-07-01 21:34:09 DEBUG:    EVENT NUM 799   current_time = 00:11:09   ARRIVAL_POD_WST       [queue size = 20]
2026-07-01 21:34:09 DEBUG: Pod 115 arrived at workstation 0 - status = BUSY
2026-07-01 21:34:09 DEBUG: Pod queued at workstation.    [picking_buffer = {77: 620.2641166101319, 79: 669.9977036234652}]
2026-07-01 21:34:09 DEBUG:    EVENT NUM 800   current_time = 00:11:10   ARRIVAL_ORDER         [queue size = 19]
2026-07-01 21:34:09 DEBUG: Order 233 arrived: items_required = [7298, 8056].     [orders_in_system = 202]
2026-07-01 21:34:09 DEBUG:    EVENT NUM 801   current_time = 00:11:10   END_PICKING           [queue size = 19]
2026-07-01 21:34:09 DEBUG: Ended picking at workstation 0.    [picking_buffer len = {77: 620.2641166101319, 79: 669.9977036234652}]
2026-07-01 21:34:09 DEBUG: Task should have served orders {59}, found open orders {52, 53, 23, 59}.
2026-07-01 21:34:09 DEBUG: Task 73 completed: pod 251 returning to storage.
2026-07-01 21:34:09 DEBUG:    EVENT NUM 802   current_time = 00:11:10   CLOSE_ORDER           [queue size = 21]
2026-07-01 21:34:09 DEBUG: Order 59 closed at workstation 0: flow_time = 670.3 s.     [order_buffer = 7] [open_orders = 3/4]
2026-07-01 21:34:09 DEBUG: Next order in buffer: 42
2026-07-01 21:34:09 DEBUG:    EVENT NUM 803   current_time = 00:11:10   START_PICKING         [queue size = 21]
2026-07-01 21:34:09 DEBUG: Processing task 79 at workstation 0: picking items {1646} for orders {23}
2026-07-01 21:34:09 DEBUG:    EVENT NUM 804   current_time = 00:11:10   OPEN_ORDER            [queue size = 21]
2026-07-01 21:34:09 DEBUG: Order 42 (skus required = {4732}) opened at workstation 0.   [open_orders = 4/4]
2026-07-01 21:34:09 DEBUG:    EVENT NUM 805   current_time = 00:11:10   START_TASK            [queue size = 21]
2026-07-01 21:34:09 DEBUG: Task 85 blocked: no idle robots.
2026-07-01 21:34:09 DEBUG:    EVENT NUM 806   current_time = 00:11:12   ARRIVAL_POD_WST       [queue size = 20]
2026-07-01 21:34:09 DEBUG: Pod 12 arrived at workstation 1 - status = IDLE
2026-07-01 21:34:09 DEBUG: Pod queued at workstation.    [picking_buffer = {80: 672.1541769941036}]
2026-07-01 21:34:09 DEBUG:    EVENT NUM 807   current_time = 00:11:12   START_PICKING         [queue size = 20]
2026-07-01 21:34:09 DEBUG: Processing task 80 at workstation 1: picking items {5271} for orders {33}
2026-07-01 21:34:09 DEBUG:    EVENT NUM 808   current_time = 00:11:15   ARRIVAL_ORDER         [queue size = 20]
2026-07-01 21:34:09 DEBUG: Order 234 arrived: items_required = [4436, 6734, 8404].     [orders_in_system = 202]
2026-07-01 21:34:09 DEBUG:    EVENT NUM 809   current_time = 00:11:16   RETURN_POD            [queue size = 20]
2026-07-01 21:34:09 DEBUG: Pod 41 returned. Robot 17 idle.   [idle robots = 1/20, released tasks = 56]
2026-07-01 21:34:09 DEBUG:    EVENT NUM 810   current_time = 00:11:16   START_TASK            [queue size = 20]
2026-07-01 21:34:09 DEBUG: Task 85 started: robot 17 → pod 489 → workstation 0 for orders {14} (arrival = 723.5 s).   [idle robots = 0/20]
2026-07-01 21:34:09 DEBUG:    EVENT NUM 811   current_time = 00:11:20   ARRIVAL_ORDER         [queue size = 20]
2026-07-01 21:34:09 DEBUG: Order 235 arrived: items_required = [8788].     [orders_in_system = 203]
2026-07-01 21:34:09 DEBUG:    EVENT NUM 812   current_time = 00:11:20   END_PICKING           [queue size = 20]
2026-07-01 21:34:09 DEBUG: Ended picking at workstation 0.    [picking_buffer len = {77: 620.2641166101319}]
2026-07-01 21:34:09 DEBUG: Task should have served orders {23}, found open orders {42, 52, 53, 23}.
2026-07-01 21:34:09 DEBUG: Task 79 completed: pod 115 returning to storage.
2026-07-01 21:34:09 DEBUG:    EVENT NUM 813   current_time = 00:11:20   CLOSE_ORDER           [queue size = 22]
2026-07-01 21:34:09 DEBUG: Order 23 closed at workstation 0: flow_time = 680.3 s.     [order_buffer = 6] [open_orders = 3/4]
2026-07-01 21:34:09 DEBUG: Next order in buffer: 14
2026-07-01 21:34:09 DEBUG:    EVENT NUM 814   current_time = 00:11:20   START_PICKING         [queue size = 22]
2026-07-01 21:34:09 DEBUG: start_picking: WS 0 has no actionable task in buffer.
2026-07-01 21:34:09 DEBUG:    EVENT NUM 815   current_time = 00:11:20   OPEN_ORDER            [queue size = 21]
2026-07-01 21:34:09 DEBUG: Order 14 (skus required = {5080, 6580, 6141, 4134}) opened at workstation 0.   [open_orders = 4/4]
2026-07-01 21:34:09 DEBUG:    EVENT NUM 816   current_time = 00:11:20   START_TASK            [queue size = 22]
2026-07-01 21:34:09 DEBUG: Task 86 blocked: no idle robots.
2026-07-01 21:34:09 DEBUG:    EVENT NUM 817   current_time = 00:11:20   START_PICKING         [queue size = 21]
2026-07-01 21:34:09 DEBUG: Processing task 77 at workstation 0: picking items {4134} for orders {14}
2026-07-01 21:34:09 DEBUG:    EVENT NUM 818   current_time = 00:11:22   END_PICKING           [queue size = 21]
2026-07-01 21:34:09 DEBUG: Ended picking at workstation 1.    [picking_buffer len = {}]
2026-07-01 21:34:09 DEBUG: Task should have served orders {33}, found open orders {33, 73, 74, 49}.
2026-07-01 21:34:09 DEBUG: Task 80 heading to workstation 2.
2026-07-01 21:34:09 DEBUG:    EVENT NUM 819   current_time = 00:11:23   ARRIVAL_POD_WST       [queue size = 21]
2026-07-01 21:34:09 DEBUG: Pod 425 arrived at workstation 1 - status = IDLE
2026-07-01 21:34:09 DEBUG: Pod queued at workstation.    [picking_buffer = {82: 683.8195170873743}]
2026-07-01 21:34:09 DEBUG:    EVENT NUM 820   current_time = 00:11:23   START_PICKING         [queue size = 21]
2026-07-01 21:34:09 DEBUG: Processing task 82 at workstation 1: picking items {6204} for orders {33}
2026-07-01 21:34:09 DEBUG:    EVENT NUM 821   current_time = 00:11:25   ARRIVAL_ORDER         [queue size = 21]
2026-07-01 21:34:09 DEBUG: Order 236 arrived: items_required = [6071, 4418].     [orders_in_system = 203]
2026-07-01 21:34:09 DEBUG:    EVENT NUM 822   current_time = 00:11:26   RETURN_POD            [queue size = 21]
2026-07-01 21:34:09 DEBUG: Pod 231 returned. Robot 15 idle.   [idle robots = 1/20, released tasks = 55]
2026-07-01 21:34:09 DEBUG:    EVENT NUM 823   current_time = 00:11:26   START_TASK            [queue size = 21]
2026-07-01 21:34:09 DEBUG: Task 86 started: robot 15 → pod 405 → workstation 0 for orders {19} (arrival = 752.8 s).   [idle robots = 0/20]
2026-07-01 21:34:09 DEBUG:    EVENT NUM 824   current_time = 00:11:28   RETURN_POD            [queue size = 21]
2026-07-01 21:34:09 DEBUG: Pod 4 returned. Robot 8 idle.   [idle robots = 1/20, released tasks = 54]
2026-07-01 21:34:09 DEBUG:    EVENT NUM 825   current_time = 00:11:28   START_TASK            [queue size = 21]
2026-07-01 21:34:09 DEBUG: Task 91 started: robot 8 → pod 525 → workstation 0 for orders {14} (arrival = 775.8 s).   [idle robots = 0/20]
2026-07-01 21:34:09 DEBUG:    EVENT NUM 826   current_time = 00:11:28   ARRIVAL_POD_WST       [queue size = 21]
2026-07-01 21:34:09 DEBUG: Pod 12 arrived at workstation 2 - status = IDLE
2026-07-01 21:34:09 DEBUG: Pod queued at workstation.    [picking_buffer = {80: 688.8994137745061}]
2026-07-01 21:34:09 DEBUG:    EVENT NUM 827   current_time = 00:11:28   START_PICKING         [queue size = 21]
2026-07-01 21:34:09 DEBUG: Processing task 80 at workstation 2: picking items {7271} for orders {93}
2026-07-01 21:34:09 DEBUG:    EVENT NUM 828   current_time = 00:11:30   ARRIVAL_ORDER         [queue size = 21]
2026-07-01 21:34:09 DEBUG: Order 237 arrived: items_required = [6480, 6475].     [orders_in_system = 204]
2026-07-01 21:34:09 DEBUG:    EVENT NUM 829   current_time = 00:11:30   END_PICKING           [queue size = 21]
2026-07-01 21:34:09 DEBUG: Ended picking at workstation 0.    [picking_buffer len = {}]
2026-07-01 21:34:09 DEBUG: Task should have served orders {14}, found open orders {42, 14, 52, 53}.
2026-07-01 21:34:09 DEBUG: Task 77 completed: pod 382 returning to storage.
2026-07-01 21:34:09 DEBUG:    EVENT NUM 830   current_time = 00:11:32   RETURN_POD            [queue size = 21]
2026-07-01 21:34:09 DEBUG: Pod 36 returned. Robot 6 idle.   [idle robots = 1/20, released tasks = 53]
2026-07-01 21:34:09 DEBUG:    EVENT NUM 831   current_time = 00:11:32   START_TASK            [queue size = 21]
2026-07-01 21:34:09 DEBUG: Task 92 blocked: no orders in {0: [77]} is open yet.  [released tasks = 52]
2026-07-01 21:34:09 DEBUG: Task 94 started: robot 6 → pod 202 → workstation 0 for orders {14} (arrival = 808.5 s).   [idle robots = 0/20]
2026-07-01 21:34:09 DEBUG:    EVENT NUM 832   current_time = 00:11:33   END_PICKING           [queue size = 21]
2026-07-01 21:34:09 DEBUG: Ended picking at workstation 1.    [picking_buffer len = {}]
2026-07-01 21:34:09 DEBUG: Task should have served orders {33}, found open orders {33, 73, 74, 49}.
2026-07-01 21:34:09 DEBUG: Task 82 completed: pod 425 returning to storage.
2026-07-01 21:34:09 DEBUG:    EVENT NUM 833   current_time = 00:11:35   ARRIVAL_ORDER         [queue size = 21]
2026-07-01 21:34:09 DEBUG: Order 238 arrived: items_required = [2538].     [orders_in_system = 205]
2026-07-01 21:34:09 DEBUG:    EVENT NUM 834   current_time = 00:11:35   RETURN_POD            [queue size = 21]
2026-07-01 21:34:09 DEBUG: Pod 138 returned. Robot 14 idle.   [idle robots = 1/20, released tasks = 52]
2026-07-01 21:34:09 DEBUG:    EVENT NUM 835   current_time = 00:11:35   START_TASK            [queue size = 21]
2026-07-01 21:34:09 DEBUG: Task 92 blocked: no orders in {0: [77]} is open yet.  [released tasks = 51]
2026-07-01 21:34:09 DEBUG: Task 95 started: robot 14 → pod 282 → workstation 1 for orders {44} (arrival = 768.0 s).   [idle robots = 0/20]
2026-07-01 21:34:09 DEBUG:    EVENT NUM 836   current_time = 00:11:37   ARRIVAL_POD_WST       [queue size = 21]
2026-07-01 21:34:09 DEBUG: Pod 6 arrived at workstation 1 - status = IDLE
2026-07-01 21:34:09 DEBUG: Pod queued at workstation.    [picking_buffer = {84: 697.418198812951}]
2026-07-01 21:34:09 DEBUG:    EVENT NUM 837   current_time = 00:11:37   START_PICKING         [queue size = 21]
2026-07-01 21:34:09 DEBUG: Processing task 84 at workstation 1: picking items {3309} for orders {33}
2026-07-01 21:34:09 DEBUG:    EVENT NUM 838   current_time = 00:11:38   END_PICKING           [queue size = 21]
2026-07-01 21:34:09 DEBUG: Ended picking at workstation 2.    [picking_buffer len = {}]
2026-07-01 21:34:09 DEBUG: Task should have served orders {93}, found open orders {41, 15, 87, 93}.
2026-07-01 21:34:09 DEBUG: Task 80 completed: pod 12 returning to storage.
2026-07-01 21:34:09 DEBUG:    EVENT NUM 839   current_time = 00:11:40   ARRIVAL_ORDER         [queue size = 21]
2026-07-01 21:34:09 DEBUG: Order 239 arrived: items_required = [3810].     [orders_in_system = 206]
2026-07-01 21:34:09 DEBUG:    EVENT NUM 840   current_time = 00:11:40   ARRIVAL_POD_WST       [queue size = 21]
2026-07-01 21:34:09 DEBUG: Pod 437 arrived at workstation 1 - status = BUSY
2026-07-01 21:34:09 DEBUG: Pod queued at workstation.    [picking_buffer = {93: 700.1661211640569}]
2026-07-01 21:34:09 DEBUG:    EVENT NUM 841   current_time = 00:11:45   ARRIVAL_ORDER         [queue size = 20]
2026-07-01 21:34:09 DEBUG: Order 240 arrived: items_required = [9172, 1274].     [orders_in_system = 207]
2026-07-01 21:34:09 DEBUG:    EVENT NUM 842   current_time = 00:11:45   ARRIVAL_POD_WST       [queue size = 20]
2026-07-01 21:34:09 DEBUG: Pod 238 arrived at workstation 0 - status = IDLE
2026-07-01 21:34:09 DEBUG: Pod queued at workstation.    [picking_buffer = {76: 705.2864906484009}]
2026-07-01 21:34:09 DEBUG:    EVENT NUM 843   current_time = 00:11:45   START_PICKING         [queue size = 20]
2026-07-01 21:34:09 DEBUG: Processing task 76 at workstation 0: picking items {3822} for orders {53}
2026-07-01 21:34:09 DEBUG:    EVENT NUM 844   current_time = 00:11:47   END_PICKING           [queue size = 20]
2026-07-01 21:34:09 DEBUG: Ended picking at workstation 1.    [picking_buffer len = {93: 700.1661211640569}]
2026-07-01 21:34:09 DEBUG: Task should have served orders {33}, found open orders {33, 73, 74, 49}.
2026-07-01 21:34:09 DEBUG: Task 84 completed: pod 6 returning to storage.
2026-07-01 21:34:09 DEBUG:    EVENT NUM 845   current_time = 00:11:47   CLOSE_ORDER           [queue size = 22]
2026-07-01 21:34:09 DEBUG: Order 33 closed at workstation 1: flow_time = 707.4 s.     [order_buffer = 11] [open_orders = 3/4]
2026-07-01 21:34:09 DEBUG: Next order in buffer: 44
2026-07-01 21:34:09 DEBUG:    EVENT NUM 846   current_time = 00:11:47   START_PICKING         [queue size = 22]
2026-07-01 21:34:09 DEBUG: Processing task 93 at workstation 1: picking items {6980} for orders {73}
2026-07-01 21:34:09 DEBUG:    EVENT NUM 847   current_time = 00:11:47   OPEN_ORDER            [queue size = 22]
2026-07-01 21:34:09 DEBUG: Order 44 (skus required = {5877}) opened at workstation 1.   [open_orders = 4/4]
2026-07-01 21:34:09 DEBUG:    EVENT NUM 848   current_time = 00:11:47   START_TASK            [queue size = 22]
2026-07-01 21:34:09 DEBUG: Task 92 blocked: no orders in {0: [77]} is open yet.  [released tasks = 50]
2026-07-01 21:34:09 DEBUG: Task 96 blocked: no idle robots.
2026-07-01 21:34:09 DEBUG:    EVENT NUM 849   current_time = 00:11:50   ARRIVAL_ORDER         [queue size = 21]
2026-07-01 21:34:09 DEBUG: Order 241 arrived: items_required = [9777, 4383, 7704, 5658, 6239, 4123].     [orders_in_system = 207]
2026-07-01 21:34:09 DEBUG:    EVENT NUM 850   current_time = 00:11:55   ARRIVAL_ORDER         [queue size = 21]
2026-07-01 21:34:09 DEBUG: Order 242 arrived: items_required = [5935].     [orders_in_system = 208]
2026-07-01 21:34:09 DEBUG:    EVENT NUM 851   current_time = 00:11:55   END_PICKING           [queue size = 21]
2026-07-01 21:34:09 DEBUG: Ended picking at workstation 0.    [picking_buffer len = {}]
2026-07-01 21:34:09 DEBUG: Task should have served orders {53}, found open orders {42, 14, 52, 53}.
2026-07-01 21:34:09 DEBUG: Task 76 completed: pod 238 returning to storage.
2026-07-01 21:34:09 DEBUG:    EVENT NUM 852   current_time = 00:11:55   CLOSE_ORDER           [queue size = 22]
2026-07-01 21:34:09 DEBUG: Order 53 closed at workstation 0: flow_time = 715.3 s.     [order_buffer = 5] [open_orders = 3/4]
2026-07-01 21:34:09 DEBUG: Next order in buffer: 19
2026-07-01 21:34:09 DEBUG:    EVENT NUM 853   current_time = 00:11:55   OPEN_ORDER            [queue size = 22]
2026-07-01 21:34:09 DEBUG: Order 19 (skus required = {8237}) opened at workstation 0.   [open_orders = 4/4]
2026-07-01 21:34:09 DEBUG:    EVENT NUM 854   current_time = 00:11:55   START_TASK            [queue size = 22]
2026-07-01 21:34:09 DEBUG: Task 92 blocked: no orders in {0: [77]} is open yet.  [released tasks = 50]
2026-07-01 21:34:09 DEBUG: Task 96 blocked: no idle robots.
2026-07-01 21:34:09 DEBUG:    EVENT NUM 855   current_time = 00:11:57   END_PICKING           [queue size = 21]
2026-07-01 21:34:09 DEBUG: Ended picking at workstation 1.    [picking_buffer len = {}]
2026-07-01 21:34:09 DEBUG: Task should have served orders {73}, found open orders {73, 74, 44, 49}.
2026-07-01 21:34:09 DEBUG: Task 93 completed: pod 437 returning to storage.
2026-07-01 21:34:09 DEBUG:    EVENT NUM 856   current_time = 00:12:00   ARRIVAL_ORDER         [queue size = 21]
2026-07-01 21:34:09 DEBUG: Order 243 arrived: items_required = [6809, 5419].     [orders_in_system = 208]
2026-07-01 21:34:09 DEBUG:    EVENT NUM 857   current_time = 00:12:03   ARRIVAL_POD_WST       [queue size = 21]
2026-07-01 21:34:09 DEBUG: Pod 489 arrived at workstation 0 - status = IDLE
2026-07-01 21:34:09 DEBUG: Pod queued at workstation.    [picking_buffer = {85: 723.4642101545201}]
2026-07-01 21:34:09 DEBUG:    EVENT NUM 858   current_time = 00:12:03   START_PICKING         [queue size = 21]
2026-07-01 21:34:09 DEBUG: Processing task 85 at workstation 0: picking items {5080} for orders {14}
2026-07-01 21:34:09 DEBUG:    EVENT NUM 859   current_time = 00:12:05   ARRIVAL_ORDER         [queue size = 21]
2026-07-01 21:34:09 DEBUG: Order 244 arrived: items_required = [3332, 7005].     [orders_in_system = 209]
2026-07-01 21:34:09 DEBUG:    EVENT NUM 860   current_time = 00:12:10   ARRIVAL_ORDER         [queue size = 21]
2026-07-01 21:34:09 DEBUG: Order 245 arrived: items_required = [5260, 10493, 5573].     [orders_in_system = 210]
2026-07-01 21:34:09 DEBUG:    EVENT NUM 861   current_time = 00:12:13   END_PICKING           [queue size = 21]
2026-07-01 21:34:09 DEBUG: Ended picking at workstation 0.    [picking_buffer len = {}]
2026-07-01 21:34:09 DEBUG: Task should have served orders {14}, found open orders {42, 14, 19, 52}.
2026-07-01 21:34:09 DEBUG: Task 85 completed: pod 489 returning to storage.
2026-07-01 21:34:09 DEBUG:    EVENT NUM 862   current_time = 00:12:13   ARRIVAL_POD_WST       [queue size = 21]
2026-07-01 21:34:09 DEBUG: Pod 249 arrived at workstation 0 - status = IDLE
2026-07-01 21:34:09 DEBUG: Pod queued at workstation.    [picking_buffer = {83: 733.7029488139935}]
2026-07-01 21:34:09 DEBUG:    EVENT NUM 863   current_time = 00:12:13   START_PICKING         [queue size = 21]
2026-07-01 21:34:09 DEBUG: Processing task 83 at workstation 0: picking items {5452} for orders {52}
2026-07-01 21:34:09 DEBUG:    EVENT NUM 864   current_time = 00:12:15   ARRIVAL_ORDER         [queue size = 21]
2026-07-01 21:34:09 DEBUG: Order 246 arrived: items_required = [4047].     [orders_in_system = 211]
2026-07-01 21:34:09 DEBUG:    EVENT NUM 865   current_time = 00:12:20   ARRIVAL_ORDER         [queue size = 21]
2026-07-01 21:34:09 DEBUG: Order 247 arrived: items_required = [7802, 7477, 2561].     [orders_in_system = 212]
2026-07-01 21:34:09 DEBUG:    EVENT NUM 866   current_time = 00:12:20   RETURN_POD            [queue size = 21]
2026-07-01 21:34:09 DEBUG: Pod 304 returned. Robot 10 idle.   [idle robots = 1/20, released tasks = 51]
2026-07-01 21:34:09 DEBUG:    EVENT NUM 867   current_time = 00:12:20   START_TASK            [queue size = 21]
2026-07-01 21:34:09 DEBUG: Task 92 blocked: no orders in {0: [77]} is open yet.  [released tasks = 50]
2026-07-01 21:34:09 DEBUG: Task 96 started: robot 10 → pod 244 → workstation 1 for orders {82} (arrival = 838.6 s).   [idle robots = 0/20]
2026-07-01 21:34:09 DEBUG:    EVENT NUM 868   current_time = 00:12:21   RETURN_POD            [queue size = 21]
2026-07-01 21:34:09 DEBUG: Pod 446 returned. Robot 7 idle.   [idle robots = 1/20, released tasks = 50]
2026-07-01 21:34:09 DEBUG:    EVENT NUM 869   current_time = 00:12:21   START_TASK            [queue size = 21]
2026-07-01 21:34:09 DEBUG: Task 92 blocked: no orders in {0: [77]} is open yet.  [released tasks = 49]
2026-07-01 21:34:09 DEBUG: Task 97 blocked: no orders in {0: [36]} is open yet.  [released tasks = 48]
2026-07-01 21:34:09 DEBUG: Task 98 blocked: no orders in {0: [56]} is open yet.  [released tasks = 47]
2026-07-01 21:34:09 DEBUG: Task 99 blocked: no orders in {0: [56]} is open yet.  [released tasks = 46]
2026-07-01 21:34:09 DEBUG: Task 100 blocked: no orders in {1: [99]} is open yet.  [released tasks = 45]
2026-07-01 21:34:09 DEBUG: Task 101 started: robot 7 → pod 40 → workstation 1 for orders {73} (arrival = 844.5 s).   [idle robots = 0/20]
2026-07-01 21:34:09 DEBUG:    EVENT NUM 870   current_time = 00:12:23   END_PICKING           [queue size = 21]
2026-07-01 21:34:09 DEBUG: Ended picking at workstation 0.    [picking_buffer len = {}]
2026-07-01 21:34:09 DEBUG: Task should have served orders {52}, found open orders {42, 14, 19, 52}.
2026-07-01 21:34:09 DEBUG: Task 83 completed: pod 249 returning to storage.
2026-07-01 21:34:09 DEBUG:    EVENT NUM 871   current_time = 00:12:23   CLOSE_ORDER           [queue size = 22]
2026-07-01 21:34:09 DEBUG: Order 52 closed at workstation 0: flow_time = 743.7 s.     [order_buffer = 4] [open_orders = 3/4]
2026-07-01 21:34:09 DEBUG: Next order in buffer: 85
2026-07-01 21:34:09 DEBUG:    EVENT NUM 872   current_time = 00:12:23   OPEN_ORDER            [queue size = 22]
2026-07-01 21:34:09 DEBUG: Order 85 (skus required = {6711}) opened at workstation 0.   [open_orders = 4/4]
2026-07-01 21:34:09 DEBUG:    EVENT NUM 873   current_time = 00:12:23   START_TASK            [queue size = 22]
2026-07-01 21:34:09 DEBUG: Task 92 blocked: no idle robots.
2026-07-01 21:34:09 DEBUG:    EVENT NUM 874   current_time = 00:12:25   ARRIVAL_ORDER         [queue size = 21]
2026-07-01 21:34:09 DEBUG: Order 248 arrived: items_required = [5124, 8651].     [orders_in_system = 212]
2026-07-01 21:34:09 DEBUG:    EVENT NUM 875   current_time = 00:12:25   RETURN_POD            [queue size = 21]
2026-07-01 21:34:09 DEBUG: Pod 382 returned. Robot 18 idle.   [idle robots = 1/20, released tasks = 49]
2026-07-01 21:34:09 DEBUG:    EVENT NUM 876   current_time = 00:12:25   START_TASK            [queue size = 21]
2026-07-01 21:34:09 DEBUG: Task 92 started: robot 18 → pod 254 → workstation 0 for orders {77} (arrival = 830.8 s).   [idle robots = 0/20]
2026-07-01 21:34:09 DEBUG:    EVENT NUM 877   current_time = 00:12:30   ARRIVAL_ORDER         [queue size = 21]
2026-07-01 21:34:09 DEBUG: Order 249 arrived: items_required = [6873].     [orders_in_system = 213]
2026-07-01 21:34:09 DEBUG:    EVENT NUM 878   current_time = 00:12:32   ARRIVAL_POD_WST       [queue size = 21]
2026-07-01 21:34:09 DEBUG: Pod 405 arrived at workstation 0 - status = IDLE
2026-07-01 21:34:09 DEBUG: Pod queued at workstation.    [picking_buffer = {86: 752.8416589858199}]
2026-07-01 21:34:09 DEBUG:    EVENT NUM 879   current_time = 00:12:32   START_PICKING         [queue size = 21]
2026-07-01 21:34:09 DEBUG: Processing task 86 at workstation 0: picking items {8237} for orders {19}
2026-07-01 21:34:09 DEBUG:    EVENT NUM 880   current_time = 00:12:33   RETURN_POD            [queue size = 21]
2026-07-01 21:34:09 DEBUG: Pod 448 returned. Robot 5 idle.   [idle robots = 1/20, released tasks = 48]
2026-07-01 21:34:09 DEBUG:    EVENT NUM 881   current_time = 00:12:33   START_TASK            [queue size = 21]
2026-07-01 21:34:09 DEBUG: Task 97 blocked: no orders in {0: [36]} is open yet.  [released tasks = 47]
2026-07-01 21:34:09 DEBUG: Task 98 blocked: no orders in {0: [56]} is open yet.  [released tasks = 46]
2026-07-01 21:34:09 DEBUG: Task 99 blocked: no orders in {0: [56]} is open yet.  [released tasks = 45]
2026-07-01 21:34:09 DEBUG: Task 100 blocked: no orders in {1: [99]} is open yet.  [released tasks = 44]
2026-07-01 21:34:09 DEBUG: Task 102 blocked: no orders in {1: [26]} is open yet.  [released tasks = 43]
2026-07-01 21:34:09 DEBUG: Task 103 blocked: no orders in {1: [63]} is open yet.  [released tasks = 42]
2026-07-01 21:34:09 DEBUG: Task 104 blocked: no orders in {1: [54]} is open yet.  [released tasks = 41]
2026-07-01 21:34:09 DEBUG: Task 105 blocked: no orders in {1: [54]} is open yet.  [released tasks = 40]
2026-07-01 21:34:09 DEBUG: Task 106 blocked: no orders in {1: [58]} is open yet.  [released tasks = 39]
2026-07-01 21:34:09 DEBUG: Task 107 blocked: no orders in {1: [54]} is open yet.  [released tasks = 38]
2026-07-01 21:34:09 DEBUG: Task 108 blocked: no orders in {1: [58]} is open yet.  [released tasks = 37]
2026-07-01 21:34:09 DEBUG: Task 109 blocked: no orders in {1: [54]} is open yet.  [released tasks = 36]
2026-07-01 21:34:09 DEBUG: Task 110 started: robot 5 → pod 400 → workstation 2 for orders {93} (arrival = 858.5 s).   [idle robots = 0/20]
2026-07-01 21:34:09 DEBUG:    EVENT NUM 882   current_time = 00:12:34   RETURN_POD            [queue size = 21]
2026-07-01 21:34:09 DEBUG: Pod 437 returned. Robot 2 idle.   [idle robots = 1/20, released tasks = 47]
2026-07-01 21:34:09 DEBUG:    EVENT NUM 883   current_time = 00:12:34   START_TASK            [queue size = 21]
2026-07-01 21:34:09 DEBUG: Task 97 blocked: no orders in {0: [36]} is open yet.  [released tasks = 46]
2026-07-01 21:34:09 DEBUG: Task 98 blocked: no orders in {0: [56]} is open yet.  [released tasks = 45]
2026-07-01 21:34:09 DEBUG: Task 99 blocked: no orders in {0: [56]} is open yet.  [released tasks = 44]
2026-07-01 21:34:09 DEBUG: Task 100 blocked: no orders in {1: [99]} is open yet.  [released tasks = 43]
2026-07-01 21:34:09 DEBUG: Task 102 blocked: no orders in {1: [26]} is open yet.  [released tasks = 42]
2026-07-01 21:34:09 DEBUG: Task 103 blocked: no orders in {1: [63]} is open yet.  [released tasks = 41]
2026-07-01 21:34:09 DEBUG: Task 104 blocked: no orders in {1: [54]} is open yet.  [released tasks = 40]
2026-07-01 21:34:09 DEBUG: Task 105 blocked: no orders in {1: [54]} is open yet.  [released tasks = 39]
2026-07-01 21:34:09 DEBUG: Task 106 blocked: no orders in {1: [58]} is open yet.  [released tasks = 38]
2026-07-01 21:34:09 DEBUG: Task 107 blocked: no orders in {1: [54]} is open yet.  [released tasks = 37]
2026-07-01 21:34:09 DEBUG: Task 108 blocked: no orders in {1: [58]} is open yet.  [released tasks = 36]
2026-07-01 21:34:09 DEBUG: Task 109 blocked: no orders in {1: [54]} is open yet.  [released tasks = 35]
2026-07-01 21:34:09 DEBUG: Task 111 started: robot 2 → pod 307 → workstation 2 for orders {15} (arrival = 830.5 s).   [idle robots = 0/20]
2026-07-01 21:34:09 DEBUG:    EVENT NUM 884   current_time = 00:12:35   ARRIVAL_ORDER         [queue size = 21]
2026-07-01 21:34:09 DEBUG: Order 250 arrived: items_required = [3133, 7649].     [orders_in_system = 214]
2026-07-01 21:34:09 DEBUG:    EVENT NUM 885   current_time = 00:12:40   ARRIVAL_ORDER         [queue size = 21]
2026-07-01 21:34:09 DEBUG: Order 251 arrived: items_required = [5019].     [orders_in_system = 215]
2026-07-01 21:34:09 DEBUG:    EVENT NUM 886   current_time = 00:12:42   END_PICKING           [queue size = 21]
2026-07-01 21:34:09 DEBUG: Ended picking at workstation 0.    [picking_buffer len = {}]
2026-07-01 21:34:09 DEBUG: Task should have served orders {19}, found open orders {42, 14, 19, 85}.
2026-07-01 21:34:09 DEBUG: Task 86 completed: pod 405 returning to storage.
2026-07-01 21:34:09 DEBUG:    EVENT NUM 887   current_time = 00:12:42   CLOSE_ORDER           [queue size = 22]
2026-07-01 21:34:09 DEBUG: Order 19 closed at workstation 0: flow_time = 762.8 s.     [order_buffer = 3] [open_orders = 3/4]
2026-07-01 21:34:09 DEBUG: Next order in buffer: 77
2026-07-01 21:34:09 DEBUG:    EVENT NUM 888   current_time = 00:12:42   OPEN_ORDER            [queue size = 22]
2026-07-01 21:34:09 DEBUG: Order 77 (skus required = {8670}) opened at workstation 0.   [open_orders = 4/4]
2026-07-01 21:34:09 DEBUG:    EVENT NUM 889   current_time = 00:12:42   START_TASK            [queue size = 22]
2026-07-01 21:34:09 DEBUG: Task 97 blocked: no idle robots.
2026-07-01 21:34:09 DEBUG:    EVENT NUM 890   current_time = 00:12:45   ARRIVAL_ORDER         [queue size = 21]
2026-07-01 21:34:09 DEBUG: Order 252 arrived: items_required = [4402, 4374, 9591, 6291, 8612].     [orders_in_system = 215]
2026-07-01 21:34:09 DEBUG:    EVENT NUM 891   current_time = 00:12:47   ARRIVAL_POD_WST       [queue size = 21]
2026-07-01 21:34:09 DEBUG: Pod 282 arrived at workstation 1 - status = IDLE
2026-07-01 21:34:09 DEBUG: Pod queued at workstation.    [picking_buffer = {95: 767.9924394250351}]
2026-07-01 21:34:09 DEBUG:    EVENT NUM 892   current_time = 00:12:47   START_PICKING         [queue size = 21]
2026-07-01 21:34:09 DEBUG: Processing task 95 at workstation 1: picking items {5877} for orders {44}
2026-07-01 21:34:09 DEBUG:    EVENT NUM 893   current_time = 00:12:50   ARRIVAL_ORDER         [queue size = 21]
2026-07-01 21:34:09 DEBUG: Order 253 arrived: items_required = [4679, 384].     [orders_in_system = 216]
2026-07-01 21:34:09 DEBUG:    EVENT NUM 894   current_time = 00:12:51   ARRIVAL_POD_WST       [queue size = 21]
2026-07-01 21:34:09 DEBUG: Pod 121 arrived at workstation 1 - status = BUSY
2026-07-01 21:34:09 DEBUG: Pod queued at workstation.    [picking_buffer = {87: 771.1242534994482}]
2026-07-01 21:34:09 DEBUG:    EVENT NUM 895   current_time = 00:12:52   RETURN_POD            [queue size = 20]
2026-07-01 21:34:09 DEBUG: Pod 115 returned. Robot 1 idle.   [idle robots = 1/20, released tasks = 46]
2026-07-01 21:34:09 DEBUG:    EVENT NUM 896   current_time = 00:12:52   START_TASK            [queue size = 20]
2026-07-01 21:34:09 DEBUG: Task 97 started: robot 1 → pod 352 → workstation 0 for orders {36} (arrival = 860.5 s).   [idle robots = 0/20]
2026-07-01 21:34:09 DEBUG:    EVENT NUM 897   current_time = 00:12:54   ARRIVAL_POD_WST       [queue size = 20]
2026-07-01 21:34:09 DEBUG: Pod 150 arrived at workstation 1 - status = BUSY
2026-07-01 21:34:09 DEBUG: Pod queued at workstation.    [picking_buffer = {87: 771.1242534994482, 88: 774.646075809332}]
2026-07-01 21:34:09 DEBUG:    EVENT NUM 898   current_time = 00:12:55   ARRIVAL_ORDER         [queue size = 19]
2026-07-01 21:34:09 DEBUG: Order 254 arrived: items_required = [5539, 7725].     [orders_in_system = 217]
2026-07-01 21:34:09 DEBUG:    EVENT NUM 899   current_time = 00:12:55   ARRIVAL_POD_WST       [queue size = 19]
2026-07-01 21:34:09 DEBUG: Pod 525 arrived at workstation 0 - status = IDLE
2026-07-01 21:34:09 DEBUG: Pod queued at workstation.    [picking_buffer = {91: 775.7665884376196}]
2026-07-01 21:34:09 DEBUG:    EVENT NUM 900   current_time = 00:12:55   START_PICKING         [queue size = 19]
2026-07-01 21:34:09 DEBUG: Processing task 91 at workstation 0: picking items {6141} for orders {14}
2026-07-01 21:34:09 DEBUG:    EVENT NUM 901   current_time = 00:12:57   END_PICKING           [queue size = 19]
2026-07-01 21:34:09 DEBUG: Ended picking at workstation 1.    [picking_buffer len = {87: 771.1242534994482, 88: 774.646075809332}]
2026-07-01 21:34:09 DEBUG: Task should have served orders {44}, found open orders {73, 74, 44, 49}.
2026-07-01 21:34:09 DEBUG: Task 95 completed: pod 282 returning to storage.
2026-07-01 21:34:09 DEBUG:    EVENT NUM 902   current_time = 00:12:57   CLOSE_ORDER           [queue size = 21]
2026-07-01 21:34:09 DEBUG: Order 44 closed at workstation 1: flow_time = 778.0 s.     [order_buffer = 10] [open_orders = 3/4]
2026-07-01 21:34:09 DEBUG: Next order in buffer: 82
2026-07-01 21:34:09 DEBUG:    EVENT NUM 903   current_time = 00:12:57   START_PICKING         [queue size = 21]
2026-07-01 21:34:09 DEBUG: Processing task 87 at workstation 1: picking items {8464} for orders {49}
2026-07-01 21:34:09 DEBUG:    EVENT NUM 904   current_time = 00:12:57   OPEN_ORDER            [queue size = 21]
2026-07-01 21:34:09 DEBUG: Order 82 (skus required = {8172}) opened at workstation 1.   [open_orders = 4/4]
2026-07-01 21:34:09 DEBUG:    EVENT NUM 905   current_time = 00:12:57   START_TASK            [queue size = 21]
2026-07-01 21:34:09 DEBUG: Task 98 blocked: no orders in {0: [56]} is open yet.  [released tasks = 44]
2026-07-01 21:34:09 DEBUG: Task 99 blocked: no orders in {0: [56]} is open yet.  [released tasks = 43]
2026-07-01 21:34:09 DEBUG: Task 100 blocked: no idle robots.
2026-07-01 21:34:09 DEBUG:    EVENT NUM 906   current_time = 00:13:00   ARRIVAL_ORDER         [queue size = 20]
2026-07-01 21:34:09 DEBUG: Order 255 arrived: items_required = [1013].     [orders_in_system = 217]
2026-07-01 21:34:09 DEBUG:    EVENT NUM 907   current_time = 00:13:00   RETURN_POD            [queue size = 20]
2026-07-01 21:34:09 DEBUG: Pod 251 returned. Robot 4 idle.   [idle robots = 1/20, released tasks = 45]
2026-07-01 21:34:09 DEBUG:    EVENT NUM 908   current_time = 00:13:00   START_TASK            [queue size = 20]
2026-07-01 21:34:09 DEBUG: Task 98 blocked: no orders in {0: [56]} is open yet.  [released tasks = 44]
2026-07-01 21:34:09 DEBUG: Task 99 blocked: no orders in {0: [56]} is open yet.  [released tasks = 43]
2026-07-01 21:34:09 DEBUG: Task 100 started: robot 4 → pod 401 → workstation 1 for orders {99} (arrival = 881.2 s).   [idle robots = 0/20]
2026-07-01 21:34:09 DEBUG:    EVENT NUM 909   current_time = 00:13:01   RETURN_POD            [queue size = 20]
2026-07-01 21:34:09 DEBUG: Pod 12 returned. Robot 0 idle.   [idle robots = 1/20, released tasks = 44]
2026-07-01 21:34:09 DEBUG:    EVENT NUM 910   current_time = 00:13:01   START_TASK            [queue size = 20]
2026-07-01 21:34:09 DEBUG: Task 98 blocked: no orders in {0: [56]} is open yet.  [released tasks = 43]
2026-07-01 21:34:09 DEBUG: Task 99 blocked: no orders in {0: [56]} is open yet.  [released tasks = 42]
2026-07-01 21:34:09 DEBUG: Task 102 blocked: no orders in {1: [26]} is open yet.  [released tasks = 41]
2026-07-01 21:34:09 DEBUG: Task 103 blocked: no orders in {1: [63]} is open yet.  [released tasks = 40]
2026-07-01 21:34:09 DEBUG: Task 104 blocked: no orders in {1: [54]} is open yet.  [released tasks = 39]
2026-07-01 21:34:09 DEBUG: Task 105 blocked: no orders in {1: [54]} is open yet.  [released tasks = 38]
2026-07-01 21:34:09 DEBUG: Task 106 blocked: no orders in {1: [58]} is open yet.  [released tasks = 37]
2026-07-01 21:34:09 DEBUG: Task 107 blocked: no orders in {1: [54]} is open yet.  [released tasks = 36]
2026-07-01 21:34:09 DEBUG: Task 108 blocked: no orders in {1: [58]} is open yet.  [released tasks = 35]
2026-07-01 21:34:09 DEBUG: Task 109 blocked: no orders in {1: [54]} is open yet.  [released tasks = 34]
2026-07-01 21:34:09 DEBUG: Task 112 blocked: no orders in {1: [61]} is open yet.  [released tasks = 33]
2026-07-01 21:34:09 DEBUG: Task 113 started: robot 0 → pod 155 → workstation 2 for orders {15} (arrival = 894.1 s).   [idle robots = 0/20]
2026-07-01 21:34:09 DEBUG:    EVENT NUM 911   current_time = 00:13:01   RETURN_POD            [queue size = 20]
2026-07-01 21:34:09 DEBUG: Pod 238 returned. Robot 3 idle.   [idle robots = 1/20, released tasks = 43]
2026-07-01 21:34:09 DEBUG:    EVENT NUM 912   current_time = 00:13:01   START_TASK            [queue size = 20]
2026-07-01 21:34:09 DEBUG: Task 98 blocked: no orders in {0: [56]} is open yet.  [released tasks = 42]
2026-07-01 21:34:09 DEBUG: Task 99 blocked: no orders in {0: [56]} is open yet.  [released tasks = 41]
2026-07-01 21:34:09 DEBUG: Task 102 blocked: no orders in {1: [26]} is open yet.  [released tasks = 40]
2026-07-01 21:34:09 DEBUG: Task 103 blocked: no orders in {1: [63]} is open yet.  [released tasks = 39]
2026-07-01 21:34:09 DEBUG: Task 104 blocked: no orders in {1: [54]} is open yet.  [released tasks = 38]
2026-07-01 21:34:09 DEBUG: Task 105 blocked: no orders in {1: [54]} is open yet.  [released tasks = 37]
2026-07-01 21:34:09 DEBUG: Task 106 blocked: no orders in {1: [58]} is open yet.  [released tasks = 36]
2026-07-01 21:34:09 DEBUG: Task 107 blocked: no orders in {1: [54]} is open yet.  [released tasks = 35]
2026-07-01 21:34:09 DEBUG: Task 108 blocked: no orders in {1: [58]} is open yet.  [released tasks = 34]
2026-07-01 21:34:09 DEBUG: Task 109 blocked: no orders in {1: [54]} is open yet.  [released tasks = 33]
2026-07-01 21:34:09 DEBUG: Task 112 blocked: no orders in {1: [61]} is open yet.  [released tasks = 32]
2026-07-01 21:34:09 DEBUG: Task 114 blocked: no orders in {1: [34]} is open yet.  [released tasks = 31]
2026-07-01 21:34:09 DEBUG: Task 115 started: robot 3 → pod 53 → workstation 2 for orders {15} (arrival = 924.4 s).   [idle robots = 0/20]
2026-07-01 21:34:09 DEBUG:    EVENT NUM 913   current_time = 00:13:02   RETURN_POD            [queue size = 20]
2026-07-01 21:34:09 DEBUG: Pod 489 returned. Robot 17 idle.   [idle robots = 1/20, released tasks = 42]
2026-07-01 21:34:09 DEBUG:    EVENT NUM 914   current_time = 00:13:02   START_TASK            [queue size = 20]
2026-07-01 21:34:09 DEBUG: Task 98 blocked: no orders in {0: [56]} is open yet.  [released tasks = 41]
2026-07-01 21:34:09 DEBUG: Task 99 blocked: no orders in {0: [56]} is open yet.  [released tasks = 40]
2026-07-01 21:34:09 DEBUG: Task 102 blocked: no orders in {1: [26]} is open yet.  [released tasks = 39]
2026-07-01 21:34:09 DEBUG: Task 103 blocked: no orders in {1: [63]} is open yet.  [released tasks = 38]
2026-07-01 21:34:09 DEBUG: Task 104 blocked: no orders in {1: [54]} is open yet.  [released tasks = 37]
2026-07-01 21:34:09 DEBUG: Task 105 blocked: no orders in {1: [54]} is open yet.  [released tasks = 36]
2026-07-01 21:34:09 DEBUG: Task 106 blocked: no orders in {1: [58]} is open yet.  [released tasks = 35]
2026-07-01 21:34:09 DEBUG: Task 107 blocked: no orders in {1: [54]} is open yet.  [released tasks = 34]
2026-07-01 21:34:09 DEBUG: Task 108 blocked: no orders in {1: [58]} is open yet.  [released tasks = 33]
2026-07-01 21:34:09 DEBUG: Task 109 blocked: no orders in {1: [54]} is open yet.  [released tasks = 32]
2026-07-01 21:34:09 DEBUG: Task 112 blocked: no orders in {1: [61]} is open yet.  [released tasks = 31]
2026-07-01 21:34:09 DEBUG: Task 114 blocked: no orders in {1: [34]} is open yet.  [released tasks = 30]
2026-07-01 21:34:09 DEBUG: Task 116 started: robot 17 → pod 101 → workstation 2 for orders {15} (arrival = 921.1 s).   [idle robots = 0/20]
2026-07-01 21:34:09 DEBUG:    EVENT NUM 915   current_time = 00:13:05   ARRIVAL_ORDER         [queue size = 20]
2026-07-01 21:34:09 DEBUG: Order 256 arrived: items_required = [4799, 6554].     [orders_in_system = 218]
2026-07-01 21:34:09 DEBUG:    EVENT NUM 916   current_time = 00:13:05   END_PICKING           [queue size = 20]
2026-07-01 21:34:09 DEBUG: Ended picking at workstation 0.    [picking_buffer len = {}]
2026-07-01 21:34:09 DEBUG: Task should have served orders {14}, found open orders {42, 77, 14, 85}.
2026-07-01 21:34:09 DEBUG: Task 91 completed: pod 525 returning to storage.
2026-07-01 21:34:09 DEBUG:    EVENT NUM 917   current_time = 00:13:07   END_PICKING           [queue size = 20]
2026-07-01 21:34:09 DEBUG: Ended picking at workstation 1.    [picking_buffer len = {88: 774.646075809332}]
2026-07-01 21:34:09 DEBUG: Task should have served orders {49}, found open orders {73, 74, 49, 82}.
2026-07-01 21:34:09 DEBUG: Task 87 completed: pod 121 returning to storage.
2026-07-01 21:34:09 DEBUG:    EVENT NUM 918   current_time = 00:13:07   CLOSE_ORDER           [queue size = 22]
2026-07-01 21:34:09 DEBUG: Order 49 closed at workstation 1: flow_time = 788.0 s.     [order_buffer = 9] [open_orders = 3/4]
2026-07-01 21:34:09 DEBUG: Next order in buffer: 99
2026-07-01 21:34:09 DEBUG:    EVENT NUM 919   current_time = 00:13:07   START_PICKING         [queue size = 22]
2026-07-01 21:34:09 DEBUG: Processing task 88 at workstation 1: picking items {5498} for orders {74}
2026-07-01 21:34:09 DEBUG:    EVENT NUM 920   current_time = 00:13:07   OPEN_ORDER            [queue size = 22]
2026-07-01 21:34:09 DEBUG: Order 99 (skus required = {7930}) opened at workstation 1.   [open_orders = 4/4]
2026-07-01 21:34:09 DEBUG:    EVENT NUM 921   current_time = 00:13:07   START_TASK            [queue size = 22]
2026-07-01 21:34:09 DEBUG: Task 98 blocked: no orders in {0: [56]} is open yet.  [released tasks = 40]
2026-07-01 21:34:09 DEBUG: Task 99 blocked: no orders in {0: [56]} is open yet.  [released tasks = 39]
2026-07-01 21:34:09 DEBUG: Task 102 blocked: no idle robots.
2026-07-01 21:34:09 DEBUG:    EVENT NUM 922   current_time = 00:13:10   ARRIVAL_ORDER         [queue size = 21]
2026-07-01 21:34:09 DEBUG: Order 257 arrived: items_required = [10399, 6735, 8494].     [orders_in_system = 218]
2026-07-01 21:34:09 DEBUG:    EVENT NUM 923   current_time = 00:13:15   ARRIVAL_ORDER         [queue size = 21]
2026-07-01 21:34:09 DEBUG: Order 258 arrived: items_required = [4073].     [orders_in_system = 219]
2026-07-01 21:34:09 DEBUG:    EVENT NUM 924   current_time = 00:13:17   END_PICKING           [queue size = 21]
2026-07-01 21:34:09 DEBUG: Ended picking at workstation 1.    [picking_buffer len = {}]
2026-07-01 21:34:09 DEBUG: Task should have served orders {74}, found open orders {99, 73, 74, 82}.
2026-07-01 21:34:09 DEBUG: Task 88 completed: pod 150 returning to storage.
2026-07-01 21:34:09 DEBUG:    EVENT NUM 925   current_time = 00:13:20   ARRIVAL_ORDER         [queue size = 21]
2026-07-01 21:34:09 DEBUG: Order 259 arrived: items_required = [5571, 2414, 8060, 3759].     [orders_in_system = 220]
2026-07-01 21:34:09 DEBUG:    EVENT NUM 926   current_time = 00:13:23   RETURN_POD            [queue size = 21]
2026-07-01 21:34:09 DEBUG: Pod 425 returned. Robot 11 idle.   [idle robots = 1/20, released tasks = 41]
2026-07-01 21:34:09 DEBUG:    EVENT NUM 927   current_time = 00:13:23   START_TASK            [queue size = 21]
2026-07-01 21:34:09 DEBUG: Task 98 blocked: no orders in {0: [56]} is open yet.  [released tasks = 40]
2026-07-01 21:34:09 DEBUG: Task 99 blocked: no orders in {0: [56]} is open yet.  [released tasks = 39]
2026-07-01 21:34:09 DEBUG: Task 102 started: robot 11 → pod 569 → workstation 1 for orders {26} (arrival = 863.8 s).   [idle robots = 0/20]
2026-07-01 21:34:09 DEBUG:    EVENT NUM 928   current_time = 00:13:25   ARRIVAL_ORDER         [queue size = 21]
2026-07-01 21:34:09 DEBUG: Order 260 arrived: items_required = [6486, 8571].     [orders_in_system = 221]
2026-07-01 21:34:09 DEBUG:    EVENT NUM 929   current_time = 00:13:25   ARRIVAL_POD_WST       [queue size = 21]
2026-07-01 21:34:09 DEBUG: Pod 149 arrived at workstation 1 - status = IDLE
2026-07-01 21:34:09 DEBUG: Pod queued at workstation.    [picking_buffer = {90: 805.7120780036023}]
2026-07-01 21:34:09 DEBUG:    EVENT NUM 930   current_time = 00:13:25   START_PICKING         [queue size = 21]
2026-07-01 21:34:09 DEBUG: Processing task 90 at workstation 1: picking items {4859} for orders {74}
2026-07-01 21:34:09 DEBUG:    EVENT NUM 931   current_time = 00:13:28   ARRIVAL_POD_WST       [queue size = 21]
2026-07-01 21:34:09 DEBUG: Pod 202 arrived at workstation 0 - status = IDLE
2026-07-01 21:34:09 DEBUG: Pod queued at workstation.    [picking_buffer = {94: 808.4640972067571}]
2026-07-01 21:34:09 DEBUG:    EVENT NUM 932   current_time = 00:13:28   START_PICKING         [queue size = 21]
2026-07-01 21:34:09 DEBUG: Processing task 94 at workstation 0: picking items {6580} for orders {14}
2026-07-01 21:34:09 DEBUG:    EVENT NUM 933   current_time = 00:13:30   ARRIVAL_ORDER         [queue size = 21]
2026-07-01 21:34:09 DEBUG: Order 261 arrived: items_required = [7632, 6148, 5482].     [orders_in_system = 222]
2026-07-01 21:34:09 DEBUG:    EVENT NUM 934   current_time = 00:13:35   ARRIVAL_ORDER         [queue size = 21]
2026-07-01 21:34:09 DEBUG: Order 262 arrived: items_required = [4907, 7099].     [orders_in_system = 223]
2026-07-01 21:34:09 DEBUG:    EVENT NUM 935   current_time = 00:13:35   END_PICKING           [queue size = 21]
2026-07-01 21:34:09 DEBUG: Ended picking at workstation 1.    [picking_buffer len = {}]
2026-07-01 21:34:09 DEBUG: Task should have served orders {74}, found open orders {99, 73, 74, 82}.
2026-07-01 21:34:09 DEBUG: Task 90 completed: pod 149 returning to storage.
2026-07-01 21:34:09 DEBUG:    EVENT NUM 936   current_time = 00:13:35   CLOSE_ORDER           [queue size = 22]
2026-07-01 21:34:09 DEBUG: Order 74 closed at workstation 1: flow_time = 815.7 s.     [order_buffer = 8] [open_orders = 3/4]
2026-07-01 21:34:09 DEBUG: Next order in buffer: 26
2026-07-01 21:34:09 DEBUG:    EVENT NUM 937   current_time = 00:13:35   OPEN_ORDER            [queue size = 22]
2026-07-01 21:34:09 DEBUG: Order 26 (skus required = {1640}) opened at workstation 1.   [open_orders = 4/4]
2026-07-01 21:34:09 DEBUG:    EVENT NUM 938   current_time = 00:13:35   START_TASK            [queue size = 22]
2026-07-01 21:34:09 DEBUG: Task 98 blocked: no orders in {0: [56]} is open yet.  [released tasks = 39]
2026-07-01 21:34:09 DEBUG: Task 99 blocked: no orders in {0: [56]} is open yet.  [released tasks = 38]
2026-07-01 21:34:09 DEBUG: Task 103 blocked: no idle robots.
2026-07-01 21:34:09 DEBUG:    EVENT NUM 939   current_time = 00:13:36   RETURN_POD            [queue size = 21]
2026-07-01 21:34:09 DEBUG: Pod 6 returned. Robot 12 idle.   [idle robots = 1/20, released tasks = 40]
2026-07-01 21:34:09 DEBUG:    EVENT NUM 940   current_time = 00:13:36   START_TASK            [queue size = 21]
2026-07-01 21:34:09 DEBUG: Task 98 blocked: no orders in {0: [56]} is open yet.  [released tasks = 39]
2026-07-01 21:34:09 DEBUG: Task 99 blocked: no orders in {0: [56]} is open yet.  [released tasks = 38]
2026-07-01 21:34:09 DEBUG: Task 103 started: robot 12 → pod 262 → workstation 1 for orders {63} (arrival = 872.5 s).   [idle robots = 0/20]
2026-07-01 21:34:09 DEBUG:    EVENT NUM 941   current_time = 00:13:38   END_PICKING           [queue size = 21]
2026-07-01 21:34:09 DEBUG: Ended picking at workstation 0.    [picking_buffer len = {}]
2026-07-01 21:34:09 DEBUG: Task should have served orders {14}, found open orders {42, 77, 14, 85}.
2026-07-01 21:34:09 DEBUG: Task 94 completed: pod 202 returning to storage.
2026-07-01 21:34:09 DEBUG:    EVENT NUM 942   current_time = 00:13:38   CLOSE_ORDER           [queue size = 22]
2026-07-01 21:34:09 DEBUG: Order 14 closed at workstation 0: flow_time = 818.5 s.     [order_buffer = 2] [open_orders = 3/4]
2026-07-01 21:34:09 DEBUG: Next order in buffer: 36
2026-07-01 21:34:09 DEBUG:    EVENT NUM 943   current_time = 00:13:38   OPEN_ORDER            [queue size = 22]
2026-07-01 21:34:09 DEBUG: Order 36 (skus required = {5851}) opened at workstation 0.   [open_orders = 4/4]
2026-07-01 21:34:09 DEBUG:    EVENT NUM 944   current_time = 00:13:38   START_TASK            [queue size = 22]
2026-07-01 21:34:09 DEBUG: Task 98 blocked: no idle robots.
2026-07-01 21:34:09 DEBUG:    EVENT NUM 945   current_time = 00:13:40   ARRIVAL_ORDER         [queue size = 21]
2026-07-01 21:34:09 DEBUG: Order 263 arrived: items_required = [6366, 6248].     [orders_in_system = 222]
2026-07-01 21:34:09 DEBUG:    EVENT NUM 946   current_time = 00:13:45   ARRIVAL_ORDER         [queue size = 21]
2026-07-01 21:34:09 DEBUG: Order 264 arrived: items_required = [6155, 6732, 6407].     [orders_in_system = 223]
2026-07-01 21:34:09 DEBUG:    EVENT NUM 947   current_time = 00:13:50   ARRIVAL_ORDER         [queue size = 21]
2026-07-01 21:34:09 DEBUG: Order 265 arrived: items_required = [6062, 6830, 4793].     [orders_in_system = 224]
2026-07-01 21:34:09 DEBUG:    EVENT NUM 948   current_time = 00:13:50   ARRIVAL_POD_WST       [queue size = 21]
2026-07-01 21:34:09 DEBUG: Pod 307 arrived at workstation 2 - status = IDLE
2026-07-01 21:34:09 DEBUG: Pod queued at workstation.    [picking_buffer = {111: 830.4846396787652}]
2026-07-01 21:34:09 DEBUG:    EVENT NUM 949   current_time = 00:13:50   START_PICKING         [queue size = 21]
2026-07-01 21:34:09 DEBUG: Processing task 111 at workstation 2: picking items {2886} for orders {15}
2026-07-01 21:34:09 DEBUG:    EVENT NUM 950   current_time = 00:13:50   ARRIVAL_POD_WST       [queue size = 21]
2026-07-01 21:34:09 DEBUG: Pod 254 arrived at workstation 0 - status = IDLE
2026-07-01 21:34:09 DEBUG: Pod queued at workstation.    [picking_buffer = {92: 830.7679040513722}]
2026-07-01 21:34:09 DEBUG:    EVENT NUM 951   current_time = 00:13:50   START_PICKING         [queue size = 21]
2026-07-01 21:34:09 DEBUG: Processing task 92 at workstation 0: picking items {8670} for orders {77}
2026-07-01 21:34:09 DEBUG:    EVENT NUM 952   current_time = 00:13:52   RETURN_POD            [queue size = 21]
2026-07-01 21:34:09 DEBUG: Pod 405 returned. Robot 15 idle.   [idle robots = 1/20, released tasks = 39]
2026-07-01 21:34:09 DEBUG:    EVENT NUM 953   current_time = 00:13:52   START_TASK            [queue size = 21]
2026-07-01 21:34:09 DEBUG: Task 98 started: robot 15 → pod 493 → workstation 0 for orders {56} (arrival = 907.9 s).   [idle robots = 0/20]
2026-07-01 21:34:09 DEBUG:    EVENT NUM 954   current_time = 00:13:55   ARRIVAL_ORDER         [queue size = 21]
2026-07-01 21:34:09 DEBUG: Order 266 arrived: items_required = [4594].     [orders_in_system = 225]
2026-07-01 21:34:09 DEBUG:    EVENT NUM 955   current_time = 00:13:58   ARRIVAL_POD_WST       [queue size = 21]
2026-07-01 21:34:09 DEBUG: Pod 244 arrived at workstation 1 - status = IDLE
2026-07-01 21:34:09 DEBUG: Pod queued at workstation.    [picking_buffer = {96: 838.5739509389707}]
2026-07-01 21:34:09 DEBUG:    EVENT NUM 956   current_time = 00:13:58   START_PICKING         [queue size = 21]
2026-07-01 21:34:09 DEBUG: Processing task 96 at workstation 1: picking items {8172} for orders {82}
2026-07-01 21:34:09 DEBUG:    EVENT NUM 957   current_time = 00:14:00   ARRIVAL_ORDER         [queue size = 21]
2026-07-01 21:34:09 DEBUG: Order 267 arrived: items_required = [5841].     [orders_in_system = 226]
2026-07-01 21:34:09 DEBUG:    EVENT NUM 958   current_time = 00:14:00   END_PICKING           [queue size = 21]
2026-07-01 21:34:09 DEBUG: Ended picking at workstation 2.    [picking_buffer len = {}]
2026-07-01 21:34:09 DEBUG: Task should have served orders {15}, found open orders {41, 15, 87, 93}.
2026-07-01 21:34:09 DEBUG: Task 111 completed: pod 307 returning to storage.
2026-07-01 21:34:09 DEBUG:    EVENT NUM 959   current_time = 00:14:00   END_PICKING           [queue size = 21]
2026-07-01 21:34:09 DEBUG: Ended picking at workstation 0.    [picking_buffer len = {}]
2026-07-01 21:34:09 DEBUG: Task should have served orders {77}, found open orders {36, 42, 77, 85}.
2026-07-01 21:34:09 DEBUG: Task 92 completed: pod 254 returning to storage.
2026-07-01 21:34:09 DEBUG:    EVENT NUM 960   current_time = 00:14:00   CLOSE_ORDER           [queue size = 22]
2026-07-01 21:34:09 DEBUG: Order 77 closed at workstation 0: flow_time = 840.8 s.     [order_buffer = 1] [open_orders = 3/4]
2026-07-01 21:34:09 DEBUG: Next order in buffer: 56
2026-07-01 21:34:09 DEBUG:    EVENT NUM 961   current_time = 00:14:00   OPEN_ORDER            [queue size = 22]
2026-07-01 21:34:09 DEBUG: Order 56 (skus required = {5120, 2291}) opened at workstation 0.   [open_orders = 4/4]
2026-07-01 21:34:09 DEBUG:    EVENT NUM 962   current_time = 00:14:00   START_TASK            [queue size = 22]
2026-07-01 21:34:09 DEBUG: Task 99 blocked: no idle robots.
2026-07-01 21:34:09 DEBUG:    EVENT NUM 963   current_time = 00:14:04   ARRIVAL_POD_WST       [queue size = 21]
2026-07-01 21:34:09 DEBUG: Pod 40 arrived at workstation 1 - status = BUSY
2026-07-01 21:34:09 DEBUG: Pod queued at workstation.    [picking_buffer = {101: 844.5471225007798}]
2026-07-01 21:34:09 DEBUG:    EVENT NUM 964   current_time = 00:14:05   ARRIVAL_ORDER         [queue size = 20]
2026-07-01 21:34:09 DEBUG: Order 268 arrived: items_required = [2980].     [orders_in_system = 226]
2026-07-01 21:34:09 DEBUG:    EVENT NUM 965   current_time = 00:14:08   END_PICKING           [queue size = 20]
2026-07-01 21:34:09 DEBUG: Ended picking at workstation 1.    [picking_buffer len = {101: 844.5471225007798}]
2026-07-01 21:34:09 DEBUG: Task should have served orders {82}, found open orders {99, 73, 82, 26}.
2026-07-01 21:34:09 DEBUG: Task 96 completed: pod 244 returning to storage.
2026-07-01 21:34:09 DEBUG:    EVENT NUM 966   current_time = 00:14:08   CLOSE_ORDER           [queue size = 22]
2026-07-01 21:34:09 DEBUG: Order 82 closed at workstation 1: flow_time = 848.6 s.     [order_buffer = 7] [open_orders = 3/4]
2026-07-01 21:34:09 DEBUG: Next order in buffer: 63
2026-07-01 21:34:09 DEBUG:    EVENT NUM 967   current_time = 00:14:08   START_PICKING         [queue size = 22]
2026-07-01 21:34:09 DEBUG: Processing task 101 at workstation 1: picking items {5319} for orders {73}
2026-07-01 21:34:09 DEBUG:    EVENT NUM 968   current_time = 00:14:08   OPEN_ORDER            [queue size = 22]
2026-07-01 21:34:09 DEBUG: Order 63 (skus required = {6685}) opened at workstation 1.   [open_orders = 4/4]
2026-07-01 21:34:09 DEBUG:    EVENT NUM 969   current_time = 00:14:08   START_TASK            [queue size = 22]
2026-07-01 21:34:09 DEBUG: Task 99 blocked: no idle robots.
2026-07-01 21:34:09 DEBUG:    EVENT NUM 970   current_time = 00:14:10   ARRIVAL_ORDER         [queue size = 21]
2026-07-01 21:34:09 DEBUG: Order 269 arrived: items_required = [4445, 5037].     [orders_in_system = 226]
2026-07-01 21:34:09 DEBUG:    EVENT NUM 971   current_time = 00:14:14   RETURN_POD            [queue size = 21]
2026-07-01 21:34:09 DEBUG: Pod 282 returned. Robot 14 idle.   [idle robots = 1/20, released tasks = 38]
2026-07-01 21:34:09 DEBUG:    EVENT NUM 972   current_time = 00:14:14   START_TASK            [queue size = 21]
2026-07-01 21:34:09 DEBUG: Task 99 started: robot 14 → pod 223 → workstation 0 for orders {56} (arrival = 986.4 s).   [idle robots = 0/20]
2026-07-01 21:34:09 DEBUG:    EVENT NUM 973   current_time = 00:14:15   ARRIVAL_ORDER         [queue size = 21]
2026-07-01 21:34:09 DEBUG: Order 270 arrived: items_required = [7980, 3869].     [orders_in_system = 227]
2026-07-01 21:34:09 DEBUG:    EVENT NUM 974   current_time = 00:14:18   ARRIVAL_POD_WST       [queue size = 21]
2026-07-01 21:34:09 DEBUG: Pod 400 arrived at workstation 2 - status = IDLE
2026-07-01 21:34:09 DEBUG: Pod queued at workstation.    [picking_buffer = {110: 858.4774796271194}]
2026-07-01 21:34:09 DEBUG:    EVENT NUM 975   current_time = 00:14:18   START_PICKING         [queue size = 21]
2026-07-01 21:34:09 DEBUG: Processing task 110 at workstation 2: picking items {6447} for orders {93}
2026-07-01 21:34:09 DEBUG:    EVENT NUM 976   current_time = 00:14:18   END_PICKING           [queue size = 21]
2026-07-01 21:34:09 DEBUG: Ended picking at workstation 1.    [picking_buffer len = {}]
2026-07-01 21:34:09 DEBUG: Task should have served orders {73}, found open orders {99, 73, 26, 63}.
2026-07-01 21:34:09 DEBUG: Task 101 completed: pod 40 returning to storage.
2026-07-01 21:34:09 DEBUG:    EVENT NUM 977   current_time = 00:14:18   CLOSE_ORDER           [queue size = 22]
2026-07-01 21:34:09 DEBUG: Order 73 closed at workstation 1: flow_time = 858.6 s.     [order_buffer = 6] [open_orders = 3/4]
2026-07-01 21:34:09 DEBUG: Next order in buffer: 54
2026-07-01 21:34:09 DEBUG:    EVENT NUM 978   current_time = 00:14:18   OPEN_ORDER            [queue size = 22]
2026-07-01 21:34:09 DEBUG: Order 54 (skus required = {3065, 2506, 1838, 7481}) opened at workstation 1.   [open_orders = 4/4]
2026-07-01 21:34:09 DEBUG:    EVENT NUM 979   current_time = 00:14:18   START_TASK            [queue size = 22]
2026-07-01 21:34:09 DEBUG: Task 104 blocked: no idle robots.
2026-07-01 21:34:09 DEBUG:    EVENT NUM 980   current_time = 00:14:20   ARRIVAL_ORDER         [queue size = 21]
2026-07-01 21:34:09 DEBUG: Order 271 arrived: items_required = [2764].     [orders_in_system = 227]
2026-07-01 21:34:09 DEBUG:    EVENT NUM 981   current_time = 00:14:20   ARRIVAL_POD_WST       [queue size = 21]
2026-07-01 21:34:09 DEBUG: Pod 352 arrived at workstation 0 - status = IDLE
2026-07-01 21:34:09 DEBUG: Pod queued at workstation.    [picking_buffer = {97: 860.5214991123976}]
2026-07-01 21:34:09 DEBUG:    EVENT NUM 982   current_time = 00:14:20   START_PICKING         [queue size = 21]
2026-07-01 21:34:09 DEBUG: Processing task 97 at workstation 0: picking items {5851} for orders {36}
2026-07-01 21:34:09 DEBUG:    EVENT NUM 983   current_time = 00:14:23   ARRIVAL_POD_WST       [queue size = 21]
2026-07-01 21:34:09 DEBUG: Pod 569 arrived at workstation 1 - status = IDLE
2026-07-01 21:34:09 DEBUG: Pod queued at workstation.    [picking_buffer = {102: 863.768210622326}]
2026-07-01 21:34:09 DEBUG:    EVENT NUM 984   current_time = 00:14:23   START_PICKING         [queue size = 21]
2026-07-01 21:34:09 DEBUG: Processing task 102 at workstation 1: picking items {1640} for orders {26}
2026-07-01 21:34:09 DEBUG:    EVENT NUM 985   current_time = 00:14:25   ARRIVAL_ORDER         [queue size = 21]
2026-07-01 21:34:09 DEBUG: Order 272 arrived: items_required = [6130].     [orders_in_system = 228]
2026-07-01 21:34:09 DEBUG:    EVENT NUM 986   current_time = 00:14:28   END_PICKING           [queue size = 21]
2026-07-01 21:34:09 DEBUG: Ended picking at workstation 2.    [picking_buffer len = {}]
2026-07-01 21:34:09 DEBUG: Task should have served orders {93}, found open orders {41, 15, 87, 93}.
2026-07-01 21:34:09 DEBUG: Task 110 completed: pod 400 returning to storage.
2026-07-01 21:34:09 DEBUG:    EVENT NUM 987   current_time = 00:14:28   CLOSE_ORDER           [queue size = 22]
2026-07-01 21:34:09 DEBUG: Order 93 closed at workstation 2: flow_time = 868.5 s.     [order_buffer = 4] [open_orders = 3/4]
2026-07-01 21:34:09 DEBUG: Next order in buffer: 5
2026-07-01 21:34:09 DEBUG:    EVENT NUM 988   current_time = 00:14:28   OPEN_ORDER            [queue size = 22]
2026-07-01 21:34:09 DEBUG: Order 5 (skus required = {5454, 5375}) opened at workstation 2.   [open_orders = 4/4]
2026-07-01 21:34:09 DEBUG:    EVENT NUM 989   current_time = 00:14:28   START_TASK            [queue size = 22]
2026-07-01 21:34:09 DEBUG: Task 104 blocked: no idle robots.
2026-07-01 21:34:09 DEBUG:    EVENT NUM 990   current_time = 00:14:28   RETURN_POD            [queue size = 21]
2026-07-01 21:34:09 DEBUG: Pod 525 returned. Robot 8 idle.   [idle robots = 1/20, released tasks = 37]
2026-07-01 21:34:09 DEBUG:    EVENT NUM 991   current_time = 00:14:28   START_TASK            [queue size = 21]
2026-07-01 21:34:09 DEBUG: Task 104 started: robot 8 → pod 427 → workstation 1 for orders {54} (arrival = 949.6 s).   [idle robots = 0/20]
2026-07-01 21:34:09 DEBUG:    EVENT NUM 992   current_time = 00:14:30   ARRIVAL_ORDER         [queue size = 21]
2026-07-01 21:34:09 DEBUG: Order 273 arrived: items_required = [7533].     [orders_in_system = 228]
2026-07-01 21:34:09 DEBUG:    EVENT NUM 993   current_time = 00:14:30   END_PICKING           [queue size = 21]
2026-07-01 21:34:09 DEBUG: Ended picking at workstation 0.    [picking_buffer len = {}]
2026-07-01 21:34:09 DEBUG: Task should have served orders {36}, found open orders {36, 42, 85, 56}.
2026-07-01 21:34:09 DEBUG: Task 97 completed: pod 352 returning to storage.
2026-07-01 21:34:09 DEBUG:    EVENT NUM 994   current_time = 00:14:30   CLOSE_ORDER           [queue size = 22]
2026-07-01 21:34:09 DEBUG: Order 36 closed at workstation 0: flow_time = 870.5 s.     [order_buffer = 0] [open_orders = 3/4]
2026-07-01 21:34:09 DEBUG:    EVENT NUM 995   current_time = 00:14:32   ARRIVAL_POD_WST       [queue size = 21]
2026-07-01 21:34:09 DEBUG: Pod 262 arrived at workstation 1 - status = BUSY
2026-07-01 21:34:09 DEBUG: Pod queued at workstation.    [picking_buffer = {103: 872.479272725704}]
2026-07-01 21:34:09 DEBUG:    EVENT NUM 996   current_time = 00:14:33   END_PICKING           [queue size = 20]
2026-07-01 21:34:09 DEBUG: Ended picking at workstation 1.    [picking_buffer len = {103: 872.479272725704}]
2026-07-01 21:34:09 DEBUG: Task should have served orders {26}, found open orders {99, 54, 26, 63}.
2026-07-01 21:34:09 DEBUG: Task 102 completed: pod 569 returning to storage.
2026-07-01 21:34:09 DEBUG:    EVENT NUM 997   current_time = 00:14:33   CLOSE_ORDER           [queue size = 22]
2026-07-01 21:34:09 DEBUG: Order 26 closed at workstation 1: flow_time = 873.8 s.     [order_buffer = 5] [open_orders = 3/4]
2026-07-01 21:34:09 DEBUG: Next order in buffer: 58
2026-07-01 21:34:09 DEBUG:    EVENT NUM 998   current_time = 00:14:33   START_PICKING         [queue size = 22]
2026-07-01 21:34:09 DEBUG: Processing task 103 at workstation 1: picking items {6685} for orders {63}
2026-07-01 21:34:09 DEBUG:    EVENT NUM 999   current_time = 00:14:33   OPEN_ORDER            [queue size = 22]
2026-07-01 21:34:09 DEBUG: Order 58 (skus required = {5385, 5719}) opened at workstation 1.   [open_orders = 4/4]
2026-07-01 21:34:09 DEBUG:    EVENT NUM 1000  current_time = 00:14:33   START_TASK            [queue size = 22]
2026-07-01 21:34:09 DEBUG: Task 105 blocked: no idle robots.
2026-07-01 21:34:09 DEBUG:    EVENT NUM 1001  current_time = 00:14:35   ARRIVAL_ORDER         [queue size = 21]
2026-07-01 21:34:09 DEBUG: Order 274 arrived: items_required = [3360].     [orders_in_system = 227]
2026-07-01 21:34:09 DEBUG:    EVENT NUM 1002  current_time = 00:14:40   ARRIVAL_ORDER         [queue size = 21]
2026-07-01 21:34:09 DEBUG: Order 275 arrived: items_required = [5492, 8653, 4598].     [orders_in_system = 228]
2026-07-01 21:34:09 DEBUG:    EVENT NUM 1003  current_time = 00:14:40   RETURN_POD            [queue size = 21]
2026-07-01 21:34:09 DEBUG: Pod 249 returned. Robot 19 idle.   [idle robots = 1/20, released tasks = 36]
2026-07-01 21:34:09 DEBUG:    EVENT NUM 1004  current_time = 00:14:40   START_TASK            [queue size = 21]
2026-07-01 21:34:09 DEBUG: Task 105 started: robot 19 → pod 138 → workstation 1 for orders {54} (arrival = 956.7 s).   [idle robots = 0/20]
2026-07-01 21:34:09 DEBUG:    EVENT NUM 1005  current_time = 00:14:41   ARRIVAL_POD_WST       [queue size = 21]
2026-07-01 21:34:09 DEBUG: Pod 401 arrived at workstation 1 - status = BUSY
2026-07-01 21:34:09 DEBUG: Pod queued at workstation.    [picking_buffer = {100: 881.2082337685681}]
2026-07-01 21:34:09 DEBUG:    EVENT NUM 1006  current_time = 00:14:43   END_PICKING           [queue size = 20]
2026-07-01 21:34:09 DEBUG: Ended picking at workstation 1.    [picking_buffer len = {100: 881.2082337685681}]
2026-07-01 21:34:09 DEBUG: Task should have served orders {63}, found open orders {99, 54, 58, 63}.
2026-07-01 21:34:09 DEBUG: Task 103 completed: pod 262 returning to storage.
2026-07-01 21:34:09 DEBUG:    EVENT NUM 1007  current_time = 00:14:43   CLOSE_ORDER           [queue size = 22]
2026-07-01 21:34:09 DEBUG: Order 63 closed at workstation 1: flow_time = 883.8 s.     [order_buffer = 4] [open_orders = 3/4]
2026-07-01 21:34:09 DEBUG: Next order in buffer: 61
2026-07-01 21:34:09 DEBUG:    EVENT NUM 1008  current_time = 00:14:43   START_PICKING         [queue size = 22]
2026-07-01 21:34:09 DEBUG: Processing task 100 at workstation 1: picking items {7930} for orders {99}
2026-07-01 21:34:09 DEBUG:    EVENT NUM 1009  current_time = 00:14:43   OPEN_ORDER            [queue size = 22]
2026-07-01 21:34:09 DEBUG: Order 61 (skus required = {6423, 6759}) opened at workstation 1.   [open_orders = 4/4]
2026-07-01 21:34:09 DEBUG:    EVENT NUM 1010  current_time = 00:14:43   START_TASK            [queue size = 22]
2026-07-01 21:34:09 DEBUG: Task 106 blocked: no idle robots.
2026-07-01 21:34:09 DEBUG:    EVENT NUM 1011  current_time = 00:14:45   ARRIVAL_ORDER         [queue size = 21]
2026-07-01 21:34:09 DEBUG: Order 276 arrived: items_required = [4449].     [orders_in_system = 228]
2026-07-01 21:34:09 DEBUG:    EVENT NUM 1012  current_time = 00:14:50   ARRIVAL_ORDER         [queue size = 21]
2026-07-01 21:34:09 DEBUG: Order 277 arrived: items_required = [6569].     [orders_in_system = 229]
2026-07-01 21:34:09 DEBUG:    EVENT NUM 1013  current_time = 00:14:53   END_PICKING           [queue size = 21]
2026-07-01 21:34:09 DEBUG: Ended picking at workstation 1.    [picking_buffer len = {}]
2026-07-01 21:34:09 DEBUG: Task should have served orders {99}, found open orders {99, 54, 58, 61}.
2026-07-01 21:34:09 DEBUG: Task 100 completed: pod 401 returning to storage.
2026-07-01 21:34:09 DEBUG:    EVENT NUM 1014  current_time = 00:14:53   CLOSE_ORDER           [queue size = 22]
2026-07-01 21:34:09 DEBUG: Order 99 closed at workstation 1: flow_time = 893.8 s.     [order_buffer = 3] [open_orders = 3/4]
2026-07-01 21:34:09 DEBUG: Next order in buffer: 34
2026-07-01 21:34:09 DEBUG:    EVENT NUM 1015  current_time = 00:14:53   OPEN_ORDER            [queue size = 22]
2026-07-01 21:34:09 DEBUG: Order 34 (skus required = {2809, 4468}) opened at workstation 1.   [open_orders = 4/4]
2026-07-01 21:34:09 DEBUG:    EVENT NUM 1016  current_time = 00:14:53   START_TASK            [queue size = 22]
2026-07-01 21:34:09 DEBUG: Task 106 blocked: no idle robots.
2026-07-01 21:34:09 DEBUG:    EVENT NUM 1017  current_time = 00:14:54   ARRIVAL_POD_WST       [queue size = 21]
2026-07-01 21:34:09 DEBUG: Pod 155 arrived at workstation 2 - status = IDLE
2026-07-01 21:34:09 DEBUG: Pod queued at workstation.    [picking_buffer = {113: 894.0514457361799}]
2026-07-01 21:34:09 DEBUG:    EVENT NUM 1018  current_time = 00:14:54   START_PICKING         [queue size = 21]
2026-07-01 21:34:09 DEBUG: Processing task 113 at workstation 2: picking items {7543} for orders {15}
2026-07-01 21:34:09 DEBUG:    EVENT NUM 1019  current_time = 00:14:55   ARRIVAL_ORDER         [queue size = 21]
2026-07-01 21:34:09 DEBUG: Order 278 arrived: items_required = [8072, 7488, 6903, 5445].     [orders_in_system = 229]
2026-07-01 21:34:09 DEBUG:    EVENT NUM 1020  current_time = 00:15:00   ARRIVAL_ORDER         [queue size = 21]
2026-07-01 21:34:09 DEBUG: Order 279 arrived: items_required = [5586].     [orders_in_system = 230]
2026-07-01 21:34:09 DEBUG:    EVENT NUM 1021  current_time = 00:15:01   RUN_OPTIMIZER         [queue size = 21]
2026-07-01 21:34:09 INFO: Solving stage 1 ... 
2026-07-01 21:34:09 INFO: 
[ls_stage1] Building initial solution ...
2026-07-01 21:34:09 INFO: [ls_stage1] Feasible initial solution: obj = 387.0000
2026-07-01 21:34:13 INFO: [ls_stage1] Iter 1: Improved with move ('swap', 100, 189) → 384.0000
2026-07-01 21:34:18 INFO: [ls_stage1] Iter 2: Improved with move ('swap', 199, 222) → 382.0000
2026-07-01 21:34:22 INFO: [ls_stage1] Iter 3: Improved with move ('swap', 105, 129) → 380.0000
2026-07-01 21:34:26 INFO: [ls_stage1] Iter 4: Improved with move ('swap', 114, 213) → 378.0000
2026-07-01 21:34:31 INFO: [ls_stage1] Iter 5: Improved with move ('swap', 145, 156) → 376.0000
2026-07-01 21:34:35 INFO: [ls_stage1] Iter 6: Improved with move ('swap', 69, 209) → 374.0000
2026-07-01 21:34:40 INFO: [ls_stage1] Iter 7: Improved with move ('swap', 75, 78) → 371.0000
2026-07-01 21:34:44 INFO: [ls_stage1] Iter 8: Improved with move ('swap', 23, 29) → 369.0000
2026-07-01 21:34:48 INFO: [ls_stage1] Iter 9: Improved with move ('swap', 151, 154) → 367.0000
2026-07-01 21:34:53 INFO: [ls_stage1] Iter 10: Improved with move ('swap', 79, 176) → 365.0000
2026-07-01 21:34:57 INFO: [ls_stage1] Iter 11: Improved with move ('swap', 124, 201) → 364.0000
2026-07-01 21:35:02 INFO: [ls_stage1] Iter 12: Improved with move ('moveto', 115, 2) → 363.0000
2026-07-01 21:35:06 INFO: [ls_stage1] Iter 13: Improved with move ('swap', 26, 28) → 362.0000
2026-07-01 21:35:10 INFO: [ls_stage1] Iter 14: Improved with move ('swap', 212, 215) → 361.0000
2026-07-01 21:35:15 INFO: [ls_stage1] Iter 15: Improved with move ('moveto', 93, 2) → 360.0000
2026-07-01 21:35:19 INFO: [ls_stage1] Iter 16: Improved with move ('swap', 85, 210) → 359.0000
2026-07-01 21:35:23 INFO: [ls_stage1] Iter 17: Improved with move ('swap', 25, 137) → 358.0000
2026-07-01 21:35:28 INFO: [ls_stage1] Iter 18: Improved with move ('swap', 155, 220) → 357.0000
2026-07-01 21:35:32 INFO: [ls_stage1] Iter 19: Improved with move ('swap', 162, 174) → 356.0000
2026-07-01 21:35:37 INFO: [ls_stage1] Iter 20: Improved with move ('swap', 107, 164) → 355.0000
2026-07-01 21:35:41 INFO: [ls_stage1] Iter 21: Improved with move ('swap', 55, 71) → 354.0000
2026-07-01 21:35:45 INFO: [ls_stage1] Iter 22: Improved with move ('swap', 21, 173) → 353.0000
2026-07-01 21:35:50 INFO: [ls_stage1] Iter 23: Improved with move ('swap', 49, 164) → 352.0000
2026-07-01 21:35:54 INFO: [ls_stage1] Iter 24: Improved with move ('swap', 46, 159) → 351.0000
2026-07-01 21:35:58 INFO: [ls_stage1] Iter 25: Improved with move ('swap', 22, 23) → 350.0000
2026-07-01 21:36:03 INFO: [ls_stage1] Iter 26: Improved with move ('swap', 172, 203) → 349.0000
2026-07-01 21:36:07 INFO: [ls_stage1] Iter 27: Improved with move ('swap', 136, 146) → 348.0000
2026-07-01 21:36:12 INFO: [ls_stage1] Iter 28: No improvement
2026-07-01 21:36:16 INFO: [ls_stage1] Iter 29: Improved with move ('swap', 65, 100) → 347.0000
2026-07-01 21:36:20 INFO: [ls_stage1] Iter 30: No improvement
2026-07-01 21:36:25 INFO: [ls_stage1] Iter 31: Improved with move ('swap', 186, 210) → 346.0000
2026-07-01 21:36:29 INFO: [ls_stage1] Iter 32: No improvement
2026-07-01 21:36:34 INFO: [ls_stage1] Iter 33: Improved with move ('swap', 30, 136) → 345.0000
2026-07-01 21:36:38 INFO: [ls_stage1] Iter 34: No improvement
2026-07-01 21:36:42 INFO: [ls_stage1] Iter 35: No improvement
2026-07-01 21:36:47 INFO: [ls_stage1] Converged after 3 iters without improvement
2026-07-01 21:36:47 INFO: Stage 1 solved.
2026-07-01 21:36:47 INFO: Solving stage 2 ... 
2026-07-01 21:36:47 INFO: [ls_stage2] Building initial solution ...
2026-07-01 21:45:40 INFO: [ls_stage2] violated = ['EC13'] (attempt 1/10)
2026-07-01 21:54:20 INFO: [ls_stage2] violated = ['EC13'] (attempt 2/10)
2026-07-01 22:03:13 INFO: [ls_stage2] violated = ['EC13'] (attempt 3/10)
2026-07-01 22:11:19 INFO: [ls_stage2] violated = ['EC13'] (attempt 4/10)
2026-07-01 22:19:26 INFO: [ls_stage2] violated = ['EC13'] (attempt 5/10)
2026-07-01 22:27:36 INFO: [ls_stage2] violated = ['EC13'] (attempt 6/10)
2026-07-01 22:35:42 INFO: [ls_stage2] violated = ['EC13'] (attempt 7/10)
2026-07-01 22:43:44 INFO: [ls_stage2] violated = ['EC13'] (attempt 8/10)
2026-07-01 22:52:18 INFO: [ls_stage2] violated = ['EC13'] (attempt 9/10)
2026-07-01 23:00:21 INFO: [ls_stage2] violated = ['EC13'] (attempt 10/10)
2026-07-01 23:00:21 ERROR: [ls_stage2] Failed to find a feasible initial solution after 10 attempts.
